time,event,index,type
15777.814217,v4l2_qbuf,0,VIDEO_OUTPUT_MPLANE
15777.814230,v4l2_qbuf,0,VIDEO_CAPTURE_MPLANE
15777.814701,v4l2_qbuf,1,VIDEO_OUTPUT_MPLANE
15777.814708,v4l2_qbuf,1,VIDEO_CAPTURE_MPLANE
15777.814951,v4l2_qbuf,2,VIDEO_OUTPUT_MPLANE
15777.814958,v4l2_qbuf,2,VIDEO_CAPTURE_MPLANE
15777.815274,v4l2_qbuf,3,VIDEO_OUTPUT_MPLANE
15777.815280,v4l2_qbuf,3,VIDEO_CAPTURE_MPLANE
15777.815517,v4l2_qbuf,4,VIDEO_OUTPUT_MPLANE
15777.815526,v4l2_qbuf,4,VIDEO_CAPTURE_MPLANE
15777.815794,v4l2_qbuf,5,VIDEO_OUTPUT_MPLANE
15777.815801,v4l2_qbuf,5,VIDEO_CAPTURE_MPLANE
15777.816070,v4l2_qbuf,6,VIDEO_OUTPUT_MPLANE
15777.816079,v4l2_qbuf,6,VIDEO_CAPTURE_MPLANE
15777.816355,v4l2_qbuf,7,VIDEO_OUTPUT_MPLANE
15777.816367,v4l2_qbuf,7,VIDEO_CAPTURE_MPLANE
15777.816392,v4l2_dqbuf,0,VIDEO_CAPTURE_MPLANE
15777.816514,v4l2_dqbuf,0,VIDEO_OUTPUT_MPLANE
15777.820122,v4l2_dqbuf,1,VIDEO_CAPTURE_MPLANE
15777.820148,v4l2_dqbuf,1,VIDEO_OUTPUT_MPLANE
15777.821799,v4l2_dqbuf,2,VIDEO_CAPTURE_MPLANE
15777.821842,v4l2_dqbuf,2,VIDEO_OUTPUT_MPLANE
15777.825840,v4l2_dqbuf,3,VIDEO_CAPTURE_MPLANE
15777.826146,v4l2_dqbuf,3,VIDEO_OUTPUT_MPLANE
15777.828528,v4l2_dqbuf,4,VIDEO_CAPTURE_MPLANE
15777.828932,v4l2_dqbuf,4,VIDEO_OUTPUT_MPLANE
15777.830857,v4l2_dqbuf,5,VIDEO_CAPTURE_MPLANE
15777.830883,v4l2_dqbuf,5,VIDEO_OUTPUT_MPLANE
15777.834452,v4l2_dqbuf,6,VIDEO_CAPTURE_MPLANE
15777.834528,v4l2_dqbuf,6,VIDEO_OUTPUT_MPLANE
15777.837598,v4l2_dqbuf,7,VIDEO_CAPTURE_MPLANE
15777.837674,v4l2_dqbuf,7,VIDEO_OUTPUT_MPLANE
15777.843632,v4l2_qbuf,0,VIDEO_OUTPUT_MPLANE
15777.843656,v4l2_qbuf,0,VIDEO_CAPTURE_MPLANE
15777.847366,v4l2_dqbuf,0,VIDEO_CAPTURE_MPLANE
15777.847377,v4l2_dqbuf,0,VIDEO_OUTPUT_MPLANE
15777.859882,v4l2_qbuf,0,VIDEO_OUTPUT_MPLANE
15777.859902,v4l2_qbuf,3,VIDEO_CAPTURE_MPLANE
15777.862214,v4l2_dqbuf,3,VIDEO_CAPTURE_MPLANE
15777.862227,v4l2_dqbuf,0,VIDEO_OUTPUT_MPLANE
15777.879711,v4l2_qbuf,0,VIDEO_OUTPUT_MPLANE
15777.879727,v4l2_qbuf,2,VIDEO_CAPTURE_MPLANE
15777.882986,v4l2_dqbuf,2,VIDEO_CAPTURE_MPLANE
15777.883049,v4l2_dqbuf,0,VIDEO_OUTPUT_MPLANE
15777.896151,v4l2_qbuf,0,VIDEO_OUTPUT_MPLANE
15777.896167,v4l2_qbuf,4,VIDEO_CAPTURE_MPLANE
15777.899537,v4l2_dqbuf,4,VIDEO_CAPTURE_MPLANE
15777.899601,v4l2_dqbuf,0,VIDEO_OUTPUT_MPLANE
15777.912896,v4l2_qbuf,0,VIDEO_OUTPUT_MPLANE
15777.912912,v4l2_qbuf,1,VIDEO_CAPTURE_MPLANE
15777.916035,v4l2_dqbuf,1,VIDEO_CAPTURE_MPLANE
15777.916045,v4l2_dqbuf,0,VIDEO_OUTPUT_MPLANE
15777.929599,v4l2_qbuf,0,VIDEO_OUTPUT_MPLANE
15777.929621,v4l2_qbuf,7,VIDEO_CAPTURE_MPLANE
15777.932469,v4l2_dqbuf,7,VIDEO_CAPTURE_MPLANE
15777.932488,v4l2_dqbuf,0,VIDEO_OUTPUT_MPLANE
15777.946548,v4l2_qbuf,0,VIDEO_OUTPUT_MPLANE
15777.946568,v4l2_qbuf,6,VIDEO_CAPTURE_MPLANE
15777.949649,v4l2_dqbuf,6,VIDEO_CAPTURE_MPLANE
15777.949660,v4l2_dqbuf,0,VIDEO_OUTPUT_MPLANE
15777.963183,v4l2_qbuf,0,VIDEO_OUTPUT_MPLANE
15777.963206,v4l2_qbuf,0,VIDEO_CAPTURE_MPLANE
15777.966497,v4l2_dqbuf,0,VIDEO_CAPTURE_MPLANE
15777.966597,v4l2_dqbuf,0,VIDEO_OUTPUT_MPLANE
15777.979787,v4l2_qbuf,0,VIDEO_OUTPUT_MPLANE
15777.979808,v4l2_qbuf,5,VIDEO_CAPTURE_MPLANE
15777.982998,v4l2_dqbuf,5,VIDEO_CAPTURE_MPLANE
15777.983019,v4l2_dqbuf,0,VIDEO_OUTPUT_MPLANE
15777.996536,v4l2_qbuf,0,VIDEO_OUTPUT_MPLANE
15777.996553,v4l2_qbuf,4,VIDEO_CAPTURE_MPLANE
15777.998814,v4l2_dqbuf,4,VIDEO_CAPTURE_MPLANE
15777.998826,v4l2_dqbuf,0,VIDEO_OUTPUT_MPLANE
15778.013458,v4l2_qbuf,0,VIDEO_OUTPUT_MPLANE
15778.013481,v4l2_qbuf,2,VIDEO_CAPTURE_MPLANE
15778.018092,v4l2_dqbuf,2,VIDEO_CAPTURE_MPLANE
15778.018116,v4l2_dqbuf,0,VIDEO_OUTPUT_MPLANE
15778.030079,v4l2_qbuf,0,VIDEO_OUTPUT_MPLANE
15778.030101,v4l2_qbuf,1,VIDEO_CAPTURE_MPLANE
15778.033338,v4l2_dqbuf,1,VIDEO_CAPTURE_MPLANE
15778.033503,v4l2_dqbuf,0,VIDEO_OUTPUT_MPLANE
15778.046705,v4l2_qbuf,0,VIDEO_OUTPUT_MPLANE
15778.046726,v4l2_qbuf,3,VIDEO_CAPTURE_MPLANE
15778.049748,v4l2_dqbuf,3,VIDEO_CAPTURE_MPLANE
15778.049761,v4l2_dqbuf,0,VIDEO_OUTPUT_MPLANE
15778.063661,v4l2_qbuf,0,VIDEO_OUTPUT_MPLANE
15778.063708,v4l2_qbuf,0,VIDEO_CAPTURE_MPLANE
15778.065994,v4l2_dqbuf,0,VIDEO_CAPTURE_MPLANE
15778.066032,v4l2_dqbuf,0,VIDEO_OUTPUT_MPLANE
15778.079749,v4l2_qbuf,0,VIDEO_OUTPUT_MPLANE
15778.079785,v4l2_qbuf,6,VIDEO_CAPTURE_MPLANE
15778.082985,v4l2_dqbuf,6,VIDEO_CAPTURE_MPLANE
15778.083005,v4l2_dqbuf,0,VIDEO_OUTPUT_MPLANE
15778.096272,v4l2_qbuf,0,VIDEO_OUTPUT_MPLANE
15778.096293,v4l2_qbuf,5,VIDEO_CAPTURE_MPLANE
15778.099519,v4l2_dqbuf,5,VIDEO_CAPTURE_MPLANE
15778.099605,v4l2_dqbuf,0,VIDEO_OUTPUT_MPLANE
15778.113213,v4l2_qbuf,0,VIDEO_OUTPUT_MPLANE
15778.113233,v4l2_qbuf,7,VIDEO_CAPTURE_MPLANE
15778.117401,v4l2_dqbuf,7,VIDEO_CAPTURE_MPLANE
15778.117421,v4l2_dqbuf,0,VIDEO_OUTPUT_MPLANE
15778.129672,v4l2_qbuf,0,VIDEO_OUTPUT_MPLANE
15778.129694,v4l2_qbuf,1,VIDEO_CAPTURE_MPLANE
15778.132449,v4l2_dqbuf,1,VIDEO_CAPTURE_MPLANE
15778.132470,v4l2_dqbuf,0,VIDEO_OUTPUT_MPLANE
15778.146830,v4l2_qbuf,0,VIDEO_OUTPUT_MPLANE
15778.146849,v4l2_qbuf,2,VIDEO_CAPTURE_MPLANE
15778.149850,v4l2_dqbuf,2,VIDEO_CAPTURE_MPLANE
15778.149862,v4l2_dqbuf,0,VIDEO_OUTPUT_MPLANE
15778.163066,v4l2_qbuf,0,VIDEO_OUTPUT_MPLANE
15778.163088,v4l2_qbuf,3,VIDEO_CAPTURE_MPLANE
15778.166238,v4l2_dqbuf,3,VIDEO_CAPTURE_MPLANE
15778.166308,v4l2_dqbuf,0,VIDEO_OUTPUT_MPLANE
15778.179824,v4l2_qbuf,0,VIDEO_OUTPUT_MPLANE
15778.179861,v4l2_qbuf,4,VIDEO_CAPTURE_MPLANE
15778.182944,v4l2_dqbuf,4,VIDEO_CAPTURE_MPLANE
15778.182966,v4l2_dqbuf,0,VIDEO_OUTPUT_MPLANE
15778.196465,v4l2_qbuf,0,VIDEO_OUTPUT_MPLANE
15778.196500,v4l2_qbuf,5,VIDEO_CAPTURE_MPLANE
15778.198654,v4l2_dqbuf,5,VIDEO_CAPTURE_MPLANE
15778.198675,v4l2_dqbuf,0,VIDEO_OUTPUT_MPLANE
15778.212849,v4l2_qbuf,0,VIDEO_OUTPUT_MPLANE
15778.212877,v4l2_qbuf,6,VIDEO_CAPTURE_MPLANE
15778.216208,v4l2_dqbuf,6,VIDEO_CAPTURE_MPLANE
15778.216228,v4l2_dqbuf,0,VIDEO_OUTPUT_MPLANE
15778.229821,v4l2_qbuf,0,VIDEO_OUTPUT_MPLANE
15778.229868,v4l2_qbuf,7,VIDEO_CAPTURE_MPLANE
15778.232950,v4l2_dqbuf,7,VIDEO_CAPTURE_MPLANE
15778.233050,v4l2_dqbuf,0,VIDEO_OUTPUT_MPLANE
15778.246458,v4l2_qbuf,0,VIDEO_OUTPUT_MPLANE
15778.246503,v4l2_qbuf,0,VIDEO_CAPTURE_MPLANE
15778.249562,v4l2_dqbuf,0,VIDEO_CAPTURE_MPLANE
15778.249579,v4l2_dqbuf,0,VIDEO_OUTPUT_MPLANE
15778.262821,v4l2_qbuf,0,VIDEO_OUTPUT_MPLANE
15778.262840,v4l2_qbuf,3,VIDEO_CAPTURE_MPLANE
15778.264961,v4l2_dqbuf,3,VIDEO_CAPTURE_MPLANE
15778.264978,v4l2_dqbuf,0,VIDEO_OUTPUT_MPLANE
15778.279563,v4l2_qbuf,0,VIDEO_OUTPUT_MPLANE
15778.279581,v4l2_qbuf,2,VIDEO_CAPTURE_MPLANE
15778.282694,v4l2_dqbuf,2,VIDEO_CAPTURE_MPLANE
15778.282710,v4l2_dqbuf,0,VIDEO_OUTPUT_MPLANE
15778.296603,v4l2_qbuf,0,VIDEO_OUTPUT_MPLANE
15778.296739,v4l2_qbuf,4,VIDEO_CAPTURE_MPLANE
15778.301668,v4l2_dqbuf,4,VIDEO_CAPTURE_MPLANE
15778.301797,v4l2_dqbuf,0,VIDEO_OUTPUT_MPLANE
15778.312932,v4l2_qbuf,0,VIDEO_OUTPUT_MPLANE
15778.312952,v4l2_qbuf,1,VIDEO_CAPTURE_MPLANE
15778.316277,v4l2_dqbuf,1,VIDEO_CAPTURE_MPLANE
15778.316298,v4l2_dqbuf,0,VIDEO_OUTPUT_MPLANE
15778.329900,v4l2_qbuf,0,VIDEO_OUTPUT_MPLANE
15778.329921,v4l2_qbuf,7,VIDEO_CAPTURE_MPLANE
15778.332181,v4l2_dqbuf,7,VIDEO_CAPTURE_MPLANE
15778.332199,v4l2_dqbuf,0,VIDEO_OUTPUT_MPLANE
15778.346746,v4l2_qbuf,0,VIDEO_OUTPUT_MPLANE
15778.346782,v4l2_qbuf,6,VIDEO_CAPTURE_MPLANE
15778.349953,v4l2_dqbuf,6,VIDEO_CAPTURE_MPLANE
15778.349981,v4l2_dqbuf,0,VIDEO_OUTPUT_MPLANE
15778.363152,v4l2_qbuf,0,VIDEO_OUTPUT_MPLANE
15778.363193,v4l2_qbuf,0,VIDEO_CAPTURE_MPLANE
15778.366491,v4l2_dqbuf,0,VIDEO_CAPTURE_MPLANE
15778.366631,v4l2_dqbuf,0,VIDEO_OUTPUT_MPLANE
15778.380032,v4l2_qbuf,0,VIDEO_OUTPUT_MPLANE
15778.380054,v4l2_qbuf,5,VIDEO_CAPTURE_MPLANE
15778.383227,v4l2_dqbuf,5,VIDEO_CAPTURE_MPLANE
15778.383242,v4l2_dqbuf,0,VIDEO_OUTPUT_MPLANE
15778.396333,v4l2_qbuf,0,VIDEO_OUTPUT_MPLANE
15778.396351,v4l2_qbuf,4,VIDEO_CAPTURE_MPLANE
15778.400277,v4l2_dqbuf,4,VIDEO_CAPTURE_MPLANE
15778.400301,v4l2_dqbuf,0,VIDEO_OUTPUT_MPLANE
15778.413150,v4l2_qbuf,0,VIDEO_OUTPUT_MPLANE
15778.413171,v4l2_qbuf,2,VIDEO_CAPTURE_MPLANE
15778.416277,v4l2_dqbuf,2,VIDEO_CAPTURE_MPLANE
15778.416294,v4l2_dqbuf,0,VIDEO_OUTPUT_MPLANE
15778.430224,v4l2_qbuf,0,VIDEO_OUTPUT_MPLANE
15778.430265,v4l2_qbuf,1,VIDEO_CAPTURE_MPLANE
15778.433477,v4l2_dqbuf,1,VIDEO_CAPTURE_MPLANE
15778.433649,v4l2_dqbuf,0,VIDEO_OUTPUT_MPLANE
15778.446734,v4l2_qbuf,0,VIDEO_OUTPUT_MPLANE
15778.446757,v4l2_qbuf,3,VIDEO_CAPTURE_MPLANE
15778.450036,v4l2_dqbuf,3,VIDEO_CAPTURE_MPLANE
15778.450050,v4l2_dqbuf,0,VIDEO_OUTPUT_MPLANE
15778.463293,v4l2_qbuf,0,VIDEO_OUTPUT_MPLANE
15778.463347,v4l2_qbuf,0,VIDEO_CAPTURE_MPLANE
15778.465715,v4l2_dqbuf,0,VIDEO_CAPTURE_MPLANE
15778.465751,v4l2_dqbuf,0,VIDEO_OUTPUT_MPLANE
15778.479959,v4l2_qbuf,0,VIDEO_OUTPUT_MPLANE
15778.479984,v4l2_qbuf,6,VIDEO_CAPTURE_MPLANE
15778.483148,v4l2_dqbuf,6,VIDEO_CAPTURE_MPLANE
15778.483188,v4l2_dqbuf,0,VIDEO_OUTPUT_MPLANE
15778.496677,v4l2_qbuf,0,VIDEO_OUTPUT_MPLANE
15778.496719,v4l2_qbuf,5,VIDEO_CAPTURE_MPLANE
15778.500478,v4l2_dqbuf,5,VIDEO_CAPTURE_MPLANE
15778.500599,v4l2_dqbuf,0,VIDEO_OUTPUT_MPLANE
15778.513185,v4l2_qbuf,0,VIDEO_OUTPUT_MPLANE
15778.513211,v4l2_qbuf,7,VIDEO_CAPTURE_MPLANE
15778.516435,v4l2_dqbuf,7,VIDEO_CAPTURE_MPLANE
15778.516449,v4l2_dqbuf,0,VIDEO_OUTPUT_MPLANE
15778.529647,v4l2_qbuf,0,VIDEO_OUTPUT_MPLANE
15778.529674,v4l2_qbuf,1,VIDEO_CAPTURE_MPLANE
15778.531923,v4l2_dqbuf,1,VIDEO_CAPTURE_MPLANE
15778.531940,v4l2_dqbuf,0,VIDEO_OUTPUT_MPLANE
15778.546366,v4l2_qbuf,0,VIDEO_OUTPUT_MPLANE
15778.546391,v4l2_qbuf,2,VIDEO_CAPTURE_MPLANE
15778.549624,v4l2_dqbuf,2,VIDEO_CAPTURE_MPLANE
15778.549660,v4l2_dqbuf,0,VIDEO_OUTPUT_MPLANE
15778.563476,v4l2_qbuf,0,VIDEO_OUTPUT_MPLANE
15778.563530,v4l2_qbuf,3,VIDEO_CAPTURE_MPLANE
15778.566763,v4l2_dqbuf,3,VIDEO_CAPTURE_MPLANE
15778.566942,v4l2_dqbuf,0,VIDEO_OUTPUT_MPLANE
15778.580330,v4l2_qbuf,0,VIDEO_OUTPUT_MPLANE
15778.580380,v4l2_qbuf,4,VIDEO_CAPTURE_MPLANE
15778.583625,v4l2_dqbuf,4,VIDEO_CAPTURE_MPLANE
15778.583640,v4l2_dqbuf,0,VIDEO_OUTPUT_MPLANE
15778.596843,v4l2_qbuf,0,VIDEO_OUTPUT_MPLANE
15778.596889,v4l2_qbuf,5,VIDEO_CAPTURE_MPLANE
15778.600827,v4l2_dqbuf,5,VIDEO_CAPTURE_MPLANE
15778.600849,v4l2_dqbuf,0,VIDEO_OUTPUT_MPLANE
15778.613139,v4l2_qbuf,0,VIDEO_OUTPUT_MPLANE
15778.613164,v4l2_qbuf,6,VIDEO_CAPTURE_MPLANE
15778.616281,v4l2_dqbuf,6,VIDEO_CAPTURE_MPLANE
15778.616299,v4l2_dqbuf,0,VIDEO_OUTPUT_MPLANE
15778.629786,v4l2_qbuf,0,VIDEO_OUTPUT_MPLANE
15778.629805,v4l2_qbuf,7,VIDEO_CAPTURE_MPLANE
15778.632881,v4l2_dqbuf,7,VIDEO_CAPTURE_MPLANE
15778.632970,v4l2_dqbuf,0,VIDEO_OUTPUT_MPLANE
15778.646725,v4l2_qbuf,0,VIDEO_OUTPUT_MPLANE
15778.646748,v4l2_qbuf,0,VIDEO_CAPTURE_MPLANE
15778.650092,v4l2_dqbuf,0,VIDEO_CAPTURE_MPLANE
15778.650106,v4l2_dqbuf,0,VIDEO_OUTPUT_MPLANE
15778.663502,v4l2_qbuf,0,VIDEO_OUTPUT_MPLANE
15778.663525,v4l2_qbuf,3,VIDEO_CAPTURE_MPLANE
15778.665813,v4l2_dqbuf,3,VIDEO_CAPTURE_MPLANE
15778.665830,v4l2_dqbuf,0,VIDEO_OUTPUT_MPLANE
15778.679839,v4l2_qbuf,0,VIDEO_OUTPUT_MPLANE
15778.679856,v4l2_qbuf,2,VIDEO_CAPTURE_MPLANE
15778.683024,v4l2_dqbuf,2,VIDEO_CAPTURE_MPLANE
15778.683041,v4l2_dqbuf,0,VIDEO_OUTPUT_MPLANE
15778.696792,v4l2_qbuf,0,VIDEO_OUTPUT_MPLANE
15778.696819,v4l2_qbuf,4,VIDEO_CAPTURE_MPLANE
15778.700776,v4l2_dqbuf,4,VIDEO_CAPTURE_MPLANE
15778.700942,v4l2_dqbuf,0,VIDEO_OUTPUT_MPLANE
15778.713345,v4l2_qbuf,0,VIDEO_OUTPUT_MPLANE
15778.713374,v4l2_qbuf,1,VIDEO_CAPTURE_MPLANE
15778.715260,v4l2_dqbuf,1,VIDEO_CAPTURE_MPLANE
15778.715274,v4l2_dqbuf,0,VIDEO_OUTPUT_MPLANE
15778.729663,v4l2_qbuf,0,VIDEO_OUTPUT_MPLANE
15778.729686,v4l2_qbuf,7,VIDEO_CAPTURE_MPLANE
15778.731829,v4l2_dqbuf,7,VIDEO_CAPTURE_MPLANE
15778.731842,v4l2_dqbuf,0,VIDEO_OUTPUT_MPLANE
15778.746496,v4l2_qbuf,0,VIDEO_OUTPUT_MPLANE
15778.746536,v4l2_qbuf,6,VIDEO_CAPTURE_MPLANE
15778.749758,v4l2_dqbuf,6,VIDEO_CAPTURE_MPLANE
15778.749785,v4l2_dqbuf,0,VIDEO_OUTPUT_MPLANE
15778.763187,v4l2_qbuf,0,VIDEO_OUTPUT_MPLANE
15778.763208,v4l2_qbuf,0,VIDEO_CAPTURE_MPLANE
15778.766487,v4l2_dqbuf,0,VIDEO_CAPTURE_MPLANE
15778.766580,v4l2_dqbuf,0,VIDEO_OUTPUT_MPLANE
15778.779514,v4l2_qbuf,0,VIDEO_OUTPUT_MPLANE
15778.779537,v4l2_qbuf,5,VIDEO_CAPTURE_MPLANE
15778.782704,v4l2_dqbuf,5,VIDEO_CAPTURE_MPLANE
15778.782717,v4l2_dqbuf,0,VIDEO_OUTPUT_MPLANE
15778.796843,v4l2_qbuf,0,VIDEO_OUTPUT_MPLANE
15778.796952,v4l2_qbuf,2,VIDEO_CAPTURE_MPLANE
15778.800795,v4l2_dqbuf,2,VIDEO_CAPTURE_MPLANE
15778.800817,v4l2_dqbuf,0,VIDEO_OUTPUT_MPLANE
15778.813118,v4l2_qbuf,0,VIDEO_OUTPUT_MPLANE
15778.813140,v4l2_qbuf,4,VIDEO_CAPTURE_MPLANE
15778.816458,v4l2_dqbuf,4,VIDEO_CAPTURE_MPLANE
15778.816478,v4l2_dqbuf,0,VIDEO_OUTPUT_MPLANE
15778.829793,v4l2_qbuf,0,VIDEO_OUTPUT_MPLANE
15778.829814,v4l2_qbuf,3,VIDEO_CAPTURE_MPLANE
15778.833036,v4l2_dqbuf,3,VIDEO_CAPTURE_MPLANE
15778.833124,v4l2_dqbuf,0,VIDEO_OUTPUT_MPLANE
15778.846286,v4l2_qbuf,0,VIDEO_OUTPUT_MPLANE
15778.846307,v4l2_qbuf,1,VIDEO_CAPTURE_MPLANE
15778.849536,v4l2_dqbuf,1,VIDEO_CAPTURE_MPLANE
15778.849550,v4l2_dqbuf,0,VIDEO_OUTPUT_MPLANE
15778.863354,v4l2_qbuf,0,VIDEO_OUTPUT_MPLANE
15778.863395,v4l2_qbuf,0,VIDEO_CAPTURE_MPLANE
15778.865781,v4l2_dqbuf,0,VIDEO_CAPTURE_MPLANE
15778.865806,v4l2_dqbuf,0,VIDEO_OUTPUT_MPLANE
15778.879562,v4l2_qbuf,0,VIDEO_OUTPUT_MPLANE
15778.879584,v4l2_qbuf,6,VIDEO_CAPTURE_MPLANE
15778.882689,v4l2_dqbuf,6,VIDEO_CAPTURE_MPLANE
15778.882705,v4l2_dqbuf,0,VIDEO_OUTPUT_MPLANE
15778.896496,v4l2_qbuf,0,VIDEO_OUTPUT_MPLANE
15778.896538,v4l2_qbuf,5,VIDEO_CAPTURE_MPLANE
15778.900422,v4l2_dqbuf,5,VIDEO_CAPTURE_MPLANE
15778.900541,v4l2_dqbuf,0,VIDEO_OUTPUT_MPLANE
15778.913126,v4l2_qbuf,0,VIDEO_OUTPUT_MPLANE
15778.913164,v4l2_qbuf,7,VIDEO_CAPTURE_MPLANE
15778.916349,v4l2_dqbuf,7,VIDEO_CAPTURE_MPLANE
15778.916377,v4l2_dqbuf,0,VIDEO_OUTPUT_MPLANE
15778.929856,v4l2_qbuf,0,VIDEO_OUTPUT_MPLANE
15778.929909,v4l2_qbuf,3,VIDEO_CAPTURE_MPLANE
15778.932302,v4l2_dqbuf,3,VIDEO_CAPTURE_MPLANE
15778.932340,v4l2_dqbuf,0,VIDEO_OUTPUT_MPLANE
15778.946477,v4l2_qbuf,0,VIDEO_OUTPUT_MPLANE
15778.946518,v4l2_qbuf,4,VIDEO_CAPTURE_MPLANE
15778.949827,v4l2_dqbuf,4,VIDEO_CAPTURE_MPLANE
15778.949865,v4l2_dqbuf,0,VIDEO_OUTPUT_MPLANE
15778.963317,v4l2_qbuf,0,VIDEO_OUTPUT_MPLANE
15778.963358,v4l2_qbuf,1,VIDEO_CAPTURE_MPLANE
15778.966639,v4l2_dqbuf,1,VIDEO_CAPTURE_MPLANE
15778.966750,v4l2_dqbuf,0,VIDEO_OUTPUT_MPLANE
15778.980014,v4l2_qbuf,0,VIDEO_OUTPUT_MPLANE
15778.980136,v4l2_qbuf,2,VIDEO_CAPTURE_MPLANE
15778.983474,v4l2_dqbuf,2,VIDEO_CAPTURE_MPLANE
15778.983489,v4l2_dqbuf,0,VIDEO_OUTPUT_MPLANE
15778.996530,v4l2_qbuf,0,VIDEO_OUTPUT_MPLANE
15778.996551,v4l2_qbuf,5,VIDEO_CAPTURE_MPLANE
15778.998814,v4l2_dqbuf,5,VIDEO_CAPTURE_MPLANE
15778.998829,v4l2_dqbuf,0,VIDEO_OUTPUT_MPLANE
15779.013131,v4l2_qbuf,0,VIDEO_OUTPUT_MPLANE
15779.013155,v4l2_qbuf,6,VIDEO_CAPTURE_MPLANE
15779.016245,v4l2_dqbuf,6,VIDEO_CAPTURE_MPLANE
15779.016259,v4l2_dqbuf,0,VIDEO_OUTPUT_MPLANE
15779.029696,v4l2_qbuf,0,VIDEO_OUTPUT_MPLANE
15779.029721,v4l2_qbuf,7,VIDEO_CAPTURE_MPLANE
15779.032988,v4l2_dqbuf,7,VIDEO_CAPTURE_MPLANE
15779.033263,v4l2_dqbuf,0,VIDEO_OUTPUT_MPLANE
15779.046796,v4l2_qbuf,0,VIDEO_OUTPUT_MPLANE
15779.046844,v4l2_qbuf,0,VIDEO_CAPTURE_MPLANE
15779.050114,v4l2_dqbuf,0,VIDEO_CAPTURE_MPLANE
15779.050147,v4l2_dqbuf,0,VIDEO_OUTPUT_MPLANE
15779.063065,v4l2_qbuf,0,VIDEO_OUTPUT_MPLANE
15779.063086,v4l2_qbuf,1,VIDEO_CAPTURE_MPLANE
15779.065333,v4l2_dqbuf,1,VIDEO_CAPTURE_MPLANE
15779.065361,v4l2_dqbuf,0,VIDEO_OUTPUT_MPLANE
15779.079477,v4l2_qbuf,0,VIDEO_OUTPUT_MPLANE
15779.079497,v4l2_qbuf,4,VIDEO_CAPTURE_MPLANE
15779.082545,v4l2_dqbuf,4,VIDEO_CAPTURE_MPLANE
15779.082559,v4l2_dqbuf,0,VIDEO_OUTPUT_MPLANE
15779.096996,v4l2_qbuf,0,VIDEO_OUTPUT_MPLANE
15779.097042,v4l2_qbuf,2,VIDEO_CAPTURE_MPLANE
15779.100530,v4l2_dqbuf,2,VIDEO_CAPTURE_MPLANE
15779.100645,v4l2_dqbuf,0,VIDEO_OUTPUT_MPLANE
15779.113139,v4l2_qbuf,0,VIDEO_OUTPUT_MPLANE
15779.113155,v4l2_qbuf,3,VIDEO_CAPTURE_MPLANE
15779.116339,v4l2_dqbuf,3,VIDEO_CAPTURE_MPLANE
15779.116354,v4l2_dqbuf,0,VIDEO_OUTPUT_MPLANE
15779.129802,v4l2_qbuf,0,VIDEO_OUTPUT_MPLANE
15779.129840,v4l2_qbuf,7,VIDEO_CAPTURE_MPLANE
15779.132036,v4l2_dqbuf,7,VIDEO_CAPTURE_MPLANE
15779.132051,v4l2_dqbuf,0,VIDEO_OUTPUT_MPLANE
15779.149246,v4l2_qbuf,0,VIDEO_OUTPUT_MPLANE
15779.149299,v4l2_qbuf,6,VIDEO_CAPTURE_MPLANE
15779.152746,v4l2_dqbuf,6,VIDEO_CAPTURE_MPLANE
15779.152766,v4l2_dqbuf,0,VIDEO_OUTPUT_MPLANE
15779.163106,v4l2_qbuf,0,VIDEO_OUTPUT_MPLANE
15779.163127,v4l2_qbuf,0,VIDEO_CAPTURE_MPLANE
15779.166099,v4l2_dqbuf,0,VIDEO_CAPTURE_MPLANE
15779.166174,v4l2_dqbuf,0,VIDEO_OUTPUT_MPLANE
15779.182342,v4l2_qbuf,0,VIDEO_OUTPUT_MPLANE
15779.182363,v4l2_qbuf,5,VIDEO_CAPTURE_MPLANE
15779.185641,v4l2_dqbuf,5,VIDEO_CAPTURE_MPLANE
15779.185656,v4l2_dqbuf,0,VIDEO_OUTPUT_MPLANE
15779.199370,v4l2_qbuf,0,VIDEO_OUTPUT_MPLANE
15779.199438,v4l2_qbuf,2,VIDEO_CAPTURE_MPLANE
15779.201749,v4l2_dqbuf,2,VIDEO_CAPTURE_MPLANE
15779.201765,v4l2_dqbuf,0,VIDEO_OUTPUT_MPLANE
15779.215975,v4l2_qbuf,0,VIDEO_OUTPUT_MPLANE
15779.216047,v4l2_qbuf,4,VIDEO_CAPTURE_MPLANE
15779.219129,v4l2_dqbuf,4,VIDEO_CAPTURE_MPLANE
15779.219144,v4l2_dqbuf,0,VIDEO_OUTPUT_MPLANE
15779.232571,v4l2_qbuf,0,VIDEO_OUTPUT_MPLANE
15779.232593,v4l2_qbuf,3,VIDEO_CAPTURE_MPLANE
15779.237417,v4l2_dqbuf,3,VIDEO_CAPTURE_MPLANE
15779.237545,v4l2_dqbuf,0,VIDEO_OUTPUT_MPLANE
15779.249319,v4l2_qbuf,0,VIDEO_OUTPUT_MPLANE
15779.249341,v4l2_qbuf,1,VIDEO_CAPTURE_MPLANE
15779.252582,v4l2_dqbuf,1,VIDEO_CAPTURE_MPLANE
15779.252598,v4l2_dqbuf,0,VIDEO_OUTPUT_MPLANE
15779.266967,v4l2_qbuf,0,VIDEO_OUTPUT_MPLANE
15779.266996,v4l2_qbuf,0,VIDEO_CAPTURE_MPLANE
15779.269281,v4l2_dqbuf,0,VIDEO_CAPTURE_MPLANE
15779.269301,v4l2_dqbuf,0,VIDEO_OUTPUT_MPLANE
15779.282584,v4l2_qbuf,0,VIDEO_OUTPUT_MPLANE
15779.282663,v4l2_qbuf,6,VIDEO_CAPTURE_MPLANE
15779.285926,v4l2_dqbuf,6,VIDEO_CAPTURE_MPLANE
15779.285950,v4l2_dqbuf,0,VIDEO_OUTPUT_MPLANE
15779.301124,v4l2_qbuf,0,VIDEO_OUTPUT_MPLANE
15779.301152,v4l2_qbuf,5,VIDEO_CAPTURE_MPLANE
15779.308156,v4l2_dqbuf,5,VIDEO_CAPTURE_MPLANE
15779.308452,v4l2_dqbuf,0,VIDEO_OUTPUT_MPLANE
15779.317863,v4l2_qbuf,0,VIDEO_OUTPUT_MPLANE
15779.317908,v4l2_qbuf,7,VIDEO_CAPTURE_MPLANE
15779.321017,v4l2_dqbuf,7,VIDEO_CAPTURE_MPLANE
15779.321030,v4l2_dqbuf,0,VIDEO_OUTPUT_MPLANE
15779.334467,v4l2_qbuf,0,VIDEO_OUTPUT_MPLANE
15779.334486,v4l2_qbuf,3,VIDEO_CAPTURE_MPLANE
15779.336608,v4l2_dqbuf,3,VIDEO_CAPTURE_MPLANE
15779.336624,v4l2_dqbuf,0,VIDEO_OUTPUT_MPLANE
15779.351559,v4l2_qbuf,0,VIDEO_OUTPUT_MPLANE
15779.351576,v4l2_qbuf,4,VIDEO_CAPTURE_MPLANE
15779.354952,v4l2_dqbuf,4,VIDEO_CAPTURE_MPLANE
15779.354986,v4l2_dqbuf,0,VIDEO_OUTPUT_MPLANE
15779.368139,v4l2_qbuf,0,VIDEO_OUTPUT_MPLANE
15779.368157,v4l2_qbuf,1,VIDEO_CAPTURE_MPLANE
15779.371333,v4l2_dqbuf,1,VIDEO_CAPTURE_MPLANE
15779.371445,v4l2_dqbuf,0,VIDEO_OUTPUT_MPLANE
15779.384947,v4l2_qbuf,0,VIDEO_OUTPUT_MPLANE
15779.384980,v4l2_qbuf,2,VIDEO_CAPTURE_MPLANE
15779.388160,v4l2_dqbuf,2,VIDEO_CAPTURE_MPLANE
15779.388186,v4l2_dqbuf,0,VIDEO_OUTPUT_MPLANE
15779.401427,v4l2_qbuf,0,VIDEO_OUTPUT_MPLANE
15779.401463,v4l2_qbuf,5,VIDEO_CAPTURE_MPLANE
15779.403596,v4l2_dqbuf,5,VIDEO_CAPTURE_MPLANE
15779.403606,v4l2_dqbuf,0,VIDEO_OUTPUT_MPLANE
15779.418082,v4l2_qbuf,0,VIDEO_OUTPUT_MPLANE
15779.418119,v4l2_qbuf,6,VIDEO_CAPTURE_MPLANE
15779.421715,v4l2_dqbuf,6,VIDEO_CAPTURE_MPLANE
15779.421729,v4l2_dqbuf,0,VIDEO_OUTPUT_MPLANE
15779.434607,v4l2_qbuf,0,VIDEO_OUTPUT_MPLANE
15779.434641,v4l2_qbuf,7,VIDEO_CAPTURE_MPLANE
15779.438107,v4l2_dqbuf,7,VIDEO_CAPTURE_MPLANE
15779.438297,v4l2_dqbuf,0,VIDEO_OUTPUT_MPLANE
15779.453386,v4l2_qbuf,0,VIDEO_OUTPUT_MPLANE
15779.453421,v4l2_qbuf,0,VIDEO_CAPTURE_MPLANE
15779.456663,v4l2_dqbuf,0,VIDEO_CAPTURE_MPLANE
15779.456692,v4l2_dqbuf,0,VIDEO_OUTPUT_MPLANE
15779.468246,v4l2_qbuf,0,VIDEO_OUTPUT_MPLANE
15779.468286,v4l2_qbuf,1,VIDEO_CAPTURE_MPLANE
15779.470546,v4l2_dqbuf,1,VIDEO_CAPTURE_MPLANE
15779.470564,v4l2_dqbuf,0,VIDEO_OUTPUT_MPLANE
15779.484816,v4l2_qbuf,0,VIDEO_OUTPUT_MPLANE
15779.484849,v4l2_qbuf,4,VIDEO_CAPTURE_MPLANE
15779.488258,v4l2_dqbuf,4,VIDEO_CAPTURE_MPLANE
15779.488290,v4l2_dqbuf,0,VIDEO_OUTPUT_MPLANE
15779.501397,v4l2_qbuf,0,VIDEO_OUTPUT_MPLANE
15779.501429,v4l2_qbuf,2,VIDEO_CAPTURE_MPLANE
15779.504662,v4l2_dqbuf,2,VIDEO_CAPTURE_MPLANE
15779.504803,v4l2_dqbuf,0,VIDEO_OUTPUT_MPLANE
15779.518087,v4l2_qbuf,0,VIDEO_OUTPUT_MPLANE
15779.518101,v4l2_qbuf,3,VIDEO_CAPTURE_MPLANE
15779.521641,v4l2_dqbuf,3,VIDEO_CAPTURE_MPLANE
15779.521656,v4l2_dqbuf,0,VIDEO_OUTPUT_MPLANE
15779.534881,v4l2_qbuf,0,VIDEO_OUTPUT_MPLANE
15779.534903,v4l2_qbuf,7,VIDEO_CAPTURE_MPLANE
15779.537256,v4l2_dqbuf,7,VIDEO_CAPTURE_MPLANE
15779.537272,v4l2_dqbuf,0,VIDEO_OUTPUT_MPLANE
15779.551830,v4l2_qbuf,0,VIDEO_OUTPUT_MPLANE
15779.551852,v4l2_qbuf,6,VIDEO_CAPTURE_MPLANE
15779.554986,v4l2_dqbuf,6,VIDEO_CAPTURE_MPLANE
15779.555018,v4l2_dqbuf,0,VIDEO_OUTPUT_MPLANE
15779.568818,v4l2_qbuf,0,VIDEO_OUTPUT_MPLANE
15779.568854,v4l2_qbuf,0,VIDEO_CAPTURE_MPLANE
15779.572119,v4l2_dqbuf,0,VIDEO_CAPTURE_MPLANE
15779.572294,v4l2_dqbuf,0,VIDEO_OUTPUT_MPLANE
15779.584668,v4l2_qbuf,0,VIDEO_OUTPUT_MPLANE
15779.584704,v4l2_qbuf,5,VIDEO_CAPTURE_MPLANE
15779.587935,v4l2_dqbuf,5,VIDEO_CAPTURE_MPLANE
15779.587968,v4l2_dqbuf,0,VIDEO_OUTPUT_MPLANE
15779.601253,v4l2_qbuf,0,VIDEO_OUTPUT_MPLANE
15779.601323,v4l2_qbuf,2,VIDEO_CAPTURE_MPLANE
15779.603522,v4l2_dqbuf,2,VIDEO_CAPTURE_MPLANE
15779.603546,v4l2_dqbuf,0,VIDEO_OUTPUT_MPLANE
15779.617983,v4l2_qbuf,0,VIDEO_OUTPUT_MPLANE
15779.618042,v4l2_qbuf,4,VIDEO_CAPTURE_MPLANE
15779.624154,v4l2_dqbuf,4,VIDEO_CAPTURE_MPLANE
15779.624198,v4l2_dqbuf,0,VIDEO_OUTPUT_MPLANE
15779.634855,v4l2_qbuf,0,VIDEO_OUTPUT_MPLANE
15779.634887,v4l2_qbuf,3,VIDEO_CAPTURE_MPLANE
15779.638146,v4l2_dqbuf,3,VIDEO_CAPTURE_MPLANE
15779.638288,v4l2_dqbuf,0,VIDEO_OUTPUT_MPLANE
15779.651251,v4l2_qbuf,0,VIDEO_OUTPUT_MPLANE
15779.651281,v4l2_qbuf,1,VIDEO_CAPTURE_MPLANE
15779.654345,v4l2_dqbuf,1,VIDEO_CAPTURE_MPLANE
15779.654366,v4l2_dqbuf,0,VIDEO_OUTPUT_MPLANE
15779.668208,v4l2_qbuf,0,VIDEO_OUTPUT_MPLANE
15779.668236,v4l2_qbuf,0,VIDEO_CAPTURE_MPLANE
15779.670715,v4l2_dqbuf,0,VIDEO_CAPTURE_MPLANE
15779.670749,v4l2_dqbuf,0,VIDEO_OUTPUT_MPLANE
15779.684494,v4l2_qbuf,0,VIDEO_OUTPUT_MPLANE
15779.684514,v4l2_qbuf,6,VIDEO_CAPTURE_MPLANE
15779.687666,v4l2_dqbuf,6,VIDEO_CAPTURE_MPLANE
15779.687678,v4l2_dqbuf,0,VIDEO_OUTPUT_MPLANE
15779.702111,v4l2_qbuf,0,VIDEO_OUTPUT_MPLANE
15779.702134,v4l2_qbuf,5,VIDEO_CAPTURE_MPLANE
15779.705431,v4l2_dqbuf,5,VIDEO_CAPTURE_MPLANE
15779.705566,v4l2_dqbuf,0,VIDEO_OUTPUT_MPLANE
15779.718530,v4l2_qbuf,0,VIDEO_OUTPUT_MPLANE
15779.718566,v4l2_qbuf,7,VIDEO_CAPTURE_MPLANE
15779.720548,v4l2_dqbuf,7,VIDEO_CAPTURE_MPLANE
15779.720572,v4l2_dqbuf,0,VIDEO_OUTPUT_MPLANE
15779.734661,v4l2_qbuf,0,VIDEO_OUTPUT_MPLANE
15779.734681,v4l2_qbuf,3,VIDEO_CAPTURE_MPLANE
15779.736750,v4l2_dqbuf,3,VIDEO_CAPTURE_MPLANE
15779.736772,v4l2_dqbuf,0,VIDEO_OUTPUT_MPLANE
15779.751240,v4l2_qbuf,0,VIDEO_OUTPUT_MPLANE
15779.751262,v4l2_qbuf,4,VIDEO_CAPTURE_MPLANE
15779.754264,v4l2_dqbuf,4,VIDEO_CAPTURE_MPLANE
15779.754276,v4l2_dqbuf,0,VIDEO_OUTPUT_MPLANE
15779.768025,v4l2_qbuf,0,VIDEO_OUTPUT_MPLANE
15779.768040,v4l2_qbuf,1,VIDEO_CAPTURE_MPLANE
15779.771248,v4l2_dqbuf,1,VIDEO_CAPTURE_MPLANE
15779.771438,v4l2_dqbuf,0,VIDEO_OUTPUT_MPLANE
15779.787306,v4l2_qbuf,0,VIDEO_OUTPUT_MPLANE
15779.787321,v4l2_qbuf,2,VIDEO_CAPTURE_MPLANE
15779.790312,v4l2_dqbuf,2,VIDEO_CAPTURE_MPLANE
15779.790322,v4l2_dqbuf,0,VIDEO_OUTPUT_MPLANE
15779.804537,v4l2_qbuf,0,VIDEO_OUTPUT_MPLANE
15779.804558,v4l2_qbuf,6,VIDEO_CAPTURE_MPLANE
15779.806940,v4l2_dqbuf,6,VIDEO_CAPTURE_MPLANE
15779.806960,v4l2_dqbuf,0,VIDEO_OUTPUT_MPLANE
15779.818712,v4l2_qbuf,0,VIDEO_OUTPUT_MPLANE
15779.818732,v4l2_qbuf,5,VIDEO_CAPTURE_MPLANE
15779.821863,v4l2_dqbuf,5,VIDEO_CAPTURE_MPLANE
15779.821879,v4l2_dqbuf,0,VIDEO_OUTPUT_MPLANE
15779.837596,v4l2_qbuf,0,VIDEO_OUTPUT_MPLANE
15779.837648,v4l2_qbuf,0,VIDEO_CAPTURE_MPLANE
15779.841678,v4l2_dqbuf,0,VIDEO_CAPTURE_MPLANE
15779.841980,v4l2_dqbuf,0,VIDEO_OUTPUT_MPLANE
15779.854202,v4l2_qbuf,0,VIDEO_OUTPUT_MPLANE
15779.854236,v4l2_qbuf,7,VIDEO_CAPTURE_MPLANE
15779.857570,v4l2_dqbuf,7,VIDEO_CAPTURE_MPLANE
15779.857590,v4l2_dqbuf,0,VIDEO_OUTPUT_MPLANE
15779.873654,v4l2_qbuf,0,VIDEO_OUTPUT_MPLANE
15779.873670,v4l2_qbuf,1,VIDEO_CAPTURE_MPLANE
15779.876044,v4l2_dqbuf,1,VIDEO_CAPTURE_MPLANE
15779.876129,v4l2_dqbuf,0,VIDEO_OUTPUT_MPLANE
15779.887819,v4l2_qbuf,0,VIDEO_OUTPUT_MPLANE
15779.887842,v4l2_qbuf,4,VIDEO_CAPTURE_MPLANE
15779.891144,v4l2_dqbuf,4,VIDEO_CAPTURE_MPLANE
15779.891163,v4l2_dqbuf,0,VIDEO_OUTPUT_MPLANE
15779.904297,v4l2_qbuf,0,VIDEO_OUTPUT_MPLANE
15779.904325,v4l2_qbuf,2,VIDEO_CAPTURE_MPLANE
15779.907521,v4l2_dqbuf,2,VIDEO_CAPTURE_MPLANE
15779.907684,v4l2_dqbuf,0,VIDEO_OUTPUT_MPLANE
15779.920866,v4l2_qbuf,0,VIDEO_OUTPUT_MPLANE
15779.920889,v4l2_qbuf,3,VIDEO_CAPTURE_MPLANE
15779.924109,v4l2_dqbuf,3,VIDEO_CAPTURE_MPLANE
15779.924153,v4l2_dqbuf,0,VIDEO_OUTPUT_MPLANE
15779.937792,v4l2_qbuf,0,VIDEO_OUTPUT_MPLANE
15779.937824,v4l2_qbuf,0,VIDEO_CAPTURE_MPLANE
15779.940063,v4l2_dqbuf,0,VIDEO_CAPTURE_MPLANE
15779.940078,v4l2_dqbuf,0,VIDEO_OUTPUT_MPLANE
15779.954227,v4l2_qbuf,0,VIDEO_OUTPUT_MPLANE
15779.954250,v4l2_qbuf,5,VIDEO_CAPTURE_MPLANE
15779.957461,v4l2_dqbuf,5,VIDEO_CAPTURE_MPLANE
15779.957480,v4l2_dqbuf,0,VIDEO_OUTPUT_MPLANE
15779.970891,v4l2_qbuf,0,VIDEO_OUTPUT_MPLANE
15779.970936,v4l2_qbuf,7,VIDEO_CAPTURE_MPLANE
15779.977167,v4l2_dqbuf,7,VIDEO_CAPTURE_MPLANE
15779.977397,v4l2_dqbuf,0,VIDEO_OUTPUT_MPLANE
15779.987612,v4l2_qbuf,0,VIDEO_OUTPUT_MPLANE
15779.987649,v4l2_qbuf,6,VIDEO_CAPTURE_MPLANE
15779.990957,v4l2_dqbuf,6,VIDEO_CAPTURE_MPLANE
15779.990982,v4l2_dqbuf,0,VIDEO_OUTPUT_MPLANE
15780.005812,v4l2_qbuf,0,VIDEO_OUTPUT_MPLANE
15780.005836,v4l2_qbuf,2,VIDEO_CAPTURE_MPLANE
15780.007944,v4l2_dqbuf,2,VIDEO_CAPTURE_MPLANE
15780.007959,v4l2_dqbuf,0,VIDEO_OUTPUT_MPLANE
15780.020935,v4l2_qbuf,0,VIDEO_OUTPUT_MPLANE
15780.020964,v4l2_qbuf,4,VIDEO_CAPTURE_MPLANE
15780.024245,v4l2_dqbuf,4,VIDEO_CAPTURE_MPLANE
15780.024264,v4l2_dqbuf,0,VIDEO_OUTPUT_MPLANE
15780.039996,v4l2_qbuf,0,VIDEO_OUTPUT_MPLANE
15780.040041,v4l2_qbuf,3,VIDEO_CAPTURE_MPLANE
15780.043154,v4l2_dqbuf,3,VIDEO_CAPTURE_MPLANE
15780.043254,v4l2_dqbuf,0,VIDEO_OUTPUT_MPLANE
15780.055132,v4l2_qbuf,0,VIDEO_OUTPUT_MPLANE
15780.055159,v4l2_qbuf,1,VIDEO_CAPTURE_MPLANE
15780.058318,v4l2_dqbuf,1,VIDEO_CAPTURE_MPLANE
15780.058329,v4l2_dqbuf,0,VIDEO_OUTPUT_MPLANE
15780.070869,v4l2_qbuf,0,VIDEO_OUTPUT_MPLANE
15780.070886,v4l2_qbuf,7,VIDEO_CAPTURE_MPLANE
15780.073188,v4l2_dqbuf,7,VIDEO_CAPTURE_MPLANE
15780.073224,v4l2_dqbuf,0,VIDEO_OUTPUT_MPLANE
15780.087476,v4l2_qbuf,0,VIDEO_OUTPUT_MPLANE
15780.087503,v4l2_qbuf,5,VIDEO_CAPTURE_MPLANE
15780.090628,v4l2_dqbuf,5,VIDEO_CAPTURE_MPLANE
15780.090665,v4l2_dqbuf,0,VIDEO_OUTPUT_MPLANE
15780.104163,v4l2_qbuf,0,VIDEO_OUTPUT_MPLANE
15780.104230,v4l2_qbuf,6,VIDEO_CAPTURE_MPLANE
15780.107557,v4l2_dqbuf,6,VIDEO_CAPTURE_MPLANE
15780.107717,v4l2_dqbuf,0,VIDEO_OUTPUT_MPLANE
15780.120665,v4l2_qbuf,0,VIDEO_OUTPUT_MPLANE
15780.120700,v4l2_qbuf,0,VIDEO_CAPTURE_MPLANE
15780.123993,v4l2_dqbuf,0,VIDEO_CAPTURE_MPLANE
15780.124036,v4l2_dqbuf,0,VIDEO_OUTPUT_MPLANE
15780.139345,v4l2_qbuf,0,VIDEO_OUTPUT_MPLANE
15780.139374,v4l2_qbuf,3,VIDEO_CAPTURE_MPLANE
15780.141695,v4l2_dqbuf,3,VIDEO_CAPTURE_MPLANE
15780.141712,v4l2_dqbuf,0,VIDEO_OUTPUT_MPLANE
15780.154523,v4l2_qbuf,0,VIDEO_OUTPUT_MPLANE
15780.154553,v4l2_qbuf,4,VIDEO_CAPTURE_MPLANE
15780.157627,v4l2_dqbuf,4,VIDEO_CAPTURE_MPLANE
15780.157641,v4l2_dqbuf,0,VIDEO_OUTPUT_MPLANE
15780.173784,v4l2_qbuf,0,VIDEO_OUTPUT_MPLANE
15780.173803,v4l2_qbuf,1,VIDEO_CAPTURE_MPLANE
15780.177134,v4l2_dqbuf,1,VIDEO_CAPTURE_MPLANE
15780.177225,v4l2_dqbuf,0,VIDEO_OUTPUT_MPLANE
15780.190438,v4l2_qbuf,0,VIDEO_OUTPUT_MPLANE
15780.190458,v4l2_qbuf,2,VIDEO_CAPTURE_MPLANE
15780.193583,v4l2_dqbuf,2,VIDEO_CAPTURE_MPLANE
15780.193597,v4l2_dqbuf,0,VIDEO_OUTPUT_MPLANE
15780.208591,v4l2_qbuf,0,VIDEO_OUTPUT_MPLANE
15780.208629,v4l2_qbuf,6,VIDEO_CAPTURE_MPLANE
15780.211096,v4l2_dqbuf,6,VIDEO_CAPTURE_MPLANE
15780.211118,v4l2_dqbuf,0,VIDEO_OUTPUT_MPLANE
15780.223943,v4l2_qbuf,0,VIDEO_OUTPUT_MPLANE
15780.223973,v4l2_qbuf,5,VIDEO_CAPTURE_MPLANE
15780.227378,v4l2_dqbuf,5,VIDEO_CAPTURE_MPLANE
15780.227397,v4l2_dqbuf,0,VIDEO_OUTPUT_MPLANE
15780.240647,v4l2_qbuf,0,VIDEO_OUTPUT_MPLANE
15780.240670,v4l2_qbuf,0,VIDEO_CAPTURE_MPLANE
15780.243943,v4l2_dqbuf,0,VIDEO_CAPTURE_MPLANE
15780.244049,v4l2_dqbuf,0,VIDEO_OUTPUT_MPLANE
15780.257455,v4l2_qbuf,0,VIDEO_OUTPUT_MPLANE
15780.257477,v4l2_qbuf,7,VIDEO_CAPTURE_MPLANE
15780.260663,v4l2_dqbuf,7,VIDEO_CAPTURE_MPLANE
15780.260673,v4l2_dqbuf,0,VIDEO_OUTPUT_MPLANE
15780.274054,v4l2_qbuf,0,VIDEO_OUTPUT_MPLANE
15780.274078,v4l2_qbuf,1,VIDEO_CAPTURE_MPLANE
15780.276118,v4l2_dqbuf,1,VIDEO_CAPTURE_MPLANE
15780.276130,v4l2_dqbuf,0,VIDEO_OUTPUT_MPLANE
15780.290561,v4l2_qbuf,0,VIDEO_OUTPUT_MPLANE
15780.290583,v4l2_qbuf,4,VIDEO_CAPTURE_MPLANE
15780.293654,v4l2_dqbuf,4,VIDEO_CAPTURE_MPLANE
15780.293672,v4l2_dqbuf,0,VIDEO_OUTPUT_MPLANE
15780.307112,v4l2_qbuf,0,VIDEO_OUTPUT_MPLANE
15780.307130,v4l2_qbuf,2,VIDEO_CAPTURE_MPLANE
15780.310274,v4l2_dqbuf,2,VIDEO_CAPTURE_MPLANE
15780.310365,v4l2_dqbuf,0,VIDEO_OUTPUT_MPLANE
15780.324054,v4l2_qbuf,0,VIDEO_OUTPUT_MPLANE
15780.324099,v4l2_qbuf,3,VIDEO_CAPTURE_MPLANE
15780.330156,v4l2_dqbuf,3,VIDEO_CAPTURE_MPLANE
15780.330197,v4l2_dqbuf,0,VIDEO_OUTPUT_MPLANE
15780.340346,v4l2_qbuf,0,VIDEO_OUTPUT_MPLANE
15780.340368,v4l2_qbuf,0,VIDEO_CAPTURE_MPLANE
15780.342727,v4l2_dqbuf,0,VIDEO_CAPTURE_MPLANE
15780.342745,v4l2_dqbuf,0,VIDEO_OUTPUT_MPLANE
15780.357175,v4l2_qbuf,0,VIDEO_OUTPUT_MPLANE
15780.357196,v4l2_qbuf,5,VIDEO_CAPTURE_MPLANE
15780.360603,v4l2_dqbuf,5,VIDEO_CAPTURE_MPLANE
15780.360626,v4l2_dqbuf,0,VIDEO_OUTPUT_MPLANE
15780.376318,v4l2_qbuf,0,VIDEO_OUTPUT_MPLANE
15780.376341,v4l2_qbuf,7,VIDEO_CAPTURE_MPLANE
15780.379831,v4l2_dqbuf,7,VIDEO_CAPTURE_MPLANE
15780.379971,v4l2_dqbuf,0,VIDEO_OUTPUT_MPLANE
15780.401355,v4l2_qbuf,0,VIDEO_OUTPUT_MPLANE
15780.401377,v4l2_qbuf,6,VIDEO_CAPTURE_MPLANE
15780.405354,v4l2_dqbuf,6,VIDEO_CAPTURE_MPLANE
15780.405375,v4l2_dqbuf,0,VIDEO_OUTPUT_MPLANE
15780.407128,v4l2_qbuf,0,VIDEO_OUTPUT_MPLANE
15780.407149,v4l2_qbuf,2,VIDEO_CAPTURE_MPLANE
15780.409557,v4l2_dqbuf,2,VIDEO_CAPTURE_MPLANE
15780.409590,v4l2_dqbuf,0,VIDEO_OUTPUT_MPLANE
15780.424091,v4l2_qbuf,0,VIDEO_OUTPUT_MPLANE
15780.424123,v4l2_qbuf,4,VIDEO_CAPTURE_MPLANE
15780.427347,v4l2_dqbuf,4,VIDEO_CAPTURE_MPLANE
15780.427372,v4l2_dqbuf,0,VIDEO_OUTPUT_MPLANE
15780.440499,v4l2_qbuf,0,VIDEO_OUTPUT_MPLANE
15780.440534,v4l2_qbuf,3,VIDEO_CAPTURE_MPLANE
15780.443691,v4l2_dqbuf,3,VIDEO_CAPTURE_MPLANE
15780.443863,v4l2_dqbuf,0,VIDEO_OUTPUT_MPLANE
15780.456901,v4l2_qbuf,0,VIDEO_OUTPUT_MPLANE
15780.456918,v4l2_qbuf,1,VIDEO_CAPTURE_MPLANE
15780.460123,v4l2_dqbuf,1,VIDEO_CAPTURE_MPLANE
15780.460138,v4l2_dqbuf,0,VIDEO_OUTPUT_MPLANE
15780.476049,v4l2_qbuf,0,VIDEO_OUTPUT_MPLANE
15780.476071,v4l2_qbuf,7,VIDEO_CAPTURE_MPLANE
15780.478327,v4l2_dqbuf,7,VIDEO_CAPTURE_MPLANE
15780.478343,v4l2_dqbuf,0,VIDEO_OUTPUT_MPLANE
15780.490812,v4l2_qbuf,0,VIDEO_OUTPUT_MPLANE
15780.490847,v4l2_qbuf,5,VIDEO_CAPTURE_MPLANE
15780.494223,v4l2_dqbuf,5,VIDEO_CAPTURE_MPLANE
15780.494241,v4l2_dqbuf,0,VIDEO_OUTPUT_MPLANE
15780.507060,v4l2_qbuf,0,VIDEO_OUTPUT_MPLANE
15780.507085,v4l2_qbuf,6,VIDEO_CAPTURE_MPLANE
15780.510412,v4l2_dqbuf,6,VIDEO_CAPTURE_MPLANE
15780.510500,v4l2_dqbuf,0,VIDEO_OUTPUT_MPLANE
15780.523849,v4l2_qbuf,0,VIDEO_OUTPUT_MPLANE
15780.523869,v4l2_qbuf,0,VIDEO_CAPTURE_MPLANE
15780.527260,v4l2_dqbuf,0,VIDEO_CAPTURE_MPLANE
15780.527292,v4l2_dqbuf,0,VIDEO_OUTPUT_MPLANE
15780.540487,v4l2_qbuf,0,VIDEO_OUTPUT_MPLANE
15780.540526,v4l2_qbuf,3,VIDEO_CAPTURE_MPLANE
15780.542816,v4l2_dqbuf,3,VIDEO_CAPTURE_MPLANE
15780.542843,v4l2_dqbuf,0,VIDEO_OUTPUT_MPLANE
15780.559641,v4l2_qbuf,0,VIDEO_OUTPUT_MPLANE
15780.559665,v4l2_qbuf,4,VIDEO_CAPTURE_MPLANE
15780.562961,v4l2_dqbuf,4,VIDEO_CAPTURE_MPLANE
15780.562992,v4l2_dqbuf,0,VIDEO_OUTPUT_MPLANE
15780.574431,v4l2_qbuf,0,VIDEO_OUTPUT_MPLANE
15780.574451,v4l2_qbuf,1,VIDEO_CAPTURE_MPLANE
15780.577745,v4l2_dqbuf,1,VIDEO_CAPTURE_MPLANE
15780.577832,v4l2_dqbuf,0,VIDEO_OUTPUT_MPLANE
15780.590510,v4l2_qbuf,0,VIDEO_OUTPUT_MPLANE
15780.590531,v4l2_qbuf,2,VIDEO_CAPTURE_MPLANE
15780.593829,v4l2_dqbuf,2,VIDEO_CAPTURE_MPLANE
15780.593841,v4l2_dqbuf,0,VIDEO_OUTPUT_MPLANE
15780.606891,v4l2_qbuf,0,VIDEO_OUTPUT_MPLANE
15780.606916,v4l2_qbuf,6,VIDEO_CAPTURE_MPLANE
15780.609151,v4l2_dqbuf,6,VIDEO_CAPTURE_MPLANE
15780.609164,v4l2_dqbuf,0,VIDEO_OUTPUT_MPLANE
15780.623620,v4l2_qbuf,0,VIDEO_OUTPUT_MPLANE
15780.623638,v4l2_qbuf,5,VIDEO_CAPTURE_MPLANE
15780.626954,v4l2_dqbuf,5,VIDEO_CAPTURE_MPLANE
15780.626966,v4l2_dqbuf,0,VIDEO_OUTPUT_MPLANE
15780.640367,v4l2_qbuf,0,VIDEO_OUTPUT_MPLANE
15780.640385,v4l2_qbuf,0,VIDEO_CAPTURE_MPLANE
15780.643689,v4l2_dqbuf,0,VIDEO_CAPTURE_MPLANE
15780.643779,v4l2_dqbuf,0,VIDEO_OUTPUT_MPLANE
15780.657709,v4l2_qbuf,0,VIDEO_OUTPUT_MPLANE
15780.657749,v4l2_qbuf,7,VIDEO_CAPTURE_MPLANE
15780.661032,v4l2_dqbuf,7,VIDEO_CAPTURE_MPLANE
15780.661046,v4l2_dqbuf,0,VIDEO_OUTPUT_MPLANE
15780.673808,v4l2_qbuf,0,VIDEO_OUTPUT_MPLANE
15780.673836,v4l2_qbuf,1,VIDEO_CAPTURE_MPLANE
15780.676023,v4l2_dqbuf,1,VIDEO_CAPTURE_MPLANE
15780.676043,v4l2_dqbuf,0,VIDEO_OUTPUT_MPLANE
15780.690591,v4l2_qbuf,0,VIDEO_OUTPUT_MPLANE
15780.690620,v4l2_qbuf,4,VIDEO_CAPTURE_MPLANE
15780.693887,v4l2_dqbuf,4,VIDEO_CAPTURE_MPLANE
15780.693906,v4l2_dqbuf,0,VIDEO_OUTPUT_MPLANE
15780.707383,v4l2_qbuf,0,VIDEO_OUTPUT_MPLANE
15780.707434,v4l2_qbuf,2,VIDEO_CAPTURE_MPLANE
15780.710893,v4l2_dqbuf,2,VIDEO_CAPTURE_MPLANE
15780.711018,v4l2_dqbuf,0,VIDEO_OUTPUT_MPLANE
15780.723553,v4l2_qbuf,0,VIDEO_OUTPUT_MPLANE
15780.723571,v4l2_qbuf,3,VIDEO_CAPTURE_MPLANE
15780.725454,v4l2_dqbuf,3,VIDEO_CAPTURE_MPLANE
15780.725469,v4l2_dqbuf,0,VIDEO_OUTPUT_MPLANE
15780.740602,v4l2_qbuf,0,VIDEO_OUTPUT_MPLANE
15780.740636,v4l2_qbuf,0,VIDEO_CAPTURE_MPLANE
15780.742674,v4l2_dqbuf,0,VIDEO_CAPTURE_MPLANE
15780.742687,v4l2_dqbuf,0,VIDEO_OUTPUT_MPLANE
15780.757603,v4l2_qbuf,0,VIDEO_OUTPUT_MPLANE
15780.757627,v4l2_qbuf,5,VIDEO_CAPTURE_MPLANE
15780.760893,v4l2_dqbuf,5,VIDEO_CAPTURE_MPLANE
15780.760907,v4l2_dqbuf,0,VIDEO_OUTPUT_MPLANE
15780.773869,v4l2_qbuf,0,VIDEO_OUTPUT_MPLANE
15780.773896,v4l2_qbuf,7,VIDEO_CAPTURE_MPLANE
15780.776983,v4l2_dqbuf,7,VIDEO_CAPTURE_MPLANE
15780.777115,v4l2_dqbuf,0,VIDEO_OUTPUT_MPLANE
15780.790344,v4l2_qbuf,0,VIDEO_OUTPUT_MPLANE
15780.790367,v4l2_qbuf,6,VIDEO_CAPTURE_MPLANE
15780.793511,v4l2_dqbuf,6,VIDEO_CAPTURE_MPLANE
15780.793527,v4l2_dqbuf,0,VIDEO_OUTPUT_MPLANE
15780.807076,v4l2_qbuf,0,VIDEO_OUTPUT_MPLANE
15780.807093,v4l2_qbuf,4,VIDEO_CAPTURE_MPLANE
15780.809398,v4l2_dqbuf,4,VIDEO_CAPTURE_MPLANE
15780.809435,v4l2_dqbuf,0,VIDEO_OUTPUT_MPLANE
15780.824038,v4l2_qbuf,0,VIDEO_OUTPUT_MPLANE
15780.824081,v4l2_qbuf,2,VIDEO_CAPTURE_MPLANE
15780.827521,v4l2_dqbuf,2,VIDEO_CAPTURE_MPLANE
15780.827537,v4l2_dqbuf,0,VIDEO_OUTPUT_MPLANE
15780.840573,v4l2_qbuf,0,VIDEO_OUTPUT_MPLANE
15780.840612,v4l2_qbuf,1,VIDEO_CAPTURE_MPLANE
15780.843821,v4l2_dqbuf,1,VIDEO_CAPTURE_MPLANE
15780.843931,v4l2_dqbuf,0,VIDEO_OUTPUT_MPLANE
15780.859021,v4l2_qbuf,0,VIDEO_OUTPUT_MPLANE
15780.859048,v4l2_qbuf,3,VIDEO_CAPTURE_MPLANE
15780.862520,v4l2_dqbuf,3,VIDEO_CAPTURE_MPLANE
15780.862536,v4l2_dqbuf,0,VIDEO_OUTPUT_MPLANE
15780.874083,v4l2_qbuf,0,VIDEO_OUTPUT_MPLANE
15780.874113,v4l2_qbuf,7,VIDEO_CAPTURE_MPLANE
15780.876403,v4l2_dqbuf,7,VIDEO_CAPTURE_MPLANE
15780.876422,v4l2_dqbuf,0,VIDEO_OUTPUT_MPLANE
15780.890509,v4l2_qbuf,0,VIDEO_OUTPUT_MPLANE
15780.890536,v4l2_qbuf,5,VIDEO_CAPTURE_MPLANE
15780.893982,v4l2_dqbuf,5,VIDEO_CAPTURE_MPLANE
15780.893999,v4l2_dqbuf,0,VIDEO_OUTPUT_MPLANE
15780.907276,v4l2_qbuf,0,VIDEO_OUTPUT_MPLANE
15780.907295,v4l2_qbuf,6,VIDEO_CAPTURE_MPLANE
15780.910542,v4l2_dqbuf,6,VIDEO_CAPTURE_MPLANE
15780.910661,v4l2_dqbuf,0,VIDEO_OUTPUT_MPLANE
15780.924199,v4l2_qbuf,0,VIDEO_OUTPUT_MPLANE
15780.924260,v4l2_qbuf,0,VIDEO_CAPTURE_MPLANE
15780.927600,v4l2_dqbuf,0,VIDEO_CAPTURE_MPLANE
15780.927615,v4l2_dqbuf,0,VIDEO_OUTPUT_MPLANE
15780.940595,v4l2_qbuf,0,VIDEO_OUTPUT_MPLANE
15780.940656,v4l2_qbuf,1,VIDEO_CAPTURE_MPLANE
15780.942889,v4l2_dqbuf,1,VIDEO_CAPTURE_MPLANE
15780.942914,v4l2_dqbuf,0,VIDEO_OUTPUT_MPLANE
15780.959446,v4l2_qbuf,0,VIDEO_OUTPUT_MPLANE
15780.959477,v4l2_qbuf,2,VIDEO_CAPTURE_MPLANE
15780.962706,v4l2_dqbuf,2,VIDEO_CAPTURE_MPLANE
15780.962724,v4l2_dqbuf,0,VIDEO_OUTPUT_MPLANE
15780.974409,v4l2_qbuf,0,VIDEO_OUTPUT_MPLANE
15780.974437,v4l2_qbuf,3,VIDEO_CAPTURE_MPLANE
15780.977714,v4l2_dqbuf,3,VIDEO_CAPTURE_MPLANE
15780.977836,v4l2_dqbuf,0,VIDEO_OUTPUT_MPLANE
15780.992656,v4l2_qbuf,0,VIDEO_OUTPUT_MPLANE
15780.992683,v4l2_qbuf,4,VIDEO_CAPTURE_MPLANE
15780.995990,v4l2_dqbuf,4,VIDEO_CAPTURE_MPLANE
15780.996015,v4l2_dqbuf,0,VIDEO_OUTPUT_MPLANE
15781.009090,v4l2_qbuf,0,VIDEO_OUTPUT_MPLANE
15781.009111,v4l2_qbuf,6,VIDEO_CAPTURE_MPLANE
15781.011443,v4l2_dqbuf,6,VIDEO_CAPTURE_MPLANE
15781.011471,v4l2_dqbuf,0,VIDEO_OUTPUT_MPLANE
15781.025804,v4l2_qbuf,0,VIDEO_OUTPUT_MPLANE
15781.025843,v4l2_qbuf,5,VIDEO_CAPTURE_MPLANE
15781.029205,v4l2_dqbuf,5,VIDEO_CAPTURE_MPLANE
15781.029244,v4l2_dqbuf,0,VIDEO_OUTPUT_MPLANE
15781.042685,v4l2_qbuf,0,VIDEO_OUTPUT_MPLANE
15781.042717,v4l2_qbuf,0,VIDEO_CAPTURE_MPLANE
15781.045897,v4l2_dqbuf,0,VIDEO_CAPTURE_MPLANE
15781.046033,v4l2_dqbuf,0,VIDEO_OUTPUT_MPLANE
15781.059250,v4l2_qbuf,0,VIDEO_OUTPUT_MPLANE
15781.059278,v4l2_qbuf,7,VIDEO_CAPTURE_MPLANE
15781.062444,v4l2_dqbuf,7,VIDEO_CAPTURE_MPLANE
15781.062459,v4l2_dqbuf,0,VIDEO_OUTPUT_MPLANE
15781.075896,v4l2_qbuf,0,VIDEO_OUTPUT_MPLANE
15781.075930,v4l2_qbuf,3,VIDEO_CAPTURE_MPLANE
15781.078216,v4l2_dqbuf,3,VIDEO_CAPTURE_MPLANE
15781.078232,v4l2_dqbuf,0,VIDEO_OUTPUT_MPLANE
15781.092544,v4l2_qbuf,0,VIDEO_OUTPUT_MPLANE
15781.092594,v4l2_qbuf,2,VIDEO_CAPTURE_MPLANE
15781.095960,v4l2_dqbuf,2,VIDEO_CAPTURE_MPLANE
15781.095999,v4l2_dqbuf,0,VIDEO_OUTPUT_MPLANE
15781.109208,v4l2_qbuf,0,VIDEO_OUTPUT_MPLANE
15781.109228,v4l2_qbuf,4,VIDEO_CAPTURE_MPLANE
15781.112595,v4l2_dqbuf,4,VIDEO_CAPTURE_MPLANE
15781.112687,v4l2_dqbuf,0,VIDEO_OUTPUT_MPLANE
15781.125781,v4l2_qbuf,0,VIDEO_OUTPUT_MPLANE
15781.125815,v4l2_qbuf,1,VIDEO_CAPTURE_MPLANE
15781.129314,v4l2_dqbuf,1,VIDEO_CAPTURE_MPLANE
15781.129348,v4l2_dqbuf,0,VIDEO_OUTPUT_MPLANE
15781.142640,v4l2_qbuf,0,VIDEO_OUTPUT_MPLANE
15781.142722,v4l2_qbuf,0,VIDEO_CAPTURE_MPLANE
15781.145081,v4l2_dqbuf,0,VIDEO_CAPTURE_MPLANE
15781.145128,v4l2_dqbuf,0,VIDEO_OUTPUT_MPLANE
15781.159535,v4l2_qbuf,0,VIDEO_OUTPUT_MPLANE
15781.159568,v4l2_qbuf,5,VIDEO_CAPTURE_MPLANE
15781.162805,v4l2_dqbuf,5,VIDEO_CAPTURE_MPLANE
15781.162822,v4l2_dqbuf,0,VIDEO_OUTPUT_MPLANE
15781.175866,v4l2_qbuf,0,VIDEO_OUTPUT_MPLANE
15781.175894,v4l2_qbuf,7,VIDEO_CAPTURE_MPLANE
15781.179329,v4l2_dqbuf,7,VIDEO_CAPTURE_MPLANE
15781.179436,v4l2_dqbuf,0,VIDEO_OUTPUT_MPLANE
15781.192668,v4l2_qbuf,0,VIDEO_OUTPUT_MPLANE
15781.192691,v4l2_qbuf,6,VIDEO_CAPTURE_MPLANE
15781.195957,v4l2_dqbuf,6,VIDEO_CAPTURE_MPLANE
15781.195973,v4l2_dqbuf,0,VIDEO_OUTPUT_MPLANE
15781.209112,v4l2_qbuf,0,VIDEO_OUTPUT_MPLANE
15781.209135,v4l2_qbuf,4,VIDEO_CAPTURE_MPLANE
15781.211448,v4l2_dqbuf,4,VIDEO_CAPTURE_MPLANE
15781.211464,v4l2_dqbuf,0,VIDEO_OUTPUT_MPLANE
15781.225878,v4l2_qbuf,0,VIDEO_OUTPUT_MPLANE
15781.225900,v4l2_qbuf,2,VIDEO_CAPTURE_MPLANE
15781.229042,v4l2_dqbuf,2,VIDEO_CAPTURE_MPLANE
15781.229054,v4l2_dqbuf,0,VIDEO_OUTPUT_MPLANE
15781.242555,v4l2_qbuf,0,VIDEO_OUTPUT_MPLANE
15781.242579,v4l2_qbuf,1,VIDEO_CAPTURE_MPLANE
15781.245820,v4l2_dqbuf,1,VIDEO_CAPTURE_MPLANE
15781.245909,v4l2_dqbuf,0,VIDEO_OUTPUT_MPLANE
15781.259538,v4l2_qbuf,0,VIDEO_OUTPUT_MPLANE
15781.259563,v4l2_qbuf,3,VIDEO_CAPTURE_MPLANE
15781.262882,v4l2_dqbuf,3,VIDEO_CAPTURE_MPLANE
15781.262902,v4l2_dqbuf,0,VIDEO_OUTPUT_MPLANE
15781.276091,v4l2_qbuf,0,VIDEO_OUTPUT_MPLANE
15781.276114,v4l2_qbuf,7,VIDEO_CAPTURE_MPLANE
15781.278366,v4l2_dqbuf,7,VIDEO_CAPTURE_MPLANE
15781.278383,v4l2_dqbuf,0,VIDEO_OUTPUT_MPLANE
15781.292258,v4l2_qbuf,0,VIDEO_OUTPUT_MPLANE
15781.292283,v4l2_qbuf,5,VIDEO_CAPTURE_MPLANE
15781.295656,v4l2_dqbuf,5,VIDEO_CAPTURE_MPLANE
15781.295689,v4l2_dqbuf,0,VIDEO_OUTPUT_MPLANE
15781.309809,v4l2_qbuf,0,VIDEO_OUTPUT_MPLANE
15781.309855,v4l2_qbuf,6,VIDEO_CAPTURE_MPLANE
15781.312867,v4l2_dqbuf,6,VIDEO_CAPTURE_MPLANE
15781.312959,v4l2_dqbuf,0,VIDEO_OUTPUT_MPLANE
15781.326237,v4l2_qbuf,0,VIDEO_OUTPUT_MPLANE
15781.326347,v4l2_qbuf,0,VIDEO_CAPTURE_MPLANE
15781.329761,v4l2_dqbuf,0,VIDEO_CAPTURE_MPLANE
15781.329831,v4l2_dqbuf,0,VIDEO_OUTPUT_MPLANE
15781.342894,v4l2_qbuf,0,VIDEO_OUTPUT_MPLANE
15781.343062,v4l2_qbuf,1,VIDEO_CAPTURE_MPLANE
15781.345366,v4l2_dqbuf,1,VIDEO_CAPTURE_MPLANE
15781.345381,v4l2_dqbuf,0,VIDEO_OUTPUT_MPLANE
15781.360148,v4l2_qbuf,0,VIDEO_OUTPUT_MPLANE
15781.360179,v4l2_qbuf,2,VIDEO_CAPTURE_MPLANE
15781.363455,v4l2_dqbuf,2,VIDEO_CAPTURE_MPLANE
15781.363494,v4l2_dqbuf,0,VIDEO_OUTPUT_MPLANE
15781.376310,v4l2_qbuf,0,VIDEO_OUTPUT_MPLANE
15781.376341,v4l2_qbuf,3,VIDEO_CAPTURE_MPLANE
15781.379584,v4l2_dqbuf,3,VIDEO_CAPTURE_MPLANE
15781.379702,v4l2_dqbuf,0,VIDEO_OUTPUT_MPLANE
15781.392565,v4l2_qbuf,0,VIDEO_OUTPUT_MPLANE
15781.392589,v4l2_qbuf,4,VIDEO_CAPTURE_MPLANE
15781.395982,v4l2_dqbuf,4,VIDEO_CAPTURE_MPLANE
15781.395996,v4l2_dqbuf,0,VIDEO_OUTPUT_MPLANE
15781.408911,v4l2_qbuf,0,VIDEO_OUTPUT_MPLANE
15781.408933,v4l2_qbuf,6,VIDEO_CAPTURE_MPLANE
15781.411182,v4l2_dqbuf,6,VIDEO_CAPTURE_MPLANE
15781.411197,v4l2_dqbuf,0,VIDEO_OUTPUT_MPLANE
15781.425589,v4l2_qbuf,0,VIDEO_OUTPUT_MPLANE
15781.425611,v4l2_qbuf,5,VIDEO_CAPTURE_MPLANE
15781.428887,v4l2_dqbuf,5,VIDEO_CAPTURE_MPLANE
15781.428905,v4l2_dqbuf,0,VIDEO_OUTPUT_MPLANE
15781.442290,v4l2_qbuf,0,VIDEO_OUTPUT_MPLANE
15781.442315,v4l2_qbuf,0,VIDEO_CAPTURE_MPLANE
15781.445422,v4l2_dqbuf,0,VIDEO_CAPTURE_MPLANE
15781.445510,v4l2_dqbuf,0,VIDEO_OUTPUT_MPLANE
15781.461245,v4l2_qbuf,0,VIDEO_OUTPUT_MPLANE
15781.461268,v4l2_qbuf,7,VIDEO_CAPTURE_MPLANE
15781.464578,v4l2_dqbuf,7,VIDEO_CAPTURE_MPLANE
15781.464590,v4l2_dqbuf,0,VIDEO_OUTPUT_MPLANE
15781.475662,v4l2_qbuf,0,VIDEO_OUTPUT_MPLANE
15781.475687,v4l2_qbuf,3,VIDEO_CAPTURE_MPLANE
15781.477911,v4l2_dqbuf,3,VIDEO_CAPTURE_MPLANE
15781.477928,v4l2_dqbuf,0,VIDEO_OUTPUT_MPLANE
15781.492274,v4l2_qbuf,0,VIDEO_OUTPUT_MPLANE
15781.492299,v4l2_qbuf,2,VIDEO_CAPTURE_MPLANE
15781.495415,v4l2_dqbuf,2,VIDEO_CAPTURE_MPLANE
15781.495432,v4l2_dqbuf,0,VIDEO_OUTPUT_MPLANE
15781.509094,v4l2_qbuf,0,VIDEO_OUTPUT_MPLANE
15781.509117,v4l2_qbuf,4,VIDEO_CAPTURE_MPLANE
15781.512352,v4l2_dqbuf,4,VIDEO_CAPTURE_MPLANE
15781.512464,v4l2_dqbuf,0,VIDEO_OUTPUT_MPLANE
15781.525723,v4l2_qbuf,0,VIDEO_OUTPUT_MPLANE
15781.525745,v4l2_qbuf,1,VIDEO_CAPTURE_MPLANE
15781.528883,v4l2_dqbuf,1,VIDEO_CAPTURE_MPLANE
15781.528898,v4l2_dqbuf,0,VIDEO_OUTPUT_MPLANE
15781.543513,v4l2_qbuf,0,VIDEO_OUTPUT_MPLANE
15781.543550,v4l2_qbuf,0,VIDEO_CAPTURE_MPLANE
15781.545950,v4l2_dqbuf,0,VIDEO_CAPTURE_MPLANE
15781.545992,v4l2_dqbuf,0,VIDEO_OUTPUT_MPLANE
15781.559310,v4l2_qbuf,0,VIDEO_OUTPUT_MPLANE
15781.559331,v4l2_qbuf,5,VIDEO_CAPTURE_MPLANE
15781.562565,v4l2_dqbuf,5,VIDEO_CAPTURE_MPLANE
15781.562597,v4l2_dqbuf,0,VIDEO_OUTPUT_MPLANE
15781.575927,v4l2_qbuf,0,VIDEO_OUTPUT_MPLANE
15781.575962,v4l2_qbuf,7,VIDEO_CAPTURE_MPLANE
15781.579191,v4l2_dqbuf,7,VIDEO_CAPTURE_MPLANE
15781.579339,v4l2_dqbuf,0,VIDEO_OUTPUT_MPLANE
15781.592698,v4l2_qbuf,0,VIDEO_OUTPUT_MPLANE
15781.592730,v4l2_qbuf,6,VIDEO_CAPTURE_MPLANE
15781.595965,v4l2_dqbuf,6,VIDEO_CAPTURE_MPLANE
15781.595993,v4l2_dqbuf,0,VIDEO_OUTPUT_MPLANE
15781.608989,v4l2_qbuf,0,VIDEO_OUTPUT_MPLANE
15781.609022,v4l2_qbuf,4,VIDEO_CAPTURE_MPLANE
15781.611276,v4l2_dqbuf,4,VIDEO_CAPTURE_MPLANE
15781.611311,v4l2_dqbuf,0,VIDEO_OUTPUT_MPLANE
15781.625583,v4l2_qbuf,0,VIDEO_OUTPUT_MPLANE
15781.625613,v4l2_qbuf,2,VIDEO_CAPTURE_MPLANE
15781.628820,v4l2_dqbuf,2,VIDEO_CAPTURE_MPLANE
15781.628855,v4l2_dqbuf,0,VIDEO_OUTPUT_MPLANE
15781.642762,v4l2_qbuf,0,VIDEO_OUTPUT_MPLANE
15781.642868,v4l2_qbuf,1,VIDEO_CAPTURE_MPLANE
15781.645926,v4l2_dqbuf,1,VIDEO_CAPTURE_MPLANE
15781.646022,v4l2_dqbuf,0,VIDEO_OUTPUT_MPLANE
15781.659283,v4l2_qbuf,0,VIDEO_OUTPUT_MPLANE
15781.659302,v4l2_qbuf,3,VIDEO_CAPTURE_MPLANE
15781.662553,v4l2_dqbuf,3,VIDEO_CAPTURE_MPLANE
15781.662569,v4l2_dqbuf,0,VIDEO_OUTPUT_MPLANE
15781.675724,v4l2_qbuf,0,VIDEO_OUTPUT_MPLANE
15781.675755,v4l2_qbuf,7,VIDEO_CAPTURE_MPLANE
15781.677820,v4l2_dqbuf,7,VIDEO_CAPTURE_MPLANE
15781.677833,v4l2_dqbuf,0,VIDEO_OUTPUT_MPLANE
15781.692172,v4l2_qbuf,0,VIDEO_OUTPUT_MPLANE
15781.692273,v4l2_qbuf,5,VIDEO_CAPTURE_MPLANE
15781.695485,v4l2_dqbuf,5,VIDEO_CAPTURE_MPLANE
15781.695501,v4l2_dqbuf,0,VIDEO_OUTPUT_MPLANE
15781.708801,v4l2_qbuf,0,VIDEO_OUTPUT_MPLANE
15781.708818,v4l2_qbuf,6,VIDEO_CAPTURE_MPLANE
15781.712106,v4l2_dqbuf,6,VIDEO_CAPTURE_MPLANE
15781.712321,v4l2_dqbuf,0,VIDEO_OUTPUT_MPLANE
15781.725617,v4l2_qbuf,0,VIDEO_OUTPUT_MPLANE
15781.725640,v4l2_qbuf,0,VIDEO_CAPTURE_MPLANE
15781.727482,v4l2_dqbuf,0,VIDEO_CAPTURE_MPLANE
15781.727495,v4l2_dqbuf,0,VIDEO_OUTPUT_MPLANE
15781.742529,v4l2_qbuf,0,VIDEO_OUTPUT_MPLANE
15781.742571,v4l2_qbuf,1,VIDEO_CAPTURE_MPLANE
15781.744649,v4l2_dqbuf,1,VIDEO_CAPTURE_MPLANE
15781.744672,v4l2_dqbuf,0,VIDEO_OUTPUT_MPLANE
15781.758892,v4l2_qbuf,0,VIDEO_OUTPUT_MPLANE
15781.758926,v4l2_qbuf,2,VIDEO_CAPTURE_MPLANE
15781.762066,v4l2_dqbuf,2,VIDEO_CAPTURE_MPLANE
15781.762084,v4l2_dqbuf,0,VIDEO_OUTPUT_MPLANE
15781.775538,v4l2_qbuf,0,VIDEO_OUTPUT_MPLANE
15781.775563,v4l2_qbuf,3,VIDEO_CAPTURE_MPLANE
15781.777762,v4l2_dqbuf,3,VIDEO_CAPTURE_MPLANE
15781.777774,v4l2_dqbuf,0,VIDEO_OUTPUT_MPLANE
15781.792161,v4l2_qbuf,0,VIDEO_OUTPUT_MPLANE
15781.792179,v4l2_qbuf,4,VIDEO_CAPTURE_MPLANE
15781.795397,v4l2_dqbuf,4,VIDEO_CAPTURE_MPLANE
15781.795410,v4l2_dqbuf,0,VIDEO_OUTPUT_MPLANE
15781.808888,v4l2_qbuf,0,VIDEO_OUTPUT_MPLANE
15781.808905,v4l2_qbuf,5,VIDEO_CAPTURE_MPLANE
15781.812208,v4l2_dqbuf,5,VIDEO_CAPTURE_MPLANE
15781.812304,v4l2_dqbuf,0,VIDEO_OUTPUT_MPLANE
15781.825678,v4l2_qbuf,0,VIDEO_OUTPUT_MPLANE
15781.825701,v4l2_qbuf,6,VIDEO_CAPTURE_MPLANE
15781.828934,v4l2_dqbuf,6,VIDEO_CAPTURE_MPLANE
15781.828948,v4l2_dqbuf,0,VIDEO_OUTPUT_MPLANE
15781.842312,v4l2_qbuf,0,VIDEO_OUTPUT_MPLANE
15781.842331,v4l2_qbuf,7,VIDEO_CAPTURE_MPLANE
15781.844699,v4l2_dqbuf,7,VIDEO_CAPTURE_MPLANE
15781.844711,v4l2_dqbuf,0,VIDEO_OUTPUT_MPLANE
15781.859250,v4l2_qbuf,0,VIDEO_OUTPUT_MPLANE
15781.859272,v4l2_qbuf,0,VIDEO_CAPTURE_MPLANE
15781.862342,v4l2_dqbuf,0,VIDEO_CAPTURE_MPLANE
15781.862358,v4l2_dqbuf,0,VIDEO_OUTPUT_MPLANE
15781.876017,v4l2_qbuf,0,VIDEO_OUTPUT_MPLANE
15781.876096,v4l2_qbuf,2,VIDEO_CAPTURE_MPLANE
15781.879299,v4l2_dqbuf,2,VIDEO_CAPTURE_MPLANE
15781.879397,v4l2_dqbuf,0,VIDEO_OUTPUT_MPLANE
15781.892447,v4l2_qbuf,0,VIDEO_OUTPUT_MPLANE
15781.892471,v4l2_qbuf,1,VIDEO_CAPTURE_MPLANE
15781.895601,v4l2_dqbuf,1,VIDEO_CAPTURE_MPLANE
15781.895614,v4l2_dqbuf,0,VIDEO_OUTPUT_MPLANE
15781.909665,v4l2_qbuf,0,VIDEO_OUTPUT_MPLANE
15781.909687,v4l2_qbuf,5,VIDEO_CAPTURE_MPLANE
15781.911881,v4l2_dqbuf,5,VIDEO_CAPTURE_MPLANE
15781.911898,v4l2_dqbuf,0,VIDEO_OUTPUT_MPLANE
15781.925499,v4l2_qbuf,0,VIDEO_OUTPUT_MPLANE
15781.925523,v4l2_qbuf,4,VIDEO_CAPTURE_MPLANE
15781.930068,v4l2_dqbuf,4,VIDEO_CAPTURE_MPLANE
15781.930091,v4l2_dqbuf,0,VIDEO_OUTPUT_MPLANE
15781.942364,v4l2_qbuf,0,VIDEO_OUTPUT_MPLANE
15781.942389,v4l2_qbuf,6,VIDEO_CAPTURE_MPLANE
15781.945518,v4l2_dqbuf,6,VIDEO_CAPTURE_MPLANE
15781.945614,v4l2_dqbuf,0,VIDEO_OUTPUT_MPLANE
15781.959142,v4l2_qbuf,0,VIDEO_OUTPUT_MPLANE
15781.959184,v4l2_qbuf,3,VIDEO_CAPTURE_MPLANE
15781.964546,v4l2_dqbuf,3,VIDEO_CAPTURE_MPLANE
15781.964566,v4l2_dqbuf,0,VIDEO_OUTPUT_MPLANE
15781.978301,v4l2_qbuf,0,VIDEO_OUTPUT_MPLANE
15781.978327,v4l2_qbuf,2,VIDEO_CAPTURE_MPLANE
15781.980428,v4l2_dqbuf,2,VIDEO_CAPTURE_MPLANE
15781.980442,v4l2_dqbuf,0,VIDEO_OUTPUT_MPLANE
15781.992624,v4l2_qbuf,0,VIDEO_OUTPUT_MPLANE
15781.992647,v4l2_qbuf,0,VIDEO_CAPTURE_MPLANE
15781.995883,v4l2_dqbuf,0,VIDEO_CAPTURE_MPLANE
15781.995896,v4l2_dqbuf,0,VIDEO_OUTPUT_MPLANE
15782.010089,v4l2_qbuf,0,VIDEO_OUTPUT_MPLANE
15782.010113,v4l2_qbuf,1,VIDEO_CAPTURE_MPLANE
15782.013319,v4l2_dqbuf,1,VIDEO_CAPTURE_MPLANE
15782.013407,v4l2_dqbuf,0,VIDEO_OUTPUT_MPLANE
15782.025764,v4l2_qbuf,0,VIDEO_OUTPUT_MPLANE
15782.025807,v4l2_qbuf,7,VIDEO_CAPTURE_MPLANE
15782.029038,v4l2_dqbuf,7,VIDEO_CAPTURE_MPLANE
15782.029073,v4l2_dqbuf,0,VIDEO_OUTPUT_MPLANE
15782.042753,v4l2_qbuf,0,VIDEO_OUTPUT_MPLANE
15782.042772,v4l2_qbuf,6,VIDEO_CAPTURE_MPLANE
15782.045140,v4l2_dqbuf,6,VIDEO_CAPTURE_MPLANE
15782.045160,v4l2_dqbuf,0,VIDEO_OUTPUT_MPLANE
15782.059318,v4l2_qbuf,0,VIDEO_OUTPUT_MPLANE
15782.059354,v4l2_qbuf,4,VIDEO_CAPTURE_MPLANE
15782.062793,v4l2_dqbuf,4,VIDEO_CAPTURE_MPLANE
15782.062850,v4l2_dqbuf,0,VIDEO_OUTPUT_MPLANE
15782.075937,v4l2_qbuf,0,VIDEO_OUTPUT_MPLANE
15782.075961,v4l2_qbuf,3,VIDEO_CAPTURE_MPLANE
15782.079027,v4l2_dqbuf,3,VIDEO_CAPTURE_MPLANE
15782.079117,v4l2_dqbuf,0,VIDEO_OUTPUT_MPLANE
15782.092535,v4l2_qbuf,0,VIDEO_OUTPUT_MPLANE
15782.092626,v4l2_qbuf,5,VIDEO_CAPTURE_MPLANE
15782.096051,v4l2_dqbuf,5,VIDEO_CAPTURE_MPLANE
15782.096070,v4l2_dqbuf,0,VIDEO_OUTPUT_MPLANE
15782.109172,v4l2_qbuf,0,VIDEO_OUTPUT_MPLANE
15782.109193,v4l2_qbuf,1,VIDEO_CAPTURE_MPLANE
15782.111434,v4l2_dqbuf,1,VIDEO_CAPTURE_MPLANE
15782.111450,v4l2_dqbuf,0,VIDEO_OUTPUT_MPLANE
15782.127467,v4l2_qbuf,0,VIDEO_OUTPUT_MPLANE
15782.127489,v4l2_qbuf,0,VIDEO_CAPTURE_MPLANE
15782.130811,v4l2_dqbuf,0,VIDEO_CAPTURE_MPLANE
15782.130832,v4l2_dqbuf,0,VIDEO_OUTPUT_MPLANE
15782.142705,v4l2_qbuf,0,VIDEO_OUTPUT_MPLANE
15782.142730,v4l2_qbuf,7,VIDEO_CAPTURE_MPLANE
15782.145959,v4l2_dqbuf,7,VIDEO_CAPTURE_MPLANE
15782.146066,v4l2_dqbuf,0,VIDEO_OUTPUT_MPLANE
15782.161307,v4l2_qbuf,0,VIDEO_OUTPUT_MPLANE
15782.161333,v4l2_qbuf,2,VIDEO_CAPTURE_MPLANE
15782.164506,v4l2_dqbuf,2,VIDEO_CAPTURE_MPLANE
15782.164518,v4l2_dqbuf,0,VIDEO_OUTPUT_MPLANE
15782.177584,v4l2_qbuf,0,VIDEO_OUTPUT_MPLANE
15782.177601,v4l2_qbuf,3,VIDEO_CAPTURE_MPLANE
15782.179808,v4l2_dqbuf,3,VIDEO_CAPTURE_MPLANE
15782.179818,v4l2_dqbuf,0,VIDEO_OUTPUT_MPLANE
15782.194456,v4l2_qbuf,0,VIDEO_OUTPUT_MPLANE
15782.194494,v4l2_qbuf,4,VIDEO_CAPTURE_MPLANE
15782.197789,v4l2_dqbuf,4,VIDEO_CAPTURE_MPLANE
15782.197816,v4l2_dqbuf,0,VIDEO_OUTPUT_MPLANE
15782.211882,v4l2_qbuf,0,VIDEO_OUTPUT_MPLANE
15782.211935,v4l2_qbuf,5,VIDEO_CAPTURE_MPLANE
15782.217243,v4l2_dqbuf,5,VIDEO_CAPTURE_MPLANE
15782.217367,v4l2_dqbuf,0,VIDEO_OUTPUT_MPLANE
15782.228213,v4l2_qbuf,0,VIDEO_OUTPUT_MPLANE
15782.228255,v4l2_qbuf,6,VIDEO_CAPTURE_MPLANE
15782.231451,v4l2_dqbuf,6,VIDEO_CAPTURE_MPLANE
15782.231464,v4l2_dqbuf,0,VIDEO_OUTPUT_MPLANE
15782.244618,v4l2_qbuf,0,VIDEO_OUTPUT_MPLANE
15782.244640,v4l2_qbuf,7,VIDEO_CAPTURE_MPLANE
15782.246836,v4l2_dqbuf,7,VIDEO_CAPTURE_MPLANE
15782.246851,v4l2_dqbuf,0,VIDEO_OUTPUT_MPLANE
15782.261753,v4l2_qbuf,0,VIDEO_OUTPUT_MPLANE
15782.261813,v4l2_qbuf,0,VIDEO_CAPTURE_MPLANE
15782.265119,v4l2_dqbuf,0,VIDEO_CAPTURE_MPLANE
15782.265134,v4l2_dqbuf,0,VIDEO_OUTPUT_MPLANE
15782.277741,v4l2_qbuf,0,VIDEO_OUTPUT_MPLANE
15782.277773,v4l2_qbuf,2,VIDEO_CAPTURE_MPLANE
15782.281059,v4l2_dqbuf,2,VIDEO_CAPTURE_MPLANE
15782.281076,v4l2_dqbuf,0,VIDEO_OUTPUT_MPLANE
15782.294204,v4l2_qbuf,0,VIDEO_OUTPUT_MPLANE
15782.294231,v4l2_qbuf,1,VIDEO_CAPTURE_MPLANE
15782.296389,v4l2_dqbuf,1,VIDEO_CAPTURE_MPLANE
15782.296404,v4l2_dqbuf,0,VIDEO_OUTPUT_MPLANE
15782.311029,v4l2_qbuf,0,VIDEO_OUTPUT_MPLANE
15782.311050,v4l2_qbuf,5,VIDEO_CAPTURE_MPLANE
15782.316228,v4l2_dqbuf,5,VIDEO_CAPTURE_MPLANE
15782.316252,v4l2_dqbuf,0,VIDEO_OUTPUT_MPLANE
15782.327739,v4l2_qbuf,0,VIDEO_OUTPUT_MPLANE
15782.327781,v4l2_qbuf,4,VIDEO_CAPTURE_MPLANE
15782.330990,v4l2_dqbuf,4,VIDEO_CAPTURE_MPLANE
15782.331169,v4l2_dqbuf,0,VIDEO_OUTPUT_MPLANE
15782.344731,v4l2_qbuf,0,VIDEO_OUTPUT_MPLANE
15782.344745,v4l2_qbuf,6,VIDEO_CAPTURE_MPLANE
15782.347788,v4l2_dqbuf,6,VIDEO_CAPTURE_MPLANE
15782.347801,v4l2_dqbuf,0,VIDEO_OUTPUT_MPLANE
15782.361222,v4l2_qbuf,0,VIDEO_OUTPUT_MPLANE
15782.361257,v4l2_qbuf,3,VIDEO_CAPTURE_MPLANE
15782.363498,v4l2_dqbuf,3,VIDEO_CAPTURE_MPLANE
15782.363521,v4l2_dqbuf,0,VIDEO_OUTPUT_MPLANE
15782.377502,v4l2_qbuf,0,VIDEO_OUTPUT_MPLANE
15782.377549,v4l2_qbuf,0,VIDEO_CAPTURE_MPLANE
15782.380755,v4l2_dqbuf,0,VIDEO_CAPTURE_MPLANE
15782.380766,v4l2_dqbuf,0,VIDEO_OUTPUT_MPLANE
15782.394781,v4l2_qbuf,0,VIDEO_OUTPUT_MPLANE
15782.394825,v4l2_qbuf,2,VIDEO_CAPTURE_MPLANE
15782.399671,v4l2_dqbuf,2,VIDEO_CAPTURE_MPLANE
15782.399800,v4l2_dqbuf,0,VIDEO_OUTPUT_MPLANE
15782.411259,v4l2_qbuf,0,VIDEO_OUTPUT_MPLANE
15782.411280,v4l2_qbuf,7,VIDEO_CAPTURE_MPLANE
15782.414297,v4l2_dqbuf,7,VIDEO_CAPTURE_MPLANE
15782.414312,v4l2_dqbuf,0,VIDEO_OUTPUT_MPLANE
15782.427655,v4l2_qbuf,0,VIDEO_OUTPUT_MPLANE
15782.427679,v4l2_qbuf,4,VIDEO_CAPTURE_MPLANE
15782.429840,v4l2_dqbuf,4,VIDEO_CAPTURE_MPLANE
15782.429856,v4l2_dqbuf,0,VIDEO_OUTPUT_MPLANE
15782.445756,v4l2_qbuf,0,VIDEO_OUTPUT_MPLANE
15782.445790,v4l2_qbuf,5,VIDEO_CAPTURE_MPLANE
15782.449122,v4l2_dqbuf,5,VIDEO_CAPTURE_MPLANE
15782.449143,v4l2_dqbuf,0,VIDEO_OUTPUT_MPLANE
15782.461019,v4l2_qbuf,0,VIDEO_OUTPUT_MPLANE
15782.461040,v4l2_qbuf,6,VIDEO_CAPTURE_MPLANE
15782.464198,v4l2_dqbuf,6,VIDEO_CAPTURE_MPLANE
15782.464293,v4l2_dqbuf,0,VIDEO_OUTPUT_MPLANE
15782.477752,v4l2_qbuf,0,VIDEO_OUTPUT_MPLANE
15782.477776,v4l2_qbuf,1,VIDEO_CAPTURE_MPLANE
15782.480806,v4l2_dqbuf,1,VIDEO_CAPTURE_MPLANE
15782.480820,v4l2_dqbuf,0,VIDEO_OUTPUT_MPLANE
15782.495017,v4l2_qbuf,0,VIDEO_OUTPUT_MPLANE
15782.495040,v4l2_qbuf,2,VIDEO_CAPTURE_MPLANE
15782.497245,v4l2_dqbuf,2,VIDEO_CAPTURE_MPLANE
15782.497262,v4l2_dqbuf,0,VIDEO_OUTPUT_MPLANE
15782.512030,v4l2_qbuf,0,VIDEO_OUTPUT_MPLANE
15782.512061,v4l2_qbuf,0,VIDEO_CAPTURE_MPLANE
15782.515373,v4l2_dqbuf,0,VIDEO_CAPTURE_MPLANE
15782.515390,v4l2_dqbuf,0,VIDEO_OUTPUT_MPLANE
15782.527799,v4l2_qbuf,0,VIDEO_OUTPUT_MPLANE
15782.527832,v4l2_qbuf,7,VIDEO_CAPTURE_MPLANE
15782.530046,v4l2_dqbuf,7,VIDEO_CAPTURE_MPLANE
15782.530082,v4l2_dqbuf,0,VIDEO_OUTPUT_MPLANE
15782.549294,v4l2_qbuf,0,VIDEO_OUTPUT_MPLANE
15782.549345,v4l2_qbuf,3,VIDEO_CAPTURE_MPLANE
15782.552761,v4l2_dqbuf,3,VIDEO_CAPTURE_MPLANE
15782.552791,v4l2_dqbuf,0,VIDEO_OUTPUT_MPLANE
15782.564819,v4l2_qbuf,0,VIDEO_OUTPUT_MPLANE
15782.564841,v4l2_qbuf,6,VIDEO_CAPTURE_MPLANE
15782.568054,v4l2_dqbuf,6,VIDEO_CAPTURE_MPLANE
15782.568157,v4l2_dqbuf,0,VIDEO_OUTPUT_MPLANE
15782.581704,v4l2_qbuf,0,VIDEO_OUTPUT_MPLANE
15782.581739,v4l2_qbuf,5,VIDEO_CAPTURE_MPLANE
15782.584878,v4l2_dqbuf,5,VIDEO_CAPTURE_MPLANE
15782.584892,v4l2_dqbuf,0,VIDEO_OUTPUT_MPLANE
15782.598315,v4l2_qbuf,0,VIDEO_OUTPUT_MPLANE
15782.598337,v4l2_qbuf,1,VIDEO_CAPTURE_MPLANE
15782.600567,v4l2_dqbuf,1,VIDEO_CAPTURE_MPLANE
15782.600591,v4l2_dqbuf,0,VIDEO_OUTPUT_MPLANE
15782.615410,v4l2_qbuf,0,VIDEO_OUTPUT_MPLANE
15782.615447,v4l2_qbuf,4,VIDEO_CAPTURE_MPLANE
15782.620472,v4l2_dqbuf,4,VIDEO_CAPTURE_MPLANE
15782.620496,v4l2_dqbuf,0,VIDEO_OUTPUT_MPLANE
15782.631642,v4l2_qbuf,0,VIDEO_OUTPUT_MPLANE
15782.631665,v4l2_qbuf,0,VIDEO_CAPTURE_MPLANE
15782.635378,v4l2_dqbuf,0,VIDEO_CAPTURE_MPLANE
15782.635401,v4l2_dqbuf,0,VIDEO_OUTPUT_MPLANE
15782.650203,v4l2_qbuf,0,VIDEO_OUTPUT_MPLANE
15782.650224,v4l2_qbuf,2,VIDEO_CAPTURE_MPLANE
15782.652507,v4l2_dqbuf,2,VIDEO_CAPTURE_MPLANE
15782.652525,v4l2_dqbuf,0,VIDEO_OUTPUT_MPLANE
15782.665323,v4l2_qbuf,0,VIDEO_OUTPUT_MPLANE
15782.665345,v4l2_qbuf,6,VIDEO_CAPTURE_MPLANE
15782.668412,v4l2_dqbuf,6,VIDEO_CAPTURE_MPLANE
15782.668429,v4l2_dqbuf,0,VIDEO_OUTPUT_MPLANE
15782.681796,v4l2_qbuf,0,VIDEO_OUTPUT_MPLANE
15782.681818,v4l2_qbuf,3,VIDEO_CAPTURE_MPLANE
15782.685033,v4l2_dqbuf,3,VIDEO_CAPTURE_MPLANE
15782.685130,v4l2_dqbuf,0,VIDEO_OUTPUT_MPLANE
15782.698938,v4l2_qbuf,0,VIDEO_OUTPUT_MPLANE
15782.698979,v4l2_qbuf,5,VIDEO_CAPTURE_MPLANE
15782.702341,v4l2_dqbuf,5,VIDEO_CAPTURE_MPLANE
15782.702365,v4l2_dqbuf,0,VIDEO_OUTPUT_MPLANE
15782.715349,v4l2_qbuf,0,VIDEO_OUTPUT_MPLANE
15782.715392,v4l2_qbuf,7,VIDEO_CAPTURE_MPLANE
15782.717754,v4l2_dqbuf,7,VIDEO_CAPTURE_MPLANE
15782.717900,v4l2_dqbuf,0,VIDEO_OUTPUT_MPLANE
15782.732345,v4l2_qbuf,0,VIDEO_OUTPUT_MPLANE
15782.732396,v4l2_qbuf,4,VIDEO_CAPTURE_MPLANE
15782.734384,v4l2_dqbuf,4,VIDEO_CAPTURE_MPLANE
15782.734413,v4l2_dqbuf,0,VIDEO_OUTPUT_MPLANE
15782.749175,v4l2_qbuf,0,VIDEO_OUTPUT_MPLANE
15782.749250,v4l2_qbuf,0,VIDEO_CAPTURE_MPLANE
15782.751501,v4l2_dqbuf,0,VIDEO_CAPTURE_MPLANE
15782.751515,v4l2_dqbuf,0,VIDEO_OUTPUT_MPLANE
15782.764969,v4l2_qbuf,0,VIDEO_OUTPUT_MPLANE
15782.764989,v4l2_qbuf,1,VIDEO_CAPTURE_MPLANE
15782.768069,v4l2_dqbuf,1,VIDEO_CAPTURE_MPLANE
15782.768084,v4l2_dqbuf,0,VIDEO_OUTPUT_MPLANE
15782.781649,v4l2_qbuf,0,VIDEO_OUTPUT_MPLANE
15782.781669,v4l2_qbuf,3,VIDEO_CAPTURE_MPLANE
15782.784779,v4l2_dqbuf,3,VIDEO_CAPTURE_MPLANE
15782.784804,v4l2_dqbuf,0,VIDEO_OUTPUT_MPLANE
15782.798896,v4l2_qbuf,0,VIDEO_OUTPUT_MPLANE
15782.798928,v4l2_qbuf,6,VIDEO_CAPTURE_MPLANE
15782.801145,v4l2_dqbuf,6,VIDEO_CAPTURE_MPLANE
15782.801240,v4l2_dqbuf,0,VIDEO_OUTPUT_MPLANE
15782.815398,v4l2_qbuf,0,VIDEO_OUTPUT_MPLANE
15782.815439,v4l2_qbuf,5,VIDEO_CAPTURE_MPLANE
15782.820115,v4l2_dqbuf,5,VIDEO_CAPTURE_MPLANE
15782.820141,v4l2_dqbuf,0,VIDEO_OUTPUT_MPLANE
15782.831728,v4l2_qbuf,0,VIDEO_OUTPUT_MPLANE
15782.831764,v4l2_qbuf,2,VIDEO_CAPTURE_MPLANE
15782.836212,v4l2_dqbuf,2,VIDEO_CAPTURE_MPLANE
15782.836230,v4l2_dqbuf,0,VIDEO_OUTPUT_MPLANE
15782.849711,v4l2_qbuf,0,VIDEO_OUTPUT_MPLANE
15782.849742,v4l2_qbuf,7,VIDEO_CAPTURE_MPLANE
15782.851971,v4l2_dqbuf,7,VIDEO_CAPTURE_MPLANE
15782.852022,v4l2_dqbuf,0,VIDEO_OUTPUT_MPLANE
15782.864848,v4l2_qbuf,0,VIDEO_OUTPUT_MPLANE
15782.864871,v4l2_qbuf,4,VIDEO_CAPTURE_MPLANE
15782.867986,v4l2_dqbuf,4,VIDEO_CAPTURE_MPLANE
15782.868014,v4l2_dqbuf,0,VIDEO_OUTPUT_MPLANE
15782.883465,v4l2_qbuf,0,VIDEO_OUTPUT_MPLANE
15782.883486,v4l2_qbuf,1,VIDEO_CAPTURE_MPLANE
15782.886650,v4l2_dqbuf,1,VIDEO_CAPTURE_MPLANE
15782.886666,v4l2_dqbuf,0,VIDEO_OUTPUT_MPLANE
15782.899888,v4l2_qbuf,0,VIDEO_OUTPUT_MPLANE
15782.899912,v4l2_qbuf,3,VIDEO_CAPTURE_MPLANE
15782.902314,v4l2_dqbuf,3,VIDEO_CAPTURE_MPLANE
15782.902347,v4l2_dqbuf,0,VIDEO_OUTPUT_MPLANE
15782.917044,v4l2_qbuf,0,VIDEO_OUTPUT_MPLANE
15782.917199,v4l2_qbuf,0,VIDEO_CAPTURE_MPLANE
15782.920421,v4l2_dqbuf,0,VIDEO_CAPTURE_MPLANE
15782.920434,v4l2_dqbuf,0,VIDEO_OUTPUT_MPLANE
15782.933770,v4l2_qbuf,0,VIDEO_OUTPUT_MPLANE
15782.933794,v4l2_qbuf,5,VIDEO_CAPTURE_MPLANE
15782.937151,v4l2_dqbuf,5,VIDEO_CAPTURE_MPLANE
15782.937400,v4l2_dqbuf,0,VIDEO_OUTPUT_MPLANE
15782.953831,v4l2_qbuf,0,VIDEO_OUTPUT_MPLANE
15782.953852,v4l2_qbuf,2,VIDEO_CAPTURE_MPLANE
15782.958383,v4l2_dqbuf,2,VIDEO_CAPTURE_MPLANE
15782.958411,v4l2_dqbuf,0,VIDEO_OUTPUT_MPLANE
15782.970281,v4l2_qbuf,0,VIDEO_OUTPUT_MPLANE
15782.970304,v4l2_qbuf,6,VIDEO_CAPTURE_MPLANE
15782.972700,v4l2_dqbuf,6,VIDEO_CAPTURE_MPLANE
15782.972718,v4l2_dqbuf,0,VIDEO_OUTPUT_MPLANE
15782.989316,v4l2_qbuf,0,VIDEO_OUTPUT_MPLANE
15782.989345,v4l2_qbuf,4,VIDEO_CAPTURE_MPLANE
15782.992475,v4l2_dqbuf,4,VIDEO_CAPTURE_MPLANE
15782.992497,v4l2_dqbuf,0,VIDEO_OUTPUT_MPLANE
15783.005043,v4l2_qbuf,0,VIDEO_OUTPUT_MPLANE
15783.005064,v4l2_qbuf,1,VIDEO_CAPTURE_MPLANE
15783.008215,v4l2_dqbuf,1,VIDEO_CAPTURE_MPLANE
15783.008318,v4l2_dqbuf,0,VIDEO_OUTPUT_MPLANE
15783.023302,v4l2_qbuf,0,VIDEO_OUTPUT_MPLANE
15783.023319,v4l2_qbuf,7,VIDEO_CAPTURE_MPLANE
15783.026520,v4l2_dqbuf,7,VIDEO_CAPTURE_MPLANE
15783.026534,v4l2_dqbuf,0,VIDEO_OUTPUT_MPLANE
15783.040158,v4l2_qbuf,0,VIDEO_OUTPUT_MPLANE
15783.040180,v4l2_qbuf,5,VIDEO_CAPTURE_MPLANE
15783.042485,v4l2_dqbuf,5,VIDEO_CAPTURE_MPLANE
15783.042502,v4l2_dqbuf,0,VIDEO_OUTPUT_MPLANE
15783.058368,v4l2_qbuf,0,VIDEO_OUTPUT_MPLANE
15783.058390,v4l2_qbuf,0,VIDEO_CAPTURE_MPLANE
15783.061526,v4l2_dqbuf,0,VIDEO_CAPTURE_MPLANE
15783.061544,v4l2_dqbuf,0,VIDEO_OUTPUT_MPLANE
15783.073784,v4l2_qbuf,0,VIDEO_OUTPUT_MPLANE
15783.073805,v4l2_qbuf,2,VIDEO_CAPTURE_MPLANE
15783.076923,v4l2_dqbuf,2,VIDEO_CAPTURE_MPLANE
15783.077032,v4l2_dqbuf,0,VIDEO_OUTPUT_MPLANE
15783.090290,v4l2_qbuf,0,VIDEO_OUTPUT_MPLANE
15783.090310,v4l2_qbuf,3,VIDEO_CAPTURE_MPLANE
15783.093557,v4l2_dqbuf,3,VIDEO_CAPTURE_MPLANE
15783.093576,v4l2_dqbuf,0,VIDEO_OUTPUT_MPLANE
15783.106674,v4l2_qbuf,0,VIDEO_OUTPUT_MPLANE
15783.106695,v4l2_qbuf,1,VIDEO_CAPTURE_MPLANE
15783.109067,v4l2_dqbuf,1,VIDEO_CAPTURE_MPLANE
15783.109087,v4l2_dqbuf,0,VIDEO_OUTPUT_MPLANE
15783.123464,v4l2_qbuf,0,VIDEO_OUTPUT_MPLANE
15783.123494,v4l2_qbuf,4,VIDEO_CAPTURE_MPLANE
15783.126716,v4l2_dqbuf,4,VIDEO_CAPTURE_MPLANE
15783.126729,v4l2_dqbuf,0,VIDEO_OUTPUT_MPLANE
15783.140162,v4l2_qbuf,0,VIDEO_OUTPUT_MPLANE
15783.140184,v4l2_qbuf,7,VIDEO_CAPTURE_MPLANE
15783.143352,v4l2_dqbuf,7,VIDEO_CAPTURE_MPLANE
15783.143548,v4l2_dqbuf,0,VIDEO_OUTPUT_MPLANE
15783.158448,v4l2_qbuf,0,VIDEO_OUTPUT_MPLANE
15783.158469,v4l2_qbuf,6,VIDEO_CAPTURE_MPLANE
15783.161624,v4l2_dqbuf,6,VIDEO_CAPTURE_MPLANE
15783.161640,v4l2_dqbuf,0,VIDEO_OUTPUT_MPLANE
15783.173378,v4l2_qbuf,0,VIDEO_OUTPUT_MPLANE
15783.173401,v4l2_qbuf,2,VIDEO_CAPTURE_MPLANE
15783.175580,v4l2_dqbuf,2,VIDEO_CAPTURE_MPLANE
15783.175598,v4l2_dqbuf,0,VIDEO_OUTPUT_MPLANE
15783.191734,v4l2_qbuf,0,VIDEO_OUTPUT_MPLANE
15783.191755,v4l2_qbuf,0,VIDEO_CAPTURE_MPLANE
15783.194890,v4l2_dqbuf,0,VIDEO_CAPTURE_MPLANE
15783.194909,v4l2_dqbuf,0,VIDEO_OUTPUT_MPLANE
15783.208637,v4l2_qbuf,0,VIDEO_OUTPUT_MPLANE
15783.208660,v4l2_qbuf,3,VIDEO_CAPTURE_MPLANE
15783.211901,v4l2_dqbuf,3,VIDEO_CAPTURE_MPLANE
15783.211996,v4l2_dqbuf,0,VIDEO_OUTPUT_MPLANE
15783.225053,v4l2_qbuf,0,VIDEO_OUTPUT_MPLANE
15783.225074,v4l2_qbuf,5,VIDEO_CAPTURE_MPLANE
15783.228333,v4l2_dqbuf,5,VIDEO_CAPTURE_MPLANE
15783.228349,v4l2_dqbuf,0,VIDEO_OUTPUT_MPLANE
15783.243081,v4l2_qbuf,0,VIDEO_OUTPUT_MPLANE
15783.243111,v4l2_qbuf,7,VIDEO_CAPTURE_MPLANE
15783.245326,v4l2_dqbuf,7,VIDEO_CAPTURE_MPLANE
15783.245343,v4l2_dqbuf,0,VIDEO_OUTPUT_MPLANE
15783.258610,v4l2_qbuf,0,VIDEO_OUTPUT_MPLANE
15783.258632,v4l2_qbuf,4,VIDEO_CAPTURE_MPLANE
15783.261887,v4l2_dqbuf,4,VIDEO_CAPTURE_MPLANE
15783.261905,v4l2_dqbuf,0,VIDEO_OUTPUT_MPLANE
15783.275197,v4l2_qbuf,0,VIDEO_OUTPUT_MPLANE
15783.275220,v4l2_qbuf,6,VIDEO_CAPTURE_MPLANE
15783.278405,v4l2_dqbuf,6,VIDEO_CAPTURE_MPLANE
15783.278517,v4l2_dqbuf,0,VIDEO_OUTPUT_MPLANE
15783.291583,v4l2_qbuf,0,VIDEO_OUTPUT_MPLANE
15783.291604,v4l2_qbuf,1,VIDEO_CAPTURE_MPLANE
15783.294672,v4l2_dqbuf,1,VIDEO_CAPTURE_MPLANE
15783.294687,v4l2_dqbuf,0,VIDEO_OUTPUT_MPLANE
15783.308448,v4l2_qbuf,0,VIDEO_OUTPUT_MPLANE
15783.308469,v4l2_qbuf,3,VIDEO_CAPTURE_MPLANE
15783.310867,v4l2_dqbuf,3,VIDEO_CAPTURE_MPLANE
15783.310906,v4l2_dqbuf,0,VIDEO_OUTPUT_MPLANE
15783.326418,v4l2_qbuf,0,VIDEO_OUTPUT_MPLANE
15783.326447,v4l2_qbuf,0,VIDEO_CAPTURE_MPLANE
15783.329510,v4l2_dqbuf,0,VIDEO_CAPTURE_MPLANE
15783.329528,v4l2_dqbuf,0,VIDEO_OUTPUT_MPLANE
15783.342033,v4l2_qbuf,0,VIDEO_OUTPUT_MPLANE
15783.342060,v4l2_qbuf,5,VIDEO_CAPTURE_MPLANE
15783.345322,v4l2_dqbuf,5,VIDEO_CAPTURE_MPLANE
15783.345421,v4l2_dqbuf,0,VIDEO_OUTPUT_MPLANE
15783.360168,v4l2_qbuf,0,VIDEO_OUTPUT_MPLANE
15783.360189,v4l2_qbuf,2,VIDEO_CAPTURE_MPLANE
15783.363275,v4l2_dqbuf,2,VIDEO_CAPTURE_MPLANE
15783.363293,v4l2_dqbuf,0,VIDEO_OUTPUT_MPLANE
15783.376893,v4l2_qbuf,0,VIDEO_OUTPUT_MPLANE
15783.376910,v4l2_qbuf,6,VIDEO_CAPTURE_MPLANE
15783.379184,v4l2_dqbuf,6,VIDEO_CAPTURE_MPLANE
15783.379201,v4l2_dqbuf,0,VIDEO_OUTPUT_MPLANE
15783.393677,v4l2_qbuf,0,VIDEO_OUTPUT_MPLANE
15783.393698,v4l2_qbuf,4,VIDEO_CAPTURE_MPLANE
15783.396888,v4l2_dqbuf,4,VIDEO_CAPTURE_MPLANE
15783.396903,v4l2_dqbuf,0,VIDEO_OUTPUT_MPLANE
15783.411890,v4l2_qbuf,0,VIDEO_OUTPUT_MPLANE
15783.411910,v4l2_qbuf,1,VIDEO_CAPTURE_MPLANE
15783.415236,v4l2_dqbuf,1,VIDEO_CAPTURE_MPLANE
15783.415361,v4l2_dqbuf,0,VIDEO_OUTPUT_MPLANE
15783.427123,v4l2_qbuf,0,VIDEO_OUTPUT_MPLANE
15783.427164,v4l2_qbuf,7,VIDEO_CAPTURE_MPLANE
15783.430351,v4l2_dqbuf,7,VIDEO_CAPTURE_MPLANE
15783.430366,v4l2_dqbuf,0,VIDEO_OUTPUT_MPLANE
15783.443486,v4l2_qbuf,0,VIDEO_OUTPUT_MPLANE
15783.443512,v4l2_qbuf,5,VIDEO_CAPTURE_MPLANE
15783.445698,v4l2_dqbuf,5,VIDEO_CAPTURE_MPLANE
15783.445716,v4l2_dqbuf,0,VIDEO_OUTPUT_MPLANE
15783.459957,v4l2_qbuf,0,VIDEO_OUTPUT_MPLANE
15783.459991,v4l2_qbuf,0,VIDEO_CAPTURE_MPLANE
15783.463358,v4l2_dqbuf,0,VIDEO_CAPTURE_MPLANE
15783.463377,v4l2_dqbuf,0,VIDEO_OUTPUT_MPLANE
15783.476929,v4l2_qbuf,0,VIDEO_OUTPUT_MPLANE
15783.476951,v4l2_qbuf,2,VIDEO_CAPTURE_MPLANE
15783.480056,v4l2_dqbuf,2,VIDEO_CAPTURE_MPLANE
15783.480150,v4l2_dqbuf,0,VIDEO_OUTPUT_MPLANE
15783.494130,v4l2_qbuf,0,VIDEO_OUTPUT_MPLANE
15783.494181,v4l2_qbuf,3,VIDEO_CAPTURE_MPLANE
15783.497436,v4l2_dqbuf,3,VIDEO_CAPTURE_MPLANE
15783.497473,v4l2_dqbuf,0,VIDEO_OUTPUT_MPLANE
15783.510502,v4l2_qbuf,0,VIDEO_OUTPUT_MPLANE
15783.510525,v4l2_qbuf,1,VIDEO_CAPTURE_MPLANE
15783.512820,v4l2_dqbuf,1,VIDEO_CAPTURE_MPLANE
15783.512839,v4l2_dqbuf,0,VIDEO_OUTPUT_MPLANE
15783.527097,v4l2_qbuf,0,VIDEO_OUTPUT_MPLANE
15783.527120,v4l2_qbuf,4,VIDEO_CAPTURE_MPLANE
15783.530247,v4l2_dqbuf,4,VIDEO_CAPTURE_MPLANE
15783.530262,v4l2_dqbuf,0,VIDEO_OUTPUT_MPLANE
15783.543658,v4l2_qbuf,0,VIDEO_OUTPUT_MPLANE
15783.543684,v4l2_qbuf,7,VIDEO_CAPTURE_MPLANE
15783.546954,v4l2_dqbuf,7,VIDEO_CAPTURE_MPLANE
15783.547190,v4l2_dqbuf,0,VIDEO_OUTPUT_MPLANE
15783.560517,v4l2_qbuf,0,VIDEO_OUTPUT_MPLANE
15783.560560,v4l2_qbuf,6,VIDEO_CAPTURE_MPLANE
15783.563980,v4l2_dqbuf,6,VIDEO_CAPTURE_MPLANE
15783.564027,v4l2_dqbuf,0,VIDEO_OUTPUT_MPLANE
15783.576922,v4l2_qbuf,0,VIDEO_OUTPUT_MPLANE
15783.576945,v4l2_qbuf,2,VIDEO_CAPTURE_MPLANE
15783.579278,v4l2_dqbuf,2,VIDEO_CAPTURE_MPLANE
15783.579295,v4l2_dqbuf,0,VIDEO_OUTPUT_MPLANE
15783.593841,v4l2_qbuf,0,VIDEO_OUTPUT_MPLANE
15783.593885,v4l2_qbuf,0,VIDEO_CAPTURE_MPLANE
15783.597033,v4l2_dqbuf,0,VIDEO_CAPTURE_MPLANE
15783.597067,v4l2_dqbuf,0,VIDEO_OUTPUT_MPLANE
15783.610287,v4l2_qbuf,0,VIDEO_OUTPUT_MPLANE
15783.610311,v4l2_qbuf,3,VIDEO_CAPTURE_MPLANE
15783.613541,v4l2_dqbuf,3,VIDEO_CAPTURE_MPLANE
15783.613663,v4l2_dqbuf,0,VIDEO_OUTPUT_MPLANE
15783.627151,v4l2_qbuf,0,VIDEO_OUTPUT_MPLANE
15783.627172,v4l2_qbuf,5,VIDEO_CAPTURE_MPLANE
15783.630212,v4l2_dqbuf,5,VIDEO_CAPTURE_MPLANE
15783.630230,v4l2_dqbuf,0,VIDEO_OUTPUT_MPLANE
15783.643863,v4l2_qbuf,0,VIDEO_OUTPUT_MPLANE
15783.643885,v4l2_qbuf,7,VIDEO_CAPTURE_MPLANE
15783.646201,v4l2_dqbuf,7,VIDEO_CAPTURE_MPLANE
15783.646219,v4l2_dqbuf,0,VIDEO_OUTPUT_MPLANE
15783.663149,v4l2_qbuf,0,VIDEO_OUTPUT_MPLANE
15783.663182,v4l2_qbuf,4,VIDEO_CAPTURE_MPLANE
15783.666448,v4l2_dqbuf,4,VIDEO_CAPTURE_MPLANE
15783.666483,v4l2_dqbuf,0,VIDEO_OUTPUT_MPLANE
15783.676981,v4l2_qbuf,0,VIDEO_OUTPUT_MPLANE
15783.677000,v4l2_qbuf,6,VIDEO_CAPTURE_MPLANE
15783.680183,v4l2_dqbuf,6,VIDEO_CAPTURE_MPLANE
15783.680302,v4l2_dqbuf,0,VIDEO_OUTPUT_MPLANE
15783.696706,v4l2_qbuf,0,VIDEO_OUTPUT_MPLANE
15783.696724,v4l2_qbuf,0,VIDEO_CAPTURE_MPLANE
15783.697013,v4l2_qbuf,1,VIDEO_OUTPUT_MPLANE
15783.697025,v4l2_qbuf,1,VIDEO_CAPTURE_MPLANE
15783.697142,v4l2_qbuf,2,VIDEO_OUTPUT_MPLANE
15783.697148,v4l2_qbuf,5,VIDEO_CAPTURE_MPLANE
15783.699982,v4l2_dqbuf,0,VIDEO_CAPTURE_MPLANE
15783.700102,v4l2_dqbuf,0,VIDEO_OUTPUT_MPLANE
15783.702089,v4l2_dqbuf,1,VIDEO_CAPTURE_MPLANE
15783.702115,v4l2_dqbuf,1,VIDEO_OUTPUT_MPLANE
15783.705526,v4l2_dqbuf,5,VIDEO_CAPTURE_MPLANE
15783.705675,v4l2_dqbuf,2,VIDEO_OUTPUT_MPLANE
15783.713799,v4l2_qbuf,0,VIDEO_OUTPUT_MPLANE
15783.713843,v4l2_qbuf,3,VIDEO_CAPTURE_MPLANE
15783.715842,v4l2_dqbuf,3,VIDEO_CAPTURE_MPLANE
15783.715873,v4l2_dqbuf,0,VIDEO_OUTPUT_MPLANE
15783.730282,v4l2_qbuf,0,VIDEO_OUTPUT_MPLANE
15783.730331,v4l2_qbuf,2,VIDEO_CAPTURE_MPLANE
15783.732493,v4l2_dqbuf,2,VIDEO_CAPTURE_MPLANE
15783.732516,v4l2_dqbuf,0,VIDEO_OUTPUT_MPLANE
15783.746800,v4l2_qbuf,0,VIDEO_OUTPUT_MPLANE
15783.746838,v4l2_qbuf,6,VIDEO_CAPTURE_MPLANE
15783.750161,v4l2_dqbuf,6,VIDEO_CAPTURE_MPLANE
15783.750177,v4l2_dqbuf,0,VIDEO_OUTPUT_MPLANE
15783.763344,v4l2_qbuf,0,VIDEO_OUTPUT_MPLANE
15783.763385,v4l2_qbuf,4,VIDEO_CAPTURE_MPLANE
15783.766562,v4l2_dqbuf,4,VIDEO_CAPTURE_MPLANE
15783.766713,v4l2_dqbuf,0,VIDEO_OUTPUT_MPLANE
15783.779751,v4l2_qbuf,0,VIDEO_OUTPUT_MPLANE
15783.779786,v4l2_qbuf,0,VIDEO_CAPTURE_MPLANE
15783.782935,v4l2_dqbuf,0,VIDEO_CAPTURE_MPLANE
15783.782968,v4l2_dqbuf,0,VIDEO_OUTPUT_MPLANE
15783.796787,v4l2_qbuf,0,VIDEO_OUTPUT_MPLANE
15783.796838,v4l2_qbuf,7,VIDEO_CAPTURE_MPLANE
15783.799225,v4l2_dqbuf,7,VIDEO_CAPTURE_MPLANE
15783.799262,v4l2_dqbuf,0,VIDEO_OUTPUT_MPLANE
15783.814396,v4l2_qbuf,0,VIDEO_OUTPUT_MPLANE
15783.814490,v4l2_qbuf,5,VIDEO_CAPTURE_MPLANE
15783.817776,v4l2_dqbuf,5,VIDEO_CAPTURE_MPLANE
15783.817802,v4l2_dqbuf,0,VIDEO_OUTPUT_MPLANE
15783.830311,v4l2_qbuf,0,VIDEO_OUTPUT_MPLANE
15783.830377,v4l2_qbuf,1,VIDEO_CAPTURE_MPLANE
15783.833495,v4l2_dqbuf,1,VIDEO_CAPTURE_MPLANE
15783.833643,v4l2_dqbuf,0,VIDEO_OUTPUT_MPLANE
15783.846418,v4l2_qbuf,0,VIDEO_OUTPUT_MPLANE
15783.846442,v4l2_qbuf,3,VIDEO_CAPTURE_MPLANE
15783.850486,v4l2_dqbuf,3,VIDEO_CAPTURE_MPLANE
15783.850505,v4l2_dqbuf,0,VIDEO_OUTPUT_MPLANE
15783.863135,v4l2_qbuf,0,VIDEO_OUTPUT_MPLANE
15783.863158,v4l2_qbuf,4,VIDEO_CAPTURE_MPLANE
15783.865404,v4l2_dqbuf,4,VIDEO_CAPTURE_MPLANE
15783.865455,v4l2_dqbuf,0,VIDEO_OUTPUT_MPLANE
15783.879761,v4l2_qbuf,0,VIDEO_OUTPUT_MPLANE
15783.879784,v4l2_qbuf,6,VIDEO_CAPTURE_MPLANE
15783.883133,v4l2_dqbuf,6,VIDEO_CAPTURE_MPLANE
15783.883151,v4l2_dqbuf,0,VIDEO_OUTPUT_MPLANE
15783.896627,v4l2_qbuf,0,VIDEO_OUTPUT_MPLANE
15783.896649,v4l2_qbuf,0,VIDEO_CAPTURE_MPLANE
15783.899930,v4l2_dqbuf,0,VIDEO_CAPTURE_MPLANE
15783.900040,v4l2_dqbuf,0,VIDEO_OUTPUT_MPLANE
15783.912936,v4l2_qbuf,0,VIDEO_OUTPUT_MPLANE
15783.912959,v4l2_qbuf,2,VIDEO_CAPTURE_MPLANE
15783.916244,v4l2_dqbuf,2,VIDEO_CAPTURE_MPLANE
15783.916259,v4l2_dqbuf,0,VIDEO_OUTPUT_MPLANE
15783.929507,v4l2_qbuf,0,VIDEO_OUTPUT_MPLANE
15783.929528,v4l2_qbuf,1,VIDEO_CAPTURE_MPLANE
15783.931730,v4l2_dqbuf,1,VIDEO_CAPTURE_MPLANE
15783.931746,v4l2_dqbuf,0,VIDEO_OUTPUT_MPLANE
15783.946259,v4l2_qbuf,0,VIDEO_OUTPUT_MPLANE
15783.946288,v4l2_qbuf,5,VIDEO_CAPTURE_MPLANE
15783.949523,v4l2_dqbuf,5,VIDEO_CAPTURE_MPLANE
15783.949542,v4l2_dqbuf,0,VIDEO_OUTPUT_MPLANE
15783.962858,v4l2_qbuf,0,VIDEO_OUTPUT_MPLANE
15783.962893,v4l2_qbuf,3,VIDEO_CAPTURE_MPLANE
15783.965948,v4l2_dqbuf,3,VIDEO_CAPTURE_MPLANE
15783.966028,v4l2_dqbuf,0,VIDEO_OUTPUT_MPLANE
15783.979793,v4l2_qbuf,0,VIDEO_OUTPUT_MPLANE
15783.979807,v4l2_qbuf,7,VIDEO_CAPTURE_MPLANE
15783.982905,v4l2_dqbuf,7,VIDEO_CAPTURE_MPLANE
15783.982932,v4l2_dqbuf,0,VIDEO_OUTPUT_MPLANE
15783.996314,v4l2_qbuf,0,VIDEO_OUTPUT_MPLANE
15783.996348,v4l2_qbuf,0,VIDEO_CAPTURE_MPLANE
15783.998661,v4l2_dqbuf,0,VIDEO_CAPTURE_MPLANE
15783.998689,v4l2_dqbuf,0,VIDEO_OUTPUT_MPLANE
15784.012874,v4l2_qbuf,0,VIDEO_OUTPUT_MPLANE
15784.012890,v4l2_qbuf,6,VIDEO_CAPTURE_MPLANE
15784.016220,v4l2_dqbuf,6,VIDEO_CAPTURE_MPLANE
15784.016259,v4l2_dqbuf,0,VIDEO_OUTPUT_MPLANE
15784.029751,v4l2_qbuf,0,VIDEO_OUTPUT_MPLANE
15784.029788,v4l2_qbuf,2,VIDEO_CAPTURE_MPLANE
15784.033916,v4l2_dqbuf,2,VIDEO_CAPTURE_MPLANE
15784.034042,v4l2_dqbuf,0,VIDEO_OUTPUT_MPLANE
15784.046422,v4l2_qbuf,0,VIDEO_OUTPUT_MPLANE
15784.046463,v4l2_qbuf,4,VIDEO_CAPTURE_MPLANE
15784.049963,v4l2_dqbuf,4,VIDEO_CAPTURE_MPLANE
15784.049997,v4l2_dqbuf,0,VIDEO_OUTPUT_MPLANE
15784.062950,v4l2_qbuf,0,VIDEO_OUTPUT_MPLANE
15784.062987,v4l2_qbuf,3,VIDEO_CAPTURE_MPLANE
15784.065231,v4l2_dqbuf,3,VIDEO_CAPTURE_MPLANE
15784.065256,v4l2_dqbuf,0,VIDEO_OUTPUT_MPLANE
15784.079801,v4l2_qbuf,0,VIDEO_OUTPUT_MPLANE
15784.079823,v4l2_qbuf,5,VIDEO_CAPTURE_MPLANE
15784.083014,v4l2_dqbuf,5,VIDEO_CAPTURE_MPLANE
15784.083030,v4l2_dqbuf,0,VIDEO_OUTPUT_MPLANE
15784.096607,v4l2_qbuf,0,VIDEO_OUTPUT_MPLANE
15784.096623,v4l2_qbuf,7,VIDEO_CAPTURE_MPLANE
15784.099773,v4l2_dqbuf,7,VIDEO_CAPTURE_MPLANE
15784.099863,v4l2_dqbuf,0,VIDEO_OUTPUT_MPLANE
15784.113342,v4l2_qbuf,0,VIDEO_OUTPUT_MPLANE
15784.113396,v4l2_qbuf,1,VIDEO_CAPTURE_MPLANE
15784.116883,v4l2_dqbuf,1,VIDEO_CAPTURE_MPLANE
15784.116918,v4l2_dqbuf,0,VIDEO_OUTPUT_MPLANE
15784.130236,v4l2_qbuf,0,VIDEO_OUTPUT_MPLANE
15784.130327,v4l2_qbuf,2,VIDEO_CAPTURE_MPLANE
15784.132593,v4l2_dqbuf,2,VIDEO_CAPTURE_MPLANE
15784.132621,v4l2_dqbuf,0,VIDEO_OUTPUT_MPLANE
15784.146224,v4l2_qbuf,0,VIDEO_OUTPUT_MPLANE
15784.146258,v4l2_qbuf,6,VIDEO_CAPTURE_MPLANE
15784.149579,v4l2_dqbuf,6,VIDEO_CAPTURE_MPLANE
15784.149600,v4l2_dqbuf,0,VIDEO_OUTPUT_MPLANE
15784.163127,v4l2_qbuf,0,VIDEO_OUTPUT_MPLANE
15784.163165,v4l2_qbuf,4,VIDEO_CAPTURE_MPLANE
15784.166421,v4l2_dqbuf,4,VIDEO_CAPTURE_MPLANE
15784.166594,v4l2_dqbuf,0,VIDEO_OUTPUT_MPLANE
15784.179937,v4l2_qbuf,0,VIDEO_OUTPUT_MPLANE
15784.179985,v4l2_qbuf,0,VIDEO_CAPTURE_MPLANE
15784.183356,v4l2_dqbuf,0,VIDEO_CAPTURE_MPLANE
15784.183402,v4l2_dqbuf,0,VIDEO_OUTPUT_MPLANE
15784.196940,v4l2_qbuf,0,VIDEO_OUTPUT_MPLANE
15784.196972,v4l2_qbuf,7,VIDEO_CAPTURE_MPLANE
15784.199237,v4l2_dqbuf,7,VIDEO_CAPTURE_MPLANE
15784.199261,v4l2_dqbuf,0,VIDEO_OUTPUT_MPLANE
15784.213128,v4l2_qbuf,0,VIDEO_OUTPUT_MPLANE
15784.213167,v4l2_qbuf,5,VIDEO_CAPTURE_MPLANE
15784.216381,v4l2_dqbuf,5,VIDEO_CAPTURE_MPLANE
15784.216408,v4l2_dqbuf,0,VIDEO_OUTPUT_MPLANE
15784.229683,v4l2_qbuf,0,VIDEO_OUTPUT_MPLANE
15784.229717,v4l2_qbuf,1,VIDEO_CAPTURE_MPLANE
15784.232943,v4l2_dqbuf,1,VIDEO_CAPTURE_MPLANE
15784.233094,v4l2_dqbuf,0,VIDEO_OUTPUT_MPLANE
15784.246346,v4l2_qbuf,0,VIDEO_OUTPUT_MPLANE
15784.246380,v4l2_qbuf,3,VIDEO_CAPTURE_MPLANE
15784.249728,v4l2_dqbuf,3,VIDEO_CAPTURE_MPLANE
15784.249742,v4l2_dqbuf,0,VIDEO_OUTPUT_MPLANE
15784.263033,v4l2_qbuf,0,VIDEO_OUTPUT_MPLANE
15784.263069,v4l2_qbuf,4,VIDEO_CAPTURE_MPLANE
15784.265165,v4l2_dqbuf,4,VIDEO_CAPTURE_MPLANE
15784.265190,v4l2_dqbuf,0,VIDEO_OUTPUT_MPLANE
15784.279552,v4l2_qbuf,0,VIDEO_OUTPUT_MPLANE
15784.279602,v4l2_qbuf,6,VIDEO_CAPTURE_MPLANE
15784.282787,v4l2_dqbuf,6,VIDEO_CAPTURE_MPLANE
15784.282815,v4l2_dqbuf,0,VIDEO_OUTPUT_MPLANE
15784.296392,v4l2_qbuf,0,VIDEO_OUTPUT_MPLANE
15784.296409,v4l2_qbuf,0,VIDEO_CAPTURE_MPLANE
15784.299526,v4l2_dqbuf,0,VIDEO_CAPTURE_MPLANE
15784.299672,v4l2_dqbuf,0,VIDEO_OUTPUT_MPLANE
15784.313051,v4l2_qbuf,0,VIDEO_OUTPUT_MPLANE
15784.313078,v4l2_qbuf,2,VIDEO_CAPTURE_MPLANE
15784.316346,v4l2_dqbuf,2,VIDEO_CAPTURE_MPLANE
15784.316374,v4l2_dqbuf,0,VIDEO_OUTPUT_MPLANE
15784.329900,v4l2_qbuf,0,VIDEO_OUTPUT_MPLANE
15784.329923,v4l2_qbuf,1,VIDEO_CAPTURE_MPLANE
15784.333095,v4l2_dqbuf,1,VIDEO_CAPTURE_MPLANE
15784.333113,v4l2_dqbuf,0,VIDEO_OUTPUT_MPLANE
15784.346646,v4l2_qbuf,0,VIDEO_OUTPUT_MPLANE
15784.346677,v4l2_qbuf,5,VIDEO_CAPTURE_MPLANE
15784.350053,v4l2_dqbuf,5,VIDEO_CAPTURE_MPLANE
15784.350075,v4l2_dqbuf,0,VIDEO_OUTPUT_MPLANE
15784.362933,v4l2_qbuf,0,VIDEO_OUTPUT_MPLANE
15784.362948,v4l2_qbuf,3,VIDEO_CAPTURE_MPLANE
15784.366177,v4l2_dqbuf,3,VIDEO_CAPTURE_MPLANE
15784.366244,v4l2_dqbuf,0,VIDEO_OUTPUT_MPLANE
15784.379658,v4l2_qbuf,0,VIDEO_OUTPUT_MPLANE
15784.379675,v4l2_qbuf,7,VIDEO_CAPTURE_MPLANE
15784.382941,v4l2_dqbuf,7,VIDEO_CAPTURE_MPLANE
15784.382957,v4l2_dqbuf,0,VIDEO_OUTPUT_MPLANE
15784.396266,v4l2_qbuf,0,VIDEO_OUTPUT_MPLANE
15784.396307,v4l2_qbuf,0,VIDEO_CAPTURE_MPLANE
15784.398503,v4l2_dqbuf,0,VIDEO_CAPTURE_MPLANE
15784.398535,v4l2_dqbuf,0,VIDEO_OUTPUT_MPLANE
15784.414446,v4l2_qbuf,0,VIDEO_OUTPUT_MPLANE
15784.414482,v4l2_qbuf,6,VIDEO_CAPTURE_MPLANE
15784.417742,v4l2_dqbuf,6,VIDEO_CAPTURE_MPLANE
15784.417759,v4l2_dqbuf,0,VIDEO_OUTPUT_MPLANE
15784.429678,v4l2_qbuf,0,VIDEO_OUTPUT_MPLANE
15784.429715,v4l2_qbuf,2,VIDEO_CAPTURE_MPLANE
15784.433157,v4l2_dqbuf,2,VIDEO_CAPTURE_MPLANE
15784.433262,v4l2_dqbuf,0,VIDEO_OUTPUT_MPLANE
15784.446371,v4l2_qbuf,0,VIDEO_OUTPUT_MPLANE
15784.446404,v4l2_qbuf,4,VIDEO_CAPTURE_MPLANE
15784.449864,v4l2_dqbuf,4,VIDEO_CAPTURE_MPLANE
15784.449875,v4l2_dqbuf,0,VIDEO_OUTPUT_MPLANE
15784.462793,v4l2_qbuf,0,VIDEO_OUTPUT_MPLANE
15784.462808,v4l2_qbuf,3,VIDEO_CAPTURE_MPLANE
15784.464847,v4l2_dqbuf,3,VIDEO_CAPTURE_MPLANE
15784.464857,v4l2_dqbuf,0,VIDEO_OUTPUT_MPLANE
15784.479780,v4l2_qbuf,0,VIDEO_OUTPUT_MPLANE
15784.479853,v4l2_qbuf,5,VIDEO_CAPTURE_MPLANE
15784.483027,v4l2_dqbuf,5,VIDEO_CAPTURE_MPLANE
15784.483040,v4l2_dqbuf,0,VIDEO_OUTPUT_MPLANE
15784.496149,v4l2_qbuf,0,VIDEO_OUTPUT_MPLANE
15784.496173,v4l2_qbuf,7,VIDEO_CAPTURE_MPLANE
15784.499420,v4l2_dqbuf,7,VIDEO_CAPTURE_MPLANE
15784.499490,v4l2_dqbuf,0,VIDEO_OUTPUT_MPLANE
15784.512755,v4l2_qbuf,0,VIDEO_OUTPUT_MPLANE
15784.512773,v4l2_qbuf,1,VIDEO_CAPTURE_MPLANE
15784.516031,v4l2_dqbuf,1,VIDEO_CAPTURE_MPLANE
15784.516058,v4l2_dqbuf,0,VIDEO_OUTPUT_MPLANE
15784.529576,v4l2_qbuf,0,VIDEO_OUTPUT_MPLANE
15784.529591,v4l2_qbuf,2,VIDEO_CAPTURE_MPLANE
15784.531751,v4l2_dqbuf,2,VIDEO_CAPTURE_MPLANE
15784.531762,v4l2_dqbuf,0,VIDEO_OUTPUT_MPLANE
15784.546650,v4l2_qbuf,0,VIDEO_OUTPUT_MPLANE
15784.546666,v4l2_qbuf,6,VIDEO_CAPTURE_MPLANE
15784.550145,v4l2_dqbuf,6,VIDEO_CAPTURE_MPLANE
15784.550164,v4l2_dqbuf,0,VIDEO_OUTPUT_MPLANE
15784.562708,v4l2_qbuf,0,VIDEO_OUTPUT_MPLANE
15784.562726,v4l2_qbuf,4,VIDEO_CAPTURE_MPLANE
15784.565790,v4l2_dqbuf,4,VIDEO_CAPTURE_MPLANE
15784.565875,v4l2_dqbuf,0,VIDEO_OUTPUT_MPLANE
15784.579553,v4l2_qbuf,0,VIDEO_OUTPUT_MPLANE
15784.579574,v4l2_qbuf,0,VIDEO_CAPTURE_MPLANE
15784.582797,v4l2_dqbuf,0,VIDEO_CAPTURE_MPLANE
15784.582808,v4l2_dqbuf,0,VIDEO_OUTPUT_MPLANE
15784.596327,v4l2_qbuf,0,VIDEO_OUTPUT_MPLANE
15784.596360,v4l2_qbuf,7,VIDEO_CAPTURE_MPLANE
15784.598617,v4l2_dqbuf,7,VIDEO_CAPTURE_MPLANE
15784.598645,v4l2_dqbuf,0,VIDEO_OUTPUT_MPLANE
15784.613180,v4l2_qbuf,0,VIDEO_OUTPUT_MPLANE
15784.613215,v4l2_qbuf,5,VIDEO_CAPTURE_MPLANE
15784.616380,v4l2_dqbuf,5,VIDEO_CAPTURE_MPLANE
15784.616405,v4l2_dqbuf,0,VIDEO_OUTPUT_MPLANE
15784.629804,v4l2_qbuf,0,VIDEO_OUTPUT_MPLANE
15784.629838,v4l2_qbuf,1,VIDEO_CAPTURE_MPLANE
15784.633761,v4l2_dqbuf,1,VIDEO_CAPTURE_MPLANE
15784.633978,v4l2_dqbuf,0,VIDEO_OUTPUT_MPLANE
15784.646374,v4l2_qbuf,0,VIDEO_OUTPUT_MPLANE
15784.646408,v4l2_qbuf,3,VIDEO_CAPTURE_MPLANE
15784.649727,v4l2_dqbuf,3,VIDEO_CAPTURE_MPLANE
15784.649744,v4l2_dqbuf,0,VIDEO_OUTPUT_MPLANE
15784.662836,v4l2_qbuf,0,VIDEO_OUTPUT_MPLANE
15784.662856,v4l2_qbuf,4,VIDEO_CAPTURE_MPLANE
15784.664969,v4l2_dqbuf,4,VIDEO_CAPTURE_MPLANE
15784.664994,v4l2_dqbuf,0,VIDEO_OUTPUT_MPLANE
15784.679506,v4l2_qbuf,0,VIDEO_OUTPUT_MPLANE
15784.679522,v4l2_qbuf,6,VIDEO_CAPTURE_MPLANE
15784.682715,v4l2_dqbuf,6,VIDEO_CAPTURE_MPLANE
15784.682733,v4l2_dqbuf,0,VIDEO_OUTPUT_MPLANE
15784.696203,v4l2_qbuf,0,VIDEO_OUTPUT_MPLANE
15784.696236,v4l2_qbuf,0,VIDEO_CAPTURE_MPLANE
15784.699501,v4l2_dqbuf,0,VIDEO_CAPTURE_MPLANE
15784.699641,v4l2_dqbuf,0,VIDEO_OUTPUT_MPLANE
15784.713073,v4l2_qbuf,0,VIDEO_OUTPUT_MPLANE
15784.713095,v4l2_qbuf,2,VIDEO_CAPTURE_MPLANE
15784.715058,v4l2_dqbuf,2,VIDEO_CAPTURE_MPLANE
15784.715070,v4l2_dqbuf,0,VIDEO_OUTPUT_MPLANE
15784.730034,v4l2_qbuf,0,VIDEO_OUTPUT_MPLANE
15784.730067,v4l2_qbuf,1,VIDEO_CAPTURE_MPLANE
15784.732398,v4l2_dqbuf,1,VIDEO_CAPTURE_MPLANE
15784.732414,v4l2_dqbuf,0,VIDEO_OUTPUT_MPLANE
15784.746239,v4l2_qbuf,0,VIDEO_OUTPUT_MPLANE
15784.746262,v4l2_qbuf,5,VIDEO_CAPTURE_MPLANE
15784.749477,v4l2_dqbuf,5,VIDEO_CAPTURE_MPLANE
15784.749489,v4l2_dqbuf,0,VIDEO_OUTPUT_MPLANE
15784.762924,v4l2_qbuf,0,VIDEO_OUTPUT_MPLANE
15784.762941,v4l2_qbuf,3,VIDEO_CAPTURE_MPLANE
15784.766307,v4l2_dqbuf,3,VIDEO_CAPTURE_MPLANE
15784.766401,v4l2_dqbuf,0,VIDEO_OUTPUT_MPLANE
15784.779564,v4l2_qbuf,0,VIDEO_OUTPUT_MPLANE
15784.779586,v4l2_qbuf,7,VIDEO_CAPTURE_MPLANE
15784.782729,v4l2_dqbuf,7,VIDEO_CAPTURE_MPLANE
15784.782743,v4l2_dqbuf,0,VIDEO_OUTPUT_MPLANE
15784.796686,v4l2_qbuf,0,VIDEO_OUTPUT_MPLANE
15784.796709,v4l2_qbuf,6,VIDEO_CAPTURE_MPLANE
15784.799047,v4l2_dqbuf,6,VIDEO_CAPTURE_MPLANE
15784.799077,v4l2_dqbuf,0,VIDEO_OUTPUT_MPLANE
15784.813398,v4l2_qbuf,0,VIDEO_OUTPUT_MPLANE
15784.813434,v4l2_qbuf,0,VIDEO_CAPTURE_MPLANE
15784.816751,v4l2_dqbuf,0,VIDEO_CAPTURE_MPLANE
15784.816769,v4l2_dqbuf,0,VIDEO_OUTPUT_MPLANE
15784.829836,v4l2_qbuf,0,VIDEO_OUTPUT_MPLANE
15784.829853,v4l2_qbuf,4,VIDEO_CAPTURE_MPLANE
15784.832953,v4l2_dqbuf,4,VIDEO_CAPTURE_MPLANE
15784.833031,v4l2_dqbuf,0,VIDEO_OUTPUT_MPLANE
15784.846125,v4l2_qbuf,0,VIDEO_OUTPUT_MPLANE
15784.846149,v4l2_qbuf,2,VIDEO_CAPTURE_MPLANE
15784.849638,v4l2_dqbuf,2,VIDEO_CAPTURE_MPLANE
15784.849651,v4l2_dqbuf,0,VIDEO_OUTPUT_MPLANE
15784.862833,v4l2_qbuf,0,VIDEO_OUTPUT_MPLANE
15784.862851,v4l2_qbuf,3,VIDEO_CAPTURE_MPLANE
15784.865402,v4l2_dqbuf,3,VIDEO_CAPTURE_MPLANE
15784.865446,v4l2_dqbuf,0,VIDEO_OUTPUT_MPLANE
15784.879976,v4l2_qbuf,0,VIDEO_OUTPUT_MPLANE
15784.880033,v4l2_qbuf,5,VIDEO_CAPTURE_MPLANE
15784.883704,v4l2_dqbuf,5,VIDEO_CAPTURE_MPLANE
15784.883751,v4l2_dqbuf,0,VIDEO_OUTPUT_MPLANE
15784.896414,v4l2_qbuf,0,VIDEO_OUTPUT_MPLANE
15784.896436,v4l2_qbuf,7,VIDEO_CAPTURE_MPLANE
15784.899664,v4l2_dqbuf,7,VIDEO_CAPTURE_MPLANE
15784.899757,v4l2_dqbuf,0,VIDEO_OUTPUT_MPLANE
15784.912739,v4l2_qbuf,0,VIDEO_OUTPUT_MPLANE
15784.912762,v4l2_qbuf,1,VIDEO_CAPTURE_MPLANE
15784.915877,v4l2_dqbuf,1,VIDEO_CAPTURE_MPLANE
15784.915892,v4l2_dqbuf,0,VIDEO_OUTPUT_MPLANE
15784.929736,v4l2_qbuf,0,VIDEO_OUTPUT_MPLANE
15784.929771,v4l2_qbuf,4,VIDEO_CAPTURE_MPLANE
15784.935179,v4l2_dqbuf,4,VIDEO_CAPTURE_MPLANE
15784.935233,v4l2_dqbuf,0,VIDEO_OUTPUT_MPLANE
15784.946404,v4l2_qbuf,0,VIDEO_OUTPUT_MPLANE
15784.946454,v4l2_qbuf,0,VIDEO_CAPTURE_MPLANE
15784.949813,v4l2_dqbuf,0,VIDEO_CAPTURE_MPLANE
15784.949853,v4l2_dqbuf,0,VIDEO_OUTPUT_MPLANE
15784.963277,v4l2_qbuf,0,VIDEO_OUTPUT_MPLANE
15784.963332,v4l2_qbuf,2,VIDEO_CAPTURE_MPLANE
15784.966640,v4l2_dqbuf,2,VIDEO_CAPTURE_MPLANE
15784.966749,v4l2_dqbuf,0,VIDEO_OUTPUT_MPLANE
15784.979716,v4l2_qbuf,0,VIDEO_OUTPUT_MPLANE
15784.979752,v4l2_qbuf,6,VIDEO_CAPTURE_MPLANE
15784.983056,v4l2_dqbuf,6,VIDEO_CAPTURE_MPLANE
15784.983069,v4l2_dqbuf,0,VIDEO_OUTPUT_MPLANE
15784.996635,v4l2_qbuf,0,VIDEO_OUTPUT_MPLANE
15784.996684,v4l2_qbuf,7,VIDEO_CAPTURE_MPLANE
15784.999046,v4l2_dqbuf,7,VIDEO_CAPTURE_MPLANE
15784.999062,v4l2_dqbuf,0,VIDEO_OUTPUT_MPLANE
15785.012984,v4l2_qbuf,0,VIDEO_OUTPUT_MPLANE
15785.013019,v4l2_qbuf,5,VIDEO_CAPTURE_MPLANE
15785.016258,v4l2_dqbuf,5,VIDEO_CAPTURE_MPLANE
15785.016273,v4l2_dqbuf,0,VIDEO_OUTPUT_MPLANE
15785.029769,v4l2_qbuf,0,VIDEO_OUTPUT_MPLANE
15785.029789,v4l2_qbuf,1,VIDEO_CAPTURE_MPLANE
15785.033776,v4l2_dqbuf,1,VIDEO_CAPTURE_MPLANE
15785.033911,v4l2_dqbuf,0,VIDEO_OUTPUT_MPLANE
15785.046256,v4l2_qbuf,0,VIDEO_OUTPUT_MPLANE
15785.046278,v4l2_qbuf,3,VIDEO_CAPTURE_MPLANE
15785.049377,v4l2_dqbuf,3,VIDEO_CAPTURE_MPLANE
15785.049392,v4l2_dqbuf,0,VIDEO_OUTPUT_MPLANE
15785.062791,v4l2_qbuf,0,VIDEO_OUTPUT_MPLANE
15785.062812,v4l2_qbuf,2,VIDEO_CAPTURE_MPLANE
15785.065152,v4l2_dqbuf,2,VIDEO_CAPTURE_MPLANE
15785.065181,v4l2_dqbuf,0,VIDEO_OUTPUT_MPLANE
15785.079460,v4l2_qbuf,0,VIDEO_OUTPUT_MPLANE
15785.079490,v4l2_qbuf,0,VIDEO_CAPTURE_MPLANE
15785.082716,v4l2_dqbuf,0,VIDEO_CAPTURE_MPLANE
15785.082744,v4l2_dqbuf,0,VIDEO_OUTPUT_MPLANE
15785.096362,v4l2_qbuf,0,VIDEO_OUTPUT_MPLANE
15785.096397,v4l2_qbuf,6,VIDEO_CAPTURE_MPLANE
15785.099637,v4l2_dqbuf,6,VIDEO_CAPTURE_MPLANE
15785.099729,v4l2_dqbuf,0,VIDEO_OUTPUT_MPLANE
15785.112926,v4l2_qbuf,0,VIDEO_OUTPUT_MPLANE
15785.112948,v4l2_qbuf,4,VIDEO_CAPTURE_MPLANE
15785.116934,v4l2_dqbuf,4,VIDEO_CAPTURE_MPLANE
15785.116951,v4l2_dqbuf,0,VIDEO_OUTPUT_MPLANE
15785.129469,v4l2_qbuf,0,VIDEO_OUTPUT_MPLANE
15785.129491,v4l2_qbuf,1,VIDEO_CAPTURE_MPLANE
15785.132530,v4l2_dqbuf,1,VIDEO_CAPTURE_MPLANE
15785.132553,v4l2_dqbuf,0,VIDEO_OUTPUT_MPLANE
15785.148232,v4l2_qbuf,0,VIDEO_OUTPUT_MPLANE
15785.148252,v4l2_qbuf,5,VIDEO_CAPTURE_MPLANE
15785.151366,v4l2_dqbuf,5,VIDEO_CAPTURE_MPLANE
15785.151383,v4l2_dqbuf,0,VIDEO_OUTPUT_MPLANE
15785.167036,v4l2_qbuf,0,VIDEO_OUTPUT_MPLANE
15785.167054,v4l2_qbuf,3,VIDEO_CAPTURE_MPLANE
15785.171740,v4l2_dqbuf,3,VIDEO_CAPTURE_MPLANE
15785.171860,v4l2_dqbuf,0,VIDEO_OUTPUT_MPLANE
15785.183655,v4l2_qbuf,0,VIDEO_OUTPUT_MPLANE
15785.183675,v4l2_qbuf,7,VIDEO_CAPTURE_MPLANE
15785.186978,v4l2_dqbuf,7,VIDEO_CAPTURE_MPLANE
15785.187027,v4l2_dqbuf,0,VIDEO_OUTPUT_MPLANE
15785.201968,v4l2_qbuf,0,VIDEO_OUTPUT_MPLANE
15785.201998,v4l2_qbuf,6,VIDEO_CAPTURE_MPLANE
15785.204335,v4l2_dqbuf,6,VIDEO_CAPTURE_MPLANE
15785.204371,v4l2_dqbuf,0,VIDEO_OUTPUT_MPLANE
15785.217289,v4l2_qbuf,0,VIDEO_OUTPUT_MPLANE
15785.217310,v4l2_qbuf,0,VIDEO_CAPTURE_MPLANE
15785.220633,v4l2_dqbuf,0,VIDEO_CAPTURE_MPLANE
15785.220651,v4l2_dqbuf,0,VIDEO_OUTPUT_MPLANE
15785.233417,v4l2_qbuf,0,VIDEO_OUTPUT_MPLANE
15785.233439,v4l2_qbuf,4,VIDEO_CAPTURE_MPLANE
15785.236864,v4l2_dqbuf,4,VIDEO_CAPTURE_MPLANE
15785.236881,v4l2_dqbuf,0,VIDEO_OUTPUT_MPLANE
15785.252513,v4l2_qbuf,0,VIDEO_OUTPUT_MPLANE
15785.252564,v4l2_qbuf,2,VIDEO_CAPTURE_MPLANE
15785.254983,v4l2_dqbuf,2,VIDEO_CAPTURE_MPLANE
15785.255032,v4l2_dqbuf,0,VIDEO_OUTPUT_MPLANE
15785.270798,v4l2_qbuf,0,VIDEO_OUTPUT_MPLANE
15785.270830,v4l2_qbuf,3,VIDEO_CAPTURE_MPLANE
15785.274043,v4l2_dqbuf,3,VIDEO_CAPTURE_MPLANE
15785.274062,v4l2_dqbuf,0,VIDEO_OUTPUT_MPLANE
15785.286357,v4l2_qbuf,0,VIDEO_OUTPUT_MPLANE
15785.286380,v4l2_qbuf,5,VIDEO_CAPTURE_MPLANE
15785.289681,v4l2_dqbuf,5,VIDEO_CAPTURE_MPLANE
15785.289784,v4l2_dqbuf,0,VIDEO_OUTPUT_MPLANE
15785.302546,v4l2_qbuf,0,VIDEO_OUTPUT_MPLANE
15785.302584,v4l2_qbuf,7,VIDEO_CAPTURE_MPLANE
15785.305643,v4l2_dqbuf,7,VIDEO_CAPTURE_MPLANE
15785.305659,v4l2_dqbuf,0,VIDEO_OUTPUT_MPLANE
15785.318867,v4l2_qbuf,0,VIDEO_OUTPUT_MPLANE
15785.318897,v4l2_qbuf,1,VIDEO_CAPTURE_MPLANE
15785.321084,v4l2_dqbuf,1,VIDEO_CAPTURE_MPLANE
15785.321101,v4l2_dqbuf,0,VIDEO_OUTPUT_MPLANE
15785.335864,v4l2_qbuf,0,VIDEO_OUTPUT_MPLANE
15785.335907,v4l2_qbuf,0,VIDEO_CAPTURE_MPLANE
15785.340944,v4l2_dqbuf,0,VIDEO_CAPTURE_MPLANE
15785.340993,v4l2_dqbuf,0,VIDEO_OUTPUT_MPLANE
15785.352645,v4l2_qbuf,0,VIDEO_OUTPUT_MPLANE
15785.352735,v4l2_qbuf,4,VIDEO_CAPTURE_MPLANE
15785.355982,v4l2_dqbuf,4,VIDEO_CAPTURE_MPLANE
15785.356181,v4l2_dqbuf,0,VIDEO_OUTPUT_MPLANE
15785.370881,v4l2_qbuf,0,VIDEO_OUTPUT_MPLANE
15785.370905,v4l2_qbuf,6,VIDEO_CAPTURE_MPLANE
15785.374128,v4l2_dqbuf,6,VIDEO_CAPTURE_MPLANE
15785.374144,v4l2_dqbuf,0,VIDEO_OUTPUT_MPLANE
15785.388260,v4l2_qbuf,0,VIDEO_OUTPUT_MPLANE
15785.388282,v4l2_qbuf,5,VIDEO_CAPTURE_MPLANE
15785.390601,v4l2_dqbuf,5,VIDEO_CAPTURE_MPLANE
15785.390625,v4l2_dqbuf,0,VIDEO_OUTPUT_MPLANE
15785.402756,v4l2_qbuf,0,VIDEO_OUTPUT_MPLANE
15785.402777,v4l2_qbuf,3,VIDEO_CAPTURE_MPLANE
15785.406083,v4l2_dqbuf,3,VIDEO_CAPTURE_MPLANE
15785.406102,v4l2_dqbuf,0,VIDEO_OUTPUT_MPLANE
15785.419500,v4l2_qbuf,0,VIDEO_OUTPUT_MPLANE
15785.419562,v4l2_qbuf,7,VIDEO_CAPTURE_MPLANE
15785.422847,v4l2_dqbuf,7,VIDEO_CAPTURE_MPLANE
15785.422879,v4l2_dqbuf,0,VIDEO_OUTPUT_MPLANE
15785.436121,v4l2_qbuf,0,VIDEO_OUTPUT_MPLANE
15785.436143,v4l2_qbuf,2,VIDEO_CAPTURE_MPLANE
15785.438443,v4l2_dqbuf,2,VIDEO_CAPTURE_MPLANE
15785.438460,v4l2_dqbuf,0,VIDEO_OUTPUT_MPLANE
15785.453174,v4l2_qbuf,0,VIDEO_OUTPUT_MPLANE
15785.453229,v4l2_qbuf,4,VIDEO_CAPTURE_MPLANE
15785.456684,v4l2_dqbuf,4,VIDEO_CAPTURE_MPLANE
15785.456733,v4l2_dqbuf,0,VIDEO_OUTPUT_MPLANE
15785.470646,v4l2_qbuf,0,VIDEO_OUTPUT_MPLANE
15785.470678,v4l2_qbuf,0,VIDEO_CAPTURE_MPLANE
15785.473879,v4l2_dqbuf,0,VIDEO_CAPTURE_MPLANE
15785.473982,v4l2_dqbuf,0,VIDEO_OUTPUT_MPLANE
15785.486471,v4l2_qbuf,0,VIDEO_OUTPUT_MPLANE
15785.486496,v4l2_qbuf,6,VIDEO_CAPTURE_MPLANE
15785.489749,v4l2_dqbuf,6,VIDEO_CAPTURE_MPLANE
15785.489763,v4l2_dqbuf,0,VIDEO_OUTPUT_MPLANE
15785.505387,v4l2_qbuf,0,VIDEO_OUTPUT_MPLANE
15785.505536,v4l2_qbuf,1,VIDEO_CAPTURE_MPLANE
15785.507750,v4l2_dqbuf,1,VIDEO_CAPTURE_MPLANE
15785.507762,v4l2_dqbuf,0,VIDEO_OUTPUT_MPLANE
15785.521761,v4l2_qbuf,0,VIDEO_OUTPUT_MPLANE
15785.521807,v4l2_qbuf,3,VIDEO_CAPTURE_MPLANE
15785.527049,v4l2_dqbuf,3,VIDEO_CAPTURE_MPLANE
15785.527194,v4l2_dqbuf,0,VIDEO_OUTPUT_MPLANE
15785.538449,v4l2_qbuf,0,VIDEO_OUTPUT_MPLANE
15785.538557,v4l2_qbuf,7,VIDEO_CAPTURE_MPLANE
15785.540867,v4l2_dqbuf,7,VIDEO_CAPTURE_MPLANE
15785.540881,v4l2_dqbuf,0,VIDEO_OUTPUT_MPLANE
15785.557490,v4l2_qbuf,0,VIDEO_OUTPUT_MPLANE
15785.557513,v4l2_qbuf,5,VIDEO_CAPTURE_MPLANE
15785.560688,v4l2_dqbuf,5,VIDEO_CAPTURE_MPLANE
15785.560709,v4l2_dqbuf,0,VIDEO_OUTPUT_MPLANE
15785.572524,v4l2_qbuf,0,VIDEO_OUTPUT_MPLANE
15785.572541,v4l2_qbuf,0,VIDEO_CAPTURE_MPLANE
15785.575673,v4l2_dqbuf,0,VIDEO_CAPTURE_MPLANE
15785.575807,v4l2_dqbuf,0,VIDEO_OUTPUT_MPLANE
15785.588183,v4l2_qbuf,0,VIDEO_OUTPUT_MPLANE
15785.588213,v4l2_qbuf,4,VIDEO_CAPTURE_MPLANE
15785.591367,v4l2_dqbuf,4,VIDEO_CAPTURE_MPLANE
15785.591396,v4l2_dqbuf,0,VIDEO_OUTPUT_MPLANE
15785.604899,v4l2_qbuf,0,VIDEO_OUTPUT_MPLANE
15785.604917,v4l2_qbuf,6,VIDEO_CAPTURE_MPLANE
15785.607123,v4l2_dqbuf,6,VIDEO_CAPTURE_MPLANE
15785.607138,v4l2_dqbuf,0,VIDEO_OUTPUT_MPLANE
15785.621612,v4l2_qbuf,0,VIDEO_OUTPUT_MPLANE
15785.621631,v4l2_qbuf,2,VIDEO_CAPTURE_MPLANE
15785.624778,v4l2_dqbuf,2,VIDEO_CAPTURE_MPLANE
15785.624791,v4l2_dqbuf,0,VIDEO_OUTPUT_MPLANE
15785.638363,v4l2_qbuf,0,VIDEO_OUTPUT_MPLANE
15785.638396,v4l2_qbuf,3,VIDEO_CAPTURE_MPLANE
15785.641786,v4l2_dqbuf,3,VIDEO_CAPTURE_MPLANE
15785.641906,v4l2_dqbuf,0,VIDEO_OUTPUT_MPLANE
15785.656942,v4l2_qbuf,0,VIDEO_OUTPUT_MPLANE
15785.656966,v4l2_qbuf,1,VIDEO_CAPTURE_MPLANE
15785.660122,v4l2_dqbuf,1,VIDEO_CAPTURE_MPLANE
15785.660138,v4l2_dqbuf,0,VIDEO_OUTPUT_MPLANE
15785.672695,v4l2_qbuf,0,VIDEO_OUTPUT_MPLANE
15785.672726,v4l2_qbuf,0,VIDEO_CAPTURE_MPLANE
15785.674855,v4l2_dqbuf,0,VIDEO_CAPTURE_MPLANE
15785.674866,v4l2_dqbuf,0,VIDEO_OUTPUT_MPLANE
15785.688739,v4l2_qbuf,0,VIDEO_OUTPUT_MPLANE
15785.688759,v4l2_qbuf,5,VIDEO_CAPTURE_MPLANE
15785.691994,v4l2_dqbuf,5,VIDEO_CAPTURE_MPLANE
15785.692075,v4l2_dqbuf,0,VIDEO_OUTPUT_MPLANE
15785.705433,v4l2_qbuf,0,VIDEO_OUTPUT_MPLANE
15785.705457,v4l2_qbuf,4,VIDEO_CAPTURE_MPLANE
15785.708830,v4l2_dqbuf,4,VIDEO_CAPTURE_MPLANE
15785.708932,v4l2_dqbuf,0,VIDEO_OUTPUT_MPLANE
15785.721665,v4l2_qbuf,0,VIDEO_OUTPUT_MPLANE
15785.721683,v4l2_qbuf,7,VIDEO_CAPTURE_MPLANE
15785.723636,v4l2_dqbuf,7,VIDEO_CAPTURE_MPLANE
15785.723651,v4l2_dqbuf,0,VIDEO_OUTPUT_MPLANE
15785.738254,v4l2_qbuf,0,VIDEO_OUTPUT_MPLANE
15785.738279,v4l2_qbuf,3,VIDEO_CAPTURE_MPLANE
15785.740508,v4l2_dqbuf,3,VIDEO_CAPTURE_MPLANE
15785.740519,v4l2_dqbuf,0,VIDEO_OUTPUT_MPLANE
15785.754903,v4l2_qbuf,0,VIDEO_OUTPUT_MPLANE
15785.754924,v4l2_qbuf,2,VIDEO_CAPTURE_MPLANE
15785.758989,v4l2_dqbuf,2,VIDEO_CAPTURE_MPLANE
15785.759022,v4l2_dqbuf,0,VIDEO_OUTPUT_MPLANE
15785.771647,v4l2_qbuf,0,VIDEO_OUTPUT_MPLANE
15785.771665,v4l2_qbuf,1,VIDEO_CAPTURE_MPLANE
15785.774846,v4l2_dqbuf,1,VIDEO_CAPTURE_MPLANE
15785.774982,v4l2_dqbuf,0,VIDEO_OUTPUT_MPLANE
15785.789873,v4l2_qbuf,0,VIDEO_OUTPUT_MPLANE
15785.789896,v4l2_qbuf,6,VIDEO_CAPTURE_MPLANE
15785.792998,v4l2_dqbuf,6,VIDEO_CAPTURE_MPLANE
15785.793028,v4l2_dqbuf,0,VIDEO_OUTPUT_MPLANE
15785.805253,v4l2_qbuf,0,VIDEO_OUTPUT_MPLANE
15785.805516,v4l2_qbuf,5,VIDEO_CAPTURE_MPLANE
15785.807737,v4l2_dqbuf,5,VIDEO_CAPTURE_MPLANE
15785.807754,v4l2_dqbuf,0,VIDEO_OUTPUT_MPLANE
15785.821873,v4l2_qbuf,0,VIDEO_OUTPUT_MPLANE
15785.821916,v4l2_qbuf,4,VIDEO_CAPTURE_MPLANE
15785.825244,v4l2_dqbuf,4,VIDEO_CAPTURE_MPLANE
15785.825263,v4l2_dqbuf,0,VIDEO_OUTPUT_MPLANE
15785.838232,v4l2_qbuf,0,VIDEO_OUTPUT_MPLANE
15785.838288,v4l2_qbuf,0,VIDEO_CAPTURE_MPLANE
15785.841582,v4l2_dqbuf,0,VIDEO_CAPTURE_MPLANE
15785.841649,v4l2_dqbuf,0,VIDEO_OUTPUT_MPLANE
15785.854805,v4l2_qbuf,0,VIDEO_OUTPUT_MPLANE
15785.854828,v4l2_qbuf,7,VIDEO_CAPTURE_MPLANE
15785.858201,v4l2_dqbuf,7,VIDEO_CAPTURE_MPLANE
15785.858217,v4l2_dqbuf,0,VIDEO_OUTPUT_MPLANE
15785.871483,v4l2_qbuf,0,VIDEO_OUTPUT_MPLANE
15785.871527,v4l2_qbuf,1,VIDEO_CAPTURE_MPLANE
15785.874443,v4l2_dqbuf,1,VIDEO_CAPTURE_MPLANE
15785.874464,v4l2_dqbuf,0,VIDEO_OUTPUT_MPLANE
15785.891292,v4l2_qbuf,0,VIDEO_OUTPUT_MPLANE
15785.891314,v4l2_qbuf,2,VIDEO_CAPTURE_MPLANE
15785.894564,v4l2_dqbuf,2,VIDEO_CAPTURE_MPLANE
15785.894585,v4l2_dqbuf,0,VIDEO_OUTPUT_MPLANE
15785.904818,v4l2_qbuf,0,VIDEO_OUTPUT_MPLANE
15785.904839,v4l2_qbuf,6,VIDEO_CAPTURE_MPLANE
15785.908201,v4l2_dqbuf,6,VIDEO_CAPTURE_MPLANE
15785.908234,v4l2_dqbuf,0,VIDEO_OUTPUT_MPLANE
15785.921435,v4l2_qbuf,0,VIDEO_OUTPUT_MPLANE
15785.921457,v4l2_qbuf,3,VIDEO_CAPTURE_MPLANE
15785.923786,v4l2_dqbuf,3,VIDEO_CAPTURE_MPLANE
15785.923805,v4l2_dqbuf,0,VIDEO_OUTPUT_MPLANE
15785.938150,v4l2_qbuf,0,VIDEO_OUTPUT_MPLANE
15785.938171,v4l2_qbuf,0,VIDEO_CAPTURE_MPLANE
15785.941389,v4l2_dqbuf,0,VIDEO_CAPTURE_MPLANE
15785.941405,v4l2_dqbuf,0,VIDEO_OUTPUT_MPLANE
15785.954767,v4l2_qbuf,0,VIDEO_OUTPUT_MPLANE
15785.954788,v4l2_qbuf,4,VIDEO_CAPTURE_MPLANE
15785.957073,v4l2_dqbuf,4,VIDEO_CAPTURE_MPLANE
15785.957111,v4l2_dqbuf,0,VIDEO_OUTPUT_MPLANE
15785.971709,v4l2_qbuf,0,VIDEO_OUTPUT_MPLANE
15785.971730,v4l2_qbuf,7,VIDEO_CAPTURE_MPLANE
15785.975161,v4l2_dqbuf,7,VIDEO_CAPTURE_MPLANE
15785.975213,v4l2_dqbuf,0,VIDEO_OUTPUT_MPLANE
15785.990185,v4l2_qbuf,0,VIDEO_OUTPUT_MPLANE
15785.990207,v4l2_qbuf,5,VIDEO_CAPTURE_MPLANE
15785.993333,v4l2_dqbuf,5,VIDEO_CAPTURE_MPLANE
15785.993415,v4l2_dqbuf,0,VIDEO_OUTPUT_MPLANE
15786.005754,v4l2_qbuf,0,VIDEO_OUTPUT_MPLANE
15786.005772,v4l2_qbuf,2,VIDEO_CAPTURE_MPLANE
15786.009096,v4l2_dqbuf,2,VIDEO_CAPTURE_MPLANE
15786.009119,v4l2_dqbuf,0,VIDEO_OUTPUT_MPLANE
15786.021566,v4l2_qbuf,0,VIDEO_OUTPUT_MPLANE
15786.021597,v4l2_qbuf,6,VIDEO_CAPTURE_MPLANE
15786.023773,v4l2_dqbuf,6,VIDEO_CAPTURE_MPLANE
15786.023791,v4l2_dqbuf,0,VIDEO_OUTPUT_MPLANE
15786.038338,v4l2_qbuf,0,VIDEO_OUTPUT_MPLANE
15786.038360,v4l2_qbuf,1,VIDEO_CAPTURE_MPLANE
15786.041555,v4l2_dqbuf,1,VIDEO_CAPTURE_MPLANE
15786.041573,v4l2_dqbuf,0,VIDEO_OUTPUT_MPLANE
15786.055027,v4l2_qbuf,0,VIDEO_OUTPUT_MPLANE
15786.055050,v4l2_qbuf,0,VIDEO_CAPTURE_MPLANE
15786.058299,v4l2_dqbuf,0,VIDEO_CAPTURE_MPLANE
15786.058391,v4l2_dqbuf,0,VIDEO_OUTPUT_MPLANE
15786.071433,v4l2_qbuf,0,VIDEO_OUTPUT_MPLANE
15786.071452,v4l2_qbuf,3,VIDEO_CAPTURE_MPLANE
15786.074860,v4l2_dqbuf,3,VIDEO_CAPTURE_MPLANE
15786.074879,v4l2_dqbuf,0,VIDEO_OUTPUT_MPLANE
15786.090312,v4l2_qbuf,0,VIDEO_OUTPUT_MPLANE
15786.090335,v4l2_qbuf,5,VIDEO_CAPTURE_MPLANE
15786.092422,v4l2_dqbuf,5,VIDEO_CAPTURE_MPLANE
15786.092439,v4l2_dqbuf,0,VIDEO_OUTPUT_MPLANE
15786.105165,v4l2_qbuf,0,VIDEO_OUTPUT_MPLANE
15786.105198,v4l2_qbuf,7,VIDEO_CAPTURE_MPLANE
15786.108290,v4l2_dqbuf,7,VIDEO_CAPTURE_MPLANE
15786.108311,v4l2_dqbuf,0,VIDEO_OUTPUT_MPLANE
15786.123295,v4l2_qbuf,0,VIDEO_OUTPUT_MPLANE
15786.123314,v4l2_qbuf,2,VIDEO_CAPTURE_MPLANE
15786.126513,v4l2_dqbuf,2,VIDEO_CAPTURE_MPLANE
15786.126651,v4l2_dqbuf,0,VIDEO_OUTPUT_MPLANE
15786.140383,v4l2_qbuf,0,VIDEO_OUTPUT_MPLANE
15786.140425,v4l2_qbuf,4,VIDEO_CAPTURE_MPLANE
15786.143588,v4l2_dqbuf,4,VIDEO_CAPTURE_MPLANE
15786.143628,v4l2_dqbuf,0,VIDEO_OUTPUT_MPLANE
15786.157333,v4l2_qbuf,0,VIDEO_OUTPUT_MPLANE
15786.157356,v4l2_qbuf,0,VIDEO_CAPTURE_MPLANE
15786.159582,v4l2_dqbuf,0,VIDEO_CAPTURE_MPLANE
15786.159596,v4l2_dqbuf,0,VIDEO_OUTPUT_MPLANE
15786.175141,v4l2_qbuf,0,VIDEO_OUTPUT_MPLANE
15786.175158,v4l2_qbuf,1,VIDEO_CAPTURE_MPLANE
15786.178417,v4l2_dqbuf,1,VIDEO_CAPTURE_MPLANE
15786.178435,v4l2_dqbuf,0,VIDEO_OUTPUT_MPLANE
15786.189906,v4l2_qbuf,0,VIDEO_OUTPUT_MPLANE
15786.189928,v4l2_qbuf,3,VIDEO_CAPTURE_MPLANE
15786.192943,v4l2_dqbuf,3,VIDEO_CAPTURE_MPLANE
15786.193027,v4l2_dqbuf,0,VIDEO_OUTPUT_MPLANE
15786.206419,v4l2_qbuf,0,VIDEO_OUTPUT_MPLANE
15786.206435,v4l2_qbuf,6,VIDEO_CAPTURE_MPLANE
15786.209611,v4l2_dqbuf,6,VIDEO_CAPTURE_MPLANE
15786.209638,v4l2_dqbuf,0,VIDEO_OUTPUT_MPLANE
15786.223693,v4l2_qbuf,0,VIDEO_OUTPUT_MPLANE
15786.223713,v4l2_qbuf,2,VIDEO_CAPTURE_MPLANE
15786.226727,v4l2_dqbuf,2,VIDEO_CAPTURE_MPLANE
15786.226741,v4l2_dqbuf,0,VIDEO_OUTPUT_MPLANE
15786.240169,v4l2_qbuf,0,VIDEO_OUTPUT_MPLANE
15786.240210,v4l2_qbuf,7,VIDEO_CAPTURE_MPLANE
15786.243589,v4l2_dqbuf,7,VIDEO_CAPTURE_MPLANE
15786.243623,v4l2_dqbuf,0,VIDEO_OUTPUT_MPLANE
15786.256867,v4l2_qbuf,0,VIDEO_OUTPUT_MPLANE
15786.256934,v4l2_qbuf,4,VIDEO_CAPTURE_MPLANE
15786.261221,v4l2_dqbuf,4,VIDEO_CAPTURE_MPLANE
15786.261318,v4l2_dqbuf,0,VIDEO_OUTPUT_MPLANE
15786.273512,v4l2_qbuf,0,VIDEO_OUTPUT_MPLANE
15786.273564,v4l2_qbuf,5,VIDEO_CAPTURE_MPLANE
15786.276843,v4l2_dqbuf,5,VIDEO_CAPTURE_MPLANE
15786.276861,v4l2_dqbuf,0,VIDEO_OUTPUT_MPLANE
15786.290560,v4l2_qbuf,0,VIDEO_OUTPUT_MPLANE
15786.290578,v4l2_qbuf,3,VIDEO_CAPTURE_MPLANE
15786.292760,v4l2_dqbuf,3,VIDEO_CAPTURE_MPLANE
15786.292775,v4l2_dqbuf,0,VIDEO_OUTPUT_MPLANE
15786.307695,v4l2_qbuf,0,VIDEO_OUTPUT_MPLANE
15786.307750,v4l2_qbuf,1,VIDEO_CAPTURE_MPLANE
15786.310905,v4l2_dqbuf,1,VIDEO_CAPTURE_MPLANE
15786.310937,v4l2_dqbuf,0,VIDEO_OUTPUT_MPLANE
15786.323502,v4l2_qbuf,0,VIDEO_OUTPUT_MPLANE
15786.323520,v4l2_qbuf,6,VIDEO_CAPTURE_MPLANE
15786.326743,v4l2_dqbuf,6,VIDEO_CAPTURE_MPLANE
15786.326824,v4l2_dqbuf,0,VIDEO_OUTPUT_MPLANE
15786.340046,v4l2_qbuf,0,VIDEO_OUTPUT_MPLANE
15786.340065,v4l2_qbuf,0,VIDEO_CAPTURE_MPLANE
15786.343130,v4l2_dqbuf,0,VIDEO_CAPTURE_MPLANE
15786.343141,v4l2_dqbuf,0,VIDEO_OUTPUT_MPLANE
15786.356532,v4l2_qbuf,0,VIDEO_OUTPUT_MPLANE
15786.356549,v4l2_qbuf,4,VIDEO_CAPTURE_MPLANE
15786.358649,v4l2_dqbuf,4,VIDEO_CAPTURE_MPLANE
15786.358661,v4l2_dqbuf,0,VIDEO_OUTPUT_MPLANE
15786.375566,v4l2_qbuf,0,VIDEO_OUTPUT_MPLANE
15786.375613,v4l2_qbuf,7,VIDEO_CAPTURE_MPLANE
15786.378775,v4l2_dqbuf,7,VIDEO_CAPTURE_MPLANE
15786.378790,v4l2_dqbuf,0,VIDEO_OUTPUT_MPLANE
15786.391528,v4l2_qbuf,0,VIDEO_OUTPUT_MPLANE
15786.391549,v4l2_qbuf,5,VIDEO_CAPTURE_MPLANE
15786.394701,v4l2_dqbuf,5,VIDEO_CAPTURE_MPLANE
15786.394808,v4l2_dqbuf,0,VIDEO_OUTPUT_MPLANE
15786.406806,v4l2_qbuf,0,VIDEO_OUTPUT_MPLANE
15786.406828,v4l2_qbuf,2,VIDEO_CAPTURE_MPLANE
15786.410144,v4l2_dqbuf,2,VIDEO_CAPTURE_MPLANE
15786.410201,v4l2_dqbuf,0,VIDEO_OUTPUT_MPLANE
15786.423279,v4l2_qbuf,0,VIDEO_OUTPUT_MPLANE
15786.423299,v4l2_qbuf,6,VIDEO_CAPTURE_MPLANE
15786.425605,v4l2_dqbuf,6,VIDEO_CAPTURE_MPLANE
15786.425653,v4l2_dqbuf,0,VIDEO_OUTPUT_MPLANE
15786.440597,v4l2_qbuf,0,VIDEO_OUTPUT_MPLANE
15786.440658,v4l2_qbuf,1,VIDEO_CAPTURE_MPLANE
15786.443896,v4l2_dqbuf,1,VIDEO_CAPTURE_MPLANE
15786.443932,v4l2_dqbuf,0,VIDEO_OUTPUT_MPLANE
15786.456908,v4l2_qbuf,0,VIDEO_OUTPUT_MPLANE
15786.456956,v4l2_qbuf,0,VIDEO_CAPTURE_MPLANE
15786.460218,v4l2_dqbuf,0,VIDEO_CAPTURE_MPLANE
15786.460367,v4l2_dqbuf,0,VIDEO_OUTPUT_MPLANE
15786.473561,v4l2_qbuf,0,VIDEO_OUTPUT_MPLANE
15786.473598,v4l2_qbuf,3,VIDEO_CAPTURE_MPLANE
15786.476703,v4l2_dqbuf,3,VIDEO_CAPTURE_MPLANE
15786.476738,v4l2_dqbuf,0,VIDEO_OUTPUT_MPLANE
15786.492110,v4l2_qbuf,0,VIDEO_OUTPUT_MPLANE
15786.492134,v4l2_qbuf,5,VIDEO_CAPTURE_MPLANE
15786.494296,v4l2_dqbuf,5,VIDEO_CAPTURE_MPLANE
15786.494313,v4l2_dqbuf,0,VIDEO_OUTPUT_MPLANE
15786.507964,v4l2_qbuf,0,VIDEO_OUTPUT_MPLANE
15786.507983,v4l2_qbuf,7,VIDEO_CAPTURE_MPLANE
15786.511145,v4l2_dqbuf,7,VIDEO_CAPTURE_MPLANE
15786.511161,v4l2_dqbuf,0,VIDEO_OUTPUT_MPLANE
15786.523294,v4l2_qbuf,0,VIDEO_OUTPUT_MPLANE
15786.523312,v4l2_qbuf,2,VIDEO_CAPTURE_MPLANE
15786.526477,v4l2_dqbuf,2,VIDEO_CAPTURE_MPLANE
15786.526580,v4l2_dqbuf,0,VIDEO_OUTPUT_MPLANE
15786.542520,v4l2_qbuf,0,VIDEO_OUTPUT_MPLANE
15786.542542,v4l2_qbuf,4,VIDEO_CAPTURE_MPLANE
15786.545646,v4l2_dqbuf,4,VIDEO_CAPTURE_MPLANE
15786.545660,v4l2_dqbuf,0,VIDEO_OUTPUT_MPLANE
15786.557834,v4l2_qbuf,0,VIDEO_OUTPUT_MPLANE
15786.557886,v4l2_qbuf,0,VIDEO_CAPTURE_MPLANE
15786.560021,v4l2_dqbuf,0,VIDEO_CAPTURE_MPLANE
15786.560036,v4l2_dqbuf,0,VIDEO_OUTPUT_MPLANE
15786.573405,v4l2_qbuf,0,VIDEO_OUTPUT_MPLANE
15786.573579,v4l2_qbuf,1,VIDEO_CAPTURE_MPLANE
15786.576580,v4l2_dqbuf,1,VIDEO_CAPTURE_MPLANE
15786.576597,v4l2_dqbuf,0,VIDEO_OUTPUT_MPLANE
15786.590111,v4l2_qbuf,0,VIDEO_OUTPUT_MPLANE
15786.590133,v4l2_qbuf,3,VIDEO_CAPTURE_MPLANE
15786.593330,v4l2_dqbuf,3,VIDEO_CAPTURE_MPLANE
15786.593564,v4l2_dqbuf,0,VIDEO_OUTPUT_MPLANE
15786.606786,v4l2_qbuf,0,VIDEO_OUTPUT_MPLANE
15786.606825,v4l2_qbuf,6,VIDEO_CAPTURE_MPLANE
15786.610056,v4l2_dqbuf,6,VIDEO_CAPTURE_MPLANE
15786.610086,v4l2_dqbuf,0,VIDEO_OUTPUT_MPLANE
15786.623204,v4l2_qbuf,0,VIDEO_OUTPUT_MPLANE
15786.623222,v4l2_qbuf,2,VIDEO_CAPTURE_MPLANE
15786.625386,v4l2_dqbuf,2,VIDEO_CAPTURE_MPLANE
15786.625396,v4l2_dqbuf,0,VIDEO_OUTPUT_MPLANE
15786.640486,v4l2_qbuf,0,VIDEO_OUTPUT_MPLANE
15786.640539,v4l2_qbuf,7,VIDEO_CAPTURE_MPLANE
15786.643804,v4l2_dqbuf,7,VIDEO_CAPTURE_MPLANE
15786.643844,v4l2_dqbuf,0,VIDEO_OUTPUT_MPLANE
15786.659668,v4l2_qbuf,0,VIDEO_OUTPUT_MPLANE
15786.659723,v4l2_qbuf,4,VIDEO_CAPTURE_MPLANE
15786.662863,v4l2_dqbuf,4,VIDEO_CAPTURE_MPLANE
15786.662993,v4l2_dqbuf,0,VIDEO_OUTPUT_MPLANE
15786.674014,v4l2_qbuf,0,VIDEO_OUTPUT_MPLANE
15786.674037,v4l2_qbuf,5,VIDEO_CAPTURE_MPLANE
15786.677257,v4l2_dqbuf,5,VIDEO_CAPTURE_MPLANE
15786.677275,v4l2_dqbuf,0,VIDEO_OUTPUT_MPLANE
15786.690704,v4l2_qbuf,0,VIDEO_OUTPUT_MPLANE
15786.690726,v4l2_qbuf,3,VIDEO_CAPTURE_MPLANE
15786.692907,v4l2_dqbuf,3,VIDEO_CAPTURE_MPLANE
15786.692941,v4l2_dqbuf,0,VIDEO_OUTPUT_MPLANE
15786.706568,v4l2_qbuf,0,VIDEO_OUTPUT_MPLANE
15786.706584,v4l2_qbuf,1,VIDEO_CAPTURE_MPLANE
15786.709758,v4l2_dqbuf,1,VIDEO_CAPTURE_MPLANE
15786.709920,v4l2_dqbuf,0,VIDEO_OUTPUT_MPLANE
15786.723557,v4l2_qbuf,0,VIDEO_OUTPUT_MPLANE
15786.723632,v4l2_qbuf,6,VIDEO_CAPTURE_MPLANE
15786.725531,v4l2_dqbuf,6,VIDEO_CAPTURE_MPLANE
15786.725547,v4l2_dqbuf,0,VIDEO_OUTPUT_MPLANE
15786.740266,v4l2_qbuf,0,VIDEO_OUTPUT_MPLANE
15786.740295,v4l2_qbuf,0,VIDEO_CAPTURE_MPLANE
15786.742491,v4l2_dqbuf,0,VIDEO_CAPTURE_MPLANE
15786.742515,v4l2_dqbuf,0,VIDEO_OUTPUT_MPLANE
15786.757042,v4l2_qbuf,0,VIDEO_OUTPUT_MPLANE
15786.757072,v4l2_qbuf,4,VIDEO_CAPTURE_MPLANE
15786.760323,v4l2_dqbuf,4,VIDEO_CAPTURE_MPLANE
15786.760351,v4l2_dqbuf,0,VIDEO_OUTPUT_MPLANE
15786.774106,v4l2_qbuf,0,VIDEO_OUTPUT_MPLANE
15786.774128,v4l2_qbuf,7,VIDEO_CAPTURE_MPLANE
15786.777297,v4l2_dqbuf,7,VIDEO_CAPTURE_MPLANE
15786.777311,v4l2_dqbuf,0,VIDEO_OUTPUT_MPLANE
15786.790113,v4l2_qbuf,0,VIDEO_OUTPUT_MPLANE
15786.790132,v4l2_qbuf,5,VIDEO_CAPTURE_MPLANE
15786.792474,v4l2_dqbuf,5,VIDEO_CAPTURE_MPLANE
15786.792508,v4l2_dqbuf,0,VIDEO_OUTPUT_MPLANE
15786.808662,v4l2_qbuf,0,VIDEO_OUTPUT_MPLANE
15786.808680,v4l2_qbuf,2,VIDEO_CAPTURE_MPLANE
15786.811704,v4l2_dqbuf,2,VIDEO_CAPTURE_MPLANE
15786.811716,v4l2_dqbuf,0,VIDEO_OUTPUT_MPLANE
15786.825237,v4l2_qbuf,0,VIDEO_OUTPUT_MPLANE
15786.825254,v4l2_qbuf,1,VIDEO_CAPTURE_MPLANE
15786.828335,v4l2_dqbuf,1,VIDEO_CAPTURE_MPLANE
15786.828484,v4l2_dqbuf,0,VIDEO_OUTPUT_MPLANE
15786.841879,v4l2_qbuf,0,VIDEO_OUTPUT_MPLANE
15786.841892,v4l2_qbuf,3,VIDEO_CAPTURE_MPLANE
15786.844959,v4l2_dqbuf,3,VIDEO_CAPTURE_MPLANE
15786.844987,v4l2_dqbuf,0,VIDEO_OUTPUT_MPLANE
15786.858653,v4l2_qbuf,0,VIDEO_OUTPUT_MPLANE
15786.858676,v4l2_qbuf,6,VIDEO_CAPTURE_MPLANE
15786.860759,v4l2_dqbuf,6,VIDEO_CAPTURE_MPLANE
15786.860774,v4l2_dqbuf,0,VIDEO_OUTPUT_MPLANE
15786.875621,v4l2_qbuf,0,VIDEO_OUTPUT_MPLANE
15786.875643,v4l2_qbuf,4,VIDEO_CAPTURE_MPLANE
15786.878676,v4l2_dqbuf,4,VIDEO_CAPTURE_MPLANE
15786.878692,v4l2_dqbuf,0,VIDEO_OUTPUT_MPLANE
15786.892321,v4l2_qbuf,0,VIDEO_OUTPUT_MPLANE
15786.892343,v4l2_qbuf,7,VIDEO_CAPTURE_MPLANE
15786.894552,v4l2_dqbuf,7,VIDEO_CAPTURE_MPLANE
15786.894570,v4l2_dqbuf,0,VIDEO_OUTPUT_MPLANE
15786.908733,v4l2_qbuf,0,VIDEO_OUTPUT_MPLANE
15786.908767,v4l2_qbuf,0,VIDEO_CAPTURE_MPLANE
15786.912014,v4l2_dqbuf,0,VIDEO_CAPTURE_MPLANE
15786.912046,v4l2_dqbuf,0,VIDEO_OUTPUT_MPLANE
15786.925715,v4l2_qbuf,0,VIDEO_OUTPUT_MPLANE
15786.925764,v4l2_qbuf,1,VIDEO_CAPTURE_MPLANE
15786.929086,v4l2_dqbuf,1,VIDEO_CAPTURE_MPLANE
15786.929219,v4l2_dqbuf,0,VIDEO_OUTPUT_MPLANE
15786.942141,v4l2_qbuf,0,VIDEO_OUTPUT_MPLANE
15786.942174,v4l2_qbuf,2,VIDEO_CAPTURE_MPLANE
15786.945382,v4l2_dqbuf,2,VIDEO_CAPTURE_MPLANE
15786.945414,v4l2_dqbuf,0,VIDEO_OUTPUT_MPLANE
15786.960057,v4l2_qbuf,0,VIDEO_OUTPUT_MPLANE
15786.960081,v4l2_qbuf,3,VIDEO_CAPTURE_MPLANE
15786.962281,v4l2_dqbuf,3,VIDEO_CAPTURE_MPLANE
15786.962299,v4l2_dqbuf,0,VIDEO_OUTPUT_MPLANE
15786.975846,v4l2_qbuf,0,VIDEO_OUTPUT_MPLANE
15786.975879,v4l2_qbuf,5,VIDEO_CAPTURE_MPLANE
15786.978986,v4l2_dqbuf,5,VIDEO_CAPTURE_MPLANE
15786.979013,v4l2_dqbuf,0,VIDEO_OUTPUT_MPLANE
15786.992062,v4l2_qbuf,0,VIDEO_OUTPUT_MPLANE
15786.992087,v4l2_qbuf,4,VIDEO_CAPTURE_MPLANE
15786.995378,v4l2_dqbuf,4,VIDEO_CAPTURE_MPLANE
15786.995493,v4l2_dqbuf,0,VIDEO_OUTPUT_MPLANE
15787.009360,v4l2_qbuf,0,VIDEO_OUTPUT_MPLANE
15787.009383,v4l2_qbuf,6,VIDEO_CAPTURE_MPLANE
15787.012523,v4l2_dqbuf,6,VIDEO_CAPTURE_MPLANE
15787.012538,v4l2_dqbuf,0,VIDEO_OUTPUT_MPLANE
15787.026024,v4l2_qbuf,0,VIDEO_OUTPUT_MPLANE
15787.026079,v4l2_qbuf,1,VIDEO_CAPTURE_MPLANE
15787.028444,v4l2_dqbuf,1,VIDEO_CAPTURE_MPLANE
15787.028475,v4l2_dqbuf,0,VIDEO_OUTPUT_MPLANE
15787.042415,v4l2_qbuf,0,VIDEO_OUTPUT_MPLANE
15787.042453,v4l2_qbuf,0,VIDEO_CAPTURE_MPLANE
15787.045640,v4l2_dqbuf,0,VIDEO_CAPTURE_MPLANE
15787.045671,v4l2_dqbuf,0,VIDEO_OUTPUT_MPLANE
15787.059341,v4l2_qbuf,0,VIDEO_OUTPUT_MPLANE
15787.059370,v4l2_qbuf,2,VIDEO_CAPTURE_MPLANE
15787.062531,v4l2_dqbuf,2,VIDEO_CAPTURE_MPLANE
15787.062692,v4l2_dqbuf,0,VIDEO_OUTPUT_MPLANE
15787.075690,v4l2_qbuf,0,VIDEO_OUTPUT_MPLANE
15787.075715,v4l2_qbuf,7,VIDEO_CAPTURE_MPLANE
15787.079027,v4l2_dqbuf,7,VIDEO_CAPTURE_MPLANE
15787.079058,v4l2_dqbuf,0,VIDEO_OUTPUT_MPLANE
15787.092157,v4l2_qbuf,0,VIDEO_OUTPUT_MPLANE
15787.092177,v4l2_qbuf,4,VIDEO_CAPTURE_MPLANE
15787.094519,v4l2_dqbuf,4,VIDEO_CAPTURE_MPLANE
15787.094571,v4l2_dqbuf,0,VIDEO_OUTPUT_MPLANE
15787.108873,v4l2_qbuf,0,VIDEO_OUTPUT_MPLANE
15787.108896,v4l2_qbuf,5,VIDEO_CAPTURE_MPLANE
15787.112289,v4l2_dqbuf,5,VIDEO_CAPTURE_MPLANE
15787.112309,v4l2_dqbuf,0,VIDEO_OUTPUT_MPLANE
15787.125442,v4l2_qbuf,0,VIDEO_OUTPUT_MPLANE
15787.125462,v4l2_qbuf,6,VIDEO_CAPTURE_MPLANE
15787.128669,v4l2_dqbuf,6,VIDEO_CAPTURE_MPLANE
15787.128757,v4l2_dqbuf,0,VIDEO_OUTPUT_MPLANE
15787.142273,v4l2_qbuf,0,VIDEO_OUTPUT_MPLANE
15787.142294,v4l2_qbuf,3,VIDEO_CAPTURE_MPLANE
15787.145452,v4l2_dqbuf,3,VIDEO_CAPTURE_MPLANE
15787.145477,v4l2_dqbuf,0,VIDEO_OUTPUT_MPLANE
15787.159450,v4l2_qbuf,0,VIDEO_OUTPUT_MPLANE
15787.159473,v4l2_qbuf,2,VIDEO_CAPTURE_MPLANE
15787.161627,v4l2_dqbuf,2,VIDEO_CAPTURE_MPLANE
15787.161642,v4l2_dqbuf,0,VIDEO_OUTPUT_MPLANE
15787.175586,v4l2_qbuf,0,VIDEO_OUTPUT_MPLANE
15787.175613,v4l2_qbuf,0,VIDEO_CAPTURE_MPLANE
15787.178775,v4l2_dqbuf,0,VIDEO_CAPTURE_MPLANE
15787.178799,v4l2_dqbuf,0,VIDEO_OUTPUT_MPLANE
15787.192094,v4l2_qbuf,0,VIDEO_OUTPUT_MPLANE
15787.192118,v4l2_qbuf,7,VIDEO_CAPTURE_MPLANE
15787.195442,v4l2_dqbuf,7,VIDEO_CAPTURE_MPLANE
15787.195556,v4l2_dqbuf,0,VIDEO_OUTPUT_MPLANE
15787.208949,v4l2_qbuf,0,VIDEO_OUTPUT_MPLANE
15787.208977,v4l2_qbuf,1,VIDEO_CAPTURE_MPLANE
15787.212194,v4l2_dqbuf,1,VIDEO_CAPTURE_MPLANE
15787.212209,v4l2_dqbuf,0,VIDEO_OUTPUT_MPLANE
15787.225549,v4l2_qbuf,0,VIDEO_OUTPUT_MPLANE
15787.225588,v4l2_qbuf,6,VIDEO_CAPTURE_MPLANE
15787.227916,v4l2_dqbuf,6,VIDEO_CAPTURE_MPLANE
15787.227943,v4l2_dqbuf,0,VIDEO_OUTPUT_MPLANE
15787.242068,v4l2_qbuf,0,VIDEO_OUTPUT_MPLANE
15787.242105,v4l2_qbuf,5,VIDEO_CAPTURE_MPLANE
15787.245347,v4l2_dqbuf,5,VIDEO_CAPTURE_MPLANE
15787.245364,v4l2_dqbuf,0,VIDEO_OUTPUT_MPLANE
15787.258788,v4l2_qbuf,0,VIDEO_OUTPUT_MPLANE
15787.258810,v4l2_qbuf,3,VIDEO_CAPTURE_MPLANE
15787.261949,v4l2_dqbuf,3,VIDEO_CAPTURE_MPLANE
15787.262042,v4l2_dqbuf,0,VIDEO_OUTPUT_MPLANE
15787.275957,v4l2_qbuf,0,VIDEO_OUTPUT_MPLANE
15787.275980,v4l2_qbuf,4,VIDEO_CAPTURE_MPLANE
15787.279099,v4l2_dqbuf,4,VIDEO_CAPTURE_MPLANE
15787.279116,v4l2_dqbuf,0,VIDEO_OUTPUT_MPLANE
15787.292080,v4l2_qbuf,0,VIDEO_OUTPUT_MPLANE
15787.292109,v4l2_qbuf,7,VIDEO_CAPTURE_MPLANE
15787.294225,v4l2_dqbuf,7,VIDEO_CAPTURE_MPLANE
15787.294243,v4l2_dqbuf,0,VIDEO_OUTPUT_MPLANE
15787.309186,v4l2_qbuf,0,VIDEO_OUTPUT_MPLANE
15787.309207,v4l2_qbuf,0,VIDEO_CAPTURE_MPLANE
15787.312247,v4l2_dqbuf,0,VIDEO_CAPTURE_MPLANE
15787.312265,v4l2_dqbuf,0,VIDEO_OUTPUT_MPLANE
15787.325642,v4l2_qbuf,0,VIDEO_OUTPUT_MPLANE
15787.325666,v4l2_qbuf,1,VIDEO_CAPTURE_MPLANE
15787.328816,v4l2_dqbuf,1,VIDEO_CAPTURE_MPLANE
15787.328956,v4l2_dqbuf,0,VIDEO_OUTPUT_MPLANE
15787.342464,v4l2_qbuf,0,VIDEO_OUTPUT_MPLANE
15787.342484,v4l2_qbuf,2,VIDEO_CAPTURE_MPLANE
15787.345728,v4l2_dqbuf,2,VIDEO_CAPTURE_MPLANE
15787.345767,v4l2_dqbuf,0,VIDEO_OUTPUT_MPLANE
15787.358574,v4l2_qbuf,0,VIDEO_OUTPUT_MPLANE
15787.358592,v4l2_qbuf,3,VIDEO_CAPTURE_MPLANE
15787.360743,v4l2_dqbuf,3,VIDEO_CAPTURE_MPLANE
15787.360755,v4l2_dqbuf,0,VIDEO_OUTPUT_MPLANE
15787.376404,v4l2_qbuf,0,VIDEO_OUTPUT_MPLANE
15787.376426,v4l2_qbuf,5,VIDEO_CAPTURE_MPLANE
15787.379685,v4l2_dqbuf,5,VIDEO_CAPTURE_MPLANE
15787.379705,v4l2_dqbuf,0,VIDEO_OUTPUT_MPLANE
15787.392163,v4l2_qbuf,0,VIDEO_OUTPUT_MPLANE
15787.392193,v4l2_qbuf,4,VIDEO_CAPTURE_MPLANE
15787.395468,v4l2_dqbuf,4,VIDEO_CAPTURE_MPLANE
15787.395570,v4l2_dqbuf,0,VIDEO_OUTPUT_MPLANE
15787.408838,v4l2_qbuf,0,VIDEO_OUTPUT_MPLANE
15787.408860,v4l2_qbuf,6,VIDEO_CAPTURE_MPLANE
15787.412040,v4l2_dqbuf,6,VIDEO_CAPTURE_MPLANE
15787.412055,v4l2_dqbuf,0,VIDEO_OUTPUT_MPLANE
15787.425262,v4l2_qbuf,0,VIDEO_OUTPUT_MPLANE
15787.425292,v4l2_qbuf,1,VIDEO_CAPTURE_MPLANE
15787.427369,v4l2_dqbuf,1,VIDEO_CAPTURE_MPLANE
15787.427380,v4l2_dqbuf,0,VIDEO_OUTPUT_MPLANE
15787.442050,v4l2_qbuf,0,VIDEO_OUTPUT_MPLANE
15787.442114,v4l2_qbuf,0,VIDEO_CAPTURE_MPLANE
15787.445170,v4l2_dqbuf,0,VIDEO_CAPTURE_MPLANE
15787.445187,v4l2_dqbuf,0,VIDEO_OUTPUT_MPLANE
15787.458568,v4l2_qbuf,0,VIDEO_OUTPUT_MPLANE
15787.458588,v4l2_qbuf,2,VIDEO_CAPTURE_MPLANE
15787.461560,v4l2_dqbuf,2,VIDEO_CAPTURE_MPLANE
15787.461647,v4l2_dqbuf,0,VIDEO_OUTPUT_MPLANE
15787.475327,v4l2_qbuf,0,VIDEO_OUTPUT_MPLANE
15787.475346,v4l2_qbuf,7,VIDEO_CAPTURE_MPLANE
15787.478735,v4l2_dqbuf,7,VIDEO_CAPTURE_MPLANE
15787.478751,v4l2_dqbuf,0,VIDEO_OUTPUT_MPLANE
15787.495997,v4l2_qbuf,0,VIDEO_OUTPUT_MPLANE
15787.496074,v4l2_qbuf,4,VIDEO_CAPTURE_MPLANE
15787.498475,v4l2_dqbuf,4,VIDEO_CAPTURE_MPLANE
15787.498543,v4l2_dqbuf,0,VIDEO_OUTPUT_MPLANE
15787.508713,v4l2_qbuf,0,VIDEO_OUTPUT_MPLANE
15787.508729,v4l2_qbuf,5,VIDEO_CAPTURE_MPLANE
15787.511839,v4l2_dqbuf,5,VIDEO_CAPTURE_MPLANE
15787.511850,v4l2_dqbuf,0,VIDEO_OUTPUT_MPLANE
15787.525862,v4l2_qbuf,0,VIDEO_OUTPUT_MPLANE
15787.525881,v4l2_qbuf,6,VIDEO_CAPTURE_MPLANE
15787.528987,v4l2_dqbuf,6,VIDEO_CAPTURE_MPLANE
15787.529073,v4l2_dqbuf,0,VIDEO_OUTPUT_MPLANE
15787.542236,v4l2_qbuf,0,VIDEO_OUTPUT_MPLANE
15787.542274,v4l2_qbuf,3,VIDEO_CAPTURE_MPLANE
15787.545575,v4l2_dqbuf,3,VIDEO_CAPTURE_MPLANE
15787.545588,v4l2_dqbuf,0,VIDEO_OUTPUT_MPLANE
15787.559159,v4l2_qbuf,0,VIDEO_OUTPUT_MPLANE
15787.559211,v4l2_qbuf,2,VIDEO_CAPTURE_MPLANE
15787.561461,v4l2_dqbuf,2,VIDEO_CAPTURE_MPLANE
15787.561488,v4l2_dqbuf,0,VIDEO_OUTPUT_MPLANE
15787.575822,v4l2_qbuf,0,VIDEO_OUTPUT_MPLANE
15787.575873,v4l2_qbuf,0,VIDEO_CAPTURE_MPLANE
15787.579139,v4l2_dqbuf,0,VIDEO_CAPTURE_MPLANE
15787.579176,v4l2_dqbuf,0,VIDEO_OUTPUT_MPLANE
15787.592330,v4l2_qbuf,0,VIDEO_OUTPUT_MPLANE
15787.592381,v4l2_qbuf,7,VIDEO_CAPTURE_MPLANE
15787.595605,v4l2_dqbuf,7,VIDEO_CAPTURE_MPLANE
15787.595760,v4l2_dqbuf,0,VIDEO_OUTPUT_MPLANE
15787.609410,v4l2_qbuf,0,VIDEO_OUTPUT_MPLANE
15787.609435,v4l2_qbuf,1,VIDEO_CAPTURE_MPLANE
15787.612617,v4l2_dqbuf,1,VIDEO_CAPTURE_MPLANE
15787.612633,v4l2_dqbuf,0,VIDEO_OUTPUT_MPLANE
15787.625974,v4l2_qbuf,0,VIDEO_OUTPUT_MPLANE
15787.625997,v4l2_qbuf,6,VIDEO_CAPTURE_MPLANE
15787.628228,v4l2_dqbuf,6,VIDEO_CAPTURE_MPLANE
15787.628246,v4l2_dqbuf,0,VIDEO_OUTPUT_MPLANE
15787.642237,v4l2_qbuf,0,VIDEO_OUTPUT_MPLANE
15787.642260,v4l2_qbuf,5,VIDEO_CAPTURE_MPLANE
15787.645381,v4l2_dqbuf,5,VIDEO_CAPTURE_MPLANE
15787.645397,v4l2_dqbuf,0,VIDEO_OUTPUT_MPLANE
15787.658919,v4l2_qbuf,0,VIDEO_OUTPUT_MPLANE
15787.658958,v4l2_qbuf,3,VIDEO_CAPTURE_MPLANE
15787.662368,v4l2_dqbuf,3,VIDEO_CAPTURE_MPLANE
15787.662459,v4l2_dqbuf,0,VIDEO_OUTPUT_MPLANE
15787.675353,v4l2_qbuf,0,VIDEO_OUTPUT_MPLANE
15787.675376,v4l2_qbuf,4,VIDEO_CAPTURE_MPLANE
15787.678515,v4l2_dqbuf,4,VIDEO_CAPTURE_MPLANE
15787.678530,v4l2_dqbuf,0,VIDEO_OUTPUT_MPLANE
15787.692295,v4l2_qbuf,0,VIDEO_OUTPUT_MPLANE
15787.692317,v4l2_qbuf,7,VIDEO_CAPTURE_MPLANE
15787.694500,v4l2_dqbuf,7,VIDEO_CAPTURE_MPLANE
15787.694515,v4l2_dqbuf,0,VIDEO_OUTPUT_MPLANE
15787.709199,v4l2_qbuf,0,VIDEO_OUTPUT_MPLANE
15787.709223,v4l2_qbuf,0,VIDEO_CAPTURE_MPLANE
15787.712528,v4l2_dqbuf,0,VIDEO_CAPTURE_MPLANE
15787.712660,v4l2_dqbuf,0,VIDEO_OUTPUT_MPLANE
15787.726721,v4l2_qbuf,0,VIDEO_OUTPUT_MPLANE
15787.726798,v4l2_qbuf,1,VIDEO_CAPTURE_MPLANE
15787.728659,v4l2_dqbuf,1,VIDEO_CAPTURE_MPLANE
15787.728676,v4l2_dqbuf,0,VIDEO_OUTPUT_MPLANE
15787.742876,v4l2_qbuf,0,VIDEO_OUTPUT_MPLANE
15787.742896,v4l2_qbuf,2,VIDEO_CAPTURE_MPLANE
15787.745034,v4l2_dqbuf,2,VIDEO_CAPTURE_MPLANE
15787.745048,v4l2_dqbuf,0,VIDEO_OUTPUT_MPLANE
15787.758883,v4l2_qbuf,0,VIDEO_OUTPUT_MPLANE
15787.758908,v4l2_qbuf,3,VIDEO_CAPTURE_MPLANE
15787.762045,v4l2_dqbuf,3,VIDEO_CAPTURE_MPLANE
15787.762057,v4l2_dqbuf,0,VIDEO_OUTPUT_MPLANE
15787.775510,v4l2_qbuf,0,VIDEO_OUTPUT_MPLANE
15787.775541,v4l2_qbuf,5,VIDEO_CAPTURE_MPLANE
15787.778967,v4l2_dqbuf,5,VIDEO_CAPTURE_MPLANE
15787.779105,v4l2_dqbuf,0,VIDEO_OUTPUT_MPLANE
15787.792033,v4l2_qbuf,0,VIDEO_OUTPUT_MPLANE
15787.792073,v4l2_qbuf,4,VIDEO_CAPTURE_MPLANE
15787.795214,v4l2_dqbuf,4,VIDEO_CAPTURE_MPLANE
15787.795229,v4l2_dqbuf,0,VIDEO_OUTPUT_MPLANE
15787.808904,v4l2_qbuf,0,VIDEO_OUTPUT_MPLANE
15787.808946,v4l2_qbuf,6,VIDEO_CAPTURE_MPLANE
15787.811363,v4l2_dqbuf,6,VIDEO_CAPTURE_MPLANE
15787.811379,v4l2_dqbuf,0,VIDEO_OUTPUT_MPLANE
15787.825407,v4l2_qbuf,0,VIDEO_OUTPUT_MPLANE
15787.825423,v4l2_qbuf,0,VIDEO_CAPTURE_MPLANE
15787.828618,v4l2_dqbuf,0,VIDEO_CAPTURE_MPLANE
15787.828631,v4l2_dqbuf,0,VIDEO_OUTPUT_MPLANE
15787.842216,v4l2_qbuf,0,VIDEO_OUTPUT_MPLANE
15787.842244,v4l2_qbuf,7,VIDEO_CAPTURE_MPLANE
15787.845533,v4l2_dqbuf,7,VIDEO_CAPTURE_MPLANE
15787.845637,v4l2_dqbuf,0,VIDEO_OUTPUT_MPLANE
15787.859226,v4l2_qbuf,0,VIDEO_OUTPUT_MPLANE
15787.859278,v4l2_qbuf,1,VIDEO_CAPTURE_MPLANE
15787.862500,v4l2_dqbuf,1,VIDEO_CAPTURE_MPLANE
15787.862513,v4l2_dqbuf,0,VIDEO_OUTPUT_MPLANE
15787.875459,v4l2_qbuf,0,VIDEO_OUTPUT_MPLANE
15787.875481,v4l2_qbuf,5,VIDEO_CAPTURE_MPLANE
15787.877720,v4l2_dqbuf,5,VIDEO_CAPTURE_MPLANE
15787.877739,v4l2_dqbuf,0,VIDEO_OUTPUT_MPLANE
15787.892165,v4l2_qbuf,0,VIDEO_OUTPUT_MPLANE
15787.892184,v4l2_qbuf,3,VIDEO_CAPTURE_MPLANE
15787.895488,v4l2_dqbuf,3,VIDEO_CAPTURE_MPLANE
15787.895506,v4l2_dqbuf,0,VIDEO_OUTPUT_MPLANE
15787.909205,v4l2_qbuf,0,VIDEO_OUTPUT_MPLANE
15787.909252,v4l2_qbuf,4,VIDEO_CAPTURE_MPLANE
15787.912638,v4l2_dqbuf,4,VIDEO_CAPTURE_MPLANE
15787.912853,v4l2_dqbuf,0,VIDEO_OUTPUT_MPLANE
15787.925817,v4l2_qbuf,0,VIDEO_OUTPUT_MPLANE
15787.925857,v4l2_qbuf,2,VIDEO_CAPTURE_MPLANE
15787.929074,v4l2_dqbuf,2,VIDEO_CAPTURE_MPLANE
15787.929099,v4l2_dqbuf,0,VIDEO_OUTPUT_MPLANE
15787.942598,v4l2_qbuf,0,VIDEO_OUTPUT_MPLANE
15787.942636,v4l2_qbuf,7,VIDEO_CAPTURE_MPLANE
15787.945074,v4l2_dqbuf,7,VIDEO_CAPTURE_MPLANE
15787.945114,v4l2_dqbuf,0,VIDEO_OUTPUT_MPLANE
15787.958932,v4l2_qbuf,0,VIDEO_OUTPUT_MPLANE
15787.958963,v4l2_qbuf,0,VIDEO_CAPTURE_MPLANE
15787.962166,v4l2_dqbuf,0,VIDEO_CAPTURE_MPLANE
15787.962185,v4l2_dqbuf,0,VIDEO_OUTPUT_MPLANE
15787.975430,v4l2_qbuf,0,VIDEO_OUTPUT_MPLANE
15787.975453,v4l2_qbuf,1,VIDEO_CAPTURE_MPLANE
15787.978684,v4l2_dqbuf,1,VIDEO_CAPTURE_MPLANE
15787.978785,v4l2_dqbuf,0,VIDEO_OUTPUT_MPLANE
15787.991900,v4l2_qbuf,0,VIDEO_OUTPUT_MPLANE
15787.991923,v4l2_qbuf,6,VIDEO_CAPTURE_MPLANE
15787.995051,v4l2_dqbuf,6,VIDEO_CAPTURE_MPLANE
15787.995064,v4l2_dqbuf,0,VIDEO_OUTPUT_MPLANE
15788.008812,v4l2_qbuf,0,VIDEO_OUTPUT_MPLANE
15788.008837,v4l2_qbuf,4,VIDEO_CAPTURE_MPLANE
15788.011211,v4l2_dqbuf,4,VIDEO_CAPTURE_MPLANE
15788.011229,v4l2_dqbuf,0,VIDEO_OUTPUT_MPLANE
15788.025306,v4l2_qbuf,0,VIDEO_OUTPUT_MPLANE
15788.025332,v4l2_qbuf,3,VIDEO_CAPTURE_MPLANE
15788.028642,v4l2_dqbuf,3,VIDEO_CAPTURE_MPLANE
15788.028659,v4l2_dqbuf,0,VIDEO_OUTPUT_MPLANE
15788.042255,v4l2_qbuf,0,VIDEO_OUTPUT_MPLANE
15788.042276,v4l2_qbuf,2,VIDEO_CAPTURE_MPLANE
15788.045465,v4l2_dqbuf,2,VIDEO_CAPTURE_MPLANE
15788.045561,v4l2_dqbuf,0,VIDEO_OUTPUT_MPLANE
15788.058860,v4l2_qbuf,0,VIDEO_OUTPUT_MPLANE
15788.058884,v4l2_qbuf,5,VIDEO_CAPTURE_MPLANE
15788.062022,v4l2_dqbuf,5,VIDEO_CAPTURE_MPLANE
15788.062037,v4l2_dqbuf,0,VIDEO_OUTPUT_MPLANE
15788.075658,v4l2_qbuf,0,VIDEO_OUTPUT_MPLANE
15788.075680,v4l2_qbuf,1,VIDEO_CAPTURE_MPLANE
15788.077982,v4l2_dqbuf,1,VIDEO_CAPTURE_MPLANE
15788.078000,v4l2_dqbuf,0,VIDEO_OUTPUT_MPLANE
15788.092339,v4l2_qbuf,0,VIDEO_OUTPUT_MPLANE
15788.092361,v4l2_qbuf,0,VIDEO_CAPTURE_MPLANE
15788.095469,v4l2_dqbuf,0,VIDEO_CAPTURE_MPLANE
15788.095488,v4l2_dqbuf,0,VIDEO_OUTPUT_MPLANE
15788.108689,v4l2_qbuf,0,VIDEO_OUTPUT_MPLANE
15788.108711,v4l2_qbuf,6,VIDEO_CAPTURE_MPLANE
15788.112073,v4l2_dqbuf,6,VIDEO_CAPTURE_MPLANE
15788.112207,v4l2_dqbuf,0,VIDEO_OUTPUT_MPLANE
15788.125486,v4l2_qbuf,0,VIDEO_OUTPUT_MPLANE
15788.125508,v4l2_qbuf,7,VIDEO_CAPTURE_MPLANE
15788.128698,v4l2_dqbuf,7,VIDEO_CAPTURE_MPLANE
15788.128715,v4l2_dqbuf,0,VIDEO_OUTPUT_MPLANE
15788.142182,v4l2_qbuf,0,VIDEO_OUTPUT_MPLANE
15788.142206,v4l2_qbuf,2,VIDEO_CAPTURE_MPLANE
15788.144428,v4l2_dqbuf,2,VIDEO_CAPTURE_MPLANE
15788.144443,v4l2_dqbuf,0,VIDEO_OUTPUT_MPLANE
15788.159366,v4l2_qbuf,0,VIDEO_OUTPUT_MPLANE
15788.159391,v4l2_qbuf,3,VIDEO_CAPTURE_MPLANE
15788.162464,v4l2_dqbuf,3,VIDEO_CAPTURE_MPLANE
15788.162479,v4l2_dqbuf,0,VIDEO_OUTPUT_MPLANE
15788.175474,v4l2_qbuf,0,VIDEO_OUTPUT_MPLANE
15788.175496,v4l2_qbuf,5,VIDEO_CAPTURE_MPLANE
15788.178709,v4l2_dqbuf,5,VIDEO_CAPTURE_MPLANE
15788.178812,v4l2_dqbuf,0,VIDEO_OUTPUT_MPLANE
15788.195843,v4l2_qbuf,0,VIDEO_OUTPUT_MPLANE
15788.195868,v4l2_qbuf,4,VIDEO_CAPTURE_MPLANE
15788.199091,v4l2_dqbuf,4,VIDEO_CAPTURE_MPLANE
15788.199107,v4l2_dqbuf,0,VIDEO_OUTPUT_MPLANE
15788.210803,v4l2_qbuf,0,VIDEO_OUTPUT_MPLANE
15788.210825,v4l2_qbuf,6,VIDEO_CAPTURE_MPLANE
15788.213115,v4l2_dqbuf,6,VIDEO_CAPTURE_MPLANE
15788.213132,v4l2_dqbuf,0,VIDEO_OUTPUT_MPLANE
15788.225686,v4l2_qbuf,0,VIDEO_OUTPUT_MPLANE
15788.225740,v4l2_qbuf,0,VIDEO_CAPTURE_MPLANE
15788.229185,v4l2_dqbuf,0,VIDEO_CAPTURE_MPLANE
15788.229205,v4l2_dqbuf,0,VIDEO_OUTPUT_MPLANE
15788.242280,v4l2_qbuf,0,VIDEO_OUTPUT_MPLANE
15788.242303,v4l2_qbuf,7,VIDEO_CAPTURE_MPLANE
15788.245399,v4l2_dqbuf,7,VIDEO_CAPTURE_MPLANE
15788.245497,v4l2_dqbuf,0,VIDEO_OUTPUT_MPLANE
15788.259129,v4l2_qbuf,0,VIDEO_OUTPUT_MPLANE
15788.259153,v4l2_qbuf,1,VIDEO_CAPTURE_MPLANE
15788.262345,v4l2_dqbuf,1,VIDEO_CAPTURE_MPLANE
15788.262361,v4l2_dqbuf,0,VIDEO_OUTPUT_MPLANE
15788.275516,v4l2_qbuf,0,VIDEO_OUTPUT_MPLANE
15788.275538,v4l2_qbuf,5,VIDEO_CAPTURE_MPLANE
15788.277696,v4l2_dqbuf,5,VIDEO_CAPTURE_MPLANE
15788.277714,v4l2_dqbuf,0,VIDEO_OUTPUT_MPLANE
15788.306491,v4l2_qbuf,0,VIDEO_OUTPUT_MPLANE
15788.306513,v4l2_qbuf,3,VIDEO_CAPTURE_MPLANE
15788.309801,v4l2_dqbuf,3,VIDEO_CAPTURE_MPLANE
15788.309816,v4l2_dqbuf,0,VIDEO_OUTPUT_MPLANE
15788.310098,v4l2_qbuf,0,VIDEO_OUTPUT_MPLANE
15788.310119,v4l2_qbuf,4,VIDEO_CAPTURE_MPLANE
15788.313157,v4l2_dqbuf,4,VIDEO_CAPTURE_MPLANE
15788.313238,v4l2_dqbuf,0,VIDEO_OUTPUT_MPLANE
15788.327134,v4l2_qbuf,0,VIDEO_OUTPUT_MPLANE
15788.327157,v4l2_qbuf,2,VIDEO_CAPTURE_MPLANE
15788.330342,v4l2_dqbuf,2,VIDEO_CAPTURE_MPLANE
15788.330354,v4l2_dqbuf,0,VIDEO_OUTPUT_MPLANE
15788.343901,v4l2_qbuf,0,VIDEO_OUTPUT_MPLANE
15788.343922,v4l2_qbuf,7,VIDEO_CAPTURE_MPLANE
15788.346198,v4l2_dqbuf,7,VIDEO_CAPTURE_MPLANE
15788.346215,v4l2_dqbuf,0,VIDEO_OUTPUT_MPLANE
15788.360913,v4l2_qbuf,0,VIDEO_OUTPUT_MPLANE
15788.360946,v4l2_qbuf,0,VIDEO_CAPTURE_MPLANE
15788.364159,v4l2_dqbuf,0,VIDEO_CAPTURE_MPLANE
15788.364178,v4l2_dqbuf,0,VIDEO_OUTPUT_MPLANE
15788.377166,v4l2_qbuf,0,VIDEO_OUTPUT_MPLANE
15788.377189,v4l2_qbuf,1,VIDEO_CAPTURE_MPLANE
15788.380505,v4l2_dqbuf,1,VIDEO_CAPTURE_MPLANE
15788.380617,v4l2_dqbuf,0,VIDEO_OUTPUT_MPLANE
15788.393712,v4l2_qbuf,0,VIDEO_OUTPUT_MPLANE
15788.393733,v4l2_qbuf,6,VIDEO_CAPTURE_MPLANE
15788.397039,v4l2_dqbuf,6,VIDEO_CAPTURE_MPLANE
15788.397053,v4l2_dqbuf,0,VIDEO_OUTPUT_MPLANE
15788.410436,v4l2_qbuf,0,VIDEO_OUTPUT_MPLANE
15788.410459,v4l2_qbuf,4,VIDEO_CAPTURE_MPLANE
15788.412870,v4l2_dqbuf,4,VIDEO_CAPTURE_MPLANE
15788.412887,v4l2_dqbuf,0,VIDEO_OUTPUT_MPLANE
15788.427382,v4l2_qbuf,0,VIDEO_OUTPUT_MPLANE
15788.427445,v4l2_qbuf,3,VIDEO_CAPTURE_MPLANE
15788.430783,v4l2_dqbuf,3,VIDEO_CAPTURE_MPLANE
15788.430822,v4l2_dqbuf,0,VIDEO_OUTPUT_MPLANE
15788.444215,v4l2_qbuf,0,VIDEO_OUTPUT_MPLANE
15788.444305,v4l2_qbuf,2,VIDEO_CAPTURE_MPLANE
15788.447513,v4l2_dqbuf,2,VIDEO_CAPTURE_MPLANE
15788.447723,v4l2_dqbuf,0,VIDEO_OUTPUT_MPLANE
15788.460396,v4l2_qbuf,0,VIDEO_OUTPUT_MPLANE
15788.460486,v4l2_qbuf,5,VIDEO_CAPTURE_MPLANE
15788.463743,v4l2_dqbuf,5,VIDEO_CAPTURE_MPLANE
15788.463757,v4l2_dqbuf,0,VIDEO_OUTPUT_MPLANE
15788.477250,v4l2_qbuf,0,VIDEO_OUTPUT_MPLANE
15788.477271,v4l2_qbuf,1,VIDEO_CAPTURE_MPLANE
15788.479502,v4l2_dqbuf,1,VIDEO_CAPTURE_MPLANE
15788.479521,v4l2_dqbuf,0,VIDEO_OUTPUT_MPLANE
15788.493817,v4l2_qbuf,0,VIDEO_OUTPUT_MPLANE
15788.493914,v4l2_qbuf,0,VIDEO_CAPTURE_MPLANE
15788.497210,v4l2_dqbuf,0,VIDEO_CAPTURE_MPLANE
15788.497235,v4l2_dqbuf,0,VIDEO_OUTPUT_MPLANE
15788.510202,v4l2_qbuf,0,VIDEO_OUTPUT_MPLANE
15788.510236,v4l2_qbuf,6,VIDEO_CAPTURE_MPLANE
15788.513392,v4l2_dqbuf,6,VIDEO_CAPTURE_MPLANE
15788.513553,v4l2_dqbuf,0,VIDEO_OUTPUT_MPLANE
15788.527068,v4l2_qbuf,0,VIDEO_OUTPUT_MPLANE
15788.527087,v4l2_qbuf,7,VIDEO_CAPTURE_MPLANE
15788.530380,v4l2_dqbuf,7,VIDEO_CAPTURE_MPLANE
15788.530396,v4l2_dqbuf,0,VIDEO_OUTPUT_MPLANE
15788.543569,v4l2_qbuf,0,VIDEO_OUTPUT_MPLANE
15788.543593,v4l2_qbuf,2,VIDEO_CAPTURE_MPLANE
15788.545828,v4l2_dqbuf,2,VIDEO_CAPTURE_MPLANE
15788.545845,v4l2_dqbuf,0,VIDEO_OUTPUT_MPLANE
15788.560394,v4l2_qbuf,0,VIDEO_OUTPUT_MPLANE
15788.560436,v4l2_qbuf,3,VIDEO_CAPTURE_MPLANE
15788.563602,v4l2_dqbuf,3,VIDEO_CAPTURE_MPLANE
15788.563619,v4l2_dqbuf,0,VIDEO_OUTPUT_MPLANE
15788.576658,v4l2_qbuf,0,VIDEO_OUTPUT_MPLANE
15788.576689,v4l2_qbuf,5,VIDEO_CAPTURE_MPLANE
15788.579738,v4l2_dqbuf,5,VIDEO_CAPTURE_MPLANE
15788.579875,v4l2_dqbuf,0,VIDEO_OUTPUT_MPLANE
15788.593761,v4l2_qbuf,0,VIDEO_OUTPUT_MPLANE
15788.593810,v4l2_qbuf,4,VIDEO_CAPTURE_MPLANE
15788.597133,v4l2_dqbuf,4,VIDEO_CAPTURE_MPLANE
15788.597146,v4l2_dqbuf,0,VIDEO_OUTPUT_MPLANE
15788.610124,v4l2_qbuf,0,VIDEO_OUTPUT_MPLANE
15788.610146,v4l2_qbuf,6,VIDEO_CAPTURE_MPLANE
15788.612342,v4l2_dqbuf,6,VIDEO_CAPTURE_MPLANE
15788.612376,v4l2_dqbuf,0,VIDEO_OUTPUT_MPLANE
15788.627336,v4l2_qbuf,0,VIDEO_OUTPUT_MPLANE
15788.627427,v4l2_qbuf,0,VIDEO_CAPTURE_MPLANE
15788.630718,v4l2_dqbuf,0,VIDEO_CAPTURE_MPLANE
15788.630750,v4l2_dqbuf,0,VIDEO_OUTPUT_MPLANE
15788.643708,v4l2_qbuf,0,VIDEO_OUTPUT_MPLANE
15788.643745,v4l2_qbuf,7,VIDEO_CAPTURE_MPLANE
15788.647071,v4l2_dqbuf,7,VIDEO_CAPTURE_MPLANE
15788.647232,v4l2_dqbuf,0,VIDEO_OUTPUT_MPLANE
15788.660755,v4l2_qbuf,0,VIDEO_OUTPUT_MPLANE
15788.660791,v4l2_qbuf,1,VIDEO_CAPTURE_MPLANE
15788.664084,v4l2_dqbuf,1,VIDEO_CAPTURE_MPLANE
15788.664108,v4l2_dqbuf,0,VIDEO_OUTPUT_MPLANE
15788.677242,v4l2_qbuf,0,VIDEO_OUTPUT_MPLANE
15788.677265,v4l2_qbuf,5,VIDEO_CAPTURE_MPLANE
15788.679472,v4l2_dqbuf,5,VIDEO_CAPTURE_MPLANE
15788.679490,v4l2_dqbuf,0,VIDEO_OUTPUT_MPLANE
15788.693754,v4l2_qbuf,0,VIDEO_OUTPUT_MPLANE
15788.693777,v4l2_qbuf,3,VIDEO_CAPTURE_MPLANE
15788.697111,v4l2_dqbuf,3,VIDEO_CAPTURE_MPLANE
15788.697131,v4l2_dqbuf,0,VIDEO_OUTPUT_MPLANE
15788.710259,v4l2_qbuf,0,VIDEO_OUTPUT_MPLANE
15788.710283,v4l2_qbuf,4,VIDEO_CAPTURE_MPLANE
15788.713594,v4l2_dqbuf,4,VIDEO_CAPTURE_MPLANE
15788.713728,v4l2_dqbuf,0,VIDEO_OUTPUT_MPLANE
15788.727105,v4l2_qbuf,0,VIDEO_OUTPUT_MPLANE
15788.727128,v4l2_qbuf,2,VIDEO_CAPTURE_MPLANE
15788.729130,v4l2_dqbuf,2,VIDEO_CAPTURE_MPLANE
15788.729144,v4l2_dqbuf,0,VIDEO_OUTPUT_MPLANE
15788.743763,v4l2_qbuf,0,VIDEO_OUTPUT_MPLANE
15788.743785,v4l2_qbuf,7,VIDEO_CAPTURE_MPLANE
15788.746052,v4l2_dqbuf,7,VIDEO_CAPTURE_MPLANE
15788.746065,v4l2_dqbuf,0,VIDEO_OUTPUT_MPLANE
15788.760615,v4l2_qbuf,0,VIDEO_OUTPUT_MPLANE
15788.760732,v4l2_qbuf,0,VIDEO_CAPTURE_MPLANE
15788.764091,v4l2_dqbuf,0,VIDEO_CAPTURE_MPLANE
15788.764105,v4l2_dqbuf,0,VIDEO_OUTPUT_MPLANE
15788.777129,v4l2_qbuf,0,VIDEO_OUTPUT_MPLANE
15788.777151,v4l2_qbuf,1,VIDEO_CAPTURE_MPLANE
15788.780497,v4l2_dqbuf,1,VIDEO_CAPTURE_MPLANE
15788.780613,v4l2_dqbuf,0,VIDEO_OUTPUT_MPLANE
15788.793603,v4l2_qbuf,0,VIDEO_OUTPUT_MPLANE
15788.793624,v4l2_qbuf,6,VIDEO_CAPTURE_MPLANE
15788.796874,v4l2_dqbuf,6,VIDEO_CAPTURE_MPLANE
15788.796894,v4l2_dqbuf,0,VIDEO_OUTPUT_MPLANE
15788.810538,v4l2_qbuf,0,VIDEO_OUTPUT_MPLANE
15788.810586,v4l2_qbuf,3,VIDEO_CAPTURE_MPLANE
15788.812881,v4l2_dqbuf,3,VIDEO_CAPTURE_MPLANE
15788.812897,v4l2_dqbuf,0,VIDEO_OUTPUT_MPLANE
15788.826868,v4l2_qbuf,0,VIDEO_OUTPUT_MPLANE
15788.826896,v4l2_qbuf,4,VIDEO_CAPTURE_MPLANE
15788.830250,v4l2_dqbuf,4,VIDEO_CAPTURE_MPLANE
15788.830268,v4l2_dqbuf,0,VIDEO_OUTPUT_MPLANE
15788.843726,v4l2_qbuf,0,VIDEO_OUTPUT_MPLANE
15788.843750,v4l2_qbuf,5,VIDEO_CAPTURE_MPLANE
15788.847178,v4l2_dqbuf,5,VIDEO_CAPTURE_MPLANE
15788.847329,v4l2_dqbuf,0,VIDEO_OUTPUT_MPLANE
15788.860021,v4l2_qbuf,0,VIDEO_OUTPUT_MPLANE
15788.860045,v4l2_qbuf,2,VIDEO_CAPTURE_MPLANE
15788.863308,v4l2_dqbuf,2,VIDEO_CAPTURE_MPLANE
15788.863321,v4l2_dqbuf,0,VIDEO_OUTPUT_MPLANE
15788.877223,v4l2_qbuf,0,VIDEO_OUTPUT_MPLANE
15788.877246,v4l2_qbuf,1,VIDEO_CAPTURE_MPLANE
15788.879567,v4l2_dqbuf,1,VIDEO_CAPTURE_MPLANE
15788.879584,v4l2_dqbuf,0,VIDEO_OUTPUT_MPLANE
15788.894137,v4l2_qbuf,0,VIDEO_OUTPUT_MPLANE
15788.894176,v4l2_qbuf,0,VIDEO_CAPTURE_MPLANE
15788.897445,v4l2_dqbuf,0,VIDEO_CAPTURE_MPLANE
15788.897460,v4l2_dqbuf,0,VIDEO_OUTPUT_MPLANE
15788.910634,v4l2_qbuf,0,VIDEO_OUTPUT_MPLANE
15788.910673,v4l2_qbuf,6,VIDEO_CAPTURE_MPLANE
15788.914070,v4l2_dqbuf,6,VIDEO_CAPTURE_MPLANE
15788.914206,v4l2_dqbuf,0,VIDEO_OUTPUT_MPLANE
15788.927088,v4l2_qbuf,0,VIDEO_OUTPUT_MPLANE
15788.927109,v4l2_qbuf,7,VIDEO_CAPTURE_MPLANE
15788.930344,v4l2_dqbuf,7,VIDEO_CAPTURE_MPLANE
15788.930368,v4l2_dqbuf,0,VIDEO_OUTPUT_MPLANE
15788.943840,v4l2_qbuf,0,VIDEO_OUTPUT_MPLANE
15788.943861,v4l2_qbuf,5,VIDEO_CAPTURE_MPLANE
15788.946166,v4l2_dqbuf,5,VIDEO_CAPTURE_MPLANE
15788.946180,v4l2_dqbuf,0,VIDEO_OUTPUT_MPLANE
15788.960627,v4l2_qbuf,0,VIDEO_OUTPUT_MPLANE
15788.960650,v4l2_qbuf,4,VIDEO_CAPTURE_MPLANE
15788.963885,v4l2_dqbuf,4,VIDEO_CAPTURE_MPLANE
15788.963903,v4l2_dqbuf,0,VIDEO_OUTPUT_MPLANE
15788.977109,v4l2_qbuf,0,VIDEO_OUTPUT_MPLANE
15788.977138,v4l2_qbuf,2,VIDEO_CAPTURE_MPLANE
15788.980272,v4l2_dqbuf,2,VIDEO_CAPTURE_MPLANE
15788.980367,v4l2_dqbuf,0,VIDEO_OUTPUT_MPLANE
15788.993757,v4l2_qbuf,0,VIDEO_OUTPUT_MPLANE
15788.993787,v4l2_qbuf,3,VIDEO_CAPTURE_MPLANE
15788.997071,v4l2_dqbuf,3,VIDEO_CAPTURE_MPLANE
15788.997102,v4l2_dqbuf,0,VIDEO_OUTPUT_MPLANE
15789.020930,v4l2_qbuf,0,VIDEO_OUTPUT_MPLANE
15789.020965,v4l2_qbuf,6,VIDEO_CAPTURE_MPLANE
15789.023241,v4l2_dqbuf,6,VIDEO_CAPTURE_MPLANE
15789.023267,v4l2_dqbuf,0,VIDEO_OUTPUT_MPLANE
15789.027224,v4l2_qbuf,0,VIDEO_OUTPUT_MPLANE
15789.027265,v4l2_qbuf,0,VIDEO_CAPTURE_MPLANE
15789.030485,v4l2_dqbuf,0,VIDEO_CAPTURE_MPLANE
15789.030520,v4l2_dqbuf,0,VIDEO_OUTPUT_MPLANE
15789.043779,v4l2_qbuf,0,VIDEO_OUTPUT_MPLANE
15789.043811,v4l2_qbuf,7,VIDEO_CAPTURE_MPLANE
15789.047046,v4l2_dqbuf,7,VIDEO_CAPTURE_MPLANE
15789.047228,v4l2_dqbuf,0,VIDEO_OUTPUT_MPLANE
15789.060277,v4l2_qbuf,0,VIDEO_OUTPUT_MPLANE
15789.060312,v4l2_qbuf,1,VIDEO_CAPTURE_MPLANE
15789.063483,v4l2_dqbuf,1,VIDEO_CAPTURE_MPLANE
15789.063506,v4l2_dqbuf,0,VIDEO_OUTPUT_MPLANE
15789.077322,v4l2_qbuf,0,VIDEO_OUTPUT_MPLANE
15789.077420,v4l2_qbuf,2,VIDEO_CAPTURE_MPLANE
15789.079718,v4l2_dqbuf,2,VIDEO_CAPTURE_MPLANE
15789.079733,v4l2_dqbuf,0,VIDEO_OUTPUT_MPLANE
15789.093428,v4l2_qbuf,0,VIDEO_OUTPUT_MPLANE
15789.093459,v4l2_qbuf,4,VIDEO_CAPTURE_MPLANE
15789.096705,v4l2_dqbuf,4,VIDEO_CAPTURE_MPLANE
15789.096725,v4l2_dqbuf,0,VIDEO_OUTPUT_MPLANE
15789.110093,v4l2_qbuf,0,VIDEO_OUTPUT_MPLANE
15789.110114,v4l2_qbuf,3,VIDEO_CAPTURE_MPLANE
15789.113404,v4l2_dqbuf,3,VIDEO_CAPTURE_MPLANE
15789.113496,v4l2_dqbuf,0,VIDEO_OUTPUT_MPLANE
15789.127291,v4l2_qbuf,0,VIDEO_OUTPUT_MPLANE
15789.127350,v4l2_qbuf,5,VIDEO_CAPTURE_MPLANE
15789.132357,v4l2_dqbuf,5,VIDEO_CAPTURE_MPLANE
15789.132378,v4l2_dqbuf,0,VIDEO_OUTPUT_MPLANE
15789.143664,v4l2_qbuf,0,VIDEO_OUTPUT_MPLANE
15789.143684,v4l2_qbuf,7,VIDEO_CAPTURE_MPLANE
15789.145993,v4l2_dqbuf,7,VIDEO_CAPTURE_MPLANE
15789.146020,v4l2_dqbuf,0,VIDEO_OUTPUT_MPLANE
15789.160425,v4l2_qbuf,0,VIDEO_OUTPUT_MPLANE
15789.160447,v4l2_qbuf,0,VIDEO_CAPTURE_MPLANE
15789.163805,v4l2_dqbuf,0,VIDEO_CAPTURE_MPLANE
15789.163824,v4l2_dqbuf,0,VIDEO_OUTPUT_MPLANE
15789.176957,v4l2_qbuf,0,VIDEO_OUTPUT_MPLANE
15789.176982,v4l2_qbuf,1,VIDEO_CAPTURE_MPLANE
15789.180272,v4l2_dqbuf,1,VIDEO_CAPTURE_MPLANE
15789.180383,v4l2_dqbuf,0,VIDEO_OUTPUT_MPLANE
15789.193793,v4l2_qbuf,0,VIDEO_OUTPUT_MPLANE
15789.193814,v4l2_qbuf,6,VIDEO_CAPTURE_MPLANE
15789.197108,v4l2_dqbuf,6,VIDEO_CAPTURE_MPLANE
15789.197123,v4l2_dqbuf,0,VIDEO_OUTPUT_MPLANE
15789.210663,v4l2_qbuf,0,VIDEO_OUTPUT_MPLANE
15789.210723,v4l2_qbuf,3,VIDEO_CAPTURE_MPLANE
15789.213204,v4l2_dqbuf,3,VIDEO_CAPTURE_MPLANE
15789.213243,v4l2_dqbuf,0,VIDEO_OUTPUT_MPLANE
15789.227361,v4l2_qbuf,0,VIDEO_OUTPUT_MPLANE
15789.227423,v4l2_qbuf,4,VIDEO_CAPTURE_MPLANE
15789.230607,v4l2_dqbuf,4,VIDEO_CAPTURE_MPLANE
15789.230655,v4l2_dqbuf,0,VIDEO_OUTPUT_MPLANE
15789.243739,v4l2_qbuf,0,VIDEO_OUTPUT_MPLANE
15789.243764,v4l2_qbuf,5,VIDEO_CAPTURE_MPLANE
15789.246989,v4l2_dqbuf,5,VIDEO_CAPTURE_MPLANE
15789.247111,v4l2_dqbuf,0,VIDEO_OUTPUT_MPLANE
15789.260435,v4l2_qbuf,0,VIDEO_OUTPUT_MPLANE
15789.260458,v4l2_qbuf,2,VIDEO_CAPTURE_MPLANE
15789.263661,v4l2_dqbuf,2,VIDEO_CAPTURE_MPLANE
15789.263677,v4l2_dqbuf,0,VIDEO_OUTPUT_MPLANE
15789.276856,v4l2_qbuf,0,VIDEO_OUTPUT_MPLANE
15789.276879,v4l2_qbuf,1,VIDEO_CAPTURE_MPLANE
15789.279153,v4l2_dqbuf,1,VIDEO_CAPTURE_MPLANE
15789.279169,v4l2_dqbuf,0,VIDEO_OUTPUT_MPLANE
15789.293544,v4l2_qbuf,0,VIDEO_OUTPUT_MPLANE
15789.293569,v4l2_qbuf,0,VIDEO_CAPTURE_MPLANE
15789.296887,v4l2_dqbuf,0,VIDEO_CAPTURE_MPLANE
15789.296907,v4l2_dqbuf,0,VIDEO_OUTPUT_MPLANE
15789.310556,v4l2_qbuf,0,VIDEO_OUTPUT_MPLANE
15789.310576,v4l2_qbuf,6,VIDEO_CAPTURE_MPLANE
15789.313917,v4l2_dqbuf,6,VIDEO_CAPTURE_MPLANE
15789.314105,v4l2_dqbuf,0,VIDEO_OUTPUT_MPLANE
15789.327172,v4l2_qbuf,0,VIDEO_OUTPUT_MPLANE
15789.327194,v4l2_qbuf,7,VIDEO_CAPTURE_MPLANE
15789.330296,v4l2_dqbuf,7,VIDEO_CAPTURE_MPLANE
15789.330308,v4l2_dqbuf,0,VIDEO_OUTPUT_MPLANE
15789.344103,v4l2_qbuf,0,VIDEO_OUTPUT_MPLANE
15789.344127,v4l2_qbuf,5,VIDEO_CAPTURE_MPLANE
15789.346483,v4l2_dqbuf,5,VIDEO_CAPTURE_MPLANE
15789.346501,v4l2_dqbuf,0,VIDEO_OUTPUT_MPLANE
15789.360395,v4l2_qbuf,0,VIDEO_OUTPUT_MPLANE
15789.360418,v4l2_qbuf,4,VIDEO_CAPTURE_MPLANE
15789.363627,v4l2_dqbuf,4,VIDEO_CAPTURE_MPLANE
15789.363647,v4l2_dqbuf,0,VIDEO_OUTPUT_MPLANE
15789.377160,v4l2_qbuf,0,VIDEO_OUTPUT_MPLANE
15789.377205,v4l2_qbuf,2,VIDEO_CAPTURE_MPLANE
15789.380608,v4l2_dqbuf,2,VIDEO_CAPTURE_MPLANE
15789.380836,v4l2_dqbuf,0,VIDEO_OUTPUT_MPLANE
15789.393871,v4l2_qbuf,0,VIDEO_OUTPUT_MPLANE
15789.393922,v4l2_qbuf,3,VIDEO_CAPTURE_MPLANE
15789.397332,v4l2_dqbuf,3,VIDEO_CAPTURE_MPLANE
15789.397345,v4l2_dqbuf,0,VIDEO_OUTPUT_MPLANE
15789.410778,v4l2_qbuf,0,VIDEO_OUTPUT_MPLANE
15789.410821,v4l2_qbuf,6,VIDEO_CAPTURE_MPLANE
15789.412972,v4l2_dqbuf,6,VIDEO_CAPTURE_MPLANE
15789.412986,v4l2_dqbuf,0,VIDEO_OUTPUT_MPLANE
15789.427091,v4l2_qbuf,0,VIDEO_OUTPUT_MPLANE
15789.427114,v4l2_qbuf,0,VIDEO_CAPTURE_MPLANE
15789.430230,v4l2_dqbuf,0,VIDEO_CAPTURE_MPLANE
15789.430244,v4l2_dqbuf,0,VIDEO_OUTPUT_MPLANE
15789.443710,v4l2_qbuf,0,VIDEO_OUTPUT_MPLANE
15789.443735,v4l2_qbuf,7,VIDEO_CAPTURE_MPLANE
15789.446758,v4l2_dqbuf,7,VIDEO_CAPTURE_MPLANE
15789.446852,v4l2_dqbuf,0,VIDEO_OUTPUT_MPLANE
15789.460253,v4l2_qbuf,0,VIDEO_OUTPUT_MPLANE
15789.460275,v4l2_qbuf,1,VIDEO_CAPTURE_MPLANE
15789.463363,v4l2_dqbuf,1,VIDEO_CAPTURE_MPLANE
15789.463380,v4l2_dqbuf,0,VIDEO_OUTPUT_MPLANE
15789.477248,v4l2_qbuf,0,VIDEO_OUTPUT_MPLANE
15789.477271,v4l2_qbuf,2,VIDEO_CAPTURE_MPLANE
15789.479500,v4l2_dqbuf,2,VIDEO_CAPTURE_MPLANE
15789.479516,v4l2_dqbuf,0,VIDEO_OUTPUT_MPLANE
15789.493587,v4l2_qbuf,0,VIDEO_OUTPUT_MPLANE
15789.493608,v4l2_qbuf,4,VIDEO_CAPTURE_MPLANE
15789.496837,v4l2_dqbuf,4,VIDEO_CAPTURE_MPLANE
15789.496852,v4l2_dqbuf,0,VIDEO_OUTPUT_MPLANE
15789.510444,v4l2_qbuf,0,VIDEO_OUTPUT_MPLANE
15789.510468,v4l2_qbuf,3,VIDEO_CAPTURE_MPLANE
15789.513721,v4l2_dqbuf,3,VIDEO_CAPTURE_MPLANE
15789.513840,v4l2_dqbuf,0,VIDEO_OUTPUT_MPLANE
15789.527084,v4l2_qbuf,0,VIDEO_OUTPUT_MPLANE
15789.527105,v4l2_qbuf,5,VIDEO_CAPTURE_MPLANE
15789.530457,v4l2_dqbuf,5,VIDEO_CAPTURE_MPLANE
15789.530471,v4l2_dqbuf,0,VIDEO_OUTPUT_MPLANE
15789.543561,v4l2_qbuf,0,VIDEO_OUTPUT_MPLANE
15789.543584,v4l2_qbuf,7,VIDEO_CAPTURE_MPLANE
15789.545820,v4l2_dqbuf,7,VIDEO_CAPTURE_MPLANE
15789.545835,v4l2_dqbuf,0,VIDEO_OUTPUT_MPLANE
15789.560419,v4l2_qbuf,0,VIDEO_OUTPUT_MPLANE
15789.560441,v4l2_qbuf,0,VIDEO_CAPTURE_MPLANE
15789.563560,v4l2_dqbuf,0,VIDEO_CAPTURE_MPLANE
15789.563578,v4l2_dqbuf,0,VIDEO_OUTPUT_MPLANE
15789.576998,v4l2_qbuf,0,VIDEO_OUTPUT_MPLANE
15789.577066,v4l2_qbuf,1,VIDEO_CAPTURE_MPLANE
15789.580313,v4l2_dqbuf,1,VIDEO_CAPTURE_MPLANE
15789.580427,v4l2_dqbuf,0,VIDEO_OUTPUT_MPLANE
15789.593762,v4l2_qbuf,0,VIDEO_OUTPUT_MPLANE
15789.593782,v4l2_qbuf,6,VIDEO_CAPTURE_MPLANE
15789.597024,v4l2_dqbuf,6,VIDEO_CAPTURE_MPLANE
15789.597038,v4l2_dqbuf,0,VIDEO_OUTPUT_MPLANE
15789.613468,v4l2_qbuf,0,VIDEO_OUTPUT_MPLANE
15789.613507,v4l2_qbuf,3,VIDEO_CAPTURE_MPLANE
15789.616063,v4l2_dqbuf,3,VIDEO_CAPTURE_MPLANE
15789.616095,v4l2_dqbuf,0,VIDEO_OUTPUT_MPLANE
15789.627601,v4l2_qbuf,0,VIDEO_OUTPUT_MPLANE
15789.627651,v4l2_qbuf,4,VIDEO_CAPTURE_MPLANE
15789.631152,v4l2_dqbuf,4,VIDEO_CAPTURE_MPLANE
15789.631171,v4l2_dqbuf,0,VIDEO_OUTPUT_MPLANE
15789.643621,v4l2_qbuf,0,VIDEO_OUTPUT_MPLANE
15789.643639,v4l2_qbuf,5,VIDEO_CAPTURE_MPLANE
15789.646748,v4l2_dqbuf,5,VIDEO_CAPTURE_MPLANE
15789.646837,v4l2_dqbuf,0,VIDEO_OUTPUT_MPLANE
15789.659929,v4l2_qbuf,0,VIDEO_OUTPUT_MPLANE
15789.659946,v4l2_qbuf,2,VIDEO_CAPTURE_MPLANE
15789.663158,v4l2_dqbuf,2,VIDEO_CAPTURE_MPLANE
15789.663172,v4l2_dqbuf,0,VIDEO_OUTPUT_MPLANE
15789.676763,v4l2_qbuf,0,VIDEO_OUTPUT_MPLANE
15789.676783,v4l2_qbuf,1,VIDEO_CAPTURE_MPLANE
15789.678966,v4l2_dqbuf,1,VIDEO_CAPTURE_MPLANE
15789.678978,v4l2_dqbuf,0,VIDEO_OUTPUT_MPLANE
15789.693364,v4l2_qbuf,0,VIDEO_OUTPUT_MPLANE
15789.693381,v4l2_qbuf,0,VIDEO_CAPTURE_MPLANE
15789.696482,v4l2_dqbuf,0,VIDEO_CAPTURE_MPLANE
15789.696495,v4l2_dqbuf,0,VIDEO_OUTPUT_MPLANE
15789.710124,v4l2_qbuf,0,VIDEO_OUTPUT_MPLANE
15789.710140,v4l2_qbuf,6,VIDEO_CAPTURE_MPLANE
15789.713287,v4l2_dqbuf,6,VIDEO_CAPTURE_MPLANE
15789.713373,v4l2_dqbuf,0,VIDEO_OUTPUT_MPLANE
15789.726930,v4l2_qbuf,0,VIDEO_OUTPUT_MPLANE
15789.726949,v4l2_qbuf,7,VIDEO_CAPTURE_MPLANE
15789.728888,v4l2_dqbuf,7,VIDEO_CAPTURE_MPLANE
15789.728914,v4l2_dqbuf,0,VIDEO_OUTPUT_MPLANE
15789.743590,v4l2_qbuf,0,VIDEO_OUTPUT_MPLANE
15789.743608,v4l2_qbuf,5,VIDEO_CAPTURE_MPLANE
15789.745832,v4l2_dqbuf,5,VIDEO_CAPTURE_MPLANE
15789.745865,v4l2_dqbuf,0,VIDEO_OUTPUT_MPLANE
15789.760408,v4l2_qbuf,0,VIDEO_OUTPUT_MPLANE
15789.760440,v4l2_qbuf,4,VIDEO_CAPTURE_MPLANE
15789.763355,v4l2_dqbuf,4,VIDEO_CAPTURE_MPLANE
15789.763376,v4l2_dqbuf,0,VIDEO_OUTPUT_MPLANE
15789.777053,v4l2_qbuf,0,VIDEO_OUTPUT_MPLANE
15789.777085,v4l2_qbuf,2,VIDEO_CAPTURE_MPLANE
15789.780342,v4l2_dqbuf,2,VIDEO_CAPTURE_MPLANE
15789.780506,v4l2_dqbuf,0,VIDEO_OUTPUT_MPLANE
15789.793675,v4l2_qbuf,0,VIDEO_OUTPUT_MPLANE
15789.793748,v4l2_qbuf,3,VIDEO_CAPTURE_MPLANE
15789.796941,v4l2_dqbuf,3,VIDEO_CAPTURE_MPLANE
15789.796954,v4l2_dqbuf,0,VIDEO_OUTPUT_MPLANE
15789.810458,v4l2_qbuf,0,VIDEO_OUTPUT_MPLANE
15789.810482,v4l2_qbuf,0,VIDEO_CAPTURE_MPLANE
15789.812774,v4l2_dqbuf,0,VIDEO_CAPTURE_MPLANE
15789.812795,v4l2_dqbuf,0,VIDEO_OUTPUT_MPLANE
15789.827090,v4l2_qbuf,0,VIDEO_OUTPUT_MPLANE
15789.827111,v4l2_qbuf,6,VIDEO_CAPTURE_MPLANE
15789.830473,v4l2_dqbuf,6,VIDEO_CAPTURE_MPLANE
15789.830491,v4l2_dqbuf,0,VIDEO_OUTPUT_MPLANE
15789.843580,v4l2_qbuf,0,VIDEO_OUTPUT_MPLANE
15789.843603,v4l2_qbuf,1,VIDEO_CAPTURE_MPLANE
15789.846900,v4l2_dqbuf,1,VIDEO_CAPTURE_MPLANE
15789.846988,v4l2_dqbuf,0,VIDEO_OUTPUT_MPLANE
15789.860493,v4l2_qbuf,0,VIDEO_OUTPUT_MPLANE
15789.860516,v4l2_qbuf,7,VIDEO_CAPTURE_MPLANE
15789.863763,v4l2_dqbuf,7,VIDEO_CAPTURE_MPLANE
15789.863776,v4l2_dqbuf,0,VIDEO_OUTPUT_MPLANE
15789.877000,v4l2_qbuf,0,VIDEO_OUTPUT_MPLANE
15789.877037,v4l2_qbuf,2,VIDEO_CAPTURE_MPLANE
15789.879265,v4l2_dqbuf,2,VIDEO_CAPTURE_MPLANE
15789.879283,v4l2_dqbuf,0,VIDEO_OUTPUT_MPLANE
15789.893645,v4l2_qbuf,0,VIDEO_OUTPUT_MPLANE
15789.893666,v4l2_qbuf,4,VIDEO_CAPTURE_MPLANE
15789.896897,v4l2_dqbuf,4,VIDEO_CAPTURE_MPLANE
15789.896913,v4l2_dqbuf,0,VIDEO_OUTPUT_MPLANE
15789.910588,v4l2_qbuf,0,VIDEO_OUTPUT_MPLANE
15789.910610,v4l2_qbuf,3,VIDEO_CAPTURE_MPLANE
15789.913991,v4l2_dqbuf,3,VIDEO_CAPTURE_MPLANE
15789.914106,v4l2_dqbuf,0,VIDEO_OUTPUT_MPLANE
15789.927261,v4l2_qbuf,0,VIDEO_OUTPUT_MPLANE
15789.927282,v4l2_qbuf,5,VIDEO_CAPTURE_MPLANE
15789.930727,v4l2_dqbuf,5,VIDEO_CAPTURE_MPLANE
15789.930744,v4l2_dqbuf,0,VIDEO_OUTPUT_MPLANE
15789.943706,v4l2_qbuf,0,VIDEO_OUTPUT_MPLANE
15789.943729,v4l2_qbuf,1,VIDEO_CAPTURE_MPLANE
15789.946062,v4l2_dqbuf,1,VIDEO_CAPTURE_MPLANE
15789.946078,v4l2_dqbuf,0,VIDEO_OUTPUT_MPLANE
15789.960461,v4l2_qbuf,0,VIDEO_OUTPUT_MPLANE
15789.960482,v4l2_qbuf,6,VIDEO_CAPTURE_MPLANE
15789.963648,v4l2_dqbuf,6,VIDEO_CAPTURE_MPLANE
15789.963663,v4l2_dqbuf,0,VIDEO_OUTPUT_MPLANE
15789.977019,v4l2_qbuf,0,VIDEO_OUTPUT_MPLANE
15789.977036,v4l2_qbuf,7,VIDEO_CAPTURE_MPLANE
15789.980242,v4l2_dqbuf,7,VIDEO_CAPTURE_MPLANE
15789.980333,v4l2_dqbuf,0,VIDEO_OUTPUT_MPLANE
15789.993645,v4l2_qbuf,0,VIDEO_OUTPUT_MPLANE
15789.993669,v4l2_qbuf,0,VIDEO_CAPTURE_MPLANE
15789.996873,v4l2_dqbuf,0,VIDEO_CAPTURE_MPLANE
15789.996888,v4l2_dqbuf,0,VIDEO_OUTPUT_MPLANE
15790.010856,v4l2_qbuf,0,VIDEO_OUTPUT_MPLANE
15790.010897,v4l2_qbuf,3,VIDEO_CAPTURE_MPLANE
15790.013203,v4l2_dqbuf,3,VIDEO_CAPTURE_MPLANE
15790.013243,v4l2_dqbuf,0,VIDEO_OUTPUT_MPLANE
15790.027125,v4l2_qbuf,0,VIDEO_OUTPUT_MPLANE
15790.027165,v4l2_qbuf,4,VIDEO_CAPTURE_MPLANE
15790.030526,v4l2_dqbuf,4,VIDEO_CAPTURE_MPLANE
15790.030563,v4l2_dqbuf,0,VIDEO_OUTPUT_MPLANE
15790.043625,v4l2_qbuf,0,VIDEO_OUTPUT_MPLANE
15790.043665,v4l2_qbuf,5,VIDEO_CAPTURE_MPLANE
15790.046930,v4l2_dqbuf,5,VIDEO_CAPTURE_MPLANE
15790.047108,v4l2_dqbuf,0,VIDEO_OUTPUT_MPLANE
15790.060694,v4l2_qbuf,0,VIDEO_OUTPUT_MPLANE
15790.060738,v4l2_qbuf,2,VIDEO_CAPTURE_MPLANE
15790.063931,v4l2_dqbuf,2,VIDEO_CAPTURE_MPLANE
15790.063959,v4l2_dqbuf,0,VIDEO_OUTPUT_MPLANE
15790.076949,v4l2_qbuf,0,VIDEO_OUTPUT_MPLANE
15790.076970,v4l2_qbuf,7,VIDEO_CAPTURE_MPLANE
15790.079270,v4l2_dqbuf,7,VIDEO_CAPTURE_MPLANE
15790.079286,v4l2_dqbuf,0,VIDEO_OUTPUT_MPLANE
15790.093927,v4l2_qbuf,0,VIDEO_OUTPUT_MPLANE
15790.093947,v4l2_qbuf,6,VIDEO_CAPTURE_MPLANE
15790.097097,v4l2_dqbuf,6,VIDEO_CAPTURE_MPLANE
15790.097114,v4l2_dqbuf,0,VIDEO_OUTPUT_MPLANE
15790.110461,v4l2_qbuf,0,VIDEO_OUTPUT_MPLANE
15790.110484,v4l2_qbuf,0,VIDEO_CAPTURE_MPLANE
15790.113617,v4l2_dqbuf,0,VIDEO_CAPTURE_MPLANE
15790.113719,v4l2_dqbuf,0,VIDEO_OUTPUT_MPLANE
15790.126761,v4l2_qbuf,0,VIDEO_OUTPUT_MPLANE
15790.126784,v4l2_qbuf,1,VIDEO_CAPTURE_MPLANE
15790.130155,v4l2_dqbuf,1,VIDEO_CAPTURE_MPLANE
15790.130172,v4l2_dqbuf,0,VIDEO_OUTPUT_MPLANE
15790.143397,v4l2_qbuf,0,VIDEO_OUTPUT_MPLANE
15790.143422,v4l2_qbuf,5,VIDEO_CAPTURE_MPLANE
15790.145821,v4l2_dqbuf,5,VIDEO_CAPTURE_MPLANE
15790.145838,v4l2_dqbuf,0,VIDEO_OUTPUT_MPLANE
15790.160566,v4l2_qbuf,0,VIDEO_OUTPUT_MPLANE
15790.160610,v4l2_qbuf,4,VIDEO_CAPTURE_MPLANE
15790.167268,v4l2_dqbuf,4,VIDEO_CAPTURE_MPLANE
15790.167290,v4l2_dqbuf,0,VIDEO_OUTPUT_MPLANE
15790.176971,v4l2_qbuf,0,VIDEO_OUTPUT_MPLANE
15790.176992,v4l2_qbuf,2,VIDEO_CAPTURE_MPLANE
15790.180216,v4l2_dqbuf,2,VIDEO_CAPTURE_MPLANE
15790.180313,v4l2_dqbuf,0,VIDEO_OUTPUT_MPLANE
15790.193635,v4l2_qbuf,0,VIDEO_OUTPUT_MPLANE
15790.193658,v4l2_qbuf,3,VIDEO_CAPTURE_MPLANE
15790.196654,v4l2_dqbuf,3,VIDEO_CAPTURE_MPLANE
15790.196666,v4l2_dqbuf,0,VIDEO_OUTPUT_MPLANE
15790.210486,v4l2_qbuf,0,VIDEO_OUTPUT_MPLANE
15790.210509,v4l2_qbuf,0,VIDEO_CAPTURE_MPLANE
15790.212888,v4l2_dqbuf,0,VIDEO_CAPTURE_MPLANE
15790.212906,v4l2_dqbuf,0,VIDEO_OUTPUT_MPLANE
15790.227230,v4l2_qbuf,0,VIDEO_OUTPUT_MPLANE
15790.227254,v4l2_qbuf,6,VIDEO_CAPTURE_MPLANE
15790.230437,v4l2_dqbuf,6,VIDEO_CAPTURE_MPLANE
15790.230453,v4l2_dqbuf,0,VIDEO_OUTPUT_MPLANE
15790.243507,v4l2_qbuf,0,VIDEO_OUTPUT_MPLANE
15790.243535,v4l2_qbuf,1,VIDEO_CAPTURE_MPLANE
15790.246912,v4l2_dqbuf,1,VIDEO_CAPTURE_MPLANE
15790.247022,v4l2_dqbuf,0,VIDEO_OUTPUT_MPLANE
15790.260464,v4l2_qbuf,0,VIDEO_OUTPUT_MPLANE
15790.260487,v4l2_qbuf,7,VIDEO_CAPTURE_MPLANE
15790.263854,v4l2_dqbuf,7,VIDEO_CAPTURE_MPLANE
15790.263870,v4l2_dqbuf,0,VIDEO_OUTPUT_MPLANE
15790.277081,v4l2_qbuf,0,VIDEO_OUTPUT_MPLANE
15790.277106,v4l2_qbuf,2,VIDEO_CAPTURE_MPLANE
15790.279443,v4l2_dqbuf,2,VIDEO_CAPTURE_MPLANE
15790.279459,v4l2_dqbuf,0,VIDEO_OUTPUT_MPLANE
15790.293852,v4l2_qbuf,0,VIDEO_OUTPUT_MPLANE
15790.293876,v4l2_qbuf,4,VIDEO_CAPTURE_MPLANE
15790.297056,v4l2_dqbuf,4,VIDEO_CAPTURE_MPLANE
15790.297075,v4l2_dqbuf,0,VIDEO_OUTPUT_MPLANE
15790.310382,v4l2_qbuf,0,VIDEO_OUTPUT_MPLANE
15790.310429,v4l2_qbuf,3,VIDEO_CAPTURE_MPLANE
15790.313701,v4l2_dqbuf,3,VIDEO_CAPTURE_MPLANE
15790.313816,v4l2_dqbuf,0,VIDEO_OUTPUT_MPLANE
15790.327143,v4l2_qbuf,0,VIDEO_OUTPUT_MPLANE
15790.327164,v4l2_qbuf,5,VIDEO_CAPTURE_MPLANE
15790.330455,v4l2_dqbuf,5,VIDEO_CAPTURE_MPLANE
15790.330471,v4l2_dqbuf,0,VIDEO_OUTPUT_MPLANE
15790.344023,v4l2_qbuf,0,VIDEO_OUTPUT_MPLANE
15790.344045,v4l2_qbuf,1,VIDEO_CAPTURE_MPLANE
15790.346388,v4l2_dqbuf,1,VIDEO_CAPTURE_MPLANE
15790.346405,v4l2_dqbuf,0,VIDEO_OUTPUT_MPLANE
15790.360395,v4l2_qbuf,0,VIDEO_OUTPUT_MPLANE
15790.360415,v4l2_qbuf,6,VIDEO_CAPTURE_MPLANE
15790.363631,v4l2_dqbuf,6,VIDEO_CAPTURE_MPLANE
15790.363648,v4l2_dqbuf,0,VIDEO_OUTPUT_MPLANE
15790.377055,v4l2_qbuf,0,VIDEO_OUTPUT_MPLANE
15790.377077,v4l2_qbuf,7,VIDEO_CAPTURE_MPLANE
15790.380227,v4l2_dqbuf,7,VIDEO_CAPTURE_MPLANE
15790.380314,v4l2_dqbuf,0,VIDEO_OUTPUT_MPLANE
15790.393909,v4l2_qbuf,0,VIDEO_OUTPUT_MPLANE
15790.393940,v4l2_qbuf,0,VIDEO_CAPTURE_MPLANE
15790.397073,v4l2_dqbuf,0,VIDEO_CAPTURE_MPLANE
15790.397085,v4l2_dqbuf,0,VIDEO_OUTPUT_MPLANE
15790.410345,v4l2_qbuf,0,VIDEO_OUTPUT_MPLANE
15790.410366,v4l2_qbuf,3,VIDEO_CAPTURE_MPLANE
15790.412596,v4l2_dqbuf,3,VIDEO_CAPTURE_MPLANE
15790.412614,v4l2_dqbuf,0,VIDEO_OUTPUT_MPLANE
15790.426977,v4l2_qbuf,0,VIDEO_OUTPUT_MPLANE
15790.427020,v4l2_qbuf,4,VIDEO_CAPTURE_MPLANE
15790.430244,v4l2_dqbuf,4,VIDEO_CAPTURE_MPLANE
15790.430260,v4l2_dqbuf,0,VIDEO_OUTPUT_MPLANE
15790.443573,v4l2_qbuf,0,VIDEO_OUTPUT_MPLANE
15790.443596,v4l2_qbuf,5,VIDEO_CAPTURE_MPLANE
15790.446896,v4l2_dqbuf,5,VIDEO_CAPTURE_MPLANE
15790.446992,v4l2_dqbuf,0,VIDEO_OUTPUT_MPLANE
15790.460745,v4l2_qbuf,0,VIDEO_OUTPUT_MPLANE
15790.460780,v4l2_qbuf,2,VIDEO_CAPTURE_MPLANE
15790.464144,v4l2_dqbuf,2,VIDEO_CAPTURE_MPLANE
15790.464160,v4l2_dqbuf,0,VIDEO_OUTPUT_MPLANE
15790.477498,v4l2_qbuf,0,VIDEO_OUTPUT_MPLANE
15790.477559,v4l2_qbuf,7,VIDEO_CAPTURE_MPLANE
15790.479747,v4l2_dqbuf,7,VIDEO_CAPTURE_MPLANE
15790.479762,v4l2_dqbuf,0,VIDEO_OUTPUT_MPLANE
15790.493863,v4l2_qbuf,0,VIDEO_OUTPUT_MPLANE
15790.493886,v4l2_qbuf,6,VIDEO_CAPTURE_MPLANE
15790.497227,v4l2_dqbuf,6,VIDEO_CAPTURE_MPLANE
15790.497250,v4l2_dqbuf,0,VIDEO_OUTPUT_MPLANE
15790.510285,v4l2_qbuf,0,VIDEO_OUTPUT_MPLANE
15790.510306,v4l2_qbuf,0,VIDEO_CAPTURE_MPLANE
15790.513582,v4l2_dqbuf,0,VIDEO_CAPTURE_MPLANE
15790.513702,v4l2_dqbuf,0,VIDEO_OUTPUT_MPLANE
15790.526982,v4l2_qbuf,0,VIDEO_OUTPUT_MPLANE
15790.527024,v4l2_qbuf,1,VIDEO_CAPTURE_MPLANE
15790.530260,v4l2_dqbuf,1,VIDEO_CAPTURE_MPLANE
15790.530295,v4l2_dqbuf,0,VIDEO_OUTPUT_MPLANE
15790.543945,v4l2_qbuf,0,VIDEO_OUTPUT_MPLANE
15790.543982,v4l2_qbuf,5,VIDEO_CAPTURE_MPLANE
15790.546137,v4l2_dqbuf,5,VIDEO_CAPTURE_MPLANE
15790.546147,v4l2_dqbuf,0,VIDEO_OUTPUT_MPLANE
15790.560322,v4l2_qbuf,0,VIDEO_OUTPUT_MPLANE
15790.560349,v4l2_qbuf,4,VIDEO_CAPTURE_MPLANE
15790.563383,v4l2_dqbuf,4,VIDEO_CAPTURE_MPLANE
15790.563401,v4l2_dqbuf,0,VIDEO_OUTPUT_MPLANE
15790.576976,v4l2_qbuf,0,VIDEO_OUTPUT_MPLANE
15790.577052,v4l2_qbuf,2,VIDEO_CAPTURE_MPLANE
15790.580214,v4l2_dqbuf,2,VIDEO_CAPTURE_MPLANE
15790.580311,v4l2_dqbuf,0,VIDEO_OUTPUT_MPLANE
15790.594134,v4l2_qbuf,0,VIDEO_OUTPUT_MPLANE
15790.594193,v4l2_qbuf,3,VIDEO_CAPTURE_MPLANE
15790.597537,v4l2_dqbuf,3,VIDEO_CAPTURE_MPLANE
15790.597571,v4l2_dqbuf,0,VIDEO_OUTPUT_MPLANE
15790.610778,v4l2_qbuf,0,VIDEO_OUTPUT_MPLANE
15790.610834,v4l2_qbuf,0,VIDEO_CAPTURE_MPLANE
15790.613269,v4l2_dqbuf,0,VIDEO_CAPTURE_MPLANE
15790.613309,v4l2_dqbuf,0,VIDEO_OUTPUT_MPLANE
15790.626637,v4l2_qbuf,0,VIDEO_OUTPUT_MPLANE
15790.626654,v4l2_qbuf,6,VIDEO_CAPTURE_MPLANE
15790.629774,v4l2_dqbuf,6,VIDEO_CAPTURE_MPLANE
15790.629801,v4l2_dqbuf,0,VIDEO_OUTPUT_MPLANE
15790.644508,v4l2_qbuf,0,VIDEO_OUTPUT_MPLANE
15790.644546,v4l2_qbuf,1,VIDEO_CAPTURE_MPLANE
15790.647908,v4l2_dqbuf,1,VIDEO_CAPTURE_MPLANE
15790.648109,v4l2_dqbuf,0,VIDEO_OUTPUT_MPLANE
15790.662567,v4l2_qbuf,0,VIDEO_OUTPUT_MPLANE
15790.662712,v4l2_qbuf,7,VIDEO_CAPTURE_MPLANE
15790.666155,v4l2_dqbuf,7,VIDEO_CAPTURE_MPLANE
15790.666187,v4l2_dqbuf,0,VIDEO_OUTPUT_MPLANE
15790.679254,v4l2_qbuf,0,VIDEO_OUTPUT_MPLANE
15790.679274,v4l2_qbuf,2,VIDEO_CAPTURE_MPLANE
15790.681559,v4l2_dqbuf,2,VIDEO_CAPTURE_MPLANE
15790.681575,v4l2_dqbuf,0,VIDEO_OUTPUT_MPLANE
15790.694266,v4l2_qbuf,0,VIDEO_OUTPUT_MPLANE
15790.694284,v4l2_qbuf,4,VIDEO_CAPTURE_MPLANE
15790.697510,v4l2_dqbuf,4,VIDEO_CAPTURE_MPLANE
15790.697525,v4l2_dqbuf,0,VIDEO_OUTPUT_MPLANE
15790.710125,v4l2_qbuf,0,VIDEO_OUTPUT_MPLANE
15790.710143,v4l2_qbuf,3,VIDEO_CAPTURE_MPLANE
15790.713663,v4l2_dqbuf,3,VIDEO_CAPTURE_MPLANE
15790.713998,v4l2_dqbuf,0,VIDEO_OUTPUT_MPLANE
15790.727092,v4l2_qbuf,0,VIDEO_OUTPUT_MPLANE
15790.727109,v4l2_qbuf,5,VIDEO_CAPTURE_MPLANE
15790.728869,v4l2_dqbuf,5,VIDEO_CAPTURE_MPLANE
15790.728878,v4l2_dqbuf,0,VIDEO_OUTPUT_MPLANE
15790.743642,v4l2_qbuf,0,VIDEO_OUTPUT_MPLANE
15790.743657,v4l2_qbuf,1,VIDEO_CAPTURE_MPLANE
15790.745763,v4l2_dqbuf,1,VIDEO_CAPTURE_MPLANE
15790.745774,v4l2_dqbuf,0,VIDEO_OUTPUT_MPLANE
15790.759967,v4l2_qbuf,0,VIDEO_OUTPUT_MPLANE
15790.759988,v4l2_qbuf,6,VIDEO_CAPTURE_MPLANE
15790.762970,v4l2_dqbuf,6,VIDEO_CAPTURE_MPLANE
15790.762981,v4l2_dqbuf,0,VIDEO_OUTPUT_MPLANE
15790.776959,v4l2_qbuf,0,VIDEO_OUTPUT_MPLANE
15790.777037,v4l2_qbuf,7,VIDEO_CAPTURE_MPLANE
15790.780150,v4l2_dqbuf,7,VIDEO_CAPTURE_MPLANE
15790.780219,v4l2_dqbuf,0,VIDEO_OUTPUT_MPLANE
15790.793458,v4l2_qbuf,0,VIDEO_OUTPUT_MPLANE
15790.793472,v4l2_qbuf,0,VIDEO_CAPTURE_MPLANE
15790.796607,v4l2_dqbuf,0,VIDEO_CAPTURE_MPLANE
15790.796620,v4l2_dqbuf,0,VIDEO_OUTPUT_MPLANE
15790.810280,v4l2_qbuf,0,VIDEO_OUTPUT_MPLANE
15790.810319,v4l2_qbuf,4,VIDEO_CAPTURE_MPLANE
15790.812603,v4l2_dqbuf,4,VIDEO_CAPTURE_MPLANE
15790.812621,v4l2_dqbuf,0,VIDEO_OUTPUT_MPLANE
15790.827169,v4l2_qbuf,0,VIDEO_OUTPUT_MPLANE
15790.827203,v4l2_qbuf,3,VIDEO_CAPTURE_MPLANE
15790.830444,v4l2_dqbuf,3,VIDEO_CAPTURE_MPLANE
15790.830469,v4l2_dqbuf,0,VIDEO_OUTPUT_MPLANE
15790.843552,v4l2_qbuf,0,VIDEO_OUTPUT_MPLANE
15790.843589,v4l2_qbuf,2,VIDEO_CAPTURE_MPLANE
15790.846758,v4l2_dqbuf,2,VIDEO_CAPTURE_MPLANE
15790.846914,v4l2_dqbuf,0,VIDEO_OUTPUT_MPLANE
15790.860243,v4l2_qbuf,0,VIDEO_OUTPUT_MPLANE
15790.860281,v4l2_qbuf,5,VIDEO_CAPTURE_MPLANE
15790.863473,v4l2_dqbuf,5,VIDEO_CAPTURE_MPLANE
15790.863497,v4l2_dqbuf,0,VIDEO_OUTPUT_MPLANE
15790.877041,v4l2_qbuf,0,VIDEO_OUTPUT_MPLANE
15790.877083,v4l2_qbuf,7,VIDEO_CAPTURE_MPLANE
15790.879131,v4l2_dqbuf,7,VIDEO_CAPTURE_MPLANE
15790.879143,v4l2_dqbuf,0,VIDEO_OUTPUT_MPLANE
15790.893392,v4l2_qbuf,0,VIDEO_OUTPUT_MPLANE
15790.893417,v4l2_qbuf,6,VIDEO_CAPTURE_MPLANE
15790.896623,v4l2_dqbuf,6,VIDEO_CAPTURE_MPLANE
15790.896640,v4l2_dqbuf,0,VIDEO_OUTPUT_MPLANE
15790.910405,v4l2_qbuf,0,VIDEO_OUTPUT_MPLANE
15790.910444,v4l2_qbuf,0,VIDEO_CAPTURE_MPLANE
15790.913674,v4l2_dqbuf,0,VIDEO_CAPTURE_MPLANE
15790.913812,v4l2_dqbuf,0,VIDEO_OUTPUT_MPLANE
15790.926846,v4l2_qbuf,0,VIDEO_OUTPUT_MPLANE
15790.926868,v4l2_qbuf,1,VIDEO_CAPTURE_MPLANE
15790.930000,v4l2_dqbuf,1,VIDEO_CAPTURE_MPLANE
15790.930034,v4l2_dqbuf,0,VIDEO_OUTPUT_MPLANE
15790.943554,v4l2_qbuf,0,VIDEO_OUTPUT_MPLANE
15790.943589,v4l2_qbuf,2,VIDEO_CAPTURE_MPLANE
15790.945751,v4l2_dqbuf,2,VIDEO_CAPTURE_MPLANE
15790.945778,v4l2_dqbuf,0,VIDEO_OUTPUT_MPLANE
15790.960385,v4l2_qbuf,0,VIDEO_OUTPUT_MPLANE
15790.960416,v4l2_qbuf,3,VIDEO_CAPTURE_MPLANE
15790.963496,v4l2_dqbuf,3,VIDEO_CAPTURE_MPLANE
15790.963511,v4l2_dqbuf,0,VIDEO_OUTPUT_MPLANE
15790.977410,v4l2_qbuf,0,VIDEO_OUTPUT_MPLANE
15790.977456,v4l2_qbuf,5,VIDEO_CAPTURE_MPLANE
15790.980903,v4l2_dqbuf,5,VIDEO_CAPTURE_MPLANE
15790.981136,v4l2_dqbuf,0,VIDEO_OUTPUT_MPLANE
15790.993713,v4l2_qbuf,0,VIDEO_OUTPUT_MPLANE
15790.993735,v4l2_qbuf,4,VIDEO_CAPTURE_MPLANE
15790.996919,v4l2_dqbuf,4,VIDEO_CAPTURE_MPLANE
15790.996936,v4l2_dqbuf,0,VIDEO_OUTPUT_MPLANE
15791.010551,v4l2_qbuf,0,VIDEO_OUTPUT_MPLANE
15791.010573,v4l2_qbuf,0,VIDEO_CAPTURE_MPLANE
15791.012835,v4l2_dqbuf,0,VIDEO_CAPTURE_MPLANE
15791.012853,v4l2_dqbuf,0,VIDEO_OUTPUT_MPLANE
15791.026897,v4l2_qbuf,0,VIDEO_OUTPUT_MPLANE
15791.026919,v4l2_qbuf,6,VIDEO_CAPTURE_MPLANE
15791.030051,v4l2_dqbuf,6,VIDEO_CAPTURE_MPLANE
15791.030068,v4l2_dqbuf,0,VIDEO_OUTPUT_MPLANE
15791.044094,v4l2_qbuf,0,VIDEO_OUTPUT_MPLANE
15791.044114,v4l2_qbuf,1,VIDEO_CAPTURE_MPLANE
15791.049162,v4l2_dqbuf,1,VIDEO_CAPTURE_MPLANE
15791.049288,v4l2_dqbuf,0,VIDEO_OUTPUT_MPLANE
15791.060407,v4l2_qbuf,0,VIDEO_OUTPUT_MPLANE
15791.060428,v4l2_qbuf,7,VIDEO_CAPTURE_MPLANE
15791.063668,v4l2_dqbuf,7,VIDEO_CAPTURE_MPLANE
15791.063682,v4l2_dqbuf,0,VIDEO_OUTPUT_MPLANE
15791.076948,v4l2_qbuf,0,VIDEO_OUTPUT_MPLANE
15791.076971,v4l2_qbuf,5,VIDEO_CAPTURE_MPLANE
15791.079184,v4l2_dqbuf,5,VIDEO_CAPTURE_MPLANE
15791.079201,v4l2_dqbuf,0,VIDEO_OUTPUT_MPLANE
15791.093524,v4l2_qbuf,0,VIDEO_OUTPUT_MPLANE
15791.093545,v4l2_qbuf,3,VIDEO_CAPTURE_MPLANE
15791.096772,v4l2_dqbuf,3,VIDEO_CAPTURE_MPLANE
15791.096793,v4l2_dqbuf,0,VIDEO_OUTPUT_MPLANE
15791.110014,v4l2_qbuf,0,VIDEO_OUTPUT_MPLANE
15791.110031,v4l2_qbuf,4,VIDEO_CAPTURE_MPLANE
15791.113207,v4l2_dqbuf,4,VIDEO_CAPTURE_MPLANE
15791.113352,v4l2_dqbuf,0,VIDEO_OUTPUT_MPLANE
15791.127412,v4l2_qbuf,0,VIDEO_OUTPUT_MPLANE
15791.127459,v4l2_qbuf,2,VIDEO_CAPTURE_MPLANE
15791.130829,v4l2_dqbuf,2,VIDEO_CAPTURE_MPLANE
15791.130886,v4l2_dqbuf,0,VIDEO_OUTPUT_MPLANE
15791.143826,v4l2_qbuf,0,VIDEO_OUTPUT_MPLANE
15791.143870,v4l2_qbuf,1,VIDEO_CAPTURE_MPLANE
15791.146121,v4l2_dqbuf,1,VIDEO_CAPTURE_MPLANE
15791.146145,v4l2_dqbuf,0,VIDEO_OUTPUT_MPLANE
15791.160224,v4l2_qbuf,0,VIDEO_OUTPUT_MPLANE
15791.160247,v4l2_qbuf,6,VIDEO_CAPTURE_MPLANE
15791.163373,v4l2_dqbuf,6,VIDEO_CAPTURE_MPLANE
15791.163391,v4l2_dqbuf,0,VIDEO_OUTPUT_MPLANE
15791.176844,v4l2_qbuf,0,VIDEO_OUTPUT_MPLANE
15791.176875,v4l2_qbuf,7,VIDEO_CAPTURE_MPLANE
15791.180198,v4l2_dqbuf,7,VIDEO_CAPTURE_MPLANE
15791.180319,v4l2_dqbuf,0,VIDEO_OUTPUT_MPLANE
15791.193492,v4l2_qbuf,0,VIDEO_OUTPUT_MPLANE
15791.193514,v4l2_qbuf,0,VIDEO_CAPTURE_MPLANE
15791.196726,v4l2_dqbuf,0,VIDEO_CAPTURE_MPLANE
15791.196744,v4l2_dqbuf,0,VIDEO_OUTPUT_MPLANE
15791.210173,v4l2_qbuf,0,VIDEO_OUTPUT_MPLANE
15791.210217,v4l2_qbuf,4,VIDEO_CAPTURE_MPLANE
15791.212466,v4l2_dqbuf,4,VIDEO_CAPTURE_MPLANE
15791.212481,v4l2_dqbuf,0,VIDEO_OUTPUT_MPLANE
15791.226995,v4l2_qbuf,0,VIDEO_OUTPUT_MPLANE
15791.227029,v4l2_qbuf,3,VIDEO_CAPTURE_MPLANE
15791.230364,v4l2_dqbuf,3,VIDEO_CAPTURE_MPLANE
15791.230381,v4l2_dqbuf,0,VIDEO_OUTPUT_MPLANE
15791.243792,v4l2_qbuf,0,VIDEO_OUTPUT_MPLANE
15791.243814,v4l2_qbuf,2,VIDEO_CAPTURE_MPLANE
15791.247161,v4l2_dqbuf,2,VIDEO_CAPTURE_MPLANE
15791.247253,v4l2_dqbuf,0,VIDEO_OUTPUT_MPLANE
15791.260122,v4l2_qbuf,0,VIDEO_OUTPUT_MPLANE
15791.260143,v4l2_qbuf,5,VIDEO_CAPTURE_MPLANE
15791.263311,v4l2_dqbuf,5,VIDEO_CAPTURE_MPLANE
15791.263327,v4l2_dqbuf,0,VIDEO_OUTPUT_MPLANE
15791.277238,v4l2_qbuf,0,VIDEO_OUTPUT_MPLANE
15791.277255,v4l2_qbuf,7,VIDEO_CAPTURE_MPLANE
15791.279584,v4l2_dqbuf,7,VIDEO_CAPTURE_MPLANE
15791.279602,v4l2_dqbuf,0,VIDEO_OUTPUT_MPLANE
15791.293589,v4l2_qbuf,0,VIDEO_OUTPUT_MPLANE
15791.293611,v4l2_qbuf,6,VIDEO_CAPTURE_MPLANE
15791.296738,v4l2_dqbuf,6,VIDEO_CAPTURE_MPLANE
15791.296755,v4l2_dqbuf,0,VIDEO_OUTPUT_MPLANE
15791.310356,v4l2_qbuf,0,VIDEO_OUTPUT_MPLANE
15791.310422,v4l2_qbuf,0,VIDEO_CAPTURE_MPLANE
15791.313616,v4l2_dqbuf,0,VIDEO_CAPTURE_MPLANE
15791.313799,v4l2_dqbuf,0,VIDEO_OUTPUT_MPLANE
15791.327067,v4l2_qbuf,0,VIDEO_OUTPUT_MPLANE
15791.327120,v4l2_qbuf,1,VIDEO_CAPTURE_MPLANE
15791.330482,v4l2_dqbuf,1,VIDEO_CAPTURE_MPLANE
15791.330519,v4l2_dqbuf,0,VIDEO_OUTPUT_MPLANE
15791.343871,v4l2_qbuf,0,VIDEO_OUTPUT_MPLANE
15791.343911,v4l2_qbuf,2,VIDEO_CAPTURE_MPLANE
15791.346070,v4l2_dqbuf,2,VIDEO_CAPTURE_MPLANE
15791.346081,v4l2_dqbuf,0,VIDEO_OUTPUT_MPLANE
15791.360017,v4l2_qbuf,0,VIDEO_OUTPUT_MPLANE
15791.360040,v4l2_qbuf,3,VIDEO_CAPTURE_MPLANE
15791.363145,v4l2_dqbuf,3,VIDEO_CAPTURE_MPLANE
15791.363160,v4l2_dqbuf,0,VIDEO_OUTPUT_MPLANE
15791.376818,v4l2_qbuf,0,VIDEO_OUTPUT_MPLANE
15791.376846,v4l2_qbuf,5,VIDEO_CAPTURE_MPLANE
15791.380160,v4l2_dqbuf,5,VIDEO_CAPTURE_MPLANE
15791.380355,v4l2_dqbuf,0,VIDEO_OUTPUT_MPLANE
15791.394066,v4l2_qbuf,0,VIDEO_OUTPUT_MPLANE
15791.394119,v4l2_qbuf,4,VIDEO_CAPTURE_MPLANE
15791.397541,v4l2_dqbuf,4,VIDEO_CAPTURE_MPLANE
15791.397581,v4l2_dqbuf,0,VIDEO_OUTPUT_MPLANE
15791.410610,v4l2_qbuf,0,VIDEO_OUTPUT_MPLANE
15791.410734,v4l2_qbuf,0,VIDEO_CAPTURE_MPLANE
15791.413060,v4l2_dqbuf,0,VIDEO_CAPTURE_MPLANE
15791.413097,v4l2_dqbuf,0,VIDEO_OUTPUT_MPLANE
15791.427214,v4l2_qbuf,0,VIDEO_OUTPUT_MPLANE
15791.427239,v4l2_qbuf,6,VIDEO_CAPTURE_MPLANE
15791.430486,v4l2_dqbuf,6,VIDEO_CAPTURE_MPLANE
15791.430505,v4l2_dqbuf,0,VIDEO_OUTPUT_MPLANE
15791.443863,v4l2_qbuf,0,VIDEO_OUTPUT_MPLANE
15791.443896,v4l2_qbuf,1,VIDEO_CAPTURE_MPLANE
15791.447089,v4l2_dqbuf,1,VIDEO_CAPTURE_MPLANE
15791.447178,v4l2_dqbuf,0,VIDEO_OUTPUT_MPLANE
15791.460412,v4l2_qbuf,0,VIDEO_OUTPUT_MPLANE
15791.460435,v4l2_qbuf,7,VIDEO_CAPTURE_MPLANE
15791.463638,v4l2_dqbuf,7,VIDEO_CAPTURE_MPLANE
15791.463652,v4l2_dqbuf,0,VIDEO_OUTPUT_MPLANE
15791.477318,v4l2_qbuf,0,VIDEO_OUTPUT_MPLANE
15791.477342,v4l2_qbuf,5,VIDEO_CAPTURE_MPLANE
15791.479666,v4l2_dqbuf,5,VIDEO_CAPTURE_MPLANE
15791.479682,v4l2_dqbuf,0,VIDEO_OUTPUT_MPLANE
15791.493546,v4l2_qbuf,0,VIDEO_OUTPUT_MPLANE
15791.493567,v4l2_qbuf,3,VIDEO_CAPTURE_MPLANE
15791.496791,v4l2_dqbuf,3,VIDEO_CAPTURE_MPLANE
15791.496808,v4l2_dqbuf,0,VIDEO_OUTPUT_MPLANE
15791.510417,v4l2_qbuf,0,VIDEO_OUTPUT_MPLANE
15791.510536,v4l2_qbuf,4,VIDEO_CAPTURE_MPLANE
15791.513961,v4l2_dqbuf,4,VIDEO_CAPTURE_MPLANE
15791.514292,v4l2_dqbuf,0,VIDEO_OUTPUT_MPLANE
15791.527197,v4l2_qbuf,0,VIDEO_OUTPUT_MPLANE
15791.527239,v4l2_qbuf,2,VIDEO_CAPTURE_MPLANE
15791.530577,v4l2_dqbuf,2,VIDEO_CAPTURE_MPLANE
15791.530590,v4l2_dqbuf,0,VIDEO_OUTPUT_MPLANE
15791.543869,v4l2_qbuf,0,VIDEO_OUTPUT_MPLANE
15791.543891,v4l2_qbuf,1,VIDEO_CAPTURE_MPLANE
15791.546167,v4l2_dqbuf,1,VIDEO_CAPTURE_MPLANE
15791.546183,v4l2_dqbuf,0,VIDEO_OUTPUT_MPLANE
15791.560340,v4l2_qbuf,0,VIDEO_OUTPUT_MPLANE
15791.560400,v4l2_qbuf,6,VIDEO_CAPTURE_MPLANE
15791.563608,v4l2_dqbuf,6,VIDEO_CAPTURE_MPLANE
15791.563624,v4l2_dqbuf,0,VIDEO_OUTPUT_MPLANE
15791.577329,v4l2_qbuf,0,VIDEO_OUTPUT_MPLANE
15791.577352,v4l2_qbuf,7,VIDEO_CAPTURE_MPLANE
15791.580472,v4l2_dqbuf,7,VIDEO_CAPTURE_MPLANE
15791.580573,v4l2_dqbuf,0,VIDEO_OUTPUT_MPLANE
15791.593938,v4l2_qbuf,0,VIDEO_OUTPUT_MPLANE
15791.593988,v4l2_qbuf,0,VIDEO_CAPTURE_MPLANE
15791.597247,v4l2_dqbuf,0,VIDEO_CAPTURE_MPLANE
15791.597261,v4l2_dqbuf,0,VIDEO_OUTPUT_MPLANE
15791.612379,v4l2_qbuf,0,VIDEO_OUTPUT_MPLANE
15791.612401,v4l2_qbuf,4,VIDEO_CAPTURE_MPLANE
15791.614476,v4l2_dqbuf,4,VIDEO_CAPTURE_MPLANE
15791.614487,v4l2_dqbuf,0,VIDEO_OUTPUT_MPLANE
15791.629087,v4l2_qbuf,0,VIDEO_OUTPUT_MPLANE
15791.629116,v4l2_qbuf,3,VIDEO_CAPTURE_MPLANE
15791.632403,v4l2_dqbuf,3,VIDEO_CAPTURE_MPLANE
15791.632420,v4l2_dqbuf,0,VIDEO_OUTPUT_MPLANE
15791.643833,v4l2_qbuf,0,VIDEO_OUTPUT_MPLANE
15791.643855,v4l2_qbuf,2,VIDEO_CAPTURE_MPLANE
15791.647057,v4l2_dqbuf,2,VIDEO_CAPTURE_MPLANE
15791.647150,v4l2_dqbuf,0,VIDEO_OUTPUT_MPLANE
15791.661534,v4l2_qbuf,0,VIDEO_OUTPUT_MPLANE
15791.661613,v4l2_qbuf,5,VIDEO_CAPTURE_MPLANE
15791.664877,v4l2_dqbuf,5,VIDEO_CAPTURE_MPLANE
15791.664893,v4l2_dqbuf,0,VIDEO_OUTPUT_MPLANE
15791.676943,v4l2_qbuf,0,VIDEO_OUTPUT_MPLANE
15791.676969,v4l2_qbuf,7,VIDEO_CAPTURE_MPLANE
15791.679211,v4l2_dqbuf,7,VIDEO_CAPTURE_MPLANE
15791.679230,v4l2_dqbuf,0,VIDEO_OUTPUT_MPLANE
15791.693802,v4l2_qbuf,0,VIDEO_OUTPUT_MPLANE
15791.693853,v4l2_qbuf,6,VIDEO_CAPTURE_MPLANE
15791.697156,v4l2_dqbuf,6,VIDEO_CAPTURE_MPLANE
15791.697185,v4l2_dqbuf,0,VIDEO_OUTPUT_MPLANE
15791.710506,v4l2_qbuf,0,VIDEO_OUTPUT_MPLANE
15791.710552,v4l2_qbuf,0,VIDEO_CAPTURE_MPLANE
15791.713888,v4l2_dqbuf,0,VIDEO_CAPTURE_MPLANE
15791.714235,v4l2_dqbuf,0,VIDEO_OUTPUT_MPLANE
15791.727282,v4l2_qbuf,0,VIDEO_OUTPUT_MPLANE
15791.727317,v4l2_qbuf,1,VIDEO_CAPTURE_MPLANE
15791.729233,v4l2_dqbuf,1,VIDEO_CAPTURE_MPLANE
15791.729256,v4l2_dqbuf,0,VIDEO_OUTPUT_MPLANE
15791.743635,v4l2_qbuf,0,VIDEO_OUTPUT_MPLANE
15791.743668,v4l2_qbuf,2,VIDEO_CAPTURE_MPLANE
15791.745665,v4l2_dqbuf,2,VIDEO_CAPTURE_MPLANE
15791.745686,v4l2_dqbuf,0,VIDEO_OUTPUT_MPLANE
15791.760312,v4l2_qbuf,0,VIDEO_OUTPUT_MPLANE
15791.760334,v4l2_qbuf,3,VIDEO_CAPTURE_MPLANE
15791.763708,v4l2_dqbuf,3,VIDEO_CAPTURE_MPLANE
15791.763727,v4l2_dqbuf,0,VIDEO_OUTPUT_MPLANE
15791.777023,v4l2_qbuf,0,VIDEO_OUTPUT_MPLANE
15791.777047,v4l2_qbuf,5,VIDEO_CAPTURE_MPLANE
15791.780371,v4l2_dqbuf,5,VIDEO_CAPTURE_MPLANE
15791.780532,v4l2_dqbuf,0,VIDEO_OUTPUT_MPLANE
15791.793946,v4l2_qbuf,0,VIDEO_OUTPUT_MPLANE
15791.794029,v4l2_qbuf,4,VIDEO_CAPTURE_MPLANE
15791.797307,v4l2_dqbuf,4,VIDEO_CAPTURE_MPLANE
15791.797333,v4l2_dqbuf,0,VIDEO_OUTPUT_MPLANE
15791.810577,v4l2_qbuf,0,VIDEO_OUTPUT_MPLANE
15791.810621,v4l2_qbuf,6,VIDEO_CAPTURE_MPLANE
15791.812966,v4l2_dqbuf,6,VIDEO_CAPTURE_MPLANE
15791.812998,v4l2_dqbuf,0,VIDEO_OUTPUT_MPLANE
15791.826835,v4l2_qbuf,0,VIDEO_OUTPUT_MPLANE
15791.826858,v4l2_qbuf,0,VIDEO_CAPTURE_MPLANE
15791.830033,v4l2_dqbuf,0,VIDEO_CAPTURE_MPLANE
15791.830050,v4l2_dqbuf,0,VIDEO_OUTPUT_MPLANE
15791.843498,v4l2_qbuf,0,VIDEO_OUTPUT_MPLANE
15791.843529,v4l2_qbuf,7,VIDEO_CAPTURE_MPLANE
15791.846788,v4l2_dqbuf,7,VIDEO_CAPTURE_MPLANE
15791.846934,v4l2_dqbuf,0,VIDEO_OUTPUT_MPLANE
15791.860397,v4l2_qbuf,0,VIDEO_OUTPUT_MPLANE
15791.860451,v4l2_qbuf,1,VIDEO_CAPTURE_MPLANE
15791.863794,v4l2_dqbuf,1,VIDEO_CAPTURE_MPLANE
15791.863819,v4l2_dqbuf,0,VIDEO_OUTPUT_MPLANE
15791.877123,v4l2_qbuf,0,VIDEO_OUTPUT_MPLANE
15791.877146,v4l2_qbuf,5,VIDEO_CAPTURE_MPLANE
15791.879416,v4l2_dqbuf,5,VIDEO_CAPTURE_MPLANE
15791.879436,v4l2_dqbuf,0,VIDEO_OUTPUT_MPLANE
15791.893830,v4l2_qbuf,0,VIDEO_OUTPUT_MPLANE
15791.893852,v4l2_qbuf,3,VIDEO_CAPTURE_MPLANE
15791.897097,v4l2_dqbuf,3,VIDEO_CAPTURE_MPLANE
15791.897116,v4l2_dqbuf,0,VIDEO_OUTPUT_MPLANE
15791.909927,v4l2_qbuf,0,VIDEO_OUTPUT_MPLANE
15791.909947,v4l2_qbuf,4,VIDEO_CAPTURE_MPLANE
15791.913062,v4l2_dqbuf,4,VIDEO_CAPTURE_MPLANE
15791.913209,v4l2_dqbuf,0,VIDEO_OUTPUT_MPLANE
15791.926693,v4l2_qbuf,0,VIDEO_OUTPUT_MPLANE
15791.926715,v4l2_qbuf,2,VIDEO_CAPTURE_MPLANE
15791.929706,v4l2_dqbuf,2,VIDEO_CAPTURE_MPLANE
15791.929720,v4l2_dqbuf,0,VIDEO_OUTPUT_MPLANE
15791.943460,v4l2_qbuf,0,VIDEO_OUTPUT_MPLANE
15791.943498,v4l2_qbuf,7,VIDEO_CAPTURE_MPLANE
15791.945681,v4l2_dqbuf,7,VIDEO_CAPTURE_MPLANE
15791.945696,v4l2_dqbuf,0,VIDEO_OUTPUT_MPLANE
15791.960329,v4l2_qbuf,0,VIDEO_OUTPUT_MPLANE
15791.960345,v4l2_qbuf,0,VIDEO_CAPTURE_MPLANE
15791.965932,v4l2_dqbuf,0,VIDEO_CAPTURE_MPLANE
15791.965954,v4l2_dqbuf,0,VIDEO_OUTPUT_MPLANE
15791.976879,v4l2_qbuf,0,VIDEO_OUTPUT_MPLANE
15791.976897,v4l2_qbuf,1,VIDEO_CAPTURE_MPLANE
15791.980169,v4l2_dqbuf,1,VIDEO_CAPTURE_MPLANE
15791.980269,v4l2_dqbuf,0,VIDEO_OUTPUT_MPLANE
15791.993514,v4l2_qbuf,0,VIDEO_OUTPUT_MPLANE
15791.993536,v4l2_qbuf,6,VIDEO_CAPTURE_MPLANE
15791.996689,v4l2_dqbuf,6,VIDEO_CAPTURE_MPLANE
15791.996714,v4l2_dqbuf,0,VIDEO_OUTPUT_MPLANE
15792.009924,v4l2_qbuf,0,VIDEO_OUTPUT_MPLANE
15792.009938,v4l2_qbuf,4,VIDEO_CAPTURE_MPLANE
15792.012027,v4l2_dqbuf,4,VIDEO_CAPTURE_MPLANE
15792.012040,v4l2_dqbuf,0,VIDEO_OUTPUT_MPLANE
15792.026851,v4l2_qbuf,0,VIDEO_OUTPUT_MPLANE
15792.026867,v4l2_qbuf,3,VIDEO_CAPTURE_MPLANE
15792.030140,v4l2_dqbuf,3,VIDEO_CAPTURE_MPLANE
15792.030152,v4l2_dqbuf,0,VIDEO_OUTPUT_MPLANE
15792.043291,v4l2_qbuf,0,VIDEO_OUTPUT_MPLANE
15792.043307,v4l2_qbuf,2,VIDEO_CAPTURE_MPLANE
15792.046465,v4l2_dqbuf,2,VIDEO_CAPTURE_MPLANE
15792.046533,v4l2_dqbuf,0,VIDEO_OUTPUT_MPLANE
15792.060193,v4l2_qbuf,0,VIDEO_OUTPUT_MPLANE
15792.060220,v4l2_qbuf,5,VIDEO_CAPTURE_MPLANE
15792.063443,v4l2_dqbuf,5,VIDEO_CAPTURE_MPLANE
15792.063460,v4l2_dqbuf,0,VIDEO_OUTPUT_MPLANE
15792.077122,v4l2_qbuf,0,VIDEO_OUTPUT_MPLANE
15792.077146,v4l2_qbuf,1,VIDEO_CAPTURE_MPLANE
15792.079384,v4l2_dqbuf,1,VIDEO_CAPTURE_MPLANE
15792.079399,v4l2_dqbuf,0,VIDEO_OUTPUT_MPLANE
15792.093594,v4l2_qbuf,0,VIDEO_OUTPUT_MPLANE
15792.093627,v4l2_qbuf,0,VIDEO_CAPTURE_MPLANE
15792.096785,v4l2_dqbuf,0,VIDEO_CAPTURE_MPLANE
15792.096800,v4l2_dqbuf,0,VIDEO_OUTPUT_MPLANE
15792.110275,v4l2_qbuf,0,VIDEO_OUTPUT_MPLANE
15792.110297,v4l2_qbuf,6,VIDEO_CAPTURE_MPLANE
15792.113557,v4l2_dqbuf,6,VIDEO_CAPTURE_MPLANE
15792.113645,v4l2_dqbuf,0,VIDEO_OUTPUT_MPLANE
15792.127047,v4l2_qbuf,0,VIDEO_OUTPUT_MPLANE
15792.127188,v4l2_qbuf,7,VIDEO_CAPTURE_MPLANE
15792.130471,v4l2_dqbuf,7,VIDEO_CAPTURE_MPLANE
15792.130520,v4l2_dqbuf,0,VIDEO_OUTPUT_MPLANE
15792.143441,v4l2_qbuf,0,VIDEO_OUTPUT_MPLANE
15792.143468,v4l2_qbuf,2,VIDEO_CAPTURE_MPLANE
15792.145764,v4l2_dqbuf,2,VIDEO_CAPTURE_MPLANE
15792.145783,v4l2_dqbuf,0,VIDEO_OUTPUT_MPLANE
15792.160084,v4l2_qbuf,0,VIDEO_OUTPUT_MPLANE
15792.160108,v4l2_qbuf,3,VIDEO_CAPTURE_MPLANE
15792.163512,v4l2_dqbuf,3,VIDEO_CAPTURE_MPLANE
15792.163532,v4l2_dqbuf,0,VIDEO_OUTPUT_MPLANE
15792.176676,v4l2_qbuf,0,VIDEO_OUTPUT_MPLANE
15792.176835,v4l2_qbuf,5,VIDEO_CAPTURE_MPLANE
15792.180014,v4l2_dqbuf,5,VIDEO_CAPTURE_MPLANE
15792.180108,v4l2_dqbuf,0,VIDEO_OUTPUT_MPLANE
15792.193685,v4l2_qbuf,0,VIDEO_OUTPUT_MPLANE
15792.193706,v4l2_qbuf,4,VIDEO_CAPTURE_MPLANE
15792.197910,v4l2_dqbuf,4,VIDEO_CAPTURE_MPLANE
15792.197933,v4l2_dqbuf,0,VIDEO_OUTPUT_MPLANE
15792.210810,v4l2_qbuf,0,VIDEO_OUTPUT_MPLANE
15792.210832,v4l2_qbuf,6,VIDEO_CAPTURE_MPLANE
15792.213155,v4l2_dqbuf,6,VIDEO_CAPTURE_MPLANE
15792.213173,v4l2_dqbuf,0,VIDEO_OUTPUT_MPLANE
15792.226789,v4l2_qbuf,0,VIDEO_OUTPUT_MPLANE
15792.226806,v4l2_qbuf,0,VIDEO_CAPTURE_MPLANE
15792.229909,v4l2_dqbuf,0,VIDEO_CAPTURE_MPLANE
15792.229921,v4l2_dqbuf,0,VIDEO_OUTPUT_MPLANE
15792.243744,v4l2_qbuf,0,VIDEO_OUTPUT_MPLANE
15792.243770,v4l2_qbuf,7,VIDEO_CAPTURE_MPLANE
15792.247196,v4l2_dqbuf,7,VIDEO_CAPTURE_MPLANE
15792.247293,v4l2_dqbuf,0,VIDEO_OUTPUT_MPLANE
15792.260043,v4l2_qbuf,0,VIDEO_OUTPUT_MPLANE
15792.260063,v4l2_qbuf,1,VIDEO_CAPTURE_MPLANE
15792.263341,v4l2_dqbuf,1,VIDEO_CAPTURE_MPLANE
15792.263378,v4l2_dqbuf,0,VIDEO_OUTPUT_MPLANE
15792.276850,v4l2_qbuf,0,VIDEO_OUTPUT_MPLANE
15792.276870,v4l2_qbuf,5,VIDEO_CAPTURE_MPLANE
15792.279070,v4l2_dqbuf,5,VIDEO_CAPTURE_MPLANE
15792.279084,v4l2_dqbuf,0,VIDEO_OUTPUT_MPLANE
15792.293510,v4l2_qbuf,0,VIDEO_OUTPUT_MPLANE
15792.293531,v4l2_qbuf,3,VIDEO_CAPTURE_MPLANE
15792.296683,v4l2_dqbuf,3,VIDEO_CAPTURE_MPLANE
15792.296698,v4l2_dqbuf,0,VIDEO_OUTPUT_MPLANE
15792.309993,v4l2_qbuf,0,VIDEO_OUTPUT_MPLANE
15792.310028,v4l2_qbuf,4,VIDEO_CAPTURE_MPLANE
15792.313258,v4l2_dqbuf,4,VIDEO_CAPTURE_MPLANE
15792.313351,v4l2_dqbuf,0,VIDEO_OUTPUT_MPLANE
15792.326913,v4l2_qbuf,0,VIDEO_OUTPUT_MPLANE
15792.326939,v4l2_qbuf,2,VIDEO_CAPTURE_MPLANE
15792.330279,v4l2_dqbuf,2,VIDEO_CAPTURE_MPLANE
15792.330293,v4l2_dqbuf,0,VIDEO_OUTPUT_MPLANE
15792.343520,v4l2_qbuf,0,VIDEO_OUTPUT_MPLANE
15792.343542,v4l2_qbuf,7,VIDEO_CAPTURE_MPLANE
15792.345743,v4l2_dqbuf,7,VIDEO_CAPTURE_MPLANE
15792.345757,v4l2_dqbuf,0,VIDEO_OUTPUT_MPLANE
15792.360406,v4l2_qbuf,0,VIDEO_OUTPUT_MPLANE
15792.360428,v4l2_qbuf,0,VIDEO_CAPTURE_MPLANE
15792.363706,v4l2_dqbuf,0,VIDEO_CAPTURE_MPLANE
15792.363724,v4l2_dqbuf,0,VIDEO_OUTPUT_MPLANE
15792.377033,v4l2_qbuf,0,VIDEO_OUTPUT_MPLANE
15792.377053,v4l2_qbuf,1,VIDEO_CAPTURE_MPLANE
15792.380499,v4l2_dqbuf,1,VIDEO_CAPTURE_MPLANE
15792.380606,v4l2_dqbuf,0,VIDEO_OUTPUT_MPLANE
15792.393519,v4l2_qbuf,0,VIDEO_OUTPUT_MPLANE
15792.393573,v4l2_qbuf,6,VIDEO_CAPTURE_MPLANE
15792.397021,v4l2_dqbuf,6,VIDEO_CAPTURE_MPLANE
15792.397036,v4l2_dqbuf,0,VIDEO_OUTPUT_MPLANE
15792.410331,v4l2_qbuf,0,VIDEO_OUTPUT_MPLANE
15792.410352,v4l2_qbuf,4,VIDEO_CAPTURE_MPLANE
15792.412576,v4l2_dqbuf,4,VIDEO_CAPTURE_MPLANE
15792.412592,v4l2_dqbuf,0,VIDEO_OUTPUT_MPLANE
15792.426732,v4l2_qbuf,0,VIDEO_OUTPUT_MPLANE
15792.426779,v4l2_qbuf,3,VIDEO_CAPTURE_MPLANE
15792.429788,v4l2_dqbuf,3,VIDEO_CAPTURE_MPLANE
15792.429800,v4l2_dqbuf,0,VIDEO_OUTPUT_MPLANE
15792.444134,v4l2_qbuf,0,VIDEO_OUTPUT_MPLANE
15792.444165,v4l2_qbuf,2,VIDEO_CAPTURE_MPLANE
15792.447372,v4l2_dqbuf,2,VIDEO_CAPTURE_MPLANE
15792.447503,v4l2_dqbuf,0,VIDEO_OUTPUT_MPLANE
15792.461556,v4l2_qbuf,0,VIDEO_OUTPUT_MPLANE
15792.461579,v4l2_qbuf,5,VIDEO_CAPTURE_MPLANE
15792.464851,v4l2_dqbuf,5,VIDEO_CAPTURE_MPLANE
15792.464868,v4l2_dqbuf,0,VIDEO_OUTPUT_MPLANE
15792.477024,v4l2_qbuf,0,VIDEO_OUTPUT_MPLANE
15792.477046,v4l2_qbuf,1,VIDEO_CAPTURE_MPLANE
15792.479492,v4l2_dqbuf,1,VIDEO_CAPTURE_MPLANE
15792.479651,v4l2_dqbuf,0,VIDEO_OUTPUT_MPLANE
15792.493501,v4l2_qbuf,0,VIDEO_OUTPUT_MPLANE
15792.493522,v4l2_qbuf,0,VIDEO_CAPTURE_MPLANE
15792.496819,v4l2_dqbuf,0,VIDEO_CAPTURE_MPLANE
15792.496837,v4l2_dqbuf,0,VIDEO_OUTPUT_MPLANE
15792.510390,v4l2_qbuf,0,VIDEO_OUTPUT_MPLANE
15792.510414,v4l2_qbuf,6,VIDEO_CAPTURE_MPLANE
15792.513698,v4l2_dqbuf,6,VIDEO_CAPTURE_MPLANE
15792.513790,v4l2_dqbuf,0,VIDEO_OUTPUT_MPLANE
15792.527069,v4l2_qbuf,0,VIDEO_OUTPUT_MPLANE
15792.527091,v4l2_qbuf,7,VIDEO_CAPTURE_MPLANE
15792.530285,v4l2_dqbuf,7,VIDEO_CAPTURE_MPLANE
15792.530300,v4l2_dqbuf,0,VIDEO_OUTPUT_MPLANE
15792.543822,v4l2_qbuf,0,VIDEO_OUTPUT_MPLANE
15792.543845,v4l2_qbuf,2,VIDEO_CAPTURE_MPLANE
15792.546080,v4l2_dqbuf,2,VIDEO_CAPTURE_MPLANE
15792.546093,v4l2_dqbuf,0,VIDEO_OUTPUT_MPLANE
15792.560442,v4l2_qbuf,0,VIDEO_OUTPUT_MPLANE
15792.560461,v4l2_qbuf,3,VIDEO_CAPTURE_MPLANE
15792.563608,v4l2_dqbuf,3,VIDEO_CAPTURE_MPLANE
15792.563623,v4l2_dqbuf,0,VIDEO_OUTPUT_MPLANE
15792.576979,v4l2_qbuf,0,VIDEO_OUTPUT_MPLANE
15792.577011,v4l2_qbuf,5,VIDEO_CAPTURE_MPLANE
15792.580390,v4l2_dqbuf,5,VIDEO_CAPTURE_MPLANE
15792.580503,v4l2_dqbuf,0,VIDEO_OUTPUT_MPLANE
15792.594053,v4l2_qbuf,0,VIDEO_OUTPUT_MPLANE
15792.594105,v4l2_qbuf,4,VIDEO_CAPTURE_MPLANE
15792.597435,v4l2_dqbuf,4,VIDEO_CAPTURE_MPLANE
15792.597452,v4l2_dqbuf,0,VIDEO_OUTPUT_MPLANE
15792.610380,v4l2_qbuf,0,VIDEO_OUTPUT_MPLANE
15792.610401,v4l2_qbuf,6,VIDEO_CAPTURE_MPLANE
15792.612771,v4l2_dqbuf,6,VIDEO_CAPTURE_MPLANE
15792.612789,v4l2_dqbuf,0,VIDEO_OUTPUT_MPLANE
15792.627065,v4l2_qbuf,0,VIDEO_OUTPUT_MPLANE
15792.627087,v4l2_qbuf,0,VIDEO_CAPTURE_MPLANE
15792.630433,v4l2_dqbuf,0,VIDEO_CAPTURE_MPLANE
15792.630450,v4l2_dqbuf,0,VIDEO_OUTPUT_MPLANE
15792.644631,v4l2_qbuf,0,VIDEO_OUTPUT_MPLANE
15792.644654,v4l2_qbuf,7,VIDEO_CAPTURE_MPLANE
15792.648043,v4l2_dqbuf,7,VIDEO_CAPTURE_MPLANE
15792.648168,v4l2_dqbuf,0,VIDEO_OUTPUT_MPLANE
15792.660066,v4l2_qbuf,0,VIDEO_OUTPUT_MPLANE
15792.660096,v4l2_qbuf,1,VIDEO_CAPTURE_MPLANE
15792.663214,v4l2_dqbuf,1,VIDEO_CAPTURE_MPLANE
15792.663234,v4l2_dqbuf,0,VIDEO_OUTPUT_MPLANE
15792.677471,v4l2_qbuf,0,VIDEO_OUTPUT_MPLANE
15792.677529,v4l2_qbuf,5,VIDEO_CAPTURE_MPLANE
15792.679796,v4l2_dqbuf,5,VIDEO_CAPTURE_MPLANE
15792.679812,v4l2_dqbuf,0,VIDEO_OUTPUT_MPLANE
15792.693716,v4l2_qbuf,0,VIDEO_OUTPUT_MPLANE
15792.693738,v4l2_qbuf,3,VIDEO_CAPTURE_MPLANE
15792.696961,v4l2_dqbuf,3,VIDEO_CAPTURE_MPLANE
15792.696977,v4l2_dqbuf,0,VIDEO_OUTPUT_MPLANE
15792.710177,v4l2_qbuf,0,VIDEO_OUTPUT_MPLANE
15792.710207,v4l2_qbuf,4,VIDEO_CAPTURE_MPLANE
15792.713467,v4l2_dqbuf,4,VIDEO_CAPTURE_MPLANE
15792.713601,v4l2_dqbuf,0,VIDEO_OUTPUT_MPLANE
15792.726980,v4l2_qbuf,0,VIDEO_OUTPUT_MPLANE
15792.727016,v4l2_qbuf,2,VIDEO_CAPTURE_MPLANE
15792.728932,v4l2_dqbuf,2,VIDEO_CAPTURE_MPLANE
15792.728943,v4l2_dqbuf,0,VIDEO_OUTPUT_MPLANE
15792.743681,v4l2_qbuf,0,VIDEO_OUTPUT_MPLANE
15792.743740,v4l2_qbuf,7,VIDEO_CAPTURE_MPLANE
15792.746114,v4l2_dqbuf,7,VIDEO_CAPTURE_MPLANE
15792.746157,v4l2_dqbuf,0,VIDEO_OUTPUT_MPLANE
15792.760688,v4l2_qbuf,0,VIDEO_OUTPUT_MPLANE
15792.760738,v4l2_qbuf,0,VIDEO_CAPTURE_MPLANE
15792.763905,v4l2_dqbuf,0,VIDEO_CAPTURE_MPLANE
15792.763915,v4l2_dqbuf,0,VIDEO_OUTPUT_MPLANE
15792.776952,v4l2_qbuf,0,VIDEO_OUTPUT_MPLANE
15792.776996,v4l2_qbuf,1,VIDEO_CAPTURE_MPLANE
15792.780355,v4l2_dqbuf,1,VIDEO_CAPTURE_MPLANE
15792.780514,v4l2_dqbuf,0,VIDEO_OUTPUT_MPLANE
15792.793680,v4l2_qbuf,0,VIDEO_OUTPUT_MPLANE
15792.793704,v4l2_qbuf,6,VIDEO_CAPTURE_MPLANE
15792.796846,v4l2_dqbuf,6,VIDEO_CAPTURE_MPLANE
15792.796864,v4l2_dqbuf,0,VIDEO_OUTPUT_MPLANE
15792.810143,v4l2_qbuf,0,VIDEO_OUTPUT_MPLANE
15792.810163,v4l2_qbuf,3,VIDEO_CAPTURE_MPLANE
15792.812393,v4l2_dqbuf,3,VIDEO_CAPTURE_MPLANE
15792.812407,v4l2_dqbuf,0,VIDEO_OUTPUT_MPLANE
15792.827118,v4l2_qbuf,0,VIDEO_OUTPUT_MPLANE
15792.827140,v4l2_qbuf,4,VIDEO_CAPTURE_MPLANE
15792.830562,v4l2_dqbuf,4,VIDEO_CAPTURE_MPLANE
15792.830616,v4l2_dqbuf,0,VIDEO_OUTPUT_MPLANE
15792.843450,v4l2_qbuf,0,VIDEO_OUTPUT_MPLANE
15792.843472,v4l2_qbuf,5,VIDEO_CAPTURE_MPLANE
15792.846847,v4l2_dqbuf,5,VIDEO_CAPTURE_MPLANE
15792.846961,v4l2_dqbuf,0,VIDEO_OUTPUT_MPLANE
15792.859888,v4l2_qbuf,0,VIDEO_OUTPUT_MPLANE
15792.859911,v4l2_qbuf,2,VIDEO_CAPTURE_MPLANE
15792.863391,v4l2_dqbuf,2,VIDEO_CAPTURE_MPLANE
15792.863433,v4l2_dqbuf,0,VIDEO_OUTPUT_MPLANE
15792.877303,v4l2_qbuf,0,VIDEO_OUTPUT_MPLANE
15792.877339,v4l2_qbuf,1,VIDEO_CAPTURE_MPLANE
15792.879637,v4l2_dqbuf,1,VIDEO_CAPTURE_MPLANE
15792.879667,v4l2_dqbuf,0,VIDEO_OUTPUT_MPLANE
15792.893738,v4l2_qbuf,0,VIDEO_OUTPUT_MPLANE
15792.893852,v4l2_qbuf,0,VIDEO_CAPTURE_MPLANE
15792.897123,v4l2_dqbuf,0,VIDEO_CAPTURE_MPLANE
15792.897137,v4l2_dqbuf,0,VIDEO_OUTPUT_MPLANE
15792.910880,v4l2_qbuf,0,VIDEO_OUTPUT_MPLANE
15792.910918,v4l2_qbuf,6,VIDEO_CAPTURE_MPLANE
15792.914270,v4l2_dqbuf,6,VIDEO_CAPTURE_MPLANE
15792.914381,v4l2_dqbuf,0,VIDEO_OUTPUT_MPLANE
15792.927845,v4l2_qbuf,0,VIDEO_OUTPUT_MPLANE
15792.927866,v4l2_qbuf,7,VIDEO_CAPTURE_MPLANE
15792.930981,v4l2_dqbuf,7,VIDEO_CAPTURE_MPLANE
15792.931025,v4l2_dqbuf,0,VIDEO_OUTPUT_MPLANE
15792.943892,v4l2_qbuf,0,VIDEO_OUTPUT_MPLANE
15792.943931,v4l2_qbuf,5,VIDEO_CAPTURE_MPLANE
15792.946268,v4l2_dqbuf,5,VIDEO_CAPTURE_MPLANE
15792.946295,v4l2_dqbuf,0,VIDEO_OUTPUT_MPLANE
15792.960367,v4l2_qbuf,0,VIDEO_OUTPUT_MPLANE
15792.960411,v4l2_qbuf,4,VIDEO_CAPTURE_MPLANE
15792.963723,v4l2_dqbuf,4,VIDEO_CAPTURE_MPLANE
15792.963749,v4l2_dqbuf,0,VIDEO_OUTPUT_MPLANE
15792.977191,v4l2_qbuf,0,VIDEO_OUTPUT_MPLANE
15792.977241,v4l2_qbuf,2,VIDEO_CAPTURE_MPLANE
15792.980504,v4l2_dqbuf,2,VIDEO_CAPTURE_MPLANE
15792.980725,v4l2_dqbuf,0,VIDEO_OUTPUT_MPLANE
15792.993493,v4l2_qbuf,0,VIDEO_OUTPUT_MPLANE
15792.993517,v4l2_qbuf,3,VIDEO_CAPTURE_MPLANE
15792.996704,v4l2_dqbuf,3,VIDEO_CAPTURE_MPLANE
15792.996717,v4l2_dqbuf,0,VIDEO_OUTPUT_MPLANE
15793.010803,v4l2_qbuf,0,VIDEO_OUTPUT_MPLANE
15793.010855,v4l2_qbuf,6,VIDEO_CAPTURE_MPLANE
15793.013138,v4l2_dqbuf,6,VIDEO_CAPTURE_MPLANE
15793.013172,v4l2_dqbuf,0,VIDEO_OUTPUT_MPLANE
15793.027125,v4l2_qbuf,0,VIDEO_OUTPUT_MPLANE
15793.027174,v4l2_qbuf,0,VIDEO_CAPTURE_MPLANE
15793.030554,v4l2_dqbuf,0,VIDEO_CAPTURE_MPLANE
15793.030591,v4l2_dqbuf,0,VIDEO_OUTPUT_MPLANE
15793.043963,v4l2_qbuf,0,VIDEO_OUTPUT_MPLANE
15793.044021,v4l2_qbuf,7,VIDEO_CAPTURE_MPLANE
15793.047484,v4l2_dqbuf,7,VIDEO_CAPTURE_MPLANE
15793.047647,v4l2_dqbuf,0,VIDEO_OUTPUT_MPLANE
15793.060268,v4l2_qbuf,0,VIDEO_OUTPUT_MPLANE
15793.060303,v4l2_qbuf,1,VIDEO_CAPTURE_MPLANE
15793.063520,v4l2_dqbuf,1,VIDEO_CAPTURE_MPLANE
15793.063542,v4l2_dqbuf,0,VIDEO_OUTPUT_MPLANE
15793.076966,v4l2_qbuf,0,VIDEO_OUTPUT_MPLANE
15793.076997,v4l2_qbuf,2,VIDEO_CAPTURE_MPLANE
15793.079075,v4l2_dqbuf,2,VIDEO_CAPTURE_MPLANE
15793.079089,v4l2_dqbuf,0,VIDEO_OUTPUT_MPLANE
15793.094225,v4l2_qbuf,0,VIDEO_OUTPUT_MPLANE
15793.094248,v4l2_qbuf,4,VIDEO_CAPTURE_MPLANE
15793.097437,v4l2_dqbuf,4,VIDEO_CAPTURE_MPLANE
15793.097456,v4l2_dqbuf,0,VIDEO_OUTPUT_MPLANE
15793.110201,v4l2_qbuf,0,VIDEO_OUTPUT_MPLANE
15793.110225,v4l2_qbuf,3,VIDEO_CAPTURE_MPLANE
15793.113377,v4l2_dqbuf,3,VIDEO_CAPTURE_MPLANE
15793.113490,v4l2_dqbuf,0,VIDEO_OUTPUT_MPLANE
15793.127104,v4l2_qbuf,0,VIDEO_OUTPUT_MPLANE
15793.127128,v4l2_qbuf,5,VIDEO_CAPTURE_MPLANE
15793.130301,v4l2_dqbuf,5,VIDEO_CAPTURE_MPLANE
15793.130322,v4l2_dqbuf,0,VIDEO_OUTPUT_MPLANE
15793.143202,v4l2_qbuf,0,VIDEO_OUTPUT_MPLANE
15793.143220,v4l2_qbuf,7,VIDEO_CAPTURE_MPLANE
15793.145438,v4l2_dqbuf,7,VIDEO_CAPTURE_MPLANE
15793.145452,v4l2_dqbuf,0,VIDEO_OUTPUT_MPLANE
15793.160289,v4l2_qbuf,0,VIDEO_OUTPUT_MPLANE
15793.160353,v4l2_qbuf,0,VIDEO_CAPTURE_MPLANE
15793.163618,v4l2_dqbuf,0,VIDEO_CAPTURE_MPLANE
15793.163646,v4l2_dqbuf,0,VIDEO_OUTPUT_MPLANE
15793.176609,v4l2_qbuf,0,VIDEO_OUTPUT_MPLANE
15793.176627,v4l2_qbuf,1,VIDEO_CAPTURE_MPLANE
15793.179724,v4l2_dqbuf,1,VIDEO_CAPTURE_MPLANE
15793.179820,v4l2_dqbuf,0,VIDEO_OUTPUT_MPLANE
15793.194519,v4l2_qbuf,0,VIDEO_OUTPUT_MPLANE
15793.194540,v4l2_qbuf,6,VIDEO_CAPTURE_MPLANE
15793.197892,v4l2_dqbuf,6,VIDEO_CAPTURE_MPLANE
15793.197909,v4l2_dqbuf,0,VIDEO_OUTPUT_MPLANE
15793.209942,v4l2_qbuf,0,VIDEO_OUTPUT_MPLANE
15793.209961,v4l2_qbuf,3,VIDEO_CAPTURE_MPLANE
15793.212062,v4l2_dqbuf,3,VIDEO_CAPTURE_MPLANE
15793.212076,v4l2_dqbuf,0,VIDEO_OUTPUT_MPLANE
15793.226886,v4l2_qbuf,0,VIDEO_OUTPUT_MPLANE
15793.226905,v4l2_qbuf,4,VIDEO_CAPTURE_MPLANE
15793.230066,v4l2_dqbuf,4,VIDEO_CAPTURE_MPLANE
15793.230083,v4l2_dqbuf,0,VIDEO_OUTPUT_MPLANE
15793.243652,v4l2_qbuf,0,VIDEO_OUTPUT_MPLANE
15793.243678,v4l2_qbuf,5,VIDEO_CAPTURE_MPLANE
15793.246991,v4l2_dqbuf,5,VIDEO_CAPTURE_MPLANE
15793.247091,v4l2_dqbuf,0,VIDEO_OUTPUT_MPLANE
15793.260230,v4l2_qbuf,0,VIDEO_OUTPUT_MPLANE
15793.260250,v4l2_qbuf,2,VIDEO_CAPTURE_MPLANE
15793.263500,v4l2_dqbuf,2,VIDEO_CAPTURE_MPLANE
15793.263514,v4l2_dqbuf,0,VIDEO_OUTPUT_MPLANE
15793.277027,v4l2_qbuf,0,VIDEO_OUTPUT_MPLANE
15793.277056,v4l2_qbuf,1,VIDEO_CAPTURE_MPLANE
15793.279291,v4l2_dqbuf,1,VIDEO_CAPTURE_MPLANE
15793.279309,v4l2_dqbuf,0,VIDEO_OUTPUT_MPLANE
15793.293416,v4l2_qbuf,0,VIDEO_OUTPUT_MPLANE
15793.293439,v4l2_qbuf,0,VIDEO_CAPTURE_MPLANE
15793.296589,v4l2_dqbuf,0,VIDEO_CAPTURE_MPLANE
15793.296607,v4l2_dqbuf,0,VIDEO_OUTPUT_MPLANE
15793.310418,v4l2_qbuf,0,VIDEO_OUTPUT_MPLANE
15793.310458,v4l2_qbuf,6,VIDEO_CAPTURE_MPLANE
15793.313406,v4l2_dqbuf,6,VIDEO_CAPTURE_MPLANE
15793.313496,v4l2_dqbuf,0,VIDEO_OUTPUT_MPLANE
15793.326918,v4l2_qbuf,0,VIDEO_OUTPUT_MPLANE
15793.326944,v4l2_qbuf,7,VIDEO_CAPTURE_MPLANE
15793.330183,v4l2_dqbuf,7,VIDEO_CAPTURE_MPLANE
15793.330196,v4l2_dqbuf,0,VIDEO_OUTPUT_MPLANE
15793.343841,v4l2_qbuf,0,VIDEO_OUTPUT_MPLANE
15793.343899,v4l2_qbuf,5,VIDEO_CAPTURE_MPLANE
15793.346205,v4l2_dqbuf,5,VIDEO_CAPTURE_MPLANE
15793.346241,v4l2_dqbuf,0,VIDEO_OUTPUT_MPLANE
15793.360342,v4l2_qbuf,0,VIDEO_OUTPUT_MPLANE
15793.360359,v4l2_qbuf,4,VIDEO_CAPTURE_MPLANE
15793.363536,v4l2_dqbuf,4,VIDEO_CAPTURE_MPLANE
15793.363550,v4l2_dqbuf,0,VIDEO_OUTPUT_MPLANE
15793.376765,v4l2_qbuf,0,VIDEO_OUTPUT_MPLANE
15793.376799,v4l2_qbuf,2,VIDEO_CAPTURE_MPLANE
15793.379914,v4l2_dqbuf,2,VIDEO_CAPTURE_MPLANE
15793.380023,v4l2_dqbuf,0,VIDEO_OUTPUT_MPLANE
15793.393452,v4l2_qbuf,0,VIDEO_OUTPUT_MPLANE
15793.393473,v4l2_qbuf,3,VIDEO_CAPTURE_MPLANE
15793.396596,v4l2_dqbuf,3,VIDEO_CAPTURE_MPLANE
15793.396611,v4l2_dqbuf,0,VIDEO_OUTPUT_MPLANE
15793.410235,v4l2_qbuf,0,VIDEO_OUTPUT_MPLANE
15793.410258,v4l2_qbuf,6,VIDEO_CAPTURE_MPLANE
15793.412576,v4l2_dqbuf,6,VIDEO_CAPTURE_MPLANE
15793.412591,v4l2_dqbuf,0,VIDEO_OUTPUT_MPLANE
15793.427257,v4l2_qbuf,0,VIDEO_OUTPUT_MPLANE
15793.427307,v4l2_qbuf,0,VIDEO_CAPTURE_MPLANE
15793.430657,v4l2_dqbuf,0,VIDEO_CAPTURE_MPLANE
15793.430704,v4l2_dqbuf,0,VIDEO_OUTPUT_MPLANE
15793.443578,v4l2_qbuf,0,VIDEO_OUTPUT_MPLANE
15793.443599,v4l2_qbuf,7,VIDEO_CAPTURE_MPLANE
15793.446610,v4l2_dqbuf,7,VIDEO_CAPTURE_MPLANE
15793.446693,v4l2_dqbuf,0,VIDEO_OUTPUT_MPLANE
15793.460211,v4l2_qbuf,0,VIDEO_OUTPUT_MPLANE
15793.460260,v4l2_qbuf,1,VIDEO_CAPTURE_MPLANE
15793.463447,v4l2_dqbuf,1,VIDEO_CAPTURE_MPLANE
15793.463469,v4l2_dqbuf,0,VIDEO_OUTPUT_MPLANE
15793.476723,v4l2_qbuf,0,VIDEO_OUTPUT_MPLANE
15793.476817,v4l2_qbuf,2,VIDEO_CAPTURE_MPLANE
15793.479088,v4l2_dqbuf,2,VIDEO_CAPTURE_MPLANE
15793.479104,v4l2_dqbuf,0,VIDEO_OUTPUT_MPLANE
15793.493600,v4l2_qbuf,0,VIDEO_OUTPUT_MPLANE
15793.493622,v4l2_qbuf,4,VIDEO_CAPTURE_MPLANE
15793.496844,v4l2_dqbuf,4,VIDEO_CAPTURE_MPLANE
15793.496875,v4l2_dqbuf,0,VIDEO_OUTPUT_MPLANE
15793.510255,v4l2_qbuf,0,VIDEO_OUTPUT_MPLANE
15793.510289,v4l2_qbuf,3,VIDEO_CAPTURE_MPLANE
15793.513528,v4l2_dqbuf,3,VIDEO_CAPTURE_MPLANE
15793.513680,v4l2_dqbuf,0,VIDEO_OUTPUT_MPLANE
15793.526949,v4l2_qbuf,0,VIDEO_OUTPUT_MPLANE
15793.526993,v4l2_qbuf,5,VIDEO_CAPTURE_MPLANE
15793.530329,v4l2_dqbuf,5,VIDEO_CAPTURE_MPLANE
15793.530362,v4l2_dqbuf,0,VIDEO_OUTPUT_MPLANE
15793.543835,v4l2_qbuf,0,VIDEO_OUTPUT_MPLANE
15793.543857,v4l2_qbuf,7,VIDEO_CAPTURE_MPLANE
15793.546088,v4l2_dqbuf,7,VIDEO_CAPTURE_MPLANE
15793.546105,v4l2_dqbuf,0,VIDEO_OUTPUT_MPLANE
15793.559960,v4l2_qbuf,0,VIDEO_OUTPUT_MPLANE
15793.559982,v4l2_qbuf,0,VIDEO_CAPTURE_MPLANE
15793.563298,v4l2_dqbuf,0,VIDEO_CAPTURE_MPLANE
15793.563326,v4l2_dqbuf,0,VIDEO_OUTPUT_MPLANE
15793.576703,v4l2_qbuf,0,VIDEO_OUTPUT_MPLANE
15793.576722,v4l2_qbuf,1,VIDEO_CAPTURE_MPLANE
15793.579899,v4l2_dqbuf,1,VIDEO_CAPTURE_MPLANE
15793.580114,v4l2_dqbuf,0,VIDEO_OUTPUT_MPLANE
15793.593283,v4l2_qbuf,0,VIDEO_OUTPUT_MPLANE
15793.593305,v4l2_qbuf,6,VIDEO_CAPTURE_MPLANE
15793.596329,v4l2_dqbuf,6,VIDEO_CAPTURE_MPLANE
15793.596342,v4l2_dqbuf,0,VIDEO_OUTPUT_MPLANE
15793.610631,v4l2_qbuf,0,VIDEO_OUTPUT_MPLANE
15793.610664,v4l2_qbuf,3,VIDEO_CAPTURE_MPLANE
15793.612950,v4l2_dqbuf,3,VIDEO_CAPTURE_MPLANE
15793.612964,v4l2_dqbuf,0,VIDEO_OUTPUT_MPLANE
15793.626837,v4l2_qbuf,0,VIDEO_OUTPUT_MPLANE
15793.626863,v4l2_qbuf,4,VIDEO_CAPTURE_MPLANE
15793.630114,v4l2_dqbuf,4,VIDEO_CAPTURE_MPLANE
15793.630131,v4l2_dqbuf,0,VIDEO_OUTPUT_MPLANE
15793.643437,v4l2_qbuf,0,VIDEO_OUTPUT_MPLANE
15793.643455,v4l2_qbuf,5,VIDEO_CAPTURE_MPLANE
15793.646739,v4l2_dqbuf,5,VIDEO_CAPTURE_MPLANE
15793.646844,v4l2_dqbuf,0,VIDEO_OUTPUT_MPLANE
15793.660284,v4l2_qbuf,0,VIDEO_OUTPUT_MPLANE
15793.660306,v4l2_qbuf,2,VIDEO_CAPTURE_MPLANE
15793.663640,v4l2_dqbuf,2,VIDEO_CAPTURE_MPLANE
15793.663656,v4l2_dqbuf,0,VIDEO_OUTPUT_MPLANE
15793.676949,v4l2_qbuf,0,VIDEO_OUTPUT_MPLANE
15793.676969,v4l2_qbuf,1,VIDEO_CAPTURE_MPLANE
15793.679376,v4l2_dqbuf,1,VIDEO_CAPTURE_MPLANE
15793.679394,v4l2_dqbuf,0,VIDEO_OUTPUT_MPLANE
15793.694263,v4l2_qbuf,0,VIDEO_OUTPUT_MPLANE
15793.694354,v4l2_qbuf,0,VIDEO_CAPTURE_MPLANE
15793.697760,v4l2_dqbuf,0,VIDEO_CAPTURE_MPLANE
15793.697799,v4l2_dqbuf,0,VIDEO_OUTPUT_MPLANE
15793.710166,v4l2_qbuf,0,VIDEO_OUTPUT_MPLANE
15793.710193,v4l2_qbuf,6,VIDEO_CAPTURE_MPLANE
15793.713522,v4l2_dqbuf,6,VIDEO_CAPTURE_MPLANE
15793.713644,v4l2_dqbuf,0,VIDEO_OUTPUT_MPLANE
15793.726878,v4l2_qbuf,0,VIDEO_OUTPUT_MPLANE
15793.726898,v4l2_qbuf,7,VIDEO_CAPTURE_MPLANE
15793.728863,v4l2_dqbuf,7,VIDEO_CAPTURE_MPLANE
15793.728877,v4l2_dqbuf,0,VIDEO_OUTPUT_MPLANE
15793.743663,v4l2_qbuf,0,VIDEO_OUTPUT_MPLANE
15793.743686,v4l2_qbuf,5,VIDEO_CAPTURE_MPLANE
15793.746074,v4l2_dqbuf,5,VIDEO_CAPTURE_MPLANE
15793.746100,v4l2_dqbuf,0,VIDEO_OUTPUT_MPLANE
15793.760231,v4l2_qbuf,0,VIDEO_OUTPUT_MPLANE
15793.760255,v4l2_qbuf,4,VIDEO_CAPTURE_MPLANE
15793.763358,v4l2_dqbuf,4,VIDEO_CAPTURE_MPLANE
15793.763377,v4l2_dqbuf,0,VIDEO_OUTPUT_MPLANE
15793.776943,v4l2_qbuf,0,VIDEO_OUTPUT_MPLANE
15793.776975,v4l2_qbuf,2,VIDEO_CAPTURE_MPLANE
15793.780352,v4l2_dqbuf,2,VIDEO_CAPTURE_MPLANE
15793.780447,v4l2_dqbuf,0,VIDEO_OUTPUT_MPLANE
15793.795462,v4l2_qbuf,0,VIDEO_OUTPUT_MPLANE
15793.795484,v4l2_qbuf,3,VIDEO_CAPTURE_MPLANE
15793.798899,v4l2_dqbuf,3,VIDEO_CAPTURE_MPLANE
15793.798915,v4l2_dqbuf,0,VIDEO_OUTPUT_MPLANE
15793.812097,v4l2_qbuf,0,VIDEO_OUTPUT_MPLANE
15793.812122,v4l2_qbuf,0,VIDEO_CAPTURE_MPLANE
15793.814403,v4l2_dqbuf,0,VIDEO_CAPTURE_MPLANE
15793.814419,v4l2_dqbuf,0,VIDEO_OUTPUT_MPLANE
15793.828772,v4l2_qbuf,0,VIDEO_OUTPUT_MPLANE
15793.828803,v4l2_qbuf,6,VIDEO_CAPTURE_MPLANE
15793.831901,v4l2_dqbuf,6,VIDEO_CAPTURE_MPLANE
15793.831923,v4l2_dqbuf,0,VIDEO_OUTPUT_MPLANE
15793.845793,v4l2_qbuf,0,VIDEO_OUTPUT_MPLANE
15793.845817,v4l2_qbuf,1,VIDEO_CAPTURE_MPLANE
15793.849103,v4l2_dqbuf,1,VIDEO_CAPTURE_MPLANE
15793.849213,v4l2_dqbuf,0,VIDEO_OUTPUT_MPLANE
15793.862305,v4l2_qbuf,0,VIDEO_OUTPUT_MPLANE
15793.862336,v4l2_qbuf,7,VIDEO_CAPTURE_MPLANE
15793.865621,v4l2_dqbuf,7,VIDEO_CAPTURE_MPLANE
15793.865637,v4l2_dqbuf,0,VIDEO_OUTPUT_MPLANE
15793.878756,v4l2_qbuf,0,VIDEO_OUTPUT_MPLANE
15793.878775,v4l2_qbuf,2,VIDEO_CAPTURE_MPLANE
15793.881029,v4l2_dqbuf,2,VIDEO_CAPTURE_MPLANE
15793.881046,v4l2_dqbuf,0,VIDEO_OUTPUT_MPLANE
15793.897081,v4l2_qbuf,0,VIDEO_OUTPUT_MPLANE
15793.897105,v4l2_qbuf,4,VIDEO_CAPTURE_MPLANE
15793.900216,v4l2_dqbuf,4,VIDEO_CAPTURE_MPLANE
15793.900233,v4l2_dqbuf,0,VIDEO_OUTPUT_MPLANE
15793.911869,v4l2_qbuf,0,VIDEO_OUTPUT_MPLANE
15793.911888,v4l2_qbuf,3,VIDEO_CAPTURE_MPLANE
15793.914974,v4l2_dqbuf,3,VIDEO_CAPTURE_MPLANE
15793.915053,v4l2_dqbuf,0,VIDEO_OUTPUT_MPLANE
15793.933502,v4l2_qbuf,0,VIDEO_OUTPUT_MPLANE
15793.933527,v4l2_qbuf,5,VIDEO_CAPTURE_MPLANE
15793.936888,v4l2_dqbuf,5,VIDEO_CAPTURE_MPLANE
15793.936908,v4l2_dqbuf,0,VIDEO_OUTPUT_MPLANE
15793.945530,v4l2_qbuf,0,VIDEO_OUTPUT_MPLANE
15793.945549,v4l2_qbuf,1,VIDEO_CAPTURE_MPLANE
15793.947792,v4l2_dqbuf,1,VIDEO_CAPTURE_MPLANE
15793.947807,v4l2_dqbuf,0,VIDEO_OUTPUT_MPLANE
15793.962073,v4l2_qbuf,0,VIDEO_OUTPUT_MPLANE
15793.962089,v4l2_qbuf,6,VIDEO_CAPTURE_MPLANE
15793.965247,v4l2_dqbuf,6,VIDEO_CAPTURE_MPLANE
15793.965259,v4l2_dqbuf,0,VIDEO_OUTPUT_MPLANE
15793.979150,v4l2_qbuf,0,VIDEO_OUTPUT_MPLANE
15793.979193,v4l2_qbuf,7,VIDEO_CAPTURE_MPLANE
15793.982491,v4l2_dqbuf,7,VIDEO_CAPTURE_MPLANE
15793.982660,v4l2_dqbuf,0,VIDEO_OUTPUT_MPLANE
15793.995894,v4l2_qbuf,0,VIDEO_OUTPUT_MPLANE
15793.995938,v4l2_qbuf,0,VIDEO_CAPTURE_MPLANE
15794.000564,v4l2_dqbuf,0,VIDEO_CAPTURE_MPLANE
15794.000581,v4l2_dqbuf,0,VIDEO_OUTPUT_MPLANE
15794.012301,v4l2_qbuf,0,VIDEO_OUTPUT_MPLANE
15794.012339,v4l2_qbuf,3,VIDEO_CAPTURE_MPLANE
15794.014578,v4l2_dqbuf,3,VIDEO_CAPTURE_MPLANE
15794.014607,v4l2_dqbuf,0,VIDEO_OUTPUT_MPLANE
15794.029115,v4l2_qbuf,0,VIDEO_OUTPUT_MPLANE
15794.029138,v4l2_qbuf,4,VIDEO_CAPTURE_MPLANE
15794.032524,v4l2_dqbuf,4,VIDEO_CAPTURE_MPLANE
15794.032540,v4l2_dqbuf,0,VIDEO_OUTPUT_MPLANE
15794.046435,v4l2_qbuf,0,VIDEO_OUTPUT_MPLANE
15794.046459,v4l2_qbuf,5,VIDEO_CAPTURE_MPLANE
15794.048771,v4l2_dqbuf,5,VIDEO_CAPTURE_MPLANE
15794.048800,v4l2_dqbuf,0,VIDEO_OUTPUT_MPLANE
15794.062135,v4l2_qbuf,0,VIDEO_OUTPUT_MPLANE
15794.062183,v4l2_qbuf,2,VIDEO_CAPTURE_MPLANE
15794.065529,v4l2_dqbuf,2,VIDEO_CAPTURE_MPLANE
15794.065580,v4l2_dqbuf,0,VIDEO_OUTPUT_MPLANE
15794.081954,v4l2_qbuf,0,VIDEO_OUTPUT_MPLANE
15794.082062,v4l2_qbuf,7,VIDEO_CAPTURE_MPLANE
15794.085335,v4l2_dqbuf,7,VIDEO_CAPTURE_MPLANE
15794.085570,v4l2_dqbuf,0,VIDEO_OUTPUT_MPLANE
15794.097931,v4l2_qbuf,0,VIDEO_OUTPUT_MPLANE
15794.097980,v4l2_qbuf,6,VIDEO_CAPTURE_MPLANE
15794.101334,v4l2_dqbuf,6,VIDEO_CAPTURE_MPLANE
15794.101391,v4l2_dqbuf,0,VIDEO_OUTPUT_MPLANE
15794.114358,v4l2_qbuf,0,VIDEO_OUTPUT_MPLANE
15794.114379,v4l2_qbuf,0,VIDEO_CAPTURE_MPLANE
15794.116577,v4l2_dqbuf,0,VIDEO_CAPTURE_MPLANE
15794.116593,v4l2_dqbuf,0,VIDEO_OUTPUT_MPLANE
15794.130973,v4l2_qbuf,0,VIDEO_OUTPUT_MPLANE
15794.130993,v4l2_qbuf,1,VIDEO_CAPTURE_MPLANE
15794.134342,v4l2_dqbuf,1,VIDEO_CAPTURE_MPLANE
15794.134358,v4l2_dqbuf,0,VIDEO_OUTPUT_MPLANE
15794.147791,v4l2_qbuf,0,VIDEO_OUTPUT_MPLANE
15794.147816,v4l2_qbuf,4,VIDEO_CAPTURE_MPLANE
15794.151119,v4l2_dqbuf,4,VIDEO_CAPTURE_MPLANE
15794.151214,v4l2_dqbuf,0,VIDEO_OUTPUT_MPLANE
15794.164142,v4l2_qbuf,0,VIDEO_OUTPUT_MPLANE
15794.164169,v4l2_qbuf,3,VIDEO_CAPTURE_MPLANE
15794.167522,v4l2_dqbuf,3,VIDEO_CAPTURE_MPLANE
15794.167535,v4l2_dqbuf,0,VIDEO_OUTPUT_MPLANE
15794.180780,v4l2_qbuf,0,VIDEO_OUTPUT_MPLANE
15794.180811,v4l2_qbuf,7,VIDEO_CAPTURE_MPLANE
15794.183115,v4l2_dqbuf,7,VIDEO_CAPTURE_MPLANE
15794.183152,v4l2_dqbuf,0,VIDEO_OUTPUT_MPLANE
15794.197636,v4l2_qbuf,0,VIDEO_OUTPUT_MPLANE
15794.197679,v4l2_qbuf,2,VIDEO_CAPTURE_MPLANE
15794.201362,v4l2_dqbuf,2,VIDEO_CAPTURE_MPLANE
15794.201411,v4l2_dqbuf,0,VIDEO_OUTPUT_MPLANE
15794.214180,v4l2_qbuf,0,VIDEO_OUTPUT_MPLANE
15794.214217,v4l2_qbuf,6,VIDEO_CAPTURE_MPLANE
15794.217468,v4l2_dqbuf,6,VIDEO_CAPTURE_MPLANE
15794.217660,v4l2_dqbuf,0,VIDEO_OUTPUT_MPLANE
15794.230851,v4l2_qbuf,0,VIDEO_OUTPUT_MPLANE
15794.230884,v4l2_qbuf,5,VIDEO_CAPTURE_MPLANE
15794.233951,v4l2_dqbuf,5,VIDEO_CAPTURE_MPLANE
15794.233972,v4l2_dqbuf,0,VIDEO_OUTPUT_MPLANE
15794.247407,v4l2_qbuf,0,VIDEO_OUTPUT_MPLANE
15794.247430,v4l2_qbuf,4,VIDEO_CAPTURE_MPLANE
15794.249770,v4l2_dqbuf,4,VIDEO_CAPTURE_MPLANE
15794.249802,v4l2_dqbuf,0,VIDEO_OUTPUT_MPLANE
15794.264302,v4l2_qbuf,0,VIDEO_OUTPUT_MPLANE
15794.264338,v4l2_qbuf,1,VIDEO_CAPTURE_MPLANE
15794.267394,v4l2_dqbuf,1,VIDEO_CAPTURE_MPLANE
15794.267465,v4l2_dqbuf,0,VIDEO_OUTPUT_MPLANE
15794.280833,v4l2_qbuf,0,VIDEO_OUTPUT_MPLANE
15794.280865,v4l2_qbuf,3,VIDEO_CAPTURE_MPLANE
15794.284311,v4l2_dqbuf,3,VIDEO_CAPTURE_MPLANE
15794.284568,v4l2_dqbuf,0,VIDEO_OUTPUT_MPLANE
15794.297849,v4l2_qbuf,0,VIDEO_OUTPUT_MPLANE
15794.297873,v4l2_qbuf,0,VIDEO_CAPTURE_MPLANE
15794.301140,v4l2_dqbuf,0,VIDEO_CAPTURE_MPLANE
15794.301156,v4l2_dqbuf,0,VIDEO_OUTPUT_MPLANE
15794.313871,v4l2_qbuf,0,VIDEO_OUTPUT_MPLANE
15794.313888,v4l2_qbuf,6,VIDEO_CAPTURE_MPLANE
15794.316014,v4l2_dqbuf,6,VIDEO_CAPTURE_MPLANE
15794.316029,v4l2_dqbuf,0,VIDEO_OUTPUT_MPLANE
15794.330589,v4l2_qbuf,0,VIDEO_OUTPUT_MPLANE
15794.330608,v4l2_qbuf,2,VIDEO_CAPTURE_MPLANE
15794.333657,v4l2_dqbuf,2,VIDEO_CAPTURE_MPLANE
15794.333673,v4l2_dqbuf,0,VIDEO_OUTPUT_MPLANE
15794.349253,v4l2_qbuf,0,VIDEO_OUTPUT_MPLANE
15794.349272,v4l2_qbuf,5,VIDEO_CAPTURE_MPLANE
15794.354088,v4l2_dqbuf,5,VIDEO_CAPTURE_MPLANE
15794.354106,v4l2_dqbuf,0,VIDEO_OUTPUT_MPLANE
15794.366131,v4l2_qbuf,0,VIDEO_OUTPUT_MPLANE
15794.366153,v4l2_qbuf,7,VIDEO_CAPTURE_MPLANE
15794.369139,v4l2_dqbuf,7,VIDEO_CAPTURE_MPLANE
15794.369159,v4l2_dqbuf,0,VIDEO_OUTPUT_MPLANE
15794.382683,v4l2_qbuf,0,VIDEO_OUTPUT_MPLANE
15794.382703,v4l2_qbuf,3,VIDEO_CAPTURE_MPLANE
15794.385881,v4l2_dqbuf,3,VIDEO_CAPTURE_MPLANE
15794.385909,v4l2_dqbuf,0,VIDEO_OUTPUT_MPLANE
15794.399307,v4l2_qbuf,0,VIDEO_OUTPUT_MPLANE
15794.399328,v4l2_qbuf,1,VIDEO_CAPTURE_MPLANE
15794.402498,v4l2_dqbuf,1,VIDEO_CAPTURE_MPLANE
15794.402626,v4l2_dqbuf,0,VIDEO_OUTPUT_MPLANE
15794.416548,v4l2_qbuf,0,VIDEO_OUTPUT_MPLANE
15794.416637,v4l2_qbuf,0,VIDEO_CAPTURE_MPLANE
15794.420126,v4l2_dqbuf,0,VIDEO_CAPTURE_MPLANE
15794.420143,v4l2_dqbuf,0,VIDEO_OUTPUT_MPLANE
15794.432569,v4l2_qbuf,0,VIDEO_OUTPUT_MPLANE
15794.432587,v4l2_qbuf,4,VIDEO_CAPTURE_MPLANE
15794.434844,v4l2_dqbuf,4,VIDEO_CAPTURE_MPLANE
15794.434861,v4l2_dqbuf,0,VIDEO_OUTPUT_MPLANE
15794.449804,v4l2_qbuf,0,VIDEO_OUTPUT_MPLANE
15794.449824,v4l2_qbuf,2,VIDEO_CAPTURE_MPLANE
15794.453048,v4l2_dqbuf,2,VIDEO_CAPTURE_MPLANE
15794.453061,v4l2_dqbuf,0,VIDEO_OUTPUT_MPLANE
15794.466062,v4l2_qbuf,0,VIDEO_OUTPUT_MPLANE
15794.466092,v4l2_qbuf,5,VIDEO_CAPTURE_MPLANE
15794.469446,v4l2_dqbuf,5,VIDEO_CAPTURE_MPLANE
15794.469461,v4l2_dqbuf,0,VIDEO_OUTPUT_MPLANE
15794.482726,v4l2_qbuf,0,VIDEO_OUTPUT_MPLANE
15794.482748,v4l2_qbuf,6,VIDEO_CAPTURE_MPLANE
15794.485013,v4l2_dqbuf,6,VIDEO_CAPTURE_MPLANE
15794.485031,v4l2_dqbuf,0,VIDEO_OUTPUT_MPLANE
15794.499403,v4l2_qbuf,0,VIDEO_OUTPUT_MPLANE
15794.499425,v4l2_qbuf,1,VIDEO_CAPTURE_MPLANE
15794.504477,v4l2_dqbuf,1,VIDEO_CAPTURE_MPLANE
15794.504500,v4l2_dqbuf,0,VIDEO_OUTPUT_MPLANE
15794.516061,v4l2_qbuf,0,VIDEO_OUTPUT_MPLANE
15794.516088,v4l2_qbuf,3,VIDEO_CAPTURE_MPLANE
15794.521250,v4l2_dqbuf,3,VIDEO_CAPTURE_MPLANE
15794.521374,v4l2_dqbuf,0,VIDEO_OUTPUT_MPLANE
15794.535063,v4l2_qbuf,0,VIDEO_OUTPUT_MPLANE
15794.535088,v4l2_qbuf,0,VIDEO_CAPTURE_MPLANE
15794.538400,v4l2_dqbuf,0,VIDEO_CAPTURE_MPLANE
15794.538415,v4l2_dqbuf,0,VIDEO_OUTPUT_MPLANE
15794.550584,v4l2_qbuf,0,VIDEO_OUTPUT_MPLANE
15794.550604,v4l2_qbuf,7,VIDEO_CAPTURE_MPLANE
15794.552817,v4l2_dqbuf,7,VIDEO_CAPTURE_MPLANE
15794.552832,v4l2_dqbuf,0,VIDEO_OUTPUT_MPLANE
15794.568451,v4l2_qbuf,0,VIDEO_OUTPUT_MPLANE
15794.568491,v4l2_qbuf,2,VIDEO_CAPTURE_MPLANE
15794.571587,v4l2_dqbuf,2,VIDEO_CAPTURE_MPLANE
15794.571603,v4l2_dqbuf,0,VIDEO_OUTPUT_MPLANE
15794.585195,v4l2_qbuf,0,VIDEO_OUTPUT_MPLANE
15794.585220,v4l2_qbuf,5,VIDEO_CAPTURE_MPLANE
15794.590166,v4l2_dqbuf,5,VIDEO_CAPTURE_MPLANE
15794.590295,v4l2_dqbuf,0,VIDEO_OUTPUT_MPLANE
15794.602087,v4l2_qbuf,0,VIDEO_OUTPUT_MPLANE
15794.602109,v4l2_qbuf,4,VIDEO_CAPTURE_MPLANE
15794.605472,v4l2_dqbuf,4,VIDEO_CAPTURE_MPLANE
15794.605507,v4l2_dqbuf,0,VIDEO_OUTPUT_MPLANE
15794.620132,v4l2_qbuf,0,VIDEO_OUTPUT_MPLANE
15794.620155,v4l2_qbuf,3,VIDEO_CAPTURE_MPLANE
15794.622352,v4l2_dqbuf,3,VIDEO_CAPTURE_MPLANE
15794.622370,v4l2_dqbuf,0,VIDEO_OUTPUT_MPLANE
15794.636228,v4l2_qbuf,0,VIDEO_OUTPUT_MPLANE
15794.636252,v4l2_qbuf,1,VIDEO_CAPTURE_MPLANE
15794.639436,v4l2_dqbuf,1,VIDEO_CAPTURE_MPLANE
15794.639451,v4l2_dqbuf,0,VIDEO_OUTPUT_MPLANE
15794.651940,v4l2_qbuf,0,VIDEO_OUTPUT_MPLANE
15794.651963,v4l2_qbuf,0,VIDEO_CAPTURE_MPLANE
15794.654092,v4l2_dqbuf,0,VIDEO_CAPTURE_MPLANE
15794.654109,v4l2_dqbuf,0,VIDEO_OUTPUT_MPLANE
15794.668607,v4l2_qbuf,0,VIDEO_OUTPUT_MPLANE
15794.668627,v4l2_qbuf,6,VIDEO_CAPTURE_MPLANE
15794.671824,v4l2_dqbuf,6,VIDEO_CAPTURE_MPLANE
15794.671841,v4l2_dqbuf,0,VIDEO_OUTPUT_MPLANE
15794.685286,v4l2_qbuf,0,VIDEO_OUTPUT_MPLANE
15794.685308,v4l2_qbuf,5,VIDEO_CAPTURE_MPLANE
15794.688508,v4l2_dqbuf,5,VIDEO_CAPTURE_MPLANE
15794.688596,v4l2_dqbuf,0,VIDEO_OUTPUT_MPLANE
15794.701783,v4l2_qbuf,0,VIDEO_OUTPUT_MPLANE
15794.701808,v4l2_qbuf,2,VIDEO_CAPTURE_MPLANE
15794.706045,v4l2_dqbuf,2,VIDEO_CAPTURE_MPLANE
15794.706070,v4l2_dqbuf,0,VIDEO_OUTPUT_MPLANE
15794.721578,v4l2_qbuf,0,VIDEO_OUTPUT_MPLANE
15794.721612,v4l2_qbuf,4,VIDEO_CAPTURE_MPLANE
15794.723890,v4l2_dqbuf,4,VIDEO_CAPTURE_MPLANE
15794.724017,v4l2_dqbuf,0,VIDEO_OUTPUT_MPLANE
15794.737664,v4l2_qbuf,0,VIDEO_OUTPUT_MPLANE
15794.737686,v4l2_qbuf,7,VIDEO_CAPTURE_MPLANE
15794.739535,v4l2_dqbuf,7,VIDEO_CAPTURE_MPLANE
15794.739548,v4l2_dqbuf,0,VIDEO_OUTPUT_MPLANE
15794.753682,v4l2_qbuf,0,VIDEO_OUTPUT_MPLANE
15794.753829,v4l2_qbuf,1,VIDEO_CAPTURE_MPLANE
15794.755971,v4l2_dqbuf,1,VIDEO_CAPTURE_MPLANE
15794.755983,v4l2_dqbuf,0,VIDEO_OUTPUT_MPLANE
15794.770525,v4l2_qbuf,0,VIDEO_OUTPUT_MPLANE
15794.770547,v4l2_qbuf,3,VIDEO_CAPTURE_MPLANE
15794.773745,v4l2_dqbuf,3,VIDEO_CAPTURE_MPLANE
15794.773763,v4l2_dqbuf,0,VIDEO_OUTPUT_MPLANE
15794.787122,v4l2_qbuf,0,VIDEO_OUTPUT_MPLANE
15794.787143,v4l2_qbuf,5,VIDEO_CAPTURE_MPLANE
15794.791992,v4l2_dqbuf,5,VIDEO_CAPTURE_MPLANE
15794.792022,v4l2_dqbuf,0,VIDEO_OUTPUT_MPLANE
15794.804095,v4l2_qbuf,0,VIDEO_OUTPUT_MPLANE
15794.804158,v4l2_qbuf,6,VIDEO_CAPTURE_MPLANE
15794.806387,v4l2_dqbuf,6,VIDEO_CAPTURE_MPLANE
15794.806401,v4l2_dqbuf,0,VIDEO_OUTPUT_MPLANE
15794.822017,v4l2_qbuf,0,VIDEO_OUTPUT_MPLANE
15794.822048,v4l2_qbuf,2,VIDEO_CAPTURE_MPLANE
15794.825375,v4l2_dqbuf,2,VIDEO_CAPTURE_MPLANE
15794.825421,v4l2_dqbuf,0,VIDEO_OUTPUT_MPLANE
15794.836742,v4l2_qbuf,0,VIDEO_OUTPUT_MPLANE
15794.836815,v4l2_qbuf,0,VIDEO_CAPTURE_MPLANE
15794.840103,v4l2_dqbuf,0,VIDEO_CAPTURE_MPLANE
15794.840133,v4l2_dqbuf,0,VIDEO_OUTPUT_MPLANE
15794.856424,v4l2_qbuf,0,VIDEO_OUTPUT_MPLANE
15794.856461,v4l2_qbuf,4,VIDEO_CAPTURE_MPLANE
15794.858654,v4l2_dqbuf,4,VIDEO_CAPTURE_MPLANE
15794.858677,v4l2_dqbuf,0,VIDEO_OUTPUT_MPLANE
15794.873300,v4l2_qbuf,0,VIDEO_OUTPUT_MPLANE
15794.873347,v4l2_qbuf,7,VIDEO_CAPTURE_MPLANE
15794.876467,v4l2_dqbuf,7,VIDEO_CAPTURE_MPLANE
15794.876497,v4l2_dqbuf,0,VIDEO_OUTPUT_MPLANE
15794.891763,v4l2_qbuf,0,VIDEO_OUTPUT_MPLANE
15794.891785,v4l2_qbuf,3,VIDEO_CAPTURE_MPLANE
15794.895052,v4l2_dqbuf,3,VIDEO_CAPTURE_MPLANE
15794.895072,v4l2_dqbuf,0,VIDEO_OUTPUT_MPLANE
15794.907830,v4l2_qbuf,0,VIDEO_OUTPUT_MPLANE
15794.907856,v4l2_qbuf,5,VIDEO_CAPTURE_MPLANE
15794.910116,v4l2_dqbuf,5,VIDEO_CAPTURE_MPLANE
15794.910134,v4l2_dqbuf,0,VIDEO_OUTPUT_MPLANE
15794.923303,v4l2_qbuf,0,VIDEO_OUTPUT_MPLANE
15794.923326,v4l2_qbuf,1,VIDEO_CAPTURE_MPLANE
15794.926491,v4l2_dqbuf,1,VIDEO_CAPTURE_MPLANE
15794.926508,v4l2_dqbuf,0,VIDEO_OUTPUT_MPLANE
15794.939656,v4l2_qbuf,0,VIDEO_OUTPUT_MPLANE
15794.939677,v4l2_qbuf,2,VIDEO_CAPTURE_MPLANE
15794.942963,v4l2_dqbuf,2,VIDEO_CAPTURE_MPLANE
15794.943077,v4l2_dqbuf,0,VIDEO_OUTPUT_MPLANE
15794.956664,v4l2_qbuf,0,VIDEO_OUTPUT_MPLANE
15794.956757,v4l2_qbuf,0,VIDEO_CAPTURE_MPLANE
15794.959976,v4l2_dqbuf,0,VIDEO_CAPTURE_MPLANE
15794.960028,v4l2_dqbuf,0,VIDEO_OUTPUT_MPLANE
15794.973329,v4l2_qbuf,0,VIDEO_OUTPUT_MPLANE
15794.973378,v4l2_qbuf,6,VIDEO_CAPTURE_MPLANE
15794.975759,v4l2_dqbuf,6,VIDEO_CAPTURE_MPLANE
15794.975797,v4l2_dqbuf,0,VIDEO_OUTPUT_MPLANE
15794.991720,v4l2_qbuf,0,VIDEO_OUTPUT_MPLANE
15794.991744,v4l2_qbuf,7,VIDEO_CAPTURE_MPLANE
15794.994970,v4l2_dqbuf,7,VIDEO_CAPTURE_MPLANE
15794.994993,v4l2_dqbuf,0,VIDEO_OUTPUT_MPLANE
15795.006752,v4l2_qbuf,0,VIDEO_OUTPUT_MPLANE
15795.006775,v4l2_qbuf,3,VIDEO_CAPTURE_MPLANE
15795.009838,v4l2_dqbuf,3,VIDEO_CAPTURE_MPLANE
15795.009935,v4l2_dqbuf,0,VIDEO_OUTPUT_MPLANE
15795.022889,v4l2_qbuf,0,VIDEO_OUTPUT_MPLANE
15795.022912,v4l2_qbuf,4,VIDEO_CAPTURE_MPLANE
15795.026025,v4l2_dqbuf,4,VIDEO_CAPTURE_MPLANE
15795.026042,v4l2_dqbuf,0,VIDEO_OUTPUT_MPLANE
15795.039704,v4l2_qbuf,0,VIDEO_OUTPUT_MPLANE
15795.039725,v4l2_qbuf,2,VIDEO_CAPTURE_MPLANE
15795.042017,v4l2_dqbuf,2,VIDEO_CAPTURE_MPLANE
15795.042035,v4l2_dqbuf,0,VIDEO_OUTPUT_MPLANE
15795.056276,v4l2_qbuf,0,VIDEO_OUTPUT_MPLANE
15795.056298,v4l2_qbuf,1,VIDEO_CAPTURE_MPLANE
15795.059364,v4l2_dqbuf,1,VIDEO_CAPTURE_MPLANE
15795.059379,v4l2_dqbuf,0,VIDEO_OUTPUT_MPLANE
15795.073203,v4l2_qbuf,0,VIDEO_OUTPUT_MPLANE
15795.073231,v4l2_qbuf,0,VIDEO_CAPTURE_MPLANE
15795.076544,v4l2_dqbuf,0,VIDEO_CAPTURE_MPLANE
15795.076816,v4l2_dqbuf,0,VIDEO_OUTPUT_MPLANE
15795.091726,v4l2_qbuf,0,VIDEO_OUTPUT_MPLANE
15795.091748,v4l2_qbuf,5,VIDEO_CAPTURE_MPLANE
15795.094966,v4l2_dqbuf,5,VIDEO_CAPTURE_MPLANE
15795.094982,v4l2_dqbuf,0,VIDEO_OUTPUT_MPLANE
15795.106517,v4l2_qbuf,0,VIDEO_OUTPUT_MPLANE
15795.106547,v4l2_qbuf,3,VIDEO_CAPTURE_MPLANE
15795.108653,v4l2_dqbuf,3,VIDEO_CAPTURE_MPLANE
15795.108669,v4l2_dqbuf,0,VIDEO_OUTPUT_MPLANE
15795.122999,v4l2_qbuf,0,VIDEO_OUTPUT_MPLANE
15795.123027,v4l2_qbuf,7,VIDEO_CAPTURE_MPLANE
15795.126126,v4l2_dqbuf,7,VIDEO_CAPTURE_MPLANE
15795.126146,v4l2_dqbuf,0,VIDEO_OUTPUT_MPLANE
15795.139827,v4l2_qbuf,0,VIDEO_OUTPUT_MPLANE
15795.139863,v4l2_qbuf,4,VIDEO_CAPTURE_MPLANE
15795.143212,v4l2_dqbuf,4,VIDEO_CAPTURE_MPLANE
15795.143378,v4l2_dqbuf,0,VIDEO_OUTPUT_MPLANE
15795.156322,v4l2_qbuf,0,VIDEO_OUTPUT_MPLANE
15795.156384,v4l2_qbuf,6,VIDEO_CAPTURE_MPLANE
15795.159590,v4l2_dqbuf,6,VIDEO_CAPTURE_MPLANE
15795.159604,v4l2_dqbuf,0,VIDEO_OUTPUT_MPLANE
15795.173082,v4l2_qbuf,0,VIDEO_OUTPUT_MPLANE
15795.173154,v4l2_qbuf,0,VIDEO_CAPTURE_MPLANE
15795.175464,v4l2_dqbuf,0,VIDEO_CAPTURE_MPLANE
15795.175480,v4l2_dqbuf,0,VIDEO_OUTPUT_MPLANE
15795.191148,v4l2_qbuf,0,VIDEO_OUTPUT_MPLANE
15795.191173,v4l2_qbuf,1,VIDEO_CAPTURE_MPLANE
15795.194413,v4l2_dqbuf,1,VIDEO_CAPTURE_MPLANE
15795.194430,v4l2_dqbuf,0,VIDEO_OUTPUT_MPLANE
15795.206669,v4l2_qbuf,0,VIDEO_OUTPUT_MPLANE
15795.206691,v4l2_qbuf,5,VIDEO_CAPTURE_MPLANE
15795.209791,v4l2_dqbuf,5,VIDEO_CAPTURE_MPLANE
15795.209891,v4l2_dqbuf,0,VIDEO_OUTPUT_MPLANE
15795.223236,v4l2_qbuf,0,VIDEO_OUTPUT_MPLANE
15795.223259,v4l2_qbuf,2,VIDEO_CAPTURE_MPLANE
15795.226346,v4l2_dqbuf,2,VIDEO_CAPTURE_MPLANE
15795.226360,v4l2_dqbuf,0,VIDEO_OUTPUT_MPLANE
15795.239491,v4l2_qbuf,0,VIDEO_OUTPUT_MPLANE
15795.239514,v4l2_qbuf,4,VIDEO_CAPTURE_MPLANE
15795.241661,v4l2_dqbuf,4,VIDEO_CAPTURE_MPLANE
15795.241677,v4l2_dqbuf,0,VIDEO_OUTPUT_MPLANE
15795.256340,v4l2_qbuf,0,VIDEO_OUTPUT_MPLANE
15795.256366,v4l2_qbuf,7,VIDEO_CAPTURE_MPLANE
15795.259380,v4l2_dqbuf,7,VIDEO_CAPTURE_MPLANE
15795.259395,v4l2_dqbuf,0,VIDEO_OUTPUT_MPLANE
15795.272813,v4l2_qbuf,0,VIDEO_OUTPUT_MPLANE
15795.272881,v4l2_qbuf,6,VIDEO_CAPTURE_MPLANE
15795.276213,v4l2_dqbuf,6,VIDEO_CAPTURE_MPLANE
15795.276515,v4l2_dqbuf,0,VIDEO_OUTPUT_MPLANE
15795.291215,v4l2_qbuf,0,VIDEO_OUTPUT_MPLANE
15795.291239,v4l2_qbuf,3,VIDEO_CAPTURE_MPLANE
15795.294384,v4l2_dqbuf,3,VIDEO_CAPTURE_MPLANE
15795.294401,v4l2_dqbuf,0,VIDEO_OUTPUT_MPLANE
15795.306703,v4l2_qbuf,0,VIDEO_OUTPUT_MPLANE
15795.306726,v4l2_qbuf,5,VIDEO_CAPTURE_MPLANE
15795.308957,v4l2_dqbuf,5,VIDEO_CAPTURE_MPLANE
15795.308974,v4l2_dqbuf,0,VIDEO_OUTPUT_MPLANE
15795.322982,v4l2_qbuf,0,VIDEO_OUTPUT_MPLANE
15795.323050,v4l2_qbuf,1,VIDEO_CAPTURE_MPLANE
15795.326225,v4l2_dqbuf,1,VIDEO_CAPTURE_MPLANE
15795.326243,v4l2_dqbuf,0,VIDEO_OUTPUT_MPLANE
15795.339465,v4l2_qbuf,0,VIDEO_OUTPUT_MPLANE
15795.339482,v4l2_qbuf,2,VIDEO_CAPTURE_MPLANE
15795.342649,v4l2_dqbuf,2,VIDEO_CAPTURE_MPLANE
15795.342739,v4l2_dqbuf,0,VIDEO_OUTPUT_MPLANE
15795.356217,v4l2_qbuf,0,VIDEO_OUTPUT_MPLANE
15795.356239,v4l2_qbuf,0,VIDEO_CAPTURE_MPLANE
15795.359350,v4l2_dqbuf,0,VIDEO_CAPTURE_MPLANE
15795.359365,v4l2_dqbuf,0,VIDEO_OUTPUT_MPLANE
15795.374637,v4l2_qbuf,0,VIDEO_OUTPUT_MPLANE
15795.374712,v4l2_qbuf,6,VIDEO_CAPTURE_MPLANE
15795.376918,v4l2_dqbuf,6,VIDEO_CAPTURE_MPLANE
15795.376938,v4l2_dqbuf,0,VIDEO_OUTPUT_MPLANE
15795.390031,v4l2_qbuf,0,VIDEO_OUTPUT_MPLANE
15795.390111,v4l2_qbuf,7,VIDEO_CAPTURE_MPLANE
15795.393447,v4l2_dqbuf,7,VIDEO_CAPTURE_MPLANE
15795.393468,v4l2_dqbuf,0,VIDEO_OUTPUT_MPLANE
15795.406659,v4l2_qbuf,0,VIDEO_OUTPUT_MPLANE
15795.406679,v4l2_qbuf,3,VIDEO_CAPTURE_MPLANE
15795.409914,v4l2_dqbuf,3,VIDEO_CAPTURE_MPLANE
15795.410026,v4l2_dqbuf,0,VIDEO_OUTPUT_MPLANE
15795.422917,v4l2_qbuf,0,VIDEO_OUTPUT_MPLANE
15795.422934,v4l2_qbuf,4,VIDEO_CAPTURE_MPLANE
15795.426096,v4l2_dqbuf,4,VIDEO_CAPTURE_MPLANE
15795.426107,v4l2_dqbuf,0,VIDEO_OUTPUT_MPLANE
15795.439876,v4l2_qbuf,0,VIDEO_OUTPUT_MPLANE
15795.439911,v4l2_qbuf,2,VIDEO_CAPTURE_MPLANE
15795.442079,v4l2_dqbuf,2,VIDEO_CAPTURE_MPLANE
15795.442095,v4l2_dqbuf,0,VIDEO_OUTPUT_MPLANE
15795.458750,v4l2_qbuf,0,VIDEO_OUTPUT_MPLANE
15795.458785,v4l2_qbuf,1,VIDEO_CAPTURE_MPLANE
15795.461967,v4l2_dqbuf,1,VIDEO_CAPTURE_MPLANE
15795.461985,v4l2_dqbuf,0,VIDEO_OUTPUT_MPLANE
15795.473373,v4l2_qbuf,0,VIDEO_OUTPUT_MPLANE
15795.473396,v4l2_qbuf,0,VIDEO_CAPTURE_MPLANE
15795.476628,v4l2_dqbuf,0,VIDEO_CAPTURE_MPLANE
15795.476741,v4l2_dqbuf,0,VIDEO_OUTPUT_MPLANE
15795.491594,v4l2_qbuf,0,VIDEO_OUTPUT_MPLANE
15795.491618,v4l2_qbuf,5,VIDEO_CAPTURE_MPLANE
15795.494734,v4l2_dqbuf,5,VIDEO_CAPTURE_MPLANE
15795.494748,v4l2_dqbuf,0,VIDEO_OUTPUT_MPLANE
15795.508254,v4l2_qbuf,0,VIDEO_OUTPUT_MPLANE
15795.508269,v4l2_qbuf,3,VIDEO_CAPTURE_MPLANE
15795.510426,v4l2_dqbuf,3,VIDEO_CAPTURE_MPLANE
15795.510440,v4l2_dqbuf,0,VIDEO_OUTPUT_MPLANE
15795.524940,v4l2_qbuf,0,VIDEO_OUTPUT_MPLANE
15795.524959,v4l2_qbuf,7,VIDEO_CAPTURE_MPLANE
15795.527938,v4l2_dqbuf,7,VIDEO_CAPTURE_MPLANE
15795.527950,v4l2_dqbuf,0,VIDEO_OUTPUT_MPLANE
15795.542298,v4l2_qbuf,0,VIDEO_OUTPUT_MPLANE
15795.542342,v4l2_qbuf,4,VIDEO_CAPTURE_MPLANE
15795.545665,v4l2_dqbuf,4,VIDEO_CAPTURE_MPLANE
15795.545769,v4l2_dqbuf,0,VIDEO_OUTPUT_MPLANE
15795.559324,v4l2_qbuf,0,VIDEO_OUTPUT_MPLANE
15795.559400,v4l2_qbuf,6,VIDEO_CAPTURE_MPLANE
15795.562723,v4l2_dqbuf,6,VIDEO_CAPTURE_MPLANE
15795.562736,v4l2_dqbuf,0,VIDEO_OUTPUT_MPLANE
15795.575177,v4l2_qbuf,0,VIDEO_OUTPUT_MPLANE
15795.575208,v4l2_qbuf,0,VIDEO_CAPTURE_MPLANE
15795.577355,v4l2_dqbuf,0,VIDEO_CAPTURE_MPLANE
15795.577369,v4l2_dqbuf,0,VIDEO_OUTPUT_MPLANE
15795.592216,v4l2_qbuf,0,VIDEO_OUTPUT_MPLANE
15795.592299,v4l2_qbuf,1,VIDEO_CAPTURE_MPLANE
15795.597385,v4l2_dqbuf,1,VIDEO_CAPTURE_MPLANE
15795.597406,v4l2_dqbuf,0,VIDEO_OUTPUT_MPLANE
15795.608412,v4l2_qbuf,0,VIDEO_OUTPUT_MPLANE
15795.608434,v4l2_qbuf,5,VIDEO_CAPTURE_MPLANE
15795.611548,v4l2_dqbuf,5,VIDEO_CAPTURE_MPLANE
15795.611650,v4l2_dqbuf,0,VIDEO_OUTPUT_MPLANE
15795.625184,v4l2_qbuf,0,VIDEO_OUTPUT_MPLANE
15795.625206,v4l2_qbuf,2,VIDEO_CAPTURE_MPLANE
15795.628459,v4l2_dqbuf,2,VIDEO_CAPTURE_MPLANE
15795.628473,v4l2_dqbuf,0,VIDEO_OUTPUT_MPLANE
15795.641571,v4l2_qbuf,0,VIDEO_OUTPUT_MPLANE
15795.641591,v4l2_qbuf,4,VIDEO_CAPTURE_MPLANE
15795.643691,v4l2_dqbuf,4,VIDEO_CAPTURE_MPLANE
15795.643701,v4l2_dqbuf,0,VIDEO_OUTPUT_MPLANE
15795.658191,v4l2_qbuf,0,VIDEO_OUTPUT_MPLANE
15795.658211,v4l2_qbuf,7,VIDEO_CAPTURE_MPLANE
15795.661360,v4l2_dqbuf,7,VIDEO_CAPTURE_MPLANE
15795.661372,v4l2_dqbuf,0,VIDEO_OUTPUT_MPLANE
15795.675325,v4l2_qbuf,0,VIDEO_OUTPUT_MPLANE
15795.675361,v4l2_qbuf,6,VIDEO_CAPTURE_MPLANE
15795.678528,v4l2_dqbuf,6,VIDEO_CAPTURE_MPLANE
15795.678659,v4l2_dqbuf,0,VIDEO_OUTPUT_MPLANE
15795.691734,v4l2_qbuf,0,VIDEO_OUTPUT_MPLANE
15795.691756,v4l2_qbuf,3,VIDEO_CAPTURE_MPLANE
15795.694838,v4l2_dqbuf,3,VIDEO_CAPTURE_MPLANE
15795.694867,v4l2_dqbuf,0,VIDEO_OUTPUT_MPLANE
15795.708632,v4l2_qbuf,0,VIDEO_OUTPUT_MPLANE
15795.708651,v4l2_qbuf,5,VIDEO_CAPTURE_MPLANE
15795.712042,v4l2_dqbuf,5,VIDEO_CAPTURE_MPLANE
15795.712056,v4l2_dqbuf,0,VIDEO_OUTPUT_MPLANE
15795.726757,v4l2_qbuf,0,VIDEO_OUTPUT_MPLANE
15795.726778,v4l2_qbuf,1,VIDEO_CAPTURE_MPLANE
15795.730010,v4l2_dqbuf,1,VIDEO_CAPTURE_MPLANE
15795.730178,v4l2_dqbuf,0,VIDEO_OUTPUT_MPLANE
15795.741871,v4l2_qbuf,0,VIDEO_OUTPUT_MPLANE
15795.741888,v4l2_qbuf,2,VIDEO_CAPTURE_MPLANE
15795.743914,v4l2_dqbuf,2,VIDEO_CAPTURE_MPLANE
15795.743944,v4l2_dqbuf,0,VIDEO_OUTPUT_MPLANE
15795.758603,v4l2_qbuf,0,VIDEO_OUTPUT_MPLANE
15795.758627,v4l2_qbuf,0,VIDEO_CAPTURE_MPLANE
15795.760811,v4l2_dqbuf,0,VIDEO_CAPTURE_MPLANE
15795.760823,v4l2_dqbuf,0,VIDEO_OUTPUT_MPLANE
15795.778305,v4l2_qbuf,0,VIDEO_OUTPUT_MPLANE
15795.778339,v4l2_qbuf,6,VIDEO_CAPTURE_MPLANE
15795.781658,v4l2_dqbuf,6,VIDEO_CAPTURE_MPLANE
15795.781672,v4l2_dqbuf,0,VIDEO_OUTPUT_MPLANE
15795.792120,v4l2_qbuf,0,VIDEO_OUTPUT_MPLANE
15795.792144,v4l2_qbuf,7,VIDEO_CAPTURE_MPLANE
15795.795394,v4l2_dqbuf,7,VIDEO_CAPTURE_MPLANE
15795.795523,v4l2_dqbuf,0,VIDEO_OUTPUT_MPLANE
15795.808615,v4l2_qbuf,0,VIDEO_OUTPUT_MPLANE
15795.808635,v4l2_qbuf,3,VIDEO_CAPTURE_MPLANE
15795.811782,v4l2_dqbuf,3,VIDEO_CAPTURE_MPLANE
15795.811797,v4l2_dqbuf,0,VIDEO_OUTPUT_MPLANE
15795.824949,v4l2_qbuf,0,VIDEO_OUTPUT_MPLANE
15795.824970,v4l2_qbuf,4,VIDEO_CAPTURE_MPLANE
15795.827194,v4l2_dqbuf,4,VIDEO_CAPTURE_MPLANE
15795.827207,v4l2_dqbuf,0,VIDEO_OUTPUT_MPLANE
15795.841639,v4l2_qbuf,0,VIDEO_OUTPUT_MPLANE
15795.841660,v4l2_qbuf,1,VIDEO_CAPTURE_MPLANE
15795.844866,v4l2_dqbuf,1,VIDEO_CAPTURE_MPLANE
15795.844898,v4l2_dqbuf,0,VIDEO_OUTPUT_MPLANE
15795.858799,v4l2_qbuf,0,VIDEO_OUTPUT_MPLANE
15795.858835,v4l2_qbuf,5,VIDEO_CAPTURE_MPLANE
15795.862183,v4l2_dqbuf,5,VIDEO_CAPTURE_MPLANE
15795.862391,v4l2_dqbuf,0,VIDEO_OUTPUT_MPLANE
15795.876270,v4l2_qbuf,0,VIDEO_OUTPUT_MPLANE
15795.876298,v4l2_qbuf,2,VIDEO_CAPTURE_MPLANE
15795.879573,v4l2_dqbuf,2,VIDEO_CAPTURE_MPLANE
15795.879611,v4l2_dqbuf,0,VIDEO_OUTPUT_MPLANE
15795.891849,v4l2_qbuf,0,VIDEO_OUTPUT_MPLANE
15795.891871,v4l2_qbuf,7,VIDEO_CAPTURE_MPLANE
15795.894086,v4l2_dqbuf,7,VIDEO_CAPTURE_MPLANE
15795.894104,v4l2_dqbuf,0,VIDEO_OUTPUT_MPLANE
15795.908729,v4l2_qbuf,0,VIDEO_OUTPUT_MPLANE
15795.908752,v4l2_qbuf,6,VIDEO_CAPTURE_MPLANE
15795.912017,v4l2_dqbuf,6,VIDEO_CAPTURE_MPLANE
15795.912038,v4l2_dqbuf,0,VIDEO_OUTPUT_MPLANE
15795.925328,v4l2_qbuf,0,VIDEO_OUTPUT_MPLANE
15795.925361,v4l2_qbuf,3,VIDEO_CAPTURE_MPLANE
15795.928730,v4l2_dqbuf,3,VIDEO_CAPTURE_MPLANE
15795.928900,v4l2_dqbuf,0,VIDEO_OUTPUT_MPLANE
15795.941531,v4l2_qbuf,0,VIDEO_OUTPUT_MPLANE
15795.941560,v4l2_qbuf,0,VIDEO_CAPTURE_MPLANE
15795.944836,v4l2_dqbuf,0,VIDEO_CAPTURE_MPLANE
15795.944852,v4l2_dqbuf,0,VIDEO_OUTPUT_MPLANE
15795.958394,v4l2_qbuf,0,VIDEO_OUTPUT_MPLANE
15795.958416,v4l2_qbuf,5,VIDEO_CAPTURE_MPLANE
15795.960582,v4l2_dqbuf,5,VIDEO_CAPTURE_MPLANE
15795.960609,v4l2_dqbuf,0,VIDEO_OUTPUT_MPLANE
15795.977137,v4l2_qbuf,0,VIDEO_OUTPUT_MPLANE
15795.977177,v4l2_qbuf,1,VIDEO_CAPTURE_MPLANE
15795.980504,v4l2_dqbuf,1,VIDEO_CAPTURE_MPLANE
15795.980550,v4l2_dqbuf,0,VIDEO_OUTPUT_MPLANE
15795.992530,v4l2_qbuf,0,VIDEO_OUTPUT_MPLANE
15795.992560,v4l2_qbuf,2,VIDEO_CAPTURE_MPLANE
15795.995798,v4l2_dqbuf,2,VIDEO_CAPTURE_MPLANE
15795.995896,v4l2_dqbuf,0,VIDEO_OUTPUT_MPLANE
15796.008503,v4l2_qbuf,0,VIDEO_OUTPUT_MPLANE
15796.008521,v4l2_qbuf,4,VIDEO_CAPTURE_MPLANE
15796.011888,v4l2_dqbuf,4,VIDEO_CAPTURE_MPLANE
15796.011905,v4l2_dqbuf,0,VIDEO_OUTPUT_MPLANE
15796.025055,v4l2_qbuf,0,VIDEO_OUTPUT_MPLANE
15796.025185,v4l2_qbuf,3,VIDEO_CAPTURE_MPLANE
15796.027386,v4l2_dqbuf,3,VIDEO_CAPTURE_MPLANE
15796.027401,v4l2_dqbuf,0,VIDEO_OUTPUT_MPLANE
15796.041825,v4l2_qbuf,0,VIDEO_OUTPUT_MPLANE
15796.041849,v4l2_qbuf,6,VIDEO_CAPTURE_MPLANE
15796.045178,v4l2_dqbuf,6,VIDEO_CAPTURE_MPLANE
15796.045217,v4l2_dqbuf,0,VIDEO_OUTPUT_MPLANE
15796.058770,v4l2_qbuf,0,VIDEO_OUTPUT_MPLANE
15796.058809,v4l2_qbuf,0,VIDEO_CAPTURE_MPLANE
15796.062094,v4l2_dqbuf,0,VIDEO_CAPTURE_MPLANE
15796.062240,v4l2_dqbuf,0,VIDEO_OUTPUT_MPLANE
15796.076724,v4l2_qbuf,0,VIDEO_OUTPUT_MPLANE
15796.076753,v4l2_qbuf,7,VIDEO_CAPTURE_MPLANE
15796.079912,v4l2_dqbuf,7,VIDEO_CAPTURE_MPLANE
15796.079928,v4l2_dqbuf,0,VIDEO_OUTPUT_MPLANE
15796.092530,v4l2_qbuf,0,VIDEO_OUTPUT_MPLANE
15796.092553,v4l2_qbuf,2,VIDEO_CAPTURE_MPLANE
15796.094663,v4l2_dqbuf,2,VIDEO_CAPTURE_MPLANE
15796.094678,v4l2_dqbuf,0,VIDEO_OUTPUT_MPLANE
15796.108308,v4l2_qbuf,0,VIDEO_OUTPUT_MPLANE
15796.108331,v4l2_qbuf,1,VIDEO_CAPTURE_MPLANE
15796.111523,v4l2_dqbuf,1,VIDEO_CAPTURE_MPLANE
15796.111539,v4l2_dqbuf,0,VIDEO_OUTPUT_MPLANE
15796.125421,v4l2_qbuf,0,VIDEO_OUTPUT_MPLANE
15796.125442,v4l2_qbuf,4,VIDEO_CAPTURE_MPLANE
15796.128768,v4l2_dqbuf,4,VIDEO_CAPTURE_MPLANE
15796.128978,v4l2_dqbuf,0,VIDEO_OUTPUT_MPLANE
15796.142447,v4l2_qbuf,0,VIDEO_OUTPUT_MPLANE
15796.142469,v4l2_qbuf,5,VIDEO_CAPTURE_MPLANE
15796.145774,v4l2_dqbuf,5,VIDEO_CAPTURE_MPLANE
15796.145788,v4l2_dqbuf,0,VIDEO_OUTPUT_MPLANE
15796.158656,v4l2_qbuf,0,VIDEO_OUTPUT_MPLANE
15796.158677,v4l2_qbuf,0,VIDEO_CAPTURE_MPLANE
15796.160911,v4l2_dqbuf,0,VIDEO_CAPTURE_MPLANE
15796.160927,v4l2_dqbuf,0,VIDEO_OUTPUT_MPLANE
15796.176016,v4l2_qbuf,0,VIDEO_OUTPUT_MPLANE
15796.176039,v4l2_qbuf,6,VIDEO_CAPTURE_MPLANE
15796.179181,v4l2_dqbuf,6,VIDEO_CAPTURE_MPLANE
15796.179199,v4l2_dqbuf,0,VIDEO_OUTPUT_MPLANE
15796.191816,v4l2_qbuf,0,VIDEO_OUTPUT_MPLANE
15796.191850,v4l2_qbuf,7,VIDEO_CAPTURE_MPLANE
15796.194991,v4l2_dqbuf,7,VIDEO_CAPTURE_MPLANE
15796.195097,v4l2_dqbuf,0,VIDEO_OUTPUT_MPLANE
15796.208637,v4l2_qbuf,0,VIDEO_OUTPUT_MPLANE
15796.208659,v4l2_qbuf,3,VIDEO_CAPTURE_MPLANE
15796.211858,v4l2_dqbuf,3,VIDEO_CAPTURE_MPLANE
15796.211875,v4l2_dqbuf,0,VIDEO_OUTPUT_MPLANE
15796.225680,v4l2_qbuf,0,VIDEO_OUTPUT_MPLANE
15796.225731,v4l2_qbuf,4,VIDEO_CAPTURE_MPLANE
15796.228044,v4l2_dqbuf,4,VIDEO_CAPTURE_MPLANE
15796.228072,v4l2_dqbuf,0,VIDEO_OUTPUT_MPLANE
15796.242089,v4l2_qbuf,0,VIDEO_OUTPUT_MPLANE
15796.242125,v4l2_qbuf,1,VIDEO_CAPTURE_MPLANE
15796.245439,v4l2_dqbuf,1,VIDEO_CAPTURE_MPLANE
15796.245472,v4l2_dqbuf,0,VIDEO_OUTPUT_MPLANE
15796.258353,v4l2_qbuf,0,VIDEO_OUTPUT_MPLANE
15796.258375,v4l2_qbuf,5,VIDEO_CAPTURE_MPLANE
15796.261462,v4l2_dqbuf,5,VIDEO_CAPTURE_MPLANE
15796.261542,v4l2_dqbuf,0,VIDEO_OUTPUT_MPLANE
15796.277535,v4l2_qbuf,0,VIDEO_OUTPUT_MPLANE
15796.277559,v4l2_qbuf,2,VIDEO_CAPTURE_MPLANE
15796.280739,v4l2_dqbuf,2,VIDEO_CAPTURE_MPLANE
15796.280755,v4l2_dqbuf,0,VIDEO_OUTPUT_MPLANE
15796.291962,v4l2_qbuf,0,VIDEO_OUTPUT_MPLANE
15796.291994,v4l2_qbuf,7,VIDEO_CAPTURE_MPLANE
15796.294234,v4l2_dqbuf,7,VIDEO_CAPTURE_MPLANE
15796.294253,v4l2_dqbuf,0,VIDEO_OUTPUT_MPLANE
15796.308655,v4l2_qbuf,0,VIDEO_OUTPUT_MPLANE
15796.308676,v4l2_qbuf,6,VIDEO_CAPTURE_MPLANE
15796.312024,v4l2_dqbuf,6,VIDEO_CAPTURE_MPLANE
15796.312048,v4l2_dqbuf,0,VIDEO_OUTPUT_MPLANE
15796.325131,v4l2_qbuf,0,VIDEO_OUTPUT_MPLANE
15796.325150,v4l2_qbuf,3,VIDEO_CAPTURE_MPLANE
15796.328236,v4l2_dqbuf,3,VIDEO_CAPTURE_MPLANE
15796.328427,v4l2_dqbuf,0,VIDEO_OUTPUT_MPLANE
15796.342112,v4l2_qbuf,0,VIDEO_OUTPUT_MPLANE
15796.342146,v4l2_qbuf,0,VIDEO_CAPTURE_MPLANE
15796.345479,v4l2_dqbuf,0,VIDEO_CAPTURE_MPLANE
15796.345493,v4l2_dqbuf,0,VIDEO_OUTPUT_MPLANE
15796.358564,v4l2_qbuf,0,VIDEO_OUTPUT_MPLANE
15796.358586,v4l2_qbuf,5,VIDEO_CAPTURE_MPLANE
15796.360801,v4l2_dqbuf,5,VIDEO_CAPTURE_MPLANE
15796.360816,v4l2_dqbuf,0,VIDEO_OUTPUT_MPLANE
15796.376986,v4l2_qbuf,0,VIDEO_OUTPUT_MPLANE
15796.377020,v4l2_qbuf,1,VIDEO_CAPTURE_MPLANE
15796.380562,v4l2_dqbuf,1,VIDEO_CAPTURE_MPLANE
15796.380580,v4l2_dqbuf,0,VIDEO_OUTPUT_MPLANE
15796.391872,v4l2_qbuf,0,VIDEO_OUTPUT_MPLANE
15796.391896,v4l2_qbuf,2,VIDEO_CAPTURE_MPLANE
15796.395104,v4l2_dqbuf,2,VIDEO_CAPTURE_MPLANE
15796.395205,v4l2_dqbuf,0,VIDEO_OUTPUT_MPLANE
15796.408620,v4l2_qbuf,0,VIDEO_OUTPUT_MPLANE
15796.408640,v4l2_qbuf,4,VIDEO_CAPTURE_MPLANE
15796.411758,v4l2_dqbuf,4,VIDEO_CAPTURE_MPLANE
15796.411770,v4l2_dqbuf,0,VIDEO_OUTPUT_MPLANE
15796.425131,v4l2_qbuf,0,VIDEO_OUTPUT_MPLANE
15796.425152,v4l2_qbuf,3,VIDEO_CAPTURE_MPLANE
15796.427359,v4l2_dqbuf,3,VIDEO_CAPTURE_MPLANE
15796.427377,v4l2_dqbuf,0,VIDEO_OUTPUT_MPLANE
15796.442066,v4l2_qbuf,0,VIDEO_OUTPUT_MPLANE
15796.442089,v4l2_qbuf,6,VIDEO_CAPTURE_MPLANE
15796.445371,v4l2_dqbuf,6,VIDEO_CAPTURE_MPLANE
15796.445389,v4l2_dqbuf,0,VIDEO_OUTPUT_MPLANE
15796.458505,v4l2_qbuf,0,VIDEO_OUTPUT_MPLANE
15796.458547,v4l2_qbuf,0,VIDEO_CAPTURE_MPLANE
15796.461710,v4l2_dqbuf,0,VIDEO_CAPTURE_MPLANE
15796.461887,v4l2_dqbuf,0,VIDEO_OUTPUT_MPLANE
15796.475344,v4l2_qbuf,0,VIDEO_OUTPUT_MPLANE
15796.475391,v4l2_qbuf,7,VIDEO_CAPTURE_MPLANE
15796.478599,v4l2_dqbuf,7,VIDEO_CAPTURE_MPLANE
15796.478612,v4l2_dqbuf,0,VIDEO_OUTPUT_MPLANE
15796.492844,v4l2_qbuf,0,VIDEO_OUTPUT_MPLANE
15796.492863,v4l2_qbuf,2,VIDEO_CAPTURE_MPLANE
15796.495165,v4l2_dqbuf,2,VIDEO_CAPTURE_MPLANE
15796.495184,v4l2_dqbuf,0,VIDEO_OUTPUT_MPLANE
15796.508557,v4l2_qbuf,0,VIDEO_OUTPUT_MPLANE
15796.508578,v4l2_qbuf,1,VIDEO_CAPTURE_MPLANE
15796.512155,v4l2_dqbuf,1,VIDEO_CAPTURE_MPLANE
15796.512181,v4l2_dqbuf,0,VIDEO_OUTPUT_MPLANE
15796.525231,v4l2_qbuf,0,VIDEO_OUTPUT_MPLANE
15796.525259,v4l2_qbuf,4,VIDEO_CAPTURE_MPLANE
15796.528520,v4l2_dqbuf,4,VIDEO_CAPTURE_MPLANE
15796.528696,v4l2_dqbuf,0,VIDEO_OUTPUT_MPLANE
15796.541482,v4l2_qbuf,0,VIDEO_OUTPUT_MPLANE
15796.541504,v4l2_qbuf,5,VIDEO_CAPTURE_MPLANE
15796.544940,v4l2_dqbuf,5,VIDEO_CAPTURE_MPLANE
15796.544977,v4l2_dqbuf,0,VIDEO_OUTPUT_MPLANE
15796.558686,v4l2_qbuf,0,VIDEO_OUTPUT_MPLANE
15796.558743,v4l2_qbuf,0,VIDEO_CAPTURE_MPLANE
15796.561018,v4l2_dqbuf,0,VIDEO_CAPTURE_MPLANE
15796.561052,v4l2_dqbuf,0,VIDEO_OUTPUT_MPLANE
15796.575166,v4l2_qbuf,0,VIDEO_OUTPUT_MPLANE
15796.575197,v4l2_qbuf,6,VIDEO_CAPTURE_MPLANE
15796.578596,v4l2_dqbuf,6,VIDEO_CAPTURE_MPLANE
15796.578633,v4l2_dqbuf,0,VIDEO_OUTPUT_MPLANE
15796.591635,v4l2_qbuf,0,VIDEO_OUTPUT_MPLANE
15796.591654,v4l2_qbuf,7,VIDEO_CAPTURE_MPLANE
15796.594841,v4l2_dqbuf,7,VIDEO_CAPTURE_MPLANE
15796.594932,v4l2_dqbuf,0,VIDEO_OUTPUT_MPLANE
15796.608371,v4l2_qbuf,0,VIDEO_OUTPUT_MPLANE
15796.608391,v4l2_qbuf,3,VIDEO_CAPTURE_MPLANE
15796.611688,v4l2_dqbuf,3,VIDEO_CAPTURE_MPLANE
15796.611713,v4l2_dqbuf,0,VIDEO_OUTPUT_MPLANE
15796.624759,v4l2_qbuf,0,VIDEO_OUTPUT_MPLANE
15796.624781,v4l2_qbuf,4,VIDEO_CAPTURE_MPLANE
15796.626843,v4l2_dqbuf,4,VIDEO_CAPTURE_MPLANE
15796.626856,v4l2_dqbuf,0,VIDEO_OUTPUT_MPLANE
15796.642366,v4l2_qbuf,0,VIDEO_OUTPUT_MPLANE
15796.642384,v4l2_qbuf,1,VIDEO_CAPTURE_MPLANE
15796.645596,v4l2_dqbuf,1,VIDEO_CAPTURE_MPLANE
15796.645616,v4l2_dqbuf,0,VIDEO_OUTPUT_MPLANE
15796.658139,v4l2_qbuf,0,VIDEO_OUTPUT_MPLANE
15796.658155,v4l2_qbuf,5,VIDEO_CAPTURE_MPLANE
15796.661486,v4l2_dqbuf,5,VIDEO_CAPTURE_MPLANE
15796.661581,v4l2_dqbuf,0,VIDEO_OUTPUT_MPLANE
15796.675159,v4l2_qbuf,0,VIDEO_OUTPUT_MPLANE
15796.675176,v4l2_qbuf,2,VIDEO_CAPTURE_MPLANE
15796.678495,v4l2_dqbuf,2,VIDEO_CAPTURE_MPLANE
15796.678525,v4l2_dqbuf,0,VIDEO_OUTPUT_MPLANE
15796.691783,v4l2_qbuf,0,VIDEO_OUTPUT_MPLANE
15796.691802,v4l2_qbuf,7,VIDEO_CAPTURE_MPLANE
15796.693949,v4l2_dqbuf,7,VIDEO_CAPTURE_MPLANE
15796.693987,v4l2_dqbuf,0,VIDEO_OUTPUT_MPLANE
15796.708700,v4l2_qbuf,0,VIDEO_OUTPUT_MPLANE
15796.708723,v4l2_qbuf,6,VIDEO_CAPTURE_MPLANE
15796.712047,v4l2_dqbuf,6,VIDEO_CAPTURE_MPLANE
15796.712064,v4l2_dqbuf,0,VIDEO_OUTPUT_MPLANE
15796.726119,v4l2_qbuf,0,VIDEO_OUTPUT_MPLANE
15796.726148,v4l2_qbuf,3,VIDEO_CAPTURE_MPLANE
15796.729726,v4l2_dqbuf,3,VIDEO_CAPTURE_MPLANE
15796.730158,v4l2_dqbuf,0,VIDEO_OUTPUT_MPLANE
15796.742249,v4l2_qbuf,0,VIDEO_OUTPUT_MPLANE
15796.742271,v4l2_qbuf,0,VIDEO_CAPTURE_MPLANE
15796.744217,v4l2_dqbuf,0,VIDEO_CAPTURE_MPLANE
15796.744247,v4l2_dqbuf,0,VIDEO_OUTPUT_MPLANE
15796.758731,v4l2_qbuf,0,VIDEO_OUTPUT_MPLANE
15796.758766,v4l2_qbuf,5,VIDEO_CAPTURE_MPLANE
15796.760920,v4l2_dqbuf,5,VIDEO_CAPTURE_MPLANE
15796.760932,v4l2_dqbuf,0,VIDEO_OUTPUT_MPLANE
15796.775166,v4l2_qbuf,0,VIDEO_OUTPUT_MPLANE
15796.775185,v4l2_qbuf,1,VIDEO_CAPTURE_MPLANE
15796.778372,v4l2_dqbuf,1,VIDEO_CAPTURE_MPLANE
15796.778387,v4l2_dqbuf,0,VIDEO_OUTPUT_MPLANE
15796.791740,v4l2_qbuf,0,VIDEO_OUTPUT_MPLANE
15796.791757,v4l2_qbuf,2,VIDEO_CAPTURE_MPLANE
15796.794971,v4l2_dqbuf,2,VIDEO_CAPTURE_MPLANE
15796.795047,v4l2_dqbuf,0,VIDEO_OUTPUT_MPLANE
15796.808796,v4l2_qbuf,0,VIDEO_OUTPUT_MPLANE
15796.808829,v4l2_qbuf,4,VIDEO_CAPTURE_MPLANE
15796.811899,v4l2_dqbuf,4,VIDEO_CAPTURE_MPLANE
15796.811925,v4l2_dqbuf,0,VIDEO_OUTPUT_MPLANE
15796.825055,v4l2_qbuf,0,VIDEO_OUTPUT_MPLANE
15796.825109,v4l2_qbuf,6,VIDEO_CAPTURE_MPLANE
15796.827252,v4l2_dqbuf,6,VIDEO_CAPTURE_MPLANE
15796.827265,v4l2_dqbuf,0,VIDEO_OUTPUT_MPLANE
15796.841766,v4l2_qbuf,0,VIDEO_OUTPUT_MPLANE
15796.841787,v4l2_qbuf,3,VIDEO_CAPTURE_MPLANE
15796.845027,v4l2_dqbuf,3,VIDEO_CAPTURE_MPLANE
15796.845056,v4l2_dqbuf,0,VIDEO_OUTPUT_MPLANE
15796.860841,v4l2_qbuf,0,VIDEO_OUTPUT_MPLANE
15796.860868,v4l2_qbuf,7,VIDEO_CAPTURE_MPLANE
15796.864169,v4l2_dqbuf,7,VIDEO_CAPTURE_MPLANE
15796.864282,v4l2_dqbuf,0,VIDEO_OUTPUT_MPLANE
15796.875241,v4l2_qbuf,0,VIDEO_OUTPUT_MPLANE
15796.875266,v4l2_qbuf,0,VIDEO_CAPTURE_MPLANE
15796.879148,v4l2_dqbuf,0,VIDEO_CAPTURE_MPLANE
15796.879259,v4l2_dqbuf,0,VIDEO_OUTPUT_MPLANE
15796.891917,v4l2_qbuf,0,VIDEO_OUTPUT_MPLANE
15796.891962,v4l2_qbuf,2,VIDEO_CAPTURE_MPLANE
15796.894289,v4l2_dqbuf,2,VIDEO_CAPTURE_MPLANE
15796.894302,v4l2_dqbuf,0,VIDEO_OUTPUT_MPLANE
15796.908933,v4l2_qbuf,0,VIDEO_OUTPUT_MPLANE
15796.908998,v4l2_qbuf,1,VIDEO_CAPTURE_MPLANE
15796.912362,v4l2_dqbuf,1,VIDEO_CAPTURE_MPLANE
15796.912434,v4l2_dqbuf,0,VIDEO_OUTPUT_MPLANE
15796.929176,v4l2_qbuf,0,VIDEO_OUTPUT_MPLANE
15796.929193,v4l2_qbuf,4,VIDEO_CAPTURE_MPLANE
15796.932474,v4l2_dqbuf,4,VIDEO_CAPTURE_MPLANE
15796.932661,v4l2_dqbuf,0,VIDEO_OUTPUT_MPLANE
15796.941865,v4l2_qbuf,0,VIDEO_OUTPUT_MPLANE
15796.941890,v4l2_qbuf,5,VIDEO_CAPTURE_MPLANE
15796.944911,v4l2_dqbuf,5,VIDEO_CAPTURE_MPLANE
15796.944927,v4l2_dqbuf,0,VIDEO_OUTPUT_MPLANE
15796.958672,v4l2_qbuf,0,VIDEO_OUTPUT_MPLANE
15796.958694,v4l2_qbuf,7,VIDEO_CAPTURE_MPLANE
15796.960865,v4l2_dqbuf,7,VIDEO_CAPTURE_MPLANE
15796.960881,v4l2_dqbuf,0,VIDEO_OUTPUT_MPLANE
15796.975366,v4l2_qbuf,0,VIDEO_OUTPUT_MPLANE
15796.975394,v4l2_qbuf,3,VIDEO_CAPTURE_MPLANE
15796.978659,v4l2_dqbuf,3,VIDEO_CAPTURE_MPLANE
15796.978676,v4l2_dqbuf,0,VIDEO_OUTPUT_MPLANE
15796.991591,v4l2_qbuf,0,VIDEO_OUTPUT_MPLANE
15796.991621,v4l2_qbuf,0,VIDEO_CAPTURE_MPLANE
15796.995167,v4l2_dqbuf,0,VIDEO_CAPTURE_MPLANE
15796.995394,v4l2_dqbuf,0,VIDEO_OUTPUT_MPLANE
15797.008843,v4l2_qbuf,0,VIDEO_OUTPUT_MPLANE
15797.008864,v4l2_qbuf,6,VIDEO_CAPTURE_MPLANE
15797.012202,v4l2_dqbuf,6,VIDEO_CAPTURE_MPLANE
15797.012217,v4l2_dqbuf,0,VIDEO_OUTPUT_MPLANE
15797.026304,v4l2_qbuf,0,VIDEO_OUTPUT_MPLANE
15797.026335,v4l2_qbuf,4,VIDEO_CAPTURE_MPLANE
15797.028781,v4l2_dqbuf,4,VIDEO_CAPTURE_MPLANE
15797.028817,v4l2_dqbuf,0,VIDEO_OUTPUT_MPLANE
15797.042198,v4l2_qbuf,0,VIDEO_OUTPUT_MPLANE
15797.042220,v4l2_qbuf,1,VIDEO_CAPTURE_MPLANE
15797.045580,v4l2_dqbuf,1,VIDEO_CAPTURE_MPLANE
15797.045599,v4l2_dqbuf,0,VIDEO_OUTPUT_MPLANE
15797.058420,v4l2_qbuf,0,VIDEO_OUTPUT_MPLANE
15797.058442,v4l2_qbuf,5,VIDEO_CAPTURE_MPLANE
15797.061624,v4l2_dqbuf,5,VIDEO_CAPTURE_MPLANE
15797.061719,v4l2_dqbuf,0,VIDEO_OUTPUT_MPLANE
15797.074853,v4l2_qbuf,0,VIDEO_OUTPUT_MPLANE
15797.074869,v4l2_qbuf,2,VIDEO_CAPTURE_MPLANE
15797.078100,v4l2_dqbuf,2,VIDEO_CAPTURE_MPLANE
15797.078116,v4l2_dqbuf,0,VIDEO_OUTPUT_MPLANE
15797.092089,v4l2_qbuf,0,VIDEO_OUTPUT_MPLANE
15797.092126,v4l2_qbuf,0,VIDEO_CAPTURE_MPLANE
15797.094635,v4l2_dqbuf,0,VIDEO_CAPTURE_MPLANE
15797.094670,v4l2_dqbuf,0,VIDEO_OUTPUT_MPLANE
15797.108471,v4l2_qbuf,0,VIDEO_OUTPUT_MPLANE
15797.108504,v4l2_qbuf,3,VIDEO_CAPTURE_MPLANE
15797.111898,v4l2_dqbuf,3,VIDEO_CAPTURE_MPLANE
15797.111933,v4l2_dqbuf,0,VIDEO_OUTPUT_MPLANE
15797.125321,v4l2_qbuf,0,VIDEO_OUTPUT_MPLANE
15797.125369,v4l2_qbuf,6,VIDEO_CAPTURE_MPLANE
15797.128742,v4l2_dqbuf,6,VIDEO_CAPTURE_MPLANE
15797.128888,v4l2_dqbuf,0,VIDEO_OUTPUT_MPLANE
15797.142392,v4l2_qbuf,0,VIDEO_OUTPUT_MPLANE
15797.142423,v4l2_qbuf,7,VIDEO_CAPTURE_MPLANE
15797.145785,v4l2_dqbuf,7,VIDEO_CAPTURE_MPLANE
15797.145802,v4l2_dqbuf,0,VIDEO_OUTPUT_MPLANE
15797.158339,v4l2_qbuf,0,VIDEO_OUTPUT_MPLANE
15797.158360,v4l2_qbuf,5,VIDEO_CAPTURE_MPLANE
15797.160919,v4l2_dqbuf,5,VIDEO_CAPTURE_MPLANE
15797.160937,v4l2_dqbuf,0,VIDEO_OUTPUT_MPLANE
15797.175095,v4l2_qbuf,0,VIDEO_OUTPUT_MPLANE
15797.175115,v4l2_qbuf,1,VIDEO_CAPTURE_MPLANE
15797.178358,v4l2_dqbuf,1,VIDEO_CAPTURE_MPLANE
15797.178377,v4l2_dqbuf,0,VIDEO_OUTPUT_MPLANE
15797.191964,v4l2_qbuf,0,VIDEO_OUTPUT_MPLANE
15797.192026,v4l2_qbuf,2,VIDEO_CAPTURE_MPLANE
15797.195358,v4l2_dqbuf,2,VIDEO_CAPTURE_MPLANE
15797.195602,v4l2_dqbuf,0,VIDEO_OUTPUT_MPLANE
15797.208705,v4l2_qbuf,0,VIDEO_OUTPUT_MPLANE
15797.208729,v4l2_qbuf,4,VIDEO_CAPTURE_MPLANE
15797.212080,v4l2_dqbuf,4,VIDEO_CAPTURE_MPLANE
15797.212097,v4l2_dqbuf,0,VIDEO_OUTPUT_MPLANE
15797.225370,v4l2_qbuf,0,VIDEO_OUTPUT_MPLANE
15797.225395,v4l2_qbuf,6,VIDEO_CAPTURE_MPLANE
15797.227723,v4l2_dqbuf,6,VIDEO_CAPTURE_MPLANE
15797.227740,v4l2_dqbuf,0,VIDEO_OUTPUT_MPLANE
15797.243026,v4l2_qbuf,0,VIDEO_OUTPUT_MPLANE
15797.243059,v4l2_qbuf,3,VIDEO_CAPTURE_MPLANE
15797.246113,v4l2_dqbuf,3,VIDEO_CAPTURE_MPLANE
15797.246131,v4l2_dqbuf,0,VIDEO_OUTPUT_MPLANE
15797.259070,v4l2_qbuf,0,VIDEO_OUTPUT_MPLANE
15797.259093,v4l2_qbuf,7,VIDEO_CAPTURE_MPLANE
15797.262259,v4l2_dqbuf,7,VIDEO_CAPTURE_MPLANE
15797.262357,v4l2_dqbuf,0,VIDEO_OUTPUT_MPLANE
15797.275403,v4l2_qbuf,0,VIDEO_OUTPUT_MPLANE
15797.275475,v4l2_qbuf,0,VIDEO_CAPTURE_MPLANE
15797.278752,v4l2_dqbuf,0,VIDEO_CAPTURE_MPLANE
15797.278768,v4l2_dqbuf,0,VIDEO_OUTPUT_MPLANE
15797.291894,v4l2_qbuf,0,VIDEO_OUTPUT_MPLANE
15797.291915,v4l2_qbuf,2,VIDEO_CAPTURE_MPLANE
15797.293984,v4l2_dqbuf,2,VIDEO_CAPTURE_MPLANE
15797.293998,v4l2_dqbuf,0,VIDEO_OUTPUT_MPLANE
15797.308707,v4l2_qbuf,0,VIDEO_OUTPUT_MPLANE
15797.308728,v4l2_qbuf,1,VIDEO_CAPTURE_MPLANE
15797.311956,v4l2_dqbuf,1,VIDEO_CAPTURE_MPLANE
15797.311974,v4l2_dqbuf,0,VIDEO_OUTPUT_MPLANE
15797.325174,v4l2_qbuf,0,VIDEO_OUTPUT_MPLANE
15797.325194,v4l2_qbuf,4,VIDEO_CAPTURE_MPLANE
15797.328342,v4l2_dqbuf,4,VIDEO_CAPTURE_MPLANE
15797.328354,v4l2_dqbuf,0,VIDEO_OUTPUT_MPLANE
15797.342719,v4l2_qbuf,0,VIDEO_OUTPUT_MPLANE
15797.342864,v4l2_qbuf,5,VIDEO_CAPTURE_MPLANE
15797.345190,v4l2_dqbuf,5,VIDEO_CAPTURE_MPLANE
15797.345206,v4l2_dqbuf,0,VIDEO_OUTPUT_MPLANE
15797.358956,v4l2_qbuf,0,VIDEO_OUTPUT_MPLANE
15797.358978,v4l2_qbuf,7,VIDEO_CAPTURE_MPLANE
15797.362217,v4l2_dqbuf,7,VIDEO_CAPTURE_MPLANE
15797.362244,v4l2_dqbuf,0,VIDEO_OUTPUT_MPLANE
15797.375209,v4l2_qbuf,0,VIDEO_OUTPUT_MPLANE
15797.375231,v4l2_qbuf,3,VIDEO_CAPTURE_MPLANE
15797.378495,v4l2_dqbuf,3,VIDEO_CAPTURE_MPLANE
15797.378584,v4l2_dqbuf,0,VIDEO_OUTPUT_MPLANE
15797.391896,v4l2_qbuf,0,VIDEO_OUTPUT_MPLANE
15797.391918,v4l2_qbuf,0,VIDEO_CAPTURE_MPLANE
15797.395236,v4l2_dqbuf,0,VIDEO_CAPTURE_MPLANE
15797.395252,v4l2_dqbuf,0,VIDEO_OUTPUT_MPLANE
15797.408619,v4l2_qbuf,0,VIDEO_OUTPUT_MPLANE
15797.408680,v4l2_qbuf,6,VIDEO_CAPTURE_MPLANE
15797.411081,v4l2_dqbuf,6,VIDEO_CAPTURE_MPLANE
15797.411119,v4l2_dqbuf,0,VIDEO_OUTPUT_MPLANE
15797.425252,v4l2_qbuf,0,VIDEO_OUTPUT_MPLANE
15797.425276,v4l2_qbuf,1,VIDEO_CAPTURE_MPLANE
15797.428570,v4l2_dqbuf,1,VIDEO_CAPTURE_MPLANE
15797.428587,v4l2_dqbuf,0,VIDEO_OUTPUT_MPLANE
15797.443281,v4l2_qbuf,0,VIDEO_OUTPUT_MPLANE
15797.443306,v4l2_qbuf,4,VIDEO_CAPTURE_MPLANE
15797.446600,v4l2_dqbuf,4,VIDEO_CAPTURE_MPLANE
15797.446695,v4l2_dqbuf,0,VIDEO_OUTPUT_MPLANE
15797.459541,v4l2_qbuf,0,VIDEO_OUTPUT_MPLANE
15797.459569,v4l2_qbuf,2,VIDEO_CAPTURE_MPLANE
15797.462812,v4l2_dqbuf,2,VIDEO_CAPTURE_MPLANE
15797.462827,v4l2_dqbuf,0,VIDEO_OUTPUT_MPLANE
15797.475524,v4l2_qbuf,0,VIDEO_OUTPUT_MPLANE
15797.475592,v4l2_qbuf,3,VIDEO_CAPTURE_MPLANE
15797.477792,v4l2_dqbuf,3,VIDEO_CAPTURE_MPLANE
15797.477805,v4l2_dqbuf,0,VIDEO_OUTPUT_MPLANE
15797.492120,v4l2_qbuf,0,VIDEO_OUTPUT_MPLANE
15797.492161,v4l2_qbuf,7,VIDEO_CAPTURE_MPLANE
15797.495546,v4l2_dqbuf,7,VIDEO_CAPTURE_MPLANE
15797.495582,v4l2_dqbuf,0,VIDEO_OUTPUT_MPLANE
15797.508753,v4l2_qbuf,0,VIDEO_OUTPUT_MPLANE
15797.508798,v4l2_qbuf,0,VIDEO_CAPTURE_MPLANE
15797.512239,v4l2_dqbuf,0,VIDEO_CAPTURE_MPLANE
15797.512420,v4l2_dqbuf,0,VIDEO_OUTPUT_MPLANE
15797.525261,v4l2_qbuf,0,VIDEO_OUTPUT_MPLANE
15797.525299,v4l2_qbuf,5,VIDEO_CAPTURE_MPLANE
15797.528693,v4l2_dqbuf,5,VIDEO_CAPTURE_MPLANE
15797.528720,v4l2_dqbuf,0,VIDEO_OUTPUT_MPLANE
15797.542748,v4l2_qbuf,0,VIDEO_OUTPUT_MPLANE
15797.542779,v4l2_qbuf,4,VIDEO_CAPTURE_MPLANE
15797.545028,v4l2_dqbuf,4,VIDEO_CAPTURE_MPLANE
15797.545046,v4l2_dqbuf,0,VIDEO_OUTPUT_MPLANE
15797.558465,v4l2_qbuf,0,VIDEO_OUTPUT_MPLANE
15797.558487,v4l2_qbuf,1,VIDEO_CAPTURE_MPLANE
15797.561606,v4l2_dqbuf,1,VIDEO_CAPTURE_MPLANE
15797.561623,v4l2_dqbuf,0,VIDEO_OUTPUT_MPLANE
15797.575116,v4l2_qbuf,0,VIDEO_OUTPUT_MPLANE
15797.575136,v4l2_qbuf,2,VIDEO_CAPTURE_MPLANE
15797.578254,v4l2_dqbuf,2,VIDEO_CAPTURE_MPLANE
15797.578425,v4l2_dqbuf,0,VIDEO_OUTPUT_MPLANE
15797.591919,v4l2_qbuf,0,VIDEO_OUTPUT_MPLANE
15797.591941,v4l2_qbuf,6,VIDEO_CAPTURE_MPLANE
15797.595238,v4l2_dqbuf,6,VIDEO_CAPTURE_MPLANE
15797.595266,v4l2_dqbuf,0,VIDEO_OUTPUT_MPLANE
15797.608292,v4l2_qbuf,0,VIDEO_OUTPUT_MPLANE
15797.608313,v4l2_qbuf,0,VIDEO_CAPTURE_MPLANE
15797.610385,v4l2_dqbuf,0,VIDEO_CAPTURE_MPLANE
15797.610400,v4l2_dqbuf,0,VIDEO_OUTPUT_MPLANE
15797.625512,v4l2_qbuf,0,VIDEO_OUTPUT_MPLANE
15797.625545,v4l2_qbuf,7,VIDEO_CAPTURE_MPLANE
15797.628715,v4l2_dqbuf,7,VIDEO_CAPTURE_MPLANE
15797.628727,v4l2_dqbuf,0,VIDEO_OUTPUT_MPLANE
15797.642586,v4l2_qbuf,0,VIDEO_OUTPUT_MPLANE
15797.642609,v4l2_qbuf,5,VIDEO_CAPTURE_MPLANE
15797.644861,v4l2_dqbuf,5,VIDEO_CAPTURE_MPLANE
15797.644878,v4l2_dqbuf,0,VIDEO_OUTPUT_MPLANE
15797.659380,v4l2_qbuf,0,VIDEO_OUTPUT_MPLANE
15797.659402,v4l2_qbuf,3,VIDEO_CAPTURE_MPLANE
15797.662696,v4l2_dqbuf,3,VIDEO_CAPTURE_MPLANE
15797.662715,v4l2_dqbuf,0,VIDEO_OUTPUT_MPLANE
15797.675141,v4l2_qbuf,0,VIDEO_OUTPUT_MPLANE
15797.675170,v4l2_qbuf,2,VIDEO_CAPTURE_MPLANE
15797.678426,v4l2_dqbuf,2,VIDEO_CAPTURE_MPLANE
15797.678523,v4l2_dqbuf,0,VIDEO_OUTPUT_MPLANE
15797.691639,v4l2_qbuf,0,VIDEO_OUTPUT_MPLANE
15797.691675,v4l2_qbuf,1,VIDEO_CAPTURE_MPLANE
15797.694719,v4l2_dqbuf,1,VIDEO_CAPTURE_MPLANE
15797.694734,v4l2_dqbuf,0,VIDEO_OUTPUT_MPLANE
15797.708351,v4l2_qbuf,0,VIDEO_OUTPUT_MPLANE
15797.708384,v4l2_qbuf,6,VIDEO_CAPTURE_MPLANE
15797.710533,v4l2_dqbuf,6,VIDEO_CAPTURE_MPLANE
15797.710559,v4l2_dqbuf,0,VIDEO_OUTPUT_MPLANE
15797.725420,v4l2_qbuf,0,VIDEO_OUTPUT_MPLANE
15797.725450,v4l2_qbuf,4,VIDEO_CAPTURE_MPLANE
15797.728679,v4l2_dqbuf,4,VIDEO_CAPTURE_MPLANE
15797.728793,v4l2_dqbuf,0,VIDEO_OUTPUT_MPLANE
15797.742109,v4l2_qbuf,0,VIDEO_OUTPUT_MPLANE
15797.742159,v4l2_qbuf,7,VIDEO_CAPTURE_MPLANE
15797.744052,v4l2_dqbuf,7,VIDEO_CAPTURE_MPLANE
15797.744073,v4l2_dqbuf,0,VIDEO_OUTPUT_MPLANE
15797.758692,v4l2_qbuf,0,VIDEO_OUTPUT_MPLANE
15797.758712,v4l2_qbuf,0,VIDEO_CAPTURE_MPLANE
15797.760901,v4l2_dqbuf,0,VIDEO_CAPTURE_MPLANE
15797.760915,v4l2_dqbuf,0,VIDEO_OUTPUT_MPLANE
15797.774950,v4l2_qbuf,0,VIDEO_OUTPUT_MPLANE
15797.774970,v4l2_qbuf,2,VIDEO_CAPTURE_MPLANE
15797.778151,v4l2_dqbuf,2,VIDEO_CAPTURE_MPLANE
15797.778163,v4l2_dqbuf,0,VIDEO_OUTPUT_MPLANE
15797.792039,v4l2_qbuf,0,VIDEO_OUTPUT_MPLANE
15797.792060,v4l2_qbuf,3,VIDEO_CAPTURE_MPLANE
15797.794387,v4l2_dqbuf,3,VIDEO_CAPTURE_MPLANE
15797.794402,v4l2_dqbuf,0,VIDEO_OUTPUT_MPLANE
15797.808781,v4l2_qbuf,0,VIDEO_OUTPUT_MPLANE
15797.808815,v4l2_qbuf,1,VIDEO_CAPTURE_MPLANE
15797.812133,v4l2_dqbuf,1,VIDEO_CAPTURE_MPLANE
15797.812147,v4l2_dqbuf,0,VIDEO_OUTPUT_MPLANE
15797.824994,v4l2_qbuf,0,VIDEO_OUTPUT_MPLANE
15797.825035,v4l2_qbuf,5,VIDEO_CAPTURE_MPLANE
15797.827159,v4l2_dqbuf,5,VIDEO_CAPTURE_MPLANE
15797.827188,v4l2_dqbuf,0,VIDEO_OUTPUT_MPLANE
15797.841973,v4l2_qbuf,0,VIDEO_OUTPUT_MPLANE
15797.842043,v4l2_qbuf,4,VIDEO_CAPTURE_MPLANE
15797.845259,v4l2_dqbuf,4,VIDEO_CAPTURE_MPLANE
15797.845283,v4l2_dqbuf,0,VIDEO_OUTPUT_MPLANE
15797.858753,v4l2_qbuf,0,VIDEO_OUTPUT_MPLANE
15797.858794,v4l2_qbuf,6,VIDEO_CAPTURE_MPLANE
15797.862049,v4l2_dqbuf,6,VIDEO_CAPTURE_MPLANE
15797.862179,v4l2_dqbuf,0,VIDEO_OUTPUT_MPLANE
15797.875681,v4l2_qbuf,0,VIDEO_OUTPUT_MPLANE
15797.875705,v4l2_qbuf,7,VIDEO_CAPTURE_MPLANE
15797.879040,v4l2_dqbuf,7,VIDEO_CAPTURE_MPLANE
15797.879061,v4l2_dqbuf,0,VIDEO_OUTPUT_MPLANE
15797.891753,v4l2_qbuf,0,VIDEO_OUTPUT_MPLANE
15797.891782,v4l2_qbuf,2,VIDEO_CAPTURE_MPLANE
15797.894066,v4l2_dqbuf,2,VIDEO_CAPTURE_MPLANE
15797.894082,v4l2_dqbuf,0,VIDEO_OUTPUT_MPLANE
15797.908527,v4l2_qbuf,0,VIDEO_OUTPUT_MPLANE
15797.908560,v4l2_qbuf,0,VIDEO_CAPTURE_MPLANE
15797.912065,v4l2_dqbuf,0,VIDEO_CAPTURE_MPLANE
15797.912099,v4l2_dqbuf,0,VIDEO_OUTPUT_MPLANE
15797.925377,v4l2_qbuf,0,VIDEO_OUTPUT_MPLANE
15797.925420,v4l2_qbuf,1,VIDEO_CAPTURE_MPLANE
15797.928636,v4l2_dqbuf,1,VIDEO_CAPTURE_MPLANE
15797.928659,v4l2_dqbuf,0,VIDEO_OUTPUT_MPLANE
15797.941822,v4l2_qbuf,0,VIDEO_OUTPUT_MPLANE
15797.941842,v4l2_qbuf,3,VIDEO_CAPTURE_MPLANE
15797.943930,v4l2_dqbuf,3,VIDEO_CAPTURE_MPLANE
15797.943941,v4l2_dqbuf,0,VIDEO_OUTPUT_MPLANE
15797.959522,v4l2_qbuf,0,VIDEO_OUTPUT_MPLANE
15797.959546,v4l2_qbuf,6,VIDEO_CAPTURE_MPLANE
15797.962725,v4l2_dqbuf,6,VIDEO_CAPTURE_MPLANE
15797.962741,v4l2_dqbuf,0,VIDEO_OUTPUT_MPLANE
15797.975272,v4l2_qbuf,0,VIDEO_OUTPUT_MPLANE
15797.975293,v4l2_qbuf,4,VIDEO_CAPTURE_MPLANE
15797.977408,v4l2_dqbuf,4,VIDEO_CAPTURE_MPLANE
15797.977425,v4l2_dqbuf,0,VIDEO_OUTPUT_MPLANE
15797.991767,v4l2_qbuf,0,VIDEO_OUTPUT_MPLANE
15797.991791,v4l2_qbuf,7,VIDEO_CAPTURE_MPLANE
15797.994888,v4l2_dqbuf,7,VIDEO_CAPTURE_MPLANE
15797.994904,v4l2_dqbuf,0,VIDEO_OUTPUT_MPLANE
15798.008282,v4l2_qbuf,0,VIDEO_OUTPUT_MPLANE
15798.008312,v4l2_qbuf,5,VIDEO_CAPTURE_MPLANE
15798.011420,v4l2_dqbuf,5,VIDEO_CAPTURE_MPLANE
15798.011572,v4l2_dqbuf,0,VIDEO_OUTPUT_MPLANE
15798.025201,v4l2_qbuf,0,VIDEO_OUTPUT_MPLANE
15798.025221,v4l2_qbuf,0,VIDEO_CAPTURE_MPLANE
15798.028465,v4l2_dqbuf,0,VIDEO_CAPTURE_MPLANE
15798.028479,v4l2_dqbuf,0,VIDEO_OUTPUT_MPLANE
15798.041785,v4l2_qbuf,0,VIDEO_OUTPUT_MPLANE
15798.041821,v4l2_qbuf,1,VIDEO_CAPTURE_MPLANE
15798.044050,v4l2_dqbuf,1,VIDEO_CAPTURE_MPLANE
15798.044074,v4l2_dqbuf,0,VIDEO_OUTPUT_MPLANE
15798.059950,v4l2_qbuf,0,VIDEO_OUTPUT_MPLANE
15798.059987,v4l2_qbuf,2,VIDEO_CAPTURE_MPLANE
15798.063188,v4l2_dqbuf,2,VIDEO_CAPTURE_MPLANE
15798.063205,v4l2_dqbuf,0,VIDEO_OUTPUT_MPLANE
15798.076145,v4l2_qbuf,0,VIDEO_OUTPUT_MPLANE
15798.076180,v4l2_qbuf,6,VIDEO_CAPTURE_MPLANE
15798.079380,v4l2_dqbuf,6,VIDEO_CAPTURE_MPLANE
15798.079570,v4l2_dqbuf,0,VIDEO_OUTPUT_MPLANE
15798.091588,v4l2_qbuf,0,VIDEO_OUTPUT_MPLANE
15798.091639,v4l2_qbuf,3,VIDEO_CAPTURE_MPLANE
15798.094798,v4l2_dqbuf,3,VIDEO_CAPTURE_MPLANE
15798.094829,v4l2_dqbuf,0,VIDEO_OUTPUT_MPLANE
15798.108720,v4l2_qbuf,0,VIDEO_OUTPUT_MPLANE
15798.108753,v4l2_qbuf,5,VIDEO_CAPTURE_MPLANE
15798.111047,v4l2_dqbuf,5,VIDEO_CAPTURE_MPLANE
15798.111081,v4l2_dqbuf,0,VIDEO_OUTPUT_MPLANE
15798.125263,v4l2_qbuf,0,VIDEO_OUTPUT_MPLANE
15798.125307,v4l2_qbuf,7,VIDEO_CAPTURE_MPLANE
15798.128714,v4l2_dqbuf,7,VIDEO_CAPTURE_MPLANE
15798.128741,v4l2_dqbuf,0,VIDEO_OUTPUT_MPLANE
15798.141827,v4l2_qbuf,0,VIDEO_OUTPUT_MPLANE
15798.141860,v4l2_qbuf,0,VIDEO_CAPTURE_MPLANE
15798.144104,v4l2_dqbuf,0,VIDEO_CAPTURE_MPLANE
15798.144130,v4l2_dqbuf,0,VIDEO_OUTPUT_MPLANE
15798.158519,v4l2_qbuf,0,VIDEO_OUTPUT_MPLANE
15798.158545,v4l2_qbuf,4,VIDEO_CAPTURE_MPLANE
15798.161932,v4l2_dqbuf,4,VIDEO_CAPTURE_MPLANE
15798.161950,v4l2_dqbuf,0,VIDEO_OUTPUT_MPLANE
15798.175333,v4l2_qbuf,0,VIDEO_OUTPUT_MPLANE
15798.175358,v4l2_qbuf,6,VIDEO_CAPTURE_MPLANE
15798.177449,v4l2_dqbuf,6,VIDEO_CAPTURE_MPLANE
15798.177462,v4l2_dqbuf,0,VIDEO_OUTPUT_MPLANE
15798.191842,v4l2_qbuf,0,VIDEO_OUTPUT_MPLANE
15798.191860,v4l2_qbuf,2,VIDEO_CAPTURE_MPLANE
15798.195146,v4l2_dqbuf,2,VIDEO_CAPTURE_MPLANE
15798.195159,v4l2_dqbuf,0,VIDEO_OUTPUT_MPLANE
15798.208628,v4l2_qbuf,0,VIDEO_OUTPUT_MPLANE
15798.208653,v4l2_qbuf,3,VIDEO_CAPTURE_MPLANE
15798.211948,v4l2_dqbuf,3,VIDEO_CAPTURE_MPLANE
15798.212060,v4l2_dqbuf,0,VIDEO_OUTPUT_MPLANE
15798.225231,v4l2_qbuf,0,VIDEO_OUTPUT_MPLANE
15798.225255,v4l2_qbuf,1,VIDEO_CAPTURE_MPLANE
15798.228567,v4l2_dqbuf,1,VIDEO_CAPTURE_MPLANE
15798.228581,v4l2_dqbuf,0,VIDEO_OUTPUT_MPLANE
15798.242029,v4l2_qbuf,0,VIDEO_OUTPUT_MPLANE
15798.242071,v4l2_qbuf,7,VIDEO_CAPTURE_MPLANE
15798.244347,v4l2_dqbuf,7,VIDEO_CAPTURE_MPLANE
15798.244362,v4l2_dqbuf,0,VIDEO_OUTPUT_MPLANE
15798.258835,v4l2_qbuf,0,VIDEO_OUTPUT_MPLANE
15798.258864,v4l2_qbuf,5,VIDEO_CAPTURE_MPLANE
15798.262046,v4l2_dqbuf,5,VIDEO_CAPTURE_MPLANE
15798.262063,v4l2_dqbuf,0,VIDEO_OUTPUT_MPLANE
15798.275435,v4l2_qbuf,0,VIDEO_OUTPUT_MPLANE
15798.275455,v4l2_qbuf,4,VIDEO_CAPTURE_MPLANE
15798.278565,v4l2_dqbuf,4,VIDEO_CAPTURE_MPLANE
15798.278667,v4l2_dqbuf,0,VIDEO_OUTPUT_MPLANE
15798.291652,v4l2_qbuf,0,VIDEO_OUTPUT_MPLANE
15798.291674,v4l2_qbuf,0,VIDEO_CAPTURE_MPLANE
15798.294999,v4l2_dqbuf,0,VIDEO_CAPTURE_MPLANE
15798.295027,v4l2_dqbuf,0,VIDEO_OUTPUT_MPLANE
15798.308437,v4l2_qbuf,0,VIDEO_OUTPUT_MPLANE
15798.308469,v4l2_qbuf,3,VIDEO_CAPTURE_MPLANE
15798.310734,v4l2_dqbuf,3,VIDEO_CAPTURE_MPLANE
15798.310751,v4l2_dqbuf,0,VIDEO_OUTPUT_MPLANE
15798.325393,v4l2_qbuf,0,VIDEO_OUTPUT_MPLANE
15798.325451,v4l2_qbuf,2,VIDEO_CAPTURE_MPLANE
15798.328788,v4l2_dqbuf,2,VIDEO_CAPTURE_MPLANE
15798.328803,v4l2_dqbuf,0,VIDEO_OUTPUT_MPLANE
15798.341698,v4l2_qbuf,0,VIDEO_OUTPUT_MPLANE
15798.341722,v4l2_qbuf,1,VIDEO_CAPTURE_MPLANE
15798.344864,v4l2_dqbuf,1,VIDEO_CAPTURE_MPLANE
15798.344952,v4l2_dqbuf,0,VIDEO_OUTPUT_MPLANE
15798.359763,v4l2_qbuf,0,VIDEO_OUTPUT_MPLANE
15798.359787,v4l2_qbuf,6,VIDEO_CAPTURE_MPLANE
15798.362912,v4l2_dqbuf,6,VIDEO_CAPTURE_MPLANE
15798.362932,v4l2_dqbuf,0,VIDEO_OUTPUT_MPLANE
15798.375383,v4l2_qbuf,0,VIDEO_OUTPUT_MPLANE
15798.375406,v4l2_qbuf,4,VIDEO_CAPTURE_MPLANE
15798.377609,v4l2_dqbuf,4,VIDEO_CAPTURE_MPLANE
15798.377626,v4l2_dqbuf,0,VIDEO_OUTPUT_MPLANE
15798.392089,v4l2_qbuf,0,VIDEO_OUTPUT_MPLANE
15798.392111,v4l2_qbuf,5,VIDEO_CAPTURE_MPLANE
15798.395218,v4l2_dqbuf,5,VIDEO_CAPTURE_MPLANE
15798.395235,v4l2_dqbuf,0,VIDEO_OUTPUT_MPLANE
15798.408300,v4l2_qbuf,0,VIDEO_OUTPUT_MPLANE
15798.408329,v4l2_qbuf,0,VIDEO_CAPTURE_MPLANE
15798.411590,v4l2_dqbuf,0,VIDEO_CAPTURE_MPLANE
15798.411697,v4l2_dqbuf,0,VIDEO_OUTPUT_MPLANE
15798.425038,v4l2_qbuf,0,VIDEO_OUTPUT_MPLANE
15798.425061,v4l2_qbuf,7,VIDEO_CAPTURE_MPLANE
15798.428431,v4l2_dqbuf,7,VIDEO_CAPTURE_MPLANE
15798.428448,v4l2_dqbuf,0,VIDEO_OUTPUT_MPLANE
15798.442231,v4l2_qbuf,0,VIDEO_OUTPUT_MPLANE
15798.442280,v4l2_qbuf,1,VIDEO_CAPTURE_MPLANE
15798.444443,v4l2_dqbuf,1,VIDEO_CAPTURE_MPLANE
15798.444458,v4l2_dqbuf,0,VIDEO_OUTPUT_MPLANE
15798.459740,v4l2_qbuf,0,VIDEO_OUTPUT_MPLANE
15798.459772,v4l2_qbuf,2,VIDEO_CAPTURE_MPLANE
15798.462933,v4l2_dqbuf,2,VIDEO_CAPTURE_MPLANE
15798.462951,v4l2_dqbuf,0,VIDEO_OUTPUT_MPLANE
15798.475709,v4l2_qbuf,0,VIDEO_OUTPUT_MPLANE
15798.475732,v4l2_qbuf,6,VIDEO_CAPTURE_MPLANE
15798.478866,v4l2_dqbuf,6,VIDEO_CAPTURE_MPLANE
15798.478978,v4l2_dqbuf,0,VIDEO_OUTPUT_MPLANE
15798.491826,v4l2_qbuf,0,VIDEO_OUTPUT_MPLANE
15798.491848,v4l2_qbuf,3,VIDEO_CAPTURE_MPLANE
15798.494953,v4l2_dqbuf,3,VIDEO_CAPTURE_MPLANE
15798.494994,v4l2_dqbuf,0,VIDEO_OUTPUT_MPLANE
15798.508395,v4l2_qbuf,0,VIDEO_OUTPUT_MPLANE
15798.508420,v4l2_qbuf,0,VIDEO_CAPTURE_MPLANE
15798.510650,v4l2_dqbuf,0,VIDEO_CAPTURE_MPLANE
15798.510668,v4l2_dqbuf,0,VIDEO_OUTPUT_MPLANE
15798.525060,v4l2_qbuf,0,VIDEO_OUTPUT_MPLANE
15798.525083,v4l2_qbuf,5,VIDEO_CAPTURE_MPLANE
15798.528235,v4l2_dqbuf,5,VIDEO_CAPTURE_MPLANE
15798.528252,v4l2_dqbuf,0,VIDEO_OUTPUT_MPLANE
15798.541789,v4l2_qbuf,0,VIDEO_OUTPUT_MPLANE
15798.541821,v4l2_qbuf,7,VIDEO_CAPTURE_MPLANE
15798.545052,v4l2_dqbuf,7,VIDEO_CAPTURE_MPLANE
15798.545074,v4l2_dqbuf,0,VIDEO_OUTPUT_MPLANE
15798.559426,v4l2_qbuf,0,VIDEO_OUTPUT_MPLANE
15798.559676,v4l2_qbuf,4,VIDEO_CAPTURE_MPLANE
15798.561933,v4l2_dqbuf,4,VIDEO_CAPTURE_MPLANE
15798.561950,v4l2_dqbuf,0,VIDEO_OUTPUT_MPLANE
15798.575234,v4l2_qbuf,0,VIDEO_OUTPUT_MPLANE
15798.575258,v4l2_qbuf,6,VIDEO_CAPTURE_MPLANE
15798.578445,v4l2_dqbuf,6,VIDEO_CAPTURE_MPLANE
15798.578465,v4l2_dqbuf,0,VIDEO_OUTPUT_MPLANE
15798.608568,v4l2_qbuf,0,VIDEO_OUTPUT_MPLANE
15798.608594,v4l2_qbuf,1,VIDEO_CAPTURE_MPLANE
15798.608784,v4l2_qbuf,1,VIDEO_OUTPUT_MPLANE
15798.608796,v4l2_qbuf,2,VIDEO_CAPTURE_MPLANE
15798.611832,v4l2_dqbuf,1,VIDEO_CAPTURE_MPLANE
15798.612071,v4l2_dqbuf,0,VIDEO_OUTPUT_MPLANE
15798.614874,v4l2_dqbuf,2,VIDEO_CAPTURE_MPLANE
15798.614892,v4l2_dqbuf,1,VIDEO_OUTPUT_MPLANE
15798.625261,v4l2_qbuf,0,VIDEO_OUTPUT_MPLANE
15798.625301,v4l2_qbuf,3,VIDEO_CAPTURE_MPLANE
15798.627539,v4l2_dqbuf,3,VIDEO_CAPTURE_MPLANE
15798.627564,v4l2_dqbuf,0,VIDEO_OUTPUT_MPLANE
15798.642449,v4l2_qbuf,0,VIDEO_OUTPUT_MPLANE
15798.642482,v4l2_qbuf,5,VIDEO_CAPTURE_MPLANE
15798.645771,v4l2_dqbuf,5,VIDEO_CAPTURE_MPLANE
15798.645798,v4l2_dqbuf,0,VIDEO_OUTPUT_MPLANE
15798.659358,v4l2_qbuf,0,VIDEO_OUTPUT_MPLANE
15798.659384,v4l2_qbuf,7,VIDEO_CAPTURE_MPLANE
15798.662662,v4l2_dqbuf,7,VIDEO_CAPTURE_MPLANE
15798.662772,v4l2_dqbuf,0,VIDEO_OUTPUT_MPLANE
15798.675600,v4l2_qbuf,0,VIDEO_OUTPUT_MPLANE
15798.675631,v4l2_qbuf,0,VIDEO_CAPTURE_MPLANE
15798.679041,v4l2_dqbuf,0,VIDEO_CAPTURE_MPLANE
15798.679058,v4l2_dqbuf,0,VIDEO_OUTPUT_MPLANE
15798.692090,v4l2_qbuf,0,VIDEO_OUTPUT_MPLANE
15798.692231,v4l2_qbuf,1,VIDEO_CAPTURE_MPLANE
15798.694623,v4l2_dqbuf,1,VIDEO_CAPTURE_MPLANE
15798.694644,v4l2_dqbuf,0,VIDEO_OUTPUT_MPLANE
15798.708517,v4l2_qbuf,0,VIDEO_OUTPUT_MPLANE
15798.708544,v4l2_qbuf,6,VIDEO_CAPTURE_MPLANE
15798.711920,v4l2_dqbuf,6,VIDEO_CAPTURE_MPLANE
15798.711939,v4l2_dqbuf,0,VIDEO_OUTPUT_MPLANE
15798.725216,v4l2_qbuf,0,VIDEO_OUTPUT_MPLANE
15798.725241,v4l2_qbuf,2,VIDEO_CAPTURE_MPLANE
15798.728580,v4l2_dqbuf,2,VIDEO_CAPTURE_MPLANE
15798.728677,v4l2_dqbuf,0,VIDEO_OUTPUT_MPLANE
15798.741808,v4l2_qbuf,0,VIDEO_OUTPUT_MPLANE
15798.741829,v4l2_qbuf,4,VIDEO_CAPTURE_MPLANE
15798.743770,v4l2_dqbuf,4,VIDEO_CAPTURE_MPLANE
15798.743784,v4l2_dqbuf,0,VIDEO_OUTPUT_MPLANE
15798.761232,v4l2_qbuf,0,VIDEO_OUTPUT_MPLANE
15798.761252,v4l2_qbuf,7,VIDEO_CAPTURE_MPLANE
15798.763367,v4l2_dqbuf,7,VIDEO_CAPTURE_MPLANE
15798.763385,v4l2_dqbuf,0,VIDEO_OUTPUT_MPLANE
15798.775066,v4l2_qbuf,0,VIDEO_OUTPUT_MPLANE
15798.775086,v4l2_qbuf,5,VIDEO_CAPTURE_MPLANE
15798.778209,v4l2_dqbuf,5,VIDEO_CAPTURE_MPLANE
15798.778224,v4l2_dqbuf,0,VIDEO_OUTPUT_MPLANE
15798.792073,v4l2_qbuf,0,VIDEO_OUTPUT_MPLANE
15798.792095,v4l2_qbuf,0,VIDEO_CAPTURE_MPLANE
15798.795435,v4l2_dqbuf,0,VIDEO_CAPTURE_MPLANE
15798.795449,v4l2_dqbuf,0,VIDEO_OUTPUT_MPLANE
15798.808439,v4l2_qbuf,0,VIDEO_OUTPUT_MPLANE
15798.808462,v4l2_qbuf,3,VIDEO_CAPTURE_MPLANE
15798.810705,v4l2_dqbuf,3,VIDEO_CAPTURE_MPLANE
15798.810722,v4l2_dqbuf,0,VIDEO_OUTPUT_MPLANE
15798.824923,v4l2_qbuf,0,VIDEO_OUTPUT_MPLANE
15798.824940,v4l2_qbuf,6,VIDEO_CAPTURE_MPLANE
15798.828115,v4l2_dqbuf,6,VIDEO_CAPTURE_MPLANE
15798.828128,v4l2_dqbuf,0,VIDEO_OUTPUT_MPLANE
15798.841859,v4l2_qbuf,0,VIDEO_OUTPUT_MPLANE
15798.841893,v4l2_qbuf,2,VIDEO_CAPTURE_MPLANE
15798.845078,v4l2_dqbuf,2,VIDEO_CAPTURE_MPLANE
15798.845212,v4l2_dqbuf,0,VIDEO_OUTPUT_MPLANE
15798.859144,v4l2_qbuf,0,VIDEO_OUTPUT_MPLANE
15798.859164,v4l2_qbuf,1,VIDEO_CAPTURE_MPLANE
15798.862365,v4l2_dqbuf,1,VIDEO_CAPTURE_MPLANE
15798.862401,v4l2_dqbuf,0,VIDEO_OUTPUT_MPLANE
15798.875698,v4l2_qbuf,0,VIDEO_OUTPUT_MPLANE
15798.875722,v4l2_qbuf,4,VIDEO_CAPTURE_MPLANE
15798.878201,v4l2_dqbuf,4,VIDEO_CAPTURE_MPLANE
15798.878247,v4l2_dqbuf,0,VIDEO_OUTPUT_MPLANE
15798.891755,v4l2_qbuf,0,VIDEO_OUTPUT_MPLANE
15798.891791,v4l2_qbuf,5,VIDEO_CAPTURE_MPLANE
15798.895247,v4l2_dqbuf,5,VIDEO_CAPTURE_MPLANE
15798.895279,v4l2_dqbuf,0,VIDEO_OUTPUT_MPLANE
15798.908350,v4l2_qbuf,0,VIDEO_OUTPUT_MPLANE
15798.908382,v4l2_qbuf,0,VIDEO_CAPTURE_MPLANE
15798.910518,v4l2_dqbuf,0,VIDEO_CAPTURE_MPLANE
15798.910532,v4l2_dqbuf,0,VIDEO_OUTPUT_MPLANE
15798.925122,v4l2_qbuf,0,VIDEO_OUTPUT_MPLANE
15798.925159,v4l2_qbuf,7,VIDEO_CAPTURE_MPLANE
15798.928295,v4l2_dqbuf,7,VIDEO_CAPTURE_MPLANE
15798.928322,v4l2_dqbuf,0,VIDEO_OUTPUT_MPLANE
15798.943303,v4l2_qbuf,0,VIDEO_OUTPUT_MPLANE
15798.943360,v4l2_qbuf,2,VIDEO_CAPTURE_MPLANE
15798.946660,v4l2_dqbuf,2,VIDEO_CAPTURE_MPLANE
15798.946759,v4l2_dqbuf,0,VIDEO_OUTPUT_MPLANE
15798.958314,v4l2_qbuf,0,VIDEO_OUTPUT_MPLANE
15798.958341,v4l2_qbuf,6,VIDEO_CAPTURE_MPLANE
15798.961700,v4l2_dqbuf,6,VIDEO_CAPTURE_MPLANE
15798.961713,v4l2_dqbuf,0,VIDEO_OUTPUT_MPLANE
15798.976816,v4l2_qbuf,0,VIDEO_OUTPUT_MPLANE
15798.976839,v4l2_qbuf,1,VIDEO_CAPTURE_MPLANE
15798.979025,v4l2_dqbuf,1,VIDEO_CAPTURE_MPLANE
15798.979042,v4l2_dqbuf,0,VIDEO_OUTPUT_MPLANE
15798.994119,v4l2_qbuf,0,VIDEO_OUTPUT_MPLANE
15798.994151,v4l2_qbuf,3,VIDEO_CAPTURE_MPLANE
15798.997376,v4l2_dqbuf,3,VIDEO_CAPTURE_MPLANE
15798.997391,v4l2_dqbuf,0,VIDEO_OUTPUT_MPLANE
15799.010371,v4l2_qbuf,0,VIDEO_OUTPUT_MPLANE
15799.010394,v4l2_qbuf,5,VIDEO_CAPTURE_MPLANE
15799.013679,v4l2_dqbuf,5,VIDEO_CAPTURE_MPLANE
15799.013932,v4l2_dqbuf,0,VIDEO_OUTPUT_MPLANE
15799.027434,v4l2_qbuf,0,VIDEO_OUTPUT_MPLANE
15799.027457,v4l2_qbuf,4,VIDEO_CAPTURE_MPLANE
15799.030622,v4l2_dqbuf,4,VIDEO_CAPTURE_MPLANE
15799.030639,v4l2_dqbuf,0,VIDEO_OUTPUT_MPLANE
15799.043588,v4l2_qbuf,0,VIDEO_OUTPUT_MPLANE
15799.043612,v4l2_qbuf,2,VIDEO_CAPTURE_MPLANE
15799.045756,v4l2_dqbuf,2,VIDEO_CAPTURE_MPLANE
15799.045774,v4l2_dqbuf,0,VIDEO_OUTPUT_MPLANE
15799.060170,v4l2_qbuf,0,VIDEO_OUTPUT_MPLANE
15799.060203,v4l2_qbuf,7,VIDEO_CAPTURE_MPLANE
15799.063503,v4l2_dqbuf,7,VIDEO_CAPTURE_MPLANE
15799.063522,v4l2_dqbuf,0,VIDEO_OUTPUT_MPLANE
15799.077288,v4l2_qbuf,0,VIDEO_OUTPUT_MPLANE
15799.077312,v4l2_qbuf,6,VIDEO_CAPTURE_MPLANE
15799.080451,v4l2_dqbuf,6,VIDEO_CAPTURE_MPLANE
15799.080524,v4l2_dqbuf,0,VIDEO_OUTPUT_MPLANE
15799.094878,v4l2_qbuf,0,VIDEO_OUTPUT_MPLANE
15799.094910,v4l2_qbuf,0,VIDEO_CAPTURE_MPLANE
15799.098217,v4l2_dqbuf,0,VIDEO_CAPTURE_MPLANE
15799.098232,v4l2_dqbuf,0,VIDEO_OUTPUT_MPLANE
15799.110475,v4l2_qbuf,0,VIDEO_OUTPUT_MPLANE
15799.110556,v4l2_qbuf,5,VIDEO_CAPTURE_MPLANE
15799.112990,v4l2_dqbuf,5,VIDEO_CAPTURE_MPLANE
15799.113099,v4l2_dqbuf,0,VIDEO_OUTPUT_MPLANE
15799.127132,v4l2_qbuf,0,VIDEO_OUTPUT_MPLANE
15799.127156,v4l2_qbuf,3,VIDEO_CAPTURE_MPLANE
15799.130408,v4l2_dqbuf,3,VIDEO_CAPTURE_MPLANE
15799.130424,v4l2_dqbuf,0,VIDEO_OUTPUT_MPLANE
15799.143722,v4l2_qbuf,0,VIDEO_OUTPUT_MPLANE
15799.143748,v4l2_qbuf,4,VIDEO_CAPTURE_MPLANE
15799.147024,v4l2_dqbuf,4,VIDEO_CAPTURE_MPLANE
15799.147136,v4l2_dqbuf,0,VIDEO_OUTPUT_MPLANE
15799.160411,v4l2_qbuf,0,VIDEO_OUTPUT_MPLANE
15799.160432,v4l2_qbuf,1,VIDEO_CAPTURE_MPLANE
15799.163586,v4l2_dqbuf,1,VIDEO_CAPTURE_MPLANE
15799.163598,v4l2_dqbuf,0,VIDEO_OUTPUT_MPLANE
15799.176934,v4l2_qbuf,0,VIDEO_OUTPUT_MPLANE
15799.176964,v4l2_qbuf,6,VIDEO_CAPTURE_MPLANE
15799.179353,v4l2_dqbuf,6,VIDEO_CAPTURE_MPLANE
15799.179372,v4l2_dqbuf,0,VIDEO_OUTPUT_MPLANE
15799.193742,v4l2_qbuf,0,VIDEO_OUTPUT_MPLANE
15799.193774,v4l2_qbuf,7,VIDEO_CAPTURE_MPLANE
15799.197039,v4l2_dqbuf,7,VIDEO_CAPTURE_MPLANE
15799.197057,v4l2_dqbuf,0,VIDEO_OUTPUT_MPLANE
15799.210391,v4l2_qbuf,0,VIDEO_OUTPUT_MPLANE
15799.210413,v4l2_qbuf,0,VIDEO_CAPTURE_MPLANE
15799.213790,v4l2_dqbuf,0,VIDEO_CAPTURE_MPLANE
15799.213914,v4l2_dqbuf,0,VIDEO_OUTPUT_MPLANE
15799.227043,v4l2_qbuf,0,VIDEO_OUTPUT_MPLANE
15799.227064,v4l2_qbuf,2,VIDEO_CAPTURE_MPLANE
15799.230276,v4l2_dqbuf,2,VIDEO_CAPTURE_MPLANE
15799.230307,v4l2_dqbuf,0,VIDEO_OUTPUT_MPLANE
15799.243961,v4l2_qbuf,0,VIDEO_OUTPUT_MPLANE
15799.244027,v4l2_qbuf,4,VIDEO_CAPTURE_MPLANE
15799.246532,v4l2_dqbuf,4,VIDEO_CAPTURE_MPLANE
15799.246561,v4l2_dqbuf,0,VIDEO_OUTPUT_MPLANE
15799.260495,v4l2_qbuf,0,VIDEO_OUTPUT_MPLANE
15799.260539,v4l2_qbuf,3,VIDEO_CAPTURE_MPLANE
15799.263785,v4l2_dqbuf,3,VIDEO_CAPTURE_MPLANE
15799.263811,v4l2_dqbuf,0,VIDEO_OUTPUT_MPLANE
15799.277299,v4l2_qbuf,0,VIDEO_OUTPUT_MPLANE
15799.277321,v4l2_qbuf,1,VIDEO_CAPTURE_MPLANE
15799.280514,v4l2_dqbuf,1,VIDEO_CAPTURE_MPLANE
15799.280603,v4l2_dqbuf,0,VIDEO_OUTPUT_MPLANE
15799.293720,v4l2_qbuf,0,VIDEO_OUTPUT_MPLANE
15799.293749,v4l2_qbuf,5,VIDEO_CAPTURE_MPLANE
15799.297184,v4l2_dqbuf,5,VIDEO_CAPTURE_MPLANE
15799.297226,v4l2_dqbuf,0,VIDEO_OUTPUT_MPLANE
15799.310562,v4l2_qbuf,0,VIDEO_OUTPUT_MPLANE
15799.310603,v4l2_qbuf,0,VIDEO_CAPTURE_MPLANE
15799.313113,v4l2_dqbuf,0,VIDEO_CAPTURE_MPLANE
15799.313146,v4l2_dqbuf,0,VIDEO_OUTPUT_MPLANE
15799.327279,v4l2_qbuf,0,VIDEO_OUTPUT_MPLANE
15799.327325,v4l2_qbuf,7,VIDEO_CAPTURE_MPLANE
15799.330829,v4l2_dqbuf,7,VIDEO_CAPTURE_MPLANE
15799.330865,v4l2_dqbuf,0,VIDEO_OUTPUT_MPLANE
15799.343930,v4l2_qbuf,0,VIDEO_OUTPUT_MPLANE
15799.343955,v4l2_qbuf,2,VIDEO_CAPTURE_MPLANE
15799.347185,v4l2_dqbuf,2,VIDEO_CAPTURE_MPLANE
15799.347274,v4l2_dqbuf,0,VIDEO_OUTPUT_MPLANE
15799.360815,v4l2_qbuf,0,VIDEO_OUTPUT_MPLANE
15799.360838,v4l2_qbuf,6,VIDEO_CAPTURE_MPLANE
15799.364177,v4l2_dqbuf,6,VIDEO_CAPTURE_MPLANE
15799.364213,v4l2_dqbuf,0,VIDEO_OUTPUT_MPLANE
15799.377262,v4l2_qbuf,0,VIDEO_OUTPUT_MPLANE
15799.377300,v4l2_qbuf,1,VIDEO_CAPTURE_MPLANE
15799.379657,v4l2_dqbuf,1,VIDEO_CAPTURE_MPLANE
15799.379672,v4l2_dqbuf,0,VIDEO_OUTPUT_MPLANE
15799.393878,v4l2_qbuf,0,VIDEO_OUTPUT_MPLANE
15799.393901,v4l2_qbuf,3,VIDEO_CAPTURE_MPLANE
15799.397011,v4l2_dqbuf,3,VIDEO_CAPTURE_MPLANE
15799.397029,v4l2_dqbuf,0,VIDEO_OUTPUT_MPLANE
15799.410804,v4l2_qbuf,0,VIDEO_OUTPUT_MPLANE
15799.410852,v4l2_qbuf,5,VIDEO_CAPTURE_MPLANE
15799.414127,v4l2_dqbuf,5,VIDEO_CAPTURE_MPLANE
15799.414278,v4l2_dqbuf,0,VIDEO_OUTPUT_MPLANE
15799.427175,v4l2_qbuf,0,VIDEO_OUTPUT_MPLANE
15799.427216,v4l2_qbuf,4,VIDEO_CAPTURE_MPLANE
15799.430473,v4l2_dqbuf,4,VIDEO_CAPTURE_MPLANE
15799.430500,v4l2_dqbuf,0,VIDEO_OUTPUT_MPLANE
15799.443644,v4l2_qbuf,0,VIDEO_OUTPUT_MPLANE
15799.443668,v4l2_qbuf,2,VIDEO_CAPTURE_MPLANE
15799.445807,v4l2_dqbuf,2,VIDEO_CAPTURE_MPLANE
15799.445825,v4l2_dqbuf,0,VIDEO_OUTPUT_MPLANE
15799.460360,v4l2_qbuf,0,VIDEO_OUTPUT_MPLANE
15799.460384,v4l2_qbuf,7,VIDEO_CAPTURE_MPLANE
15799.463676,v4l2_dqbuf,7,VIDEO_CAPTURE_MPLANE
15799.463693,v4l2_dqbuf,0,VIDEO_OUTPUT_MPLANE
15799.476910,v4l2_qbuf,0,VIDEO_OUTPUT_MPLANE
15799.476926,v4l2_qbuf,6,VIDEO_CAPTURE_MPLANE
15799.480330,v4l2_dqbuf,6,VIDEO_CAPTURE_MPLANE
15799.480503,v4l2_dqbuf,0,VIDEO_OUTPUT_MPLANE
15799.493572,v4l2_qbuf,0,VIDEO_OUTPUT_MPLANE
15799.493597,v4l2_qbuf,0,VIDEO_CAPTURE_MPLANE
15799.496908,v4l2_dqbuf,0,VIDEO_CAPTURE_MPLANE
15799.496941,v4l2_dqbuf,0,VIDEO_OUTPUT_MPLANE
15799.511562,v4l2_qbuf,0,VIDEO_OUTPUT_MPLANE
15799.511606,v4l2_qbuf,5,VIDEO_CAPTURE_MPLANE
15799.513971,v4l2_dqbuf,5,VIDEO_CAPTURE_MPLANE
15799.514016,v4l2_dqbuf,0,VIDEO_OUTPUT_MPLANE
15799.527428,v4l2_qbuf,0,VIDEO_OUTPUT_MPLANE
15799.527467,v4l2_qbuf,3,VIDEO_CAPTURE_MPLANE
15799.530835,v4l2_dqbuf,3,VIDEO_CAPTURE_MPLANE
15799.530851,v4l2_dqbuf,0,VIDEO_OUTPUT_MPLANE
15799.543981,v4l2_qbuf,0,VIDEO_OUTPUT_MPLANE
15799.544015,v4l2_qbuf,4,VIDEO_CAPTURE_MPLANE
15799.547255,v4l2_dqbuf,4,VIDEO_CAPTURE_MPLANE
15799.547344,v4l2_dqbuf,0,VIDEO_OUTPUT_MPLANE
15799.560357,v4l2_qbuf,0,VIDEO_OUTPUT_MPLANE
15799.560382,v4l2_qbuf,1,VIDEO_CAPTURE_MPLANE
15799.563563,v4l2_dqbuf,1,VIDEO_CAPTURE_MPLANE
15799.563579,v4l2_dqbuf,0,VIDEO_OUTPUT_MPLANE
15799.577261,v4l2_qbuf,0,VIDEO_OUTPUT_MPLANE
15799.577284,v4l2_qbuf,6,VIDEO_CAPTURE_MPLANE
15799.579711,v4l2_dqbuf,6,VIDEO_CAPTURE_MPLANE
15799.579728,v4l2_dqbuf,0,VIDEO_OUTPUT_MPLANE
15799.593658,v4l2_qbuf,0,VIDEO_OUTPUT_MPLANE
15799.593682,v4l2_qbuf,7,VIDEO_CAPTURE_MPLANE
15799.597219,v4l2_dqbuf,7,VIDEO_CAPTURE_MPLANE
15799.597263,v4l2_dqbuf,0,VIDEO_OUTPUT_MPLANE
15799.610583,v4l2_qbuf,0,VIDEO_OUTPUT_MPLANE
15799.610618,v4l2_qbuf,0,VIDEO_CAPTURE_MPLANE
15799.614155,v4l2_dqbuf,0,VIDEO_CAPTURE_MPLANE
15799.614420,v4l2_dqbuf,0,VIDEO_OUTPUT_MPLANE
15799.627154,v4l2_qbuf,0,VIDEO_OUTPUT_MPLANE
15799.627241,v4l2_qbuf,2,VIDEO_CAPTURE_MPLANE
15799.630581,v4l2_dqbuf,2,VIDEO_CAPTURE_MPLANE
15799.630603,v4l2_dqbuf,0,VIDEO_OUTPUT_MPLANE
15799.643253,v4l2_qbuf,0,VIDEO_OUTPUT_MPLANE
15799.643272,v4l2_qbuf,4,VIDEO_CAPTURE_MPLANE
15799.645470,v4l2_dqbuf,4,VIDEO_CAPTURE_MPLANE
15799.645484,v4l2_dqbuf,0,VIDEO_OUTPUT_MPLANE
15799.660370,v4l2_qbuf,0,VIDEO_OUTPUT_MPLANE
15799.660394,v4l2_qbuf,3,VIDEO_CAPTURE_MPLANE
15799.663660,v4l2_dqbuf,3,VIDEO_CAPTURE_MPLANE
15799.663678,v4l2_dqbuf,0,VIDEO_OUTPUT_MPLANE
15799.676796,v4l2_qbuf,0,VIDEO_OUTPUT_MPLANE
15799.676821,v4l2_qbuf,1,VIDEO_CAPTURE_MPLANE
15799.680325,v4l2_dqbuf,1,VIDEO_CAPTURE_MPLANE
15799.680503,v4l2_dqbuf,0,VIDEO_OUTPUT_MPLANE
15799.693651,v4l2_qbuf,0,VIDEO_OUTPUT_MPLANE
15799.693700,v4l2_qbuf,5,VIDEO_CAPTURE_MPLANE
15799.697101,v4l2_dqbuf,5,VIDEO_CAPTURE_MPLANE
15799.697117,v4l2_dqbuf,0,VIDEO_OUTPUT_MPLANE
15799.710623,v4l2_qbuf,0,VIDEO_OUTPUT_MPLANE
15799.710659,v4l2_qbuf,0,VIDEO_CAPTURE_MPLANE
15799.712926,v4l2_dqbuf,0,VIDEO_CAPTURE_MPLANE
15799.712945,v4l2_dqbuf,0,VIDEO_OUTPUT_MPLANE
15799.727057,v4l2_qbuf,0,VIDEO_OUTPUT_MPLANE
15799.727081,v4l2_qbuf,7,VIDEO_CAPTURE_MPLANE
15799.730607,v4l2_dqbuf,7,VIDEO_CAPTURE_MPLANE
15799.730812,v4l2_dqbuf,0,VIDEO_OUTPUT_MPLANE
15799.744196,v4l2_qbuf,0,VIDEO_OUTPUT_MPLANE
15799.744306,v4l2_qbuf,2,VIDEO_CAPTURE_MPLANE
15799.746242,v4l2_dqbuf,2,VIDEO_CAPTURE_MPLANE
15799.746256,v4l2_dqbuf,0,VIDEO_OUTPUT_MPLANE
15799.761100,v4l2_qbuf,0,VIDEO_OUTPUT_MPLANE
15799.761137,v4l2_qbuf,6,VIDEO_CAPTURE_MPLANE
15799.763528,v4l2_dqbuf,6,VIDEO_CAPTURE_MPLANE
15799.763570,v4l2_dqbuf,0,VIDEO_OUTPUT_MPLANE
15799.776892,v4l2_qbuf,0,VIDEO_OUTPUT_MPLANE
15799.776917,v4l2_qbuf,1,VIDEO_CAPTURE_MPLANE
15799.780038,v4l2_dqbuf,1,VIDEO_CAPTURE_MPLANE
15799.780055,v4l2_dqbuf,0,VIDEO_OUTPUT_MPLANE
15799.793544,v4l2_qbuf,0,VIDEO_OUTPUT_MPLANE
15799.793576,v4l2_qbuf,3,VIDEO_CAPTURE_MPLANE
15799.796927,v4l2_dqbuf,3,VIDEO_CAPTURE_MPLANE
15799.797119,v4l2_dqbuf,0,VIDEO_OUTPUT_MPLANE
15799.810180,v4l2_qbuf,0,VIDEO_OUTPUT_MPLANE
15799.810237,v4l2_qbuf,5,VIDEO_CAPTURE_MPLANE
15799.813360,v4l2_dqbuf,5,VIDEO_CAPTURE_MPLANE
15799.813375,v4l2_dqbuf,0,VIDEO_OUTPUT_MPLANE
15799.826858,v4l2_qbuf,0,VIDEO_OUTPUT_MPLANE
15799.826885,v4l2_qbuf,4,VIDEO_CAPTURE_MPLANE
15799.829048,v4l2_dqbuf,4,VIDEO_CAPTURE_MPLANE
15799.829066,v4l2_dqbuf,0,VIDEO_OUTPUT_MPLANE
15799.844301,v4l2_qbuf,0,VIDEO_OUTPUT_MPLANE
15799.844334,v4l2_qbuf,7,VIDEO_CAPTURE_MPLANE
15799.847703,v4l2_dqbuf,7,VIDEO_CAPTURE_MPLANE
15799.847719,v4l2_dqbuf,0,VIDEO_OUTPUT_MPLANE
15799.860795,v4l2_qbuf,0,VIDEO_OUTPUT_MPLANE
15799.860901,v4l2_qbuf,0,VIDEO_CAPTURE_MPLANE
15799.864328,v4l2_dqbuf,0,VIDEO_CAPTURE_MPLANE
15799.864422,v4l2_dqbuf,0,VIDEO_OUTPUT_MPLANE
15799.876992,v4l2_qbuf,0,VIDEO_OUTPUT_MPLANE
15799.877064,v4l2_qbuf,2,VIDEO_CAPTURE_MPLANE
15799.880477,v4l2_dqbuf,2,VIDEO_CAPTURE_MPLANE
15799.880492,v4l2_dqbuf,0,VIDEO_OUTPUT_MPLANE
15799.893700,v4l2_qbuf,0,VIDEO_OUTPUT_MPLANE
15799.893722,v4l2_qbuf,3,VIDEO_CAPTURE_MPLANE
15799.895934,v4l2_dqbuf,3,VIDEO_CAPTURE_MPLANE
15799.895953,v4l2_dqbuf,0,VIDEO_OUTPUT_MPLANE
15799.910706,v4l2_qbuf,0,VIDEO_OUTPUT_MPLANE
15799.910744,v4l2_qbuf,1,VIDEO_CAPTURE_MPLANE
15799.914000,v4l2_dqbuf,1,VIDEO_CAPTURE_MPLANE
15799.914037,v4l2_dqbuf,0,VIDEO_OUTPUT_MPLANE
15799.927071,v4l2_qbuf,0,VIDEO_OUTPUT_MPLANE
15799.927140,v4l2_qbuf,5,VIDEO_CAPTURE_MPLANE
15799.930348,v4l2_dqbuf,5,VIDEO_CAPTURE_MPLANE
15799.930455,v4l2_dqbuf,0,VIDEO_OUTPUT_MPLANE
15799.943671,v4l2_qbuf,0,VIDEO_OUTPUT_MPLANE
15799.943694,v4l2_qbuf,6,VIDEO_CAPTURE_MPLANE
15799.947081,v4l2_dqbuf,6,VIDEO_CAPTURE_MPLANE
15799.947098,v4l2_dqbuf,0,VIDEO_OUTPUT_MPLANE
15799.960139,v4l2_qbuf,0,VIDEO_OUTPUT_MPLANE
15799.960160,v4l2_qbuf,0,VIDEO_CAPTURE_MPLANE
15799.962418,v4l2_dqbuf,0,VIDEO_CAPTURE_MPLANE
15799.962431,v4l2_dqbuf,0,VIDEO_OUTPUT_MPLANE
15799.976773,v4l2_qbuf,0,VIDEO_OUTPUT_MPLANE
15799.976797,v4l2_qbuf,7,VIDEO_CAPTURE_MPLANE
15799.979977,v4l2_dqbuf,7,VIDEO_CAPTURE_MPLANE
15799.979994,v4l2_dqbuf,0,VIDEO_OUTPUT_MPLANE
15799.993325,v4l2_qbuf,0,VIDEO_OUTPUT_MPLANE
15799.993347,v4l2_qbuf,2,VIDEO_CAPTURE_MPLANE
15799.996594,v4l2_dqbuf,2,VIDEO_CAPTURE_MPLANE
15799.996704,v4l2_dqbuf,0,VIDEO_OUTPUT_MPLANE
15800.010205,v4l2_qbuf,0,VIDEO_OUTPUT_MPLANE
15800.010236,v4l2_qbuf,4,VIDEO_CAPTURE_MPLANE
15800.013417,v4l2_dqbuf,4,VIDEO_CAPTURE_MPLANE
15800.013439,v4l2_dqbuf,0,VIDEO_OUTPUT_MPLANE
15800.026776,v4l2_qbuf,0,VIDEO_OUTPUT_MPLANE
15800.026795,v4l2_qbuf,5,VIDEO_CAPTURE_MPLANE
15800.029048,v4l2_dqbuf,5,VIDEO_CAPTURE_MPLANE
15800.029083,v4l2_dqbuf,0,VIDEO_OUTPUT_MPLANE
15800.043312,v4l2_qbuf,0,VIDEO_OUTPUT_MPLANE
15800.043329,v4l2_qbuf,1,VIDEO_CAPTURE_MPLANE
15800.046558,v4l2_dqbuf,1,VIDEO_CAPTURE_MPLANE
15800.046589,v4l2_dqbuf,0,VIDEO_OUTPUT_MPLANE
15800.060155,v4l2_qbuf,0,VIDEO_OUTPUT_MPLANE
15800.060195,v4l2_qbuf,6,VIDEO_CAPTURE_MPLANE
15800.063420,v4l2_dqbuf,6,VIDEO_CAPTURE_MPLANE
15800.063517,v4l2_dqbuf,0,VIDEO_OUTPUT_MPLANE
15800.076660,v4l2_qbuf,0,VIDEO_OUTPUT_MPLANE
15800.076676,v4l2_qbuf,3,VIDEO_CAPTURE_MPLANE
15800.079860,v4l2_dqbuf,3,VIDEO_CAPTURE_MPLANE
15800.079873,v4l2_dqbuf,0,VIDEO_OUTPUT_MPLANE
15800.093606,v4l2_qbuf,0,VIDEO_OUTPUT_MPLANE
15800.093639,v4l2_qbuf,2,VIDEO_CAPTURE_MPLANE
15800.095812,v4l2_dqbuf,2,VIDEO_CAPTURE_MPLANE
15800.095822,v4l2_dqbuf,0,VIDEO_OUTPUT_MPLANE
15800.110527,v4l2_qbuf,0,VIDEO_OUTPUT_MPLANE
15800.110589,v4l2_qbuf,7,VIDEO_CAPTURE_MPLANE
15800.114046,v4l2_dqbuf,7,VIDEO_CAPTURE_MPLANE
15800.114092,v4l2_dqbuf,0,VIDEO_OUTPUT_MPLANE
15800.128482,v4l2_qbuf,0,VIDEO_OUTPUT_MPLANE
15800.128527,v4l2_qbuf,4,VIDEO_CAPTURE_MPLANE
15800.131914,v4l2_dqbuf,4,VIDEO_CAPTURE_MPLANE
15800.132135,v4l2_dqbuf,0,VIDEO_OUTPUT_MPLANE
15800.143808,v4l2_qbuf,0,VIDEO_OUTPUT_MPLANE
15800.143832,v4l2_qbuf,0,VIDEO_CAPTURE_MPLANE
15800.147142,v4l2_dqbuf,0,VIDEO_CAPTURE_MPLANE
15800.147158,v4l2_dqbuf,0,VIDEO_OUTPUT_MPLANE
15800.161214,v4l2_qbuf,0,VIDEO_OUTPUT_MPLANE
15800.161234,v4l2_qbuf,6,VIDEO_CAPTURE_MPLANE
15800.163450,v4l2_dqbuf,6,VIDEO_CAPTURE_MPLANE
15800.163468,v4l2_dqbuf,0,VIDEO_OUTPUT_MPLANE
15800.176960,v4l2_qbuf,0,VIDEO_OUTPUT_MPLANE
15800.176982,v4l2_qbuf,1,VIDEO_CAPTURE_MPLANE
15800.180253,v4l2_dqbuf,1,VIDEO_CAPTURE_MPLANE
15800.180271,v4l2_dqbuf,0,VIDEO_OUTPUT_MPLANE
15800.193923,v4l2_qbuf,0,VIDEO_OUTPUT_MPLANE
15800.193948,v4l2_qbuf,3,VIDEO_CAPTURE_MPLANE
15800.197358,v4l2_dqbuf,3,VIDEO_CAPTURE_MPLANE
15800.197450,v4l2_dqbuf,0,VIDEO_OUTPUT_MPLANE
15800.210317,v4l2_qbuf,0,VIDEO_OUTPUT_MPLANE
15800.210339,v4l2_qbuf,5,VIDEO_CAPTURE_MPLANE
15800.214907,v4l2_dqbuf,5,VIDEO_CAPTURE_MPLANE
15800.214922,v4l2_dqbuf,0,VIDEO_OUTPUT_MPLANE
15800.227170,v4l2_qbuf,0,VIDEO_OUTPUT_MPLANE
15800.227214,v4l2_qbuf,4,VIDEO_CAPTURE_MPLANE
15800.229531,v4l2_dqbuf,4,VIDEO_CAPTURE_MPLANE
15800.229559,v4l2_dqbuf,0,VIDEO_OUTPUT_MPLANE
15800.243534,v4l2_qbuf,0,VIDEO_OUTPUT_MPLANE
15800.243557,v4l2_qbuf,7,VIDEO_CAPTURE_MPLANE
15800.246753,v4l2_dqbuf,7,VIDEO_CAPTURE_MPLANE
15800.246784,v4l2_dqbuf,0,VIDEO_OUTPUT_MPLANE
15800.260095,v4l2_qbuf,0,VIDEO_OUTPUT_MPLANE
15800.260129,v4l2_qbuf,0,VIDEO_CAPTURE_MPLANE
15800.263303,v4l2_dqbuf,0,VIDEO_CAPTURE_MPLANE
15800.263433,v4l2_dqbuf,0,VIDEO_OUTPUT_MPLANE
15800.276998,v4l2_qbuf,0,VIDEO_OUTPUT_MPLANE
15800.277087,v4l2_qbuf,2,VIDEO_CAPTURE_MPLANE
15800.280382,v4l2_dqbuf,2,VIDEO_CAPTURE_MPLANE
15800.280427,v4l2_dqbuf,0,VIDEO_OUTPUT_MPLANE
15800.293612,v4l2_qbuf,0,VIDEO_OUTPUT_MPLANE
15800.293650,v4l2_qbuf,3,VIDEO_CAPTURE_MPLANE
15800.295750,v4l2_dqbuf,3,VIDEO_CAPTURE_MPLANE
15800.295764,v4l2_dqbuf,0,VIDEO_OUTPUT_MPLANE
15800.310081,v4l2_qbuf,0,VIDEO_OUTPUT_MPLANE
15800.310103,v4l2_qbuf,1,VIDEO_CAPTURE_MPLANE
15800.313223,v4l2_dqbuf,1,VIDEO_CAPTURE_MPLANE
15800.313240,v4l2_dqbuf,0,VIDEO_OUTPUT_MPLANE
15800.326697,v4l2_qbuf,0,VIDEO_OUTPUT_MPLANE
15800.326725,v4l2_qbuf,5,VIDEO_CAPTURE_MPLANE
15800.329984,v4l2_dqbuf,5,VIDEO_CAPTURE_MPLANE
15800.330147,v4l2_dqbuf,0,VIDEO_OUTPUT_MPLANE
15800.344031,v4l2_qbuf,0,VIDEO_OUTPUT_MPLANE
15800.344065,v4l2_qbuf,6,VIDEO_CAPTURE_MPLANE
15800.347491,v4l2_dqbuf,6,VIDEO_CAPTURE_MPLANE
15800.347503,v4l2_dqbuf,0,VIDEO_OUTPUT_MPLANE
15800.360405,v4l2_qbuf,0,VIDEO_OUTPUT_MPLANE
15800.360442,v4l2_qbuf,0,VIDEO_CAPTURE_MPLANE
15800.362772,v4l2_dqbuf,0,VIDEO_CAPTURE_MPLANE
15800.362788,v4l2_dqbuf,0,VIDEO_OUTPUT_MPLANE
15800.377157,v4l2_qbuf,0,VIDEO_OUTPUT_MPLANE
15800.377205,v4l2_qbuf,7,VIDEO_CAPTURE_MPLANE
15800.380655,v4l2_dqbuf,7,VIDEO_CAPTURE_MPLANE
15800.380697,v4l2_dqbuf,0,VIDEO_OUTPUT_MPLANE
15800.393860,v4l2_qbuf,0,VIDEO_OUTPUT_MPLANE
15800.393899,v4l2_qbuf,2,VIDEO_CAPTURE_MPLANE
15800.397289,v4l2_dqbuf,2,VIDEO_CAPTURE_MPLANE
15800.397428,v4l2_dqbuf,0,VIDEO_OUTPUT_MPLANE
15800.410718,v4l2_qbuf,0,VIDEO_OUTPUT_MPLANE
15800.410756,v4l2_qbuf,4,VIDEO_CAPTURE_MPLANE
15800.414207,v4l2_dqbuf,4,VIDEO_CAPTURE_MPLANE
15800.414233,v4l2_dqbuf,0,VIDEO_OUTPUT_MPLANE
15800.427550,v4l2_qbuf,0,VIDEO_OUTPUT_MPLANE
15800.427601,v4l2_qbuf,5,VIDEO_CAPTURE_MPLANE
15800.429922,v4l2_dqbuf,5,VIDEO_CAPTURE_MPLANE
15800.429953,v4l2_dqbuf,0,VIDEO_OUTPUT_MPLANE
15800.443857,v4l2_qbuf,0,VIDEO_OUTPUT_MPLANE
15800.443913,v4l2_qbuf,1,VIDEO_CAPTURE_MPLANE
15800.447295,v4l2_dqbuf,1,VIDEO_CAPTURE_MPLANE
15800.447311,v4l2_dqbuf,0,VIDEO_OUTPUT_MPLANE
15800.460129,v4l2_qbuf,0,VIDEO_OUTPUT_MPLANE
15800.460152,v4l2_qbuf,6,VIDEO_CAPTURE_MPLANE
15800.463459,v4l2_dqbuf,6,VIDEO_CAPTURE_MPLANE
15800.463576,v4l2_dqbuf,0,VIDEO_OUTPUT_MPLANE
15800.476839,v4l2_qbuf,0,VIDEO_OUTPUT_MPLANE
15800.476861,v4l2_qbuf,3,VIDEO_CAPTURE_MPLANE
15800.480326,v4l2_dqbuf,3,VIDEO_CAPTURE_MPLANE
15800.480344,v4l2_dqbuf,0,VIDEO_OUTPUT_MPLANE
15800.493721,v4l2_qbuf,0,VIDEO_OUTPUT_MPLANE
15800.493770,v4l2_qbuf,2,VIDEO_CAPTURE_MPLANE
15800.496246,v4l2_dqbuf,2,VIDEO_CAPTURE_MPLANE
15800.496282,v4l2_dqbuf,0,VIDEO_OUTPUT_MPLANE
15800.510355,v4l2_qbuf,0,VIDEO_OUTPUT_MPLANE
15800.510399,v4l2_qbuf,7,VIDEO_CAPTURE_MPLANE
15800.513773,v4l2_dqbuf,7,VIDEO_CAPTURE_MPLANE
15800.513788,v4l2_dqbuf,0,VIDEO_OUTPUT_MPLANE
15800.527262,v4l2_qbuf,0,VIDEO_OUTPUT_MPLANE
15800.527286,v4l2_qbuf,4,VIDEO_CAPTURE_MPLANE
15800.530432,v4l2_dqbuf,4,VIDEO_CAPTURE_MPLANE
15800.530523,v4l2_dqbuf,0,VIDEO_OUTPUT_MPLANE
15800.543490,v4l2_qbuf,0,VIDEO_OUTPUT_MPLANE
15800.543514,v4l2_qbuf,0,VIDEO_CAPTURE_MPLANE
15800.546736,v4l2_dqbuf,0,VIDEO_CAPTURE_MPLANE
15800.546753,v4l2_dqbuf,0,VIDEO_OUTPUT_MPLANE
15800.560471,v4l2_qbuf,0,VIDEO_OUTPUT_MPLANE
15800.560500,v4l2_qbuf,6,VIDEO_CAPTURE_MPLANE
15800.562795,v4l2_dqbuf,6,VIDEO_CAPTURE_MPLANE
15800.562815,v4l2_dqbuf,0,VIDEO_OUTPUT_MPLANE
15800.576870,v4l2_qbuf,0,VIDEO_OUTPUT_MPLANE
15800.576924,v4l2_qbuf,1,VIDEO_CAPTURE_MPLANE
15800.580452,v4l2_dqbuf,1,VIDEO_CAPTURE_MPLANE
15800.580487,v4l2_dqbuf,0,VIDEO_OUTPUT_MPLANE
15800.593654,v4l2_qbuf,0,VIDEO_OUTPUT_MPLANE
15800.593676,v4l2_qbuf,3,VIDEO_CAPTURE_MPLANE
15800.596949,v4l2_dqbuf,3,VIDEO_CAPTURE_MPLANE
15800.597136,v4l2_dqbuf,0,VIDEO_OUTPUT_MPLANE
15800.610697,v4l2_qbuf,0,VIDEO_OUTPUT_MPLANE
15800.610757,v4l2_qbuf,5,VIDEO_CAPTURE_MPLANE
15800.614169,v4l2_dqbuf,5,VIDEO_CAPTURE_MPLANE
15800.614185,v4l2_dqbuf,0,VIDEO_OUTPUT_MPLANE
15800.627047,v4l2_qbuf,0,VIDEO_OUTPUT_MPLANE
15800.627069,v4l2_qbuf,4,VIDEO_CAPTURE_MPLANE
15800.629447,v4l2_dqbuf,4,VIDEO_CAPTURE_MPLANE
15800.629478,v4l2_dqbuf,0,VIDEO_OUTPUT_MPLANE
15800.643773,v4l2_qbuf,0,VIDEO_OUTPUT_MPLANE
15800.643826,v4l2_qbuf,7,VIDEO_CAPTURE_MPLANE
15800.647103,v4l2_dqbuf,7,VIDEO_CAPTURE_MPLANE
15800.647119,v4l2_dqbuf,0,VIDEO_OUTPUT_MPLANE
15800.660408,v4l2_qbuf,0,VIDEO_OUTPUT_MPLANE
15800.660439,v4l2_qbuf,0,VIDEO_CAPTURE_MPLANE
15800.663728,v4l2_dqbuf,0,VIDEO_CAPTURE_MPLANE
15800.663841,v4l2_dqbuf,0,VIDEO_OUTPUT_MPLANE
15800.676698,v4l2_qbuf,0,VIDEO_OUTPUT_MPLANE
15800.676729,v4l2_qbuf,2,VIDEO_CAPTURE_MPLANE
15800.680107,v4l2_dqbuf,2,VIDEO_CAPTURE_MPLANE
15800.680141,v4l2_dqbuf,0,VIDEO_OUTPUT_MPLANE
15800.693773,v4l2_qbuf,0,VIDEO_OUTPUT_MPLANE
15800.693796,v4l2_qbuf,3,VIDEO_CAPTURE_MPLANE
15800.696057,v4l2_dqbuf,3,VIDEO_CAPTURE_MPLANE
15800.696073,v4l2_dqbuf,0,VIDEO_OUTPUT_MPLANE
15800.710738,v4l2_qbuf,0,VIDEO_OUTPUT_MPLANE
15800.710776,v4l2_qbuf,1,VIDEO_CAPTURE_MPLANE
15800.714229,v4l2_dqbuf,1,VIDEO_CAPTURE_MPLANE
15800.714245,v4l2_dqbuf,0,VIDEO_OUTPUT_MPLANE
15800.727025,v4l2_qbuf,0,VIDEO_OUTPUT_MPLANE
15800.727047,v4l2_qbuf,5,VIDEO_CAPTURE_MPLANE
15800.730538,v4l2_dqbuf,5,VIDEO_CAPTURE_MPLANE
15800.730658,v4l2_dqbuf,0,VIDEO_OUTPUT_MPLANE
15800.743647,v4l2_qbuf,0,VIDEO_OUTPUT_MPLANE
15800.743671,v4l2_qbuf,6,VIDEO_CAPTURE_MPLANE
15800.745694,v4l2_dqbuf,6,VIDEO_CAPTURE_MPLANE
15800.745708,v4l2_dqbuf,0,VIDEO_OUTPUT_MPLANE
15800.760592,v4l2_qbuf,0,VIDEO_OUTPUT_MPLANE
15800.760618,v4l2_qbuf,0,VIDEO_CAPTURE_MPLANE
15800.762744,v4l2_dqbuf,0,VIDEO_CAPTURE_MPLANE
15800.762757,v4l2_dqbuf,0,VIDEO_OUTPUT_MPLANE
15800.776915,v4l2_qbuf,0,VIDEO_OUTPUT_MPLANE
15800.776937,v4l2_qbuf,7,VIDEO_CAPTURE_MPLANE
15800.780145,v4l2_dqbuf,7,VIDEO_CAPTURE_MPLANE
15800.780173,v4l2_dqbuf,0,VIDEO_OUTPUT_MPLANE
15800.793984,v4l2_qbuf,0,VIDEO_OUTPUT_MPLANE
15800.794051,v4l2_qbuf,2,VIDEO_CAPTURE_MPLANE
15800.797487,v4l2_dqbuf,2,VIDEO_CAPTURE_MPLANE
15800.797652,v4l2_dqbuf,0,VIDEO_OUTPUT_MPLANE
15800.810506,v4l2_qbuf,0,VIDEO_OUTPUT_MPLANE
15800.810547,v4l2_qbuf,4,VIDEO_CAPTURE_MPLANE
15800.813881,v4l2_dqbuf,4,VIDEO_CAPTURE_MPLANE
15800.813910,v4l2_dqbuf,0,VIDEO_OUTPUT_MPLANE
15800.826754,v4l2_qbuf,0,VIDEO_OUTPUT_MPLANE
15800.826774,v4l2_qbuf,1,VIDEO_CAPTURE_MPLANE
15800.829066,v4l2_dqbuf,1,VIDEO_CAPTURE_MPLANE
15800.829081,v4l2_dqbuf,0,VIDEO_OUTPUT_MPLANE
15800.843587,v4l2_qbuf,0,VIDEO_OUTPUT_MPLANE
15800.843610,v4l2_qbuf,5,VIDEO_CAPTURE_MPLANE
15800.847077,v4l2_dqbuf,5,VIDEO_CAPTURE_MPLANE
15800.847094,v4l2_dqbuf,0,VIDEO_OUTPUT_MPLANE
15800.860742,v4l2_qbuf,0,VIDEO_OUTPUT_MPLANE
15800.860796,v4l2_qbuf,3,VIDEO_CAPTURE_MPLANE
15800.865119,v4l2_dqbuf,3,VIDEO_CAPTURE_MPLANE
15800.865297,v4l2_dqbuf,0,VIDEO_OUTPUT_MPLANE
15800.877349,v4l2_qbuf,0,VIDEO_OUTPUT_MPLANE
15800.877398,v4l2_qbuf,6,VIDEO_CAPTURE_MPLANE
15800.880751,v4l2_dqbuf,6,VIDEO_CAPTURE_MPLANE
15800.880775,v4l2_dqbuf,0,VIDEO_OUTPUT_MPLANE
15800.893938,v4l2_qbuf,0,VIDEO_OUTPUT_MPLANE
15800.894058,v4l2_qbuf,2,VIDEO_CAPTURE_MPLANE
15800.896609,v4l2_dqbuf,2,VIDEO_CAPTURE_MPLANE
15800.896643,v4l2_dqbuf,0,VIDEO_OUTPUT_MPLANE
15800.910803,v4l2_qbuf,0,VIDEO_OUTPUT_MPLANE
15800.910846,v4l2_qbuf,7,VIDEO_CAPTURE_MPLANE
15800.914230,v4l2_dqbuf,7,VIDEO_CAPTURE_MPLANE
15800.914269,v4l2_dqbuf,0,VIDEO_OUTPUT_MPLANE
15800.927899,v4l2_qbuf,0,VIDEO_OUTPUT_MPLANE
15800.927929,v4l2_qbuf,4,VIDEO_CAPTURE_MPLANE
15800.931275,v4l2_dqbuf,4,VIDEO_CAPTURE_MPLANE
15800.931375,v4l2_dqbuf,0,VIDEO_OUTPUT_MPLANE
15800.943778,v4l2_qbuf,0,VIDEO_OUTPUT_MPLANE
15800.943797,v4l2_qbuf,0,VIDEO_CAPTURE_MPLANE
15800.947218,v4l2_dqbuf,0,VIDEO_CAPTURE_MPLANE
15800.947233,v4l2_dqbuf,0,VIDEO_OUTPUT_MPLANE
15800.960435,v4l2_qbuf,0,VIDEO_OUTPUT_MPLANE
15800.960456,v4l2_qbuf,3,VIDEO_CAPTURE_MPLANE
15800.962696,v4l2_dqbuf,3,VIDEO_CAPTURE_MPLANE
15800.962710,v4l2_dqbuf,0,VIDEO_OUTPUT_MPLANE
15800.976918,v4l2_qbuf,0,VIDEO_OUTPUT_MPLANE
15800.976937,v4l2_qbuf,5,VIDEO_CAPTURE_MPLANE
15800.980305,v4l2_dqbuf,5,VIDEO_CAPTURE_MPLANE
15800.980351,v4l2_dqbuf,0,VIDEO_OUTPUT_MPLANE
15800.993431,v4l2_qbuf,0,VIDEO_OUTPUT_MPLANE
15800.993452,v4l2_qbuf,6,VIDEO_CAPTURE_MPLANE
15800.996787,v4l2_dqbuf,6,VIDEO_CAPTURE_MPLANE
15800.996888,v4l2_dqbuf,0,VIDEO_OUTPUT_MPLANE
15801.010605,v4l2_qbuf,0,VIDEO_OUTPUT_MPLANE
15801.010627,v4l2_qbuf,1,VIDEO_CAPTURE_MPLANE
15801.013864,v4l2_dqbuf,1,VIDEO_CAPTURE_MPLANE
15801.013880,v4l2_dqbuf,0,VIDEO_OUTPUT_MPLANE
15801.026896,v4l2_qbuf,0,VIDEO_OUTPUT_MPLANE
15801.026913,v4l2_qbuf,4,VIDEO_CAPTURE_MPLANE
15801.029131,v4l2_dqbuf,4,VIDEO_CAPTURE_MPLANE
15801.029161,v4l2_dqbuf,0,VIDEO_OUTPUT_MPLANE
15801.043833,v4l2_qbuf,0,VIDEO_OUTPUT_MPLANE
15801.043856,v4l2_qbuf,7,VIDEO_CAPTURE_MPLANE
15801.046970,v4l2_dqbuf,7,VIDEO_CAPTURE_MPLANE
15801.046985,v4l2_dqbuf,0,VIDEO_OUTPUT_MPLANE
15801.060354,v4l2_qbuf,0,VIDEO_OUTPUT_MPLANE
15801.060385,v4l2_qbuf,0,VIDEO_CAPTURE_MPLANE
15801.063929,v4l2_dqbuf,0,VIDEO_CAPTURE_MPLANE
15801.064121,v4l2_dqbuf,0,VIDEO_OUTPUT_MPLANE
15801.077457,v4l2_qbuf,0,VIDEO_OUTPUT_MPLANE
15801.077504,v4l2_qbuf,2,VIDEO_CAPTURE_MPLANE
15801.080797,v4l2_dqbuf,2,VIDEO_CAPTURE_MPLANE
15801.080810,v4l2_dqbuf,0,VIDEO_OUTPUT_MPLANE
15801.093456,v4l2_qbuf,0,VIDEO_OUTPUT_MPLANE
15801.093478,v4l2_qbuf,6,VIDEO_CAPTURE_MPLANE
15801.095707,v4l2_dqbuf,6,VIDEO_CAPTURE_MPLANE
15801.095723,v4l2_dqbuf,0,VIDEO_OUTPUT_MPLANE
15801.110357,v4l2_qbuf,0,VIDEO_OUTPUT_MPLANE
15801.110385,v4l2_qbuf,5,VIDEO_CAPTURE_MPLANE
15801.113590,v4l2_dqbuf,5,VIDEO_CAPTURE_MPLANE
15801.113607,v4l2_dqbuf,0,VIDEO_OUTPUT_MPLANE
15801.126717,v4l2_qbuf,0,VIDEO_OUTPUT_MPLANE
15801.126740,v4l2_qbuf,1,VIDEO_CAPTURE_MPLANE
15801.130018,v4l2_dqbuf,1,VIDEO_CAPTURE_MPLANE
15801.130111,v4l2_dqbuf,0,VIDEO_OUTPUT_MPLANE
15801.143420,v4l2_qbuf,0,VIDEO_OUTPUT_MPLANE
15801.143445,v4l2_qbuf,3,VIDEO_CAPTURE_MPLANE
15801.146759,v4l2_dqbuf,3,VIDEO_CAPTURE_MPLANE
15801.146775,v4l2_dqbuf,0,VIDEO_OUTPUT_MPLANE
15801.160271,v4l2_qbuf,0,VIDEO_OUTPUT_MPLANE
15801.160292,v4l2_qbuf,0,VIDEO_CAPTURE_MPLANE
15801.162459,v4l2_dqbuf,0,VIDEO_CAPTURE_MPLANE
15801.162476,v4l2_dqbuf,0,VIDEO_OUTPUT_MPLANE
15801.176768,v4l2_qbuf,0,VIDEO_OUTPUT_MPLANE
15801.176789,v4l2_qbuf,7,VIDEO_CAPTURE_MPLANE
15801.180060,v4l2_dqbuf,7,VIDEO_CAPTURE_MPLANE
15801.180077,v4l2_dqbuf,0,VIDEO_OUTPUT_MPLANE
15801.193303,v4l2_qbuf,0,VIDEO_OUTPUT_MPLANE
15801.193325,v4l2_qbuf,2,VIDEO_CAPTURE_MPLANE
15801.196520,v4l2_dqbuf,2,VIDEO_CAPTURE_MPLANE
15801.196601,v4l2_dqbuf,0,VIDEO_OUTPUT_MPLANE
15801.211577,v4l2_qbuf,0,VIDEO_OUTPUT_MPLANE
15801.211629,v4l2_qbuf,4,VIDEO_CAPTURE_MPLANE
15801.215106,v4l2_dqbuf,4,VIDEO_CAPTURE_MPLANE
15801.215137,v4l2_dqbuf,0,VIDEO_OUTPUT_MPLANE
15801.226929,v4l2_qbuf,0,VIDEO_OUTPUT_MPLANE
15801.226963,v4l2_qbuf,1,VIDEO_CAPTURE_MPLANE
15801.229422,v4l2_dqbuf,1,VIDEO_CAPTURE_MPLANE
15801.229455,v4l2_dqbuf,0,VIDEO_OUTPUT_MPLANE
15801.243549,v4l2_qbuf,0,VIDEO_OUTPUT_MPLANE
15801.243566,v4l2_qbuf,5,VIDEO_CAPTURE_MPLANE
15801.246740,v4l2_dqbuf,5,VIDEO_CAPTURE_MPLANE
15801.246770,v4l2_dqbuf,0,VIDEO_OUTPUT_MPLANE
15801.260426,v4l2_qbuf,0,VIDEO_OUTPUT_MPLANE
15801.260445,v4l2_qbuf,3,VIDEO_CAPTURE_MPLANE
15801.263745,v4l2_dqbuf,3,VIDEO_CAPTURE_MPLANE
15801.263858,v4l2_dqbuf,0,VIDEO_OUTPUT_MPLANE
15801.276727,v4l2_qbuf,0,VIDEO_OUTPUT_MPLANE
15801.276750,v4l2_qbuf,6,VIDEO_CAPTURE_MPLANE
15801.280098,v4l2_dqbuf,6,VIDEO_CAPTURE_MPLANE
15801.280113,v4l2_dqbuf,0,VIDEO_OUTPUT_MPLANE
15801.293622,v4l2_qbuf,0,VIDEO_OUTPUT_MPLANE
15801.293658,v4l2_qbuf,2,VIDEO_CAPTURE_MPLANE
15801.295898,v4l2_dqbuf,2,VIDEO_CAPTURE_MPLANE
15801.295915,v4l2_dqbuf,0,VIDEO_OUTPUT_MPLANE
15801.310407,v4l2_qbuf,0,VIDEO_OUTPUT_MPLANE
15801.310442,v4l2_qbuf,7,VIDEO_CAPTURE_MPLANE
15801.313756,v4l2_dqbuf,7,VIDEO_CAPTURE_MPLANE
15801.313789,v4l2_dqbuf,0,VIDEO_OUTPUT_MPLANE
15801.327176,v4l2_qbuf,0,VIDEO_OUTPUT_MPLANE
15801.327218,v4l2_qbuf,4,VIDEO_CAPTURE_MPLANE
15801.330432,v4l2_dqbuf,4,VIDEO_CAPTURE_MPLANE
15801.330564,v4l2_dqbuf,0,VIDEO_OUTPUT_MPLANE
15801.343924,v4l2_qbuf,0,VIDEO_OUTPUT_MPLANE
15801.343965,v4l2_qbuf,0,VIDEO_CAPTURE_MPLANE
15801.347342,v4l2_dqbuf,0,VIDEO_CAPTURE_MPLANE
15801.347365,v4l2_dqbuf,0,VIDEO_OUTPUT_MPLANE
15801.360299,v4l2_qbuf,0,VIDEO_OUTPUT_MPLANE
15801.360321,v4l2_qbuf,3,VIDEO_CAPTURE_MPLANE
15801.362564,v4l2_dqbuf,3,VIDEO_CAPTURE_MPLANE
15801.362581,v4l2_dqbuf,0,VIDEO_OUTPUT_MPLANE
15801.376965,v4l2_qbuf,0,VIDEO_OUTPUT_MPLANE
15801.376988,v4l2_qbuf,5,VIDEO_CAPTURE_MPLANE
15801.380256,v4l2_dqbuf,5,VIDEO_CAPTURE_MPLANE
15801.380278,v4l2_dqbuf,0,VIDEO_OUTPUT_MPLANE
15801.393468,v4l2_qbuf,0,VIDEO_OUTPUT_MPLANE
15801.393492,v4l2_qbuf,6,VIDEO_CAPTURE_MPLANE
15801.396738,v4l2_dqbuf,6,VIDEO_CAPTURE_MPLANE
15801.396838,v4l2_dqbuf,0,VIDEO_OUTPUT_MPLANE
15801.410304,v4l2_qbuf,0,VIDEO_OUTPUT_MPLANE
15801.410327,v4l2_qbuf,1,VIDEO_CAPTURE_MPLANE
15801.413713,v4l2_dqbuf,1,VIDEO_CAPTURE_MPLANE
15801.413729,v4l2_dqbuf,0,VIDEO_OUTPUT_MPLANE
15801.426951,v4l2_qbuf,0,VIDEO_OUTPUT_MPLANE
15801.427023,v4l2_qbuf,4,VIDEO_CAPTURE_MPLANE
15801.429335,v4l2_dqbuf,4,VIDEO_CAPTURE_MPLANE
15801.429409,v4l2_dqbuf,0,VIDEO_OUTPUT_MPLANE
15801.443360,v4l2_qbuf,0,VIDEO_OUTPUT_MPLANE
15801.443383,v4l2_qbuf,7,VIDEO_CAPTURE_MPLANE
15801.446771,v4l2_dqbuf,7,VIDEO_CAPTURE_MPLANE
15801.446808,v4l2_dqbuf,0,VIDEO_OUTPUT_MPLANE
15801.460445,v4l2_qbuf,0,VIDEO_OUTPUT_MPLANE
15801.460467,v4l2_qbuf,0,VIDEO_CAPTURE_MPLANE
15801.463697,v4l2_dqbuf,0,VIDEO_CAPTURE_MPLANE
15801.463853,v4l2_dqbuf,0,VIDEO_OUTPUT_MPLANE
15801.476903,v4l2_qbuf,0,VIDEO_OUTPUT_MPLANE
15801.476922,v4l2_qbuf,2,VIDEO_CAPTURE_MPLANE
15801.480141,v4l2_dqbuf,2,VIDEO_CAPTURE_MPLANE
15801.480157,v4l2_dqbuf,0,VIDEO_OUTPUT_MPLANE
15801.493371,v4l2_qbuf,0,VIDEO_OUTPUT_MPLANE
15801.493448,v4l2_qbuf,6,VIDEO_CAPTURE_MPLANE
15801.495681,v4l2_dqbuf,6,VIDEO_CAPTURE_MPLANE
15801.495698,v4l2_dqbuf,0,VIDEO_OUTPUT_MPLANE
15801.510276,v4l2_qbuf,0,VIDEO_OUTPUT_MPLANE
15801.510321,v4l2_qbuf,5,VIDEO_CAPTURE_MPLANE
15801.513709,v4l2_dqbuf,5,VIDEO_CAPTURE_MPLANE
15801.513752,v4l2_dqbuf,0,VIDEO_OUTPUT_MPLANE
15801.527337,v4l2_qbuf,0,VIDEO_OUTPUT_MPLANE
15801.527489,v4l2_qbuf,1,VIDEO_CAPTURE_MPLANE
15801.530848,v4l2_dqbuf,1,VIDEO_CAPTURE_MPLANE
15801.531013,v4l2_dqbuf,0,VIDEO_OUTPUT_MPLANE
15801.544143,v4l2_qbuf,0,VIDEO_OUTPUT_MPLANE
15801.544264,v4l2_qbuf,3,VIDEO_CAPTURE_MPLANE
15801.547794,v4l2_dqbuf,3,VIDEO_CAPTURE_MPLANE
15801.547829,v4l2_dqbuf,0,VIDEO_OUTPUT_MPLANE
15801.560770,v4l2_qbuf,0,VIDEO_OUTPUT_MPLANE
15801.560828,v4l2_qbuf,0,VIDEO_CAPTURE_MPLANE
15801.563228,v4l2_dqbuf,0,VIDEO_CAPTURE_MPLANE
15801.563244,v4l2_dqbuf,0,VIDEO_OUTPUT_MPLANE
15801.577315,v4l2_qbuf,0,VIDEO_OUTPUT_MPLANE
15801.577426,v4l2_qbuf,7,VIDEO_CAPTURE_MPLANE
15801.580677,v4l2_dqbuf,7,VIDEO_CAPTURE_MPLANE
15801.580743,v4l2_dqbuf,0,VIDEO_OUTPUT_MPLANE
15801.594559,v4l2_qbuf,0,VIDEO_OUTPUT_MPLANE
15801.594620,v4l2_qbuf,2,VIDEO_CAPTURE_MPLANE
15801.597882,v4l2_dqbuf,2,VIDEO_CAPTURE_MPLANE
15801.597985,v4l2_dqbuf,0,VIDEO_OUTPUT_MPLANE
15801.610242,v4l2_qbuf,0,VIDEO_OUTPUT_MPLANE
15801.610265,v4l2_qbuf,4,VIDEO_CAPTURE_MPLANE
15801.613650,v4l2_dqbuf,4,VIDEO_CAPTURE_MPLANE
15801.613665,v4l2_dqbuf,0,VIDEO_OUTPUT_MPLANE
15801.626897,v4l2_qbuf,0,VIDEO_OUTPUT_MPLANE
15801.626919,v4l2_qbuf,1,VIDEO_CAPTURE_MPLANE
15801.629215,v4l2_dqbuf,1,VIDEO_CAPTURE_MPLANE
15801.629231,v4l2_dqbuf,0,VIDEO_OUTPUT_MPLANE
15801.643611,v4l2_qbuf,0,VIDEO_OUTPUT_MPLANE
15801.643632,v4l2_qbuf,5,VIDEO_CAPTURE_MPLANE
15801.646900,v4l2_dqbuf,5,VIDEO_CAPTURE_MPLANE
15801.646917,v4l2_dqbuf,0,VIDEO_OUTPUT_MPLANE
15801.660297,v4l2_qbuf,0,VIDEO_OUTPUT_MPLANE
15801.660331,v4l2_qbuf,3,VIDEO_CAPTURE_MPLANE
15801.663665,v4l2_dqbuf,3,VIDEO_CAPTURE_MPLANE
15801.663686,v4l2_dqbuf,0,VIDEO_OUTPUT_MPLANE
15801.678158,v4l2_qbuf,0,VIDEO_OUTPUT_MPLANE
15801.678181,v4l2_qbuf,6,VIDEO_CAPTURE_MPLANE
15801.680497,v4l2_dqbuf,6,VIDEO_CAPTURE_MPLANE
15801.680514,v4l2_dqbuf,0,VIDEO_OUTPUT_MPLANE
15801.693901,v4l2_qbuf,0,VIDEO_OUTPUT_MPLANE
15801.693956,v4l2_qbuf,2,VIDEO_CAPTURE_MPLANE
15801.697600,v4l2_dqbuf,2,VIDEO_CAPTURE_MPLANE
15801.697641,v4l2_dqbuf,0,VIDEO_OUTPUT_MPLANE
15801.710545,v4l2_qbuf,0,VIDEO_OUTPUT_MPLANE
15801.710580,v4l2_qbuf,7,VIDEO_CAPTURE_MPLANE
15801.713979,v4l2_dqbuf,7,VIDEO_CAPTURE_MPLANE
15801.714234,v4l2_dqbuf,0,VIDEO_OUTPUT_MPLANE
15801.727050,v4l2_qbuf,0,VIDEO_OUTPUT_MPLANE
15801.727134,v4l2_qbuf,4,VIDEO_CAPTURE_MPLANE
15801.730516,v4l2_dqbuf,4,VIDEO_CAPTURE_MPLANE
15801.730700,v4l2_dqbuf,0,VIDEO_OUTPUT_MPLANE
15801.743640,v4l2_qbuf,0,VIDEO_OUTPUT_MPLANE
15801.743680,v4l2_qbuf,0,VIDEO_CAPTURE_MPLANE
15801.745696,v4l2_dqbuf,0,VIDEO_CAPTURE_MPLANE
15801.745721,v4l2_dqbuf,0,VIDEO_OUTPUT_MPLANE
15801.760236,v4l2_qbuf,0,VIDEO_OUTPUT_MPLANE
15801.760280,v4l2_qbuf,5,VIDEO_CAPTURE_MPLANE
15801.762470,v4l2_dqbuf,5,VIDEO_CAPTURE_MPLANE
15801.762485,v4l2_dqbuf,0,VIDEO_OUTPUT_MPLANE
15801.776757,v4l2_qbuf,0,VIDEO_OUTPUT_MPLANE
15801.776781,v4l2_qbuf,3,VIDEO_CAPTURE_MPLANE
15801.779983,v4l2_dqbuf,3,VIDEO_CAPTURE_MPLANE
15801.779997,v4l2_dqbuf,0,VIDEO_OUTPUT_MPLANE
15801.794071,v4l2_qbuf,0,VIDEO_OUTPUT_MPLANE
15801.794112,v4l2_qbuf,1,VIDEO_CAPTURE_MPLANE
15801.797416,v4l2_dqbuf,1,VIDEO_CAPTURE_MPLANE
15801.797582,v4l2_dqbuf,0,VIDEO_OUTPUT_MPLANE
15801.810440,v4l2_qbuf,0,VIDEO_OUTPUT_MPLANE
15801.810494,v4l2_qbuf,7,VIDEO_CAPTURE_MPLANE
15801.814044,v4l2_dqbuf,7,VIDEO_CAPTURE_MPLANE
15801.814224,v4l2_dqbuf,0,VIDEO_OUTPUT_MPLANE
15801.827231,v4l2_qbuf,0,VIDEO_OUTPUT_MPLANE
15801.827257,v4l2_qbuf,2,VIDEO_CAPTURE_MPLANE
15801.829502,v4l2_dqbuf,2,VIDEO_CAPTURE_MPLANE
15801.829518,v4l2_dqbuf,0,VIDEO_OUTPUT_MPLANE
15801.844356,v4l2_qbuf,0,VIDEO_OUTPUT_MPLANE
15801.844386,v4l2_qbuf,4,VIDEO_CAPTURE_MPLANE
15801.847607,v4l2_dqbuf,4,VIDEO_CAPTURE_MPLANE
15801.847625,v4l2_dqbuf,0,VIDEO_OUTPUT_MPLANE
15801.860479,v4l2_qbuf,0,VIDEO_OUTPUT_MPLANE
15801.860517,v4l2_qbuf,6,VIDEO_CAPTURE_MPLANE
15801.863892,v4l2_dqbuf,6,VIDEO_CAPTURE_MPLANE
15801.863970,v4l2_dqbuf,0,VIDEO_OUTPUT_MPLANE
15801.877016,v4l2_qbuf,0,VIDEO_OUTPUT_MPLANE
15801.877035,v4l2_qbuf,0,VIDEO_CAPTURE_MPLANE
15801.880461,v4l2_dqbuf,0,VIDEO_CAPTURE_MPLANE
15801.880473,v4l2_dqbuf,0,VIDEO_OUTPUT_MPLANE
15801.893431,v4l2_qbuf,0,VIDEO_OUTPUT_MPLANE
15801.893448,v4l2_qbuf,1,VIDEO_CAPTURE_MPLANE
15801.895752,v4l2_dqbuf,1,VIDEO_CAPTURE_MPLANE
15801.895793,v4l2_dqbuf,0,VIDEO_OUTPUT_MPLANE
15801.910719,v4l2_qbuf,0,VIDEO_OUTPUT_MPLANE
15801.910771,v4l2_qbuf,3,VIDEO_CAPTURE_MPLANE
15801.914115,v4l2_dqbuf,3,VIDEO_CAPTURE_MPLANE
15801.914142,v4l2_dqbuf,0,VIDEO_OUTPUT_MPLANE
15801.926972,v4l2_qbuf,0,VIDEO_OUTPUT_MPLANE
15801.926994,v4l2_qbuf,7,VIDEO_CAPTURE_MPLANE
15801.930444,v4l2_dqbuf,7,VIDEO_CAPTURE_MPLANE
15801.930586,v4l2_dqbuf,0,VIDEO_OUTPUT_MPLANE
15801.943816,v4l2_qbuf,0,VIDEO_OUTPUT_MPLANE
15801.943839,v4l2_qbuf,5,VIDEO_CAPTURE_MPLANE
15801.947086,v4l2_dqbuf,5,VIDEO_CAPTURE_MPLANE
15801.947099,v4l2_dqbuf,0,VIDEO_OUTPUT_MPLANE
15801.960188,v4l2_qbuf,0,VIDEO_OUTPUT_MPLANE
15801.960204,v4l2_qbuf,6,VIDEO_CAPTURE_MPLANE
15801.962524,v4l2_dqbuf,6,VIDEO_CAPTURE_MPLANE
15801.962539,v4l2_dqbuf,0,VIDEO_OUTPUT_MPLANE
15801.976938,v4l2_qbuf,0,VIDEO_OUTPUT_MPLANE
15801.976953,v4l2_qbuf,4,VIDEO_CAPTURE_MPLANE
15801.980277,v4l2_dqbuf,4,VIDEO_CAPTURE_MPLANE
15801.980293,v4l2_dqbuf,0,VIDEO_OUTPUT_MPLANE
15801.993580,v4l2_qbuf,0,VIDEO_OUTPUT_MPLANE
15801.993618,v4l2_qbuf,0,VIDEO_CAPTURE_MPLANE
15801.997106,v4l2_dqbuf,0,VIDEO_CAPTURE_MPLANE
15801.997268,v4l2_dqbuf,0,VIDEO_OUTPUT_MPLANE
15802.010413,v4l2_qbuf,0,VIDEO_OUTPUT_MPLANE
15802.010438,v4l2_qbuf,2,VIDEO_CAPTURE_MPLANE
15802.013904,v4l2_dqbuf,2,VIDEO_CAPTURE_MPLANE
15802.013931,v4l2_dqbuf,0,VIDEO_OUTPUT_MPLANE
15802.026661,v4l2_qbuf,0,VIDEO_OUTPUT_MPLANE
15802.026690,v4l2_qbuf,7,VIDEO_CAPTURE_MPLANE
15802.028963,v4l2_dqbuf,7,VIDEO_CAPTURE_MPLANE
15802.028990,v4l2_dqbuf,0,VIDEO_OUTPUT_MPLANE
15802.043806,v4l2_qbuf,0,VIDEO_OUTPUT_MPLANE
15802.043827,v4l2_qbuf,3,VIDEO_CAPTURE_MPLANE
15802.048925,v4l2_dqbuf,3,VIDEO_CAPTURE_MPLANE
15802.048945,v4l2_dqbuf,0,VIDEO_OUTPUT_MPLANE
15802.060631,v4l2_qbuf,0,VIDEO_OUTPUT_MPLANE
15802.060674,v4l2_qbuf,5,VIDEO_CAPTURE_MPLANE
15802.064186,v4l2_dqbuf,5,VIDEO_CAPTURE_MPLANE
15802.064271,v4l2_dqbuf,0,VIDEO_OUTPUT_MPLANE
15802.077040,v4l2_qbuf,0,VIDEO_OUTPUT_MPLANE
15802.077107,v4l2_qbuf,1,VIDEO_CAPTURE_MPLANE
15802.080681,v4l2_dqbuf,1,VIDEO_CAPTURE_MPLANE
15802.080715,v4l2_dqbuf,0,VIDEO_OUTPUT_MPLANE
15802.094254,v4l2_qbuf,0,VIDEO_OUTPUT_MPLANE
15802.094328,v4l2_qbuf,0,VIDEO_CAPTURE_MPLANE
15802.096795,v4l2_dqbuf,0,VIDEO_CAPTURE_MPLANE
15802.096829,v4l2_dqbuf,0,VIDEO_OUTPUT_MPLANE
15802.110748,v4l2_qbuf,0,VIDEO_OUTPUT_MPLANE
15802.110835,v4l2_qbuf,4,VIDEO_CAPTURE_MPLANE
15802.114266,v4l2_dqbuf,4,VIDEO_CAPTURE_MPLANE
15802.114294,v4l2_dqbuf,0,VIDEO_OUTPUT_MPLANE
15802.127204,v4l2_qbuf,0,VIDEO_OUTPUT_MPLANE
15802.127228,v4l2_qbuf,2,VIDEO_CAPTURE_MPLANE
15802.130570,v4l2_dqbuf,2,VIDEO_CAPTURE_MPLANE
15802.130669,v4l2_dqbuf,0,VIDEO_OUTPUT_MPLANE
15802.143920,v4l2_qbuf,0,VIDEO_OUTPUT_MPLANE
15802.143945,v4l2_qbuf,6,VIDEO_CAPTURE_MPLANE
15802.147182,v4l2_dqbuf,6,VIDEO_CAPTURE_MPLANE
15802.147212,v4l2_dqbuf,0,VIDEO_OUTPUT_MPLANE
15802.160118,v4l2_qbuf,0,VIDEO_OUTPUT_MPLANE
15802.160148,v4l2_qbuf,5,VIDEO_CAPTURE_MPLANE
15802.162356,v4l2_dqbuf,5,VIDEO_CAPTURE_MPLANE
15802.162373,v4l2_dqbuf,0,VIDEO_OUTPUT_MPLANE
15802.176979,v4l2_qbuf,0,VIDEO_OUTPUT_MPLANE
15802.177000,v4l2_qbuf,3,VIDEO_CAPTURE_MPLANE
15802.180263,v4l2_dqbuf,3,VIDEO_CAPTURE_MPLANE
15802.180283,v4l2_dqbuf,0,VIDEO_OUTPUT_MPLANE
15802.193477,v4l2_qbuf,0,VIDEO_OUTPUT_MPLANE
15802.193500,v4l2_qbuf,1,VIDEO_CAPTURE_MPLANE
15802.196740,v4l2_dqbuf,1,VIDEO_CAPTURE_MPLANE
15802.196843,v4l2_dqbuf,0,VIDEO_OUTPUT_MPLANE
15802.210337,v4l2_qbuf,0,VIDEO_OUTPUT_MPLANE
15802.210359,v4l2_qbuf,7,VIDEO_CAPTURE_MPLANE
15802.213676,v4l2_dqbuf,7,VIDEO_CAPTURE_MPLANE
15802.213691,v4l2_dqbuf,0,VIDEO_OUTPUT_MPLANE
15802.226568,v4l2_qbuf,0,VIDEO_OUTPUT_MPLANE
15802.226583,v4l2_qbuf,2,VIDEO_CAPTURE_MPLANE
15802.228713,v4l2_dqbuf,2,VIDEO_CAPTURE_MPLANE
15802.228726,v4l2_dqbuf,0,VIDEO_OUTPUT_MPLANE
15802.243494,v4l2_qbuf,0,VIDEO_OUTPUT_MPLANE
15802.243522,v4l2_qbuf,4,VIDEO_CAPTURE_MPLANE
15802.246669,v4l2_dqbuf,4,VIDEO_CAPTURE_MPLANE
15802.246682,v4l2_dqbuf,0,VIDEO_OUTPUT_MPLANE
15802.259988,v4l2_qbuf,0,VIDEO_OUTPUT_MPLANE
15802.260012,v4l2_qbuf,6,VIDEO_CAPTURE_MPLANE
15802.265039,v4l2_dqbuf,6,VIDEO_CAPTURE_MPLANE
15802.265295,v4l2_dqbuf,0,VIDEO_OUTPUT_MPLANE
15802.276680,v4l2_qbuf,0,VIDEO_OUTPUT_MPLANE
15802.276698,v4l2_qbuf,0,VIDEO_CAPTURE_MPLANE
15802.280074,v4l2_dqbuf,0,VIDEO_CAPTURE_MPLANE
15802.280087,v4l2_dqbuf,0,VIDEO_OUTPUT_MPLANE
15802.293402,v4l2_qbuf,0,VIDEO_OUTPUT_MPLANE
15802.293434,v4l2_qbuf,1,VIDEO_CAPTURE_MPLANE
15802.295606,v4l2_dqbuf,1,VIDEO_CAPTURE_MPLANE
15802.295619,v4l2_dqbuf,0,VIDEO_OUTPUT_MPLANE
15802.310265,v4l2_qbuf,0,VIDEO_OUTPUT_MPLANE
15802.310302,v4l2_qbuf,3,VIDEO_CAPTURE_MPLANE
15802.313816,v4l2_dqbuf,3,VIDEO_CAPTURE_MPLANE
15802.313850,v4l2_dqbuf,0,VIDEO_OUTPUT_MPLANE
15802.327265,v4l2_qbuf,0,VIDEO_OUTPUT_MPLANE
15802.327308,v4l2_qbuf,7,VIDEO_CAPTURE_MPLANE
15802.330543,v4l2_dqbuf,7,VIDEO_CAPTURE_MPLANE
15802.330619,v4l2_dqbuf,0,VIDEO_OUTPUT_MPLANE
15802.343409,v4l2_qbuf,0,VIDEO_OUTPUT_MPLANE
15802.343425,v4l2_qbuf,5,VIDEO_CAPTURE_MPLANE
15802.346619,v4l2_dqbuf,5,VIDEO_CAPTURE_MPLANE
15802.346629,v4l2_dqbuf,0,VIDEO_OUTPUT_MPLANE
15802.360209,v4l2_qbuf,0,VIDEO_OUTPUT_MPLANE
15802.360225,v4l2_qbuf,6,VIDEO_CAPTURE_MPLANE
15802.362256,v4l2_dqbuf,6,VIDEO_CAPTURE_MPLANE
15802.362267,v4l2_dqbuf,0,VIDEO_OUTPUT_MPLANE
15802.376785,v4l2_qbuf,0,VIDEO_OUTPUT_MPLANE
15802.376805,v4l2_qbuf,4,VIDEO_CAPTURE_MPLANE
15802.380137,v4l2_dqbuf,4,VIDEO_CAPTURE_MPLANE
15802.380155,v4l2_dqbuf,0,VIDEO_OUTPUT_MPLANE
15802.393392,v4l2_qbuf,0,VIDEO_OUTPUT_MPLANE
15802.393413,v4l2_qbuf,0,VIDEO_CAPTURE_MPLANE
15802.396637,v4l2_dqbuf,0,VIDEO_CAPTURE_MPLANE
15802.396731,v4l2_dqbuf,0,VIDEO_OUTPUT_MPLANE
15802.410225,v4l2_qbuf,0,VIDEO_OUTPUT_MPLANE
15802.410247,v4l2_qbuf,2,VIDEO_CAPTURE_MPLANE
15802.413452,v4l2_dqbuf,2,VIDEO_CAPTURE_MPLANE
15802.413481,v4l2_dqbuf,0,VIDEO_OUTPUT_MPLANE
15802.427176,v4l2_qbuf,0,VIDEO_OUTPUT_MPLANE
15802.427198,v4l2_qbuf,7,VIDEO_CAPTURE_MPLANE
15802.429507,v4l2_dqbuf,7,VIDEO_CAPTURE_MPLANE
15802.429532,v4l2_dqbuf,0,VIDEO_OUTPUT_MPLANE
15802.443814,v4l2_qbuf,0,VIDEO_OUTPUT_MPLANE
15802.443835,v4l2_qbuf,3,VIDEO_CAPTURE_MPLANE
15802.447119,v4l2_dqbuf,3,VIDEO_CAPTURE_MPLANE
15802.447138,v4l2_dqbuf,0,VIDEO_OUTPUT_MPLANE
15802.460112,v4l2_qbuf,0,VIDEO_OUTPUT_MPLANE
15802.460133,v4l2_qbuf,5,VIDEO_CAPTURE_MPLANE
15802.463351,v4l2_dqbuf,5,VIDEO_CAPTURE_MPLANE
15802.463496,v4l2_dqbuf,0,VIDEO_OUTPUT_MPLANE
15802.476690,v4l2_qbuf,0,VIDEO_OUTPUT_MPLANE
15802.476713,v4l2_qbuf,1,VIDEO_CAPTURE_MPLANE
15802.479846,v4l2_dqbuf,1,VIDEO_CAPTURE_MPLANE
15802.479872,v4l2_dqbuf,0,VIDEO_OUTPUT_MPLANE
15802.493233,v4l2_qbuf,0,VIDEO_OUTPUT_MPLANE
15802.493256,v4l2_qbuf,0,VIDEO_CAPTURE_MPLANE
15802.495594,v4l2_dqbuf,0,VIDEO_CAPTURE_MPLANE
15802.495630,v4l2_dqbuf,0,VIDEO_OUTPUT_MPLANE
15802.509912,v4l2_qbuf,0,VIDEO_OUTPUT_MPLANE
15802.509936,v4l2_qbuf,4,VIDEO_CAPTURE_MPLANE
15802.513140,v4l2_dqbuf,4,VIDEO_CAPTURE_MPLANE
15802.513158,v4l2_dqbuf,0,VIDEO_OUTPUT_MPLANE
15802.529312,v4l2_qbuf,0,VIDEO_OUTPUT_MPLANE
15802.529331,v4l2_qbuf,2,VIDEO_CAPTURE_MPLANE
15802.529805,v4l2_qbuf,1,VIDEO_OUTPUT_MPLANE
15802.529817,v4l2_qbuf,5,VIDEO_CAPTURE_MPLANE
15802.529950,v4l2_qbuf,2,VIDEO_OUTPUT_MPLANE
15802.529958,v4l2_qbuf,3,VIDEO_CAPTURE_MPLANE
15802.532601,v4l2_dqbuf,2,VIDEO_CAPTURE_MPLANE
15802.532829,v4l2_dqbuf,0,VIDEO_OUTPUT_MPLANE
15802.535906,v4l2_dqbuf,5,VIDEO_CAPTURE_MPLANE
15802.536337,v4l2_dqbuf,1,VIDEO_OUTPUT_MPLANE
15802.537963,v4l2_dqbuf,3,VIDEO_CAPTURE_MPLANE
15802.537980,v4l2_dqbuf,2,VIDEO_OUTPUT_MPLANE
15802.546205,v4l2_qbuf,0,VIDEO_OUTPUT_MPLANE
15802.546258,v4l2_qbuf,6,VIDEO_CAPTURE_MPLANE
15802.549481,v4l2_dqbuf,6,VIDEO_CAPTURE_MPLANE
15802.549502,v4l2_dqbuf,0,VIDEO_OUTPUT_MPLANE
15802.562768,v4l2_qbuf,0,VIDEO_OUTPUT_MPLANE
15802.562789,v4l2_qbuf,1,VIDEO_CAPTURE_MPLANE
15802.569153,v4l2_dqbuf,1,VIDEO_CAPTURE_MPLANE
15802.569283,v4l2_dqbuf,0,VIDEO_OUTPUT_MPLANE
15802.579318,v4l2_qbuf,0,VIDEO_OUTPUT_MPLANE
15802.579337,v4l2_qbuf,7,VIDEO_CAPTURE_MPLANE
15802.582835,v4l2_dqbuf,7,VIDEO_CAPTURE_MPLANE
15802.582854,v4l2_dqbuf,0,VIDEO_OUTPUT_MPLANE
15802.596199,v4l2_qbuf,0,VIDEO_OUTPUT_MPLANE
15802.596220,v4l2_qbuf,2,VIDEO_CAPTURE_MPLANE
15802.598369,v4l2_dqbuf,2,VIDEO_CAPTURE_MPLANE
15802.598385,v4l2_dqbuf,0,VIDEO_OUTPUT_MPLANE
15802.612834,v4l2_qbuf,0,VIDEO_OUTPUT_MPLANE
15802.612856,v4l2_qbuf,4,VIDEO_CAPTURE_MPLANE
15802.616160,v4l2_dqbuf,4,VIDEO_CAPTURE_MPLANE
15802.616177,v4l2_dqbuf,0,VIDEO_OUTPUT_MPLANE
15802.629499,v4l2_qbuf,0,VIDEO_OUTPUT_MPLANE
15802.629521,v4l2_qbuf,5,VIDEO_CAPTURE_MPLANE
15802.632667,v4l2_dqbuf,5,VIDEO_CAPTURE_MPLANE
15802.632763,v4l2_dqbuf,0,VIDEO_OUTPUT_MPLANE
15802.646224,v4l2_qbuf,0,VIDEO_OUTPUT_MPLANE
15802.646246,v4l2_qbuf,0,VIDEO_CAPTURE_MPLANE
15802.649515,v4l2_dqbuf,0,VIDEO_CAPTURE_MPLANE
15802.649530,v4l2_dqbuf,0,VIDEO_OUTPUT_MPLANE
15802.663145,v4l2_qbuf,0,VIDEO_OUTPUT_MPLANE
15802.663166,v4l2_qbuf,1,VIDEO_CAPTURE_MPLANE
15802.665281,v4l2_dqbuf,1,VIDEO_CAPTURE_MPLANE
15802.665298,v4l2_dqbuf,0,VIDEO_OUTPUT_MPLANE
15802.679820,v4l2_qbuf,0,VIDEO_OUTPUT_MPLANE
15802.679870,v4l2_qbuf,6,VIDEO_CAPTURE_MPLANE
15802.684142,v4l2_dqbuf,6,VIDEO_CAPTURE_MPLANE
15802.684188,v4l2_dqbuf,0,VIDEO_OUTPUT_MPLANE
15802.696246,v4l2_qbuf,0,VIDEO_OUTPUT_MPLANE
15802.696271,v4l2_qbuf,7,VIDEO_CAPTURE_MPLANE
15802.699528,v4l2_dqbuf,7,VIDEO_CAPTURE_MPLANE
15802.699643,v4l2_dqbuf,0,VIDEO_OUTPUT_MPLANE
15802.713178,v4l2_qbuf,0,VIDEO_OUTPUT_MPLANE
15802.713201,v4l2_qbuf,3,VIDEO_CAPTURE_MPLANE
15802.715000,v4l2_dqbuf,3,VIDEO_CAPTURE_MPLANE
15802.715032,v4l2_dqbuf,0,VIDEO_OUTPUT_MPLANE
15802.729668,v4l2_qbuf,0,VIDEO_OUTPUT_MPLANE
15802.729706,v4l2_qbuf,5,VIDEO_CAPTURE_MPLANE
15802.731972,v4l2_dqbuf,5,VIDEO_CAPTURE_MPLANE
15802.732028,v4l2_dqbuf,0,VIDEO_OUTPUT_MPLANE
15802.746126,v4l2_qbuf,0,VIDEO_OUTPUT_MPLANE
15802.746146,v4l2_qbuf,4,VIDEO_CAPTURE_MPLANE
15802.749407,v4l2_dqbuf,4,VIDEO_CAPTURE_MPLANE
15802.749420,v4l2_dqbuf,0,VIDEO_OUTPUT_MPLANE
15802.762874,v4l2_qbuf,0,VIDEO_OUTPUT_MPLANE
15802.762911,v4l2_qbuf,0,VIDEO_CAPTURE_MPLANE
15802.767325,v4l2_dqbuf,0,VIDEO_CAPTURE_MPLANE
15802.767558,v4l2_dqbuf,0,VIDEO_OUTPUT_MPLANE
15802.779621,v4l2_qbuf,0,VIDEO_OUTPUT_MPLANE
15802.779660,v4l2_qbuf,2,VIDEO_CAPTURE_MPLANE
15802.783240,v4l2_dqbuf,2,VIDEO_CAPTURE_MPLANE
15802.783256,v4l2_dqbuf,0,VIDEO_OUTPUT_MPLANE
15802.796151,v4l2_qbuf,0,VIDEO_OUTPUT_MPLANE
15802.796167,v4l2_qbuf,6,VIDEO_CAPTURE_MPLANE
15802.798423,v4l2_dqbuf,6,VIDEO_CAPTURE_MPLANE
15802.798436,v4l2_dqbuf,0,VIDEO_OUTPUT_MPLANE
15802.813264,v4l2_qbuf,0,VIDEO_OUTPUT_MPLANE
15802.813285,v4l2_qbuf,7,VIDEO_CAPTURE_MPLANE
15802.816527,v4l2_dqbuf,7,VIDEO_CAPTURE_MPLANE
15802.816543,v4l2_dqbuf,0,VIDEO_OUTPUT_MPLANE
15802.829849,v4l2_qbuf,0,VIDEO_OUTPUT_MPLANE
15802.829867,v4l2_qbuf,1,VIDEO_CAPTURE_MPLANE
15802.833185,v4l2_dqbuf,1,VIDEO_CAPTURE_MPLANE
15802.833262,v4l2_dqbuf,0,VIDEO_OUTPUT_MPLANE
15802.845907,v4l2_qbuf,0,VIDEO_OUTPUT_MPLANE
15802.845930,v4l2_qbuf,3,VIDEO_CAPTURE_MPLANE
15802.849247,v4l2_dqbuf,3,VIDEO_CAPTURE_MPLANE
15802.849257,v4l2_dqbuf,0,VIDEO_OUTPUT_MPLANE
15802.862721,v4l2_qbuf,0,VIDEO_OUTPUT_MPLANE
15802.862826,v4l2_qbuf,0,VIDEO_CAPTURE_MPLANE
15802.865066,v4l2_dqbuf,0,VIDEO_CAPTURE_MPLANE
15802.865078,v4l2_dqbuf,0,VIDEO_OUTPUT_MPLANE
15802.879449,v4l2_qbuf,0,VIDEO_OUTPUT_MPLANE
15802.879467,v4l2_qbuf,4,VIDEO_CAPTURE_MPLANE
15802.882864,v4l2_dqbuf,4,VIDEO_CAPTURE_MPLANE
15802.882878,v4l2_dqbuf,0,VIDEO_OUTPUT_MPLANE
15802.896397,v4l2_qbuf,0,VIDEO_OUTPUT_MPLANE
15802.896418,v4l2_qbuf,2,VIDEO_CAPTURE_MPLANE
15802.899718,v4l2_dqbuf,2,VIDEO_CAPTURE_MPLANE
15802.899957,v4l2_dqbuf,0,VIDEO_OUTPUT_MPLANE
15802.913012,v4l2_qbuf,0,VIDEO_OUTPUT_MPLANE
15802.913036,v4l2_qbuf,5,VIDEO_CAPTURE_MPLANE
15802.916367,v4l2_dqbuf,5,VIDEO_CAPTURE_MPLANE
15802.916407,v4l2_dqbuf,0,VIDEO_OUTPUT_MPLANE
15802.929745,v4l2_qbuf,0,VIDEO_OUTPUT_MPLANE
15802.929763,v4l2_qbuf,1,VIDEO_CAPTURE_MPLANE
15802.932019,v4l2_dqbuf,1,VIDEO_CAPTURE_MPLANE
15802.932035,v4l2_dqbuf,0,VIDEO_OUTPUT_MPLANE
15802.946355,v4l2_qbuf,0,VIDEO_OUTPUT_MPLANE
15802.946379,v4l2_qbuf,7,VIDEO_CAPTURE_MPLANE
15802.949741,v4l2_dqbuf,7,VIDEO_CAPTURE_MPLANE
15802.949759,v4l2_dqbuf,0,VIDEO_OUTPUT_MPLANE
15802.962672,v4l2_qbuf,0,VIDEO_OUTPUT_MPLANE
15802.962696,v4l2_qbuf,3,VIDEO_CAPTURE_MPLANE
15802.966184,v4l2_dqbuf,3,VIDEO_CAPTURE_MPLANE
15802.966280,v4l2_dqbuf,0,VIDEO_OUTPUT_MPLANE
15802.979703,v4l2_qbuf,0,VIDEO_OUTPUT_MPLANE
15802.979728,v4l2_qbuf,6,VIDEO_CAPTURE_MPLANE
15802.982892,v4l2_dqbuf,6,VIDEO_CAPTURE_MPLANE
15802.982908,v4l2_dqbuf,0,VIDEO_OUTPUT_MPLANE
15802.998120,v4l2_qbuf,0,VIDEO_OUTPUT_MPLANE
15802.998140,v4l2_qbuf,2,VIDEO_CAPTURE_MPLANE
15803.000372,v4l2_dqbuf,2,VIDEO_CAPTURE_MPLANE
15803.000388,v4l2_dqbuf,0,VIDEO_OUTPUT_MPLANE
15803.012618,v4l2_qbuf,0,VIDEO_OUTPUT_MPLANE
15803.012638,v4l2_qbuf,4,VIDEO_CAPTURE_MPLANE
15803.015891,v4l2_dqbuf,4,VIDEO_CAPTURE_MPLANE
15803.015907,v4l2_dqbuf,0,VIDEO_OUTPUT_MPLANE
15803.030317,v4l2_qbuf,0,VIDEO_OUTPUT_MPLANE
15803.030388,v4l2_qbuf,5,VIDEO_CAPTURE_MPLANE
15803.033838,v4l2_dqbuf,5,VIDEO_CAPTURE_MPLANE
15803.033973,v4l2_dqbuf,0,VIDEO_OUTPUT_MPLANE
15803.046508,v4l2_qbuf,0,VIDEO_OUTPUT_MPLANE
15803.046527,v4l2_qbuf,0,VIDEO_CAPTURE_MPLANE
15803.049839,v4l2_dqbuf,0,VIDEO_CAPTURE_MPLANE
15803.049875,v4l2_dqbuf,0,VIDEO_OUTPUT_MPLANE
15803.062700,v4l2_qbuf,0,VIDEO_OUTPUT_MPLANE
15803.062715,v4l2_qbuf,3,VIDEO_CAPTURE_MPLANE
15803.064865,v4l2_dqbuf,3,VIDEO_CAPTURE_MPLANE
15803.064882,v4l2_dqbuf,0,VIDEO_OUTPUT_MPLANE
15803.079617,v4l2_qbuf,0,VIDEO_OUTPUT_MPLANE
15803.079640,v4l2_qbuf,7,VIDEO_CAPTURE_MPLANE
15803.082900,v4l2_dqbuf,7,VIDEO_CAPTURE_MPLANE
15803.082917,v4l2_dqbuf,0,VIDEO_OUTPUT_MPLANE
15803.096390,v4l2_qbuf,0,VIDEO_OUTPUT_MPLANE
15803.096411,v4l2_qbuf,6,VIDEO_CAPTURE_MPLANE
15803.099660,v4l2_dqbuf,6,VIDEO_CAPTURE_MPLANE
15803.099754,v4l2_dqbuf,0,VIDEO_OUTPUT_MPLANE
15803.113098,v4l2_qbuf,0,VIDEO_OUTPUT_MPLANE
15803.113121,v4l2_qbuf,1,VIDEO_CAPTURE_MPLANE
15803.116375,v4l2_dqbuf,1,VIDEO_CAPTURE_MPLANE
15803.116389,v4l2_dqbuf,0,VIDEO_OUTPUT_MPLANE
15803.129418,v4l2_qbuf,0,VIDEO_OUTPUT_MPLANE
15803.129441,v4l2_qbuf,5,VIDEO_CAPTURE_MPLANE
15803.131710,v4l2_dqbuf,5,VIDEO_CAPTURE_MPLANE
15803.131766,v4l2_dqbuf,0,VIDEO_OUTPUT_MPLANE
15803.146557,v4l2_qbuf,0,VIDEO_OUTPUT_MPLANE
15803.146609,v4l2_qbuf,4,VIDEO_CAPTURE_MPLANE
15803.149838,v4l2_dqbuf,4,VIDEO_CAPTURE_MPLANE
15803.149852,v4l2_dqbuf,0,VIDEO_OUTPUT_MPLANE
15803.162651,v4l2_qbuf,0,VIDEO_OUTPUT_MPLANE
15803.162674,v4l2_qbuf,0,VIDEO_CAPTURE_MPLANE
15803.166061,v4l2_dqbuf,0,VIDEO_CAPTURE_MPLANE
15803.166157,v4l2_dqbuf,0,VIDEO_OUTPUT_MPLANE
15803.179584,v4l2_qbuf,0,VIDEO_OUTPUT_MPLANE
15803.179600,v4l2_qbuf,2,VIDEO_CAPTURE_MPLANE
15803.183096,v4l2_dqbuf,2,VIDEO_CAPTURE_MPLANE
15803.183114,v4l2_dqbuf,0,VIDEO_OUTPUT_MPLANE
15803.195923,v4l2_qbuf,0,VIDEO_OUTPUT_MPLANE
15803.195950,v4l2_qbuf,6,VIDEO_CAPTURE_MPLANE
15803.198205,v4l2_dqbuf,6,VIDEO_CAPTURE_MPLANE
15803.198221,v4l2_dqbuf,0,VIDEO_OUTPUT_MPLANE
15803.212619,v4l2_qbuf,0,VIDEO_OUTPUT_MPLANE
15803.212638,v4l2_qbuf,7,VIDEO_CAPTURE_MPLANE
15803.215837,v4l2_dqbuf,7,VIDEO_CAPTURE_MPLANE
15803.215852,v4l2_dqbuf,0,VIDEO_OUTPUT_MPLANE
15803.229906,v4l2_qbuf,0,VIDEO_OUTPUT_MPLANE
15803.229934,v4l2_qbuf,1,VIDEO_CAPTURE_MPLANE
15803.233299,v4l2_dqbuf,1,VIDEO_CAPTURE_MPLANE
15803.233391,v4l2_dqbuf,0,VIDEO_OUTPUT_MPLANE
15803.246483,v4l2_qbuf,0,VIDEO_OUTPUT_MPLANE
15803.246532,v4l2_qbuf,3,VIDEO_CAPTURE_MPLANE
15803.249724,v4l2_dqbuf,3,VIDEO_CAPTURE_MPLANE
15803.249759,v4l2_dqbuf,0,VIDEO_OUTPUT_MPLANE
15803.263354,v4l2_qbuf,0,VIDEO_OUTPUT_MPLANE
15803.263387,v4l2_qbuf,0,VIDEO_CAPTURE_MPLANE
15803.265722,v4l2_dqbuf,0,VIDEO_CAPTURE_MPLANE
15803.265740,v4l2_dqbuf,0,VIDEO_OUTPUT_MPLANE
15803.279054,v4l2_qbuf,0,VIDEO_OUTPUT_MPLANE
15803.279074,v4l2_qbuf,4,VIDEO_CAPTURE_MPLANE
15803.282473,v4l2_dqbuf,4,VIDEO_CAPTURE_MPLANE
15803.282506,v4l2_dqbuf,0,VIDEO_OUTPUT_MPLANE
15803.298374,v4l2_qbuf,0,VIDEO_OUTPUT_MPLANE
15803.298412,v4l2_qbuf,2,VIDEO_CAPTURE_MPLANE
15803.301709,v4l2_dqbuf,2,VIDEO_CAPTURE_MPLANE
15803.301858,v4l2_dqbuf,0,VIDEO_OUTPUT_MPLANE
15803.315304,v4l2_qbuf,0,VIDEO_OUTPUT_MPLANE
15803.315346,v4l2_qbuf,5,VIDEO_CAPTURE_MPLANE
15803.318731,v4l2_dqbuf,5,VIDEO_CAPTURE_MPLANE
15803.318759,v4l2_dqbuf,0,VIDEO_OUTPUT_MPLANE
15803.332237,v4l2_qbuf,0,VIDEO_OUTPUT_MPLANE
15803.332290,v4l2_qbuf,1,VIDEO_CAPTURE_MPLANE
15803.334599,v4l2_dqbuf,1,VIDEO_CAPTURE_MPLANE
15803.334615,v4l2_dqbuf,0,VIDEO_OUTPUT_MPLANE
15803.348466,v4l2_qbuf,0,VIDEO_OUTPUT_MPLANE
15803.348484,v4l2_qbuf,7,VIDEO_CAPTURE_MPLANE
15803.351857,v4l2_dqbuf,7,VIDEO_CAPTURE_MPLANE
15803.351876,v4l2_dqbuf,0,VIDEO_OUTPUT_MPLANE
15803.366150,v4l2_qbuf,0,VIDEO_OUTPUT_MPLANE
15803.366220,v4l2_qbuf,3,VIDEO_CAPTURE_MPLANE
15803.369428,v4l2_dqbuf,3,VIDEO_CAPTURE_MPLANE
15803.369538,v4l2_dqbuf,0,VIDEO_OUTPUT_MPLANE
15803.381769,v4l2_qbuf,0,VIDEO_OUTPUT_MPLANE
15803.381805,v4l2_qbuf,6,VIDEO_CAPTURE_MPLANE
15803.384983,v4l2_dqbuf,6,VIDEO_CAPTURE_MPLANE
15803.385020,v4l2_dqbuf,0,VIDEO_OUTPUT_MPLANE
15803.399683,v4l2_qbuf,0,VIDEO_OUTPUT_MPLANE
15803.399702,v4l2_qbuf,2,VIDEO_CAPTURE_MPLANE
15803.401939,v4l2_dqbuf,2,VIDEO_CAPTURE_MPLANE
15803.401956,v4l2_dqbuf,0,VIDEO_OUTPUT_MPLANE
15803.416751,v4l2_qbuf,0,VIDEO_OUTPUT_MPLANE
15803.416788,v4l2_qbuf,4,VIDEO_CAPTURE_MPLANE
15803.422126,v4l2_dqbuf,4,VIDEO_CAPTURE_MPLANE
15803.422148,v4l2_dqbuf,0,VIDEO_OUTPUT_MPLANE
15803.433044,v4l2_qbuf,0,VIDEO_OUTPUT_MPLANE
15803.433064,v4l2_qbuf,5,VIDEO_CAPTURE_MPLANE
15803.436498,v4l2_dqbuf,5,VIDEO_CAPTURE_MPLANE
15803.436602,v4l2_dqbuf,0,VIDEO_OUTPUT_MPLANE
15803.452234,v4l2_qbuf,0,VIDEO_OUTPUT_MPLANE
15803.452256,v4l2_qbuf,0,VIDEO_CAPTURE_MPLANE
15803.455452,v4l2_dqbuf,0,VIDEO_CAPTURE_MPLANE
15803.455466,v4l2_dqbuf,0,VIDEO_OUTPUT_MPLANE
15803.466549,v4l2_qbuf,0,VIDEO_OUTPUT_MPLANE
15803.466578,v4l2_qbuf,3,VIDEO_CAPTURE_MPLANE
15803.468746,v4l2_dqbuf,3,VIDEO_CAPTURE_MPLANE
15803.468776,v4l2_dqbuf,0,VIDEO_OUTPUT_MPLANE
15803.483339,v4l2_qbuf,0,VIDEO_OUTPUT_MPLANE
15803.483374,v4l2_qbuf,7,VIDEO_CAPTURE_MPLANE
15803.486608,v4l2_dqbuf,7,VIDEO_CAPTURE_MPLANE
15803.486634,v4l2_dqbuf,0,VIDEO_OUTPUT_MPLANE
15803.499722,v4l2_qbuf,0,VIDEO_OUTPUT_MPLANE
15803.499736,v4l2_qbuf,6,VIDEO_CAPTURE_MPLANE
15803.502985,v4l2_dqbuf,6,VIDEO_CAPTURE_MPLANE
15803.503136,v4l2_dqbuf,0,VIDEO_OUTPUT_MPLANE
15803.516864,v4l2_qbuf,0,VIDEO_OUTPUT_MPLANE
15803.516905,v4l2_qbuf,1,VIDEO_CAPTURE_MPLANE
15803.522372,v4l2_dqbuf,1,VIDEO_CAPTURE_MPLANE
15803.522392,v4l2_dqbuf,0,VIDEO_OUTPUT_MPLANE
15803.533239,v4l2_qbuf,0,VIDEO_OUTPUT_MPLANE
15803.533254,v4l2_qbuf,5,VIDEO_CAPTURE_MPLANE
15803.535588,v4l2_dqbuf,5,VIDEO_CAPTURE_MPLANE
15803.535603,v4l2_dqbuf,0,VIDEO_OUTPUT_MPLANE
15803.550372,v4l2_qbuf,0,VIDEO_OUTPUT_MPLANE
15803.550403,v4l2_qbuf,4,VIDEO_CAPTURE_MPLANE
15803.555442,v4l2_dqbuf,4,VIDEO_CAPTURE_MPLANE
15803.555479,v4l2_dqbuf,0,VIDEO_OUTPUT_MPLANE
15803.567034,v4l2_qbuf,0,VIDEO_OUTPUT_MPLANE
15803.567075,v4l2_qbuf,0,VIDEO_CAPTURE_MPLANE
15803.570470,v4l2_dqbuf,0,VIDEO_CAPTURE_MPLANE
15803.570620,v4l2_dqbuf,0,VIDEO_OUTPUT_MPLANE
15803.583511,v4l2_qbuf,0,VIDEO_OUTPUT_MPLANE
15803.583550,v4l2_qbuf,2,VIDEO_CAPTURE_MPLANE
15803.586786,v4l2_dqbuf,2,VIDEO_CAPTURE_MPLANE
15803.586815,v4l2_dqbuf,0,VIDEO_OUTPUT_MPLANE
15803.600448,v4l2_qbuf,0,VIDEO_OUTPUT_MPLANE
15803.600489,v4l2_qbuf,6,VIDEO_CAPTURE_MPLANE
15803.604153,v4l2_dqbuf,6,VIDEO_CAPTURE_MPLANE
15803.604169,v4l2_dqbuf,0,VIDEO_OUTPUT_MPLANE
15803.616801,v4l2_qbuf,0,VIDEO_OUTPUT_MPLANE
15803.616823,v4l2_qbuf,7,VIDEO_CAPTURE_MPLANE
15803.620280,v4l2_dqbuf,7,VIDEO_CAPTURE_MPLANE
15803.620299,v4l2_dqbuf,0,VIDEO_OUTPUT_MPLANE
15803.634297,v4l2_qbuf,0,VIDEO_OUTPUT_MPLANE
15803.634314,v4l2_qbuf,1,VIDEO_CAPTURE_MPLANE
15803.637597,v4l2_dqbuf,1,VIDEO_CAPTURE_MPLANE
15803.637696,v4l2_dqbuf,0,VIDEO_OUTPUT_MPLANE
15803.650152,v4l2_qbuf,0,VIDEO_OUTPUT_MPLANE
15803.650170,v4l2_qbuf,3,VIDEO_CAPTURE_MPLANE
15803.653362,v4l2_dqbuf,3,VIDEO_CAPTURE_MPLANE
15803.653375,v4l2_dqbuf,0,VIDEO_OUTPUT_MPLANE
15803.668594,v4l2_qbuf,0,VIDEO_OUTPUT_MPLANE
15803.668617,v4l2_qbuf,0,VIDEO_CAPTURE_MPLANE
15803.670758,v4l2_dqbuf,0,VIDEO_CAPTURE_MPLANE
15803.670773,v4l2_dqbuf,0,VIDEO_OUTPUT_MPLANE
15803.685080,v4l2_qbuf,0,VIDEO_OUTPUT_MPLANE
15803.685105,v4l2_qbuf,4,VIDEO_CAPTURE_MPLANE
15803.689173,v4l2_dqbuf,4,VIDEO_CAPTURE_MPLANE
15803.689217,v4l2_dqbuf,0,VIDEO_OUTPUT_MPLANE
15803.702198,v4l2_qbuf,0,VIDEO_OUTPUT_MPLANE
15803.702244,v4l2_qbuf,2,VIDEO_CAPTURE_MPLANE
15803.705601,v4l2_dqbuf,2,VIDEO_CAPTURE_MPLANE
15803.705718,v4l2_dqbuf,0,VIDEO_OUTPUT_MPLANE
15803.719397,v4l2_qbuf,0,VIDEO_OUTPUT_MPLANE
15803.719419,v4l2_qbuf,5,VIDEO_CAPTURE_MPLANE
15803.721309,v4l2_dqbuf,5,VIDEO_CAPTURE_MPLANE
15803.721321,v4l2_dqbuf,0,VIDEO_OUTPUT_MPLANE
15803.737198,v4l2_qbuf,0,VIDEO_OUTPUT_MPLANE
15803.737220,v4l2_qbuf,1,VIDEO_CAPTURE_MPLANE
15803.739477,v4l2_dqbuf,1,VIDEO_CAPTURE_MPLANE
15803.739495,v4l2_dqbuf,0,VIDEO_OUTPUT_MPLANE
15803.753748,v4l2_qbuf,0,VIDEO_OUTPUT_MPLANE
15803.753769,v4l2_qbuf,7,VIDEO_CAPTURE_MPLANE
15803.756867,v4l2_dqbuf,7,VIDEO_CAPTURE_MPLANE
15803.756881,v4l2_dqbuf,0,VIDEO_OUTPUT_MPLANE
15803.770939,v4l2_qbuf,0,VIDEO_OUTPUT_MPLANE
15803.770959,v4l2_qbuf,3,VIDEO_CAPTURE_MPLANE
15803.774337,v4l2_dqbuf,3,VIDEO_CAPTURE_MPLANE
15803.774440,v4l2_dqbuf,0,VIDEO_OUTPUT_MPLANE
15803.789172,v4l2_qbuf,0,VIDEO_OUTPUT_MPLANE
15803.789197,v4l2_qbuf,6,VIDEO_CAPTURE_MPLANE
15803.792416,v4l2_dqbuf,6,VIDEO_CAPTURE_MPLANE
15803.792433,v4l2_dqbuf,0,VIDEO_OUTPUT_MPLANE
15803.804339,v4l2_qbuf,0,VIDEO_OUTPUT_MPLANE
15803.804440,v4l2_qbuf,4,VIDEO_CAPTURE_MPLANE
15803.808146,v4l2_dqbuf,4,VIDEO_CAPTURE_MPLANE
15803.808177,v4l2_dqbuf,0,VIDEO_OUTPUT_MPLANE
15803.820834,v4l2_qbuf,0,VIDEO_OUTPUT_MPLANE
15803.820887,v4l2_qbuf,2,VIDEO_CAPTURE_MPLANE
15803.824258,v4l2_dqbuf,2,VIDEO_CAPTURE_MPLANE
15803.824283,v4l2_dqbuf,0,VIDEO_OUTPUT_MPLANE
15803.838443,v4l2_qbuf,0,VIDEO_OUTPUT_MPLANE
15803.838467,v4l2_qbuf,0,VIDEO_CAPTURE_MPLANE
15803.841971,v4l2_dqbuf,0,VIDEO_CAPTURE_MPLANE
15803.842198,v4l2_dqbuf,0,VIDEO_OUTPUT_MPLANE
15803.855795,v4l2_qbuf,0,VIDEO_OUTPUT_MPLANE
15803.855819,v4l2_qbuf,5,VIDEO_CAPTURE_MPLANE
15803.859099,v4l2_dqbuf,5,VIDEO_CAPTURE_MPLANE
15803.859129,v4l2_dqbuf,0,VIDEO_OUTPUT_MPLANE
15803.870695,v4l2_qbuf,0,VIDEO_OUTPUT_MPLANE
15803.870713,v4l2_qbuf,3,VIDEO_CAPTURE_MPLANE
15803.872962,v4l2_dqbuf,3,VIDEO_CAPTURE_MPLANE
15803.872975,v4l2_dqbuf,0,VIDEO_OUTPUT_MPLANE
15803.887808,v4l2_qbuf,0,VIDEO_OUTPUT_MPLANE
15803.887869,v4l2_qbuf,7,VIDEO_CAPTURE_MPLANE
15803.891411,v4l2_dqbuf,7,VIDEO_CAPTURE_MPLANE
15803.891442,v4l2_dqbuf,0,VIDEO_OUTPUT_MPLANE
15803.904338,v4l2_qbuf,0,VIDEO_OUTPUT_MPLANE
15803.904389,v4l2_qbuf,6,VIDEO_CAPTURE_MPLANE
15803.907843,v4l2_dqbuf,6,VIDEO_CAPTURE_MPLANE
15803.907989,v4l2_dqbuf,0,VIDEO_OUTPUT_MPLANE
15803.920842,v4l2_qbuf,0,VIDEO_OUTPUT_MPLANE
15803.920884,v4l2_qbuf,1,VIDEO_CAPTURE_MPLANE
15803.924195,v4l2_dqbuf,1,VIDEO_CAPTURE_MPLANE
15803.924210,v4l2_dqbuf,0,VIDEO_OUTPUT_MPLANE
15803.937553,v4l2_qbuf,0,VIDEO_OUTPUT_MPLANE
15803.937577,v4l2_qbuf,0,VIDEO_CAPTURE_MPLANE
15803.940077,v4l2_dqbuf,0,VIDEO_CAPTURE_MPLANE
15803.940095,v4l2_dqbuf,0,VIDEO_OUTPUT_MPLANE
15803.956421,v4l2_qbuf,0,VIDEO_OUTPUT_MPLANE
15803.956445,v4l2_qbuf,2,VIDEO_CAPTURE_MPLANE
15803.959746,v4l2_dqbuf,2,VIDEO_CAPTURE_MPLANE
15803.959766,v4l2_dqbuf,0,VIDEO_OUTPUT_MPLANE
15803.971085,v4l2_qbuf,0,VIDEO_OUTPUT_MPLANE
15803.971109,v4l2_qbuf,5,VIDEO_CAPTURE_MPLANE
15803.974411,v4l2_dqbuf,5,VIDEO_CAPTURE_MPLANE
15803.974512,v4l2_dqbuf,0,VIDEO_OUTPUT_MPLANE
15803.987320,v4l2_qbuf,0,VIDEO_OUTPUT_MPLANE
15803.987342,v4l2_qbuf,4,VIDEO_CAPTURE_MPLANE
15803.990648,v4l2_dqbuf,4,VIDEO_CAPTURE_MPLANE
15803.990663,v4l2_dqbuf,0,VIDEO_OUTPUT_MPLANE
15804.005167,v4l2_qbuf,0,VIDEO_OUTPUT_MPLANE
15804.005184,v4l2_qbuf,6,VIDEO_CAPTURE_MPLANE
15804.007599,v4l2_dqbuf,6,VIDEO_CAPTURE_MPLANE
15804.007695,v4l2_dqbuf,0,VIDEO_OUTPUT_MPLANE
15804.021086,v4l2_qbuf,0,VIDEO_OUTPUT_MPLANE
15804.021110,v4l2_qbuf,7,VIDEO_CAPTURE_MPLANE
15804.028178,v4l2_dqbuf,7,VIDEO_CAPTURE_MPLANE
15804.028202,v4l2_dqbuf,0,VIDEO_OUTPUT_MPLANE
15804.037460,v4l2_qbuf,0,VIDEO_OUTPUT_MPLANE
15804.037492,v4l2_qbuf,1,VIDEO_CAPTURE_MPLANE
15804.040767,v4l2_dqbuf,1,VIDEO_CAPTURE_MPLANE
15804.040907,v4l2_dqbuf,0,VIDEO_OUTPUT_MPLANE
15804.054164,v4l2_qbuf,0,VIDEO_OUTPUT_MPLANE
15804.054188,v4l2_qbuf,3,VIDEO_CAPTURE_MPLANE
15804.057488,v4l2_dqbuf,3,VIDEO_CAPTURE_MPLANE
15804.057505,v4l2_dqbuf,0,VIDEO_OUTPUT_MPLANE
15804.072062,v4l2_qbuf,0,VIDEO_OUTPUT_MPLANE
15804.072084,v4l2_qbuf,5,VIDEO_CAPTURE_MPLANE
15804.074339,v4l2_dqbuf,5,VIDEO_CAPTURE_MPLANE
15804.074356,v4l2_dqbuf,0,VIDEO_OUTPUT_MPLANE
15804.087383,v4l2_qbuf,0,VIDEO_OUTPUT_MPLANE
15804.087407,v4l2_qbuf,2,VIDEO_CAPTURE_MPLANE
15804.090577,v4l2_dqbuf,2,VIDEO_CAPTURE_MPLANE
15804.090594,v4l2_dqbuf,0,VIDEO_OUTPUT_MPLANE
15804.105854,v4l2_qbuf,0,VIDEO_OUTPUT_MPLANE
15804.105877,v4l2_qbuf,4,VIDEO_CAPTURE_MPLANE
15804.109224,v4l2_dqbuf,4,VIDEO_CAPTURE_MPLANE
15804.109334,v4l2_dqbuf,0,VIDEO_OUTPUT_MPLANE
15804.122380,v4l2_qbuf,0,VIDEO_OUTPUT_MPLANE
15804.122400,v4l2_qbuf,0,VIDEO_CAPTURE_MPLANE
15804.125674,v4l2_dqbuf,0,VIDEO_CAPTURE_MPLANE
15804.125689,v4l2_dqbuf,0,VIDEO_OUTPUT_MPLANE
15804.139555,v4l2_qbuf,0,VIDEO_OUTPUT_MPLANE
15804.139685,v4l2_qbuf,1,VIDEO_CAPTURE_MPLANE
15804.142049,v4l2_dqbuf,1,VIDEO_CAPTURE_MPLANE
15804.142082,v4l2_dqbuf,0,VIDEO_OUTPUT_MPLANE
15804.156178,v4l2_qbuf,0,VIDEO_OUTPUT_MPLANE
15804.156230,v4l2_qbuf,7,VIDEO_CAPTURE_MPLANE
15804.160095,v4l2_dqbuf,7,VIDEO_CAPTURE_MPLANE
15804.160115,v4l2_dqbuf,0,VIDEO_OUTPUT_MPLANE
15804.172734,v4l2_qbuf,0,VIDEO_OUTPUT_MPLANE
15804.172774,v4l2_qbuf,3,VIDEO_CAPTURE_MPLANE
15804.176180,v4l2_dqbuf,3,VIDEO_CAPTURE_MPLANE
15804.176393,v4l2_dqbuf,0,VIDEO_OUTPUT_MPLANE
15804.189522,v4l2_qbuf,0,VIDEO_OUTPUT_MPLANE
15804.189576,v4l2_qbuf,6,VIDEO_CAPTURE_MPLANE
15804.193081,v4l2_dqbuf,6,VIDEO_CAPTURE_MPLANE
15804.193116,v4l2_dqbuf,0,VIDEO_OUTPUT_MPLANE
15804.205731,v4l2_qbuf,0,VIDEO_OUTPUT_MPLANE
15804.205770,v4l2_qbuf,4,VIDEO_CAPTURE_MPLANE
15804.208048,v4l2_dqbuf,4,VIDEO_CAPTURE_MPLANE
15804.208062,v4l2_dqbuf,0,VIDEO_OUTPUT_MPLANE
15804.222603,v4l2_qbuf,0,VIDEO_OUTPUT_MPLANE
15804.222628,v4l2_qbuf,2,VIDEO_CAPTURE_MPLANE
15804.225869,v4l2_dqbuf,2,VIDEO_CAPTURE_MPLANE
15804.225886,v4l2_dqbuf,0,VIDEO_OUTPUT_MPLANE
15804.239231,v4l2_qbuf,0,VIDEO_OUTPUT_MPLANE
15804.239261,v4l2_qbuf,0,VIDEO_CAPTURE_MPLANE
15804.242620,v4l2_dqbuf,0,VIDEO_CAPTURE_MPLANE
15804.242749,v4l2_dqbuf,0,VIDEO_OUTPUT_MPLANE
15804.257312,v4l2_qbuf,0,VIDEO_OUTPUT_MPLANE
15804.257365,v4l2_qbuf,5,VIDEO_CAPTURE_MPLANE
15804.260768,v4l2_dqbuf,5,VIDEO_CAPTURE_MPLANE
15804.260786,v4l2_dqbuf,0,VIDEO_OUTPUT_MPLANE
15804.272486,v4l2_qbuf,0,VIDEO_OUTPUT_MPLANE
15804.272509,v4l2_qbuf,3,VIDEO_CAPTURE_MPLANE
15804.274707,v4l2_dqbuf,3,VIDEO_CAPTURE_MPLANE
15804.274725,v4l2_dqbuf,0,VIDEO_OUTPUT_MPLANE
15804.289197,v4l2_qbuf,0,VIDEO_OUTPUT_MPLANE
15804.289221,v4l2_qbuf,7,VIDEO_CAPTURE_MPLANE
15804.292469,v4l2_dqbuf,7,VIDEO_CAPTURE_MPLANE
15804.292491,v4l2_dqbuf,0,VIDEO_OUTPUT_MPLANE
15804.305576,v4l2_qbuf,0,VIDEO_OUTPUT_MPLANE
15804.305613,v4l2_qbuf,6,VIDEO_CAPTURE_MPLANE
15804.308778,v4l2_dqbuf,6,VIDEO_CAPTURE_MPLANE
15804.308931,v4l2_dqbuf,0,VIDEO_OUTPUT_MPLANE
15804.322255,v4l2_qbuf,0,VIDEO_OUTPUT_MPLANE
15804.322274,v4l2_qbuf,1,VIDEO_CAPTURE_MPLANE
15804.325699,v4l2_dqbuf,1,VIDEO_CAPTURE_MPLANE
15804.325711,v4l2_dqbuf,0,VIDEO_OUTPUT_MPLANE
15804.339034,v4l2_qbuf,0,VIDEO_OUTPUT_MPLANE
15804.339052,v4l2_qbuf,0,VIDEO_CAPTURE_MPLANE
15804.341426,v4l2_dqbuf,0,VIDEO_CAPTURE_MPLANE
15804.341443,v4l2_dqbuf,0,VIDEO_OUTPUT_MPLANE
15804.358961,v4l2_qbuf,0,VIDEO_OUTPUT_MPLANE
15804.358980,v4l2_qbuf,2,VIDEO_CAPTURE_MPLANE
15804.362351,v4l2_dqbuf,2,VIDEO_CAPTURE_MPLANE
15804.362368,v4l2_dqbuf,0,VIDEO_OUTPUT_MPLANE
15804.372183,v4l2_qbuf,0,VIDEO_OUTPUT_MPLANE
15804.372212,v4l2_qbuf,5,VIDEO_CAPTURE_MPLANE
15804.375397,v4l2_dqbuf,5,VIDEO_CAPTURE_MPLANE
15804.375486,v4l2_dqbuf,0,VIDEO_OUTPUT_MPLANE
15804.390803,v4l2_qbuf,0,VIDEO_OUTPUT_MPLANE
15804.390823,v4l2_qbuf,4,VIDEO_CAPTURE_MPLANE
15804.394317,v4l2_dqbuf,4,VIDEO_CAPTURE_MPLANE
15804.394327,v4l2_dqbuf,0,VIDEO_OUTPUT_MPLANE
15804.407683,v4l2_qbuf,0,VIDEO_OUTPUT_MPLANE
15804.407733,v4l2_qbuf,6,VIDEO_CAPTURE_MPLANE
15804.410056,v4l2_dqbuf,6,VIDEO_CAPTURE_MPLANE
15804.410090,v4l2_dqbuf,0,VIDEO_OUTPUT_MPLANE
15804.427101,v4l2_qbuf,0,VIDEO_OUTPUT_MPLANE
15804.427125,v4l2_qbuf,7,VIDEO_CAPTURE_MPLANE
15804.430217,v4l2_dqbuf,7,VIDEO_CAPTURE_MPLANE
15804.430234,v4l2_dqbuf,0,VIDEO_OUTPUT_MPLANE
15804.440609,v4l2_qbuf,0,VIDEO_OUTPUT_MPLANE
15804.440630,v4l2_qbuf,1,VIDEO_CAPTURE_MPLANE
15804.444922,v4l2_dqbuf,1,VIDEO_CAPTURE_MPLANE
15804.445199,v4l2_dqbuf,0,VIDEO_OUTPUT_MPLANE
15804.457584,v4l2_qbuf,0,VIDEO_OUTPUT_MPLANE
15804.457606,v4l2_qbuf,3,VIDEO_CAPTURE_MPLANE
15804.461501,v4l2_dqbuf,3,VIDEO_CAPTURE_MPLANE
15804.461516,v4l2_dqbuf,0,VIDEO_OUTPUT_MPLANE
15804.476024,v4l2_qbuf,0,VIDEO_OUTPUT_MPLANE
15804.476043,v4l2_qbuf,5,VIDEO_CAPTURE_MPLANE
15804.478360,v4l2_dqbuf,5,VIDEO_CAPTURE_MPLANE
15804.478374,v4l2_dqbuf,0,VIDEO_OUTPUT_MPLANE
15804.490612,v4l2_qbuf,0,VIDEO_OUTPUT_MPLANE
15804.490637,v4l2_qbuf,2,VIDEO_CAPTURE_MPLANE
15804.493967,v4l2_dqbuf,2,VIDEO_CAPTURE_MPLANE
15804.493982,v4l2_dqbuf,0,VIDEO_OUTPUT_MPLANE
15804.509311,v4l2_qbuf,0,VIDEO_OUTPUT_MPLANE
15804.509334,v4l2_qbuf,4,VIDEO_CAPTURE_MPLANE
15804.512602,v4l2_dqbuf,4,VIDEO_CAPTURE_MPLANE
15804.512697,v4l2_dqbuf,0,VIDEO_OUTPUT_MPLANE
15804.525422,v4l2_qbuf,0,VIDEO_OUTPUT_MPLANE
15804.525445,v4l2_qbuf,0,VIDEO_CAPTURE_MPLANE
15804.528693,v4l2_dqbuf,0,VIDEO_CAPTURE_MPLANE
15804.528705,v4l2_dqbuf,0,VIDEO_OUTPUT_MPLANE
15804.542199,v4l2_qbuf,0,VIDEO_OUTPUT_MPLANE
15804.542214,v4l2_qbuf,1,VIDEO_CAPTURE_MPLANE
15804.545926,v4l2_dqbuf,1,VIDEO_CAPTURE_MPLANE
15804.545939,v4l2_dqbuf,0,VIDEO_OUTPUT_MPLANE
15804.559122,v4l2_qbuf,0,VIDEO_OUTPUT_MPLANE
15804.559170,v4l2_qbuf,7,VIDEO_CAPTURE_MPLANE
15804.562401,v4l2_dqbuf,7,VIDEO_CAPTURE_MPLANE
15804.562417,v4l2_dqbuf,0,VIDEO_OUTPUT_MPLANE
15804.576050,v4l2_qbuf,0,VIDEO_OUTPUT_MPLANE
15804.576071,v4l2_qbuf,3,VIDEO_CAPTURE_MPLANE
15804.579368,v4l2_dqbuf,3,VIDEO_CAPTURE_MPLANE
15804.579456,v4l2_dqbuf,0,VIDEO_OUTPUT_MPLANE
15804.592531,v4l2_qbuf,0,VIDEO_OUTPUT_MPLANE
15804.592568,v4l2_qbuf,6,VIDEO_CAPTURE_MPLANE
15804.595814,v4l2_dqbuf,6,VIDEO_CAPTURE_MPLANE
15804.595823,v4l2_dqbuf,0,VIDEO_OUTPUT_MPLANE
15804.608808,v4l2_qbuf,0,VIDEO_OUTPUT_MPLANE
15804.608824,v4l2_qbuf,4,VIDEO_CAPTURE_MPLANE
15804.611178,v4l2_dqbuf,4,VIDEO_CAPTURE_MPLANE
15804.611192,v4l2_dqbuf,0,VIDEO_OUTPUT_MPLANE
15804.625753,v4l2_qbuf,0,VIDEO_OUTPUT_MPLANE
15804.625786,v4l2_qbuf,2,VIDEO_CAPTURE_MPLANE
15804.629084,v4l2_dqbuf,2,VIDEO_CAPTURE_MPLANE
15804.629097,v4l2_dqbuf,0,VIDEO_OUTPUT_MPLANE
15804.642156,v4l2_qbuf,0,VIDEO_OUTPUT_MPLANE
15804.642176,v4l2_qbuf,0,VIDEO_CAPTURE_MPLANE
15804.645312,v4l2_dqbuf,0,VIDEO_CAPTURE_MPLANE
15804.645410,v4l2_dqbuf,0,VIDEO_OUTPUT_MPLANE
15804.658848,v4l2_qbuf,0,VIDEO_OUTPUT_MPLANE
15804.658870,v4l2_qbuf,5,VIDEO_CAPTURE_MPLANE
15804.662093,v4l2_dqbuf,5,VIDEO_CAPTURE_MPLANE
15804.662117,v4l2_dqbuf,0,VIDEO_OUTPUT_MPLANE
15804.675651,v4l2_qbuf,0,VIDEO_OUTPUT_MPLANE
15804.675682,v4l2_qbuf,3,VIDEO_CAPTURE_MPLANE
15804.677876,v4l2_dqbuf,3,VIDEO_CAPTURE_MPLANE
15804.677889,v4l2_dqbuf,0,VIDEO_OUTPUT_MPLANE
15804.692217,v4l2_qbuf,0,VIDEO_OUTPUT_MPLANE
15804.692240,v4l2_qbuf,7,VIDEO_CAPTURE_MPLANE
15804.695588,v4l2_dqbuf,7,VIDEO_CAPTURE_MPLANE
15804.695635,v4l2_dqbuf,0,VIDEO_OUTPUT_MPLANE
15804.709958,v4l2_qbuf,0,VIDEO_OUTPUT_MPLANE
15804.709981,v4l2_qbuf,6,VIDEO_CAPTURE_MPLANE
15804.713659,v4l2_dqbuf,6,VIDEO_CAPTURE_MPLANE
15804.713938,v4l2_dqbuf,0,VIDEO_OUTPUT_MPLANE
15804.725577,v4l2_qbuf,0,VIDEO_OUTPUT_MPLANE
15804.725597,v4l2_qbuf,1,VIDEO_CAPTURE_MPLANE
15804.727539,v4l2_dqbuf,1,VIDEO_CAPTURE_MPLANE
15804.727552,v4l2_dqbuf,0,VIDEO_OUTPUT_MPLANE
15804.742104,v4l2_qbuf,0,VIDEO_OUTPUT_MPLANE
15804.742120,v4l2_qbuf,0,VIDEO_CAPTURE_MPLANE
15804.744221,v4l2_dqbuf,0,VIDEO_CAPTURE_MPLANE
15804.744232,v4l2_dqbuf,0,VIDEO_OUTPUT_MPLANE
15804.758678,v4l2_qbuf,0,VIDEO_OUTPUT_MPLANE
15804.758692,v4l2_qbuf,2,VIDEO_CAPTURE_MPLANE
15804.762054,v4l2_dqbuf,2,VIDEO_CAPTURE_MPLANE
15804.762071,v4l2_dqbuf,0,VIDEO_OUTPUT_MPLANE
15804.775347,v4l2_qbuf,0,VIDEO_OUTPUT_MPLANE
15804.775365,v4l2_qbuf,5,VIDEO_CAPTURE_MPLANE
15804.778490,v4l2_dqbuf,5,VIDEO_CAPTURE_MPLANE
15804.778574,v4l2_dqbuf,0,VIDEO_OUTPUT_MPLANE
15804.792187,v4l2_qbuf,0,VIDEO_OUTPUT_MPLANE
15804.792205,v4l2_qbuf,4,VIDEO_CAPTURE_MPLANE
15804.795565,v4l2_dqbuf,4,VIDEO_CAPTURE_MPLANE
15804.795580,v4l2_dqbuf,0,VIDEO_OUTPUT_MPLANE
15804.808987,v4l2_qbuf,0,VIDEO_OUTPUT_MPLANE
15804.809021,v4l2_qbuf,7,VIDEO_CAPTURE_MPLANE
15804.811297,v4l2_dqbuf,7,VIDEO_CAPTURE_MPLANE
15804.811313,v4l2_dqbuf,0,VIDEO_OUTPUT_MPLANE
15804.825930,v4l2_qbuf,0,VIDEO_OUTPUT_MPLANE
15804.825968,v4l2_qbuf,6,VIDEO_CAPTURE_MPLANE
15804.829466,v4l2_dqbuf,6,VIDEO_CAPTURE_MPLANE
15804.829496,v4l2_dqbuf,0,VIDEO_OUTPUT_MPLANE
15804.842344,v4l2_qbuf,0,VIDEO_OUTPUT_MPLANE
15804.842381,v4l2_qbuf,3,VIDEO_CAPTURE_MPLANE
15804.845956,v4l2_dqbuf,3,VIDEO_CAPTURE_MPLANE
15804.846169,v4l2_dqbuf,0,VIDEO_OUTPUT_MPLANE
15804.859437,v4l2_qbuf,0,VIDEO_OUTPUT_MPLANE
15804.859483,v4l2_qbuf,1,VIDEO_CAPTURE_MPLANE
15804.863141,v4l2_dqbuf,1,VIDEO_CAPTURE_MPLANE
15804.863174,v4l2_dqbuf,0,VIDEO_OUTPUT_MPLANE
15804.875804,v4l2_qbuf,0,VIDEO_OUTPUT_MPLANE
15804.875850,v4l2_qbuf,5,VIDEO_CAPTURE_MPLANE
15804.878204,v4l2_dqbuf,5,VIDEO_CAPTURE_MPLANE
15804.878240,v4l2_dqbuf,0,VIDEO_OUTPUT_MPLANE
15804.893370,v4l2_qbuf,0,VIDEO_OUTPUT_MPLANE
15804.893401,v4l2_qbuf,2,VIDEO_CAPTURE_MPLANE
15804.896748,v4l2_dqbuf,2,VIDEO_CAPTURE_MPLANE
15804.896765,v4l2_dqbuf,0,VIDEO_OUTPUT_MPLANE
15804.908974,v4l2_qbuf,0,VIDEO_OUTPUT_MPLANE
15804.908991,v4l2_qbuf,4,VIDEO_CAPTURE_MPLANE
15804.912393,v4l2_dqbuf,4,VIDEO_CAPTURE_MPLANE
15804.912503,v4l2_dqbuf,0,VIDEO_OUTPUT_MPLANE
15804.925744,v4l2_qbuf,0,VIDEO_OUTPUT_MPLANE
15804.925765,v4l2_qbuf,0,VIDEO_CAPTURE_MPLANE
15804.928971,v4l2_dqbuf,0,VIDEO_CAPTURE_MPLANE
15804.928986,v4l2_dqbuf,0,VIDEO_OUTPUT_MPLANE
15804.942662,v4l2_qbuf,0,VIDEO_OUTPUT_MPLANE
15804.942687,v4l2_qbuf,3,VIDEO_CAPTURE_MPLANE
15804.945120,v4l2_dqbuf,3,VIDEO_CAPTURE_MPLANE
15804.945269,v4l2_dqbuf,0,VIDEO_OUTPUT_MPLANE
15804.959237,v4l2_qbuf,0,VIDEO_OUTPUT_MPLANE
15804.959279,v4l2_qbuf,6,VIDEO_CAPTURE_MPLANE
15804.962655,v4l2_dqbuf,6,VIDEO_CAPTURE_MPLANE
15804.962679,v4l2_dqbuf,0,VIDEO_OUTPUT_MPLANE
15804.975722,v4l2_qbuf,0,VIDEO_OUTPUT_MPLANE
15804.975860,v4l2_qbuf,1,VIDEO_CAPTURE_MPLANE
15804.979322,v4l2_dqbuf,1,VIDEO_CAPTURE_MPLANE
15804.979559,v4l2_dqbuf,0,VIDEO_OUTPUT_MPLANE
15804.993433,v4l2_qbuf,0,VIDEO_OUTPUT_MPLANE
15804.993502,v4l2_qbuf,7,VIDEO_CAPTURE_MPLANE
15804.998118,v4l2_dqbuf,7,VIDEO_CAPTURE_MPLANE
15804.998136,v4l2_dqbuf,0,VIDEO_OUTPUT_MPLANE
15805.008733,v4l2_qbuf,0,VIDEO_OUTPUT_MPLANE
15805.008754,v4l2_qbuf,4,VIDEO_CAPTURE_MPLANE
15805.011018,v4l2_dqbuf,4,VIDEO_CAPTURE_MPLANE
15805.011036,v4l2_dqbuf,0,VIDEO_OUTPUT_MPLANE
15805.025602,v4l2_qbuf,0,VIDEO_OUTPUT_MPLANE
15805.025623,v4l2_qbuf,2,VIDEO_CAPTURE_MPLANE
15805.029186,v4l2_dqbuf,2,VIDEO_CAPTURE_MPLANE
15805.029203,v4l2_dqbuf,0,VIDEO_OUTPUT_MPLANE
15805.042297,v4l2_qbuf,0,VIDEO_OUTPUT_MPLANE
15805.042329,v4l2_qbuf,0,VIDEO_CAPTURE_MPLANE
15805.045807,v4l2_dqbuf,0,VIDEO_CAPTURE_MPLANE
15805.045894,v4l2_dqbuf,0,VIDEO_OUTPUT_MPLANE
15805.059582,v4l2_qbuf,0,VIDEO_OUTPUT_MPLANE
15805.059696,v4l2_qbuf,5,VIDEO_CAPTURE_MPLANE
15805.063116,v4l2_dqbuf,5,VIDEO_CAPTURE_MPLANE
15805.063140,v4l2_dqbuf,0,VIDEO_OUTPUT_MPLANE
15805.075962,v4l2_qbuf,0,VIDEO_OUTPUT_MPLANE
15805.076092,v4l2_qbuf,1,VIDEO_CAPTURE_MPLANE
15805.078517,v4l2_dqbuf,1,VIDEO_CAPTURE_MPLANE
15805.078546,v4l2_dqbuf,0,VIDEO_OUTPUT_MPLANE
15805.092909,v4l2_qbuf,0,VIDEO_OUTPUT_MPLANE
15805.092961,v4l2_qbuf,6,VIDEO_CAPTURE_MPLANE
15805.096456,v4l2_dqbuf,6,VIDEO_CAPTURE_MPLANE
15805.096484,v4l2_dqbuf,0,VIDEO_OUTPUT_MPLANE
15805.109336,v4l2_qbuf,0,VIDEO_OUTPUT_MPLANE
15805.109375,v4l2_qbuf,7,VIDEO_CAPTURE_MPLANE
15805.112713,v4l2_dqbuf,7,VIDEO_CAPTURE_MPLANE
15805.112881,v4l2_dqbuf,0,VIDEO_OUTPUT_MPLANE
15805.127107,v4l2_qbuf,0,VIDEO_OUTPUT_MPLANE
15805.127127,v4l2_qbuf,3,VIDEO_CAPTURE_MPLANE
15805.130470,v4l2_dqbuf,3,VIDEO_CAPTURE_MPLANE
15805.130488,v4l2_dqbuf,0,VIDEO_OUTPUT_MPLANE
15805.142365,v4l2_qbuf,0,VIDEO_OUTPUT_MPLANE
15805.142389,v4l2_qbuf,0,VIDEO_CAPTURE_MPLANE
15805.144639,v4l2_dqbuf,0,VIDEO_CAPTURE_MPLANE
15805.144657,v4l2_dqbuf,0,VIDEO_OUTPUT_MPLANE
15805.158871,v4l2_qbuf,0,VIDEO_OUTPUT_MPLANE
15805.158892,v4l2_qbuf,2,VIDEO_CAPTURE_MPLANE
15805.162206,v4l2_dqbuf,2,VIDEO_CAPTURE_MPLANE
15805.162225,v4l2_dqbuf,0,VIDEO_OUTPUT_MPLANE
15805.175606,v4l2_qbuf,0,VIDEO_OUTPUT_MPLANE
15805.175627,v4l2_qbuf,5,VIDEO_CAPTURE_MPLANE
15805.178821,v4l2_dqbuf,5,VIDEO_CAPTURE_MPLANE
15805.178931,v4l2_dqbuf,0,VIDEO_OUTPUT_MPLANE
15805.192527,v4l2_qbuf,0,VIDEO_OUTPUT_MPLANE
15805.192551,v4l2_qbuf,4,VIDEO_CAPTURE_MPLANE
15805.195846,v4l2_dqbuf,4,VIDEO_CAPTURE_MPLANE
15805.195859,v4l2_dqbuf,0,VIDEO_OUTPUT_MPLANE
15805.209438,v4l2_qbuf,0,VIDEO_OUTPUT_MPLANE
15805.209461,v4l2_qbuf,7,VIDEO_CAPTURE_MPLANE
15805.211612,v4l2_dqbuf,7,VIDEO_CAPTURE_MPLANE
15805.211649,v4l2_dqbuf,0,VIDEO_OUTPUT_MPLANE
15805.225557,v4l2_qbuf,0,VIDEO_OUTPUT_MPLANE
15805.225580,v4l2_qbuf,6,VIDEO_CAPTURE_MPLANE
15805.228861,v4l2_dqbuf,6,VIDEO_CAPTURE_MPLANE
15805.228878,v4l2_dqbuf,0,VIDEO_OUTPUT_MPLANE
15805.242543,v4l2_qbuf,0,VIDEO_OUTPUT_MPLANE
15805.242567,v4l2_qbuf,3,VIDEO_CAPTURE_MPLANE
15805.245971,v4l2_dqbuf,3,VIDEO_CAPTURE_MPLANE
15805.246148,v4l2_dqbuf,0,VIDEO_OUTPUT_MPLANE
15805.259187,v4l2_qbuf,0,VIDEO_OUTPUT_MPLANE
15805.259218,v4l2_qbuf,1,VIDEO_CAPTURE_MPLANE
15805.262477,v4l2_dqbuf,1,VIDEO_CAPTURE_MPLANE
15805.262491,v4l2_dqbuf,0,VIDEO_OUTPUT_MPLANE
15805.277362,v4l2_qbuf,0,VIDEO_OUTPUT_MPLANE
15805.277383,v4l2_qbuf,5,VIDEO_CAPTURE_MPLANE
15805.279696,v4l2_dqbuf,5,VIDEO_CAPTURE_MPLANE
15805.279714,v4l2_dqbuf,0,VIDEO_OUTPUT_MPLANE
15805.292351,v4l2_qbuf,0,VIDEO_OUTPUT_MPLANE
15805.292378,v4l2_qbuf,2,VIDEO_CAPTURE_MPLANE
15805.295693,v4l2_dqbuf,2,VIDEO_CAPTURE_MPLANE
15805.295712,v4l2_dqbuf,0,VIDEO_OUTPUT_MPLANE
15805.308978,v4l2_qbuf,0,VIDEO_OUTPUT_MPLANE
15805.309000,v4l2_qbuf,4,VIDEO_CAPTURE_MPLANE
15805.312041,v4l2_dqbuf,4,VIDEO_CAPTURE_MPLANE
15805.312147,v4l2_dqbuf,0,VIDEO_OUTPUT_MPLANE
15805.325898,v4l2_qbuf,0,VIDEO_OUTPUT_MPLANE
15805.325943,v4l2_qbuf,0,VIDEO_CAPTURE_MPLANE
15805.329270,v4l2_dqbuf,0,VIDEO_CAPTURE_MPLANE
15805.329288,v4l2_dqbuf,0,VIDEO_OUTPUT_MPLANE
15805.342401,v4l2_qbuf,0,VIDEO_OUTPUT_MPLANE
15805.342440,v4l2_qbuf,3,VIDEO_CAPTURE_MPLANE
15805.344693,v4l2_dqbuf,3,VIDEO_CAPTURE_MPLANE
15805.344708,v4l2_dqbuf,0,VIDEO_OUTPUT_MPLANE
15805.358958,v4l2_qbuf,0,VIDEO_OUTPUT_MPLANE
15805.358980,v4l2_qbuf,6,VIDEO_CAPTURE_MPLANE
15805.362273,v4l2_dqbuf,6,VIDEO_CAPTURE_MPLANE
15805.362290,v4l2_dqbuf,0,VIDEO_OUTPUT_MPLANE
15805.378254,v4l2_qbuf,0,VIDEO_OUTPUT_MPLANE
15805.378284,v4l2_qbuf,1,VIDEO_CAPTURE_MPLANE
15805.381747,v4l2_dqbuf,1,VIDEO_CAPTURE_MPLANE
15805.381854,v4l2_dqbuf,0,VIDEO_OUTPUT_MPLANE
15805.392715,v4l2_qbuf,0,VIDEO_OUTPUT_MPLANE
15805.392739,v4l2_qbuf,7,VIDEO_CAPTURE_MPLANE
15805.396086,v4l2_dqbuf,7,VIDEO_CAPTURE_MPLANE
15805.396099,v4l2_dqbuf,0,VIDEO_OUTPUT_MPLANE
15805.408918,v4l2_qbuf,0,VIDEO_OUTPUT_MPLANE
15805.408941,v4l2_qbuf,4,VIDEO_CAPTURE_MPLANE
15805.411196,v4l2_dqbuf,4,VIDEO_CAPTURE_MPLANE
15805.411217,v4l2_dqbuf,0,VIDEO_OUTPUT_MPLANE
15805.425805,v4l2_qbuf,0,VIDEO_OUTPUT_MPLANE
15805.425827,v4l2_qbuf,2,VIDEO_CAPTURE_MPLANE
15805.429151,v4l2_dqbuf,2,VIDEO_CAPTURE_MPLANE
15805.429166,v4l2_dqbuf,0,VIDEO_OUTPUT_MPLANE
15805.442273,v4l2_qbuf,0,VIDEO_OUTPUT_MPLANE
15805.442296,v4l2_qbuf,0,VIDEO_CAPTURE_MPLANE
15805.444559,v4l2_dqbuf,0,VIDEO_CAPTURE_MPLANE
15805.444573,v4l2_dqbuf,0,VIDEO_OUTPUT_MPLANE
15805.458737,v4l2_qbuf,0,VIDEO_OUTPUT_MPLANE
15805.458761,v4l2_qbuf,5,VIDEO_CAPTURE_MPLANE
15805.461917,v4l2_dqbuf,5,VIDEO_CAPTURE_MPLANE
15805.461935,v4l2_dqbuf,0,VIDEO_OUTPUT_MPLANE
15805.476303,v4l2_qbuf,0,VIDEO_OUTPUT_MPLANE
15805.476324,v4l2_qbuf,1,VIDEO_CAPTURE_MPLANE
15805.479439,v4l2_dqbuf,1,VIDEO_CAPTURE_MPLANE
15805.479545,v4l2_dqbuf,0,VIDEO_OUTPUT_MPLANE
15805.492360,v4l2_qbuf,0,VIDEO_OUTPUT_MPLANE
15805.492478,v4l2_qbuf,6,VIDEO_CAPTURE_MPLANE
15805.495875,v4l2_dqbuf,6,VIDEO_CAPTURE_MPLANE
15805.495892,v4l2_dqbuf,0,VIDEO_OUTPUT_MPLANE
15805.508963,v4l2_qbuf,0,VIDEO_OUTPUT_MPLANE
15805.508987,v4l2_qbuf,7,VIDEO_CAPTURE_MPLANE
15805.511474,v4l2_dqbuf,7,VIDEO_CAPTURE_MPLANE
15805.511492,v4l2_dqbuf,0,VIDEO_OUTPUT_MPLANE
15805.525661,v4l2_qbuf,0,VIDEO_OUTPUT_MPLANE
15805.525691,v4l2_qbuf,3,VIDEO_CAPTURE_MPLANE
15805.528708,v4l2_dqbuf,3,VIDEO_CAPTURE_MPLANE
15805.528724,v4l2_dqbuf,0,VIDEO_OUTPUT_MPLANE
15805.542367,v4l2_qbuf,0,VIDEO_OUTPUT_MPLANE
15805.542389,v4l2_qbuf,2,VIDEO_CAPTURE_MPLANE
15805.545585,v4l2_dqbuf,2,VIDEO_CAPTURE_MPLANE
15805.545661,v4l2_dqbuf,0,VIDEO_OUTPUT_MPLANE
15805.559040,v4l2_qbuf,0,VIDEO_OUTPUT_MPLANE
15805.559060,v4l2_qbuf,4,VIDEO_CAPTURE_MPLANE
15805.562278,v4l2_dqbuf,4,VIDEO_CAPTURE_MPLANE
15805.562294,v4l2_dqbuf,0,VIDEO_OUTPUT_MPLANE
15805.575612,v4l2_qbuf,0,VIDEO_OUTPUT_MPLANE
15805.575685,v4l2_qbuf,1,VIDEO_CAPTURE_MPLANE
15805.577913,v4l2_dqbuf,1,VIDEO_CAPTURE_MPLANE
15805.577932,v4l2_dqbuf,0,VIDEO_OUTPUT_MPLANE
15805.592194,v4l2_qbuf,0,VIDEO_OUTPUT_MPLANE
15805.592216,v4l2_qbuf,5,VIDEO_CAPTURE_MPLANE
15805.595581,v4l2_dqbuf,5,VIDEO_CAPTURE_MPLANE
15805.595598,v4l2_dqbuf,0,VIDEO_OUTPUT_MPLANE
15805.608947,v4l2_qbuf,0,VIDEO_OUTPUT_MPLANE
15805.608978,v4l2_qbuf,6,VIDEO_CAPTURE_MPLANE
15805.612366,v4l2_dqbuf,6,VIDEO_CAPTURE_MPLANE
15805.612461,v4l2_dqbuf,0,VIDEO_OUTPUT_MPLANE
15805.625732,v4l2_qbuf,0,VIDEO_OUTPUT_MPLANE
15805.625759,v4l2_qbuf,0,VIDEO_CAPTURE_MPLANE
15805.629085,v4l2_dqbuf,0,VIDEO_CAPTURE_MPLANE
15805.629100,v4l2_dqbuf,0,VIDEO_OUTPUT_MPLANE
15805.642076,v4l2_qbuf,0,VIDEO_OUTPUT_MPLANE
15805.642096,v4l2_qbuf,2,VIDEO_CAPTURE_MPLANE
15805.644273,v4l2_dqbuf,2,VIDEO_CAPTURE_MPLANE
15805.644289,v4l2_dqbuf,0,VIDEO_OUTPUT_MPLANE
15805.661744,v4l2_qbuf,0,VIDEO_OUTPUT_MPLANE
15805.661804,v4l2_qbuf,3,VIDEO_CAPTURE_MPLANE
15805.665377,v4l2_dqbuf,3,VIDEO_CAPTURE_MPLANE
15805.665430,v4l2_dqbuf,0,VIDEO_OUTPUT_MPLANE
15805.675545,v4l2_qbuf,0,VIDEO_OUTPUT_MPLANE
15805.675565,v4l2_qbuf,4,VIDEO_CAPTURE_MPLANE
15805.679162,v4l2_dqbuf,4,VIDEO_CAPTURE_MPLANE
15805.679292,v4l2_dqbuf,0,VIDEO_OUTPUT_MPLANE
15805.696578,v4l2_qbuf,0,VIDEO_OUTPUT_MPLANE
15805.696597,v4l2_qbuf,7,VIDEO_CAPTURE_MPLANE
15805.699802,v4l2_dqbuf,7,VIDEO_CAPTURE_MPLANE
15805.699830,v4l2_dqbuf,0,VIDEO_OUTPUT_MPLANE
15805.711159,v4l2_qbuf,0,VIDEO_OUTPUT_MPLANE
15805.711176,v4l2_qbuf,6,VIDEO_CAPTURE_MPLANE
15805.713402,v4l2_dqbuf,6,VIDEO_CAPTURE_MPLANE
15805.713461,v4l2_dqbuf,0,VIDEO_OUTPUT_MPLANE
15805.727746,v4l2_qbuf,0,VIDEO_OUTPUT_MPLANE
15805.727781,v4l2_qbuf,5,VIDEO_CAPTURE_MPLANE
15805.729613,v4l2_dqbuf,5,VIDEO_CAPTURE_MPLANE
15805.729636,v4l2_dqbuf,0,VIDEO_OUTPUT_MPLANE
15805.744134,v4l2_qbuf,0,VIDEO_OUTPUT_MPLANE
15805.744150,v4l2_qbuf,0,VIDEO_CAPTURE_MPLANE
15805.746290,v4l2_dqbuf,0,VIDEO_CAPTURE_MPLANE
15805.746301,v4l2_dqbuf,0,VIDEO_OUTPUT_MPLANE
15805.760808,v4l2_qbuf,0,VIDEO_OUTPUT_MPLANE
15805.760851,v4l2_qbuf,1,VIDEO_CAPTURE_MPLANE
15805.764103,v4l2_dqbuf,1,VIDEO_CAPTURE_MPLANE
15805.764116,v4l2_dqbuf,0,VIDEO_OUTPUT_MPLANE
15805.777827,v4l2_qbuf,0,VIDEO_OUTPUT_MPLANE
15805.777871,v4l2_qbuf,4,VIDEO_CAPTURE_MPLANE
15805.781000,v4l2_dqbuf,4,VIDEO_CAPTURE_MPLANE
15805.781119,v4l2_dqbuf,0,VIDEO_OUTPUT_MPLANE
15805.794505,v4l2_qbuf,0,VIDEO_OUTPUT_MPLANE
15805.794542,v4l2_qbuf,3,VIDEO_CAPTURE_MPLANE
15805.797851,v4l2_dqbuf,3,VIDEO_CAPTURE_MPLANE
15805.797876,v4l2_dqbuf,0,VIDEO_OUTPUT_MPLANE
15805.811379,v4l2_qbuf,0,VIDEO_OUTPUT_MPLANE
15805.811412,v4l2_qbuf,7,VIDEO_CAPTURE_MPLANE
15805.813693,v4l2_dqbuf,7,VIDEO_CAPTURE_MPLANE
15805.813718,v4l2_dqbuf,0,VIDEO_OUTPUT_MPLANE
15805.827863,v4l2_qbuf,0,VIDEO_OUTPUT_MPLANE
15805.827902,v4l2_qbuf,2,VIDEO_CAPTURE_MPLANE
15805.831303,v4l2_dqbuf,2,VIDEO_CAPTURE_MPLANE
15805.831330,v4l2_dqbuf,0,VIDEO_OUTPUT_MPLANE
15805.844413,v4l2_qbuf,0,VIDEO_OUTPUT_MPLANE
15805.844433,v4l2_qbuf,6,VIDEO_CAPTURE_MPLANE
15805.847629,v4l2_dqbuf,6,VIDEO_CAPTURE_MPLANE
15805.847722,v4l2_dqbuf,0,VIDEO_OUTPUT_MPLANE
15805.861393,v4l2_qbuf,0,VIDEO_OUTPUT_MPLANE
15805.861413,v4l2_qbuf,5,VIDEO_CAPTURE_MPLANE
15805.864636,v4l2_dqbuf,5,VIDEO_CAPTURE_MPLANE
15805.864651,v4l2_dqbuf,0,VIDEO_OUTPUT_MPLANE
15805.877560,v4l2_qbuf,0,VIDEO_OUTPUT_MPLANE
15805.877583,v4l2_qbuf,4,VIDEO_CAPTURE_MPLANE
15805.880045,v4l2_dqbuf,4,VIDEO_CAPTURE_MPLANE
15805.880065,v4l2_dqbuf,0,VIDEO_OUTPUT_MPLANE
15805.894261,v4l2_qbuf,0,VIDEO_OUTPUT_MPLANE
15805.894283,v4l2_qbuf,1,VIDEO_CAPTURE_MPLANE
15805.897572,v4l2_dqbuf,1,VIDEO_CAPTURE_MPLANE
15805.897590,v4l2_dqbuf,0,VIDEO_OUTPUT_MPLANE
15805.911305,v4l2_qbuf,0,VIDEO_OUTPUT_MPLANE
15805.911385,v4l2_qbuf,3,VIDEO_CAPTURE_MPLANE
15805.914601,v4l2_dqbuf,3,VIDEO_CAPTURE_MPLANE
15805.914739,v4l2_dqbuf,0,VIDEO_OUTPUT_MPLANE
15805.927788,v4l2_qbuf,0,VIDEO_OUTPUT_MPLANE
15805.927813,v4l2_qbuf,0,VIDEO_CAPTURE_MPLANE
15805.931022,v4l2_dqbuf,0,VIDEO_CAPTURE_MPLANE
15805.931038,v4l2_dqbuf,0,VIDEO_OUTPUT_MPLANE
15805.945067,v4l2_qbuf,0,VIDEO_OUTPUT_MPLANE
15805.945107,v4l2_qbuf,6,VIDEO_CAPTURE_MPLANE
15805.947533,v4l2_dqbuf,6,VIDEO_CAPTURE_MPLANE
15805.947561,v4l2_dqbuf,0,VIDEO_OUTPUT_MPLANE
15805.961454,v4l2_qbuf,0,VIDEO_OUTPUT_MPLANE
15805.961492,v4l2_qbuf,2,VIDEO_CAPTURE_MPLANE
15805.965297,v4l2_dqbuf,2,VIDEO_CAPTURE_MPLANE
15805.965390,v4l2_dqbuf,0,VIDEO_OUTPUT_MPLANE
15805.977890,v4l2_qbuf,0,VIDEO_OUTPUT_MPLANE
15805.977929,v4l2_qbuf,5,VIDEO_CAPTURE_MPLANE
15805.981238,v4l2_dqbuf,5,VIDEO_CAPTURE_MPLANE
15805.981319,v4l2_dqbuf,0,VIDEO_OUTPUT_MPLANE
15805.994578,v4l2_qbuf,0,VIDEO_OUTPUT_MPLANE
15805.994608,v4l2_qbuf,7,VIDEO_CAPTURE_MPLANE
15805.997847,v4l2_dqbuf,7,VIDEO_CAPTURE_MPLANE
15805.997861,v4l2_dqbuf,0,VIDEO_OUTPUT_MPLANE
15806.011062,v4l2_qbuf,0,VIDEO_OUTPUT_MPLANE
15806.011101,v4l2_qbuf,3,VIDEO_CAPTURE_MPLANE
15806.013383,v4l2_dqbuf,3,VIDEO_CAPTURE_MPLANE
15806.013420,v4l2_dqbuf,0,VIDEO_OUTPUT_MPLANE
15806.028208,v4l2_qbuf,0,VIDEO_OUTPUT_MPLANE
15806.028257,v4l2_qbuf,1,VIDEO_CAPTURE_MPLANE
15806.031809,v4l2_dqbuf,1,VIDEO_CAPTURE_MPLANE
15806.031850,v4l2_dqbuf,0,VIDEO_OUTPUT_MPLANE
15806.044600,v4l2_qbuf,0,VIDEO_OUTPUT_MPLANE
15806.044624,v4l2_qbuf,0,VIDEO_CAPTURE_MPLANE
15806.046845,v4l2_dqbuf,0,VIDEO_CAPTURE_MPLANE
15806.046861,v4l2_dqbuf,0,VIDEO_OUTPUT_MPLANE
15806.061501,v4l2_qbuf,0,VIDEO_OUTPUT_MPLANE
15806.061523,v4l2_qbuf,4,VIDEO_CAPTURE_MPLANE
15806.064642,v4l2_dqbuf,4,VIDEO_CAPTURE_MPLANE
15806.064688,v4l2_dqbuf,0,VIDEO_OUTPUT_MPLANE
15806.077973,v4l2_qbuf,0,VIDEO_OUTPUT_MPLANE
15806.077996,v4l2_qbuf,5,VIDEO_CAPTURE_MPLANE
15806.081113,v4l2_dqbuf,5,VIDEO_CAPTURE_MPLANE
15806.081208,v4l2_dqbuf,0,VIDEO_OUTPUT_MPLANE
15806.094789,v4l2_qbuf,0,VIDEO_OUTPUT_MPLANE
15806.094813,v4l2_qbuf,2,VIDEO_CAPTURE_MPLANE
15806.097982,v4l2_dqbuf,2,VIDEO_CAPTURE_MPLANE
15806.097997,v4l2_dqbuf,0,VIDEO_OUTPUT_MPLANE
15806.111496,v4l2_qbuf,0,VIDEO_OUTPUT_MPLANE
15806.111539,v4l2_qbuf,7,VIDEO_CAPTURE_MPLANE
15806.113956,v4l2_dqbuf,7,VIDEO_CAPTURE_MPLANE
15806.113991,v4l2_dqbuf,0,VIDEO_OUTPUT_MPLANE
15806.127969,v4l2_qbuf,0,VIDEO_OUTPUT_MPLANE
15806.128053,v4l2_qbuf,6,VIDEO_CAPTURE_MPLANE
15806.131422,v4l2_dqbuf,6,VIDEO_CAPTURE_MPLANE
15806.131451,v4l2_dqbuf,0,VIDEO_OUTPUT_MPLANE
15806.144861,v4l2_qbuf,0,VIDEO_OUTPUT_MPLANE
15806.144912,v4l2_qbuf,1,VIDEO_CAPTURE_MPLANE
15806.148105,v4l2_dqbuf,1,VIDEO_CAPTURE_MPLANE
15806.148119,v4l2_dqbuf,0,VIDEO_OUTPUT_MPLANE
15806.161748,v4l2_qbuf,0,VIDEO_OUTPUT_MPLANE
15806.161798,v4l2_qbuf,3,VIDEO_CAPTURE_MPLANE
15806.164275,v4l2_dqbuf,3,VIDEO_CAPTURE_MPLANE
15806.164303,v4l2_dqbuf,0,VIDEO_OUTPUT_MPLANE
15806.178082,v4l2_qbuf,0,VIDEO_OUTPUT_MPLANE
15806.178137,v4l2_qbuf,5,VIDEO_CAPTURE_MPLANE
15806.181337,v4l2_dqbuf,5,VIDEO_CAPTURE_MPLANE
15806.181353,v4l2_dqbuf,0,VIDEO_OUTPUT_MPLANE
15806.194553,v4l2_qbuf,0,VIDEO_OUTPUT_MPLANE
15806.194576,v4l2_qbuf,4,VIDEO_CAPTURE_MPLANE
15806.197780,v4l2_dqbuf,4,VIDEO_CAPTURE_MPLANE
15806.197886,v4l2_dqbuf,0,VIDEO_OUTPUT_MPLANE
15806.211320,v4l2_qbuf,0,VIDEO_OUTPUT_MPLANE
15806.211350,v4l2_qbuf,2,VIDEO_CAPTURE_MPLANE
15806.214555,v4l2_dqbuf,2,VIDEO_CAPTURE_MPLANE
15806.214570,v4l2_dqbuf,0,VIDEO_OUTPUT_MPLANE
15806.228032,v4l2_qbuf,0,VIDEO_OUTPUT_MPLANE
15806.228058,v4l2_qbuf,0,VIDEO_CAPTURE_MPLANE
15806.230210,v4l2_dqbuf,0,VIDEO_CAPTURE_MPLANE
15806.230228,v4l2_dqbuf,0,VIDEO_OUTPUT_MPLANE
15806.244452,v4l2_qbuf,0,VIDEO_OUTPUT_MPLANE
15806.244526,v4l2_qbuf,6,VIDEO_CAPTURE_MPLANE
15806.247693,v4l2_dqbuf,6,VIDEO_CAPTURE_MPLANE
15806.247712,v4l2_dqbuf,0,VIDEO_OUTPUT_MPLANE
15806.261112,v4l2_qbuf,0,VIDEO_OUTPUT_MPLANE
15806.261137,v4l2_qbuf,1,VIDEO_CAPTURE_MPLANE
15806.265040,v4l2_dqbuf,1,VIDEO_CAPTURE_MPLANE
15806.265058,v4l2_dqbuf,0,VIDEO_OUTPUT_MPLANE
15806.278230,v4l2_qbuf,0,VIDEO_OUTPUT_MPLANE
15806.278287,v4l2_qbuf,7,VIDEO_CAPTURE_MPLANE
15806.280502,v4l2_dqbuf,7,VIDEO_CAPTURE_MPLANE
15806.280516,v4l2_dqbuf,0,VIDEO_OUTPUT_MPLANE
15806.294515,v4l2_qbuf,0,VIDEO_OUTPUT_MPLANE
15806.294564,v4l2_qbuf,4,VIDEO_CAPTURE_MPLANE
15806.297775,v4l2_dqbuf,4,VIDEO_CAPTURE_MPLANE
15806.297794,v4l2_dqbuf,0,VIDEO_OUTPUT_MPLANE
15806.310928,v4l2_qbuf,0,VIDEO_OUTPUT_MPLANE
15806.310959,v4l2_qbuf,5,VIDEO_CAPTURE_MPLANE
15806.314160,v4l2_dqbuf,5,VIDEO_CAPTURE_MPLANE
15806.314232,v4l2_dqbuf,0,VIDEO_OUTPUT_MPLANE
15806.327737,v4l2_qbuf,0,VIDEO_OUTPUT_MPLANE
15806.327756,v4l2_qbuf,2,VIDEO_CAPTURE_MPLANE
15806.330876,v4l2_dqbuf,2,VIDEO_CAPTURE_MPLANE
15806.330894,v4l2_dqbuf,0,VIDEO_OUTPUT_MPLANE
15806.344423,v4l2_qbuf,0,VIDEO_OUTPUT_MPLANE
15806.344445,v4l2_qbuf,3,VIDEO_CAPTURE_MPLANE
15806.346776,v4l2_dqbuf,3,VIDEO_CAPTURE_MPLANE
15806.346795,v4l2_dqbuf,0,VIDEO_OUTPUT_MPLANE
15806.361230,v4l2_qbuf,0,VIDEO_OUTPUT_MPLANE
15806.361253,v4l2_qbuf,6,VIDEO_CAPTURE_MPLANE
15806.364524,v4l2_dqbuf,6,VIDEO_CAPTURE_MPLANE
15806.364542,v4l2_dqbuf,0,VIDEO_OUTPUT_MPLANE
15806.377892,v4l2_qbuf,0,VIDEO_OUTPUT_MPLANE
15806.377914,v4l2_qbuf,1,VIDEO_CAPTURE_MPLANE
15806.381185,v4l2_dqbuf,1,VIDEO_CAPTURE_MPLANE
15806.381356,v4l2_dqbuf,0,VIDEO_OUTPUT_MPLANE
15806.394569,v4l2_qbuf,0,VIDEO_OUTPUT_MPLANE
15806.394590,v4l2_qbuf,0,VIDEO_CAPTURE_MPLANE
15806.397783,v4l2_dqbuf,0,VIDEO_CAPTURE_MPLANE
15806.397796,v4l2_dqbuf,0,VIDEO_OUTPUT_MPLANE
15806.411346,v4l2_qbuf,0,VIDEO_OUTPUT_MPLANE
15806.411370,v4l2_qbuf,5,VIDEO_CAPTURE_MPLANE
15806.413573,v4l2_dqbuf,5,VIDEO_CAPTURE_MPLANE
15806.413600,v4l2_dqbuf,0,VIDEO_OUTPUT_MPLANE
15806.428244,v4l2_qbuf,0,VIDEO_OUTPUT_MPLANE
15806.428296,v4l2_qbuf,4,VIDEO_CAPTURE_MPLANE
15806.431535,v4l2_dqbuf,4,VIDEO_CAPTURE_MPLANE
15806.431563,v4l2_dqbuf,0,VIDEO_OUTPUT_MPLANE
15806.444548,v4l2_qbuf,0,VIDEO_OUTPUT_MPLANE
15806.444571,v4l2_qbuf,2,VIDEO_CAPTURE_MPLANE
15806.447658,v4l2_dqbuf,2,VIDEO_CAPTURE_MPLANE
15806.447675,v4l2_dqbuf,0,VIDEO_OUTPUT_MPLANE
15806.461241,v4l2_qbuf,0,VIDEO_OUTPUT_MPLANE
15806.461264,v4l2_qbuf,7,VIDEO_CAPTURE_MPLANE
15806.463513,v4l2_dqbuf,7,VIDEO_CAPTURE_MPLANE
15806.463530,v4l2_dqbuf,0,VIDEO_OUTPUT_MPLANE
15806.477610,v4l2_qbuf,0,VIDEO_OUTPUT_MPLANE
15806.477627,v4l2_qbuf,1,VIDEO_CAPTURE_MPLANE
15806.480799,v4l2_dqbuf,1,VIDEO_CAPTURE_MPLANE
15806.480815,v4l2_dqbuf,0,VIDEO_OUTPUT_MPLANE
15806.494851,v4l2_qbuf,0,VIDEO_OUTPUT_MPLANE
15806.494872,v4l2_qbuf,6,VIDEO_CAPTURE_MPLANE
15806.498072,v4l2_dqbuf,6,VIDEO_CAPTURE_MPLANE
15806.498159,v4l2_dqbuf,0,VIDEO_OUTPUT_MPLANE
15806.511113,v4l2_qbuf,0,VIDEO_OUTPUT_MPLANE
15806.511134,v4l2_qbuf,0,VIDEO_CAPTURE_MPLANE
15806.514464,v4l2_dqbuf,0,VIDEO_CAPTURE_MPLANE
15806.514498,v4l2_dqbuf,0,VIDEO_OUTPUT_MPLANE
15806.527723,v4l2_qbuf,0,VIDEO_OUTPUT_MPLANE
15806.527746,v4l2_qbuf,3,VIDEO_CAPTURE_MPLANE
15806.529966,v4l2_dqbuf,3,VIDEO_CAPTURE_MPLANE
15806.529983,v4l2_dqbuf,0,VIDEO_OUTPUT_MPLANE
15806.544586,v4l2_qbuf,0,VIDEO_OUTPUT_MPLANE
15806.544609,v4l2_qbuf,4,VIDEO_CAPTURE_MPLANE
15806.547745,v4l2_dqbuf,4,VIDEO_CAPTURE_MPLANE
15806.547765,v4l2_dqbuf,0,VIDEO_OUTPUT_MPLANE
15806.561365,v4l2_qbuf,0,VIDEO_OUTPUT_MPLANE
15806.561385,v4l2_qbuf,2,VIDEO_CAPTURE_MPLANE
15806.564665,v4l2_dqbuf,2,VIDEO_CAPTURE_MPLANE
15806.564767,v4l2_dqbuf,0,VIDEO_OUTPUT_MPLANE
15806.577842,v4l2_qbuf,0,VIDEO_OUTPUT_MPLANE
15806.577870,v4l2_qbuf,5,VIDEO_CAPTURE_MPLANE
15806.581180,v4l2_dqbuf,5,VIDEO_CAPTURE_MPLANE
15806.581196,v4l2_dqbuf,0,VIDEO_OUTPUT_MPLANE
15806.594434,v4l2_qbuf,0,VIDEO_OUTPUT_MPLANE
15806.594456,v4l2_qbuf,6,VIDEO_CAPTURE_MPLANE
15806.596778,v4l2_dqbuf,6,VIDEO_CAPTURE_MPLANE
15806.596794,v4l2_dqbuf,0,VIDEO_OUTPUT_MPLANE
15806.611550,v4l2_qbuf,0,VIDEO_OUTPUT_MPLANE
15806.611598,v4l2_qbuf,1,VIDEO_CAPTURE_MPLANE
15806.614978,v4l2_dqbuf,1,VIDEO_CAPTURE_MPLANE
15806.615072,v4l2_dqbuf,0,VIDEO_OUTPUT_MPLANE
15806.627756,v4l2_qbuf,0,VIDEO_OUTPUT_MPLANE
15806.627776,v4l2_qbuf,0,VIDEO_CAPTURE_MPLANE
15806.630900,v4l2_dqbuf,0,VIDEO_CAPTURE_MPLANE
15806.630984,v4l2_dqbuf,0,VIDEO_OUTPUT_MPLANE
15806.644372,v4l2_qbuf,0,VIDEO_OUTPUT_MPLANE
15806.644394,v4l2_qbuf,7,VIDEO_CAPTURE_MPLANE
15806.647594,v4l2_dqbuf,7,VIDEO_CAPTURE_MPLANE
15806.647612,v4l2_dqbuf,0,VIDEO_OUTPUT_MPLANE
15806.661280,v4l2_qbuf,0,VIDEO_OUTPUT_MPLANE
15806.661307,v4l2_qbuf,2,VIDEO_CAPTURE_MPLANE
15806.663496,v4l2_dqbuf,2,VIDEO_CAPTURE_MPLANE
15806.663511,v4l2_dqbuf,0,VIDEO_OUTPUT_MPLANE
15806.678188,v4l2_qbuf,0,VIDEO_OUTPUT_MPLANE
15806.678209,v4l2_qbuf,4,VIDEO_CAPTURE_MPLANE
15806.681454,v4l2_dqbuf,4,VIDEO_CAPTURE_MPLANE
15806.681472,v4l2_dqbuf,0,VIDEO_OUTPUT_MPLANE
15806.694347,v4l2_qbuf,0,VIDEO_OUTPUT_MPLANE
15806.694372,v4l2_qbuf,5,VIDEO_CAPTURE_MPLANE
15806.697661,v4l2_dqbuf,5,VIDEO_CAPTURE_MPLANE
15806.697677,v4l2_dqbuf,0,VIDEO_OUTPUT_MPLANE
15806.711105,v4l2_qbuf,0,VIDEO_OUTPUT_MPLANE
15806.711130,v4l2_qbuf,3,VIDEO_CAPTURE_MPLANE
15806.713469,v4l2_dqbuf,3,VIDEO_CAPTURE_MPLANE
15806.713543,v4l2_dqbuf,0,VIDEO_OUTPUT_MPLANE
15806.727871,v4l2_qbuf,0,VIDEO_OUTPUT_MPLANE
15806.727890,v4l2_qbuf,0,VIDEO_CAPTURE_MPLANE
15806.729982,v4l2_dqbuf,0,VIDEO_CAPTURE_MPLANE
15806.730075,v4l2_dqbuf,0,VIDEO_OUTPUT_MPLANE
15806.744435,v4l2_qbuf,0,VIDEO_OUTPUT_MPLANE
15806.744468,v4l2_qbuf,1,VIDEO_CAPTURE_MPLANE
15806.746604,v4l2_dqbuf,1,VIDEO_CAPTURE_MPLANE
15806.746629,v4l2_dqbuf,0,VIDEO_OUTPUT_MPLANE
15806.761495,v4l2_qbuf,0,VIDEO_OUTPUT_MPLANE
15806.761541,v4l2_qbuf,7,VIDEO_CAPTURE_MPLANE
15806.764679,v4l2_dqbuf,7,VIDEO_CAPTURE_MPLANE
15806.764693,v4l2_dqbuf,0,VIDEO_OUTPUT_MPLANE
15806.777923,v4l2_qbuf,0,VIDEO_OUTPUT_MPLANE
15806.777943,v4l2_qbuf,6,VIDEO_CAPTURE_MPLANE
15806.781164,v4l2_dqbuf,6,VIDEO_CAPTURE_MPLANE
15806.781179,v4l2_dqbuf,0,VIDEO_OUTPUT_MPLANE
15806.794423,v4l2_qbuf,0,VIDEO_OUTPUT_MPLANE
15806.794444,v4l2_qbuf,4,VIDEO_CAPTURE_MPLANE
15806.796671,v4l2_dqbuf,4,VIDEO_CAPTURE_MPLANE
15806.796687,v4l2_dqbuf,0,VIDEO_OUTPUT_MPLANE
15806.810964,v4l2_qbuf,0,VIDEO_OUTPUT_MPLANE
15806.810980,v4l2_qbuf,5,VIDEO_CAPTURE_MPLANE
15806.814224,v4l2_dqbuf,5,VIDEO_CAPTURE_MPLANE
15806.814236,v4l2_dqbuf,0,VIDEO_OUTPUT_MPLANE
15806.827758,v4l2_qbuf,0,VIDEO_OUTPUT_MPLANE
15806.827774,v4l2_qbuf,2,VIDEO_CAPTURE_MPLANE
15806.830007,v4l2_dqbuf,2,VIDEO_CAPTURE_MPLANE
15806.830021,v4l2_dqbuf,0,VIDEO_OUTPUT_MPLANE
15806.844153,v4l2_qbuf,0,VIDEO_OUTPUT_MPLANE
15806.844227,v4l2_qbuf,3,VIDEO_CAPTURE_MPLANE
15806.847570,v4l2_dqbuf,3,VIDEO_CAPTURE_MPLANE
15806.847618,v4l2_dqbuf,0,VIDEO_OUTPUT_MPLANE
15806.860960,v4l2_qbuf,0,VIDEO_OUTPUT_MPLANE
15806.860979,v4l2_qbuf,0,VIDEO_CAPTURE_MPLANE
15806.864154,v4l2_dqbuf,0,VIDEO_CAPTURE_MPLANE
15806.864235,v4l2_dqbuf,0,VIDEO_OUTPUT_MPLANE
15806.877490,v4l2_qbuf,0,VIDEO_OUTPUT_MPLANE
15806.877530,v4l2_qbuf,7,VIDEO_CAPTURE_MPLANE
15806.880774,v4l2_dqbuf,7,VIDEO_CAPTURE_MPLANE
15806.880801,v4l2_dqbuf,0,VIDEO_OUTPUT_MPLANE
15806.894276,v4l2_qbuf,0,VIDEO_OUTPUT_MPLANE
15806.894296,v4l2_qbuf,6,VIDEO_CAPTURE_MPLANE
15806.896558,v4l2_dqbuf,6,VIDEO_CAPTURE_MPLANE
15806.896572,v4l2_dqbuf,0,VIDEO_OUTPUT_MPLANE
15806.911182,v4l2_qbuf,0,VIDEO_OUTPUT_MPLANE
15806.911214,v4l2_qbuf,1,VIDEO_CAPTURE_MPLANE
15806.914546,v4l2_dqbuf,1,VIDEO_CAPTURE_MPLANE
15806.914577,v4l2_dqbuf,0,VIDEO_OUTPUT_MPLANE
15806.927746,v4l2_qbuf,0,VIDEO_OUTPUT_MPLANE
15806.927783,v4l2_qbuf,5,VIDEO_CAPTURE_MPLANE
15806.930952,v4l2_dqbuf,5,VIDEO_CAPTURE_MPLANE
15806.931172,v4l2_dqbuf,0,VIDEO_OUTPUT_MPLANE
15806.944337,v4l2_qbuf,0,VIDEO_OUTPUT_MPLANE
15806.944373,v4l2_qbuf,4,VIDEO_CAPTURE_MPLANE
15806.947517,v4l2_dqbuf,4,VIDEO_CAPTURE_MPLANE
15806.947550,v4l2_dqbuf,0,VIDEO_OUTPUT_MPLANE
15806.960963,v4l2_qbuf,0,VIDEO_OUTPUT_MPLANE
15806.960996,v4l2_qbuf,0,VIDEO_CAPTURE_MPLANE
15806.963331,v4l2_dqbuf,0,VIDEO_CAPTURE_MPLANE
15806.963356,v4l2_dqbuf,0,VIDEO_OUTPUT_MPLANE
15806.978015,v4l2_qbuf,0,VIDEO_OUTPUT_MPLANE
15806.978043,v4l2_qbuf,3,VIDEO_CAPTURE_MPLANE
15806.981401,v4l2_dqbuf,3,VIDEO_CAPTURE_MPLANE
15806.981420,v4l2_dqbuf,0,VIDEO_OUTPUT_MPLANE
15806.994070,v4l2_qbuf,0,VIDEO_OUTPUT_MPLANE
15806.994096,v4l2_qbuf,7,VIDEO_CAPTURE_MPLANE
15806.997220,v4l2_dqbuf,7,VIDEO_CAPTURE_MPLANE
15806.997294,v4l2_dqbuf,0,VIDEO_OUTPUT_MPLANE
15807.011361,v4l2_qbuf,0,VIDEO_OUTPUT_MPLANE
15807.011391,v4l2_qbuf,2,VIDEO_CAPTURE_MPLANE
15807.014672,v4l2_dqbuf,2,VIDEO_CAPTURE_MPLANE
15807.014687,v4l2_dqbuf,0,VIDEO_OUTPUT_MPLANE
15807.027543,v4l2_qbuf,0,VIDEO_OUTPUT_MPLANE
15807.027564,v4l2_qbuf,5,VIDEO_CAPTURE_MPLANE
15807.029768,v4l2_dqbuf,5,VIDEO_CAPTURE_MPLANE
15807.029783,v4l2_dqbuf,0,VIDEO_OUTPUT_MPLANE
15807.044443,v4l2_qbuf,0,VIDEO_OUTPUT_MPLANE
15807.044480,v4l2_qbuf,1,VIDEO_CAPTURE_MPLANE
15807.047801,v4l2_dqbuf,1,VIDEO_CAPTURE_MPLANE
15807.047833,v4l2_dqbuf,0,VIDEO_OUTPUT_MPLANE
15807.061252,v4l2_qbuf,0,VIDEO_OUTPUT_MPLANE
15807.061288,v4l2_qbuf,4,VIDEO_CAPTURE_MPLANE
15807.064572,v4l2_dqbuf,4,VIDEO_CAPTURE_MPLANE
15807.064702,v4l2_dqbuf,0,VIDEO_OUTPUT_MPLANE
15807.077911,v4l2_qbuf,0,VIDEO_OUTPUT_MPLANE
15807.077943,v4l2_qbuf,6,VIDEO_CAPTURE_MPLANE
15807.081283,v4l2_dqbuf,6,VIDEO_CAPTURE_MPLANE
15807.081308,v4l2_dqbuf,0,VIDEO_OUTPUT_MPLANE
15807.094780,v4l2_qbuf,0,VIDEO_OUTPUT_MPLANE
15807.094817,v4l2_qbuf,7,VIDEO_CAPTURE_MPLANE
15807.097057,v4l2_dqbuf,7,VIDEO_CAPTURE_MPLANE
15807.097081,v4l2_dqbuf,0,VIDEO_OUTPUT_MPLANE
15807.111072,v4l2_qbuf,0,VIDEO_OUTPUT_MPLANE
15807.111092,v4l2_qbuf,3,VIDEO_CAPTURE_MPLANE
15807.114379,v4l2_dqbuf,3,VIDEO_CAPTURE_MPLANE
15807.114397,v4l2_dqbuf,0,VIDEO_OUTPUT_MPLANE
15807.127869,v4l2_qbuf,0,VIDEO_OUTPUT_MPLANE
15807.127890,v4l2_qbuf,2,VIDEO_CAPTURE_MPLANE
15807.131073,v4l2_dqbuf,2,VIDEO_CAPTURE_MPLANE
15807.131169,v4l2_dqbuf,0,VIDEO_OUTPUT_MPLANE
15807.144267,v4l2_qbuf,0,VIDEO_OUTPUT_MPLANE
15807.144291,v4l2_qbuf,0,VIDEO_CAPTURE_MPLANE
15807.147624,v4l2_dqbuf,0,VIDEO_CAPTURE_MPLANE
15807.147639,v4l2_dqbuf,0,VIDEO_OUTPUT_MPLANE
15807.161203,v4l2_qbuf,0,VIDEO_OUTPUT_MPLANE
15807.161226,v4l2_qbuf,4,VIDEO_CAPTURE_MPLANE
15807.163524,v4l2_dqbuf,4,VIDEO_CAPTURE_MPLANE
15807.163540,v4l2_dqbuf,0,VIDEO_OUTPUT_MPLANE
15807.177739,v4l2_qbuf,0,VIDEO_OUTPUT_MPLANE
15807.177762,v4l2_qbuf,1,VIDEO_CAPTURE_MPLANE
15807.180914,v4l2_dqbuf,1,VIDEO_CAPTURE_MPLANE
15807.180929,v4l2_dqbuf,0,VIDEO_OUTPUT_MPLANE
15807.194243,v4l2_qbuf,0,VIDEO_OUTPUT_MPLANE
15807.194263,v4l2_qbuf,6,VIDEO_CAPTURE_MPLANE
15807.197455,v4l2_dqbuf,6,VIDEO_CAPTURE_MPLANE
15807.197549,v4l2_dqbuf,0,VIDEO_OUTPUT_MPLANE
15807.211150,v4l2_qbuf,0,VIDEO_OUTPUT_MPLANE
15807.211180,v4l2_qbuf,5,VIDEO_CAPTURE_MPLANE
15807.214309,v4l2_dqbuf,5,VIDEO_CAPTURE_MPLANE
15807.214324,v4l2_dqbuf,0,VIDEO_OUTPUT_MPLANE
15807.227644,v4l2_qbuf,0,VIDEO_OUTPUT_MPLANE
15807.227667,v4l2_qbuf,2,VIDEO_CAPTURE_MPLANE
15807.229754,v4l2_dqbuf,2,VIDEO_CAPTURE_MPLANE
15807.229770,v4l2_dqbuf,0,VIDEO_OUTPUT_MPLANE
15807.244817,v4l2_qbuf,0,VIDEO_OUTPUT_MPLANE
15807.244868,v4l2_qbuf,3,VIDEO_CAPTURE_MPLANE
15807.248146,v4l2_dqbuf,3,VIDEO_CAPTURE_MPLANE
15807.248185,v4l2_dqbuf,0,VIDEO_OUTPUT_MPLANE
15807.261253,v4l2_qbuf,0,VIDEO_OUTPUT_MPLANE
15807.261275,v4l2_qbuf,0,VIDEO_CAPTURE_MPLANE
15807.264545,v4l2_dqbuf,0,VIDEO_CAPTURE_MPLANE
15807.264776,v4l2_dqbuf,0,VIDEO_OUTPUT_MPLANE
15807.277868,v4l2_qbuf,0,VIDEO_OUTPUT_MPLANE
15807.277890,v4l2_qbuf,7,VIDEO_CAPTURE_MPLANE
15807.281180,v4l2_dqbuf,7,VIDEO_CAPTURE_MPLANE
15807.281194,v4l2_dqbuf,0,VIDEO_OUTPUT_MPLANE
15807.294537,v4l2_qbuf,0,VIDEO_OUTPUT_MPLANE
15807.294568,v4l2_qbuf,6,VIDEO_CAPTURE_MPLANE
15807.296711,v4l2_dqbuf,6,VIDEO_CAPTURE_MPLANE
15807.296725,v4l2_dqbuf,0,VIDEO_OUTPUT_MPLANE
15807.311419,v4l2_qbuf,0,VIDEO_OUTPUT_MPLANE
15807.311451,v4l2_qbuf,1,VIDEO_CAPTURE_MPLANE
15807.314905,v4l2_dqbuf,1,VIDEO_CAPTURE_MPLANE
15807.314926,v4l2_dqbuf,0,VIDEO_OUTPUT_MPLANE
15807.327808,v4l2_qbuf,0,VIDEO_OUTPUT_MPLANE
15807.327827,v4l2_qbuf,5,VIDEO_CAPTURE_MPLANE
15807.331057,v4l2_dqbuf,5,VIDEO_CAPTURE_MPLANE
15807.331236,v4l2_dqbuf,0,VIDEO_OUTPUT_MPLANE
15807.344301,v4l2_qbuf,0,VIDEO_OUTPUT_MPLANE
15807.344323,v4l2_qbuf,4,VIDEO_CAPTURE_MPLANE
15807.347756,v4l2_dqbuf,4,VIDEO_CAPTURE_MPLANE
15807.347788,v4l2_dqbuf,0,VIDEO_OUTPUT_MPLANE
15807.361558,v4l2_qbuf,0,VIDEO_OUTPUT_MPLANE
15807.361592,v4l2_qbuf,0,VIDEO_CAPTURE_MPLANE
15807.363972,v4l2_dqbuf,0,VIDEO_CAPTURE_MPLANE
15807.363985,v4l2_dqbuf,0,VIDEO_OUTPUT_MPLANE
15807.377861,v4l2_qbuf,0,VIDEO_OUTPUT_MPLANE
15807.377877,v4l2_qbuf,3,VIDEO_CAPTURE_MPLANE
15807.381221,v4l2_dqbuf,3,VIDEO_CAPTURE_MPLANE
15807.381248,v4l2_dqbuf,0,VIDEO_OUTPUT_MPLANE
15807.394768,v4l2_qbuf,0,VIDEO_OUTPUT_MPLANE
15807.394819,v4l2_qbuf,7,VIDEO_CAPTURE_MPLANE
15807.398129,v4l2_dqbuf,7,VIDEO_CAPTURE_MPLANE
15807.398215,v4l2_dqbuf,0,VIDEO_OUTPUT_MPLANE
15807.411195,v4l2_qbuf,0,VIDEO_OUTPUT_MPLANE
15807.411216,v4l2_qbuf,2,VIDEO_CAPTURE_MPLANE
15807.414645,v4l2_dqbuf,2,VIDEO_CAPTURE_MPLANE
15807.414699,v4l2_dqbuf,0,VIDEO_OUTPUT_MPLANE
15807.428165,v4l2_qbuf,0,VIDEO_OUTPUT_MPLANE
15807.428203,v4l2_qbuf,5,VIDEO_CAPTURE_MPLANE
15807.430531,v4l2_dqbuf,5,VIDEO_CAPTURE_MPLANE
15807.430564,v4l2_dqbuf,0,VIDEO_OUTPUT_MPLANE
15807.444348,v4l2_qbuf,0,VIDEO_OUTPUT_MPLANE
15807.444368,v4l2_qbuf,1,VIDEO_CAPTURE_MPLANE
15807.447602,v4l2_dqbuf,1,VIDEO_CAPTURE_MPLANE
15807.447646,v4l2_dqbuf,0,VIDEO_OUTPUT_MPLANE
15807.461112,v4l2_qbuf,0,VIDEO_OUTPUT_MPLANE
15807.461167,v4l2_qbuf,4,VIDEO_CAPTURE_MPLANE
15807.464598,v4l2_dqbuf,4,VIDEO_CAPTURE_MPLANE
15807.464862,v4l2_dqbuf,0,VIDEO_OUTPUT_MPLANE
15807.477918,v4l2_qbuf,0,VIDEO_OUTPUT_MPLANE
15807.478025,v4l2_qbuf,6,VIDEO_CAPTURE_MPLANE
15807.481249,v4l2_dqbuf,6,VIDEO_CAPTURE_MPLANE
15807.481262,v4l2_dqbuf,0,VIDEO_OUTPUT_MPLANE
15807.494430,v4l2_qbuf,0,VIDEO_OUTPUT_MPLANE
15807.494461,v4l2_qbuf,7,VIDEO_CAPTURE_MPLANE
15807.496678,v4l2_dqbuf,7,VIDEO_CAPTURE_MPLANE
15807.496696,v4l2_dqbuf,0,VIDEO_OUTPUT_MPLANE
15807.511108,v4l2_qbuf,0,VIDEO_OUTPUT_MPLANE
15807.511133,v4l2_qbuf,3,VIDEO_CAPTURE_MPLANE
15807.515220,v4l2_dqbuf,3,VIDEO_CAPTURE_MPLANE
15807.515240,v4l2_dqbuf,0,VIDEO_OUTPUT_MPLANE
15807.527751,v4l2_qbuf,0,VIDEO_OUTPUT_MPLANE
15807.527774,v4l2_qbuf,2,VIDEO_CAPTURE_MPLANE
15807.531105,v4l2_dqbuf,2,VIDEO_CAPTURE_MPLANE
15807.531191,v4l2_dqbuf,0,VIDEO_OUTPUT_MPLANE
15807.545547,v4l2_qbuf,0,VIDEO_OUTPUT_MPLANE
15807.545572,v4l2_qbuf,0,VIDEO_CAPTURE_MPLANE
15807.548882,v4l2_dqbuf,0,VIDEO_CAPTURE_MPLANE
15807.548895,v4l2_dqbuf,0,VIDEO_OUTPUT_MPLANE
15807.563531,v4l2_qbuf,0,VIDEO_OUTPUT_MPLANE
15807.563596,v4l2_qbuf,4,VIDEO_CAPTURE_MPLANE
15807.566155,v4l2_dqbuf,4,VIDEO_CAPTURE_MPLANE
15807.566192,v4l2_dqbuf,0,VIDEO_OUTPUT_MPLANE
15807.577644,v4l2_qbuf,0,VIDEO_OUTPUT_MPLANE
15807.577676,v4l2_qbuf,1,VIDEO_CAPTURE_MPLANE
15807.580974,v4l2_dqbuf,1,VIDEO_CAPTURE_MPLANE
15807.580984,v4l2_dqbuf,0,VIDEO_OUTPUT_MPLANE
15807.594656,v4l2_qbuf,0,VIDEO_OUTPUT_MPLANE
15807.594681,v4l2_qbuf,6,VIDEO_CAPTURE_MPLANE
15807.598073,v4l2_dqbuf,6,VIDEO_CAPTURE_MPLANE
15807.598183,v4l2_dqbuf,0,VIDEO_OUTPUT_MPLANE
15807.610997,v4l2_qbuf,0,VIDEO_OUTPUT_MPLANE
15807.611033,v4l2_qbuf,5,VIDEO_CAPTURE_MPLANE
15807.614270,v4l2_dqbuf,5,VIDEO_CAPTURE_MPLANE
15807.614282,v4l2_dqbuf,0,VIDEO_OUTPUT_MPLANE
15807.627768,v4l2_qbuf,0,VIDEO_OUTPUT_MPLANE
15807.627792,v4l2_qbuf,2,VIDEO_CAPTURE_MPLANE
15807.630077,v4l2_dqbuf,2,VIDEO_CAPTURE_MPLANE
15807.630092,v4l2_dqbuf,0,VIDEO_OUTPUT_MPLANE
15807.644615,v4l2_qbuf,0,VIDEO_OUTPUT_MPLANE
15807.644640,v4l2_qbuf,3,VIDEO_CAPTURE_MPLANE
15807.648010,v4l2_dqbuf,3,VIDEO_CAPTURE_MPLANE
15807.648030,v4l2_dqbuf,0,VIDEO_OUTPUT_MPLANE
15807.661476,v4l2_qbuf,0,VIDEO_OUTPUT_MPLANE
15807.661520,v4l2_qbuf,0,VIDEO_CAPTURE_MPLANE
15807.664961,v4l2_dqbuf,0,VIDEO_CAPTURE_MPLANE
15807.665116,v4l2_dqbuf,0,VIDEO_OUTPUT_MPLANE
15807.678270,v4l2_qbuf,0,VIDEO_OUTPUT_MPLANE
15807.678321,v4l2_qbuf,7,VIDEO_CAPTURE_MPLANE
15807.681607,v4l2_dqbuf,7,VIDEO_CAPTURE_MPLANE
15807.681630,v4l2_dqbuf,0,VIDEO_OUTPUT_MPLANE
15807.695130,v4l2_qbuf,0,VIDEO_OUTPUT_MPLANE
15807.695185,v4l2_qbuf,6,VIDEO_CAPTURE_MPLANE
15807.697578,v4l2_dqbuf,6,VIDEO_CAPTURE_MPLANE
15807.697607,v4l2_dqbuf,0,VIDEO_OUTPUT_MPLANE
15807.711820,v4l2_qbuf,0,VIDEO_OUTPUT_MPLANE
15807.711865,v4l2_qbuf,1,VIDEO_CAPTURE_MPLANE
15807.716403,v4l2_dqbuf,1,VIDEO_CAPTURE_MPLANE
15807.716690,v4l2_dqbuf,0,VIDEO_OUTPUT_MPLANE
