time,event,index,type
15816.647171,v4l2_qbuf,0,VIDEO_OUTPUT_MPLANE
15816.647206,v4l2_qbuf,0,VIDEO_CAPTURE_MPLANE
15816.648387,v4l2_qbuf,1,VIDEO_OUTPUT_MPLANE
15816.648409,v4l2_qbuf,1,VIDEO_CAPTURE_MPLANE
15816.649220,v4l2_qbuf,2,VIDEO_OUTPUT_MPLANE
15816.649237,v4l2_qbuf,2,VIDEO_CAPTURE_MPLANE
15816.649992,v4l2_qbuf,3,VIDEO_OUTPUT_MPLANE
15816.650052,v4l2_qbuf,3,VIDEO_CAPTURE_MPLANE
15816.650855,v4l2_qbuf,4,VIDEO_OUTPUT_MPLANE
15816.650897,v4l2_qbuf,4,VIDEO_CAPTURE_MPLANE
15816.651739,v4l2_qbuf,5,VIDEO_OUTPUT_MPLANE
15816.651840,v4l2_qbuf,5,VIDEO_CAPTURE_MPLANE
15816.652712,v4l2_qbuf,6,VIDEO_OUTPUT_MPLANE
15816.652749,v4l2_qbuf,6,VIDEO_CAPTURE_MPLANE
15816.653504,v4l2_qbuf,7,VIDEO_OUTPUT_MPLANE
15816.653531,v4l2_qbuf,7,VIDEO_CAPTURE_MPLANE
15816.653637,v4l2_dqbuf,0,VIDEO_CAPTURE_MPLANE
15816.653894,v4l2_dqbuf,1,VIDEO_CAPTURE_MPLANE
15816.653930,v4l2_dqbuf,0,VIDEO_OUTPUT_MPLANE
15816.653946,v4l2_dqbuf,1,VIDEO_OUTPUT_MPLANE
15816.655407,v4l2_dqbuf,2,VIDEO_CAPTURE_MPLANE
15816.655691,v4l2_dqbuf,2,VIDEO_OUTPUT_MPLANE
15816.658495,v4l2_dqbuf,3,VIDEO_CAPTURE_MPLANE
15816.658605,v4l2_dqbuf,3,VIDEO_OUTPUT_MPLANE
15816.661677,v4l2_dqbuf,4,VIDEO_CAPTURE_MPLANE
15816.661948,v4l2_dqbuf,4,VIDEO_OUTPUT_MPLANE
15816.663831,v4l2_dqbuf,5,VIDEO_CAPTURE_MPLANE
15816.663856,v4l2_dqbuf,5,VIDEO_OUTPUT_MPLANE
15816.667423,v4l2_dqbuf,6,VIDEO_CAPTURE_MPLANE
15816.667550,v4l2_dqbuf,6,VIDEO_OUTPUT_MPLANE
15816.670696,v4l2_dqbuf,7,VIDEO_CAPTURE_MPLANE
15816.671021,v4l2_dqbuf,7,VIDEO_OUTPUT_MPLANE
15816.677808,v4l2_qbuf,0,VIDEO_OUTPUT_MPLANE
15816.677860,v4l2_qbuf,0,VIDEO_CAPTURE_MPLANE
15816.681418,v4l2_dqbuf,0,VIDEO_CAPTURE_MPLANE
15816.681572,v4l2_dqbuf,0,VIDEO_OUTPUT_MPLANE
15816.694292,v4l2_qbuf,0,VIDEO_OUTPUT_MPLANE
15816.694309,v4l2_qbuf,2,VIDEO_CAPTURE_MPLANE
15816.696586,v4l2_dqbuf,2,VIDEO_CAPTURE_MPLANE
15816.696599,v4l2_dqbuf,0,VIDEO_OUTPUT_MPLANE
15816.714518,v4l2_qbuf,0,VIDEO_OUTPUT_MPLANE
15816.714544,v4l2_qbuf,3,VIDEO_CAPTURE_MPLANE
15816.714835,v4l2_qbuf,1,VIDEO_OUTPUT_MPLANE
15816.714844,v4l2_qbuf,1,VIDEO_CAPTURE_MPLANE
15816.717974,v4l2_dqbuf,3,VIDEO_CAPTURE_MPLANE
15816.718225,v4l2_dqbuf,0,VIDEO_OUTPUT_MPLANE
15816.721229,v4l2_dqbuf,1,VIDEO_CAPTURE_MPLANE
15816.721410,v4l2_dqbuf,1,VIDEO_OUTPUT_MPLANE
15816.731389,v4l2_qbuf,0,VIDEO_OUTPUT_MPLANE
15816.731434,v4l2_qbuf,4,VIDEO_CAPTURE_MPLANE
15816.734666,v4l2_dqbuf,4,VIDEO_CAPTURE_MPLANE
15816.734796,v4l2_dqbuf,0,VIDEO_OUTPUT_MPLANE
15816.747887,v4l2_qbuf,0,VIDEO_OUTPUT_MPLANE
15816.747906,v4l2_qbuf,6,VIDEO_CAPTURE_MPLANE
15816.750213,v4l2_dqbuf,6,VIDEO_CAPTURE_MPLANE
15816.750228,v4l2_dqbuf,0,VIDEO_OUTPUT_MPLANE
15816.764649,v4l2_qbuf,0,VIDEO_OUTPUT_MPLANE
15816.764664,v4l2_qbuf,7,VIDEO_CAPTURE_MPLANE
15816.767813,v4l2_dqbuf,7,VIDEO_CAPTURE_MPLANE
15816.767891,v4l2_dqbuf,0,VIDEO_OUTPUT_MPLANE
15816.781457,v4l2_qbuf,0,VIDEO_OUTPUT_MPLANE
15816.781483,v4l2_qbuf,0,VIDEO_CAPTURE_MPLANE
15816.784774,v4l2_dqbuf,0,VIDEO_CAPTURE_MPLANE
15816.784864,v4l2_dqbuf,0,VIDEO_OUTPUT_MPLANE
15816.797990,v4l2_qbuf,0,VIDEO_OUTPUT_MPLANE
15816.798021,v4l2_qbuf,5,VIDEO_CAPTURE_MPLANE
15816.801196,v4l2_dqbuf,5,VIDEO_CAPTURE_MPLANE
15816.801286,v4l2_dqbuf,0,VIDEO_OUTPUT_MPLANE
15816.814959,v4l2_qbuf,0,VIDEO_OUTPUT_MPLANE
15816.814995,v4l2_qbuf,3,VIDEO_CAPTURE_MPLANE
15816.817393,v4l2_dqbuf,3,VIDEO_CAPTURE_MPLANE
15816.817410,v4l2_dqbuf,0,VIDEO_OUTPUT_MPLANE
15816.831493,v4l2_qbuf,0,VIDEO_OUTPUT_MPLANE
15816.831517,v4l2_qbuf,1,VIDEO_CAPTURE_MPLANE
15816.834767,v4l2_dqbuf,1,VIDEO_CAPTURE_MPLANE
15816.834846,v4l2_dqbuf,0,VIDEO_OUTPUT_MPLANE
15816.848176,v4l2_qbuf,0,VIDEO_OUTPUT_MPLANE
15816.848199,v4l2_qbuf,4,VIDEO_CAPTURE_MPLANE
15816.851253,v4l2_dqbuf,4,VIDEO_CAPTURE_MPLANE
15816.851329,v4l2_dqbuf,0,VIDEO_OUTPUT_MPLANE
15816.864896,v4l2_qbuf,0,VIDEO_OUTPUT_MPLANE
15816.864920,v4l2_qbuf,2,VIDEO_CAPTURE_MPLANE
15816.869509,v4l2_dqbuf,2,VIDEO_CAPTURE_MPLANE
15816.869632,v4l2_dqbuf,0,VIDEO_OUTPUT_MPLANE
15816.881850,v4l2_qbuf,0,VIDEO_OUTPUT_MPLANE
15816.881873,v4l2_qbuf,7,VIDEO_CAPTURE_MPLANE
15816.884516,v4l2_dqbuf,7,VIDEO_CAPTURE_MPLANE
15816.884537,v4l2_dqbuf,0,VIDEO_OUTPUT_MPLANE
15816.901489,v4l2_qbuf,0,VIDEO_OUTPUT_MPLANE
15816.901520,v4l2_qbuf,0,VIDEO_CAPTURE_MPLANE
15816.904763,v4l2_dqbuf,0,VIDEO_CAPTURE_MPLANE
15816.904926,v4l2_dqbuf,0,VIDEO_OUTPUT_MPLANE
15816.914745,v4l2_qbuf,0,VIDEO_OUTPUT_MPLANE
15816.914781,v4l2_qbuf,5,VIDEO_CAPTURE_MPLANE
15816.918039,v4l2_dqbuf,5,VIDEO_CAPTURE_MPLANE
15816.918212,v4l2_dqbuf,0,VIDEO_OUTPUT_MPLANE
15816.933548,v4l2_qbuf,0,VIDEO_OUTPUT_MPLANE
15816.933571,v4l2_qbuf,6,VIDEO_CAPTURE_MPLANE
15816.936722,v4l2_dqbuf,6,VIDEO_CAPTURE_MPLANE
15816.936815,v4l2_dqbuf,0,VIDEO_OUTPUT_MPLANE
15816.950510,v4l2_qbuf,0,VIDEO_OUTPUT_MPLANE
15816.950534,v4l2_qbuf,1,VIDEO_CAPTURE_MPLANE
15816.952805,v4l2_dqbuf,1,VIDEO_CAPTURE_MPLANE
15816.952821,v4l2_dqbuf,0,VIDEO_OUTPUT_MPLANE
15816.966822,v4l2_qbuf,0,VIDEO_OUTPUT_MPLANE
15816.966845,v4l2_qbuf,4,VIDEO_CAPTURE_MPLANE
15816.970242,v4l2_dqbuf,4,VIDEO_CAPTURE_MPLANE
15816.970340,v4l2_dqbuf,0,VIDEO_OUTPUT_MPLANE
15816.985819,v4l2_qbuf,0,VIDEO_OUTPUT_MPLANE
15816.985840,v4l2_qbuf,2,VIDEO_CAPTURE_MPLANE
15816.989043,v4l2_dqbuf,2,VIDEO_CAPTURE_MPLANE
15816.989147,v4l2_dqbuf,0,VIDEO_OUTPUT_MPLANE
15817.000536,v4l2_qbuf,0,VIDEO_OUTPUT_MPLANE
15817.000566,v4l2_qbuf,3,VIDEO_CAPTURE_MPLANE
15817.003599,v4l2_dqbuf,3,VIDEO_CAPTURE_MPLANE
15817.003691,v4l2_dqbuf,0,VIDEO_OUTPUT_MPLANE
15817.016887,v4l2_qbuf,0,VIDEO_OUTPUT_MPLANE
15817.016945,v4l2_qbuf,0,VIDEO_CAPTURE_MPLANE
15817.019353,v4l2_dqbuf,0,VIDEO_CAPTURE_MPLANE
15817.019371,v4l2_dqbuf,0,VIDEO_OUTPUT_MPLANE
15817.035176,v4l2_qbuf,0,VIDEO_OUTPUT_MPLANE
15817.035199,v4l2_qbuf,5,VIDEO_CAPTURE_MPLANE
15817.038261,v4l2_dqbuf,5,VIDEO_CAPTURE_MPLANE
15817.038360,v4l2_dqbuf,0,VIDEO_OUTPUT_MPLANE
15817.051801,v4l2_qbuf,0,VIDEO_OUTPUT_MPLANE
15817.051823,v4l2_qbuf,6,VIDEO_CAPTURE_MPLANE
15817.055035,v4l2_dqbuf,6,VIDEO_CAPTURE_MPLANE
15817.055261,v4l2_dqbuf,0,VIDEO_OUTPUT_MPLANE
15817.068603,v4l2_qbuf,0,VIDEO_OUTPUT_MPLANE
15817.068752,v4l2_qbuf,7,VIDEO_CAPTURE_MPLANE
15817.072100,v4l2_dqbuf,7,VIDEO_CAPTURE_MPLANE
15817.072191,v4l2_dqbuf,0,VIDEO_OUTPUT_MPLANE
15817.087370,v4l2_qbuf,0,VIDEO_OUTPUT_MPLANE
15817.087393,v4l2_qbuf,4,VIDEO_CAPTURE_MPLANE
15817.089594,v4l2_dqbuf,4,VIDEO_CAPTURE_MPLANE
15817.089612,v4l2_dqbuf,0,VIDEO_OUTPUT_MPLANE
15817.101782,v4l2_qbuf,0,VIDEO_OUTPUT_MPLANE
15817.101814,v4l2_qbuf,2,VIDEO_CAPTURE_MPLANE
15817.104940,v4l2_dqbuf,2,VIDEO_CAPTURE_MPLANE
15817.105046,v4l2_dqbuf,0,VIDEO_OUTPUT_MPLANE
15817.120229,v4l2_qbuf,0,VIDEO_OUTPUT_MPLANE
15817.120277,v4l2_qbuf,3,VIDEO_CAPTURE_MPLANE
15817.123452,v4l2_dqbuf,3,VIDEO_CAPTURE_MPLANE
15817.123596,v4l2_dqbuf,0,VIDEO_OUTPUT_MPLANE
15817.136532,v4l2_qbuf,0,VIDEO_OUTPUT_MPLANE
15817.136551,v4l2_qbuf,1,VIDEO_CAPTURE_MPLANE
15817.139875,v4l2_dqbuf,1,VIDEO_CAPTURE_MPLANE
15817.139992,v4l2_dqbuf,0,VIDEO_OUTPUT_MPLANE
15817.153890,v4l2_qbuf,0,VIDEO_OUTPUT_MPLANE
15817.153946,v4l2_qbuf,5,VIDEO_CAPTURE_MPLANE
15817.156352,v4l2_dqbuf,5,VIDEO_CAPTURE_MPLANE
15817.156384,v4l2_dqbuf,0,VIDEO_OUTPUT_MPLANE
15817.170628,v4l2_qbuf,0,VIDEO_OUTPUT_MPLANE
15817.171075,v4l2_qbuf,6,VIDEO_CAPTURE_MPLANE
15817.174428,v4l2_dqbuf,6,VIDEO_CAPTURE_MPLANE
15817.174523,v4l2_dqbuf,0,VIDEO_OUTPUT_MPLANE
15817.187130,v4l2_qbuf,0,VIDEO_OUTPUT_MPLANE
15817.187154,v4l2_qbuf,7,VIDEO_CAPTURE_MPLANE
15817.190284,v4l2_dqbuf,7,VIDEO_CAPTURE_MPLANE
15817.190377,v4l2_dqbuf,0,VIDEO_OUTPUT_MPLANE
15817.203290,v4l2_qbuf,0,VIDEO_OUTPUT_MPLANE
15817.203313,v4l2_qbuf,0,VIDEO_CAPTURE_MPLANE
15817.206353,v4l2_dqbuf,0,VIDEO_CAPTURE_MPLANE
15817.206427,v4l2_dqbuf,0,VIDEO_OUTPUT_MPLANE
15817.219827,v4l2_qbuf,0,VIDEO_OUTPUT_MPLANE
15817.219849,v4l2_qbuf,2,VIDEO_CAPTURE_MPLANE
15817.225079,v4l2_dqbuf,2,VIDEO_CAPTURE_MPLANE
15817.225098,v4l2_dqbuf,0,VIDEO_OUTPUT_MPLANE
15817.236520,v4l2_qbuf,0,VIDEO_OUTPUT_MPLANE
15817.236543,v4l2_qbuf,3,VIDEO_CAPTURE_MPLANE
15817.239686,v4l2_dqbuf,3,VIDEO_CAPTURE_MPLANE
15817.239791,v4l2_dqbuf,0,VIDEO_OUTPUT_MPLANE
15817.254753,v4l2_qbuf,0,VIDEO_OUTPUT_MPLANE
15817.254775,v4l2_qbuf,1,VIDEO_CAPTURE_MPLANE
15817.258133,v4l2_dqbuf,1,VIDEO_CAPTURE_MPLANE
15817.258379,v4l2_dqbuf,0,VIDEO_OUTPUT_MPLANE
15817.270114,v4l2_qbuf,0,VIDEO_OUTPUT_MPLANE
15817.270138,v4l2_qbuf,4,VIDEO_CAPTURE_MPLANE
15817.273171,v4l2_dqbuf,4,VIDEO_CAPTURE_MPLANE
15817.273342,v4l2_dqbuf,0,VIDEO_OUTPUT_MPLANE
15817.287122,v4l2_qbuf,0,VIDEO_OUTPUT_MPLANE
15817.287161,v4l2_qbuf,6,VIDEO_CAPTURE_MPLANE
15817.289436,v4l2_dqbuf,6,VIDEO_CAPTURE_MPLANE
15817.289452,v4l2_dqbuf,0,VIDEO_OUTPUT_MPLANE
15817.303585,v4l2_qbuf,0,VIDEO_OUTPUT_MPLANE
15817.303622,v4l2_qbuf,7,VIDEO_CAPTURE_MPLANE
15817.306965,v4l2_dqbuf,7,VIDEO_CAPTURE_MPLANE
15817.307211,v4l2_dqbuf,0,VIDEO_OUTPUT_MPLANE
15817.320056,v4l2_qbuf,0,VIDEO_OUTPUT_MPLANE
15817.320140,v4l2_qbuf,0,VIDEO_CAPTURE_MPLANE
15817.323307,v4l2_dqbuf,0,VIDEO_CAPTURE_MPLANE
15817.323419,v4l2_dqbuf,0,VIDEO_OUTPUT_MPLANE
15817.337852,v4l2_qbuf,0,VIDEO_OUTPUT_MPLANE
15817.337874,v4l2_qbuf,5,VIDEO_CAPTURE_MPLANE
15817.341035,v4l2_dqbuf,5,VIDEO_CAPTURE_MPLANE
15817.341141,v4l2_dqbuf,0,VIDEO_OUTPUT_MPLANE
15817.353490,v4l2_qbuf,0,VIDEO_OUTPUT_MPLANE
15817.353514,v4l2_qbuf,3,VIDEO_CAPTURE_MPLANE
15817.355993,v4l2_dqbuf,3,VIDEO_CAPTURE_MPLANE
15817.356033,v4l2_dqbuf,0,VIDEO_OUTPUT_MPLANE
15817.369976,v4l2_qbuf,0,VIDEO_OUTPUT_MPLANE
15817.370016,v4l2_qbuf,1,VIDEO_CAPTURE_MPLANE
15817.373161,v4l2_dqbuf,1,VIDEO_CAPTURE_MPLANE
15817.373247,v4l2_dqbuf,0,VIDEO_OUTPUT_MPLANE
15817.386615,v4l2_qbuf,0,VIDEO_OUTPUT_MPLANE
15817.386631,v4l2_qbuf,4,VIDEO_CAPTURE_MPLANE
15817.391270,v4l2_dqbuf,4,VIDEO_CAPTURE_MPLANE
15817.391373,v4l2_dqbuf,0,VIDEO_OUTPUT_MPLANE
15817.403705,v4l2_qbuf,0,VIDEO_OUTPUT_MPLANE
15817.403792,v4l2_qbuf,2,VIDEO_CAPTURE_MPLANE
15817.407193,v4l2_dqbuf,2,VIDEO_CAPTURE_MPLANE
15817.407392,v4l2_dqbuf,0,VIDEO_OUTPUT_MPLANE
15817.421212,v4l2_qbuf,0,VIDEO_OUTPUT_MPLANE
15817.421232,v4l2_qbuf,7,VIDEO_CAPTURE_MPLANE
15817.423515,v4l2_dqbuf,7,VIDEO_CAPTURE_MPLANE
15817.423534,v4l2_dqbuf,0,VIDEO_OUTPUT_MPLANE
15817.436966,v4l2_qbuf,0,VIDEO_OUTPUT_MPLANE
15817.437035,v4l2_qbuf,0,VIDEO_CAPTURE_MPLANE
15817.440307,v4l2_dqbuf,0,VIDEO_CAPTURE_MPLANE
15817.440410,v4l2_dqbuf,0,VIDEO_OUTPUT_MPLANE
15817.453428,v4l2_qbuf,0,VIDEO_OUTPUT_MPLANE
15817.453506,v4l2_qbuf,5,VIDEO_CAPTURE_MPLANE
15817.456647,v4l2_dqbuf,5,VIDEO_CAPTURE_MPLANE
15817.456746,v4l2_dqbuf,0,VIDEO_OUTPUT_MPLANE
15817.470231,v4l2_qbuf,0,VIDEO_OUTPUT_MPLANE
15817.470269,v4l2_qbuf,6,VIDEO_CAPTURE_MPLANE
15817.473560,v4l2_dqbuf,6,VIDEO_CAPTURE_MPLANE
15817.473748,v4l2_dqbuf,0,VIDEO_OUTPUT_MPLANE
15817.487031,v4l2_qbuf,0,VIDEO_OUTPUT_MPLANE
15817.487077,v4l2_qbuf,1,VIDEO_CAPTURE_MPLANE
15817.490555,v4l2_dqbuf,1,VIDEO_CAPTURE_MPLANE
15817.490576,v4l2_dqbuf,0,VIDEO_OUTPUT_MPLANE
15817.503603,v4l2_qbuf,0,VIDEO_OUTPUT_MPLANE
15817.503649,v4l2_qbuf,4,VIDEO_CAPTURE_MPLANE
15817.506837,v4l2_dqbuf,4,VIDEO_CAPTURE_MPLANE
15817.506926,v4l2_dqbuf,0,VIDEO_OUTPUT_MPLANE
15817.521136,v4l2_qbuf,0,VIDEO_OUTPUT_MPLANE
15817.521211,v4l2_qbuf,2,VIDEO_CAPTURE_MPLANE
15817.524858,v4l2_dqbuf,2,VIDEO_CAPTURE_MPLANE
15817.525256,v4l2_dqbuf,0,VIDEO_OUTPUT_MPLANE
15817.536941,v4l2_qbuf,0,VIDEO_OUTPUT_MPLANE
15817.536970,v4l2_qbuf,3,VIDEO_CAPTURE_MPLANE
15817.538914,v4l2_dqbuf,3,VIDEO_CAPTURE_MPLANE
15817.538930,v4l2_dqbuf,0,VIDEO_OUTPUT_MPLANE
15817.553398,v4l2_qbuf,0,VIDEO_OUTPUT_MPLANE
15817.553427,v4l2_qbuf,0,VIDEO_CAPTURE_MPLANE
15817.555581,v4l2_dqbuf,0,VIDEO_CAPTURE_MPLANE
15817.555597,v4l2_dqbuf,0,VIDEO_OUTPUT_MPLANE
15817.569998,v4l2_qbuf,0,VIDEO_OUTPUT_MPLANE
15817.570032,v4l2_qbuf,5,VIDEO_CAPTURE_MPLANE
15817.573053,v4l2_dqbuf,5,VIDEO_CAPTURE_MPLANE
15817.573144,v4l2_dqbuf,0,VIDEO_OUTPUT_MPLANE
15817.586890,v4l2_qbuf,0,VIDEO_OUTPUT_MPLANE
15817.586913,v4l2_qbuf,6,VIDEO_CAPTURE_MPLANE
15817.590753,v4l2_dqbuf,6,VIDEO_CAPTURE_MPLANE
15817.590876,v4l2_dqbuf,0,VIDEO_OUTPUT_MPLANE
15817.603856,v4l2_qbuf,0,VIDEO_OUTPUT_MPLANE
15817.603889,v4l2_qbuf,7,VIDEO_CAPTURE_MPLANE
15817.607350,v4l2_dqbuf,7,VIDEO_CAPTURE_MPLANE
15817.607639,v4l2_dqbuf,0,VIDEO_OUTPUT_MPLANE
15817.622813,v4l2_qbuf,0,VIDEO_OUTPUT_MPLANE
15817.622871,v4l2_qbuf,4,VIDEO_CAPTURE_MPLANE
15817.625212,v4l2_dqbuf,4,VIDEO_CAPTURE_MPLANE
15817.625231,v4l2_dqbuf,0,VIDEO_OUTPUT_MPLANE
15817.637017,v4l2_qbuf,0,VIDEO_OUTPUT_MPLANE
15817.637046,v4l2_qbuf,2,VIDEO_CAPTURE_MPLANE
15817.640334,v4l2_dqbuf,2,VIDEO_CAPTURE_MPLANE
15817.640431,v4l2_dqbuf,0,VIDEO_OUTPUT_MPLANE
15817.653596,v4l2_qbuf,0,VIDEO_OUTPUT_MPLANE
15817.653626,v4l2_qbuf,1,VIDEO_CAPTURE_MPLANE
15817.657028,v4l2_dqbuf,1,VIDEO_CAPTURE_MPLANE
15817.657120,v4l2_dqbuf,0,VIDEO_OUTPUT_MPLANE
15817.669883,v4l2_qbuf,0,VIDEO_OUTPUT_MPLANE
15817.669907,v4l2_qbuf,3,VIDEO_CAPTURE_MPLANE
15817.673151,v4l2_dqbuf,3,VIDEO_CAPTURE_MPLANE
15817.673243,v4l2_dqbuf,0,VIDEO_OUTPUT_MPLANE
15817.686834,v4l2_qbuf,0,VIDEO_OUTPUT_MPLANE
15817.686857,v4l2_qbuf,5,VIDEO_CAPTURE_MPLANE
15817.689195,v4l2_dqbuf,5,VIDEO_CAPTURE_MPLANE
15817.689224,v4l2_dqbuf,0,VIDEO_OUTPUT_MPLANE
15817.703395,v4l2_qbuf,0,VIDEO_OUTPUT_MPLANE
15817.703418,v4l2_qbuf,6,VIDEO_CAPTURE_MPLANE
15817.707057,v4l2_dqbuf,6,VIDEO_CAPTURE_MPLANE
15817.707159,v4l2_dqbuf,0,VIDEO_OUTPUT_MPLANE
15817.720859,v4l2_qbuf,0,VIDEO_OUTPUT_MPLANE
15817.720888,v4l2_qbuf,7,VIDEO_CAPTURE_MPLANE
15817.724166,v4l2_dqbuf,7,VIDEO_CAPTURE_MPLANE
15817.724259,v4l2_dqbuf,0,VIDEO_OUTPUT_MPLANE
15817.737722,v4l2_qbuf,0,VIDEO_OUTPUT_MPLANE
15817.737750,v4l2_qbuf,0,VIDEO_CAPTURE_MPLANE
15817.740798,v4l2_dqbuf,0,VIDEO_CAPTURE_MPLANE
15817.740925,v4l2_dqbuf,0,VIDEO_OUTPUT_MPLANE
15817.756160,v4l2_qbuf,0,VIDEO_OUTPUT_MPLANE
15817.756207,v4l2_qbuf,2,VIDEO_CAPTURE_MPLANE
15817.758546,v4l2_dqbuf,2,VIDEO_CAPTURE_MPLANE
15817.758576,v4l2_dqbuf,0,VIDEO_OUTPUT_MPLANE
15817.772427,v4l2_qbuf,0,VIDEO_OUTPUT_MPLANE
15817.772447,v4l2_qbuf,1,VIDEO_CAPTURE_MPLANE
15817.775658,v4l2_dqbuf,1,VIDEO_CAPTURE_MPLANE
15817.775747,v4l2_dqbuf,0,VIDEO_OUTPUT_MPLANE
15817.789312,v4l2_qbuf,0,VIDEO_OUTPUT_MPLANE
15817.789342,v4l2_qbuf,3,VIDEO_CAPTURE_MPLANE
15817.792777,v4l2_dqbuf,3,VIDEO_CAPTURE_MPLANE
15817.792895,v4l2_dqbuf,0,VIDEO_OUTPUT_MPLANE
15817.806383,v4l2_qbuf,0,VIDEO_OUTPUT_MPLANE
15817.806410,v4l2_qbuf,4,VIDEO_CAPTURE_MPLANE
15817.809486,v4l2_dqbuf,4,VIDEO_CAPTURE_MPLANE
15817.809585,v4l2_dqbuf,0,VIDEO_OUTPUT_MPLANE
15817.822291,v4l2_qbuf,0,VIDEO_OUTPUT_MPLANE
15817.822320,v4l2_qbuf,6,VIDEO_CAPTURE_MPLANE
15817.824482,v4l2_dqbuf,6,VIDEO_CAPTURE_MPLANE
15817.824498,v4l2_dqbuf,0,VIDEO_OUTPUT_MPLANE
15817.839116,v4l2_qbuf,0,VIDEO_OUTPUT_MPLANE
15817.839139,v4l2_qbuf,7,VIDEO_CAPTURE_MPLANE
15817.842275,v4l2_dqbuf,7,VIDEO_CAPTURE_MPLANE
15817.842381,v4l2_dqbuf,0,VIDEO_OUTPUT_MPLANE
15817.855619,v4l2_qbuf,0,VIDEO_OUTPUT_MPLANE
15817.855651,v4l2_qbuf,0,VIDEO_CAPTURE_MPLANE
15817.858909,v4l2_dqbuf,0,VIDEO_CAPTURE_MPLANE
15817.859107,v4l2_dqbuf,0,VIDEO_OUTPUT_MPLANE
15817.872660,v4l2_qbuf,0,VIDEO_OUTPUT_MPLANE
15817.872683,v4l2_qbuf,5,VIDEO_CAPTURE_MPLANE
15817.875920,v4l2_dqbuf,5,VIDEO_CAPTURE_MPLANE
15817.876034,v4l2_dqbuf,0,VIDEO_OUTPUT_MPLANE
15817.890949,v4l2_qbuf,0,VIDEO_OUTPUT_MPLANE
15817.890973,v4l2_qbuf,1,VIDEO_CAPTURE_MPLANE
15817.893264,v4l2_dqbuf,1,VIDEO_CAPTURE_MPLANE
15817.893280,v4l2_dqbuf,0,VIDEO_OUTPUT_MPLANE
15817.906247,v4l2_qbuf,0,VIDEO_OUTPUT_MPLANE
15817.906271,v4l2_qbuf,3,VIDEO_CAPTURE_MPLANE
15817.909405,v4l2_dqbuf,3,VIDEO_CAPTURE_MPLANE
15817.909487,v4l2_dqbuf,0,VIDEO_OUTPUT_MPLANE
15817.922680,v4l2_qbuf,0,VIDEO_OUTPUT_MPLANE
15817.922702,v4l2_qbuf,4,VIDEO_CAPTURE_MPLANE
15817.925833,v4l2_dqbuf,4,VIDEO_CAPTURE_MPLANE
15817.925941,v4l2_dqbuf,0,VIDEO_OUTPUT_MPLANE
15817.939113,v4l2_qbuf,0,VIDEO_OUTPUT_MPLANE
15817.939140,v4l2_qbuf,2,VIDEO_CAPTURE_MPLANE
15817.942262,v4l2_dqbuf,2,VIDEO_CAPTURE_MPLANE
15817.942358,v4l2_dqbuf,0,VIDEO_OUTPUT_MPLANE
15817.956273,v4l2_qbuf,0,VIDEO_OUTPUT_MPLANE
15817.956330,v4l2_qbuf,7,VIDEO_CAPTURE_MPLANE
15817.958604,v4l2_dqbuf,7,VIDEO_CAPTURE_MPLANE
15817.958620,v4l2_dqbuf,0,VIDEO_OUTPUT_MPLANE
15817.972422,v4l2_qbuf,0,VIDEO_OUTPUT_MPLANE
15817.972444,v4l2_qbuf,0,VIDEO_CAPTURE_MPLANE
15817.976113,v4l2_dqbuf,0,VIDEO_CAPTURE_MPLANE
15817.976214,v4l2_dqbuf,0,VIDEO_OUTPUT_MPLANE
15817.991763,v4l2_qbuf,0,VIDEO_OUTPUT_MPLANE
15817.991795,v4l2_qbuf,5,VIDEO_CAPTURE_MPLANE
15817.994824,v4l2_dqbuf,5,VIDEO_CAPTURE_MPLANE
15817.994917,v4l2_dqbuf,0,VIDEO_OUTPUT_MPLANE
15818.005980,v4l2_qbuf,0,VIDEO_OUTPUT_MPLANE
15818.006209,v4l2_qbuf,6,VIDEO_CAPTURE_MPLANE
15818.009405,v4l2_dqbuf,6,VIDEO_CAPTURE_MPLANE
15818.009500,v4l2_dqbuf,0,VIDEO_OUTPUT_MPLANE
15818.024498,v4l2_qbuf,0,VIDEO_OUTPUT_MPLANE
15818.024744,v4l2_qbuf,3,VIDEO_CAPTURE_MPLANE
15818.026944,v4l2_dqbuf,3,VIDEO_CAPTURE_MPLANE
15818.026983,v4l2_dqbuf,0,VIDEO_OUTPUT_MPLANE
15818.041113,v4l2_qbuf,0,VIDEO_OUTPUT_MPLANE
15818.041134,v4l2_qbuf,4,VIDEO_CAPTURE_MPLANE
15818.044456,v4l2_dqbuf,4,VIDEO_CAPTURE_MPLANE
15818.044560,v4l2_dqbuf,0,VIDEO_OUTPUT_MPLANE
15818.058256,v4l2_qbuf,0,VIDEO_OUTPUT_MPLANE
15818.058298,v4l2_qbuf,2,VIDEO_CAPTURE_MPLANE
15818.061462,v4l2_dqbuf,2,VIDEO_CAPTURE_MPLANE
15818.061602,v4l2_dqbuf,0,VIDEO_OUTPUT_MPLANE
15818.076249,v4l2_qbuf,0,VIDEO_OUTPUT_MPLANE
15818.076278,v4l2_qbuf,1,VIDEO_CAPTURE_MPLANE
15818.079340,v4l2_dqbuf,1,VIDEO_CAPTURE_MPLANE
15818.079435,v4l2_dqbuf,0,VIDEO_OUTPUT_MPLANE
15818.093169,v4l2_qbuf,0,VIDEO_OUTPUT_MPLANE
15818.093191,v4l2_qbuf,0,VIDEO_CAPTURE_MPLANE
15818.095424,v4l2_dqbuf,0,VIDEO_CAPTURE_MPLANE
15818.095444,v4l2_dqbuf,0,VIDEO_OUTPUT_MPLANE
15818.107956,v4l2_qbuf,0,VIDEO_OUTPUT_MPLANE
15818.107978,v4l2_qbuf,5,VIDEO_CAPTURE_MPLANE
15818.111045,v4l2_dqbuf,5,VIDEO_CAPTURE_MPLANE
15818.111155,v4l2_dqbuf,0,VIDEO_OUTPUT_MPLANE
15818.124364,v4l2_qbuf,0,VIDEO_OUTPUT_MPLANE
15818.124386,v4l2_qbuf,6,VIDEO_CAPTURE_MPLANE
15818.127428,v4l2_dqbuf,6,VIDEO_CAPTURE_MPLANE
15818.127508,v4l2_dqbuf,0,VIDEO_OUTPUT_MPLANE
15818.141525,v4l2_qbuf,0,VIDEO_OUTPUT_MPLANE
15818.141547,v4l2_qbuf,7,VIDEO_CAPTURE_MPLANE
15818.144695,v4l2_dqbuf,7,VIDEO_CAPTURE_MPLANE
15818.144833,v4l2_dqbuf,0,VIDEO_OUTPUT_MPLANE
15818.157883,v4l2_qbuf,0,VIDEO_OUTPUT_MPLANE
15818.157905,v4l2_qbuf,4,VIDEO_CAPTURE_MPLANE
15818.160117,v4l2_dqbuf,4,VIDEO_CAPTURE_MPLANE
15818.160147,v4l2_dqbuf,0,VIDEO_OUTPUT_MPLANE
15818.178534,v4l2_qbuf,0,VIDEO_OUTPUT_MPLANE
15818.178581,v4l2_qbuf,2,VIDEO_CAPTURE_MPLANE
15818.181816,v4l2_dqbuf,2,VIDEO_CAPTURE_MPLANE
15818.181904,v4l2_dqbuf,0,VIDEO_OUTPUT_MPLANE
15818.190996,v4l2_qbuf,0,VIDEO_OUTPUT_MPLANE
15818.191036,v4l2_qbuf,1,VIDEO_CAPTURE_MPLANE
15818.194138,v4l2_dqbuf,1,VIDEO_CAPTURE_MPLANE
15818.194236,v4l2_dqbuf,0,VIDEO_OUTPUT_MPLANE
15818.209557,v4l2_qbuf,0,VIDEO_OUTPUT_MPLANE
15818.209581,v4l2_qbuf,3,VIDEO_CAPTURE_MPLANE
15818.212667,v4l2_dqbuf,3,VIDEO_CAPTURE_MPLANE
15818.212754,v4l2_dqbuf,0,VIDEO_OUTPUT_MPLANE
15818.226062,v4l2_qbuf,0,VIDEO_OUTPUT_MPLANE
15818.226086,v4l2_qbuf,5,VIDEO_CAPTURE_MPLANE
15818.228317,v4l2_dqbuf,5,VIDEO_CAPTURE_MPLANE
15818.228330,v4l2_dqbuf,0,VIDEO_OUTPUT_MPLANE
15818.242630,v4l2_qbuf,0,VIDEO_OUTPUT_MPLANE
15818.242651,v4l2_qbuf,6,VIDEO_CAPTURE_MPLANE
15818.245695,v4l2_dqbuf,6,VIDEO_CAPTURE_MPLANE
15818.245770,v4l2_dqbuf,0,VIDEO_OUTPUT_MPLANE
15818.259482,v4l2_qbuf,0,VIDEO_OUTPUT_MPLANE
15818.259504,v4l2_qbuf,7,VIDEO_CAPTURE_MPLANE
15818.262574,v4l2_dqbuf,7,VIDEO_CAPTURE_MPLANE
15818.262708,v4l2_dqbuf,0,VIDEO_OUTPUT_MPLANE
15818.276618,v4l2_qbuf,0,VIDEO_OUTPUT_MPLANE
15818.276865,v4l2_qbuf,0,VIDEO_CAPTURE_MPLANE
15818.280168,v4l2_dqbuf,0,VIDEO_CAPTURE_MPLANE
15818.280314,v4l2_dqbuf,0,VIDEO_OUTPUT_MPLANE
15818.293074,v4l2_qbuf,0,VIDEO_OUTPUT_MPLANE
15818.293111,v4l2_qbuf,2,VIDEO_CAPTURE_MPLANE
15818.295304,v4l2_dqbuf,2,VIDEO_CAPTURE_MPLANE
15818.295334,v4l2_dqbuf,0,VIDEO_OUTPUT_MPLANE
15818.309845,v4l2_qbuf,0,VIDEO_OUTPUT_MPLANE
15818.309878,v4l2_qbuf,1,VIDEO_CAPTURE_MPLANE
15818.313013,v4l2_dqbuf,1,VIDEO_CAPTURE_MPLANE
15818.313163,v4l2_dqbuf,0,VIDEO_OUTPUT_MPLANE
15818.326141,v4l2_qbuf,0,VIDEO_OUTPUT_MPLANE
15818.326164,v4l2_qbuf,3,VIDEO_CAPTURE_MPLANE
15818.329283,v4l2_dqbuf,3,VIDEO_CAPTURE_MPLANE
15818.329380,v4l2_dqbuf,0,VIDEO_OUTPUT_MPLANE
15818.342679,v4l2_qbuf,0,VIDEO_OUTPUT_MPLANE
15818.342703,v4l2_qbuf,4,VIDEO_CAPTURE_MPLANE
15818.345810,v4l2_dqbuf,4,VIDEO_CAPTURE_MPLANE
15818.345904,v4l2_dqbuf,0,VIDEO_OUTPUT_MPLANE
15818.361485,v4l2_qbuf,0,VIDEO_OUTPUT_MPLANE
15818.361514,v4l2_qbuf,6,VIDEO_CAPTURE_MPLANE
15818.363841,v4l2_dqbuf,6,VIDEO_CAPTURE_MPLANE
15818.363860,v4l2_dqbuf,0,VIDEO_OUTPUT_MPLANE
15818.377213,v4l2_qbuf,0,VIDEO_OUTPUT_MPLANE
15818.377233,v4l2_qbuf,7,VIDEO_CAPTURE_MPLANE
15818.380395,v4l2_dqbuf,7,VIDEO_CAPTURE_MPLANE
15818.380477,v4l2_dqbuf,0,VIDEO_OUTPUT_MPLANE
15818.392894,v4l2_qbuf,0,VIDEO_OUTPUT_MPLANE
15818.392942,v4l2_qbuf,0,VIDEO_CAPTURE_MPLANE
15818.396210,v4l2_dqbuf,0,VIDEO_CAPTURE_MPLANE
15818.396302,v4l2_dqbuf,0,VIDEO_OUTPUT_MPLANE
15818.409511,v4l2_qbuf,0,VIDEO_OUTPUT_MPLANE
15818.409547,v4l2_qbuf,5,VIDEO_CAPTURE_MPLANE
15818.412664,v4l2_dqbuf,5,VIDEO_CAPTURE_MPLANE
15818.412807,v4l2_dqbuf,0,VIDEO_OUTPUT_MPLANE
15818.426274,v4l2_qbuf,0,VIDEO_OUTPUT_MPLANE
15818.426307,v4l2_qbuf,1,VIDEO_CAPTURE_MPLANE
15818.428370,v4l2_dqbuf,1,VIDEO_CAPTURE_MPLANE
15818.428384,v4l2_dqbuf,0,VIDEO_OUTPUT_MPLANE
15818.442958,v4l2_qbuf,0,VIDEO_OUTPUT_MPLANE
15818.442984,v4l2_qbuf,3,VIDEO_CAPTURE_MPLANE
15818.446308,v4l2_dqbuf,3,VIDEO_CAPTURE_MPLANE
15818.446457,v4l2_dqbuf,0,VIDEO_OUTPUT_MPLANE
15818.459750,v4l2_qbuf,0,VIDEO_OUTPUT_MPLANE
15818.459784,v4l2_qbuf,4,VIDEO_CAPTURE_MPLANE
15818.463106,v4l2_dqbuf,4,VIDEO_CAPTURE_MPLANE
15818.463242,v4l2_dqbuf,0,VIDEO_OUTPUT_MPLANE
15818.476400,v4l2_qbuf,0,VIDEO_OUTPUT_MPLANE
15818.476436,v4l2_qbuf,2,VIDEO_CAPTURE_MPLANE
15818.479544,v4l2_dqbuf,2,VIDEO_CAPTURE_MPLANE
15818.479677,v4l2_dqbuf,0,VIDEO_OUTPUT_MPLANE
15818.493289,v4l2_qbuf,0,VIDEO_OUTPUT_MPLANE
15818.493336,v4l2_qbuf,7,VIDEO_CAPTURE_MPLANE
15818.495735,v4l2_dqbuf,7,VIDEO_CAPTURE_MPLANE
15818.495766,v4l2_dqbuf,0,VIDEO_OUTPUT_MPLANE
15818.509749,v4l2_qbuf,0,VIDEO_OUTPUT_MPLANE
15818.509776,v4l2_qbuf,0,VIDEO_CAPTURE_MPLANE
15818.513016,v4l2_dqbuf,0,VIDEO_CAPTURE_MPLANE
15818.513119,v4l2_dqbuf,0,VIDEO_OUTPUT_MPLANE
15818.526248,v4l2_qbuf,0,VIDEO_OUTPUT_MPLANE
15818.526270,v4l2_qbuf,5,VIDEO_CAPTURE_MPLANE
15818.529357,v4l2_dqbuf,5,VIDEO_CAPTURE_MPLANE
15818.529505,v4l2_dqbuf,0,VIDEO_OUTPUT_MPLANE
15818.542768,v4l2_qbuf,0,VIDEO_OUTPUT_MPLANE
15818.542796,v4l2_qbuf,6,VIDEO_CAPTURE_MPLANE
15818.544668,v4l2_dqbuf,6,VIDEO_CAPTURE_MPLANE
15818.544684,v4l2_dqbuf,0,VIDEO_OUTPUT_MPLANE
15818.559882,v4l2_qbuf,0,VIDEO_OUTPUT_MPLANE
15818.559924,v4l2_qbuf,3,VIDEO_CAPTURE_MPLANE
15818.562275,v4l2_dqbuf,3,VIDEO_CAPTURE_MPLANE
15818.562313,v4l2_dqbuf,0,VIDEO_OUTPUT_MPLANE
15818.576146,v4l2_qbuf,0,VIDEO_OUTPUT_MPLANE
15818.576185,v4l2_qbuf,4,VIDEO_CAPTURE_MPLANE
15818.579431,v4l2_dqbuf,4,VIDEO_CAPTURE_MPLANE
15818.579598,v4l2_dqbuf,0,VIDEO_OUTPUT_MPLANE
15818.593202,v4l2_qbuf,0,VIDEO_OUTPUT_MPLANE
15818.593235,v4l2_qbuf,2,VIDEO_CAPTURE_MPLANE
15818.596512,v4l2_dqbuf,2,VIDEO_CAPTURE_MPLANE
15818.596652,v4l2_dqbuf,0,VIDEO_OUTPUT_MPLANE
15818.609476,v4l2_qbuf,0,VIDEO_OUTPUT_MPLANE
15818.609504,v4l2_qbuf,1,VIDEO_CAPTURE_MPLANE
15818.612541,v4l2_dqbuf,1,VIDEO_CAPTURE_MPLANE
15818.612665,v4l2_dqbuf,0,VIDEO_OUTPUT_MPLANE
15818.626576,v4l2_qbuf,0,VIDEO_OUTPUT_MPLANE
15818.626605,v4l2_qbuf,0,VIDEO_CAPTURE_MPLANE
15818.628819,v4l2_dqbuf,0,VIDEO_CAPTURE_MPLANE
15818.628838,v4l2_dqbuf,0,VIDEO_OUTPUT_MPLANE
15818.642822,v4l2_qbuf,0,VIDEO_OUTPUT_MPLANE
15818.642853,v4l2_qbuf,5,VIDEO_CAPTURE_MPLANE
15818.646016,v4l2_dqbuf,5,VIDEO_CAPTURE_MPLANE
15818.646096,v4l2_dqbuf,0,VIDEO_OUTPUT_MPLANE
15818.659521,v4l2_qbuf,0,VIDEO_OUTPUT_MPLANE
15818.659544,v4l2_qbuf,7,VIDEO_CAPTURE_MPLANE
15818.662894,v4l2_dqbuf,7,VIDEO_CAPTURE_MPLANE
15818.662986,v4l2_dqbuf,0,VIDEO_OUTPUT_MPLANE
15818.676415,v4l2_qbuf,0,VIDEO_OUTPUT_MPLANE
15818.676436,v4l2_qbuf,6,VIDEO_CAPTURE_MPLANE
15818.679607,v4l2_dqbuf,6,VIDEO_CAPTURE_MPLANE
15818.679682,v4l2_dqbuf,0,VIDEO_OUTPUT_MPLANE
15818.693274,v4l2_qbuf,0,VIDEO_OUTPUT_MPLANE
15818.693319,v4l2_qbuf,4,VIDEO_CAPTURE_MPLANE
15818.695794,v4l2_dqbuf,4,VIDEO_CAPTURE_MPLANE
15818.695823,v4l2_dqbuf,0,VIDEO_OUTPUT_MPLANE
15818.709756,v4l2_qbuf,0,VIDEO_OUTPUT_MPLANE
15818.709797,v4l2_qbuf,2,VIDEO_CAPTURE_MPLANE
15818.713086,v4l2_dqbuf,2,VIDEO_CAPTURE_MPLANE
15818.713238,v4l2_dqbuf,0,VIDEO_OUTPUT_MPLANE
15818.726765,v4l2_qbuf,0,VIDEO_OUTPUT_MPLANE
15818.726810,v4l2_qbuf,1,VIDEO_CAPTURE_MPLANE
15818.730073,v4l2_dqbuf,1,VIDEO_CAPTURE_MPLANE
15818.730214,v4l2_dqbuf,0,VIDEO_OUTPUT_MPLANE
15818.742966,v4l2_qbuf,0,VIDEO_OUTPUT_MPLANE
15818.743058,v4l2_qbuf,3,VIDEO_CAPTURE_MPLANE
15818.746178,v4l2_dqbuf,3,VIDEO_CAPTURE_MPLANE
15818.746330,v4l2_dqbuf,0,VIDEO_OUTPUT_MPLANE
15818.759990,v4l2_qbuf,0,VIDEO_OUTPUT_MPLANE
15818.760030,v4l2_qbuf,5,VIDEO_CAPTURE_MPLANE
15818.762221,v4l2_dqbuf,5,VIDEO_CAPTURE_MPLANE
15818.762239,v4l2_dqbuf,0,VIDEO_OUTPUT_MPLANE
15818.778024,v4l2_qbuf,0,VIDEO_OUTPUT_MPLANE
15818.778046,v4l2_qbuf,7,VIDEO_CAPTURE_MPLANE
15818.781290,v4l2_dqbuf,7,VIDEO_CAPTURE_MPLANE
15818.781375,v4l2_dqbuf,0,VIDEO_OUTPUT_MPLANE
15818.795303,v4l2_qbuf,0,VIDEO_OUTPUT_MPLANE
15818.795358,v4l2_qbuf,6,VIDEO_CAPTURE_MPLANE
15818.798702,v4l2_dqbuf,6,VIDEO_CAPTURE_MPLANE
15818.798869,v4l2_dqbuf,0,VIDEO_OUTPUT_MPLANE
15818.811397,v4l2_qbuf,0,VIDEO_OUTPUT_MPLANE
15818.811418,v4l2_qbuf,0,VIDEO_CAPTURE_MPLANE
15818.814624,v4l2_dqbuf,0,VIDEO_CAPTURE_MPLANE
15818.814708,v4l2_dqbuf,0,VIDEO_OUTPUT_MPLANE
15818.828215,v4l2_qbuf,0,VIDEO_OUTPUT_MPLANE
15818.828238,v4l2_qbuf,2,VIDEO_CAPTURE_MPLANE
15818.830599,v4l2_dqbuf,2,VIDEO_CAPTURE_MPLANE
15818.830618,v4l2_dqbuf,0,VIDEO_OUTPUT_MPLANE
15818.845144,v4l2_qbuf,0,VIDEO_OUTPUT_MPLANE
15818.845167,v4l2_qbuf,1,VIDEO_CAPTURE_MPLANE
15818.848395,v4l2_dqbuf,1,VIDEO_CAPTURE_MPLANE
15818.848487,v4l2_dqbuf,0,VIDEO_OUTPUT_MPLANE
15818.861494,v4l2_qbuf,0,VIDEO_OUTPUT_MPLANE
15818.861515,v4l2_qbuf,3,VIDEO_CAPTURE_MPLANE
15818.864588,v4l2_dqbuf,3,VIDEO_CAPTURE_MPLANE
15818.864672,v4l2_dqbuf,0,VIDEO_OUTPUT_MPLANE
15818.879167,v4l2_qbuf,0,VIDEO_OUTPUT_MPLANE
15818.879219,v4l2_qbuf,4,VIDEO_CAPTURE_MPLANE
15818.882545,v4l2_dqbuf,4,VIDEO_CAPTURE_MPLANE
15818.882648,v4l2_dqbuf,0,VIDEO_OUTPUT_MPLANE
15818.894890,v4l2_qbuf,0,VIDEO_OUTPUT_MPLANE
15818.894913,v4l2_qbuf,7,VIDEO_CAPTURE_MPLANE
15818.897116,v4l2_dqbuf,7,VIDEO_CAPTURE_MPLANE
15818.897133,v4l2_dqbuf,0,VIDEO_OUTPUT_MPLANE
15818.911618,v4l2_qbuf,0,VIDEO_OUTPUT_MPLANE
15818.911640,v4l2_qbuf,6,VIDEO_CAPTURE_MPLANE
15818.914769,v4l2_dqbuf,6,VIDEO_CAPTURE_MPLANE
15818.914855,v4l2_dqbuf,0,VIDEO_OUTPUT_MPLANE
15818.928330,v4l2_qbuf,0,VIDEO_OUTPUT_MPLANE
15818.928352,v4l2_qbuf,0,VIDEO_CAPTURE_MPLANE
15818.931481,v4l2_dqbuf,0,VIDEO_CAPTURE_MPLANE
15818.931562,v4l2_dqbuf,0,VIDEO_OUTPUT_MPLANE
15818.944770,v4l2_qbuf,0,VIDEO_OUTPUT_MPLANE
15818.944793,v4l2_qbuf,5,VIDEO_CAPTURE_MPLANE
15818.947916,v4l2_dqbuf,5,VIDEO_CAPTURE_MPLANE
15818.948013,v4l2_dqbuf,0,VIDEO_OUTPUT_MPLANE
15818.961496,v4l2_qbuf,0,VIDEO_OUTPUT_MPLANE
15818.961517,v4l2_qbuf,1,VIDEO_CAPTURE_MPLANE
15818.963828,v4l2_dqbuf,1,VIDEO_CAPTURE_MPLANE
15818.963852,v4l2_dqbuf,0,VIDEO_OUTPUT_MPLANE
15818.978585,v4l2_qbuf,0,VIDEO_OUTPUT_MPLANE
15818.978648,v4l2_qbuf,3,VIDEO_CAPTURE_MPLANE
15818.981831,v4l2_dqbuf,3,VIDEO_CAPTURE_MPLANE
15818.981922,v4l2_dqbuf,0,VIDEO_OUTPUT_MPLANE
15818.994880,v4l2_qbuf,0,VIDEO_OUTPUT_MPLANE
15818.994901,v4l2_qbuf,4,VIDEO_CAPTURE_MPLANE
15818.998017,v4l2_dqbuf,4,VIDEO_CAPTURE_MPLANE
15818.998183,v4l2_dqbuf,0,VIDEO_OUTPUT_MPLANE
15819.011749,v4l2_qbuf,0,VIDEO_OUTPUT_MPLANE
15819.011820,v4l2_qbuf,2,VIDEO_CAPTURE_MPLANE
15819.015266,v4l2_dqbuf,2,VIDEO_CAPTURE_MPLANE
15819.015488,v4l2_dqbuf,0,VIDEO_OUTPUT_MPLANE
15819.028189,v4l2_qbuf,0,VIDEO_OUTPUT_MPLANE
15819.028235,v4l2_qbuf,6,VIDEO_CAPTURE_MPLANE
15819.030462,v4l2_dqbuf,6,VIDEO_CAPTURE_MPLANE
15819.030477,v4l2_dqbuf,0,VIDEO_OUTPUT_MPLANE
15819.044753,v4l2_qbuf,0,VIDEO_OUTPUT_MPLANE
15819.044783,v4l2_qbuf,0,VIDEO_CAPTURE_MPLANE
15819.048228,v4l2_dqbuf,0,VIDEO_CAPTURE_MPLANE
15819.048324,v4l2_dqbuf,0,VIDEO_OUTPUT_MPLANE
15819.061915,v4l2_qbuf,0,VIDEO_OUTPUT_MPLANE
15819.061937,v4l2_qbuf,5,VIDEO_CAPTURE_MPLANE
15819.065185,v4l2_dqbuf,5,VIDEO_CAPTURE_MPLANE
15819.065346,v4l2_dqbuf,0,VIDEO_OUTPUT_MPLANE
15819.078092,v4l2_qbuf,0,VIDEO_OUTPUT_MPLANE
15819.078114,v4l2_qbuf,7,VIDEO_CAPTURE_MPLANE
15819.081247,v4l2_dqbuf,7,VIDEO_CAPTURE_MPLANE
15819.081323,v4l2_dqbuf,0,VIDEO_OUTPUT_MPLANE
15819.094993,v4l2_qbuf,0,VIDEO_OUTPUT_MPLANE
15819.095128,v4l2_qbuf,3,VIDEO_CAPTURE_MPLANE
15819.097499,v4l2_dqbuf,3,VIDEO_CAPTURE_MPLANE
15819.097525,v4l2_dqbuf,0,VIDEO_OUTPUT_MPLANE
15819.111621,v4l2_qbuf,0,VIDEO_OUTPUT_MPLANE
15819.111664,v4l2_qbuf,4,VIDEO_CAPTURE_MPLANE
15819.116174,v4l2_dqbuf,4,VIDEO_CAPTURE_MPLANE
15819.116287,v4l2_dqbuf,0,VIDEO_OUTPUT_MPLANE
15819.128211,v4l2_qbuf,0,VIDEO_OUTPUT_MPLANE
15819.128280,v4l2_qbuf,2,VIDEO_CAPTURE_MPLANE
15819.131604,v4l2_dqbuf,2,VIDEO_CAPTURE_MPLANE
15819.131681,v4l2_dqbuf,0,VIDEO_OUTPUT_MPLANE
15819.145076,v4l2_qbuf,0,VIDEO_OUTPUT_MPLANE
15819.145117,v4l2_qbuf,1,VIDEO_CAPTURE_MPLANE
15819.148251,v4l2_dqbuf,1,VIDEO_CAPTURE_MPLANE
15819.148340,v4l2_dqbuf,0,VIDEO_OUTPUT_MPLANE
15819.161696,v4l2_qbuf,0,VIDEO_OUTPUT_MPLANE
15819.161739,v4l2_qbuf,0,VIDEO_CAPTURE_MPLANE
15819.164029,v4l2_dqbuf,0,VIDEO_CAPTURE_MPLANE
15819.164055,v4l2_dqbuf,0,VIDEO_OUTPUT_MPLANE
15819.178555,v4l2_qbuf,0,VIDEO_OUTPUT_MPLANE
15819.178597,v4l2_qbuf,5,VIDEO_CAPTURE_MPLANE
15819.181941,v4l2_dqbuf,5,VIDEO_CAPTURE_MPLANE
15819.182144,v4l2_dqbuf,0,VIDEO_OUTPUT_MPLANE
15819.195262,v4l2_qbuf,0,VIDEO_OUTPUT_MPLANE
15819.195302,v4l2_qbuf,7,VIDEO_CAPTURE_MPLANE
15819.198750,v4l2_dqbuf,7,VIDEO_CAPTURE_MPLANE
15819.198829,v4l2_dqbuf,0,VIDEO_OUTPUT_MPLANE
15819.230897,v4l2_qbuf,0,VIDEO_OUTPUT_MPLANE
15819.230919,v4l2_qbuf,6,VIDEO_CAPTURE_MPLANE
15819.231324,v4l2_qbuf,1,VIDEO_OUTPUT_MPLANE
15819.231341,v4l2_qbuf,4,VIDEO_CAPTURE_MPLANE
15819.234414,v4l2_dqbuf,6,VIDEO_CAPTURE_MPLANE
15819.234532,v4l2_dqbuf,0,VIDEO_OUTPUT_MPLANE
15819.236488,v4l2_dqbuf,4,VIDEO_CAPTURE_MPLANE
15819.236500,v4l2_dqbuf,1,VIDEO_OUTPUT_MPLANE
15819.244891,v4l2_qbuf,0,VIDEO_OUTPUT_MPLANE
15819.244920,v4l2_qbuf,2,VIDEO_CAPTURE_MPLANE
15819.248232,v4l2_dqbuf,2,VIDEO_CAPTURE_MPLANE
15819.248336,v4l2_dqbuf,0,VIDEO_OUTPUT_MPLANE
15819.257833,v4l2_qbuf,0,VIDEO_OUTPUT_MPLANE
15819.257851,v4l2_qbuf,1,VIDEO_CAPTURE_MPLANE
15819.260898,v4l2_dqbuf,1,VIDEO_CAPTURE_MPLANE
15819.260973,v4l2_dqbuf,0,VIDEO_OUTPUT_MPLANE
15819.274441,v4l2_qbuf,0,VIDEO_OUTPUT_MPLANE
15819.274460,v4l2_qbuf,3,VIDEO_CAPTURE_MPLANE
15819.277609,v4l2_dqbuf,3,VIDEO_CAPTURE_MPLANE
15819.277681,v4l2_dqbuf,0,VIDEO_OUTPUT_MPLANE
15819.291540,v4l2_qbuf,0,VIDEO_OUTPUT_MPLANE
15819.291558,v4l2_qbuf,5,VIDEO_CAPTURE_MPLANE
15819.293900,v4l2_dqbuf,5,VIDEO_CAPTURE_MPLANE
15819.293911,v4l2_dqbuf,0,VIDEO_OUTPUT_MPLANE
15819.307770,v4l2_qbuf,0,VIDEO_OUTPUT_MPLANE
15819.307795,v4l2_qbuf,7,VIDEO_CAPTURE_MPLANE
15819.310982,v4l2_dqbuf,7,VIDEO_CAPTURE_MPLANE
15819.311081,v4l2_dqbuf,0,VIDEO_OUTPUT_MPLANE
15819.325138,v4l2_qbuf,0,VIDEO_OUTPUT_MPLANE
15819.325171,v4l2_qbuf,6,VIDEO_CAPTURE_MPLANE
15819.328351,v4l2_dqbuf,6,VIDEO_CAPTURE_MPLANE
15819.328494,v4l2_dqbuf,0,VIDEO_OUTPUT_MPLANE
15819.342461,v4l2_qbuf,0,VIDEO_OUTPUT_MPLANE
15819.342492,v4l2_qbuf,0,VIDEO_CAPTURE_MPLANE
15819.345676,v4l2_dqbuf,0,VIDEO_CAPTURE_MPLANE
15819.345776,v4l2_dqbuf,0,VIDEO_OUTPUT_MPLANE
15819.358493,v4l2_qbuf,0,VIDEO_OUTPUT_MPLANE
15819.358517,v4l2_qbuf,2,VIDEO_CAPTURE_MPLANE
15819.360749,v4l2_dqbuf,2,VIDEO_CAPTURE_MPLANE
15819.360767,v4l2_dqbuf,0,VIDEO_OUTPUT_MPLANE
15819.376602,v4l2_qbuf,0,VIDEO_OUTPUT_MPLANE
15819.376623,v4l2_qbuf,1,VIDEO_CAPTURE_MPLANE
15819.379869,v4l2_dqbuf,1,VIDEO_CAPTURE_MPLANE
15819.379955,v4l2_dqbuf,0,VIDEO_OUTPUT_MPLANE
15819.393072,v4l2_qbuf,0,VIDEO_OUTPUT_MPLANE
15819.393099,v4l2_qbuf,3,VIDEO_CAPTURE_MPLANE
15819.396313,v4l2_dqbuf,3,VIDEO_CAPTURE_MPLANE
15819.396501,v4l2_dqbuf,0,VIDEO_OUTPUT_MPLANE
15819.409803,v4l2_qbuf,0,VIDEO_OUTPUT_MPLANE
15819.409845,v4l2_qbuf,4,VIDEO_CAPTURE_MPLANE
15819.413014,v4l2_dqbuf,4,VIDEO_CAPTURE_MPLANE
15819.413157,v4l2_dqbuf,0,VIDEO_OUTPUT_MPLANE
15819.427645,v4l2_qbuf,0,VIDEO_OUTPUT_MPLANE
15819.427687,v4l2_qbuf,7,VIDEO_CAPTURE_MPLANE
15819.429964,v4l2_dqbuf,7,VIDEO_CAPTURE_MPLANE
15819.429981,v4l2_dqbuf,0,VIDEO_OUTPUT_MPLANE
15819.443091,v4l2_qbuf,0,VIDEO_OUTPUT_MPLANE
15819.443113,v4l2_qbuf,6,VIDEO_CAPTURE_MPLANE
15819.446373,v4l2_dqbuf,6,VIDEO_CAPTURE_MPLANE
15819.446472,v4l2_dqbuf,0,VIDEO_OUTPUT_MPLANE
15819.461309,v4l2_qbuf,0,VIDEO_OUTPUT_MPLANE
15819.461336,v4l2_qbuf,0,VIDEO_CAPTURE_MPLANE
15819.464581,v4l2_dqbuf,0,VIDEO_CAPTURE_MPLANE
15819.464746,v4l2_dqbuf,0,VIDEO_OUTPUT_MPLANE
15819.477826,v4l2_qbuf,0,VIDEO_OUTPUT_MPLANE
15819.477848,v4l2_qbuf,5,VIDEO_CAPTURE_MPLANE
15819.480852,v4l2_dqbuf,5,VIDEO_CAPTURE_MPLANE
15819.480997,v4l2_dqbuf,0,VIDEO_OUTPUT_MPLANE
15819.494710,v4l2_qbuf,0,VIDEO_OUTPUT_MPLANE
15819.494746,v4l2_qbuf,1,VIDEO_CAPTURE_MPLANE
15819.496996,v4l2_dqbuf,1,VIDEO_CAPTURE_MPLANE
15819.497019,v4l2_dqbuf,0,VIDEO_OUTPUT_MPLANE
15819.511202,v4l2_qbuf,0,VIDEO_OUTPUT_MPLANE
15819.511224,v4l2_qbuf,3,VIDEO_CAPTURE_MPLANE
15819.514324,v4l2_dqbuf,3,VIDEO_CAPTURE_MPLANE
15819.514463,v4l2_dqbuf,0,VIDEO_OUTPUT_MPLANE
15819.529514,v4l2_qbuf,0,VIDEO_OUTPUT_MPLANE
15819.529538,v4l2_qbuf,4,VIDEO_CAPTURE_MPLANE
15819.532860,v4l2_dqbuf,4,VIDEO_CAPTURE_MPLANE
15819.533266,v4l2_dqbuf,0,VIDEO_OUTPUT_MPLANE
15819.544855,v4l2_qbuf,0,VIDEO_OUTPUT_MPLANE
15819.544894,v4l2_qbuf,2,VIDEO_CAPTURE_MPLANE
15819.546785,v4l2_dqbuf,2,VIDEO_CAPTURE_MPLANE
15819.546808,v4l2_dqbuf,0,VIDEO_OUTPUT_MPLANE
15819.561324,v4l2_qbuf,0,VIDEO_OUTPUT_MPLANE
15819.561356,v4l2_qbuf,6,VIDEO_CAPTURE_MPLANE
15819.563508,v4l2_dqbuf,6,VIDEO_CAPTURE_MPLANE
15819.563530,v4l2_dqbuf,0,VIDEO_OUTPUT_MPLANE
15819.578027,v4l2_qbuf,0,VIDEO_OUTPUT_MPLANE
15819.578064,v4l2_qbuf,0,VIDEO_CAPTURE_MPLANE
15819.581162,v4l2_dqbuf,0,VIDEO_CAPTURE_MPLANE
15819.581287,v4l2_dqbuf,0,VIDEO_OUTPUT_MPLANE
15819.594847,v4l2_qbuf,0,VIDEO_OUTPUT_MPLANE
15819.594869,v4l2_qbuf,5,VIDEO_CAPTURE_MPLANE
15819.598017,v4l2_dqbuf,5,VIDEO_CAPTURE_MPLANE
15819.598157,v4l2_dqbuf,0,VIDEO_OUTPUT_MPLANE
15819.611327,v4l2_qbuf,0,VIDEO_OUTPUT_MPLANE
15819.611359,v4l2_qbuf,7,VIDEO_CAPTURE_MPLANE
15819.614553,v4l2_dqbuf,7,VIDEO_CAPTURE_MPLANE
15819.614650,v4l2_dqbuf,0,VIDEO_OUTPUT_MPLANE
15819.628251,v4l2_qbuf,0,VIDEO_OUTPUT_MPLANE
15819.628292,v4l2_qbuf,3,VIDEO_CAPTURE_MPLANE
15819.630692,v4l2_dqbuf,3,VIDEO_CAPTURE_MPLANE
15819.630725,v4l2_dqbuf,0,VIDEO_OUTPUT_MPLANE
15819.644660,v4l2_qbuf,0,VIDEO_OUTPUT_MPLANE
15819.644701,v4l2_qbuf,4,VIDEO_CAPTURE_MPLANE
15819.648077,v4l2_dqbuf,4,VIDEO_CAPTURE_MPLANE
15819.648225,v4l2_dqbuf,0,VIDEO_OUTPUT_MPLANE
15819.661718,v4l2_qbuf,0,VIDEO_OUTPUT_MPLANE
15819.661766,v4l2_qbuf,1,VIDEO_CAPTURE_MPLANE
15819.665187,v4l2_dqbuf,1,VIDEO_CAPTURE_MPLANE
15819.665389,v4l2_dqbuf,0,VIDEO_OUTPUT_MPLANE
15819.678365,v4l2_qbuf,0,VIDEO_OUTPUT_MPLANE
15819.678408,v4l2_qbuf,2,VIDEO_CAPTURE_MPLANE
15819.683276,v4l2_dqbuf,2,VIDEO_CAPTURE_MPLANE
15819.683398,v4l2_dqbuf,0,VIDEO_OUTPUT_MPLANE
15819.694606,v4l2_qbuf,0,VIDEO_OUTPUT_MPLANE
15819.694628,v4l2_qbuf,0,VIDEO_CAPTURE_MPLANE
15819.696888,v4l2_dqbuf,0,VIDEO_CAPTURE_MPLANE
15819.696906,v4l2_dqbuf,0,VIDEO_OUTPUT_MPLANE
15819.711423,v4l2_qbuf,0,VIDEO_OUTPUT_MPLANE
15819.711456,v4l2_qbuf,5,VIDEO_CAPTURE_MPLANE
15819.714613,v4l2_dqbuf,5,VIDEO_CAPTURE_MPLANE
15819.714819,v4l2_dqbuf,0,VIDEO_OUTPUT_MPLANE
15819.728111,v4l2_qbuf,0,VIDEO_OUTPUT_MPLANE
15819.728135,v4l2_qbuf,7,VIDEO_CAPTURE_MPLANE
15819.731475,v4l2_dqbuf,7,VIDEO_CAPTURE_MPLANE
15819.731580,v4l2_dqbuf,0,VIDEO_OUTPUT_MPLANE
15819.744658,v4l2_qbuf,0,VIDEO_OUTPUT_MPLANE
15819.744681,v4l2_qbuf,6,VIDEO_CAPTURE_MPLANE
15819.747602,v4l2_dqbuf,6,VIDEO_CAPTURE_MPLANE
15819.747687,v4l2_dqbuf,0,VIDEO_OUTPUT_MPLANE
15819.761742,v4l2_qbuf,0,VIDEO_OUTPUT_MPLANE
15819.761830,v4l2_qbuf,4,VIDEO_CAPTURE_MPLANE
15819.764143,v4l2_dqbuf,4,VIDEO_CAPTURE_MPLANE
15819.764159,v4l2_dqbuf,0,VIDEO_OUTPUT_MPLANE
15819.778129,v4l2_qbuf,0,VIDEO_OUTPUT_MPLANE
15819.778162,v4l2_qbuf,1,VIDEO_CAPTURE_MPLANE
15819.784132,v4l2_dqbuf,1,VIDEO_CAPTURE_MPLANE
15819.784241,v4l2_dqbuf,0,VIDEO_OUTPUT_MPLANE
15819.794659,v4l2_qbuf,0,VIDEO_OUTPUT_MPLANE
15819.794681,v4l2_qbuf,2,VIDEO_CAPTURE_MPLANE
15819.797858,v4l2_dqbuf,2,VIDEO_CAPTURE_MPLANE
15819.797946,v4l2_dqbuf,0,VIDEO_OUTPUT_MPLANE
15819.811547,v4l2_qbuf,0,VIDEO_OUTPUT_MPLANE
15819.811569,v4l2_qbuf,3,VIDEO_CAPTURE_MPLANE
15819.814727,v4l2_dqbuf,3,VIDEO_CAPTURE_MPLANE
15819.814813,v4l2_dqbuf,0,VIDEO_OUTPUT_MPLANE
15819.828123,v4l2_qbuf,0,VIDEO_OUTPUT_MPLANE
15819.828144,v4l2_qbuf,5,VIDEO_CAPTURE_MPLANE
15819.830339,v4l2_dqbuf,5,VIDEO_CAPTURE_MPLANE
15819.830355,v4l2_dqbuf,0,VIDEO_OUTPUT_MPLANE
15819.844728,v4l2_qbuf,0,VIDEO_OUTPUT_MPLANE
15819.844751,v4l2_qbuf,7,VIDEO_CAPTURE_MPLANE
15819.847926,v4l2_dqbuf,7,VIDEO_CAPTURE_MPLANE
15819.848113,v4l2_dqbuf,0,VIDEO_OUTPUT_MPLANE
15819.861575,v4l2_qbuf,0,VIDEO_OUTPUT_MPLANE
15819.861625,v4l2_qbuf,6,VIDEO_CAPTURE_MPLANE
15819.867227,v4l2_dqbuf,6,VIDEO_CAPTURE_MPLANE
15819.867350,v4l2_dqbuf,0,VIDEO_OUTPUT_MPLANE
15819.878233,v4l2_qbuf,0,VIDEO_OUTPUT_MPLANE
15819.878270,v4l2_qbuf,0,VIDEO_CAPTURE_MPLANE
15819.881456,v4l2_dqbuf,0,VIDEO_CAPTURE_MPLANE
15819.881585,v4l2_dqbuf,0,VIDEO_OUTPUT_MPLANE
15819.895291,v4l2_qbuf,0,VIDEO_OUTPUT_MPLANE
15819.895339,v4l2_qbuf,1,VIDEO_CAPTURE_MPLANE
15819.897756,v4l2_dqbuf,1,VIDEO_CAPTURE_MPLANE
15819.897797,v4l2_dqbuf,0,VIDEO_OUTPUT_MPLANE
15819.911652,v4l2_qbuf,0,VIDEO_OUTPUT_MPLANE
15819.911694,v4l2_qbuf,2,VIDEO_CAPTURE_MPLANE
15819.915021,v4l2_dqbuf,2,VIDEO_CAPTURE_MPLANE
15819.915170,v4l2_dqbuf,0,VIDEO_OUTPUT_MPLANE
15819.928023,v4l2_qbuf,0,VIDEO_OUTPUT_MPLANE
15819.928091,v4l2_qbuf,3,VIDEO_CAPTURE_MPLANE
15819.931429,v4l2_dqbuf,3,VIDEO_CAPTURE_MPLANE
15819.931516,v4l2_dqbuf,0,VIDEO_OUTPUT_MPLANE
15819.944901,v4l2_qbuf,0,VIDEO_OUTPUT_MPLANE
15819.944921,v4l2_qbuf,4,VIDEO_CAPTURE_MPLANE
15819.948322,v4l2_dqbuf,4,VIDEO_CAPTURE_MPLANE
15819.948408,v4l2_dqbuf,0,VIDEO_OUTPUT_MPLANE
15819.961673,v4l2_qbuf,0,VIDEO_OUTPUT_MPLANE
15819.961695,v4l2_qbuf,7,VIDEO_CAPTURE_MPLANE
15819.967249,v4l2_dqbuf,7,VIDEO_CAPTURE_MPLANE
15819.967273,v4l2_dqbuf,0,VIDEO_OUTPUT_MPLANE
15819.978203,v4l2_qbuf,0,VIDEO_OUTPUT_MPLANE
15819.978225,v4l2_qbuf,6,VIDEO_CAPTURE_MPLANE
15819.981385,v4l2_dqbuf,6,VIDEO_CAPTURE_MPLANE
15819.981470,v4l2_dqbuf,0,VIDEO_OUTPUT_MPLANE
15819.995357,v4l2_qbuf,0,VIDEO_OUTPUT_MPLANE
15819.995436,v4l2_qbuf,0,VIDEO_CAPTURE_MPLANE
15819.998600,v4l2_dqbuf,0,VIDEO_CAPTURE_MPLANE
15819.998696,v4l2_dqbuf,0,VIDEO_OUTPUT_MPLANE
15820.011626,v4l2_qbuf,0,VIDEO_OUTPUT_MPLANE
15820.011681,v4l2_qbuf,5,VIDEO_CAPTURE_MPLANE
15820.015077,v4l2_dqbuf,5,VIDEO_CAPTURE_MPLANE
15820.015238,v4l2_dqbuf,0,VIDEO_OUTPUT_MPLANE
15820.028595,v4l2_qbuf,0,VIDEO_OUTPUT_MPLANE
15820.028619,v4l2_qbuf,2,VIDEO_CAPTURE_MPLANE
15820.030824,v4l2_dqbuf,2,VIDEO_CAPTURE_MPLANE
15820.030841,v4l2_dqbuf,0,VIDEO_OUTPUT_MPLANE
15820.045184,v4l2_qbuf,0,VIDEO_OUTPUT_MPLANE
15820.045214,v4l2_qbuf,3,VIDEO_CAPTURE_MPLANE
15820.048425,v4l2_dqbuf,3,VIDEO_CAPTURE_MPLANE
15820.048518,v4l2_dqbuf,0,VIDEO_OUTPUT_MPLANE
15820.061241,v4l2_qbuf,0,VIDEO_OUTPUT_MPLANE
15820.061265,v4l2_qbuf,4,VIDEO_CAPTURE_MPLANE
15820.064460,v4l2_dqbuf,4,VIDEO_CAPTURE_MPLANE
15820.064573,v4l2_dqbuf,0,VIDEO_OUTPUT_MPLANE
15820.077946,v4l2_qbuf,0,VIDEO_OUTPUT_MPLANE
15820.077993,v4l2_qbuf,1,VIDEO_CAPTURE_MPLANE
15820.080439,v4l2_dqbuf,1,VIDEO_CAPTURE_MPLANE
15820.080455,v4l2_dqbuf,0,VIDEO_OUTPUT_MPLANE
15820.094738,v4l2_qbuf,0,VIDEO_OUTPUT_MPLANE
15820.094760,v4l2_qbuf,6,VIDEO_CAPTURE_MPLANE
15820.097985,v4l2_dqbuf,6,VIDEO_CAPTURE_MPLANE
15820.098089,v4l2_dqbuf,0,VIDEO_OUTPUT_MPLANE
15820.111550,v4l2_qbuf,0,VIDEO_OUTPUT_MPLANE
15820.111590,v4l2_qbuf,0,VIDEO_CAPTURE_MPLANE
15820.114947,v4l2_dqbuf,0,VIDEO_CAPTURE_MPLANE
15820.115106,v4l2_dqbuf,0,VIDEO_OUTPUT_MPLANE
15820.128502,v4l2_qbuf,0,VIDEO_OUTPUT_MPLANE
15820.128551,v4l2_qbuf,5,VIDEO_CAPTURE_MPLANE
15820.134886,v4l2_dqbuf,5,VIDEO_CAPTURE_MPLANE
15820.135017,v4l2_dqbuf,0,VIDEO_OUTPUT_MPLANE
15820.144862,v4l2_qbuf,0,VIDEO_OUTPUT_MPLANE
15820.144950,v4l2_qbuf,7,VIDEO_CAPTURE_MPLANE
15820.147306,v4l2_dqbuf,7,VIDEO_CAPTURE_MPLANE
15820.147334,v4l2_dqbuf,0,VIDEO_OUTPUT_MPLANE
15820.161246,v4l2_qbuf,0,VIDEO_OUTPUT_MPLANE
15820.161270,v4l2_qbuf,3,VIDEO_CAPTURE_MPLANE
15820.164273,v4l2_dqbuf,3,VIDEO_CAPTURE_MPLANE
15820.164379,v4l2_dqbuf,0,VIDEO_OUTPUT_MPLANE
15820.178163,v4l2_qbuf,0,VIDEO_OUTPUT_MPLANE
15820.178185,v4l2_qbuf,4,VIDEO_CAPTURE_MPLANE
15820.181500,v4l2_dqbuf,4,VIDEO_CAPTURE_MPLANE
15820.181591,v4l2_dqbuf,0,VIDEO_OUTPUT_MPLANE
15820.194525,v4l2_qbuf,0,VIDEO_OUTPUT_MPLANE
15820.194547,v4l2_qbuf,2,VIDEO_CAPTURE_MPLANE
15820.197879,v4l2_dqbuf,2,VIDEO_CAPTURE_MPLANE
15820.198069,v4l2_dqbuf,0,VIDEO_OUTPUT_MPLANE
15820.211505,v4l2_qbuf,0,VIDEO_OUTPUT_MPLANE
15820.211546,v4l2_qbuf,6,VIDEO_CAPTURE_MPLANE
15820.213895,v4l2_dqbuf,6,VIDEO_CAPTURE_MPLANE
15820.213918,v4l2_dqbuf,0,VIDEO_OUTPUT_MPLANE
15820.228124,v4l2_qbuf,0,VIDEO_OUTPUT_MPLANE
15820.228162,v4l2_qbuf,0,VIDEO_CAPTURE_MPLANE
15820.231324,v4l2_dqbuf,0,VIDEO_CAPTURE_MPLANE
15820.231486,v4l2_dqbuf,0,VIDEO_OUTPUT_MPLANE
15820.244789,v4l2_qbuf,0,VIDEO_OUTPUT_MPLANE
15820.244829,v4l2_qbuf,5,VIDEO_CAPTURE_MPLANE
15820.248163,v4l2_dqbuf,5,VIDEO_CAPTURE_MPLANE
15820.248323,v4l2_dqbuf,0,VIDEO_OUTPUT_MPLANE
15820.261653,v4l2_qbuf,0,VIDEO_OUTPUT_MPLANE
15820.261675,v4l2_qbuf,1,VIDEO_CAPTURE_MPLANE
15820.264887,v4l2_dqbuf,1,VIDEO_CAPTURE_MPLANE
15820.265075,v4l2_dqbuf,0,VIDEO_OUTPUT_MPLANE
15820.278059,v4l2_qbuf,0,VIDEO_OUTPUT_MPLANE
15820.278099,v4l2_qbuf,3,VIDEO_CAPTURE_MPLANE
15820.280388,v4l2_dqbuf,3,VIDEO_CAPTURE_MPLANE
15820.280415,v4l2_dqbuf,0,VIDEO_OUTPUT_MPLANE
15820.294628,v4l2_qbuf,0,VIDEO_OUTPUT_MPLANE
15820.294649,v4l2_qbuf,4,VIDEO_CAPTURE_MPLANE
15820.297903,v4l2_dqbuf,4,VIDEO_CAPTURE_MPLANE
15820.297996,v4l2_dqbuf,0,VIDEO_OUTPUT_MPLANE
15820.311138,v4l2_qbuf,0,VIDEO_OUTPUT_MPLANE
15820.311160,v4l2_qbuf,2,VIDEO_CAPTURE_MPLANE
15820.314470,v4l2_dqbuf,2,VIDEO_CAPTURE_MPLANE
15820.314559,v4l2_dqbuf,0,VIDEO_OUTPUT_MPLANE
15820.328198,v4l2_qbuf,0,VIDEO_OUTPUT_MPLANE
15820.328220,v4l2_qbuf,7,VIDEO_CAPTURE_MPLANE
15820.331403,v4l2_dqbuf,7,VIDEO_CAPTURE_MPLANE
15820.331487,v4l2_dqbuf,0,VIDEO_OUTPUT_MPLANE
15820.344733,v4l2_qbuf,0,VIDEO_OUTPUT_MPLANE
15820.344757,v4l2_qbuf,0,VIDEO_CAPTURE_MPLANE
15820.347071,v4l2_dqbuf,0,VIDEO_CAPTURE_MPLANE
15820.347103,v4l2_dqbuf,0,VIDEO_OUTPUT_MPLANE
15820.361334,v4l2_qbuf,0,VIDEO_OUTPUT_MPLANE
15820.361356,v4l2_qbuf,5,VIDEO_CAPTURE_MPLANE
15820.364672,v4l2_dqbuf,5,VIDEO_CAPTURE_MPLANE
15820.364774,v4l2_dqbuf,0,VIDEO_OUTPUT_MPLANE
15820.377978,v4l2_qbuf,0,VIDEO_OUTPUT_MPLANE
15820.378022,v4l2_qbuf,1,VIDEO_CAPTURE_MPLANE
15820.381442,v4l2_dqbuf,1,VIDEO_CAPTURE_MPLANE
15820.381545,v4l2_dqbuf,0,VIDEO_OUTPUT_MPLANE
15820.394807,v4l2_qbuf,0,VIDEO_OUTPUT_MPLANE
15820.394841,v4l2_qbuf,6,VIDEO_CAPTURE_MPLANE
15820.398063,v4l2_dqbuf,6,VIDEO_CAPTURE_MPLANE
15820.398192,v4l2_dqbuf,0,VIDEO_OUTPUT_MPLANE
15820.411406,v4l2_qbuf,0,VIDEO_OUTPUT_MPLANE
15820.411439,v4l2_qbuf,4,VIDEO_CAPTURE_MPLANE
15820.413670,v4l2_dqbuf,4,VIDEO_CAPTURE_MPLANE
15820.413693,v4l2_dqbuf,0,VIDEO_OUTPUT_MPLANE
15820.428856,v4l2_qbuf,0,VIDEO_OUTPUT_MPLANE
15820.428905,v4l2_qbuf,2,VIDEO_CAPTURE_MPLANE
15820.432317,v4l2_dqbuf,2,VIDEO_CAPTURE_MPLANE
15820.432495,v4l2_dqbuf,0,VIDEO_OUTPUT_MPLANE
15820.445843,v4l2_qbuf,0,VIDEO_OUTPUT_MPLANE
15820.445866,v4l2_qbuf,7,VIDEO_CAPTURE_MPLANE
15820.449088,v4l2_dqbuf,7,VIDEO_CAPTURE_MPLANE
15820.449204,v4l2_dqbuf,0,VIDEO_OUTPUT_MPLANE
15820.462297,v4l2_qbuf,0,VIDEO_OUTPUT_MPLANE
15820.462319,v4l2_qbuf,3,VIDEO_CAPTURE_MPLANE
15820.465688,v4l2_dqbuf,3,VIDEO_CAPTURE_MPLANE
15820.465806,v4l2_dqbuf,0,VIDEO_OUTPUT_MPLANE
15820.477881,v4l2_qbuf,0,VIDEO_OUTPUT_MPLANE
15820.477919,v4l2_qbuf,5,VIDEO_CAPTURE_MPLANE
15820.480055,v4l2_dqbuf,5,VIDEO_CAPTURE_MPLANE
15820.480068,v4l2_dqbuf,0,VIDEO_OUTPUT_MPLANE
15820.494613,v4l2_qbuf,0,VIDEO_OUTPUT_MPLANE
15820.494644,v4l2_qbuf,1,VIDEO_CAPTURE_MPLANE
15820.497730,v4l2_dqbuf,1,VIDEO_CAPTURE_MPLANE
15820.497874,v4l2_dqbuf,0,VIDEO_OUTPUT_MPLANE
15820.511191,v4l2_qbuf,0,VIDEO_OUTPUT_MPLANE
15820.511225,v4l2_qbuf,6,VIDEO_CAPTURE_MPLANE
15820.513552,v4l2_dqbuf,6,VIDEO_CAPTURE_MPLANE
15820.513581,v4l2_dqbuf,0,VIDEO_OUTPUT_MPLANE
15820.527969,v4l2_qbuf,0,VIDEO_OUTPUT_MPLANE
15820.528015,v4l2_qbuf,0,VIDEO_CAPTURE_MPLANE
15820.531176,v4l2_dqbuf,0,VIDEO_CAPTURE_MPLANE
15820.531381,v4l2_dqbuf,0,VIDEO_OUTPUT_MPLANE
15820.544712,v4l2_qbuf,0,VIDEO_OUTPUT_MPLANE
15820.544746,v4l2_qbuf,2,VIDEO_CAPTURE_MPLANE
15820.546622,v4l2_dqbuf,2,VIDEO_CAPTURE_MPLANE
15820.546644,v4l2_dqbuf,0,VIDEO_OUTPUT_MPLANE
15820.561418,v4l2_qbuf,0,VIDEO_OUTPUT_MPLANE
15820.561453,v4l2_qbuf,7,VIDEO_CAPTURE_MPLANE
15820.563552,v4l2_dqbuf,7,VIDEO_CAPTURE_MPLANE
15820.563564,v4l2_dqbuf,0,VIDEO_OUTPUT_MPLANE
15820.577784,v4l2_qbuf,0,VIDEO_OUTPUT_MPLANE
15820.577804,v4l2_qbuf,3,VIDEO_CAPTURE_MPLANE
15820.580958,v4l2_dqbuf,3,VIDEO_CAPTURE_MPLANE
15820.581055,v4l2_dqbuf,0,VIDEO_OUTPUT_MPLANE
15820.594433,v4l2_qbuf,0,VIDEO_OUTPUT_MPLANE
15820.594452,v4l2_qbuf,4,VIDEO_CAPTURE_MPLANE
15820.596729,v4l2_dqbuf,4,VIDEO_CAPTURE_MPLANE
15820.596748,v4l2_dqbuf,0,VIDEO_OUTPUT_MPLANE
15820.611286,v4l2_qbuf,0,VIDEO_OUTPUT_MPLANE
15820.611320,v4l2_qbuf,1,VIDEO_CAPTURE_MPLANE
15820.614478,v4l2_dqbuf,1,VIDEO_CAPTURE_MPLANE
15820.614566,v4l2_dqbuf,0,VIDEO_OUTPUT_MPLANE
15820.627675,v4l2_qbuf,0,VIDEO_OUTPUT_MPLANE
15820.627695,v4l2_qbuf,5,VIDEO_CAPTURE_MPLANE
15820.630822,v4l2_dqbuf,5,VIDEO_CAPTURE_MPLANE
15820.630893,v4l2_dqbuf,0,VIDEO_OUTPUT_MPLANE
15820.644403,v4l2_qbuf,0,VIDEO_OUTPUT_MPLANE
15820.644430,v4l2_qbuf,0,VIDEO_CAPTURE_MPLANE
15820.647431,v4l2_dqbuf,0,VIDEO_CAPTURE_MPLANE
15820.647523,v4l2_dqbuf,0,VIDEO_OUTPUT_MPLANE
15820.661567,v4l2_qbuf,0,VIDEO_OUTPUT_MPLANE
15820.661584,v4l2_qbuf,6,VIDEO_CAPTURE_MPLANE
15820.663825,v4l2_dqbuf,6,VIDEO_CAPTURE_MPLANE
15820.663838,v4l2_dqbuf,0,VIDEO_OUTPUT_MPLANE
15820.679344,v4l2_qbuf,0,VIDEO_OUTPUT_MPLANE
15820.679361,v4l2_qbuf,2,VIDEO_CAPTURE_MPLANE
15820.682324,v4l2_dqbuf,2,VIDEO_CAPTURE_MPLANE
15820.682410,v4l2_dqbuf,0,VIDEO_OUTPUT_MPLANE
15820.696024,v4l2_qbuf,0,VIDEO_OUTPUT_MPLANE
15820.696079,v4l2_qbuf,3,VIDEO_CAPTURE_MPLANE
15820.699338,v4l2_dqbuf,3,VIDEO_CAPTURE_MPLANE
15820.699432,v4l2_dqbuf,0,VIDEO_OUTPUT_MPLANE
15820.711121,v4l2_qbuf,0,VIDEO_OUTPUT_MPLANE
15820.711137,v4l2_qbuf,7,VIDEO_CAPTURE_MPLANE
15820.714338,v4l2_dqbuf,7,VIDEO_CAPTURE_MPLANE
15820.714523,v4l2_dqbuf,0,VIDEO_OUTPUT_MPLANE
15820.727831,v4l2_qbuf,0,VIDEO_OUTPUT_MPLANE
15820.727864,v4l2_qbuf,1,VIDEO_CAPTURE_MPLANE
15820.729967,v4l2_dqbuf,1,VIDEO_CAPTURE_MPLANE
15820.729991,v4l2_dqbuf,0,VIDEO_OUTPUT_MPLANE
15820.744707,v4l2_qbuf,0,VIDEO_OUTPUT_MPLANE
15820.744739,v4l2_qbuf,5,VIDEO_CAPTURE_MPLANE
15820.747892,v4l2_dqbuf,5,VIDEO_CAPTURE_MPLANE
15820.748053,v4l2_dqbuf,0,VIDEO_OUTPUT_MPLANE
15820.761379,v4l2_qbuf,0,VIDEO_OUTPUT_MPLANE
15820.761410,v4l2_qbuf,0,VIDEO_CAPTURE_MPLANE
15820.767150,v4l2_dqbuf,0,VIDEO_CAPTURE_MPLANE
15820.767349,v4l2_dqbuf,0,VIDEO_OUTPUT_MPLANE
15820.777963,v4l2_qbuf,0,VIDEO_OUTPUT_MPLANE
15820.778066,v4l2_qbuf,4,VIDEO_CAPTURE_MPLANE
15820.781267,v4l2_dqbuf,4,VIDEO_CAPTURE_MPLANE
15820.781456,v4l2_dqbuf,0,VIDEO_OUTPUT_MPLANE
15820.794848,v4l2_qbuf,0,VIDEO_OUTPUT_MPLANE
15820.794885,v4l2_qbuf,2,VIDEO_CAPTURE_MPLANE
15820.797087,v4l2_dqbuf,2,VIDEO_CAPTURE_MPLANE
15820.797101,v4l2_dqbuf,0,VIDEO_OUTPUT_MPLANE
15820.811691,v4l2_qbuf,0,VIDEO_OUTPUT_MPLANE
15820.811745,v4l2_qbuf,3,VIDEO_CAPTURE_MPLANE
15820.814989,v4l2_dqbuf,3,VIDEO_CAPTURE_MPLANE
15820.815193,v4l2_dqbuf,0,VIDEO_OUTPUT_MPLANE
15820.828264,v4l2_qbuf,0,VIDEO_OUTPUT_MPLANE
15820.828377,v4l2_qbuf,7,VIDEO_CAPTURE_MPLANE
15820.831689,v4l2_dqbuf,7,VIDEO_CAPTURE_MPLANE
15820.831783,v4l2_dqbuf,0,VIDEO_OUTPUT_MPLANE
15820.844937,v4l2_qbuf,0,VIDEO_OUTPUT_MPLANE
15820.845045,v4l2_qbuf,6,VIDEO_CAPTURE_MPLANE
15820.848191,v4l2_dqbuf,6,VIDEO_CAPTURE_MPLANE
15820.848281,v4l2_dqbuf,0,VIDEO_OUTPUT_MPLANE
15820.861373,v4l2_qbuf,0,VIDEO_OUTPUT_MPLANE
15820.861397,v4l2_qbuf,5,VIDEO_CAPTURE_MPLANE
15820.863583,v4l2_dqbuf,5,VIDEO_CAPTURE_MPLANE
15820.863597,v4l2_dqbuf,0,VIDEO_OUTPUT_MPLANE
15820.878203,v4l2_qbuf,0,VIDEO_OUTPUT_MPLANE
15820.878227,v4l2_qbuf,0,VIDEO_CAPTURE_MPLANE
15820.881231,v4l2_dqbuf,0,VIDEO_CAPTURE_MPLANE
15820.881333,v4l2_dqbuf,0,VIDEO_OUTPUT_MPLANE
15820.894704,v4l2_qbuf,0,VIDEO_OUTPUT_MPLANE
15820.894728,v4l2_qbuf,4,VIDEO_CAPTURE_MPLANE
15820.897851,v4l2_dqbuf,4,VIDEO_CAPTURE_MPLANE
15820.897956,v4l2_dqbuf,0,VIDEO_OUTPUT_MPLANE
15820.911233,v4l2_qbuf,0,VIDEO_OUTPUT_MPLANE
15820.911252,v4l2_qbuf,1,VIDEO_CAPTURE_MPLANE
15820.914225,v4l2_dqbuf,1,VIDEO_CAPTURE_MPLANE
15820.914312,v4l2_dqbuf,0,VIDEO_OUTPUT_MPLANE
15820.927774,v4l2_qbuf,0,VIDEO_OUTPUT_MPLANE
15820.927796,v4l2_qbuf,3,VIDEO_CAPTURE_MPLANE
15820.929989,v4l2_dqbuf,3,VIDEO_CAPTURE_MPLANE
15820.930016,v4l2_dqbuf,0,VIDEO_OUTPUT_MPLANE
15820.944724,v4l2_qbuf,0,VIDEO_OUTPUT_MPLANE
15820.944748,v4l2_qbuf,7,VIDEO_CAPTURE_MPLANE
15820.947940,v4l2_dqbuf,7,VIDEO_CAPTURE_MPLANE
15820.948033,v4l2_dqbuf,0,VIDEO_OUTPUT_MPLANE
15820.961376,v4l2_qbuf,0,VIDEO_OUTPUT_MPLANE
15820.961398,v4l2_qbuf,6,VIDEO_CAPTURE_MPLANE
15820.964490,v4l2_dqbuf,6,VIDEO_CAPTURE_MPLANE
15820.964575,v4l2_dqbuf,0,VIDEO_OUTPUT_MPLANE
15820.978086,v4l2_qbuf,0,VIDEO_OUTPUT_MPLANE
15820.978109,v4l2_qbuf,2,VIDEO_CAPTURE_MPLANE
15820.981327,v4l2_dqbuf,2,VIDEO_CAPTURE_MPLANE
15820.981415,v4l2_dqbuf,0,VIDEO_OUTPUT_MPLANE
15820.994917,v4l2_qbuf,0,VIDEO_OUTPUT_MPLANE
15820.994940,v4l2_qbuf,0,VIDEO_CAPTURE_MPLANE
15820.997255,v4l2_dqbuf,0,VIDEO_CAPTURE_MPLANE
15820.997272,v4l2_dqbuf,0,VIDEO_OUTPUT_MPLANE
15821.011261,v4l2_qbuf,0,VIDEO_OUTPUT_MPLANE
15821.011283,v4l2_qbuf,4,VIDEO_CAPTURE_MPLANE
15821.014235,v4l2_dqbuf,4,VIDEO_CAPTURE_MPLANE
15821.014323,v4l2_dqbuf,0,VIDEO_OUTPUT_MPLANE
15821.027992,v4l2_qbuf,0,VIDEO_OUTPUT_MPLANE
15821.028026,v4l2_qbuf,1,VIDEO_CAPTURE_MPLANE
15821.031326,v4l2_dqbuf,1,VIDEO_CAPTURE_MPLANE
15821.031420,v4l2_dqbuf,0,VIDEO_OUTPUT_MPLANE
15821.044776,v4l2_qbuf,0,VIDEO_OUTPUT_MPLANE
15821.044859,v4l2_qbuf,5,VIDEO_CAPTURE_MPLANE
15821.047879,v4l2_dqbuf,5,VIDEO_CAPTURE_MPLANE
15821.047960,v4l2_dqbuf,0,VIDEO_OUTPUT_MPLANE
15821.061445,v4l2_qbuf,0,VIDEO_OUTPUT_MPLANE
15821.061467,v4l2_qbuf,7,VIDEO_CAPTURE_MPLANE
15821.063640,v4l2_dqbuf,7,VIDEO_CAPTURE_MPLANE
15821.063658,v4l2_dqbuf,0,VIDEO_OUTPUT_MPLANE
15821.080328,v4l2_qbuf,0,VIDEO_OUTPUT_MPLANE
15821.080352,v4l2_qbuf,6,VIDEO_CAPTURE_MPLANE
15821.083572,v4l2_dqbuf,6,VIDEO_CAPTURE_MPLANE
15821.083677,v4l2_dqbuf,0,VIDEO_OUTPUT_MPLANE
15821.094648,v4l2_qbuf,0,VIDEO_OUTPUT_MPLANE
15821.094671,v4l2_qbuf,2,VIDEO_CAPTURE_MPLANE
15821.097848,v4l2_dqbuf,2,VIDEO_CAPTURE_MPLANE
15821.097944,v4l2_dqbuf,0,VIDEO_OUTPUT_MPLANE
15821.111585,v4l2_qbuf,0,VIDEO_OUTPUT_MPLANE
15821.111611,v4l2_qbuf,3,VIDEO_CAPTURE_MPLANE
15821.114077,v4l2_dqbuf,3,VIDEO_CAPTURE_MPLANE
15821.114096,v4l2_dqbuf,0,VIDEO_OUTPUT_MPLANE
15821.127854,v4l2_qbuf,0,VIDEO_OUTPUT_MPLANE
15821.127879,v4l2_qbuf,4,VIDEO_CAPTURE_MPLANE
15821.130818,v4l2_dqbuf,4,VIDEO_CAPTURE_MPLANE
15821.130902,v4l2_dqbuf,0,VIDEO_OUTPUT_MPLANE
15821.144571,v4l2_qbuf,0,VIDEO_OUTPUT_MPLANE
15821.144634,v4l2_qbuf,1,VIDEO_CAPTURE_MPLANE
15821.147810,v4l2_dqbuf,1,VIDEO_CAPTURE_MPLANE
15821.147901,v4l2_dqbuf,0,VIDEO_OUTPUT_MPLANE
15821.161674,v4l2_qbuf,0,VIDEO_OUTPUT_MPLANE
15821.161695,v4l2_qbuf,5,VIDEO_CAPTURE_MPLANE
15821.164862,v4l2_dqbuf,5,VIDEO_CAPTURE_MPLANE
15821.164960,v4l2_dqbuf,0,VIDEO_OUTPUT_MPLANE
15821.178148,v4l2_qbuf,0,VIDEO_OUTPUT_MPLANE
15821.178172,v4l2_qbuf,0,VIDEO_CAPTURE_MPLANE
15821.180735,v4l2_dqbuf,0,VIDEO_CAPTURE_MPLANE
15821.180755,v4l2_dqbuf,0,VIDEO_OUTPUT_MPLANE
15821.194635,v4l2_qbuf,0,VIDEO_OUTPUT_MPLANE
15821.194657,v4l2_qbuf,6,VIDEO_CAPTURE_MPLANE
15821.197894,v4l2_dqbuf,6,VIDEO_CAPTURE_MPLANE
15821.198029,v4l2_dqbuf,0,VIDEO_OUTPUT_MPLANE
15821.211179,v4l2_qbuf,0,VIDEO_OUTPUT_MPLANE
15821.211200,v4l2_qbuf,2,VIDEO_CAPTURE_MPLANE
15821.214337,v4l2_dqbuf,2,VIDEO_CAPTURE_MPLANE
15821.214431,v4l2_dqbuf,0,VIDEO_OUTPUT_MPLANE
15821.228204,v4l2_qbuf,0,VIDEO_OUTPUT_MPLANE
15821.228246,v4l2_qbuf,7,VIDEO_CAPTURE_MPLANE
15821.230541,v4l2_dqbuf,7,VIDEO_CAPTURE_MPLANE
15821.230558,v4l2_dqbuf,0,VIDEO_OUTPUT_MPLANE
15821.244631,v4l2_qbuf,0,VIDEO_OUTPUT_MPLANE
15821.244654,v4l2_qbuf,4,VIDEO_CAPTURE_MPLANE
15821.247820,v4l2_dqbuf,4,VIDEO_CAPTURE_MPLANE
15821.247906,v4l2_dqbuf,0,VIDEO_OUTPUT_MPLANE
15821.261605,v4l2_qbuf,0,VIDEO_OUTPUT_MPLANE
15821.261628,v4l2_qbuf,1,VIDEO_CAPTURE_MPLANE
15821.264890,v4l2_dqbuf,1,VIDEO_CAPTURE_MPLANE
15821.264983,v4l2_dqbuf,0,VIDEO_OUTPUT_MPLANE
15821.278060,v4l2_qbuf,0,VIDEO_OUTPUT_MPLANE
15821.278078,v4l2_qbuf,5,VIDEO_CAPTURE_MPLANE
15821.281241,v4l2_dqbuf,5,VIDEO_CAPTURE_MPLANE
15821.281316,v4l2_dqbuf,0,VIDEO_OUTPUT_MPLANE
15821.294539,v4l2_qbuf,0,VIDEO_OUTPUT_MPLANE
15821.294563,v4l2_qbuf,3,VIDEO_CAPTURE_MPLANE
15821.296747,v4l2_dqbuf,3,VIDEO_CAPTURE_MPLANE
15821.296765,v4l2_dqbuf,0,VIDEO_OUTPUT_MPLANE
15821.311481,v4l2_qbuf,0,VIDEO_OUTPUT_MPLANE
15821.311504,v4l2_qbuf,6,VIDEO_CAPTURE_MPLANE
15821.314715,v4l2_dqbuf,6,VIDEO_CAPTURE_MPLANE
15821.314816,v4l2_dqbuf,0,VIDEO_OUTPUT_MPLANE
15821.328064,v4l2_qbuf,0,VIDEO_OUTPUT_MPLANE
15821.328117,v4l2_qbuf,2,VIDEO_CAPTURE_MPLANE
15821.330299,v4l2_dqbuf,2,VIDEO_CAPTURE_MPLANE
15821.330315,v4l2_dqbuf,0,VIDEO_OUTPUT_MPLANE
15821.344713,v4l2_qbuf,0,VIDEO_OUTPUT_MPLANE
15821.344750,v4l2_qbuf,0,VIDEO_CAPTURE_MPLANE
15821.347958,v4l2_dqbuf,0,VIDEO_CAPTURE_MPLANE
15821.348148,v4l2_dqbuf,0,VIDEO_OUTPUT_MPLANE
15821.362165,v4l2_qbuf,0,VIDEO_OUTPUT_MPLANE
15821.362208,v4l2_qbuf,4,VIDEO_CAPTURE_MPLANE
15821.365383,v4l2_dqbuf,4,VIDEO_CAPTURE_MPLANE
15821.365495,v4l2_dqbuf,0,VIDEO_OUTPUT_MPLANE
15821.378147,v4l2_qbuf,0,VIDEO_OUTPUT_MPLANE
15821.378183,v4l2_qbuf,1,VIDEO_CAPTURE_MPLANE
15821.381337,v4l2_dqbuf,1,VIDEO_CAPTURE_MPLANE
15821.381428,v4l2_dqbuf,0,VIDEO_OUTPUT_MPLANE
15821.394692,v4l2_qbuf,0,VIDEO_OUTPUT_MPLANE
15821.394726,v4l2_qbuf,5,VIDEO_CAPTURE_MPLANE
15821.397062,v4l2_dqbuf,5,VIDEO_CAPTURE_MPLANE
15821.397095,v4l2_dqbuf,0,VIDEO_OUTPUT_MPLANE
15821.411760,v4l2_qbuf,0,VIDEO_OUTPUT_MPLANE
15821.411807,v4l2_qbuf,7,VIDEO_CAPTURE_MPLANE
15821.414983,v4l2_dqbuf,7,VIDEO_CAPTURE_MPLANE
15821.415189,v4l2_dqbuf,0,VIDEO_OUTPUT_MPLANE
15821.427917,v4l2_qbuf,0,VIDEO_OUTPUT_MPLANE
15821.427958,v4l2_qbuf,6,VIDEO_CAPTURE_MPLANE
15821.431287,v4l2_dqbuf,6,VIDEO_CAPTURE_MPLANE
15821.431477,v4l2_dqbuf,0,VIDEO_OUTPUT_MPLANE
15821.444931,v4l2_qbuf,0,VIDEO_OUTPUT_MPLANE
15821.444985,v4l2_qbuf,3,VIDEO_CAPTURE_MPLANE
15821.448392,v4l2_dqbuf,3,VIDEO_CAPTURE_MPLANE
15821.448524,v4l2_dqbuf,0,VIDEO_OUTPUT_MPLANE
15821.461481,v4l2_qbuf,0,VIDEO_OUTPUT_MPLANE
15821.461520,v4l2_qbuf,0,VIDEO_CAPTURE_MPLANE
15821.463783,v4l2_dqbuf,0,VIDEO_CAPTURE_MPLANE
15821.463811,v4l2_dqbuf,0,VIDEO_OUTPUT_MPLANE
15821.477926,v4l2_qbuf,0,VIDEO_OUTPUT_MPLANE
15821.477970,v4l2_qbuf,4,VIDEO_CAPTURE_MPLANE
15821.481139,v4l2_dqbuf,4,VIDEO_CAPTURE_MPLANE
15821.481336,v4l2_dqbuf,0,VIDEO_OUTPUT_MPLANE
15821.494562,v4l2_qbuf,0,VIDEO_OUTPUT_MPLANE
15821.494585,v4l2_qbuf,1,VIDEO_CAPTURE_MPLANE
15821.497801,v4l2_dqbuf,1,VIDEO_CAPTURE_MPLANE
15821.497898,v4l2_dqbuf,0,VIDEO_OUTPUT_MPLANE
15821.511492,v4l2_qbuf,0,VIDEO_OUTPUT_MPLANE
15821.511514,v4l2_qbuf,2,VIDEO_CAPTURE_MPLANE
15821.514673,v4l2_dqbuf,2,VIDEO_CAPTURE_MPLANE
15821.514772,v4l2_dqbuf,0,VIDEO_OUTPUT_MPLANE
15821.528074,v4l2_qbuf,0,VIDEO_OUTPUT_MPLANE
15821.528097,v4l2_qbuf,7,VIDEO_CAPTURE_MPLANE
15821.530300,v4l2_dqbuf,7,VIDEO_CAPTURE_MPLANE
15821.530388,v4l2_dqbuf,0,VIDEO_OUTPUT_MPLANE
15821.544516,v4l2_qbuf,0,VIDEO_OUTPUT_MPLANE
15821.544540,v4l2_qbuf,6,VIDEO_CAPTURE_MPLANE
15821.546470,v4l2_dqbuf,6,VIDEO_CAPTURE_MPLANE
15821.546484,v4l2_dqbuf,0,VIDEO_OUTPUT_MPLANE
15821.561131,v4l2_qbuf,0,VIDEO_OUTPUT_MPLANE
15821.561153,v4l2_qbuf,3,VIDEO_CAPTURE_MPLANE
15821.563218,v4l2_dqbuf,3,VIDEO_CAPTURE_MPLANE
15821.563233,v4l2_dqbuf,0,VIDEO_OUTPUT_MPLANE
15821.578311,v4l2_qbuf,0,VIDEO_OUTPUT_MPLANE
15821.578372,v4l2_qbuf,5,VIDEO_CAPTURE_MPLANE
15821.581696,v4l2_dqbuf,5,VIDEO_CAPTURE_MPLANE
15821.581811,v4l2_dqbuf,0,VIDEO_OUTPUT_MPLANE
15821.594599,v4l2_qbuf,0,VIDEO_OUTPUT_MPLANE
15821.594637,v4l2_qbuf,4,VIDEO_CAPTURE_MPLANE
15821.597722,v4l2_dqbuf,4,VIDEO_CAPTURE_MPLANE
15821.597887,v4l2_dqbuf,0,VIDEO_OUTPUT_MPLANE
15821.611434,v4l2_qbuf,0,VIDEO_OUTPUT_MPLANE
15821.611470,v4l2_qbuf,1,VIDEO_CAPTURE_MPLANE
15821.613795,v4l2_dqbuf,1,VIDEO_CAPTURE_MPLANE
15821.613823,v4l2_dqbuf,0,VIDEO_OUTPUT_MPLANE
15821.627939,v4l2_qbuf,0,VIDEO_OUTPUT_MPLANE
15821.627960,v4l2_qbuf,2,VIDEO_CAPTURE_MPLANE
15821.631162,v4l2_dqbuf,2,VIDEO_CAPTURE_MPLANE
15821.631352,v4l2_dqbuf,0,VIDEO_OUTPUT_MPLANE
15821.644809,v4l2_qbuf,0,VIDEO_OUTPUT_MPLANE
15821.644850,v4l2_qbuf,0,VIDEO_CAPTURE_MPLANE
15821.648059,v4l2_dqbuf,0,VIDEO_CAPTURE_MPLANE
15821.648225,v4l2_dqbuf,0,VIDEO_OUTPUT_MPLANE
15821.661577,v4l2_qbuf,0,VIDEO_OUTPUT_MPLANE
15821.661658,v4l2_qbuf,7,VIDEO_CAPTURE_MPLANE
15821.663927,v4l2_dqbuf,7,VIDEO_CAPTURE_MPLANE
15821.663953,v4l2_dqbuf,0,VIDEO_OUTPUT_MPLANE
15821.677952,v4l2_qbuf,0,VIDEO_OUTPUT_MPLANE
15821.677987,v4l2_qbuf,6,VIDEO_CAPTURE_MPLANE
15821.681193,v4l2_dqbuf,6,VIDEO_CAPTURE_MPLANE
15821.681440,v4l2_dqbuf,0,VIDEO_OUTPUT_MPLANE
15821.694900,v4l2_qbuf,0,VIDEO_OUTPUT_MPLANE
15821.694922,v4l2_qbuf,5,VIDEO_CAPTURE_MPLANE
15821.698088,v4l2_dqbuf,5,VIDEO_CAPTURE_MPLANE
15821.698198,v4l2_dqbuf,0,VIDEO_OUTPUT_MPLANE
15821.711337,v4l2_qbuf,0,VIDEO_OUTPUT_MPLANE
15821.711359,v4l2_qbuf,4,VIDEO_CAPTURE_MPLANE
15821.713652,v4l2_dqbuf,4,VIDEO_CAPTURE_MPLANE
15821.713671,v4l2_dqbuf,0,VIDEO_OUTPUT_MPLANE
15821.728225,v4l2_qbuf,0,VIDEO_OUTPUT_MPLANE
15821.728292,v4l2_qbuf,3,VIDEO_CAPTURE_MPLANE
15821.731712,v4l2_dqbuf,3,VIDEO_CAPTURE_MPLANE
15821.731947,v4l2_dqbuf,0,VIDEO_OUTPUT_MPLANE
15821.744344,v4l2_qbuf,0,VIDEO_OUTPUT_MPLANE
15821.744361,v4l2_qbuf,2,VIDEO_CAPTURE_MPLANE
15821.747578,v4l2_dqbuf,2,VIDEO_CAPTURE_MPLANE
15821.747662,v4l2_dqbuf,0,VIDEO_OUTPUT_MPLANE
15821.760942,v4l2_qbuf,0,VIDEO_OUTPUT_MPLANE
15821.761137,v4l2_qbuf,0,VIDEO_CAPTURE_MPLANE
15821.764167,v4l2_dqbuf,0,VIDEO_CAPTURE_MPLANE
15821.764329,v4l2_dqbuf,0,VIDEO_OUTPUT_MPLANE
15821.778000,v4l2_qbuf,0,VIDEO_OUTPUT_MPLANE
15821.778052,v4l2_qbuf,1,VIDEO_CAPTURE_MPLANE
15821.780190,v4l2_dqbuf,1,VIDEO_CAPTURE_MPLANE
15821.780219,v4l2_dqbuf,0,VIDEO_OUTPUT_MPLANE
15821.794504,v4l2_qbuf,0,VIDEO_OUTPUT_MPLANE
15821.794528,v4l2_qbuf,6,VIDEO_CAPTURE_MPLANE
15821.797559,v4l2_dqbuf,6,VIDEO_CAPTURE_MPLANE
15821.797659,v4l2_dqbuf,0,VIDEO_OUTPUT_MPLANE
15821.811167,v4l2_qbuf,0,VIDEO_OUTPUT_MPLANE
15821.811199,v4l2_qbuf,5,VIDEO_CAPTURE_MPLANE
15821.814296,v4l2_dqbuf,5,VIDEO_CAPTURE_MPLANE
15821.814437,v4l2_dqbuf,0,VIDEO_OUTPUT_MPLANE
15821.827827,v4l2_qbuf,0,VIDEO_OUTPUT_MPLANE
15821.827867,v4l2_qbuf,7,VIDEO_CAPTURE_MPLANE
15821.830918,v4l2_dqbuf,7,VIDEO_CAPTURE_MPLANE
15821.830990,v4l2_dqbuf,0,VIDEO_OUTPUT_MPLANE
15821.844758,v4l2_qbuf,0,VIDEO_OUTPUT_MPLANE
15821.844889,v4l2_qbuf,3,VIDEO_CAPTURE_MPLANE
15821.847113,v4l2_dqbuf,3,VIDEO_CAPTURE_MPLANE
15821.847145,v4l2_dqbuf,0,VIDEO_OUTPUT_MPLANE
15821.861307,v4l2_qbuf,0,VIDEO_OUTPUT_MPLANE
15821.861345,v4l2_qbuf,2,VIDEO_CAPTURE_MPLANE
15821.864368,v4l2_dqbuf,2,VIDEO_CAPTURE_MPLANE
15821.864511,v4l2_dqbuf,0,VIDEO_OUTPUT_MPLANE
15821.877969,v4l2_qbuf,0,VIDEO_OUTPUT_MPLANE
15821.878015,v4l2_qbuf,0,VIDEO_CAPTURE_MPLANE
15821.880991,v4l2_dqbuf,0,VIDEO_CAPTURE_MPLANE
15821.881122,v4l2_dqbuf,0,VIDEO_OUTPUT_MPLANE
15821.894446,v4l2_qbuf,0,VIDEO_OUTPUT_MPLANE
15821.894465,v4l2_qbuf,4,VIDEO_CAPTURE_MPLANE
15821.897598,v4l2_dqbuf,4,VIDEO_CAPTURE_MPLANE
15821.897685,v4l2_dqbuf,0,VIDEO_OUTPUT_MPLANE
15821.911467,v4l2_qbuf,0,VIDEO_OUTPUT_MPLANE
15821.911504,v4l2_qbuf,6,VIDEO_CAPTURE_MPLANE
15821.913704,v4l2_dqbuf,6,VIDEO_CAPTURE_MPLANE
15821.913732,v4l2_dqbuf,0,VIDEO_OUTPUT_MPLANE
15821.927892,v4l2_qbuf,0,VIDEO_OUTPUT_MPLANE
15821.927915,v4l2_qbuf,5,VIDEO_CAPTURE_MPLANE
15821.934154,v4l2_dqbuf,5,VIDEO_CAPTURE_MPLANE
15821.934374,v4l2_dqbuf,0,VIDEO_OUTPUT_MPLANE
15821.944865,v4l2_qbuf,0,VIDEO_OUTPUT_MPLANE
15821.944905,v4l2_qbuf,7,VIDEO_CAPTURE_MPLANE
15821.948046,v4l2_dqbuf,7,VIDEO_CAPTURE_MPLANE
15821.948193,v4l2_dqbuf,0,VIDEO_OUTPUT_MPLANE
15821.961169,v4l2_qbuf,0,VIDEO_OUTPUT_MPLANE
15821.961194,v4l2_qbuf,1,VIDEO_CAPTURE_MPLANE
15821.964412,v4l2_dqbuf,1,VIDEO_CAPTURE_MPLANE
15821.964509,v4l2_dqbuf,0,VIDEO_OUTPUT_MPLANE
15821.977895,v4l2_qbuf,0,VIDEO_OUTPUT_MPLANE
15821.977921,v4l2_qbuf,2,VIDEO_CAPTURE_MPLANE
15821.980150,v4l2_dqbuf,2,VIDEO_CAPTURE_MPLANE
15821.980184,v4l2_dqbuf,0,VIDEO_OUTPUT_MPLANE
15821.994527,v4l2_qbuf,0,VIDEO_OUTPUT_MPLANE
15821.994549,v4l2_qbuf,0,VIDEO_CAPTURE_MPLANE
15821.997589,v4l2_dqbuf,0,VIDEO_CAPTURE_MPLANE
15821.997728,v4l2_dqbuf,0,VIDEO_OUTPUT_MPLANE
15822.011212,v4l2_qbuf,0,VIDEO_OUTPUT_MPLANE
15822.011240,v4l2_qbuf,4,VIDEO_CAPTURE_MPLANE
15822.014296,v4l2_dqbuf,4,VIDEO_CAPTURE_MPLANE
15822.014414,v4l2_dqbuf,0,VIDEO_OUTPUT_MPLANE
15822.028154,v4l2_qbuf,0,VIDEO_OUTPUT_MPLANE
15822.028947,v4l2_qbuf,3,VIDEO_CAPTURE_MPLANE
15822.032437,v4l2_dqbuf,3,VIDEO_CAPTURE_MPLANE
15822.032611,v4l2_dqbuf,0,VIDEO_OUTPUT_MPLANE
15822.045134,v4l2_qbuf,0,VIDEO_OUTPUT_MPLANE
15822.045156,v4l2_qbuf,5,VIDEO_CAPTURE_MPLANE
15822.047503,v4l2_dqbuf,5,VIDEO_CAPTURE_MPLANE
15822.047521,v4l2_dqbuf,0,VIDEO_OUTPUT_MPLANE
15822.063351,v4l2_qbuf,0,VIDEO_OUTPUT_MPLANE
15822.063376,v4l2_qbuf,7,VIDEO_CAPTURE_MPLANE
15822.066583,v4l2_dqbuf,7,VIDEO_CAPTURE_MPLANE
15822.066810,v4l2_dqbuf,0,VIDEO_OUTPUT_MPLANE
15822.079777,v4l2_qbuf,0,VIDEO_OUTPUT_MPLANE
15822.079796,v4l2_qbuf,1,VIDEO_CAPTURE_MPLANE
15822.082901,v4l2_dqbuf,1,VIDEO_CAPTURE_MPLANE
15822.082986,v4l2_dqbuf,0,VIDEO_OUTPUT_MPLANE
15822.098289,v4l2_qbuf,0,VIDEO_OUTPUT_MPLANE
15822.098312,v4l2_qbuf,6,VIDEO_CAPTURE_MPLANE
15822.101525,v4l2_dqbuf,6,VIDEO_CAPTURE_MPLANE
15822.101630,v4l2_dqbuf,0,VIDEO_OUTPUT_MPLANE
15822.113537,v4l2_qbuf,0,VIDEO_OUTPUT_MPLANE
15822.113573,v4l2_qbuf,0,VIDEO_CAPTURE_MPLANE
15822.115840,v4l2_dqbuf,0,VIDEO_CAPTURE_MPLANE
15822.115873,v4l2_dqbuf,0,VIDEO_OUTPUT_MPLANE
15822.130219,v4l2_qbuf,0,VIDEO_OUTPUT_MPLANE
15822.130235,v4l2_qbuf,4,VIDEO_CAPTURE_MPLANE
15822.133394,v4l2_dqbuf,4,VIDEO_CAPTURE_MPLANE
15822.133567,v4l2_dqbuf,0,VIDEO_OUTPUT_MPLANE
15822.146934,v4l2_qbuf,0,VIDEO_OUTPUT_MPLANE
15822.146972,v4l2_qbuf,3,VIDEO_CAPTURE_MPLANE
15822.150094,v4l2_dqbuf,3,VIDEO_CAPTURE_MPLANE
15822.150225,v4l2_dqbuf,0,VIDEO_OUTPUT_MPLANE
15822.163827,v4l2_qbuf,0,VIDEO_OUTPUT_MPLANE
15822.163874,v4l2_qbuf,2,VIDEO_CAPTURE_MPLANE
15822.167092,v4l2_dqbuf,2,VIDEO_CAPTURE_MPLANE
15822.167290,v4l2_dqbuf,0,VIDEO_OUTPUT_MPLANE
15822.180209,v4l2_qbuf,0,VIDEO_OUTPUT_MPLANE
15822.180251,v4l2_qbuf,7,VIDEO_CAPTURE_MPLANE
15822.182587,v4l2_dqbuf,7,VIDEO_CAPTURE_MPLANE
15822.182621,v4l2_dqbuf,0,VIDEO_OUTPUT_MPLANE
15822.197187,v4l2_qbuf,0,VIDEO_OUTPUT_MPLANE
15822.197272,v4l2_qbuf,1,VIDEO_CAPTURE_MPLANE
15822.200639,v4l2_dqbuf,1,VIDEO_CAPTURE_MPLANE
15822.200761,v4l2_dqbuf,0,VIDEO_OUTPUT_MPLANE
15822.213513,v4l2_qbuf,0,VIDEO_OUTPUT_MPLANE
15822.213536,v4l2_qbuf,6,VIDEO_CAPTURE_MPLANE
15822.216693,v4l2_dqbuf,6,VIDEO_CAPTURE_MPLANE
15822.216787,v4l2_dqbuf,0,VIDEO_OUTPUT_MPLANE
15822.230259,v4l2_qbuf,0,VIDEO_OUTPUT_MPLANE
15822.230281,v4l2_qbuf,5,VIDEO_CAPTURE_MPLANE
15822.233493,v4l2_dqbuf,5,VIDEO_CAPTURE_MPLANE
15822.233734,v4l2_dqbuf,0,VIDEO_OUTPUT_MPLANE
15822.247144,v4l2_qbuf,0,VIDEO_OUTPUT_MPLANE
15822.247180,v4l2_qbuf,4,VIDEO_CAPTURE_MPLANE
15822.249391,v4l2_dqbuf,4,VIDEO_CAPTURE_MPLANE
15822.249414,v4l2_dqbuf,0,VIDEO_OUTPUT_MPLANE
15822.263409,v4l2_qbuf,0,VIDEO_OUTPUT_MPLANE
15822.263443,v4l2_qbuf,3,VIDEO_CAPTURE_MPLANE
15822.266449,v4l2_dqbuf,3,VIDEO_CAPTURE_MPLANE
15822.266582,v4l2_dqbuf,0,VIDEO_OUTPUT_MPLANE
15822.280196,v4l2_qbuf,0,VIDEO_OUTPUT_MPLANE
15822.280231,v4l2_qbuf,2,VIDEO_CAPTURE_MPLANE
15822.283258,v4l2_dqbuf,2,VIDEO_CAPTURE_MPLANE
15822.283385,v4l2_dqbuf,0,VIDEO_OUTPUT_MPLANE
15822.297130,v4l2_qbuf,0,VIDEO_OUTPUT_MPLANE
15822.297159,v4l2_qbuf,0,VIDEO_CAPTURE_MPLANE
15822.300430,v4l2_dqbuf,0,VIDEO_CAPTURE_MPLANE
15822.300677,v4l2_dqbuf,0,VIDEO_OUTPUT_MPLANE
15822.314421,v4l2_qbuf,0,VIDEO_OUTPUT_MPLANE
15822.314443,v4l2_qbuf,1,VIDEO_CAPTURE_MPLANE
15822.316580,v4l2_dqbuf,1,VIDEO_CAPTURE_MPLANE
15822.316594,v4l2_dqbuf,0,VIDEO_OUTPUT_MPLANE
15822.330343,v4l2_qbuf,0,VIDEO_OUTPUT_MPLANE
15822.330383,v4l2_qbuf,6,VIDEO_CAPTURE_MPLANE
15822.333595,v4l2_dqbuf,6,VIDEO_CAPTURE_MPLANE
15822.333777,v4l2_dqbuf,0,VIDEO_OUTPUT_MPLANE
15822.346674,v4l2_qbuf,0,VIDEO_OUTPUT_MPLANE
15822.346692,v4l2_qbuf,5,VIDEO_CAPTURE_MPLANE
15822.350305,v4l2_dqbuf,5,VIDEO_CAPTURE_MPLANE
15822.350372,v4l2_dqbuf,0,VIDEO_OUTPUT_MPLANE
15822.364483,v4l2_qbuf,0,VIDEO_OUTPUT_MPLANE
15822.364531,v4l2_qbuf,7,VIDEO_CAPTURE_MPLANE
15822.367927,v4l2_dqbuf,7,VIDEO_CAPTURE_MPLANE
15822.368149,v4l2_dqbuf,0,VIDEO_OUTPUT_MPLANE
15822.380578,v4l2_qbuf,0,VIDEO_OUTPUT_MPLANE
15822.380640,v4l2_qbuf,3,VIDEO_CAPTURE_MPLANE
15822.383058,v4l2_dqbuf,3,VIDEO_CAPTURE_MPLANE
15822.383084,v4l2_dqbuf,0,VIDEO_OUTPUT_MPLANE
15822.397121,v4l2_qbuf,0,VIDEO_OUTPUT_MPLANE
15822.397163,v4l2_qbuf,2,VIDEO_CAPTURE_MPLANE
15822.400352,v4l2_dqbuf,2,VIDEO_CAPTURE_MPLANE
15822.400486,v4l2_dqbuf,0,VIDEO_OUTPUT_MPLANE
15822.414232,v4l2_qbuf,0,VIDEO_OUTPUT_MPLANE
15822.414326,v4l2_qbuf,0,VIDEO_CAPTURE_MPLANE
15822.417573,v4l2_dqbuf,0,VIDEO_CAPTURE_MPLANE
15822.417686,v4l2_dqbuf,0,VIDEO_OUTPUT_MPLANE
15822.430246,v4l2_qbuf,0,VIDEO_OUTPUT_MPLANE
15822.430268,v4l2_qbuf,4,VIDEO_CAPTURE_MPLANE
15822.435036,v4l2_dqbuf,4,VIDEO_CAPTURE_MPLANE
15822.435182,v4l2_dqbuf,0,VIDEO_OUTPUT_MPLANE
15822.446960,v4l2_qbuf,0,VIDEO_OUTPUT_MPLANE
15822.446984,v4l2_qbuf,6,VIDEO_CAPTURE_MPLANE
15822.450061,v4l2_dqbuf,6,VIDEO_CAPTURE_MPLANE
15822.450083,v4l2_dqbuf,0,VIDEO_OUTPUT_MPLANE
15822.463264,v4l2_qbuf,0,VIDEO_OUTPUT_MPLANE
15822.463281,v4l2_qbuf,5,VIDEO_CAPTURE_MPLANE
15822.466236,v4l2_dqbuf,5,VIDEO_CAPTURE_MPLANE
15822.466320,v4l2_dqbuf,0,VIDEO_OUTPUT_MPLANE
15822.480084,v4l2_qbuf,0,VIDEO_OUTPUT_MPLANE
15822.480106,v4l2_qbuf,7,VIDEO_CAPTURE_MPLANE
15822.483260,v4l2_dqbuf,7,VIDEO_CAPTURE_MPLANE
15822.483356,v4l2_dqbuf,0,VIDEO_OUTPUT_MPLANE
15822.496985,v4l2_qbuf,0,VIDEO_OUTPUT_MPLANE
15822.497017,v4l2_qbuf,1,VIDEO_CAPTURE_MPLANE
15822.500308,v4l2_dqbuf,1,VIDEO_CAPTURE_MPLANE
15822.500403,v4l2_dqbuf,0,VIDEO_OUTPUT_MPLANE
15822.514078,v4l2_qbuf,0,VIDEO_OUTPUT_MPLANE
15822.514128,v4l2_qbuf,2,VIDEO_CAPTURE_MPLANE
15822.516391,v4l2_dqbuf,2,VIDEO_CAPTURE_MPLANE
15822.516428,v4l2_dqbuf,0,VIDEO_OUTPUT_MPLANE
15822.530270,v4l2_qbuf,0,VIDEO_OUTPUT_MPLANE
15822.530319,v4l2_qbuf,0,VIDEO_CAPTURE_MPLANE
15822.535101,v4l2_dqbuf,0,VIDEO_CAPTURE_MPLANE
15822.535266,v4l2_dqbuf,0,VIDEO_OUTPUT_MPLANE
15822.546982,v4l2_qbuf,0,VIDEO_OUTPUT_MPLANE
15822.546999,v4l2_qbuf,4,VIDEO_CAPTURE_MPLANE
15822.551285,v4l2_dqbuf,4,VIDEO_CAPTURE_MPLANE
15822.551301,v4l2_dqbuf,0,VIDEO_OUTPUT_MPLANE
15822.563370,v4l2_qbuf,0,VIDEO_OUTPUT_MPLANE
15822.563404,v4l2_qbuf,3,VIDEO_CAPTURE_MPLANE
15822.565566,v4l2_dqbuf,3,VIDEO_CAPTURE_MPLANE
15822.565591,v4l2_dqbuf,0,VIDEO_OUTPUT_MPLANE
15822.580328,v4l2_qbuf,0,VIDEO_OUTPUT_MPLANE
15822.580352,v4l2_qbuf,5,VIDEO_CAPTURE_MPLANE
15822.583322,v4l2_dqbuf,5,VIDEO_CAPTURE_MPLANE
15822.583403,v4l2_dqbuf,0,VIDEO_OUTPUT_MPLANE
15822.597277,v4l2_qbuf,0,VIDEO_OUTPUT_MPLANE
15822.597301,v4l2_qbuf,7,VIDEO_CAPTURE_MPLANE
15822.601906,v4l2_dqbuf,7,VIDEO_CAPTURE_MPLANE
15822.602053,v4l2_dqbuf,0,VIDEO_OUTPUT_MPLANE
15822.613493,v4l2_qbuf,0,VIDEO_OUTPUT_MPLANE
15822.613525,v4l2_qbuf,1,VIDEO_CAPTURE_MPLANE
15822.616620,v4l2_dqbuf,1,VIDEO_CAPTURE_MPLANE
15822.616800,v4l2_dqbuf,0,VIDEO_OUTPUT_MPLANE
15822.630449,v4l2_qbuf,0,VIDEO_OUTPUT_MPLANE
15822.630481,v4l2_qbuf,6,VIDEO_CAPTURE_MPLANE
15822.634759,v4l2_dqbuf,6,VIDEO_CAPTURE_MPLANE
15822.634783,v4l2_dqbuf,0,VIDEO_OUTPUT_MPLANE
15822.646934,v4l2_qbuf,0,VIDEO_OUTPUT_MPLANE
15822.646962,v4l2_qbuf,0,VIDEO_CAPTURE_MPLANE
15822.650162,v4l2_dqbuf,0,VIDEO_CAPTURE_MPLANE
15822.650282,v4l2_dqbuf,0,VIDEO_OUTPUT_MPLANE
15822.663639,v4l2_qbuf,0,VIDEO_OUTPUT_MPLANE
15822.663686,v4l2_qbuf,2,VIDEO_CAPTURE_MPLANE
15822.666833,v4l2_dqbuf,2,VIDEO_CAPTURE_MPLANE
15822.666910,v4l2_dqbuf,0,VIDEO_OUTPUT_MPLANE
15822.679938,v4l2_qbuf,0,VIDEO_OUTPUT_MPLANE
15822.679961,v4l2_qbuf,4,VIDEO_CAPTURE_MPLANE
15822.683065,v4l2_dqbuf,4,VIDEO_CAPTURE_MPLANE
15822.683177,v4l2_dqbuf,0,VIDEO_OUTPUT_MPLANE
15822.696971,v4l2_qbuf,0,VIDEO_OUTPUT_MPLANE
15822.697026,v4l2_qbuf,5,VIDEO_CAPTURE_MPLANE
15822.699241,v4l2_dqbuf,5,VIDEO_CAPTURE_MPLANE
15822.699277,v4l2_dqbuf,0,VIDEO_OUTPUT_MPLANE
15822.713150,v4l2_qbuf,0,VIDEO_OUTPUT_MPLANE
15822.713175,v4l2_qbuf,7,VIDEO_CAPTURE_MPLANE
15822.716358,v4l2_dqbuf,7,VIDEO_CAPTURE_MPLANE
15822.716533,v4l2_dqbuf,0,VIDEO_OUTPUT_MPLANE
15822.730110,v4l2_qbuf,0,VIDEO_OUTPUT_MPLANE
15822.730149,v4l2_qbuf,1,VIDEO_CAPTURE_MPLANE
15822.736157,v4l2_dqbuf,1,VIDEO_CAPTURE_MPLANE
15822.736379,v4l2_dqbuf,0,VIDEO_OUTPUT_MPLANE
15822.746746,v4l2_qbuf,0,VIDEO_OUTPUT_MPLANE
15822.746779,v4l2_qbuf,3,VIDEO_CAPTURE_MPLANE
15822.750127,v4l2_dqbuf,3,VIDEO_CAPTURE_MPLANE
15822.750235,v4l2_dqbuf,0,VIDEO_OUTPUT_MPLANE
15822.763342,v4l2_qbuf,0,VIDEO_OUTPUT_MPLANE
15822.763364,v4l2_qbuf,0,VIDEO_CAPTURE_MPLANE
15822.765396,v4l2_dqbuf,0,VIDEO_CAPTURE_MPLANE
15822.765411,v4l2_dqbuf,0,VIDEO_OUTPUT_MPLANE
15822.780167,v4l2_qbuf,0,VIDEO_OUTPUT_MPLANE
15822.780190,v4l2_qbuf,2,VIDEO_CAPTURE_MPLANE
15822.783367,v4l2_dqbuf,2,VIDEO_CAPTURE_MPLANE
15822.783473,v4l2_dqbuf,0,VIDEO_OUTPUT_MPLANE
15822.796743,v4l2_qbuf,0,VIDEO_OUTPUT_MPLANE
15822.796764,v4l2_qbuf,4,VIDEO_CAPTURE_MPLANE
15822.800108,v4l2_dqbuf,4,VIDEO_CAPTURE_MPLANE
15822.800202,v4l2_dqbuf,0,VIDEO_OUTPUT_MPLANE
15822.813650,v4l2_qbuf,0,VIDEO_OUTPUT_MPLANE
15822.813695,v4l2_qbuf,6,VIDEO_CAPTURE_MPLANE
15822.816903,v4l2_dqbuf,6,VIDEO_CAPTURE_MPLANE
15822.817090,v4l2_dqbuf,0,VIDEO_OUTPUT_MPLANE
15822.830439,v4l2_qbuf,0,VIDEO_OUTPUT_MPLANE
15822.830488,v4l2_qbuf,7,VIDEO_CAPTURE_MPLANE
15822.832713,v4l2_dqbuf,7,VIDEO_CAPTURE_MPLANE
15822.832729,v4l2_dqbuf,0,VIDEO_OUTPUT_MPLANE
15822.847096,v4l2_qbuf,0,VIDEO_OUTPUT_MPLANE
15822.847116,v4l2_qbuf,1,VIDEO_CAPTURE_MPLANE
15822.850375,v4l2_dqbuf,1,VIDEO_CAPTURE_MPLANE
15822.850475,v4l2_dqbuf,0,VIDEO_OUTPUT_MPLANE
15822.863788,v4l2_qbuf,0,VIDEO_OUTPUT_MPLANE
15822.863808,v4l2_qbuf,3,VIDEO_CAPTURE_MPLANE
15822.866976,v4l2_dqbuf,3,VIDEO_CAPTURE_MPLANE
15822.867072,v4l2_dqbuf,0,VIDEO_OUTPUT_MPLANE
15822.880059,v4l2_qbuf,0,VIDEO_OUTPUT_MPLANE
15822.880077,v4l2_qbuf,5,VIDEO_CAPTURE_MPLANE
15822.883203,v4l2_dqbuf,5,VIDEO_CAPTURE_MPLANE
15822.883357,v4l2_dqbuf,0,VIDEO_OUTPUT_MPLANE
15822.896786,v4l2_qbuf,0,VIDEO_OUTPUT_MPLANE
15822.896818,v4l2_qbuf,2,VIDEO_CAPTURE_MPLANE
15822.898973,v4l2_dqbuf,2,VIDEO_CAPTURE_MPLANE
15822.898998,v4l2_dqbuf,0,VIDEO_OUTPUT_MPLANE
15822.913441,v4l2_qbuf,0,VIDEO_OUTPUT_MPLANE
15822.913463,v4l2_qbuf,4,VIDEO_CAPTURE_MPLANE
15822.916618,v4l2_dqbuf,4,VIDEO_CAPTURE_MPLANE
15822.916775,v4l2_dqbuf,0,VIDEO_OUTPUT_MPLANE
15822.930089,v4l2_qbuf,0,VIDEO_OUTPUT_MPLANE
15822.930110,v4l2_qbuf,6,VIDEO_CAPTURE_MPLANE
15822.933293,v4l2_dqbuf,6,VIDEO_CAPTURE_MPLANE
15822.933518,v4l2_dqbuf,0,VIDEO_OUTPUT_MPLANE
15822.946687,v4l2_qbuf,0,VIDEO_OUTPUT_MPLANE
15822.946724,v4l2_qbuf,0,VIDEO_CAPTURE_MPLANE
15822.949803,v4l2_dqbuf,0,VIDEO_CAPTURE_MPLANE
15822.949971,v4l2_dqbuf,0,VIDEO_OUTPUT_MPLANE
15822.963385,v4l2_qbuf,0,VIDEO_OUTPUT_MPLANE
15822.963407,v4l2_qbuf,1,VIDEO_CAPTURE_MPLANE
15822.965514,v4l2_dqbuf,1,VIDEO_CAPTURE_MPLANE
15822.965529,v4l2_dqbuf,0,VIDEO_OUTPUT_MPLANE
15822.979790,v4l2_qbuf,0,VIDEO_OUTPUT_MPLANE
15822.979812,v4l2_qbuf,3,VIDEO_CAPTURE_MPLANE
15822.982866,v4l2_dqbuf,3,VIDEO_CAPTURE_MPLANE
15822.982938,v4l2_dqbuf,0,VIDEO_OUTPUT_MPLANE
15822.996769,v4l2_qbuf,0,VIDEO_OUTPUT_MPLANE
15822.996807,v4l2_qbuf,5,VIDEO_CAPTURE_MPLANE
15823.000033,v4l2_dqbuf,5,VIDEO_CAPTURE_MPLANE
15823.000184,v4l2_dqbuf,0,VIDEO_OUTPUT_MPLANE
15823.013200,v4l2_qbuf,0,VIDEO_OUTPUT_MPLANE
15823.013222,v4l2_qbuf,7,VIDEO_CAPTURE_MPLANE
15823.019244,v4l2_dqbuf,7,VIDEO_CAPTURE_MPLANE
15823.019364,v4l2_dqbuf,0,VIDEO_OUTPUT_MPLANE
15823.029920,v4l2_qbuf,0,VIDEO_OUTPUT_MPLANE
15823.029941,v4l2_qbuf,4,VIDEO_CAPTURE_MPLANE
15823.034187,v4l2_dqbuf,4,VIDEO_CAPTURE_MPLANE
15823.034207,v4l2_dqbuf,0,VIDEO_OUTPUT_MPLANE
15823.046938,v4l2_qbuf,0,VIDEO_OUTPUT_MPLANE
15823.046958,v4l2_qbuf,6,VIDEO_CAPTURE_MPLANE
15823.050030,v4l2_dqbuf,6,VIDEO_CAPTURE_MPLANE
15823.050118,v4l2_dqbuf,0,VIDEO_OUTPUT_MPLANE
15823.063612,v4l2_qbuf,0,VIDEO_OUTPUT_MPLANE
15823.063635,v4l2_qbuf,0,VIDEO_CAPTURE_MPLANE
15823.066934,v4l2_dqbuf,0,VIDEO_CAPTURE_MPLANE
15823.067039,v4l2_dqbuf,0,VIDEO_OUTPUT_MPLANE
15823.080637,v4l2_qbuf,0,VIDEO_OUTPUT_MPLANE
15823.080677,v4l2_qbuf,2,VIDEO_CAPTURE_MPLANE
15823.083860,v4l2_dqbuf,2,VIDEO_CAPTURE_MPLANE
15823.083950,v4l2_dqbuf,0,VIDEO_OUTPUT_MPLANE
15823.096891,v4l2_qbuf,0,VIDEO_OUTPUT_MPLANE
15823.096908,v4l2_qbuf,3,VIDEO_CAPTURE_MPLANE
15823.099175,v4l2_dqbuf,3,VIDEO_CAPTURE_MPLANE
15823.099188,v4l2_dqbuf,0,VIDEO_OUTPUT_MPLANE
15823.113839,v4l2_qbuf,0,VIDEO_OUTPUT_MPLANE
15823.113876,v4l2_qbuf,5,VIDEO_CAPTURE_MPLANE
15823.118155,v4l2_dqbuf,5,VIDEO_CAPTURE_MPLANE
15823.118379,v4l2_dqbuf,0,VIDEO_OUTPUT_MPLANE
15823.130311,v4l2_qbuf,0,VIDEO_OUTPUT_MPLANE
15823.130345,v4l2_qbuf,7,VIDEO_CAPTURE_MPLANE
15823.133392,v4l2_dqbuf,7,VIDEO_CAPTURE_MPLANE
15823.133517,v4l2_dqbuf,0,VIDEO_OUTPUT_MPLANE
15823.147475,v4l2_qbuf,0,VIDEO_OUTPUT_MPLANE
15823.147517,v4l2_qbuf,1,VIDEO_CAPTURE_MPLANE
15823.150807,v4l2_dqbuf,1,VIDEO_CAPTURE_MPLANE
15823.150902,v4l2_dqbuf,0,VIDEO_OUTPUT_MPLANE
15823.163443,v4l2_qbuf,0,VIDEO_OUTPUT_MPLANE
15823.163462,v4l2_qbuf,6,VIDEO_CAPTURE_MPLANE
15823.165706,v4l2_dqbuf,6,VIDEO_CAPTURE_MPLANE
15823.165719,v4l2_dqbuf,0,VIDEO_OUTPUT_MPLANE
15823.179957,v4l2_qbuf,0,VIDEO_OUTPUT_MPLANE
15823.179976,v4l2_qbuf,0,VIDEO_CAPTURE_MPLANE
15823.183193,v4l2_dqbuf,0,VIDEO_CAPTURE_MPLANE
15823.183288,v4l2_dqbuf,0,VIDEO_OUTPUT_MPLANE
15823.196846,v4l2_qbuf,0,VIDEO_OUTPUT_MPLANE
15823.196867,v4l2_qbuf,2,VIDEO_CAPTURE_MPLANE
15823.200667,v4l2_dqbuf,2,VIDEO_CAPTURE_MPLANE
15823.200772,v4l2_dqbuf,0,VIDEO_OUTPUT_MPLANE
15823.213656,v4l2_qbuf,0,VIDEO_OUTPUT_MPLANE
15823.213681,v4l2_qbuf,4,VIDEO_CAPTURE_MPLANE
15823.217109,v4l2_dqbuf,4,VIDEO_CAPTURE_MPLANE
15823.217230,v4l2_dqbuf,0,VIDEO_OUTPUT_MPLANE
15823.230062,v4l2_qbuf,0,VIDEO_OUTPUT_MPLANE
15823.230084,v4l2_qbuf,5,VIDEO_CAPTURE_MPLANE
15823.232400,v4l2_dqbuf,5,VIDEO_CAPTURE_MPLANE
15823.232439,v4l2_dqbuf,0,VIDEO_OUTPUT_MPLANE
15823.246846,v4l2_qbuf,0,VIDEO_OUTPUT_MPLANE
15823.246873,v4l2_qbuf,7,VIDEO_CAPTURE_MPLANE
15823.250165,v4l2_dqbuf,7,VIDEO_CAPTURE_MPLANE
15823.250276,v4l2_dqbuf,0,VIDEO_OUTPUT_MPLANE
15823.263676,v4l2_qbuf,0,VIDEO_OUTPUT_MPLANE
15823.263702,v4l2_qbuf,1,VIDEO_CAPTURE_MPLANE
15823.266912,v4l2_dqbuf,1,VIDEO_CAPTURE_MPLANE
15823.267085,v4l2_dqbuf,0,VIDEO_OUTPUT_MPLANE
15823.280557,v4l2_qbuf,0,VIDEO_OUTPUT_MPLANE
15823.280578,v4l2_qbuf,3,VIDEO_CAPTURE_MPLANE
15823.283769,v4l2_dqbuf,3,VIDEO_CAPTURE_MPLANE
15823.283855,v4l2_dqbuf,0,VIDEO_OUTPUT_MPLANE
15823.297536,v4l2_qbuf,0,VIDEO_OUTPUT_MPLANE
15823.297627,v4l2_qbuf,0,VIDEO_CAPTURE_MPLANE
15823.299857,v4l2_dqbuf,0,VIDEO_CAPTURE_MPLANE
15823.299875,v4l2_dqbuf,0,VIDEO_OUTPUT_MPLANE
15823.314119,v4l2_qbuf,0,VIDEO_OUTPUT_MPLANE
15823.314239,v4l2_qbuf,2,VIDEO_CAPTURE_MPLANE
15823.317608,v4l2_dqbuf,2,VIDEO_CAPTURE_MPLANE
15823.317710,v4l2_dqbuf,0,VIDEO_OUTPUT_MPLANE
15823.330380,v4l2_qbuf,0,VIDEO_OUTPUT_MPLANE
15823.330403,v4l2_qbuf,4,VIDEO_CAPTURE_MPLANE
15823.333745,v4l2_dqbuf,4,VIDEO_CAPTURE_MPLANE
15823.333837,v4l2_dqbuf,0,VIDEO_OUTPUT_MPLANE
15823.346827,v4l2_qbuf,0,VIDEO_OUTPUT_MPLANE
15823.346851,v4l2_qbuf,6,VIDEO_CAPTURE_MPLANE
15823.350121,v4l2_dqbuf,6,VIDEO_CAPTURE_MPLANE
15823.350221,v4l2_dqbuf,0,VIDEO_OUTPUT_MPLANE
15823.363908,v4l2_qbuf,0,VIDEO_OUTPUT_MPLANE
15823.363930,v4l2_qbuf,7,VIDEO_CAPTURE_MPLANE
15823.366301,v4l2_dqbuf,7,VIDEO_CAPTURE_MPLANE
15823.366319,v4l2_dqbuf,0,VIDEO_OUTPUT_MPLANE
15823.380417,v4l2_qbuf,0,VIDEO_OUTPUT_MPLANE
15823.380448,v4l2_qbuf,1,VIDEO_CAPTURE_MPLANE
15823.383570,v4l2_dqbuf,1,VIDEO_CAPTURE_MPLANE
15823.383661,v4l2_dqbuf,0,VIDEO_OUTPUT_MPLANE
15823.396897,v4l2_qbuf,0,VIDEO_OUTPUT_MPLANE
15823.396919,v4l2_qbuf,3,VIDEO_CAPTURE_MPLANE
15823.401859,v4l2_dqbuf,3,VIDEO_CAPTURE_MPLANE
15823.401983,v4l2_dqbuf,0,VIDEO_OUTPUT_MPLANE
15823.413513,v4l2_qbuf,0,VIDEO_OUTPUT_MPLANE
15823.413536,v4l2_qbuf,5,VIDEO_CAPTURE_MPLANE
15823.416868,v4l2_dqbuf,5,VIDEO_CAPTURE_MPLANE
15823.416963,v4l2_dqbuf,0,VIDEO_OUTPUT_MPLANE
15823.430020,v4l2_qbuf,0,VIDEO_OUTPUT_MPLANE
15823.430043,v4l2_qbuf,2,VIDEO_CAPTURE_MPLANE
15823.432205,v4l2_dqbuf,2,VIDEO_CAPTURE_MPLANE
15823.432220,v4l2_dqbuf,0,VIDEO_OUTPUT_MPLANE
15823.446821,v4l2_qbuf,0,VIDEO_OUTPUT_MPLANE
15823.446845,v4l2_qbuf,4,VIDEO_CAPTURE_MPLANE
15823.450203,v4l2_dqbuf,4,VIDEO_CAPTURE_MPLANE
15823.450296,v4l2_dqbuf,0,VIDEO_OUTPUT_MPLANE
15823.463540,v4l2_qbuf,0,VIDEO_OUTPUT_MPLANE
15823.463561,v4l2_qbuf,6,VIDEO_CAPTURE_MPLANE
15823.466851,v4l2_dqbuf,6,VIDEO_CAPTURE_MPLANE
15823.467039,v4l2_dqbuf,0,VIDEO_OUTPUT_MPLANE
15823.480113,v4l2_qbuf,0,VIDEO_OUTPUT_MPLANE
15823.480134,v4l2_qbuf,0,VIDEO_CAPTURE_MPLANE
15823.483208,v4l2_dqbuf,0,VIDEO_CAPTURE_MPLANE
15823.483295,v4l2_dqbuf,0,VIDEO_OUTPUT_MPLANE
15823.496749,v4l2_qbuf,0,VIDEO_OUTPUT_MPLANE
15823.496793,v4l2_qbuf,1,VIDEO_CAPTURE_MPLANE
15823.499034,v4l2_dqbuf,1,VIDEO_CAPTURE_MPLANE
15823.499065,v4l2_dqbuf,0,VIDEO_OUTPUT_MPLANE
15823.513439,v4l2_qbuf,0,VIDEO_OUTPUT_MPLANE
15823.513481,v4l2_qbuf,3,VIDEO_CAPTURE_MPLANE
15823.516707,v4l2_dqbuf,3,VIDEO_CAPTURE_MPLANE
15823.516816,v4l2_dqbuf,0,VIDEO_OUTPUT_MPLANE
15823.530571,v4l2_qbuf,0,VIDEO_OUTPUT_MPLANE
15823.530612,v4l2_qbuf,5,VIDEO_CAPTURE_MPLANE
15823.533984,v4l2_dqbuf,5,VIDEO_CAPTURE_MPLANE
15823.534233,v4l2_dqbuf,0,VIDEO_OUTPUT_MPLANE
15823.546908,v4l2_qbuf,0,VIDEO_OUTPUT_MPLANE
15823.546941,v4l2_qbuf,7,VIDEO_CAPTURE_MPLANE
15823.548889,v4l2_dqbuf,7,VIDEO_CAPTURE_MPLANE
15823.548903,v4l2_dqbuf,0,VIDEO_OUTPUT_MPLANE
15823.563502,v4l2_qbuf,0,VIDEO_OUTPUT_MPLANE
15823.563532,v4l2_qbuf,4,VIDEO_CAPTURE_MPLANE
15823.565875,v4l2_dqbuf,4,VIDEO_CAPTURE_MPLANE
15823.565893,v4l2_dqbuf,0,VIDEO_OUTPUT_MPLANE
15823.580227,v4l2_qbuf,0,VIDEO_OUTPUT_MPLANE
15823.580250,v4l2_qbuf,6,VIDEO_CAPTURE_MPLANE
15823.583501,v4l2_dqbuf,6,VIDEO_CAPTURE_MPLANE
15823.583594,v4l2_dqbuf,0,VIDEO_OUTPUT_MPLANE
15823.597067,v4l2_qbuf,0,VIDEO_OUTPUT_MPLANE
15823.597092,v4l2_qbuf,0,VIDEO_CAPTURE_MPLANE
15823.600527,v4l2_dqbuf,0,VIDEO_CAPTURE_MPLANE
15823.600722,v4l2_dqbuf,0,VIDEO_OUTPUT_MPLANE
15823.613457,v4l2_qbuf,0,VIDEO_OUTPUT_MPLANE
15823.613478,v4l2_qbuf,2,VIDEO_CAPTURE_MPLANE
15823.616281,v4l2_dqbuf,2,VIDEO_CAPTURE_MPLANE
15823.616385,v4l2_dqbuf,0,VIDEO_OUTPUT_MPLANE
15823.629905,v4l2_qbuf,0,VIDEO_OUTPUT_MPLANE
15823.629930,v4l2_qbuf,3,VIDEO_CAPTURE_MPLANE
15823.632270,v4l2_dqbuf,3,VIDEO_CAPTURE_MPLANE
15823.632301,v4l2_dqbuf,0,VIDEO_OUTPUT_MPLANE
15823.646828,v4l2_qbuf,0,VIDEO_OUTPUT_MPLANE
15823.646868,v4l2_qbuf,5,VIDEO_CAPTURE_MPLANE
15823.650264,v4l2_dqbuf,5,VIDEO_CAPTURE_MPLANE
15823.650432,v4l2_dqbuf,0,VIDEO_OUTPUT_MPLANE
15823.663922,v4l2_qbuf,0,VIDEO_OUTPUT_MPLANE
15823.663964,v4l2_qbuf,1,VIDEO_CAPTURE_MPLANE
15823.668483,v4l2_dqbuf,1,VIDEO_CAPTURE_MPLANE
15823.668597,v4l2_dqbuf,0,VIDEO_OUTPUT_MPLANE
15823.680549,v4l2_qbuf,0,VIDEO_OUTPUT_MPLANE
15823.680599,v4l2_qbuf,7,VIDEO_CAPTURE_MPLANE
15823.684145,v4l2_dqbuf,7,VIDEO_CAPTURE_MPLANE
15823.684262,v4l2_dqbuf,0,VIDEO_OUTPUT_MPLANE
15823.696836,v4l2_qbuf,0,VIDEO_OUTPUT_MPLANE
15823.696856,v4l2_qbuf,6,VIDEO_CAPTURE_MPLANE
15823.699061,v4l2_dqbuf,6,VIDEO_CAPTURE_MPLANE
15823.699077,v4l2_dqbuf,0,VIDEO_OUTPUT_MPLANE
15823.713275,v4l2_qbuf,0,VIDEO_OUTPUT_MPLANE
15823.713299,v4l2_qbuf,0,VIDEO_CAPTURE_MPLANE
15823.716716,v4l2_dqbuf,0,VIDEO_CAPTURE_MPLANE
15823.716828,v4l2_dqbuf,0,VIDEO_OUTPUT_MPLANE
15823.729989,v4l2_qbuf,0,VIDEO_OUTPUT_MPLANE
15823.730029,v4l2_qbuf,2,VIDEO_CAPTURE_MPLANE
15823.733416,v4l2_dqbuf,2,VIDEO_CAPTURE_MPLANE
15823.733516,v4l2_dqbuf,0,VIDEO_OUTPUT_MPLANE
15823.747052,v4l2_qbuf,0,VIDEO_OUTPUT_MPLANE
15823.747075,v4l2_qbuf,4,VIDEO_CAPTURE_MPLANE
15823.750110,v4l2_dqbuf,4,VIDEO_CAPTURE_MPLANE
15823.750198,v4l2_dqbuf,0,VIDEO_OUTPUT_MPLANE
15823.763844,v4l2_qbuf,0,VIDEO_OUTPUT_MPLANE
15823.763867,v4l2_qbuf,5,VIDEO_CAPTURE_MPLANE
15823.768156,v4l2_dqbuf,5,VIDEO_CAPTURE_MPLANE
15823.768177,v4l2_dqbuf,0,VIDEO_OUTPUT_MPLANE
15823.780410,v4l2_qbuf,0,VIDEO_OUTPUT_MPLANE
15823.780437,v4l2_qbuf,1,VIDEO_CAPTURE_MPLANE
15823.783934,v4l2_dqbuf,1,VIDEO_CAPTURE_MPLANE
15823.784057,v4l2_dqbuf,0,VIDEO_OUTPUT_MPLANE
15823.796888,v4l2_qbuf,0,VIDEO_OUTPUT_MPLANE
15823.796913,v4l2_qbuf,7,VIDEO_CAPTURE_MPLANE
15823.800046,v4l2_dqbuf,7,VIDEO_CAPTURE_MPLANE
15823.800136,v4l2_dqbuf,0,VIDEO_OUTPUT_MPLANE
15823.813685,v4l2_qbuf,0,VIDEO_OUTPUT_MPLANE
15823.813709,v4l2_qbuf,3,VIDEO_CAPTURE_MPLANE
15823.816721,v4l2_dqbuf,3,VIDEO_CAPTURE_MPLANE
15823.816815,v4l2_dqbuf,0,VIDEO_OUTPUT_MPLANE
15823.829976,v4l2_qbuf,0,VIDEO_OUTPUT_MPLANE
15823.829999,v4l2_qbuf,0,VIDEO_CAPTURE_MPLANE
15823.832133,v4l2_dqbuf,0,VIDEO_CAPTURE_MPLANE
15823.832150,v4l2_dqbuf,0,VIDEO_OUTPUT_MPLANE
15823.846969,v4l2_qbuf,0,VIDEO_OUTPUT_MPLANE
15823.846994,v4l2_qbuf,2,VIDEO_CAPTURE_MPLANE
15823.851269,v4l2_dqbuf,2,VIDEO_CAPTURE_MPLANE
15823.851380,v4l2_dqbuf,0,VIDEO_OUTPUT_MPLANE
15823.863428,v4l2_qbuf,0,VIDEO_OUTPUT_MPLANE
15823.863455,v4l2_qbuf,4,VIDEO_CAPTURE_MPLANE
15823.866643,v4l2_dqbuf,4,VIDEO_CAPTURE_MPLANE
15823.866731,v4l2_dqbuf,0,VIDEO_OUTPUT_MPLANE
15823.880387,v4l2_qbuf,0,VIDEO_OUTPUT_MPLANE
15823.880402,v4l2_qbuf,6,VIDEO_CAPTURE_MPLANE
15823.883789,v4l2_dqbuf,6,VIDEO_CAPTURE_MPLANE
15823.883922,v4l2_dqbuf,0,VIDEO_OUTPUT_MPLANE
15823.896588,v4l2_qbuf,0,VIDEO_OUTPUT_MPLANE
15823.896610,v4l2_qbuf,1,VIDEO_CAPTURE_MPLANE
15823.898746,v4l2_dqbuf,1,VIDEO_CAPTURE_MPLANE
15823.898763,v4l2_dqbuf,0,VIDEO_OUTPUT_MPLANE
15823.915765,v4l2_qbuf,0,VIDEO_OUTPUT_MPLANE
15823.915808,v4l2_qbuf,7,VIDEO_CAPTURE_MPLANE
15823.919352,v4l2_dqbuf,7,VIDEO_CAPTURE_MPLANE
15823.919515,v4l2_dqbuf,0,VIDEO_OUTPUT_MPLANE
15823.930429,v4l2_qbuf,0,VIDEO_OUTPUT_MPLANE
15823.930482,v4l2_qbuf,3,VIDEO_CAPTURE_MPLANE
15823.933802,v4l2_dqbuf,3,VIDEO_CAPTURE_MPLANE
15823.934034,v4l2_dqbuf,0,VIDEO_OUTPUT_MPLANE
15823.946623,v4l2_qbuf,0,VIDEO_OUTPUT_MPLANE
15823.946663,v4l2_qbuf,5,VIDEO_CAPTURE_MPLANE
15823.950019,v4l2_dqbuf,5,VIDEO_CAPTURE_MPLANE
15823.950176,v4l2_dqbuf,0,VIDEO_OUTPUT_MPLANE
15823.963810,v4l2_qbuf,0,VIDEO_OUTPUT_MPLANE
15823.963847,v4l2_qbuf,2,VIDEO_CAPTURE_MPLANE
15823.966228,v4l2_dqbuf,2,VIDEO_CAPTURE_MPLANE
15823.966260,v4l2_dqbuf,0,VIDEO_OUTPUT_MPLANE
15823.980030,v4l2_qbuf,0,VIDEO_OUTPUT_MPLANE
15823.980049,v4l2_qbuf,4,VIDEO_CAPTURE_MPLANE
15823.983387,v4l2_dqbuf,4,VIDEO_CAPTURE_MPLANE
15823.983467,v4l2_dqbuf,0,VIDEO_OUTPUT_MPLANE
15823.996928,v4l2_qbuf,0,VIDEO_OUTPUT_MPLANE
15823.996948,v4l2_qbuf,6,VIDEO_CAPTURE_MPLANE
15824.001610,v4l2_dqbuf,6,VIDEO_CAPTURE_MPLANE
15824.001734,v4l2_dqbuf,0,VIDEO_OUTPUT_MPLANE
15824.013467,v4l2_qbuf,0,VIDEO_OUTPUT_MPLANE
15824.013491,v4l2_qbuf,0,VIDEO_CAPTURE_MPLANE
15824.017956,v4l2_dqbuf,0,VIDEO_CAPTURE_MPLANE
15824.018096,v4l2_dqbuf,0,VIDEO_OUTPUT_MPLANE
15824.029947,v4l2_qbuf,0,VIDEO_OUTPUT_MPLANE
15824.029964,v4l2_qbuf,7,VIDEO_CAPTURE_MPLANE
15824.033122,v4l2_dqbuf,7,VIDEO_CAPTURE_MPLANE
15824.033143,v4l2_dqbuf,0,VIDEO_OUTPUT_MPLANE
15824.046785,v4l2_qbuf,0,VIDEO_OUTPUT_MPLANE
15824.046803,v4l2_qbuf,3,VIDEO_CAPTURE_MPLANE
15824.049715,v4l2_dqbuf,3,VIDEO_CAPTURE_MPLANE
15824.049816,v4l2_dqbuf,0,VIDEO_OUTPUT_MPLANE
15824.063377,v4l2_qbuf,0,VIDEO_OUTPUT_MPLANE
15824.063423,v4l2_qbuf,5,VIDEO_CAPTURE_MPLANE
15824.066626,v4l2_dqbuf,5,VIDEO_CAPTURE_MPLANE
15824.066722,v4l2_dqbuf,0,VIDEO_OUTPUT_MPLANE
15824.079823,v4l2_qbuf,0,VIDEO_OUTPUT_MPLANE
15824.079841,v4l2_qbuf,1,VIDEO_CAPTURE_MPLANE
15824.081963,v4l2_dqbuf,1,VIDEO_CAPTURE_MPLANE
15824.081977,v4l2_dqbuf,0,VIDEO_OUTPUT_MPLANE
15824.096583,v4l2_qbuf,0,VIDEO_OUTPUT_MPLANE
15824.096607,v4l2_qbuf,4,VIDEO_CAPTURE_MPLANE
15824.099846,v4l2_dqbuf,4,VIDEO_CAPTURE_MPLANE
15824.099948,v4l2_dqbuf,0,VIDEO_OUTPUT_MPLANE
15824.113247,v4l2_qbuf,0,VIDEO_OUTPUT_MPLANE
15824.113268,v4l2_qbuf,6,VIDEO_CAPTURE_MPLANE
15824.115475,v4l2_dqbuf,6,VIDEO_CAPTURE_MPLANE
15824.115510,v4l2_dqbuf,0,VIDEO_OUTPUT_MPLANE
15824.130132,v4l2_qbuf,0,VIDEO_OUTPUT_MPLANE
15824.130156,v4l2_qbuf,0,VIDEO_CAPTURE_MPLANE
15824.133554,v4l2_dqbuf,0,VIDEO_CAPTURE_MPLANE
15824.133705,v4l2_dqbuf,0,VIDEO_OUTPUT_MPLANE
15824.146502,v4l2_qbuf,0,VIDEO_OUTPUT_MPLANE
15824.146519,v4l2_qbuf,2,VIDEO_CAPTURE_MPLANE
15824.149590,v4l2_dqbuf,2,VIDEO_CAPTURE_MPLANE
15824.149661,v4l2_dqbuf,0,VIDEO_OUTPUT_MPLANE
15824.163407,v4l2_qbuf,0,VIDEO_OUTPUT_MPLANE
15824.163424,v4l2_qbuf,3,VIDEO_CAPTURE_MPLANE
15824.166620,v4l2_dqbuf,3,VIDEO_CAPTURE_MPLANE
15824.166690,v4l2_dqbuf,0,VIDEO_OUTPUT_MPLANE
15824.180351,v4l2_qbuf,0,VIDEO_OUTPUT_MPLANE
15824.180372,v4l2_qbuf,5,VIDEO_CAPTURE_MPLANE
15824.182607,v4l2_dqbuf,5,VIDEO_CAPTURE_MPLANE
15824.182632,v4l2_dqbuf,0,VIDEO_OUTPUT_MPLANE
15824.196777,v4l2_qbuf,0,VIDEO_OUTPUT_MPLANE
15824.196795,v4l2_qbuf,7,VIDEO_CAPTURE_MPLANE
15824.200044,v4l2_dqbuf,7,VIDEO_CAPTURE_MPLANE
15824.200206,v4l2_dqbuf,0,VIDEO_OUTPUT_MPLANE
15824.213447,v4l2_qbuf,0,VIDEO_OUTPUT_MPLANE
15824.213466,v4l2_qbuf,4,VIDEO_CAPTURE_MPLANE
15824.217397,v4l2_dqbuf,4,VIDEO_CAPTURE_MPLANE
15824.217631,v4l2_dqbuf,0,VIDEO_OUTPUT_MPLANE
15824.230554,v4l2_qbuf,0,VIDEO_OUTPUT_MPLANE
15824.230592,v4l2_qbuf,1,VIDEO_CAPTURE_MPLANE
15824.233026,v4l2_dqbuf,1,VIDEO_CAPTURE_MPLANE
15824.233046,v4l2_dqbuf,0,VIDEO_OUTPUT_MPLANE
15824.246845,v4l2_qbuf,0,VIDEO_OUTPUT_MPLANE
15824.246904,v4l2_qbuf,0,VIDEO_CAPTURE_MPLANE
15824.250079,v4l2_dqbuf,0,VIDEO_CAPTURE_MPLANE
15824.250166,v4l2_dqbuf,0,VIDEO_OUTPUT_MPLANE
15824.263654,v4l2_qbuf,0,VIDEO_OUTPUT_MPLANE
15824.263748,v4l2_qbuf,2,VIDEO_CAPTURE_MPLANE
15824.267149,v4l2_dqbuf,2,VIDEO_CAPTURE_MPLANE
15824.267398,v4l2_dqbuf,0,VIDEO_OUTPUT_MPLANE
15824.280587,v4l2_qbuf,0,VIDEO_OUTPUT_MPLANE
15824.280642,v4l2_qbuf,3,VIDEO_CAPTURE_MPLANE
15824.283969,v4l2_dqbuf,3,VIDEO_CAPTURE_MPLANE
15824.284178,v4l2_dqbuf,0,VIDEO_OUTPUT_MPLANE
15824.296735,v4l2_qbuf,0,VIDEO_OUTPUT_MPLANE
15824.296761,v4l2_qbuf,6,VIDEO_CAPTURE_MPLANE
15824.299068,v4l2_dqbuf,6,VIDEO_CAPTURE_MPLANE
15824.299108,v4l2_dqbuf,0,VIDEO_OUTPUT_MPLANE
15824.314066,v4l2_qbuf,0,VIDEO_OUTPUT_MPLANE
15824.314150,v4l2_qbuf,7,VIDEO_CAPTURE_MPLANE
15824.317369,v4l2_dqbuf,7,VIDEO_CAPTURE_MPLANE
15824.317530,v4l2_dqbuf,0,VIDEO_OUTPUT_MPLANE
15824.330095,v4l2_qbuf,0,VIDEO_OUTPUT_MPLANE
15824.330116,v4l2_qbuf,4,VIDEO_CAPTURE_MPLANE
15824.336238,v4l2_dqbuf,4,VIDEO_CAPTURE_MPLANE
15824.336354,v4l2_dqbuf,0,VIDEO_OUTPUT_MPLANE
15824.347077,v4l2_qbuf,0,VIDEO_OUTPUT_MPLANE
15824.347140,v4l2_qbuf,5,VIDEO_CAPTURE_MPLANE
15824.349650,v4l2_dqbuf,5,VIDEO_CAPTURE_MPLANE
15824.349671,v4l2_dqbuf,0,VIDEO_OUTPUT_MPLANE
15824.363786,v4l2_qbuf,0,VIDEO_OUTPUT_MPLANE
15824.363839,v4l2_qbuf,0,VIDEO_CAPTURE_MPLANE
15824.367057,v4l2_dqbuf,0,VIDEO_CAPTURE_MPLANE
15824.367214,v4l2_dqbuf,0,VIDEO_OUTPUT_MPLANE
15824.380176,v4l2_qbuf,0,VIDEO_OUTPUT_MPLANE
15824.380214,v4l2_qbuf,2,VIDEO_CAPTURE_MPLANE
15824.383293,v4l2_dqbuf,2,VIDEO_CAPTURE_MPLANE
15824.383406,v4l2_dqbuf,0,VIDEO_OUTPUT_MPLANE
15824.396505,v4l2_qbuf,0,VIDEO_OUTPUT_MPLANE
15824.396523,v4l2_qbuf,3,VIDEO_CAPTURE_MPLANE
15824.399746,v4l2_dqbuf,3,VIDEO_CAPTURE_MPLANE
15824.399849,v4l2_dqbuf,0,VIDEO_OUTPUT_MPLANE
15824.413521,v4l2_qbuf,0,VIDEO_OUTPUT_MPLANE
15824.413568,v4l2_qbuf,1,VIDEO_CAPTURE_MPLANE
15824.415977,v4l2_dqbuf,1,VIDEO_CAPTURE_MPLANE
15824.416029,v4l2_dqbuf,0,VIDEO_OUTPUT_MPLANE
15824.430355,v4l2_qbuf,0,VIDEO_OUTPUT_MPLANE
15824.430397,v4l2_qbuf,7,VIDEO_CAPTURE_MPLANE
15824.435143,v4l2_dqbuf,7,VIDEO_CAPTURE_MPLANE
15824.435385,v4l2_dqbuf,0,VIDEO_OUTPUT_MPLANE
15824.446708,v4l2_qbuf,0,VIDEO_OUTPUT_MPLANE
15824.446747,v4l2_qbuf,4,VIDEO_CAPTURE_MPLANE
15824.450048,v4l2_dqbuf,4,VIDEO_CAPTURE_MPLANE
15824.450188,v4l2_dqbuf,0,VIDEO_OUTPUT_MPLANE
15824.463734,v4l2_qbuf,0,VIDEO_OUTPUT_MPLANE
15824.463775,v4l2_qbuf,6,VIDEO_CAPTURE_MPLANE
15824.466074,v4l2_dqbuf,6,VIDEO_CAPTURE_MPLANE
15824.466090,v4l2_dqbuf,0,VIDEO_OUTPUT_MPLANE
15824.480270,v4l2_qbuf,0,VIDEO_OUTPUT_MPLANE
15824.480324,v4l2_qbuf,0,VIDEO_CAPTURE_MPLANE
15824.483752,v4l2_dqbuf,0,VIDEO_CAPTURE_MPLANE
15824.483938,v4l2_dqbuf,0,VIDEO_OUTPUT_MPLANE
15824.497081,v4l2_qbuf,0,VIDEO_OUTPUT_MPLANE
15824.497130,v4l2_qbuf,2,VIDEO_CAPTURE_MPLANE
15824.500399,v4l2_dqbuf,2,VIDEO_CAPTURE_MPLANE
15824.500597,v4l2_dqbuf,0,VIDEO_OUTPUT_MPLANE
15824.513476,v4l2_qbuf,0,VIDEO_OUTPUT_MPLANE
15824.513518,v4l2_qbuf,3,VIDEO_CAPTURE_MPLANE
15824.515838,v4l2_dqbuf,3,VIDEO_CAPTURE_MPLANE
15824.515864,v4l2_dqbuf,0,VIDEO_OUTPUT_MPLANE
15824.530808,v4l2_qbuf,0,VIDEO_OUTPUT_MPLANE
15824.530858,v4l2_qbuf,5,VIDEO_CAPTURE_MPLANE
15824.534294,v4l2_dqbuf,5,VIDEO_CAPTURE_MPLANE
15824.534464,v4l2_dqbuf,0,VIDEO_OUTPUT_MPLANE
15824.547098,v4l2_qbuf,0,VIDEO_OUTPUT_MPLANE
15824.547146,v4l2_qbuf,7,VIDEO_CAPTURE_MPLANE
15824.549275,v4l2_dqbuf,7,VIDEO_CAPTURE_MPLANE
15824.549297,v4l2_dqbuf,0,VIDEO_OUTPUT_MPLANE
15824.563397,v4l2_qbuf,0,VIDEO_OUTPUT_MPLANE
15824.563421,v4l2_qbuf,4,VIDEO_CAPTURE_MPLANE
15824.565599,v4l2_dqbuf,4,VIDEO_CAPTURE_MPLANE
15824.565617,v4l2_dqbuf,0,VIDEO_OUTPUT_MPLANE
15824.580039,v4l2_qbuf,0,VIDEO_OUTPUT_MPLANE
15824.580062,v4l2_qbuf,1,VIDEO_CAPTURE_MPLANE
15824.583095,v4l2_dqbuf,1,VIDEO_CAPTURE_MPLANE
15824.583239,v4l2_dqbuf,0,VIDEO_OUTPUT_MPLANE
15824.596792,v4l2_qbuf,0,VIDEO_OUTPUT_MPLANE
15824.596884,v4l2_qbuf,0,VIDEO_CAPTURE_MPLANE
15824.600031,v4l2_dqbuf,0,VIDEO_CAPTURE_MPLANE
15824.600183,v4l2_dqbuf,0,VIDEO_OUTPUT_MPLANE
15824.613577,v4l2_qbuf,0,VIDEO_OUTPUT_MPLANE
15824.613608,v4l2_qbuf,2,VIDEO_CAPTURE_MPLANE
15824.616733,v4l2_dqbuf,2,VIDEO_CAPTURE_MPLANE
15824.616860,v4l2_dqbuf,0,VIDEO_OUTPUT_MPLANE
15824.630098,v4l2_qbuf,0,VIDEO_OUTPUT_MPLANE
15824.630144,v4l2_qbuf,6,VIDEO_CAPTURE_MPLANE
15824.632444,v4l2_dqbuf,6,VIDEO_CAPTURE_MPLANE
15824.632474,v4l2_dqbuf,0,VIDEO_OUTPUT_MPLANE
15824.646966,v4l2_qbuf,0,VIDEO_OUTPUT_MPLANE
15824.646989,v4l2_qbuf,5,VIDEO_CAPTURE_MPLANE
15824.650903,v4l2_dqbuf,5,VIDEO_CAPTURE_MPLANE
15824.651181,v4l2_dqbuf,0,VIDEO_OUTPUT_MPLANE
15824.663716,v4l2_qbuf,0,VIDEO_OUTPUT_MPLANE
15824.663757,v4l2_qbuf,3,VIDEO_CAPTURE_MPLANE
15824.667040,v4l2_dqbuf,3,VIDEO_CAPTURE_MPLANE
15824.667201,v4l2_dqbuf,0,VIDEO_OUTPUT_MPLANE
15824.680101,v4l2_qbuf,0,VIDEO_OUTPUT_MPLANE
15824.680133,v4l2_qbuf,7,VIDEO_CAPTURE_MPLANE
15824.683403,v4l2_dqbuf,7,VIDEO_CAPTURE_MPLANE
15824.683506,v4l2_dqbuf,0,VIDEO_OUTPUT_MPLANE
15824.696764,v4l2_qbuf,0,VIDEO_OUTPUT_MPLANE
15824.696809,v4l2_qbuf,1,VIDEO_CAPTURE_MPLANE
15824.698984,v4l2_dqbuf,1,VIDEO_CAPTURE_MPLANE
15824.699017,v4l2_dqbuf,0,VIDEO_OUTPUT_MPLANE
15824.713432,v4l2_qbuf,0,VIDEO_OUTPUT_MPLANE
15824.713467,v4l2_qbuf,0,VIDEO_CAPTURE_MPLANE
15824.717498,v4l2_dqbuf,0,VIDEO_CAPTURE_MPLANE
15824.717758,v4l2_dqbuf,0,VIDEO_OUTPUT_MPLANE
15824.730550,v4l2_qbuf,0,VIDEO_OUTPUT_MPLANE
15824.730600,v4l2_qbuf,2,VIDEO_CAPTURE_MPLANE
15824.734496,v4l2_dqbuf,2,VIDEO_CAPTURE_MPLANE
15824.734870,v4l2_dqbuf,0,VIDEO_OUTPUT_MPLANE
15824.746928,v4l2_qbuf,0,VIDEO_OUTPUT_MPLANE
15824.746973,v4l2_qbuf,4,VIDEO_CAPTURE_MPLANE
15824.749268,v4l2_dqbuf,4,VIDEO_CAPTURE_MPLANE
15824.749308,v4l2_dqbuf,0,VIDEO_OUTPUT_MPLANE
15824.764071,v4l2_qbuf,0,VIDEO_OUTPUT_MPLANE
15824.764090,v4l2_qbuf,5,VIDEO_CAPTURE_MPLANE
15824.767401,v4l2_dqbuf,5,VIDEO_CAPTURE_MPLANE
15824.767504,v4l2_dqbuf,0,VIDEO_OUTPUT_MPLANE
15824.780238,v4l2_qbuf,0,VIDEO_OUTPUT_MPLANE
15824.780273,v4l2_qbuf,3,VIDEO_CAPTURE_MPLANE
15824.782648,v4l2_dqbuf,3,VIDEO_CAPTURE_MPLANE
15824.782681,v4l2_dqbuf,0,VIDEO_OUTPUT_MPLANE
15824.796811,v4l2_qbuf,0,VIDEO_OUTPUT_MPLANE
15824.796828,v4l2_qbuf,7,VIDEO_CAPTURE_MPLANE
15824.799984,v4l2_dqbuf,7,VIDEO_CAPTURE_MPLANE
15824.800062,v4l2_dqbuf,0,VIDEO_OUTPUT_MPLANE
15824.813621,v4l2_qbuf,0,VIDEO_OUTPUT_MPLANE
15824.813642,v4l2_qbuf,6,VIDEO_CAPTURE_MPLANE
15824.816918,v4l2_dqbuf,6,VIDEO_CAPTURE_MPLANE
15824.817065,v4l2_dqbuf,0,VIDEO_OUTPUT_MPLANE
15824.830265,v4l2_qbuf,0,VIDEO_OUTPUT_MPLANE
15824.830302,v4l2_qbuf,0,VIDEO_CAPTURE_MPLANE
15824.833730,v4l2_dqbuf,0,VIDEO_CAPTURE_MPLANE
15824.833834,v4l2_dqbuf,0,VIDEO_OUTPUT_MPLANE
15824.846766,v4l2_qbuf,0,VIDEO_OUTPUT_MPLANE
15824.846801,v4l2_qbuf,2,VIDEO_CAPTURE_MPLANE
15824.849805,v4l2_dqbuf,2,VIDEO_CAPTURE_MPLANE
15824.849820,v4l2_dqbuf,0,VIDEO_OUTPUT_MPLANE
15824.863267,v4l2_qbuf,0,VIDEO_OUTPUT_MPLANE
15824.863304,v4l2_qbuf,1,VIDEO_CAPTURE_MPLANE
15824.866413,v4l2_dqbuf,1,VIDEO_CAPTURE_MPLANE
15824.866541,v4l2_dqbuf,0,VIDEO_OUTPUT_MPLANE
15824.880285,v4l2_qbuf,0,VIDEO_OUTPUT_MPLANE
15824.880329,v4l2_qbuf,5,VIDEO_CAPTURE_MPLANE
15824.883701,v4l2_dqbuf,5,VIDEO_CAPTURE_MPLANE
15824.883846,v4l2_dqbuf,0,VIDEO_OUTPUT_MPLANE
15824.896824,v4l2_qbuf,0,VIDEO_OUTPUT_MPLANE
15824.896873,v4l2_qbuf,4,VIDEO_CAPTURE_MPLANE
15824.900070,v4l2_dqbuf,4,VIDEO_CAPTURE_MPLANE
15824.900243,v4l2_dqbuf,0,VIDEO_OUTPUT_MPLANE
15824.913892,v4l2_qbuf,0,VIDEO_OUTPUT_MPLANE
15824.913936,v4l2_qbuf,7,VIDEO_CAPTURE_MPLANE
15824.916357,v4l2_dqbuf,7,VIDEO_CAPTURE_MPLANE
15824.916385,v4l2_dqbuf,0,VIDEO_OUTPUT_MPLANE
15824.929811,v4l2_qbuf,0,VIDEO_OUTPUT_MPLANE
15824.929827,v4l2_qbuf,6,VIDEO_CAPTURE_MPLANE
15824.933709,v4l2_dqbuf,6,VIDEO_CAPTURE_MPLANE
15824.933831,v4l2_dqbuf,0,VIDEO_OUTPUT_MPLANE
15824.946416,v4l2_qbuf,0,VIDEO_OUTPUT_MPLANE
15824.946437,v4l2_qbuf,0,VIDEO_CAPTURE_MPLANE
15824.949481,v4l2_dqbuf,0,VIDEO_CAPTURE_MPLANE
15824.949609,v4l2_dqbuf,0,VIDEO_OUTPUT_MPLANE
15824.963362,v4l2_qbuf,0,VIDEO_OUTPUT_MPLANE
15824.963421,v4l2_qbuf,3,VIDEO_CAPTURE_MPLANE
15824.966586,v4l2_dqbuf,3,VIDEO_CAPTURE_MPLANE
15824.966729,v4l2_dqbuf,0,VIDEO_OUTPUT_MPLANE
15824.980063,v4l2_qbuf,0,VIDEO_OUTPUT_MPLANE
15824.980097,v4l2_qbuf,1,VIDEO_CAPTURE_MPLANE
15824.982235,v4l2_dqbuf,1,VIDEO_CAPTURE_MPLANE
15824.982256,v4l2_dqbuf,0,VIDEO_OUTPUT_MPLANE
15824.996534,v4l2_qbuf,0,VIDEO_OUTPUT_MPLANE
15824.996558,v4l2_qbuf,5,VIDEO_CAPTURE_MPLANE
15824.999695,v4l2_dqbuf,5,VIDEO_CAPTURE_MPLANE
15824.999778,v4l2_dqbuf,0,VIDEO_OUTPUT_MPLANE
15825.013462,v4l2_qbuf,0,VIDEO_OUTPUT_MPLANE
15825.013494,v4l2_qbuf,4,VIDEO_CAPTURE_MPLANE
15825.016709,v4l2_dqbuf,4,VIDEO_CAPTURE_MPLANE
15825.016826,v4l2_dqbuf,0,VIDEO_OUTPUT_MPLANE
15825.030053,v4l2_qbuf,0,VIDEO_OUTPUT_MPLANE
15825.030081,v4l2_qbuf,2,VIDEO_CAPTURE_MPLANE
15825.033312,v4l2_dqbuf,2,VIDEO_CAPTURE_MPLANE
15825.033537,v4l2_dqbuf,0,VIDEO_OUTPUT_MPLANE
15825.046785,v4l2_qbuf,0,VIDEO_OUTPUT_MPLANE
15825.046807,v4l2_qbuf,6,VIDEO_CAPTURE_MPLANE
15825.049138,v4l2_dqbuf,6,VIDEO_CAPTURE_MPLANE
15825.049158,v4l2_dqbuf,0,VIDEO_OUTPUT_MPLANE
15825.063854,v4l2_qbuf,0,VIDEO_OUTPUT_MPLANE
15825.063888,v4l2_qbuf,0,VIDEO_CAPTURE_MPLANE
15825.066991,v4l2_dqbuf,0,VIDEO_CAPTURE_MPLANE
15825.067088,v4l2_dqbuf,0,VIDEO_OUTPUT_MPLANE
15825.080034,v4l2_qbuf,0,VIDEO_OUTPUT_MPLANE
15825.080059,v4l2_qbuf,3,VIDEO_CAPTURE_MPLANE
15825.083178,v4l2_dqbuf,3,VIDEO_CAPTURE_MPLANE
15825.083262,v4l2_dqbuf,0,VIDEO_OUTPUT_MPLANE
15825.096894,v4l2_qbuf,0,VIDEO_OUTPUT_MPLANE
15825.096911,v4l2_qbuf,7,VIDEO_CAPTURE_MPLANE
15825.101539,v4l2_dqbuf,7,VIDEO_CAPTURE_MPLANE
15825.101665,v4l2_dqbuf,0,VIDEO_OUTPUT_MPLANE
15825.113298,v4l2_qbuf,0,VIDEO_OUTPUT_MPLANE
15825.113322,v4l2_qbuf,5,VIDEO_CAPTURE_MPLANE
15825.116432,v4l2_dqbuf,5,VIDEO_CAPTURE_MPLANE
15825.116453,v4l2_dqbuf,0,VIDEO_OUTPUT_MPLANE
15825.130352,v4l2_qbuf,0,VIDEO_OUTPUT_MPLANE
15825.130384,v4l2_qbuf,4,VIDEO_CAPTURE_MPLANE
15825.133468,v4l2_dqbuf,4,VIDEO_CAPTURE_MPLANE
15825.133590,v4l2_dqbuf,0,VIDEO_OUTPUT_MPLANE
15825.146898,v4l2_qbuf,0,VIDEO_OUTPUT_MPLANE
15825.146928,v4l2_qbuf,2,VIDEO_CAPTURE_MPLANE
15825.150077,v4l2_dqbuf,2,VIDEO_CAPTURE_MPLANE
15825.150213,v4l2_dqbuf,0,VIDEO_OUTPUT_MPLANE
15825.163316,v4l2_qbuf,0,VIDEO_OUTPUT_MPLANE
15825.163352,v4l2_qbuf,1,VIDEO_CAPTURE_MPLANE
15825.166914,v4l2_dqbuf,1,VIDEO_CAPTURE_MPLANE
15825.167420,v4l2_dqbuf,0,VIDEO_OUTPUT_MPLANE
15825.180189,v4l2_qbuf,0,VIDEO_OUTPUT_MPLANE
15825.180237,v4l2_qbuf,0,VIDEO_CAPTURE_MPLANE
15825.182741,v4l2_dqbuf,0,VIDEO_CAPTURE_MPLANE
15825.182775,v4l2_dqbuf,0,VIDEO_OUTPUT_MPLANE
15825.196586,v4l2_qbuf,0,VIDEO_OUTPUT_MPLANE
15825.196602,v4l2_qbuf,3,VIDEO_CAPTURE_MPLANE
15825.199793,v4l2_dqbuf,3,VIDEO_CAPTURE_MPLANE
15825.199861,v4l2_dqbuf,0,VIDEO_OUTPUT_MPLANE
15825.213275,v4l2_qbuf,0,VIDEO_OUTPUT_MPLANE
15825.213291,v4l2_qbuf,7,VIDEO_CAPTURE_MPLANE
15825.216350,v4l2_dqbuf,7,VIDEO_CAPTURE_MPLANE
15825.216421,v4l2_dqbuf,0,VIDEO_OUTPUT_MPLANE
15825.229819,v4l2_qbuf,0,VIDEO_OUTPUT_MPLANE
15825.229835,v4l2_qbuf,6,VIDEO_CAPTURE_MPLANE
15825.232856,v4l2_dqbuf,6,VIDEO_CAPTURE_MPLANE
15825.232931,v4l2_dqbuf,0,VIDEO_OUTPUT_MPLANE
15825.246659,v4l2_qbuf,0,VIDEO_OUTPUT_MPLANE
15825.246675,v4l2_qbuf,4,VIDEO_CAPTURE_MPLANE
15825.248806,v4l2_dqbuf,4,VIDEO_CAPTURE_MPLANE
15825.248819,v4l2_dqbuf,0,VIDEO_OUTPUT_MPLANE
15825.263240,v4l2_qbuf,0,VIDEO_OUTPUT_MPLANE
15825.263263,v4l2_qbuf,2,VIDEO_CAPTURE_MPLANE
15825.267336,v4l2_dqbuf,2,VIDEO_CAPTURE_MPLANE
15825.267458,v4l2_dqbuf,0,VIDEO_OUTPUT_MPLANE
15825.279950,v4l2_qbuf,0,VIDEO_OUTPUT_MPLANE
15825.279996,v4l2_qbuf,1,VIDEO_CAPTURE_MPLANE
15825.283035,v4l2_dqbuf,1,VIDEO_CAPTURE_MPLANE
15825.283127,v4l2_dqbuf,0,VIDEO_OUTPUT_MPLANE
15825.296437,v4l2_qbuf,0,VIDEO_OUTPUT_MPLANE
15825.296456,v4l2_qbuf,5,VIDEO_CAPTURE_MPLANE
15825.299482,v4l2_dqbuf,5,VIDEO_CAPTURE_MPLANE
15825.299567,v4l2_dqbuf,0,VIDEO_OUTPUT_MPLANE
15825.313186,v4l2_qbuf,0,VIDEO_OUTPUT_MPLANE
15825.313207,v4l2_qbuf,3,VIDEO_CAPTURE_MPLANE
15825.315475,v4l2_dqbuf,3,VIDEO_CAPTURE_MPLANE
15825.315492,v4l2_dqbuf,0,VIDEO_OUTPUT_MPLANE
15825.330233,v4l2_qbuf,0,VIDEO_OUTPUT_MPLANE
15825.330265,v4l2_qbuf,7,VIDEO_CAPTURE_MPLANE
15825.333460,v4l2_dqbuf,7,VIDEO_CAPTURE_MPLANE
15825.333613,v4l2_dqbuf,0,VIDEO_OUTPUT_MPLANE
15825.347077,v4l2_qbuf,0,VIDEO_OUTPUT_MPLANE
15825.347113,v4l2_qbuf,6,VIDEO_CAPTURE_MPLANE
15825.350742,v4l2_dqbuf,6,VIDEO_CAPTURE_MPLANE
15825.350867,v4l2_dqbuf,0,VIDEO_OUTPUT_MPLANE
15825.363459,v4l2_qbuf,0,VIDEO_OUTPUT_MPLANE
15825.363476,v4l2_qbuf,0,VIDEO_CAPTURE_MPLANE
15825.365737,v4l2_dqbuf,0,VIDEO_CAPTURE_MPLANE
15825.365757,v4l2_dqbuf,0,VIDEO_OUTPUT_MPLANE
15825.380197,v4l2_qbuf,0,VIDEO_OUTPUT_MPLANE
15825.380218,v4l2_qbuf,2,VIDEO_CAPTURE_MPLANE
15825.383542,v4l2_dqbuf,2,VIDEO_CAPTURE_MPLANE
15825.383728,v4l2_dqbuf,0,VIDEO_OUTPUT_MPLANE
15825.397153,v4l2_qbuf,0,VIDEO_OUTPUT_MPLANE
15825.397194,v4l2_qbuf,1,VIDEO_CAPTURE_MPLANE
15825.400564,v4l2_dqbuf,1,VIDEO_CAPTURE_MPLANE
15825.400777,v4l2_dqbuf,0,VIDEO_OUTPUT_MPLANE
15825.413312,v4l2_qbuf,0,VIDEO_OUTPUT_MPLANE
15825.413334,v4l2_qbuf,5,VIDEO_CAPTURE_MPLANE
15825.416632,v4l2_dqbuf,5,VIDEO_CAPTURE_MPLANE
15825.416729,v4l2_dqbuf,0,VIDEO_OUTPUT_MPLANE
15825.430438,v4l2_qbuf,0,VIDEO_OUTPUT_MPLANE
15825.430461,v4l2_qbuf,4,VIDEO_CAPTURE_MPLANE
15825.432723,v4l2_dqbuf,4,VIDEO_CAPTURE_MPLANE
15825.432746,v4l2_dqbuf,0,VIDEO_OUTPUT_MPLANE
15825.447186,v4l2_qbuf,0,VIDEO_OUTPUT_MPLANE
15825.447230,v4l2_qbuf,7,VIDEO_CAPTURE_MPLANE
15825.450431,v4l2_dqbuf,7,VIDEO_CAPTURE_MPLANE
15825.450537,v4l2_dqbuf,0,VIDEO_OUTPUT_MPLANE
15825.463567,v4l2_qbuf,0,VIDEO_OUTPUT_MPLANE
15825.463589,v4l2_qbuf,6,VIDEO_CAPTURE_MPLANE
15825.466701,v4l2_dqbuf,6,VIDEO_CAPTURE_MPLANE
15825.466784,v4l2_dqbuf,0,VIDEO_OUTPUT_MPLANE
15825.480145,v4l2_qbuf,0,VIDEO_OUTPUT_MPLANE
15825.480169,v4l2_qbuf,3,VIDEO_CAPTURE_MPLANE
15825.482503,v4l2_dqbuf,3,VIDEO_CAPTURE_MPLANE
15825.482522,v4l2_dqbuf,0,VIDEO_OUTPUT_MPLANE
15825.496657,v4l2_qbuf,0,VIDEO_OUTPUT_MPLANE
15825.496680,v4l2_qbuf,2,VIDEO_CAPTURE_MPLANE
15825.499865,v4l2_dqbuf,2,VIDEO_CAPTURE_MPLANE
15825.499954,v4l2_dqbuf,0,VIDEO_OUTPUT_MPLANE
15825.513885,v4l2_qbuf,0,VIDEO_OUTPUT_MPLANE
15825.513910,v4l2_qbuf,1,VIDEO_CAPTURE_MPLANE
15825.516988,v4l2_dqbuf,1,VIDEO_CAPTURE_MPLANE
15825.517090,v4l2_dqbuf,0,VIDEO_OUTPUT_MPLANE
15825.530167,v4l2_qbuf,0,VIDEO_OUTPUT_MPLANE
15825.530193,v4l2_qbuf,5,VIDEO_CAPTURE_MPLANE
15825.533481,v4l2_dqbuf,5,VIDEO_CAPTURE_MPLANE
15825.533619,v4l2_dqbuf,0,VIDEO_OUTPUT_MPLANE
15825.547098,v4l2_qbuf,0,VIDEO_OUTPUT_MPLANE
15825.547120,v4l2_qbuf,0,VIDEO_CAPTURE_MPLANE
15825.549875,v4l2_dqbuf,0,VIDEO_CAPTURE_MPLANE
15825.549893,v4l2_dqbuf,0,VIDEO_OUTPUT_MPLANE
15825.563622,v4l2_qbuf,0,VIDEO_OUTPUT_MPLANE
15825.563647,v4l2_qbuf,7,VIDEO_CAPTURE_MPLANE
15825.565885,v4l2_dqbuf,7,VIDEO_CAPTURE_MPLANE
15825.565902,v4l2_dqbuf,0,VIDEO_OUTPUT_MPLANE
15825.580431,v4l2_qbuf,0,VIDEO_OUTPUT_MPLANE
15825.580454,v4l2_qbuf,6,VIDEO_CAPTURE_MPLANE
15825.583757,v4l2_dqbuf,6,VIDEO_CAPTURE_MPLANE
15825.583874,v4l2_dqbuf,0,VIDEO_OUTPUT_MPLANE
15825.596851,v4l2_qbuf,0,VIDEO_OUTPUT_MPLANE
15825.596873,v4l2_qbuf,4,VIDEO_CAPTURE_MPLANE
15825.600211,v4l2_dqbuf,4,VIDEO_CAPTURE_MPLANE
15825.600312,v4l2_dqbuf,0,VIDEO_OUTPUT_MPLANE
15825.613676,v4l2_qbuf,0,VIDEO_OUTPUT_MPLANE
15825.613717,v4l2_qbuf,2,VIDEO_CAPTURE_MPLANE
15825.615896,v4l2_dqbuf,2,VIDEO_CAPTURE_MPLANE
15825.615911,v4l2_dqbuf,0,VIDEO_OUTPUT_MPLANE
15825.630035,v4l2_qbuf,0,VIDEO_OUTPUT_MPLANE
15825.630058,v4l2_qbuf,1,VIDEO_CAPTURE_MPLANE
15825.635050,v4l2_dqbuf,1,VIDEO_CAPTURE_MPLANE
15825.635182,v4l2_dqbuf,0,VIDEO_OUTPUT_MPLANE
15825.646946,v4l2_qbuf,0,VIDEO_OUTPUT_MPLANE
15825.646971,v4l2_qbuf,5,VIDEO_CAPTURE_MPLANE
15825.650140,v4l2_dqbuf,5,VIDEO_CAPTURE_MPLANE
15825.650250,v4l2_dqbuf,0,VIDEO_OUTPUT_MPLANE
15825.663465,v4l2_qbuf,0,VIDEO_OUTPUT_MPLANE
15825.663486,v4l2_qbuf,3,VIDEO_CAPTURE_MPLANE
15825.666634,v4l2_dqbuf,3,VIDEO_CAPTURE_MPLANE
15825.666721,v4l2_dqbuf,0,VIDEO_OUTPUT_MPLANE
15825.680200,v4l2_qbuf,0,VIDEO_OUTPUT_MPLANE
15825.680235,v4l2_qbuf,0,VIDEO_CAPTURE_MPLANE
15825.682474,v4l2_dqbuf,0,VIDEO_CAPTURE_MPLANE
15825.682491,v4l2_dqbuf,0,VIDEO_OUTPUT_MPLANE
15825.696995,v4l2_qbuf,0,VIDEO_OUTPUT_MPLANE
15825.697083,v4l2_qbuf,6,VIDEO_CAPTURE_MPLANE
15825.700452,v4l2_dqbuf,6,VIDEO_CAPTURE_MPLANE
15825.700649,v4l2_dqbuf,0,VIDEO_OUTPUT_MPLANE
15825.713655,v4l2_qbuf,0,VIDEO_OUTPUT_MPLANE
15825.713683,v4l2_qbuf,4,VIDEO_CAPTURE_MPLANE
15825.716043,v4l2_dqbuf,4,VIDEO_CAPTURE_MPLANE
15825.716099,v4l2_dqbuf,0,VIDEO_OUTPUT_MPLANE
15825.730648,v4l2_qbuf,0,VIDEO_OUTPUT_MPLANE
15825.730748,v4l2_qbuf,7,VIDEO_CAPTURE_MPLANE
15825.734453,v4l2_dqbuf,7,VIDEO_CAPTURE_MPLANE
15825.734600,v4l2_dqbuf,0,VIDEO_OUTPUT_MPLANE
15825.746910,v4l2_qbuf,0,VIDEO_OUTPUT_MPLANE
15825.746977,v4l2_qbuf,1,VIDEO_CAPTURE_MPLANE
15825.750237,v4l2_dqbuf,1,VIDEO_CAPTURE_MPLANE
15825.750424,v4l2_dqbuf,0,VIDEO_OUTPUT_MPLANE
15825.763727,v4l2_qbuf,0,VIDEO_OUTPUT_MPLANE
15825.763800,v4l2_qbuf,5,VIDEO_CAPTURE_MPLANE
15825.766940,v4l2_dqbuf,5,VIDEO_CAPTURE_MPLANE
15825.767039,v4l2_dqbuf,0,VIDEO_OUTPUT_MPLANE
15825.780167,v4l2_qbuf,0,VIDEO_OUTPUT_MPLANE
15825.780190,v4l2_qbuf,3,VIDEO_CAPTURE_MPLANE
15825.782450,v4l2_dqbuf,3,VIDEO_CAPTURE_MPLANE
15825.782490,v4l2_dqbuf,0,VIDEO_OUTPUT_MPLANE
15825.796641,v4l2_qbuf,0,VIDEO_OUTPUT_MPLANE
15825.796664,v4l2_qbuf,2,VIDEO_CAPTURE_MPLANE
15825.800028,v4l2_dqbuf,2,VIDEO_CAPTURE_MPLANE
15825.800166,v4l2_dqbuf,0,VIDEO_OUTPUT_MPLANE
15825.813694,v4l2_qbuf,0,VIDEO_OUTPUT_MPLANE
15825.813718,v4l2_qbuf,6,VIDEO_CAPTURE_MPLANE
15825.817026,v4l2_dqbuf,6,VIDEO_CAPTURE_MPLANE
15825.817118,v4l2_dqbuf,0,VIDEO_OUTPUT_MPLANE
15825.830287,v4l2_qbuf,0,VIDEO_OUTPUT_MPLANE
15825.830310,v4l2_qbuf,0,VIDEO_CAPTURE_MPLANE
15825.834756,v4l2_dqbuf,0,VIDEO_CAPTURE_MPLANE
15825.834890,v4l2_dqbuf,0,VIDEO_OUTPUT_MPLANE
15825.846625,v4l2_qbuf,0,VIDEO_OUTPUT_MPLANE
15825.846654,v4l2_qbuf,7,VIDEO_CAPTURE_MPLANE
15825.849937,v4l2_dqbuf,7,VIDEO_CAPTURE_MPLANE
15825.849959,v4l2_dqbuf,0,VIDEO_OUTPUT_MPLANE
15825.863814,v4l2_qbuf,0,VIDEO_OUTPUT_MPLANE
15825.863866,v4l2_qbuf,1,VIDEO_CAPTURE_MPLANE
15825.867053,v4l2_dqbuf,1,VIDEO_CAPTURE_MPLANE
15825.867240,v4l2_dqbuf,0,VIDEO_OUTPUT_MPLANE
15825.880322,v4l2_qbuf,0,VIDEO_OUTPUT_MPLANE
15825.880372,v4l2_qbuf,5,VIDEO_CAPTURE_MPLANE
15825.883780,v4l2_dqbuf,5,VIDEO_CAPTURE_MPLANE
15825.883967,v4l2_dqbuf,0,VIDEO_OUTPUT_MPLANE
15825.897331,v4l2_qbuf,0,VIDEO_OUTPUT_MPLANE
15825.897382,v4l2_qbuf,4,VIDEO_CAPTURE_MPLANE
15825.900680,v4l2_dqbuf,4,VIDEO_CAPTURE_MPLANE
15825.900881,v4l2_dqbuf,0,VIDEO_OUTPUT_MPLANE
15825.913862,v4l2_qbuf,0,VIDEO_OUTPUT_MPLANE
15825.913915,v4l2_qbuf,2,VIDEO_CAPTURE_MPLANE
15825.916179,v4l2_dqbuf,2,VIDEO_CAPTURE_MPLANE
15825.916216,v4l2_dqbuf,0,VIDEO_OUTPUT_MPLANE
15825.930640,v4l2_qbuf,0,VIDEO_OUTPUT_MPLANE
15825.930690,v4l2_qbuf,6,VIDEO_CAPTURE_MPLANE
15825.937143,v4l2_dqbuf,6,VIDEO_CAPTURE_MPLANE
15825.937345,v4l2_dqbuf,0,VIDEO_OUTPUT_MPLANE
15825.946777,v4l2_qbuf,0,VIDEO_OUTPUT_MPLANE
15825.946829,v4l2_qbuf,0,VIDEO_CAPTURE_MPLANE
15825.950328,v4l2_dqbuf,0,VIDEO_CAPTURE_MPLANE
15825.950451,v4l2_dqbuf,0,VIDEO_OUTPUT_MPLANE
15825.963436,v4l2_qbuf,0,VIDEO_OUTPUT_MPLANE
15825.963459,v4l2_qbuf,3,VIDEO_CAPTURE_MPLANE
15825.966660,v4l2_dqbuf,3,VIDEO_CAPTURE_MPLANE
15825.966804,v4l2_dqbuf,0,VIDEO_OUTPUT_MPLANE
15825.980282,v4l2_qbuf,0,VIDEO_OUTPUT_MPLANE
15825.980320,v4l2_qbuf,1,VIDEO_CAPTURE_MPLANE
15825.982794,v4l2_dqbuf,1,VIDEO_CAPTURE_MPLANE
15825.982829,v4l2_dqbuf,0,VIDEO_OUTPUT_MPLANE
15825.996954,v4l2_qbuf,0,VIDEO_OUTPUT_MPLANE
15825.997075,v4l2_qbuf,5,VIDEO_CAPTURE_MPLANE
15826.000487,v4l2_dqbuf,5,VIDEO_CAPTURE_MPLANE
15826.000685,v4l2_dqbuf,0,VIDEO_OUTPUT_MPLANE
15826.013448,v4l2_qbuf,0,VIDEO_OUTPUT_MPLANE
15826.013465,v4l2_qbuf,4,VIDEO_CAPTURE_MPLANE
15826.016548,v4l2_dqbuf,4,VIDEO_CAPTURE_MPLANE
15826.016620,v4l2_dqbuf,0,VIDEO_OUTPUT_MPLANE
15826.030235,v4l2_qbuf,0,VIDEO_OUTPUT_MPLANE
15826.030286,v4l2_qbuf,7,VIDEO_CAPTURE_MPLANE
15826.035415,v4l2_dqbuf,7,VIDEO_CAPTURE_MPLANE
15826.035563,v4l2_dqbuf,0,VIDEO_OUTPUT_MPLANE
15826.047176,v4l2_qbuf,0,VIDEO_OUTPUT_MPLANE
15826.047215,v4l2_qbuf,6,VIDEO_CAPTURE_MPLANE
15826.049669,v4l2_dqbuf,6,VIDEO_CAPTURE_MPLANE
15826.049752,v4l2_dqbuf,0,VIDEO_OUTPUT_MPLANE
15826.063572,v4l2_qbuf,0,VIDEO_OUTPUT_MPLANE
15826.063596,v4l2_qbuf,0,VIDEO_CAPTURE_MPLANE
15826.066771,v4l2_dqbuf,0,VIDEO_CAPTURE_MPLANE
15826.066865,v4l2_dqbuf,0,VIDEO_OUTPUT_MPLANE
15826.080366,v4l2_qbuf,0,VIDEO_OUTPUT_MPLANE
15826.080422,v4l2_qbuf,3,VIDEO_CAPTURE_MPLANE
15826.083638,v4l2_dqbuf,3,VIDEO_CAPTURE_MPLANE
15826.083735,v4l2_dqbuf,0,VIDEO_OUTPUT_MPLANE
15826.096516,v4l2_qbuf,0,VIDEO_OUTPUT_MPLANE
15826.096538,v4l2_qbuf,2,VIDEO_CAPTURE_MPLANE
15826.099828,v4l2_dqbuf,2,VIDEO_CAPTURE_MPLANE
15826.099934,v4l2_dqbuf,0,VIDEO_OUTPUT_MPLANE
15826.113137,v4l2_qbuf,0,VIDEO_OUTPUT_MPLANE
15826.113158,v4l2_qbuf,5,VIDEO_CAPTURE_MPLANE
15826.115342,v4l2_dqbuf,5,VIDEO_CAPTURE_MPLANE
15826.115357,v4l2_dqbuf,0,VIDEO_OUTPUT_MPLANE
15826.130129,v4l2_qbuf,0,VIDEO_OUTPUT_MPLANE
15826.130151,v4l2_qbuf,4,VIDEO_CAPTURE_MPLANE
15826.133300,v4l2_dqbuf,4,VIDEO_CAPTURE_MPLANE
15826.133376,v4l2_dqbuf,0,VIDEO_OUTPUT_MPLANE
15826.146791,v4l2_qbuf,0,VIDEO_OUTPUT_MPLANE
15826.146816,v4l2_qbuf,7,VIDEO_CAPTURE_MPLANE
15826.151145,v4l2_dqbuf,7,VIDEO_CAPTURE_MPLANE
15826.151262,v4l2_dqbuf,0,VIDEO_OUTPUT_MPLANE
15826.163511,v4l2_qbuf,0,VIDEO_OUTPUT_MPLANE
15826.163534,v4l2_qbuf,1,VIDEO_CAPTURE_MPLANE
15826.166827,v4l2_dqbuf,1,VIDEO_CAPTURE_MPLANE
15826.166936,v4l2_dqbuf,0,VIDEO_OUTPUT_MPLANE
15826.180342,v4l2_qbuf,0,VIDEO_OUTPUT_MPLANE
15826.180359,v4l2_qbuf,0,VIDEO_CAPTURE_MPLANE
15826.182523,v4l2_dqbuf,0,VIDEO_CAPTURE_MPLANE
15826.182560,v4l2_dqbuf,0,VIDEO_OUTPUT_MPLANE
15826.196812,v4l2_qbuf,0,VIDEO_OUTPUT_MPLANE
15826.196867,v4l2_qbuf,3,VIDEO_CAPTURE_MPLANE
15826.200297,v4l2_dqbuf,3,VIDEO_CAPTURE_MPLANE
15826.200518,v4l2_dqbuf,0,VIDEO_OUTPUT_MPLANE
15826.213804,v4l2_qbuf,0,VIDEO_OUTPUT_MPLANE
15826.213856,v4l2_qbuf,2,VIDEO_CAPTURE_MPLANE
15826.217277,v4l2_dqbuf,2,VIDEO_CAPTURE_MPLANE
15826.217429,v4l2_dqbuf,0,VIDEO_OUTPUT_MPLANE
15826.230031,v4l2_qbuf,0,VIDEO_OUTPUT_MPLANE
15826.230052,v4l2_qbuf,6,VIDEO_CAPTURE_MPLANE
15826.233307,v4l2_dqbuf,6,VIDEO_CAPTURE_MPLANE
15826.233481,v4l2_dqbuf,0,VIDEO_OUTPUT_MPLANE
15826.246930,v4l2_qbuf,0,VIDEO_OUTPUT_MPLANE
15826.246953,v4l2_qbuf,4,VIDEO_CAPTURE_MPLANE
15826.249266,v4l2_dqbuf,4,VIDEO_CAPTURE_MPLANE
15826.249283,v4l2_dqbuf,0,VIDEO_OUTPUT_MPLANE
15826.263401,v4l2_qbuf,0,VIDEO_OUTPUT_MPLANE
15826.263426,v4l2_qbuf,7,VIDEO_CAPTURE_MPLANE
15826.266722,v4l2_dqbuf,7,VIDEO_CAPTURE_MPLANE
15826.266846,v4l2_dqbuf,0,VIDEO_OUTPUT_MPLANE
15826.280391,v4l2_qbuf,0,VIDEO_OUTPUT_MPLANE
15826.280445,v4l2_qbuf,1,VIDEO_CAPTURE_MPLANE
15826.283775,v4l2_dqbuf,1,VIDEO_CAPTURE_MPLANE
15826.283972,v4l2_dqbuf,0,VIDEO_OUTPUT_MPLANE
15826.297292,v4l2_qbuf,0,VIDEO_OUTPUT_MPLANE
15826.297334,v4l2_qbuf,5,VIDEO_CAPTURE_MPLANE
15826.300421,v4l2_dqbuf,5,VIDEO_CAPTURE_MPLANE
15826.300578,v4l2_dqbuf,0,VIDEO_OUTPUT_MPLANE
15826.313124,v4l2_qbuf,0,VIDEO_OUTPUT_MPLANE
15826.313144,v4l2_qbuf,3,VIDEO_CAPTURE_MPLANE
15826.315279,v4l2_dqbuf,3,VIDEO_CAPTURE_MPLANE
15826.315313,v4l2_dqbuf,0,VIDEO_OUTPUT_MPLANE
15826.329899,v4l2_qbuf,0,VIDEO_OUTPUT_MPLANE
15826.329921,v4l2_qbuf,2,VIDEO_CAPTURE_MPLANE
15826.332973,v4l2_dqbuf,2,VIDEO_CAPTURE_MPLANE
15826.333126,v4l2_dqbuf,0,VIDEO_OUTPUT_MPLANE
15826.346783,v4l2_qbuf,0,VIDEO_OUTPUT_MPLANE
15826.346823,v4l2_qbuf,6,VIDEO_CAPTURE_MPLANE
15826.350154,v4l2_dqbuf,6,VIDEO_CAPTURE_MPLANE
15826.350379,v4l2_dqbuf,0,VIDEO_OUTPUT_MPLANE
15826.363088,v4l2_qbuf,0,VIDEO_OUTPUT_MPLANE
15826.363105,v4l2_qbuf,0,VIDEO_CAPTURE_MPLANE
15826.366221,v4l2_dqbuf,0,VIDEO_CAPTURE_MPLANE
15826.366338,v4l2_dqbuf,0,VIDEO_OUTPUT_MPLANE
15826.379897,v4l2_qbuf,0,VIDEO_OUTPUT_MPLANE
15826.379913,v4l2_qbuf,7,VIDEO_CAPTURE_MPLANE
15826.382114,v4l2_dqbuf,7,VIDEO_CAPTURE_MPLANE
15826.382148,v4l2_dqbuf,0,VIDEO_OUTPUT_MPLANE
15826.396597,v4l2_qbuf,0,VIDEO_OUTPUT_MPLANE
15826.396620,v4l2_qbuf,1,VIDEO_CAPTURE_MPLANE
15826.399694,v4l2_dqbuf,1,VIDEO_CAPTURE_MPLANE
15826.399858,v4l2_dqbuf,0,VIDEO_OUTPUT_MPLANE
15826.413515,v4l2_qbuf,0,VIDEO_OUTPUT_MPLANE
15826.413570,v4l2_qbuf,5,VIDEO_CAPTURE_MPLANE
15826.416698,v4l2_dqbuf,5,VIDEO_CAPTURE_MPLANE
15826.416769,v4l2_dqbuf,0,VIDEO_OUTPUT_MPLANE
15826.429894,v4l2_qbuf,0,VIDEO_OUTPUT_MPLANE
15826.429916,v4l2_qbuf,4,VIDEO_CAPTURE_MPLANE
15826.432982,v4l2_dqbuf,4,VIDEO_CAPTURE_MPLANE
15826.433088,v4l2_dqbuf,0,VIDEO_OUTPUT_MPLANE
15826.446724,v4l2_qbuf,0,VIDEO_OUTPUT_MPLANE
15826.446748,v4l2_qbuf,2,VIDEO_CAPTURE_MPLANE
15826.448866,v4l2_dqbuf,2,VIDEO_CAPTURE_MPLANE
15826.450383,v4l2_dqbuf,0,VIDEO_OUTPUT_MPLANE
15826.463317,v4l2_qbuf,0,VIDEO_OUTPUT_MPLANE
15826.463529,v4l2_qbuf,6,VIDEO_CAPTURE_MPLANE
15826.466713,v4l2_dqbuf,6,VIDEO_CAPTURE_MPLANE
15826.466898,v4l2_dqbuf,0,VIDEO_OUTPUT_MPLANE
15826.480246,v4l2_qbuf,0,VIDEO_OUTPUT_MPLANE
15826.480268,v4l2_qbuf,0,VIDEO_CAPTURE_MPLANE
15826.483217,v4l2_dqbuf,0,VIDEO_CAPTURE_MPLANE
15826.483292,v4l2_dqbuf,0,VIDEO_OUTPUT_MPLANE
15826.496755,v4l2_qbuf,0,VIDEO_OUTPUT_MPLANE
15826.496778,v4l2_qbuf,3,VIDEO_CAPTURE_MPLANE
15826.499859,v4l2_dqbuf,3,VIDEO_CAPTURE_MPLANE
15826.499952,v4l2_dqbuf,0,VIDEO_OUTPUT_MPLANE
15826.513361,v4l2_qbuf,0,VIDEO_OUTPUT_MPLANE
15826.513384,v4l2_qbuf,1,VIDEO_CAPTURE_MPLANE
15826.515650,v4l2_dqbuf,1,VIDEO_CAPTURE_MPLANE
15826.515664,v4l2_dqbuf,0,VIDEO_OUTPUT_MPLANE
15826.529942,v4l2_qbuf,0,VIDEO_OUTPUT_MPLANE
15826.529965,v4l2_qbuf,5,VIDEO_CAPTURE_MPLANE
15826.536146,v4l2_dqbuf,5,VIDEO_CAPTURE_MPLANE
15826.536450,v4l2_dqbuf,0,VIDEO_OUTPUT_MPLANE
15826.547097,v4l2_qbuf,0,VIDEO_OUTPUT_MPLANE
15826.547139,v4l2_qbuf,4,VIDEO_CAPTURE_MPLANE
15826.550092,v4l2_dqbuf,4,VIDEO_CAPTURE_MPLANE
15826.550110,v4l2_dqbuf,0,VIDEO_OUTPUT_MPLANE
15826.563495,v4l2_qbuf,0,VIDEO_OUTPUT_MPLANE
15826.563516,v4l2_qbuf,7,VIDEO_CAPTURE_MPLANE
15826.565626,v4l2_dqbuf,7,VIDEO_CAPTURE_MPLANE
15826.565650,v4l2_dqbuf,0,VIDEO_OUTPUT_MPLANE
15826.580275,v4l2_qbuf,0,VIDEO_OUTPUT_MPLANE
15826.580321,v4l2_qbuf,6,VIDEO_CAPTURE_MPLANE
15826.583684,v4l2_dqbuf,6,VIDEO_CAPTURE_MPLANE
15826.583849,v4l2_dqbuf,0,VIDEO_OUTPUT_MPLANE
15826.597062,v4l2_qbuf,0,VIDEO_OUTPUT_MPLANE
15826.597085,v4l2_qbuf,0,VIDEO_CAPTURE_MPLANE
15826.600335,v4l2_dqbuf,0,VIDEO_CAPTURE_MPLANE
15826.600429,v4l2_dqbuf,0,VIDEO_OUTPUT_MPLANE
15826.613163,v4l2_qbuf,0,VIDEO_OUTPUT_MPLANE
15826.613185,v4l2_qbuf,3,VIDEO_CAPTURE_MPLANE
15826.616341,v4l2_dqbuf,3,VIDEO_CAPTURE_MPLANE
15826.616517,v4l2_dqbuf,0,VIDEO_OUTPUT_MPLANE
15826.630684,v4l2_qbuf,0,VIDEO_OUTPUT_MPLANE
15826.630707,v4l2_qbuf,2,VIDEO_CAPTURE_MPLANE
15826.633083,v4l2_dqbuf,2,VIDEO_CAPTURE_MPLANE
15826.633122,v4l2_dqbuf,0,VIDEO_OUTPUT_MPLANE
15826.646698,v4l2_qbuf,0,VIDEO_OUTPUT_MPLANE
15826.646746,v4l2_qbuf,5,VIDEO_CAPTURE_MPLANE
15826.650224,v4l2_dqbuf,5,VIDEO_CAPTURE_MPLANE
15826.650444,v4l2_dqbuf,0,VIDEO_OUTPUT_MPLANE
15826.663487,v4l2_qbuf,0,VIDEO_OUTPUT_MPLANE
15826.663518,v4l2_qbuf,1,VIDEO_CAPTURE_MPLANE
15826.666740,v4l2_dqbuf,1,VIDEO_CAPTURE_MPLANE
15826.666870,v4l2_dqbuf,0,VIDEO_OUTPUT_MPLANE
15826.679889,v4l2_qbuf,0,VIDEO_OUTPUT_MPLANE
15826.679924,v4l2_qbuf,4,VIDEO_CAPTURE_MPLANE
15826.683128,v4l2_dqbuf,4,VIDEO_CAPTURE_MPLANE
15826.683266,v4l2_dqbuf,0,VIDEO_OUTPUT_MPLANE
15826.696691,v4l2_qbuf,0,VIDEO_OUTPUT_MPLANE
15826.696727,v4l2_qbuf,6,VIDEO_CAPTURE_MPLANE
15826.698914,v4l2_dqbuf,6,VIDEO_CAPTURE_MPLANE
15826.698937,v4l2_dqbuf,0,VIDEO_OUTPUT_MPLANE
15826.713319,v4l2_qbuf,0,VIDEO_OUTPUT_MPLANE
15826.713341,v4l2_qbuf,0,VIDEO_CAPTURE_MPLANE
15826.717250,v4l2_dqbuf,0,VIDEO_CAPTURE_MPLANE
15826.717346,v4l2_dqbuf,0,VIDEO_OUTPUT_MPLANE
15826.729945,v4l2_qbuf,0,VIDEO_OUTPUT_MPLANE
15826.729979,v4l2_qbuf,3,VIDEO_CAPTURE_MPLANE
15826.733188,v4l2_dqbuf,3,VIDEO_CAPTURE_MPLANE
15826.733343,v4l2_dqbuf,0,VIDEO_OUTPUT_MPLANE
15826.746973,v4l2_qbuf,0,VIDEO_OUTPUT_MPLANE
15826.747057,v4l2_qbuf,7,VIDEO_CAPTURE_MPLANE
15826.750187,v4l2_dqbuf,7,VIDEO_CAPTURE_MPLANE
15826.750427,v4l2_dqbuf,0,VIDEO_OUTPUT_MPLANE
15826.763251,v4l2_qbuf,0,VIDEO_OUTPUT_MPLANE
15826.763369,v4l2_qbuf,5,VIDEO_CAPTURE_MPLANE
15826.765698,v4l2_dqbuf,5,VIDEO_CAPTURE_MPLANE
15826.765734,v4l2_dqbuf,0,VIDEO_OUTPUT_MPLANE
15826.780132,v4l2_qbuf,0,VIDEO_OUTPUT_MPLANE
15826.780155,v4l2_qbuf,1,VIDEO_CAPTURE_MPLANE
15826.783368,v4l2_dqbuf,1,VIDEO_CAPTURE_MPLANE
15826.783456,v4l2_dqbuf,0,VIDEO_OUTPUT_MPLANE
15826.796854,v4l2_qbuf,0,VIDEO_OUTPUT_MPLANE
15826.796893,v4l2_qbuf,4,VIDEO_CAPTURE_MPLANE
15826.801532,v4l2_dqbuf,4,VIDEO_CAPTURE_MPLANE
15826.801664,v4l2_dqbuf,0,VIDEO_OUTPUT_MPLANE
15826.813667,v4l2_qbuf,0,VIDEO_OUTPUT_MPLANE
15826.813690,v4l2_qbuf,2,VIDEO_CAPTURE_MPLANE
15826.816955,v4l2_dqbuf,2,VIDEO_CAPTURE_MPLANE
15826.817070,v4l2_dqbuf,0,VIDEO_OUTPUT_MPLANE
15826.830069,v4l2_qbuf,0,VIDEO_OUTPUT_MPLANE
15826.830093,v4l2_qbuf,0,VIDEO_CAPTURE_MPLANE
15826.832430,v4l2_dqbuf,0,VIDEO_CAPTURE_MPLANE
15826.832467,v4l2_dqbuf,0,VIDEO_OUTPUT_MPLANE
15826.846531,v4l2_qbuf,0,VIDEO_OUTPUT_MPLANE
15826.846564,v4l2_qbuf,3,VIDEO_CAPTURE_MPLANE
15826.849775,v4l2_dqbuf,3,VIDEO_CAPTURE_MPLANE
15826.849942,v4l2_dqbuf,0,VIDEO_OUTPUT_MPLANE
15826.863479,v4l2_qbuf,0,VIDEO_OUTPUT_MPLANE
15826.863569,v4l2_qbuf,7,VIDEO_CAPTURE_MPLANE
15826.866944,v4l2_dqbuf,7,VIDEO_CAPTURE_MPLANE
15826.867158,v4l2_dqbuf,0,VIDEO_OUTPUT_MPLANE
15826.879934,v4l2_qbuf,0,VIDEO_OUTPUT_MPLANE
15826.879957,v4l2_qbuf,6,VIDEO_CAPTURE_MPLANE
15826.883113,v4l2_dqbuf,6,VIDEO_CAPTURE_MPLANE
15826.883299,v4l2_dqbuf,0,VIDEO_OUTPUT_MPLANE
15826.897246,v4l2_qbuf,0,VIDEO_OUTPUT_MPLANE
15826.897296,v4l2_qbuf,1,VIDEO_CAPTURE_MPLANE
15826.899683,v4l2_dqbuf,1,VIDEO_CAPTURE_MPLANE
15826.899704,v4l2_dqbuf,0,VIDEO_OUTPUT_MPLANE
15826.913316,v4l2_qbuf,0,VIDEO_OUTPUT_MPLANE
15826.913338,v4l2_qbuf,4,VIDEO_CAPTURE_MPLANE
15826.917339,v4l2_dqbuf,4,VIDEO_CAPTURE_MPLANE
15826.917459,v4l2_dqbuf,0,VIDEO_OUTPUT_MPLANE
15826.930619,v4l2_qbuf,0,VIDEO_OUTPUT_MPLANE
15826.930680,v4l2_qbuf,2,VIDEO_CAPTURE_MPLANE
15826.933795,v4l2_dqbuf,2,VIDEO_CAPTURE_MPLANE
15826.933885,v4l2_dqbuf,0,VIDEO_OUTPUT_MPLANE
15826.946582,v4l2_qbuf,0,VIDEO_OUTPUT_MPLANE
15826.946613,v4l2_qbuf,5,VIDEO_CAPTURE_MPLANE
15826.949863,v4l2_dqbuf,5,VIDEO_CAPTURE_MPLANE
15826.950064,v4l2_dqbuf,0,VIDEO_OUTPUT_MPLANE
15826.963364,v4l2_qbuf,0,VIDEO_OUTPUT_MPLANE
15826.963388,v4l2_qbuf,3,VIDEO_CAPTURE_MPLANE
15826.965647,v4l2_dqbuf,3,VIDEO_CAPTURE_MPLANE
15826.965676,v4l2_dqbuf,0,VIDEO_OUTPUT_MPLANE
15826.980431,v4l2_qbuf,0,VIDEO_OUTPUT_MPLANE
15826.980482,v4l2_qbuf,7,VIDEO_CAPTURE_MPLANE
15826.983704,v4l2_dqbuf,7,VIDEO_CAPTURE_MPLANE
15826.983852,v4l2_dqbuf,0,VIDEO_OUTPUT_MPLANE
15826.997160,v4l2_qbuf,0,VIDEO_OUTPUT_MPLANE
15826.997198,v4l2_qbuf,6,VIDEO_CAPTURE_MPLANE
15827.000507,v4l2_dqbuf,6,VIDEO_CAPTURE_MPLANE
15827.000754,v4l2_dqbuf,0,VIDEO_OUTPUT_MPLANE
15827.013410,v4l2_qbuf,0,VIDEO_OUTPUT_MPLANE
15827.013427,v4l2_qbuf,0,VIDEO_CAPTURE_MPLANE
15827.016869,v4l2_dqbuf,0,VIDEO_CAPTURE_MPLANE
15827.017183,v4l2_dqbuf,0,VIDEO_OUTPUT_MPLANE
15827.030129,v4l2_qbuf,0,VIDEO_OUTPUT_MPLANE
15827.030174,v4l2_qbuf,4,VIDEO_CAPTURE_MPLANE
15827.032451,v4l2_dqbuf,4,VIDEO_CAPTURE_MPLANE
15827.032483,v4l2_dqbuf,0,VIDEO_OUTPUT_MPLANE
15827.046735,v4l2_qbuf,0,VIDEO_OUTPUT_MPLANE
15827.046778,v4l2_qbuf,2,VIDEO_CAPTURE_MPLANE
15827.050179,v4l2_dqbuf,2,VIDEO_CAPTURE_MPLANE
15827.050372,v4l2_dqbuf,0,VIDEO_OUTPUT_MPLANE
15827.063443,v4l2_qbuf,0,VIDEO_OUTPUT_MPLANE
15827.063494,v4l2_qbuf,5,VIDEO_CAPTURE_MPLANE
15827.066971,v4l2_dqbuf,5,VIDEO_CAPTURE_MPLANE
15827.067199,v4l2_dqbuf,0,VIDEO_OUTPUT_MPLANE
15827.080572,v4l2_qbuf,0,VIDEO_OUTPUT_MPLANE
15827.080649,v4l2_qbuf,1,VIDEO_CAPTURE_MPLANE
15827.083839,v4l2_dqbuf,1,VIDEO_CAPTURE_MPLANE
15827.083985,v4l2_dqbuf,0,VIDEO_OUTPUT_MPLANE
15827.097056,v4l2_qbuf,0,VIDEO_OUTPUT_MPLANE
15827.097104,v4l2_qbuf,7,VIDEO_CAPTURE_MPLANE
15827.099374,v4l2_dqbuf,7,VIDEO_CAPTURE_MPLANE
15827.099405,v4l2_dqbuf,0,VIDEO_OUTPUT_MPLANE
15827.113624,v4l2_qbuf,0,VIDEO_OUTPUT_MPLANE
15827.113647,v4l2_qbuf,6,VIDEO_CAPTURE_MPLANE
15827.117389,v4l2_dqbuf,6,VIDEO_CAPTURE_MPLANE
15827.117714,v4l2_dqbuf,0,VIDEO_OUTPUT_MPLANE
15827.130292,v4l2_qbuf,0,VIDEO_OUTPUT_MPLANE
15827.130330,v4l2_qbuf,0,VIDEO_CAPTURE_MPLANE
15827.133418,v4l2_dqbuf,0,VIDEO_CAPTURE_MPLANE
15827.133594,v4l2_dqbuf,0,VIDEO_OUTPUT_MPLANE
15827.147364,v4l2_qbuf,0,VIDEO_OUTPUT_MPLANE
15827.147386,v4l2_qbuf,3,VIDEO_CAPTURE_MPLANE
15827.150616,v4l2_dqbuf,3,VIDEO_CAPTURE_MPLANE
15827.150847,v4l2_dqbuf,0,VIDEO_OUTPUT_MPLANE
15827.163233,v4l2_qbuf,0,VIDEO_OUTPUT_MPLANE
15827.163251,v4l2_qbuf,2,VIDEO_CAPTURE_MPLANE
15827.165334,v4l2_dqbuf,2,VIDEO_CAPTURE_MPLANE
15827.165348,v4l2_dqbuf,0,VIDEO_OUTPUT_MPLANE
15827.179869,v4l2_qbuf,0,VIDEO_OUTPUT_MPLANE
15827.179899,v4l2_qbuf,5,VIDEO_CAPTURE_MPLANE
15827.183018,v4l2_dqbuf,5,VIDEO_CAPTURE_MPLANE
15827.183101,v4l2_dqbuf,0,VIDEO_OUTPUT_MPLANE
15827.196553,v4l2_qbuf,0,VIDEO_OUTPUT_MPLANE
15827.196586,v4l2_qbuf,1,VIDEO_CAPTURE_MPLANE
15827.199711,v4l2_dqbuf,1,VIDEO_CAPTURE_MPLANE
15827.199850,v4l2_dqbuf,0,VIDEO_OUTPUT_MPLANE
15827.213175,v4l2_qbuf,0,VIDEO_OUTPUT_MPLANE
15827.213191,v4l2_qbuf,4,VIDEO_CAPTURE_MPLANE
15827.216451,v4l2_dqbuf,4,VIDEO_CAPTURE_MPLANE
15827.216547,v4l2_dqbuf,0,VIDEO_OUTPUT_MPLANE
15827.229948,v4l2_qbuf,0,VIDEO_OUTPUT_MPLANE
15827.229964,v4l2_qbuf,6,VIDEO_CAPTURE_MPLANE
15827.232091,v4l2_dqbuf,6,VIDEO_CAPTURE_MPLANE
15827.232104,v4l2_dqbuf,0,VIDEO_OUTPUT_MPLANE
15827.246713,v4l2_qbuf,0,VIDEO_OUTPUT_MPLANE
15827.246736,v4l2_qbuf,0,VIDEO_CAPTURE_MPLANE
15827.250041,v4l2_dqbuf,0,VIDEO_CAPTURE_MPLANE
15827.250119,v4l2_dqbuf,0,VIDEO_OUTPUT_MPLANE
15827.263144,v4l2_qbuf,0,VIDEO_OUTPUT_MPLANE
15827.263167,v4l2_qbuf,3,VIDEO_CAPTURE_MPLANE
15827.266507,v4l2_dqbuf,3,VIDEO_CAPTURE_MPLANE
15827.266596,v4l2_dqbuf,0,VIDEO_OUTPUT_MPLANE
15827.280356,v4l2_qbuf,0,VIDEO_OUTPUT_MPLANE
15827.280379,v4l2_qbuf,7,VIDEO_CAPTURE_MPLANE
15827.283455,v4l2_dqbuf,7,VIDEO_CAPTURE_MPLANE
15827.283548,v4l2_dqbuf,0,VIDEO_OUTPUT_MPLANE
15827.296715,v4l2_qbuf,0,VIDEO_OUTPUT_MPLANE
15827.296748,v4l2_qbuf,5,VIDEO_CAPTURE_MPLANE
15827.298974,v4l2_dqbuf,5,VIDEO_CAPTURE_MPLANE
15827.299092,v4l2_dqbuf,0,VIDEO_OUTPUT_MPLANE
15827.313324,v4l2_qbuf,0,VIDEO_OUTPUT_MPLANE
15827.313348,v4l2_qbuf,1,VIDEO_CAPTURE_MPLANE
15827.318988,v4l2_dqbuf,1,VIDEO_CAPTURE_MPLANE
15827.319241,v4l2_dqbuf,0,VIDEO_OUTPUT_MPLANE
15827.330335,v4l2_qbuf,0,VIDEO_OUTPUT_MPLANE
15827.330374,v4l2_qbuf,4,VIDEO_CAPTURE_MPLANE
15827.333736,v4l2_dqbuf,4,VIDEO_CAPTURE_MPLANE
15827.333836,v4l2_dqbuf,0,VIDEO_OUTPUT_MPLANE
15827.346661,v4l2_qbuf,0,VIDEO_OUTPUT_MPLANE
15827.346691,v4l2_qbuf,2,VIDEO_CAPTURE_MPLANE
15827.349700,v4l2_dqbuf,2,VIDEO_CAPTURE_MPLANE
15827.349780,v4l2_dqbuf,0,VIDEO_OUTPUT_MPLANE
15827.363260,v4l2_qbuf,0,VIDEO_OUTPUT_MPLANE
15827.363285,v4l2_qbuf,0,VIDEO_CAPTURE_MPLANE
15827.365472,v4l2_dqbuf,0,VIDEO_CAPTURE_MPLANE
15827.365487,v4l2_dqbuf,0,VIDEO_OUTPUT_MPLANE
15827.380466,v4l2_qbuf,0,VIDEO_OUTPUT_MPLANE
15827.380511,v4l2_qbuf,3,VIDEO_CAPTURE_MPLANE
15827.383863,v4l2_dqbuf,3,VIDEO_CAPTURE_MPLANE
15827.383961,v4l2_dqbuf,0,VIDEO_OUTPUT_MPLANE
15827.396650,v4l2_qbuf,0,VIDEO_OUTPUT_MPLANE
15827.396678,v4l2_qbuf,7,VIDEO_CAPTURE_MPLANE
15827.399927,v4l2_dqbuf,7,VIDEO_CAPTURE_MPLANE
15827.400121,v4l2_dqbuf,0,VIDEO_OUTPUT_MPLANE
15827.413235,v4l2_qbuf,0,VIDEO_OUTPUT_MPLANE
15827.413257,v4l2_qbuf,6,VIDEO_CAPTURE_MPLANE
15827.416324,v4l2_dqbuf,6,VIDEO_CAPTURE_MPLANE
15827.416423,v4l2_dqbuf,0,VIDEO_OUTPUT_MPLANE
15827.431606,v4l2_qbuf,0,VIDEO_OUTPUT_MPLANE
15827.431654,v4l2_qbuf,1,VIDEO_CAPTURE_MPLANE
15827.433976,v4l2_dqbuf,1,VIDEO_CAPTURE_MPLANE
15827.433995,v4l2_dqbuf,0,VIDEO_OUTPUT_MPLANE
15827.446686,v4l2_qbuf,0,VIDEO_OUTPUT_MPLANE
15827.446726,v4l2_qbuf,4,VIDEO_CAPTURE_MPLANE
15827.450138,v4l2_dqbuf,4,VIDEO_CAPTURE_MPLANE
15827.450292,v4l2_dqbuf,0,VIDEO_OUTPUT_MPLANE
15827.463090,v4l2_qbuf,0,VIDEO_OUTPUT_MPLANE
15827.463106,v4l2_qbuf,2,VIDEO_CAPTURE_MPLANE
15827.466319,v4l2_dqbuf,2,VIDEO_CAPTURE_MPLANE
15827.466405,v4l2_dqbuf,0,VIDEO_OUTPUT_MPLANE
15827.479794,v4l2_qbuf,0,VIDEO_OUTPUT_MPLANE
15827.479815,v4l2_qbuf,5,VIDEO_CAPTURE_MPLANE
15827.482858,v4l2_dqbuf,5,VIDEO_CAPTURE_MPLANE
15827.482933,v4l2_dqbuf,0,VIDEO_OUTPUT_MPLANE
15827.496433,v4l2_qbuf,0,VIDEO_OUTPUT_MPLANE
15827.496453,v4l2_qbuf,3,VIDEO_CAPTURE_MPLANE
15827.498745,v4l2_dqbuf,3,VIDEO_CAPTURE_MPLANE
15827.498773,v4l2_dqbuf,0,VIDEO_OUTPUT_MPLANE
15827.513261,v4l2_qbuf,0,VIDEO_OUTPUT_MPLANE
15827.513297,v4l2_qbuf,7,VIDEO_CAPTURE_MPLANE
15827.516780,v4l2_dqbuf,7,VIDEO_CAPTURE_MPLANE
15827.517034,v4l2_dqbuf,0,VIDEO_OUTPUT_MPLANE
15827.530099,v4l2_qbuf,0,VIDEO_OUTPUT_MPLANE
15827.530113,v4l2_qbuf,6,VIDEO_CAPTURE_MPLANE
15827.533485,v4l2_dqbuf,6,VIDEO_CAPTURE_MPLANE
15827.533611,v4l2_dqbuf,0,VIDEO_OUTPUT_MPLANE
15827.546676,v4l2_qbuf,0,VIDEO_OUTPUT_MPLANE
15827.546710,v4l2_qbuf,0,VIDEO_CAPTURE_MPLANE
15827.548569,v4l2_dqbuf,0,VIDEO_CAPTURE_MPLANE
15827.548584,v4l2_dqbuf,0,VIDEO_OUTPUT_MPLANE
15827.563415,v4l2_qbuf,0,VIDEO_OUTPUT_MPLANE
15827.563431,v4l2_qbuf,4,VIDEO_CAPTURE_MPLANE
15827.565554,v4l2_dqbuf,4,VIDEO_CAPTURE_MPLANE
15827.565566,v4l2_dqbuf,0,VIDEO_OUTPUT_MPLANE
15827.580108,v4l2_qbuf,0,VIDEO_OUTPUT_MPLANE
15827.580141,v4l2_qbuf,2,VIDEO_CAPTURE_MPLANE
15827.583369,v4l2_dqbuf,2,VIDEO_CAPTURE_MPLANE
15827.583444,v4l2_dqbuf,0,VIDEO_OUTPUT_MPLANE
15827.596449,v4l2_qbuf,0,VIDEO_OUTPUT_MPLANE
15827.596466,v4l2_qbuf,5,VIDEO_CAPTURE_MPLANE
15827.599739,v4l2_dqbuf,5,VIDEO_CAPTURE_MPLANE
15827.599889,v4l2_dqbuf,0,VIDEO_OUTPUT_MPLANE
15827.613379,v4l2_qbuf,0,VIDEO_OUTPUT_MPLANE
15827.613415,v4l2_qbuf,1,VIDEO_CAPTURE_MPLANE
15827.616867,v4l2_dqbuf,1,VIDEO_CAPTURE_MPLANE
15827.616971,v4l2_dqbuf,0,VIDEO_OUTPUT_MPLANE
15827.629844,v4l2_qbuf,0,VIDEO_OUTPUT_MPLANE
15827.629859,v4l2_qbuf,7,VIDEO_CAPTURE_MPLANE
15827.632044,v4l2_dqbuf,7,VIDEO_CAPTURE_MPLANE
15827.632071,v4l2_dqbuf,0,VIDEO_OUTPUT_MPLANE
15827.646368,v4l2_qbuf,0,VIDEO_OUTPUT_MPLANE
15827.646385,v4l2_qbuf,6,VIDEO_CAPTURE_MPLANE
15827.649549,v4l2_dqbuf,6,VIDEO_CAPTURE_MPLANE
15827.649612,v4l2_dqbuf,0,VIDEO_OUTPUT_MPLANE
15827.662965,v4l2_qbuf,0,VIDEO_OUTPUT_MPLANE
15827.662982,v4l2_qbuf,3,VIDEO_CAPTURE_MPLANE
15827.666305,v4l2_dqbuf,3,VIDEO_CAPTURE_MPLANE
15827.666391,v4l2_dqbuf,0,VIDEO_OUTPUT_MPLANE
15827.679944,v4l2_qbuf,0,VIDEO_OUTPUT_MPLANE
15827.679965,v4l2_qbuf,0,VIDEO_CAPTURE_MPLANE
15827.683262,v4l2_dqbuf,0,VIDEO_CAPTURE_MPLANE
15827.683353,v4l2_dqbuf,0,VIDEO_OUTPUT_MPLANE
15827.696768,v4l2_qbuf,0,VIDEO_OUTPUT_MPLANE
15827.696841,v4l2_qbuf,2,VIDEO_CAPTURE_MPLANE
15827.699302,v4l2_dqbuf,2,VIDEO_CAPTURE_MPLANE
15827.699333,v4l2_dqbuf,0,VIDEO_OUTPUT_MPLANE
15827.715765,v4l2_qbuf,0,VIDEO_OUTPUT_MPLANE
15827.715799,v4l2_qbuf,5,VIDEO_CAPTURE_MPLANE
15827.719135,v4l2_dqbuf,5,VIDEO_CAPTURE_MPLANE
15827.719274,v4l2_dqbuf,0,VIDEO_OUTPUT_MPLANE
15827.729899,v4l2_qbuf,0,VIDEO_OUTPUT_MPLANE
15827.729934,v4l2_qbuf,1,VIDEO_CAPTURE_MPLANE
15827.733104,v4l2_dqbuf,1,VIDEO_CAPTURE_MPLANE
15827.733193,v4l2_dqbuf,0,VIDEO_OUTPUT_MPLANE
15827.746930,v4l2_qbuf,0,VIDEO_OUTPUT_MPLANE
15827.746966,v4l2_qbuf,4,VIDEO_CAPTURE_MPLANE
15827.750226,v4l2_dqbuf,4,VIDEO_CAPTURE_MPLANE
15827.750385,v4l2_dqbuf,0,VIDEO_OUTPUT_MPLANE
15827.763594,v4l2_qbuf,0,VIDEO_OUTPUT_MPLANE
15827.763630,v4l2_qbuf,6,VIDEO_CAPTURE_MPLANE
15827.765787,v4l2_dqbuf,6,VIDEO_CAPTURE_MPLANE
15827.765814,v4l2_dqbuf,0,VIDEO_OUTPUT_MPLANE
15827.780150,v4l2_qbuf,0,VIDEO_OUTPUT_MPLANE
15827.780181,v4l2_qbuf,3,VIDEO_CAPTURE_MPLANE
15827.783564,v4l2_dqbuf,3,VIDEO_CAPTURE_MPLANE
15827.783704,v4l2_dqbuf,0,VIDEO_OUTPUT_MPLANE
15827.796547,v4l2_qbuf,0,VIDEO_OUTPUT_MPLANE
15827.796568,v4l2_qbuf,0,VIDEO_CAPTURE_MPLANE
15827.799876,v4l2_dqbuf,0,VIDEO_CAPTURE_MPLANE
15827.799974,v4l2_dqbuf,0,VIDEO_OUTPUT_MPLANE
15827.813392,v4l2_qbuf,0,VIDEO_OUTPUT_MPLANE
15827.813427,v4l2_qbuf,7,VIDEO_CAPTURE_MPLANE
15827.816602,v4l2_dqbuf,7,VIDEO_CAPTURE_MPLANE
15827.816754,v4l2_dqbuf,0,VIDEO_OUTPUT_MPLANE
15827.829962,v4l2_qbuf,0,VIDEO_OUTPUT_MPLANE
15827.829994,v4l2_qbuf,5,VIDEO_CAPTURE_MPLANE
15827.832587,v4l2_dqbuf,5,VIDEO_CAPTURE_MPLANE
15827.832634,v4l2_dqbuf,0,VIDEO_OUTPUT_MPLANE
15827.846817,v4l2_qbuf,0,VIDEO_OUTPUT_MPLANE
15827.846856,v4l2_qbuf,1,VIDEO_CAPTURE_MPLANE
15827.850056,v4l2_dqbuf,1,VIDEO_CAPTURE_MPLANE
15827.850192,v4l2_dqbuf,0,VIDEO_OUTPUT_MPLANE
15827.863535,v4l2_qbuf,0,VIDEO_OUTPUT_MPLANE
15827.863590,v4l2_qbuf,4,VIDEO_CAPTURE_MPLANE
15827.866814,v4l2_dqbuf,4,VIDEO_CAPTURE_MPLANE
15827.866912,v4l2_dqbuf,0,VIDEO_OUTPUT_MPLANE
15827.879809,v4l2_qbuf,0,VIDEO_OUTPUT_MPLANE
15827.879831,v4l2_qbuf,2,VIDEO_CAPTURE_MPLANE
15827.882025,v4l2_dqbuf,2,VIDEO_CAPTURE_MPLANE
15827.882042,v4l2_dqbuf,0,VIDEO_OUTPUT_MPLANE
15827.896692,v4l2_qbuf,0,VIDEO_OUTPUT_MPLANE
15827.896707,v4l2_qbuf,3,VIDEO_CAPTURE_MPLANE
15827.899959,v4l2_dqbuf,3,VIDEO_CAPTURE_MPLANE
15827.900031,v4l2_dqbuf,0,VIDEO_OUTPUT_MPLANE
15827.913401,v4l2_qbuf,0,VIDEO_OUTPUT_MPLANE
15827.913433,v4l2_qbuf,0,VIDEO_CAPTURE_MPLANE
15827.918349,v4l2_dqbuf,0,VIDEO_CAPTURE_MPLANE
15827.918447,v4l2_dqbuf,0,VIDEO_OUTPUT_MPLANE
15827.930162,v4l2_qbuf,0,VIDEO_OUTPUT_MPLANE
15827.930196,v4l2_qbuf,7,VIDEO_CAPTURE_MPLANE
15827.933441,v4l2_dqbuf,7,VIDEO_CAPTURE_MPLANE
15827.933684,v4l2_dqbuf,0,VIDEO_OUTPUT_MPLANE
15827.946725,v4l2_qbuf,0,VIDEO_OUTPUT_MPLANE
15827.946796,v4l2_qbuf,6,VIDEO_CAPTURE_MPLANE
15827.948928,v4l2_dqbuf,6,VIDEO_CAPTURE_MPLANE
15827.948951,v4l2_dqbuf,0,VIDEO_OUTPUT_MPLANE
15827.963304,v4l2_qbuf,0,VIDEO_OUTPUT_MPLANE
15827.963323,v4l2_qbuf,1,VIDEO_CAPTURE_MPLANE
15827.966379,v4l2_dqbuf,1,VIDEO_CAPTURE_MPLANE
15827.966469,v4l2_dqbuf,0,VIDEO_OUTPUT_MPLANE
15827.979993,v4l2_qbuf,0,VIDEO_OUTPUT_MPLANE
15827.980054,v4l2_qbuf,4,VIDEO_CAPTURE_MPLANE
15827.983309,v4l2_dqbuf,4,VIDEO_CAPTURE_MPLANE
15827.983479,v4l2_dqbuf,0,VIDEO_OUTPUT_MPLANE
15827.997053,v4l2_qbuf,0,VIDEO_OUTPUT_MPLANE
15827.997097,v4l2_qbuf,5,VIDEO_CAPTURE_MPLANE
15827.999240,v4l2_dqbuf,5,VIDEO_CAPTURE_MPLANE
15827.999265,v4l2_dqbuf,0,VIDEO_OUTPUT_MPLANE
15828.024472,v4l2_qbuf,0,VIDEO_OUTPUT_MPLANE
15828.024502,v4l2_qbuf,3,VIDEO_CAPTURE_MPLANE
15828.027682,v4l2_dqbuf,3,VIDEO_CAPTURE_MPLANE
15828.027756,v4l2_dqbuf,0,VIDEO_OUTPUT_MPLANE
15828.029718,v4l2_qbuf,0,VIDEO_OUTPUT_MPLANE
15828.029734,v4l2_qbuf,0,VIDEO_CAPTURE_MPLANE
15828.031863,v4l2_dqbuf,0,VIDEO_CAPTURE_MPLANE
15828.031875,v4l2_dqbuf,0,VIDEO_OUTPUT_MPLANE
15828.047023,v4l2_qbuf,0,VIDEO_OUTPUT_MPLANE
15828.047045,v4l2_qbuf,7,VIDEO_CAPTURE_MPLANE
15828.050348,v4l2_dqbuf,7,VIDEO_CAPTURE_MPLANE
15828.050436,v4l2_dqbuf,0,VIDEO_OUTPUT_MPLANE
15828.063215,v4l2_qbuf,0,VIDEO_OUTPUT_MPLANE
15828.063236,v4l2_qbuf,2,VIDEO_CAPTURE_MPLANE
15828.066493,v4l2_dqbuf,2,VIDEO_CAPTURE_MPLANE
15828.066630,v4l2_dqbuf,0,VIDEO_OUTPUT_MPLANE
15828.080746,v4l2_qbuf,0,VIDEO_OUTPUT_MPLANE
15828.080795,v4l2_qbuf,1,VIDEO_CAPTURE_MPLANE
15828.083167,v4l2_dqbuf,1,VIDEO_CAPTURE_MPLANE
15828.083183,v4l2_dqbuf,0,VIDEO_OUTPUT_MPLANE
15828.097179,v4l2_qbuf,0,VIDEO_OUTPUT_MPLANE
15828.097227,v4l2_qbuf,4,VIDEO_CAPTURE_MPLANE
15828.100657,v4l2_dqbuf,4,VIDEO_CAPTURE_MPLANE
15828.100875,v4l2_dqbuf,0,VIDEO_OUTPUT_MPLANE
15828.113756,v4l2_qbuf,0,VIDEO_OUTPUT_MPLANE
15828.113778,v4l2_qbuf,6,VIDEO_CAPTURE_MPLANE
15828.119170,v4l2_dqbuf,6,VIDEO_CAPTURE_MPLANE
15828.119191,v4l2_dqbuf,0,VIDEO_OUTPUT_MPLANE
15828.129820,v4l2_qbuf,0,VIDEO_OUTPUT_MPLANE
15828.129851,v4l2_qbuf,3,VIDEO_CAPTURE_MPLANE
15828.133068,v4l2_dqbuf,3,VIDEO_CAPTURE_MPLANE
15828.133170,v4l2_dqbuf,0,VIDEO_OUTPUT_MPLANE
15828.146573,v4l2_qbuf,0,VIDEO_OUTPUT_MPLANE
15828.146595,v4l2_qbuf,5,VIDEO_CAPTURE_MPLANE
15828.148749,v4l2_dqbuf,5,VIDEO_CAPTURE_MPLANE
15828.148763,v4l2_dqbuf,0,VIDEO_OUTPUT_MPLANE
15828.163771,v4l2_qbuf,0,VIDEO_OUTPUT_MPLANE
15828.163795,v4l2_qbuf,7,VIDEO_CAPTURE_MPLANE
15828.166960,v4l2_dqbuf,7,VIDEO_CAPTURE_MPLANE
15828.167069,v4l2_dqbuf,0,VIDEO_OUTPUT_MPLANE
15828.180089,v4l2_qbuf,0,VIDEO_OUTPUT_MPLANE
15828.180123,v4l2_qbuf,2,VIDEO_CAPTURE_MPLANE
15828.183344,v4l2_dqbuf,2,VIDEO_CAPTURE_MPLANE
15828.183428,v4l2_dqbuf,0,VIDEO_OUTPUT_MPLANE
15828.196766,v4l2_qbuf,0,VIDEO_OUTPUT_MPLANE
15828.196789,v4l2_qbuf,0,VIDEO_CAPTURE_MPLANE
15828.200022,v4l2_dqbuf,0,VIDEO_CAPTURE_MPLANE
15828.200107,v4l2_dqbuf,0,VIDEO_OUTPUT_MPLANE
15828.213350,v4l2_qbuf,0,VIDEO_OUTPUT_MPLANE
15828.213373,v4l2_qbuf,4,VIDEO_CAPTURE_MPLANE
15828.215692,v4l2_dqbuf,4,VIDEO_CAPTURE_MPLANE
15828.215708,v4l2_dqbuf,0,VIDEO_OUTPUT_MPLANE
15828.230032,v4l2_qbuf,0,VIDEO_OUTPUT_MPLANE
15828.230054,v4l2_qbuf,1,VIDEO_CAPTURE_MPLANE
15828.233220,v4l2_dqbuf,1,VIDEO_CAPTURE_MPLANE
15828.233347,v4l2_dqbuf,0,VIDEO_OUTPUT_MPLANE
15828.246759,v4l2_qbuf,0,VIDEO_OUTPUT_MPLANE
15828.246779,v4l2_qbuf,3,VIDEO_CAPTURE_MPLANE
15828.249822,v4l2_dqbuf,3,VIDEO_CAPTURE_MPLANE
15828.249909,v4l2_dqbuf,0,VIDEO_OUTPUT_MPLANE
15828.263410,v4l2_qbuf,0,VIDEO_OUTPUT_MPLANE
15828.263430,v4l2_qbuf,6,VIDEO_CAPTURE_MPLANE
15828.266593,v4l2_dqbuf,6,VIDEO_CAPTURE_MPLANE
15828.266692,v4l2_dqbuf,0,VIDEO_OUTPUT_MPLANE
15828.279956,v4l2_qbuf,0,VIDEO_OUTPUT_MPLANE
15828.279978,v4l2_qbuf,7,VIDEO_CAPTURE_MPLANE
15828.282260,v4l2_dqbuf,7,VIDEO_CAPTURE_MPLANE
15828.282277,v4l2_dqbuf,0,VIDEO_OUTPUT_MPLANE
15828.296692,v4l2_qbuf,0,VIDEO_OUTPUT_MPLANE
15828.296715,v4l2_qbuf,2,VIDEO_CAPTURE_MPLANE
15828.299877,v4l2_dqbuf,2,VIDEO_CAPTURE_MPLANE
15828.299964,v4l2_dqbuf,0,VIDEO_OUTPUT_MPLANE
15828.313626,v4l2_qbuf,0,VIDEO_OUTPUT_MPLANE
15828.313648,v4l2_qbuf,0,VIDEO_CAPTURE_MPLANE
15828.317604,v4l2_dqbuf,0,VIDEO_CAPTURE_MPLANE
15828.317726,v4l2_dqbuf,0,VIDEO_OUTPUT_MPLANE
15828.330040,v4l2_qbuf,0,VIDEO_OUTPUT_MPLANE
15828.330063,v4l2_qbuf,5,VIDEO_CAPTURE_MPLANE
15828.333220,v4l2_dqbuf,5,VIDEO_CAPTURE_MPLANE
15828.333382,v4l2_dqbuf,0,VIDEO_OUTPUT_MPLANE
15828.346837,v4l2_qbuf,0,VIDEO_OUTPUT_MPLANE
15828.346860,v4l2_qbuf,1,VIDEO_CAPTURE_MPLANE
15828.349195,v4l2_dqbuf,1,VIDEO_CAPTURE_MPLANE
15828.349237,v4l2_dqbuf,0,VIDEO_OUTPUT_MPLANE
15828.363817,v4l2_qbuf,0,VIDEO_OUTPUT_MPLANE
15828.363865,v4l2_qbuf,3,VIDEO_CAPTURE_MPLANE
15828.367325,v4l2_dqbuf,3,VIDEO_CAPTURE_MPLANE
15828.367500,v4l2_dqbuf,0,VIDEO_OUTPUT_MPLANE
15828.380175,v4l2_qbuf,0,VIDEO_OUTPUT_MPLANE
15828.380219,v4l2_qbuf,6,VIDEO_CAPTURE_MPLANE
15828.383527,v4l2_dqbuf,6,VIDEO_CAPTURE_MPLANE
15828.383737,v4l2_dqbuf,0,VIDEO_OUTPUT_MPLANE
15828.396983,v4l2_qbuf,0,VIDEO_OUTPUT_MPLANE
15828.397017,v4l2_qbuf,4,VIDEO_CAPTURE_MPLANE
15828.400108,v4l2_dqbuf,4,VIDEO_CAPTURE_MPLANE
15828.400271,v4l2_dqbuf,0,VIDEO_OUTPUT_MPLANE
15828.413404,v4l2_qbuf,0,VIDEO_OUTPUT_MPLANE
15828.413427,v4l2_qbuf,2,VIDEO_CAPTURE_MPLANE
15828.417666,v4l2_dqbuf,2,VIDEO_CAPTURE_MPLANE
15828.417690,v4l2_dqbuf,0,VIDEO_OUTPUT_MPLANE
15828.430234,v4l2_qbuf,0,VIDEO_OUTPUT_MPLANE
15828.430255,v4l2_qbuf,0,VIDEO_CAPTURE_MPLANE
15828.433508,v4l2_dqbuf,0,VIDEO_CAPTURE_MPLANE
15828.433600,v4l2_dqbuf,0,VIDEO_OUTPUT_MPLANE
15828.446685,v4l2_qbuf,0,VIDEO_OUTPUT_MPLANE
15828.446707,v4l2_qbuf,5,VIDEO_CAPTURE_MPLANE
15828.449900,v4l2_dqbuf,5,VIDEO_CAPTURE_MPLANE
15828.450013,v4l2_dqbuf,0,VIDEO_OUTPUT_MPLANE
15828.463039,v4l2_qbuf,0,VIDEO_OUTPUT_MPLANE
15828.463063,v4l2_qbuf,7,VIDEO_CAPTURE_MPLANE
15828.466471,v4l2_dqbuf,7,VIDEO_CAPTURE_MPLANE
15828.466571,v4l2_dqbuf,0,VIDEO_OUTPUT_MPLANE
15828.479982,v4l2_qbuf,0,VIDEO_OUTPUT_MPLANE
15828.480036,v4l2_qbuf,3,VIDEO_CAPTURE_MPLANE
15828.482337,v4l2_dqbuf,3,VIDEO_CAPTURE_MPLANE
15828.482354,v4l2_dqbuf,0,VIDEO_OUTPUT_MPLANE
15828.496613,v4l2_qbuf,0,VIDEO_OUTPUT_MPLANE
15828.496646,v4l2_qbuf,6,VIDEO_CAPTURE_MPLANE
15828.499637,v4l2_dqbuf,6,VIDEO_CAPTURE_MPLANE
15828.499721,v4l2_dqbuf,0,VIDEO_OUTPUT_MPLANE
15828.514976,v4l2_qbuf,0,VIDEO_OUTPUT_MPLANE
15828.515000,v4l2_qbuf,4,VIDEO_CAPTURE_MPLANE
15828.518354,v4l2_dqbuf,4,VIDEO_CAPTURE_MPLANE
15828.518459,v4l2_dqbuf,0,VIDEO_OUTPUT_MPLANE
15828.530163,v4l2_qbuf,0,VIDEO_OUTPUT_MPLANE
15828.530188,v4l2_qbuf,1,VIDEO_CAPTURE_MPLANE
15828.533731,v4l2_dqbuf,1,VIDEO_CAPTURE_MPLANE
15828.533896,v4l2_dqbuf,0,VIDEO_OUTPUT_MPLANE
15828.546544,v4l2_qbuf,0,VIDEO_OUTPUT_MPLANE
15828.546568,v4l2_qbuf,0,VIDEO_CAPTURE_MPLANE
15828.548461,v4l2_dqbuf,0,VIDEO_CAPTURE_MPLANE
15828.548485,v4l2_dqbuf,0,VIDEO_OUTPUT_MPLANE
15828.563689,v4l2_qbuf,0,VIDEO_OUTPUT_MPLANE
15828.563726,v4l2_qbuf,5,VIDEO_CAPTURE_MPLANE
15828.566026,v4l2_dqbuf,5,VIDEO_CAPTURE_MPLANE
15828.566051,v4l2_dqbuf,0,VIDEO_OUTPUT_MPLANE
15828.580087,v4l2_qbuf,0,VIDEO_OUTPUT_MPLANE
15828.580136,v4l2_qbuf,7,VIDEO_CAPTURE_MPLANE
15828.583492,v4l2_dqbuf,7,VIDEO_CAPTURE_MPLANE
15828.583648,v4l2_dqbuf,0,VIDEO_OUTPUT_MPLANE
15828.596503,v4l2_qbuf,0,VIDEO_OUTPUT_MPLANE
15828.596521,v4l2_qbuf,2,VIDEO_CAPTURE_MPLANE
15828.599983,v4l2_dqbuf,2,VIDEO_CAPTURE_MPLANE
15828.600105,v4l2_dqbuf,0,VIDEO_OUTPUT_MPLANE
15828.613232,v4l2_qbuf,0,VIDEO_OUTPUT_MPLANE
15828.613254,v4l2_qbuf,6,VIDEO_CAPTURE_MPLANE
15828.616261,v4l2_dqbuf,6,VIDEO_CAPTURE_MPLANE
15828.616353,v4l2_dqbuf,0,VIDEO_OUTPUT_MPLANE
15828.629786,v4l2_qbuf,0,VIDEO_OUTPUT_MPLANE
15828.629819,v4l2_qbuf,4,VIDEO_CAPTURE_MPLANE
15828.632038,v4l2_dqbuf,4,VIDEO_CAPTURE_MPLANE
15828.632054,v4l2_dqbuf,0,VIDEO_OUTPUT_MPLANE
15828.646504,v4l2_qbuf,0,VIDEO_OUTPUT_MPLANE
15828.646527,v4l2_qbuf,1,VIDEO_CAPTURE_MPLANE
15828.649801,v4l2_dqbuf,1,VIDEO_CAPTURE_MPLANE
15828.649889,v4l2_dqbuf,0,VIDEO_OUTPUT_MPLANE
15828.663171,v4l2_qbuf,0,VIDEO_OUTPUT_MPLANE
15828.663219,v4l2_qbuf,3,VIDEO_CAPTURE_MPLANE
15828.666439,v4l2_dqbuf,3,VIDEO_CAPTURE_MPLANE
15828.666511,v4l2_dqbuf,0,VIDEO_OUTPUT_MPLANE
15828.679764,v4l2_qbuf,0,VIDEO_OUTPUT_MPLANE
15828.679785,v4l2_qbuf,0,VIDEO_CAPTURE_MPLANE
15828.683237,v4l2_dqbuf,0,VIDEO_CAPTURE_MPLANE
15828.683710,v4l2_dqbuf,0,VIDEO_OUTPUT_MPLANE
15828.696710,v4l2_qbuf,0,VIDEO_OUTPUT_MPLANE
15828.696758,v4l2_qbuf,7,VIDEO_CAPTURE_MPLANE
15828.701193,v4l2_dqbuf,7,VIDEO_CAPTURE_MPLANE
15828.701232,v4l2_dqbuf,0,VIDEO_OUTPUT_MPLANE
15828.713324,v4l2_qbuf,0,VIDEO_OUTPUT_MPLANE
15828.713361,v4l2_qbuf,2,VIDEO_CAPTURE_MPLANE
15828.716515,v4l2_dqbuf,2,VIDEO_CAPTURE_MPLANE
15828.716591,v4l2_dqbuf,0,VIDEO_OUTPUT_MPLANE
15828.729831,v4l2_qbuf,0,VIDEO_OUTPUT_MPLANE
15828.729895,v4l2_qbuf,6,VIDEO_CAPTURE_MPLANE
15828.732958,v4l2_dqbuf,6,VIDEO_CAPTURE_MPLANE
15828.733084,v4l2_dqbuf,0,VIDEO_OUTPUT_MPLANE
15828.746733,v4l2_qbuf,0,VIDEO_OUTPUT_MPLANE
15828.746754,v4l2_qbuf,5,VIDEO_CAPTURE_MPLANE
15828.749907,v4l2_dqbuf,5,VIDEO_CAPTURE_MPLANE
15828.750073,v4l2_dqbuf,0,VIDEO_OUTPUT_MPLANE
15828.763343,v4l2_qbuf,0,VIDEO_OUTPUT_MPLANE
15828.763367,v4l2_qbuf,1,VIDEO_CAPTURE_MPLANE
15828.765592,v4l2_dqbuf,1,VIDEO_CAPTURE_MPLANE
15828.765617,v4l2_dqbuf,0,VIDEO_OUTPUT_MPLANE
15828.780235,v4l2_qbuf,0,VIDEO_OUTPUT_MPLANE
15828.780271,v4l2_qbuf,3,VIDEO_CAPTURE_MPLANE
15828.783579,v4l2_dqbuf,3,VIDEO_CAPTURE_MPLANE
15828.783689,v4l2_dqbuf,0,VIDEO_OUTPUT_MPLANE
15828.797281,v4l2_qbuf,0,VIDEO_OUTPUT_MPLANE
15828.797318,v4l2_qbuf,0,VIDEO_CAPTURE_MPLANE
15828.801134,v4l2_dqbuf,0,VIDEO_CAPTURE_MPLANE
15828.801346,v4l2_dqbuf,0,VIDEO_OUTPUT_MPLANE
15828.813505,v4l2_qbuf,0,VIDEO_OUTPUT_MPLANE
15828.813540,v4l2_qbuf,4,VIDEO_CAPTURE_MPLANE
15828.817054,v4l2_dqbuf,4,VIDEO_CAPTURE_MPLANE
15828.817228,v4l2_dqbuf,0,VIDEO_OUTPUT_MPLANE
15828.830175,v4l2_qbuf,0,VIDEO_OUTPUT_MPLANE
15828.830207,v4l2_qbuf,2,VIDEO_CAPTURE_MPLANE
15828.832468,v4l2_dqbuf,2,VIDEO_CAPTURE_MPLANE
15828.832495,v4l2_dqbuf,0,VIDEO_OUTPUT_MPLANE
15828.846768,v4l2_qbuf,0,VIDEO_OUTPUT_MPLANE
15828.846809,v4l2_qbuf,6,VIDEO_CAPTURE_MPLANE
15828.850065,v4l2_dqbuf,6,VIDEO_CAPTURE_MPLANE
15828.850231,v4l2_dqbuf,0,VIDEO_OUTPUT_MPLANE
15828.863251,v4l2_qbuf,0,VIDEO_OUTPUT_MPLANE
15828.863274,v4l2_qbuf,5,VIDEO_CAPTURE_MPLANE
15828.867847,v4l2_dqbuf,5,VIDEO_CAPTURE_MPLANE
15828.867969,v4l2_dqbuf,0,VIDEO_OUTPUT_MPLANE
15828.880199,v4l2_qbuf,0,VIDEO_OUTPUT_MPLANE
15828.880249,v4l2_qbuf,7,VIDEO_CAPTURE_MPLANE
15828.883544,v4l2_dqbuf,7,VIDEO_CAPTURE_MPLANE
15828.883654,v4l2_dqbuf,0,VIDEO_OUTPUT_MPLANE
15828.896643,v4l2_qbuf,0,VIDEO_OUTPUT_MPLANE
15828.896667,v4l2_qbuf,3,VIDEO_CAPTURE_MPLANE
15828.898836,v4l2_dqbuf,3,VIDEO_CAPTURE_MPLANE
15828.898858,v4l2_dqbuf,0,VIDEO_OUTPUT_MPLANE
15828.913127,v4l2_qbuf,0,VIDEO_OUTPUT_MPLANE
15828.913149,v4l2_qbuf,0,VIDEO_CAPTURE_MPLANE
15828.916474,v4l2_dqbuf,0,VIDEO_CAPTURE_MPLANE
15828.916582,v4l2_dqbuf,0,VIDEO_OUTPUT_MPLANE
15828.930338,v4l2_qbuf,0,VIDEO_OUTPUT_MPLANE
15828.930361,v4l2_qbuf,4,VIDEO_CAPTURE_MPLANE
15828.933591,v4l2_dqbuf,4,VIDEO_CAPTURE_MPLANE
15828.933677,v4l2_dqbuf,0,VIDEO_OUTPUT_MPLANE
15828.946497,v4l2_qbuf,0,VIDEO_OUTPUT_MPLANE
15828.946518,v4l2_qbuf,1,VIDEO_CAPTURE_MPLANE
15828.949716,v4l2_dqbuf,1,VIDEO_CAPTURE_MPLANE
15828.949802,v4l2_dqbuf,0,VIDEO_OUTPUT_MPLANE
15828.963587,v4l2_qbuf,0,VIDEO_OUTPUT_MPLANE
15828.963609,v4l2_qbuf,6,VIDEO_CAPTURE_MPLANE
15828.967534,v4l2_dqbuf,6,VIDEO_CAPTURE_MPLANE
15828.967557,v4l2_dqbuf,0,VIDEO_OUTPUT_MPLANE
15828.979977,v4l2_qbuf,0,VIDEO_OUTPUT_MPLANE
15828.979999,v4l2_qbuf,5,VIDEO_CAPTURE_MPLANE
15828.983176,v4l2_dqbuf,5,VIDEO_CAPTURE_MPLANE
15828.983263,v4l2_dqbuf,0,VIDEO_OUTPUT_MPLANE
15828.996517,v4l2_qbuf,0,VIDEO_OUTPUT_MPLANE
15828.996539,v4l2_qbuf,7,VIDEO_CAPTURE_MPLANE
15828.999770,v4l2_dqbuf,7,VIDEO_CAPTURE_MPLANE
15828.999864,v4l2_dqbuf,0,VIDEO_OUTPUT_MPLANE
15829.013375,v4l2_qbuf,0,VIDEO_OUTPUT_MPLANE
15829.013397,v4l2_qbuf,2,VIDEO_CAPTURE_MPLANE
15829.016795,v4l2_dqbuf,2,VIDEO_CAPTURE_MPLANE
15829.016902,v4l2_dqbuf,0,VIDEO_OUTPUT_MPLANE
15829.029965,v4l2_qbuf,0,VIDEO_OUTPUT_MPLANE
15829.029987,v4l2_qbuf,0,VIDEO_CAPTURE_MPLANE
15829.032228,v4l2_dqbuf,0,VIDEO_CAPTURE_MPLANE
15829.032241,v4l2_dqbuf,0,VIDEO_OUTPUT_MPLANE
15829.046882,v4l2_qbuf,0,VIDEO_OUTPUT_MPLANE
15829.046908,v4l2_qbuf,4,VIDEO_CAPTURE_MPLANE
15829.050187,v4l2_dqbuf,4,VIDEO_CAPTURE_MPLANE
15829.050283,v4l2_dqbuf,0,VIDEO_OUTPUT_MPLANE
15829.063400,v4l2_qbuf,0,VIDEO_OUTPUT_MPLANE
15829.063422,v4l2_qbuf,1,VIDEO_CAPTURE_MPLANE
15829.067150,v4l2_dqbuf,1,VIDEO_CAPTURE_MPLANE
15829.067389,v4l2_dqbuf,0,VIDEO_OUTPUT_MPLANE
15829.080178,v4l2_qbuf,0,VIDEO_OUTPUT_MPLANE
15829.080220,v4l2_qbuf,3,VIDEO_CAPTURE_MPLANE
15829.083635,v4l2_dqbuf,3,VIDEO_CAPTURE_MPLANE
15829.083869,v4l2_dqbuf,0,VIDEO_OUTPUT_MPLANE
15829.097100,v4l2_qbuf,0,VIDEO_OUTPUT_MPLANE
15829.097197,v4l2_qbuf,5,VIDEO_CAPTURE_MPLANE
15829.099466,v4l2_dqbuf,5,VIDEO_CAPTURE_MPLANE
15829.099503,v4l2_dqbuf,0,VIDEO_OUTPUT_MPLANE
15829.113298,v4l2_qbuf,0,VIDEO_OUTPUT_MPLANE
15829.113328,v4l2_qbuf,7,VIDEO_CAPTURE_MPLANE
15829.116791,v4l2_dqbuf,7,VIDEO_CAPTURE_MPLANE
15829.117097,v4l2_dqbuf,0,VIDEO_OUTPUT_MPLANE
15829.130365,v4l2_qbuf,0,VIDEO_OUTPUT_MPLANE
15829.130475,v4l2_qbuf,2,VIDEO_CAPTURE_MPLANE
15829.133839,v4l2_dqbuf,2,VIDEO_CAPTURE_MPLANE
15829.133926,v4l2_dqbuf,0,VIDEO_OUTPUT_MPLANE
15829.146700,v4l2_qbuf,0,VIDEO_OUTPUT_MPLANE
15829.146725,v4l2_qbuf,6,VIDEO_CAPTURE_MPLANE
15829.150047,v4l2_dqbuf,6,VIDEO_CAPTURE_MPLANE
15829.150435,v4l2_dqbuf,0,VIDEO_OUTPUT_MPLANE
15829.163338,v4l2_qbuf,0,VIDEO_OUTPUT_MPLANE
15829.163382,v4l2_qbuf,4,VIDEO_CAPTURE_MPLANE
15829.165641,v4l2_dqbuf,4,VIDEO_CAPTURE_MPLANE
15829.165675,v4l2_dqbuf,0,VIDEO_OUTPUT_MPLANE
15829.180406,v4l2_qbuf,0,VIDEO_OUTPUT_MPLANE
15829.180581,v4l2_qbuf,1,VIDEO_CAPTURE_MPLANE
15829.183805,v4l2_dqbuf,1,VIDEO_CAPTURE_MPLANE
15829.183920,v4l2_dqbuf,0,VIDEO_OUTPUT_MPLANE
15829.196476,v4l2_qbuf,0,VIDEO_OUTPUT_MPLANE
15829.196497,v4l2_qbuf,3,VIDEO_CAPTURE_MPLANE
15829.199479,v4l2_dqbuf,3,VIDEO_CAPTURE_MPLANE
15829.199563,v4l2_dqbuf,0,VIDEO_OUTPUT_MPLANE
15829.213366,v4l2_qbuf,0,VIDEO_OUTPUT_MPLANE
15829.213388,v4l2_qbuf,0,VIDEO_CAPTURE_MPLANE
15829.216620,v4l2_dqbuf,0,VIDEO_CAPTURE_MPLANE
15829.216694,v4l2_dqbuf,0,VIDEO_OUTPUT_MPLANE
15829.229718,v4l2_qbuf,0,VIDEO_OUTPUT_MPLANE
15829.229739,v4l2_qbuf,7,VIDEO_CAPTURE_MPLANE
15829.231950,v4l2_dqbuf,7,VIDEO_CAPTURE_MPLANE
15829.231962,v4l2_dqbuf,0,VIDEO_OUTPUT_MPLANE
15829.246714,v4l2_qbuf,0,VIDEO_OUTPUT_MPLANE
15829.246730,v4l2_qbuf,2,VIDEO_CAPTURE_MPLANE
15829.249780,v4l2_dqbuf,2,VIDEO_CAPTURE_MPLANE
15829.249838,v4l2_dqbuf,0,VIDEO_OUTPUT_MPLANE
15829.263102,v4l2_qbuf,0,VIDEO_OUTPUT_MPLANE
15829.263119,v4l2_qbuf,6,VIDEO_CAPTURE_MPLANE
15829.267577,v4l2_dqbuf,6,VIDEO_CAPTURE_MPLANE
15829.267814,v4l2_dqbuf,0,VIDEO_OUTPUT_MPLANE
15829.280093,v4l2_qbuf,0,VIDEO_OUTPUT_MPLANE
15829.280137,v4l2_qbuf,5,VIDEO_CAPTURE_MPLANE
15829.283387,v4l2_dqbuf,5,VIDEO_CAPTURE_MPLANE
15829.283493,v4l2_dqbuf,0,VIDEO_OUTPUT_MPLANE
15829.296626,v4l2_qbuf,0,VIDEO_OUTPUT_MPLANE
15829.296646,v4l2_qbuf,1,VIDEO_CAPTURE_MPLANE
15829.298730,v4l2_dqbuf,1,VIDEO_CAPTURE_MPLANE
15829.298746,v4l2_dqbuf,0,VIDEO_OUTPUT_MPLANE
15829.313326,v4l2_qbuf,0,VIDEO_OUTPUT_MPLANE
15829.313353,v4l2_qbuf,3,VIDEO_CAPTURE_MPLANE
15829.316373,v4l2_dqbuf,3,VIDEO_CAPTURE_MPLANE
15829.316463,v4l2_dqbuf,0,VIDEO_OUTPUT_MPLANE
15829.329884,v4l2_qbuf,0,VIDEO_OUTPUT_MPLANE
15829.329904,v4l2_qbuf,0,VIDEO_CAPTURE_MPLANE
15829.333051,v4l2_dqbuf,0,VIDEO_CAPTURE_MPLANE
15829.333124,v4l2_dqbuf,0,VIDEO_OUTPUT_MPLANE
15829.346452,v4l2_qbuf,0,VIDEO_OUTPUT_MPLANE
15829.346470,v4l2_qbuf,4,VIDEO_CAPTURE_MPLANE
15829.349737,v4l2_dqbuf,4,VIDEO_CAPTURE_MPLANE
15829.349810,v4l2_dqbuf,0,VIDEO_OUTPUT_MPLANE
15829.363066,v4l2_qbuf,0,VIDEO_OUTPUT_MPLANE
15829.363088,v4l2_qbuf,2,VIDEO_CAPTURE_MPLANE
15829.365279,v4l2_dqbuf,2,VIDEO_CAPTURE_MPLANE
15829.365296,v4l2_dqbuf,0,VIDEO_OUTPUT_MPLANE
15829.379930,v4l2_qbuf,0,VIDEO_OUTPUT_MPLANE
15829.379951,v4l2_qbuf,6,VIDEO_CAPTURE_MPLANE
15829.383070,v4l2_dqbuf,6,VIDEO_CAPTURE_MPLANE
15829.383183,v4l2_dqbuf,0,VIDEO_OUTPUT_MPLANE
15829.396629,v4l2_qbuf,0,VIDEO_OUTPUT_MPLANE
15829.396662,v4l2_qbuf,5,VIDEO_CAPTURE_MPLANE
15829.399570,v4l2_dqbuf,5,VIDEO_CAPTURE_MPLANE
15829.399652,v4l2_dqbuf,0,VIDEO_OUTPUT_MPLANE
15829.413141,v4l2_qbuf,0,VIDEO_OUTPUT_MPLANE
15829.413171,v4l2_qbuf,7,VIDEO_CAPTURE_MPLANE
15829.416313,v4l2_dqbuf,7,VIDEO_CAPTURE_MPLANE
15829.416522,v4l2_dqbuf,0,VIDEO_OUTPUT_MPLANE
15829.430237,v4l2_qbuf,0,VIDEO_OUTPUT_MPLANE
15829.430259,v4l2_qbuf,3,VIDEO_CAPTURE_MPLANE
15829.432511,v4l2_dqbuf,3,VIDEO_CAPTURE_MPLANE
15829.432527,v4l2_dqbuf,0,VIDEO_OUTPUT_MPLANE
15829.446542,v4l2_qbuf,0,VIDEO_OUTPUT_MPLANE
15829.446562,v4l2_qbuf,0,VIDEO_CAPTURE_MPLANE
15829.449469,v4l2_dqbuf,0,VIDEO_CAPTURE_MPLANE
15829.449553,v4l2_dqbuf,0,VIDEO_OUTPUT_MPLANE
15829.465595,v4l2_qbuf,0,VIDEO_OUTPUT_MPLANE
15829.465624,v4l2_qbuf,4,VIDEO_CAPTURE_MPLANE
15829.468738,v4l2_dqbuf,4,VIDEO_CAPTURE_MPLANE
15829.468914,v4l2_dqbuf,0,VIDEO_OUTPUT_MPLANE
15829.480596,v4l2_qbuf,0,VIDEO_OUTPUT_MPLANE
15829.480634,v4l2_qbuf,1,VIDEO_CAPTURE_MPLANE
15829.484274,v4l2_dqbuf,1,VIDEO_CAPTURE_MPLANE
15829.484481,v4l2_dqbuf,0,VIDEO_OUTPUT_MPLANE
15829.496789,v4l2_qbuf,0,VIDEO_OUTPUT_MPLANE
15829.496804,v4l2_qbuf,6,VIDEO_CAPTURE_MPLANE
15829.498873,v4l2_dqbuf,6,VIDEO_CAPTURE_MPLANE
15829.498885,v4l2_dqbuf,0,VIDEO_OUTPUT_MPLANE
15829.513424,v4l2_qbuf,0,VIDEO_OUTPUT_MPLANE
15829.513464,v4l2_qbuf,5,VIDEO_CAPTURE_MPLANE
15829.516504,v4l2_dqbuf,5,VIDEO_CAPTURE_MPLANE
15829.516628,v4l2_dqbuf,0,VIDEO_OUTPUT_MPLANE
15829.530299,v4l2_qbuf,0,VIDEO_OUTPUT_MPLANE
15829.530337,v4l2_qbuf,7,VIDEO_CAPTURE_MPLANE
15829.533487,v4l2_dqbuf,7,VIDEO_CAPTURE_MPLANE
15829.533703,v4l2_dqbuf,0,VIDEO_OUTPUT_MPLANE
15829.546886,v4l2_qbuf,0,VIDEO_OUTPUT_MPLANE
15829.546927,v4l2_qbuf,2,VIDEO_CAPTURE_MPLANE
15829.548978,v4l2_dqbuf,2,VIDEO_CAPTURE_MPLANE
15829.549026,v4l2_dqbuf,0,VIDEO_OUTPUT_MPLANE
15829.563406,v4l2_qbuf,0,VIDEO_OUTPUT_MPLANE
15829.563435,v4l2_qbuf,0,VIDEO_CAPTURE_MPLANE
15829.565658,v4l2_dqbuf,0,VIDEO_CAPTURE_MPLANE
15829.565692,v4l2_dqbuf,0,VIDEO_OUTPUT_MPLANE
15829.580222,v4l2_qbuf,0,VIDEO_OUTPUT_MPLANE
15829.580259,v4l2_qbuf,4,VIDEO_CAPTURE_MPLANE
15829.584135,v4l2_dqbuf,4,VIDEO_CAPTURE_MPLANE
15829.584239,v4l2_dqbuf,0,VIDEO_OUTPUT_MPLANE
15829.596799,v4l2_qbuf,0,VIDEO_OUTPUT_MPLANE
15829.596839,v4l2_qbuf,1,VIDEO_CAPTURE_MPLANE
15829.599870,v4l2_dqbuf,1,VIDEO_CAPTURE_MPLANE
15829.600023,v4l2_dqbuf,0,VIDEO_OUTPUT_MPLANE
15829.613183,v4l2_qbuf,0,VIDEO_OUTPUT_MPLANE
15829.613214,v4l2_qbuf,3,VIDEO_CAPTURE_MPLANE
15829.615482,v4l2_dqbuf,3,VIDEO_CAPTURE_MPLANE
15829.615517,v4l2_dqbuf,0,VIDEO_OUTPUT_MPLANE
15829.630460,v4l2_qbuf,0,VIDEO_OUTPUT_MPLANE
15829.630509,v4l2_qbuf,5,VIDEO_CAPTURE_MPLANE
15829.633815,v4l2_dqbuf,5,VIDEO_CAPTURE_MPLANE
15829.633966,v4l2_dqbuf,0,VIDEO_OUTPUT_MPLANE
15829.647053,v4l2_qbuf,0,VIDEO_OUTPUT_MPLANE
15829.647104,v4l2_qbuf,7,VIDEO_CAPTURE_MPLANE
15829.650500,v4l2_dqbuf,7,VIDEO_CAPTURE_MPLANE
15829.650703,v4l2_dqbuf,0,VIDEO_OUTPUT_MPLANE
15829.663377,v4l2_qbuf,0,VIDEO_OUTPUT_MPLANE
15829.663394,v4l2_qbuf,6,VIDEO_CAPTURE_MPLANE
15829.666535,v4l2_dqbuf,6,VIDEO_CAPTURE_MPLANE
15829.666598,v4l2_dqbuf,0,VIDEO_OUTPUT_MPLANE
15829.680103,v4l2_qbuf,0,VIDEO_OUTPUT_MPLANE
15829.680118,v4l2_qbuf,2,VIDEO_CAPTURE_MPLANE
15829.682408,v4l2_dqbuf,2,VIDEO_CAPTURE_MPLANE
15829.682421,v4l2_dqbuf,0,VIDEO_OUTPUT_MPLANE
15829.697128,v4l2_qbuf,0,VIDEO_OUTPUT_MPLANE
15829.697181,v4l2_qbuf,4,VIDEO_CAPTURE_MPLANE
15829.700418,v4l2_dqbuf,4,VIDEO_CAPTURE_MPLANE
15829.700537,v4l2_dqbuf,0,VIDEO_OUTPUT_MPLANE
15829.713174,v4l2_qbuf,0,VIDEO_OUTPUT_MPLANE
15829.713194,v4l2_qbuf,1,VIDEO_CAPTURE_MPLANE
15829.716347,v4l2_dqbuf,1,VIDEO_CAPTURE_MPLANE
15829.716440,v4l2_dqbuf,0,VIDEO_OUTPUT_MPLANE
15829.729966,v4l2_qbuf,0,VIDEO_OUTPUT_MPLANE
15829.729996,v4l2_qbuf,0,VIDEO_CAPTURE_MPLANE
15829.733360,v4l2_dqbuf,0,VIDEO_CAPTURE_MPLANE
15829.733594,v4l2_dqbuf,0,VIDEO_OUTPUT_MPLANE
15829.746795,v4l2_qbuf,0,VIDEO_OUTPUT_MPLANE
15829.746832,v4l2_qbuf,5,VIDEO_CAPTURE_MPLANE
15829.748972,v4l2_dqbuf,5,VIDEO_CAPTURE_MPLANE
15829.748985,v4l2_dqbuf,0,VIDEO_OUTPUT_MPLANE
15829.763396,v4l2_qbuf,0,VIDEO_OUTPUT_MPLANE
15829.763417,v4l2_qbuf,7,VIDEO_CAPTURE_MPLANE
15829.766534,v4l2_dqbuf,7,VIDEO_CAPTURE_MPLANE
15829.766619,v4l2_dqbuf,0,VIDEO_OUTPUT_MPLANE
15829.779794,v4l2_qbuf,0,VIDEO_OUTPUT_MPLANE
15829.779812,v4l2_qbuf,6,VIDEO_CAPTURE_MPLANE
15829.782869,v4l2_dqbuf,6,VIDEO_CAPTURE_MPLANE
15829.783028,v4l2_dqbuf,0,VIDEO_OUTPUT_MPLANE
15829.796601,v4l2_qbuf,0,VIDEO_OUTPUT_MPLANE
15829.796635,v4l2_qbuf,3,VIDEO_CAPTURE_MPLANE
15829.799701,v4l2_dqbuf,3,VIDEO_CAPTURE_MPLANE
15829.799774,v4l2_dqbuf,0,VIDEO_OUTPUT_MPLANE
15829.813378,v4l2_qbuf,0,VIDEO_OUTPUT_MPLANE
15829.813397,v4l2_qbuf,4,VIDEO_CAPTURE_MPLANE
15829.815584,v4l2_dqbuf,4,VIDEO_CAPTURE_MPLANE
15829.815601,v4l2_dqbuf,0,VIDEO_OUTPUT_MPLANE
15829.829726,v4l2_qbuf,0,VIDEO_OUTPUT_MPLANE
15829.829743,v4l2_qbuf,1,VIDEO_CAPTURE_MPLANE
15829.833034,v4l2_dqbuf,1,VIDEO_CAPTURE_MPLANE
15829.833200,v4l2_dqbuf,0,VIDEO_OUTPUT_MPLANE
15829.846586,v4l2_qbuf,0,VIDEO_OUTPUT_MPLANE
15829.846622,v4l2_qbuf,0,VIDEO_CAPTURE_MPLANE
15829.849863,v4l2_dqbuf,0,VIDEO_CAPTURE_MPLANE
15829.849981,v4l2_dqbuf,0,VIDEO_OUTPUT_MPLANE
15829.863153,v4l2_qbuf,0,VIDEO_OUTPUT_MPLANE
15829.863173,v4l2_qbuf,2,VIDEO_CAPTURE_MPLANE
15829.866175,v4l2_dqbuf,2,VIDEO_CAPTURE_MPLANE
15829.866325,v4l2_dqbuf,0,VIDEO_OUTPUT_MPLANE
15829.879835,v4l2_qbuf,0,VIDEO_OUTPUT_MPLANE
15829.879867,v4l2_qbuf,7,VIDEO_CAPTURE_MPLANE
15829.882064,v4l2_dqbuf,7,VIDEO_CAPTURE_MPLANE
15829.882078,v4l2_dqbuf,0,VIDEO_OUTPUT_MPLANE
15829.896913,v4l2_qbuf,0,VIDEO_OUTPUT_MPLANE
15829.896935,v4l2_qbuf,6,VIDEO_CAPTURE_MPLANE
15829.900137,v4l2_dqbuf,6,VIDEO_CAPTURE_MPLANE
15829.900304,v4l2_dqbuf,0,VIDEO_OUTPUT_MPLANE
15829.913560,v4l2_qbuf,0,VIDEO_OUTPUT_MPLANE
15829.913601,v4l2_qbuf,3,VIDEO_CAPTURE_MPLANE
15829.916791,v4l2_dqbuf,3,VIDEO_CAPTURE_MPLANE
15829.916960,v4l2_dqbuf,0,VIDEO_OUTPUT_MPLANE
15829.930062,v4l2_qbuf,0,VIDEO_OUTPUT_MPLANE
15829.930082,v4l2_qbuf,5,VIDEO_CAPTURE_MPLANE
15829.934405,v4l2_dqbuf,5,VIDEO_CAPTURE_MPLANE
15829.934535,v4l2_dqbuf,0,VIDEO_OUTPUT_MPLANE
15829.946575,v4l2_qbuf,0,VIDEO_OUTPUT_MPLANE
15829.946631,v4l2_qbuf,1,VIDEO_CAPTURE_MPLANE
15829.948864,v4l2_dqbuf,1,VIDEO_CAPTURE_MPLANE
15829.948885,v4l2_dqbuf,0,VIDEO_OUTPUT_MPLANE
15829.963445,v4l2_qbuf,0,VIDEO_OUTPUT_MPLANE
15829.963497,v4l2_qbuf,0,VIDEO_CAPTURE_MPLANE
15829.966658,v4l2_dqbuf,0,VIDEO_CAPTURE_MPLANE
15829.966848,v4l2_dqbuf,0,VIDEO_OUTPUT_MPLANE
15829.980018,v4l2_qbuf,0,VIDEO_OUTPUT_MPLANE
15829.980040,v4l2_qbuf,2,VIDEO_CAPTURE_MPLANE
15829.983128,v4l2_dqbuf,2,VIDEO_CAPTURE_MPLANE
15829.983270,v4l2_dqbuf,0,VIDEO_OUTPUT_MPLANE
15829.996692,v4l2_qbuf,0,VIDEO_OUTPUT_MPLANE
15829.996721,v4l2_qbuf,4,VIDEO_CAPTURE_MPLANE
15829.999848,v4l2_dqbuf,4,VIDEO_CAPTURE_MPLANE
15829.999929,v4l2_dqbuf,0,VIDEO_OUTPUT_MPLANE
15830.013521,v4l2_qbuf,0,VIDEO_OUTPUT_MPLANE
15830.013565,v4l2_qbuf,6,VIDEO_CAPTURE_MPLANE
15830.015913,v4l2_dqbuf,6,VIDEO_CAPTURE_MPLANE
15830.015939,v4l2_dqbuf,0,VIDEO_OUTPUT_MPLANE
15830.030098,v4l2_qbuf,0,VIDEO_OUTPUT_MPLANE
15830.030157,v4l2_qbuf,3,VIDEO_CAPTURE_MPLANE
15830.036136,v4l2_dqbuf,3,VIDEO_CAPTURE_MPLANE
15830.036260,v4l2_dqbuf,0,VIDEO_OUTPUT_MPLANE
15830.046798,v4l2_qbuf,0,VIDEO_OUTPUT_MPLANE
15830.046865,v4l2_qbuf,5,VIDEO_CAPTURE_MPLANE
15830.050326,v4l2_dqbuf,5,VIDEO_CAPTURE_MPLANE
15830.050444,v4l2_dqbuf,0,VIDEO_OUTPUT_MPLANE
15830.062990,v4l2_qbuf,0,VIDEO_OUTPUT_MPLANE
15830.063019,v4l2_qbuf,7,VIDEO_CAPTURE_MPLANE
15830.065989,v4l2_dqbuf,7,VIDEO_CAPTURE_MPLANE
15830.066077,v4l2_dqbuf,0,VIDEO_OUTPUT_MPLANE
15830.079669,v4l2_qbuf,0,VIDEO_OUTPUT_MPLANE
15830.079698,v4l2_qbuf,0,VIDEO_CAPTURE_MPLANE
15830.081963,v4l2_dqbuf,0,VIDEO_CAPTURE_MPLANE
15830.081982,v4l2_dqbuf,0,VIDEO_OUTPUT_MPLANE
15830.096646,v4l2_qbuf,0,VIDEO_OUTPUT_MPLANE
15830.096664,v4l2_qbuf,2,VIDEO_CAPTURE_MPLANE
15830.099815,v4l2_dqbuf,2,VIDEO_CAPTURE_MPLANE
15830.099957,v4l2_dqbuf,0,VIDEO_OUTPUT_MPLANE
15830.113616,v4l2_qbuf,0,VIDEO_OUTPUT_MPLANE
15830.113641,v4l2_qbuf,4,VIDEO_CAPTURE_MPLANE
15830.116722,v4l2_dqbuf,4,VIDEO_CAPTURE_MPLANE
15830.116875,v4l2_dqbuf,0,VIDEO_OUTPUT_MPLANE
15830.130276,v4l2_qbuf,0,VIDEO_OUTPUT_MPLANE
15830.130321,v4l2_qbuf,1,VIDEO_CAPTURE_MPLANE
15830.133454,v4l2_dqbuf,1,VIDEO_CAPTURE_MPLANE
15830.133643,v4l2_dqbuf,0,VIDEO_OUTPUT_MPLANE
15830.146907,v4l2_qbuf,0,VIDEO_OUTPUT_MPLANE
15830.146948,v4l2_qbuf,3,VIDEO_CAPTURE_MPLANE
15830.149273,v4l2_dqbuf,3,VIDEO_CAPTURE_MPLANE
15830.149302,v4l2_dqbuf,0,VIDEO_OUTPUT_MPLANE
15830.163253,v4l2_qbuf,0,VIDEO_OUTPUT_MPLANE
15830.163300,v4l2_qbuf,5,VIDEO_CAPTURE_MPLANE
15830.166811,v4l2_dqbuf,5,VIDEO_CAPTURE_MPLANE
15830.167065,v4l2_dqbuf,0,VIDEO_OUTPUT_MPLANE
15830.179999,v4l2_qbuf,0,VIDEO_OUTPUT_MPLANE
15830.180039,v4l2_qbuf,7,VIDEO_CAPTURE_MPLANE
15830.183252,v4l2_dqbuf,7,VIDEO_CAPTURE_MPLANE
15830.183343,v4l2_dqbuf,0,VIDEO_OUTPUT_MPLANE
15830.196759,v4l2_qbuf,0,VIDEO_OUTPUT_MPLANE
15830.196788,v4l2_qbuf,6,VIDEO_CAPTURE_MPLANE
15830.199885,v4l2_dqbuf,6,VIDEO_CAPTURE_MPLANE
15830.200118,v4l2_dqbuf,0,VIDEO_OUTPUT_MPLANE
15830.213631,v4l2_qbuf,0,VIDEO_OUTPUT_MPLANE
15830.213674,v4l2_qbuf,2,VIDEO_CAPTURE_MPLANE
15830.215962,v4l2_dqbuf,2,VIDEO_CAPTURE_MPLANE
15830.215996,v4l2_dqbuf,0,VIDEO_OUTPUT_MPLANE
15830.230160,v4l2_qbuf,0,VIDEO_OUTPUT_MPLANE
15830.230196,v4l2_qbuf,4,VIDEO_CAPTURE_MPLANE
15830.233284,v4l2_dqbuf,4,VIDEO_CAPTURE_MPLANE
15830.233431,v4l2_dqbuf,0,VIDEO_OUTPUT_MPLANE
15830.246794,v4l2_qbuf,0,VIDEO_OUTPUT_MPLANE
15830.246833,v4l2_qbuf,1,VIDEO_CAPTURE_MPLANE
15830.249897,v4l2_dqbuf,1,VIDEO_CAPTURE_MPLANE
15830.250094,v4l2_dqbuf,0,VIDEO_OUTPUT_MPLANE
15830.263562,v4l2_qbuf,0,VIDEO_OUTPUT_MPLANE
15830.263646,v4l2_qbuf,0,VIDEO_CAPTURE_MPLANE
15830.266890,v4l2_dqbuf,0,VIDEO_CAPTURE_MPLANE
15830.267124,v4l2_dqbuf,0,VIDEO_OUTPUT_MPLANE
15830.280492,v4l2_qbuf,0,VIDEO_OUTPUT_MPLANE
15830.280543,v4l2_qbuf,5,VIDEO_CAPTURE_MPLANE
15830.282670,v4l2_dqbuf,5,VIDEO_CAPTURE_MPLANE
15830.282688,v4l2_dqbuf,0,VIDEO_OUTPUT_MPLANE
15830.296547,v4l2_qbuf,0,VIDEO_OUTPUT_MPLANE
15830.296565,v4l2_qbuf,7,VIDEO_CAPTURE_MPLANE
15830.299771,v4l2_dqbuf,7,VIDEO_CAPTURE_MPLANE
15830.299881,v4l2_dqbuf,0,VIDEO_OUTPUT_MPLANE
15830.313344,v4l2_qbuf,0,VIDEO_OUTPUT_MPLANE
15830.313386,v4l2_qbuf,6,VIDEO_CAPTURE_MPLANE
15830.316682,v4l2_dqbuf,6,VIDEO_CAPTURE_MPLANE
15830.316837,v4l2_dqbuf,0,VIDEO_OUTPUT_MPLANE
15830.330176,v4l2_qbuf,0,VIDEO_OUTPUT_MPLANE
15830.330213,v4l2_qbuf,3,VIDEO_CAPTURE_MPLANE
15830.333445,v4l2_dqbuf,3,VIDEO_CAPTURE_MPLANE
15830.333646,v4l2_dqbuf,0,VIDEO_OUTPUT_MPLANE
15830.347332,v4l2_qbuf,0,VIDEO_OUTPUT_MPLANE
15830.347380,v4l2_qbuf,4,VIDEO_CAPTURE_MPLANE
15830.349619,v4l2_dqbuf,4,VIDEO_CAPTURE_MPLANE
15830.349635,v4l2_dqbuf,0,VIDEO_OUTPUT_MPLANE
15830.363630,v4l2_qbuf,0,VIDEO_OUTPUT_MPLANE
15830.363679,v4l2_qbuf,1,VIDEO_CAPTURE_MPLANE
15830.367016,v4l2_dqbuf,1,VIDEO_CAPTURE_MPLANE
15830.367658,v4l2_dqbuf,0,VIDEO_OUTPUT_MPLANE
15830.379902,v4l2_qbuf,0,VIDEO_OUTPUT_MPLANE
15830.379925,v4l2_qbuf,0,VIDEO_CAPTURE_MPLANE
15830.383606,v4l2_dqbuf,0,VIDEO_CAPTURE_MPLANE
15830.383890,v4l2_dqbuf,0,VIDEO_OUTPUT_MPLANE
15830.396614,v4l2_qbuf,0,VIDEO_OUTPUT_MPLANE
15830.396652,v4l2_qbuf,2,VIDEO_CAPTURE_MPLANE
15830.399812,v4l2_dqbuf,2,VIDEO_CAPTURE_MPLANE
15830.400028,v4l2_dqbuf,0,VIDEO_OUTPUT_MPLANE
15830.413145,v4l2_qbuf,0,VIDEO_OUTPUT_MPLANE
15830.413196,v4l2_qbuf,7,VIDEO_CAPTURE_MPLANE
15830.415482,v4l2_dqbuf,7,VIDEO_CAPTURE_MPLANE
15830.415513,v4l2_dqbuf,0,VIDEO_OUTPUT_MPLANE
15830.429961,v4l2_qbuf,0,VIDEO_OUTPUT_MPLANE
15830.429982,v4l2_qbuf,6,VIDEO_CAPTURE_MPLANE
15830.433131,v4l2_dqbuf,6,VIDEO_CAPTURE_MPLANE
15830.433272,v4l2_dqbuf,0,VIDEO_OUTPUT_MPLANE
15830.446758,v4l2_qbuf,0,VIDEO_OUTPUT_MPLANE
15830.446793,v4l2_qbuf,3,VIDEO_CAPTURE_MPLANE
15830.450038,v4l2_dqbuf,3,VIDEO_CAPTURE_MPLANE
15830.450206,v4l2_dqbuf,0,VIDEO_OUTPUT_MPLANE
15830.463449,v4l2_qbuf,0,VIDEO_OUTPUT_MPLANE
15830.463486,v4l2_qbuf,5,VIDEO_CAPTURE_MPLANE
15830.466690,v4l2_dqbuf,5,VIDEO_CAPTURE_MPLANE
15830.466889,v4l2_dqbuf,0,VIDEO_OUTPUT_MPLANE
15830.480164,v4l2_qbuf,0,VIDEO_OUTPUT_MPLANE
15830.480199,v4l2_qbuf,1,VIDEO_CAPTURE_MPLANE
15830.484287,v4l2_dqbuf,1,VIDEO_CAPTURE_MPLANE
15830.484351,v4l2_dqbuf,0,VIDEO_OUTPUT_MPLANE
15830.496593,v4l2_qbuf,0,VIDEO_OUTPUT_MPLANE
15830.496628,v4l2_qbuf,0,VIDEO_CAPTURE_MPLANE
15830.499686,v4l2_dqbuf,0,VIDEO_CAPTURE_MPLANE
15830.499850,v4l2_dqbuf,0,VIDEO_OUTPUT_MPLANE
15830.513193,v4l2_qbuf,0,VIDEO_OUTPUT_MPLANE
15830.513216,v4l2_qbuf,2,VIDEO_CAPTURE_MPLANE
15830.516468,v4l2_dqbuf,2,VIDEO_CAPTURE_MPLANE
15830.516622,v4l2_dqbuf,0,VIDEO_OUTPUT_MPLANE
15830.530236,v4l2_qbuf,0,VIDEO_OUTPUT_MPLANE
15830.530286,v4l2_qbuf,4,VIDEO_CAPTURE_MPLANE
15830.533546,v4l2_dqbuf,4,VIDEO_CAPTURE_MPLANE
15830.533654,v4l2_dqbuf,0,VIDEO_OUTPUT_MPLANE
15830.546589,v4l2_qbuf,0,VIDEO_OUTPUT_MPLANE
15830.546612,v4l2_qbuf,6,VIDEO_CAPTURE_MPLANE
15830.548595,v4l2_dqbuf,6,VIDEO_CAPTURE_MPLANE
15830.548611,v4l2_dqbuf,0,VIDEO_OUTPUT_MPLANE
15830.563272,v4l2_qbuf,0,VIDEO_OUTPUT_MPLANE
15830.563290,v4l2_qbuf,3,VIDEO_CAPTURE_MPLANE
15830.565621,v4l2_dqbuf,3,VIDEO_CAPTURE_MPLANE
15830.565657,v4l2_dqbuf,0,VIDEO_OUTPUT_MPLANE
15830.579832,v4l2_qbuf,0,VIDEO_OUTPUT_MPLANE
15830.579850,v4l2_qbuf,5,VIDEO_CAPTURE_MPLANE
15830.583026,v4l2_dqbuf,5,VIDEO_CAPTURE_MPLANE
15830.583144,v4l2_dqbuf,0,VIDEO_OUTPUT_MPLANE
15830.596704,v4l2_qbuf,0,VIDEO_OUTPUT_MPLANE
15830.596727,v4l2_qbuf,7,VIDEO_CAPTURE_MPLANE
15830.601148,v4l2_dqbuf,7,VIDEO_CAPTURE_MPLANE
15830.601257,v4l2_dqbuf,0,VIDEO_OUTPUT_MPLANE
15830.612971,v4l2_qbuf,0,VIDEO_OUTPUT_MPLANE
15830.612988,v4l2_qbuf,0,VIDEO_CAPTURE_MPLANE
15830.616074,v4l2_dqbuf,0,VIDEO_CAPTURE_MPLANE
15830.616146,v4l2_dqbuf,0,VIDEO_OUTPUT_MPLANE
15830.629774,v4l2_qbuf,0,VIDEO_OUTPUT_MPLANE
15830.629799,v4l2_qbuf,2,VIDEO_CAPTURE_MPLANE
15830.632068,v4l2_dqbuf,2,VIDEO_CAPTURE_MPLANE
15830.632084,v4l2_dqbuf,0,VIDEO_OUTPUT_MPLANE
15830.646720,v4l2_qbuf,0,VIDEO_OUTPUT_MPLANE
15830.646745,v4l2_qbuf,4,VIDEO_CAPTURE_MPLANE
15830.650047,v4l2_dqbuf,4,VIDEO_CAPTURE_MPLANE
15830.650143,v4l2_dqbuf,0,VIDEO_OUTPUT_MPLANE
15830.663678,v4l2_qbuf,0,VIDEO_OUTPUT_MPLANE
15830.663712,v4l2_qbuf,1,VIDEO_CAPTURE_MPLANE
15830.666838,v4l2_dqbuf,1,VIDEO_CAPTURE_MPLANE
15830.666975,v4l2_dqbuf,0,VIDEO_OUTPUT_MPLANE
15830.679981,v4l2_qbuf,0,VIDEO_OUTPUT_MPLANE
15830.680025,v4l2_qbuf,6,VIDEO_CAPTURE_MPLANE
15830.683258,v4l2_dqbuf,6,VIDEO_CAPTURE_MPLANE
15830.683384,v4l2_dqbuf,0,VIDEO_OUTPUT_MPLANE
15830.697683,v4l2_qbuf,0,VIDEO_OUTPUT_MPLANE
15830.697769,v4l2_qbuf,5,VIDEO_CAPTURE_MPLANE
15830.700233,v4l2_dqbuf,5,VIDEO_CAPTURE_MPLANE
15830.700274,v4l2_dqbuf,0,VIDEO_OUTPUT_MPLANE
15830.715831,v4l2_qbuf,0,VIDEO_OUTPUT_MPLANE
15830.715856,v4l2_qbuf,7,VIDEO_CAPTURE_MPLANE
15830.718943,v4l2_dqbuf,7,VIDEO_CAPTURE_MPLANE
15830.719056,v4l2_dqbuf,0,VIDEO_OUTPUT_MPLANE
15830.746584,v4l2_qbuf,0,VIDEO_OUTPUT_MPLANE
15830.746605,v4l2_qbuf,0,VIDEO_CAPTURE_MPLANE
15830.746824,v4l2_qbuf,1,VIDEO_OUTPUT_MPLANE
15830.746838,v4l2_qbuf,4,VIDEO_CAPTURE_MPLANE
15830.749929,v4l2_dqbuf,0,VIDEO_CAPTURE_MPLANE
15830.750052,v4l2_dqbuf,0,VIDEO_OUTPUT_MPLANE
15830.752832,v4l2_dqbuf,4,VIDEO_CAPTURE_MPLANE
15830.752921,v4l2_dqbuf,1,VIDEO_OUTPUT_MPLANE
15830.766037,v4l2_qbuf,0,VIDEO_OUTPUT_MPLANE
15830.766067,v4l2_qbuf,3,VIDEO_CAPTURE_MPLANE
15830.768417,v4l2_dqbuf,3,VIDEO_CAPTURE_MPLANE
15830.768465,v4l2_dqbuf,0,VIDEO_OUTPUT_MPLANE
15830.783111,v4l2_qbuf,0,VIDEO_OUTPUT_MPLANE
15830.783156,v4l2_qbuf,1,VIDEO_CAPTURE_MPLANE
15830.787602,v4l2_dqbuf,1,VIDEO_CAPTURE_MPLANE
15830.787696,v4l2_dqbuf,0,VIDEO_OUTPUT_MPLANE
15830.799389,v4l2_qbuf,0,VIDEO_OUTPUT_MPLANE
15830.799411,v4l2_qbuf,6,VIDEO_CAPTURE_MPLANE
15830.802610,v4l2_dqbuf,6,VIDEO_CAPTURE_MPLANE
15830.802711,v4l2_dqbuf,0,VIDEO_OUTPUT_MPLANE
15830.816939,v4l2_qbuf,0,VIDEO_OUTPUT_MPLANE
15830.816962,v4l2_qbuf,2,VIDEO_CAPTURE_MPLANE
15830.820183,v4l2_dqbuf,2,VIDEO_CAPTURE_MPLANE
15830.820270,v4l2_dqbuf,0,VIDEO_OUTPUT_MPLANE
15830.832593,v4l2_qbuf,0,VIDEO_OUTPUT_MPLANE
15830.832626,v4l2_qbuf,7,VIDEO_CAPTURE_MPLANE
15830.834802,v4l2_dqbuf,7,VIDEO_CAPTURE_MPLANE
15830.834889,v4l2_dqbuf,0,VIDEO_OUTPUT_MPLANE
15830.852473,v4l2_qbuf,0,VIDEO_OUTPUT_MPLANE
15830.852520,v4l2_qbuf,0,VIDEO_CAPTURE_MPLANE
15830.856357,v4l2_dqbuf,0,VIDEO_CAPTURE_MPLANE
15830.856689,v4l2_dqbuf,0,VIDEO_OUTPUT_MPLANE
15830.869239,v4l2_qbuf,0,VIDEO_OUTPUT_MPLANE
15830.869279,v4l2_qbuf,4,VIDEO_CAPTURE_MPLANE
15830.872589,v4l2_dqbuf,4,VIDEO_CAPTURE_MPLANE
15830.872684,v4l2_dqbuf,0,VIDEO_OUTPUT_MPLANE
15830.888601,v4l2_qbuf,0,VIDEO_OUTPUT_MPLANE
15830.888625,v4l2_qbuf,5,VIDEO_CAPTURE_MPLANE
15830.891949,v4l2_dqbuf,5,VIDEO_CAPTURE_MPLANE
15830.892101,v4l2_dqbuf,0,VIDEO_OUTPUT_MPLANE
15830.904356,v4l2_qbuf,0,VIDEO_OUTPUT_MPLANE
15830.904390,v4l2_qbuf,1,VIDEO_CAPTURE_MPLANE
15830.906669,v4l2_dqbuf,1,VIDEO_CAPTURE_MPLANE
15830.906696,v4l2_dqbuf,0,VIDEO_OUTPUT_MPLANE
15830.922900,v4l2_qbuf,0,VIDEO_OUTPUT_MPLANE
15830.922937,v4l2_qbuf,6,VIDEO_CAPTURE_MPLANE
15830.926333,v4l2_dqbuf,6,VIDEO_CAPTURE_MPLANE
15830.926441,v4l2_dqbuf,0,VIDEO_OUTPUT_MPLANE
15830.942344,v4l2_qbuf,0,VIDEO_OUTPUT_MPLANE
15830.942379,v4l2_qbuf,2,VIDEO_CAPTURE_MPLANE
15830.945696,v4l2_dqbuf,2,VIDEO_CAPTURE_MPLANE
15830.945846,v4l2_dqbuf,0,VIDEO_OUTPUT_MPLANE
15830.956396,v4l2_qbuf,0,VIDEO_OUTPUT_MPLANE
15830.956427,v4l2_qbuf,3,VIDEO_CAPTURE_MPLANE
15830.959637,v4l2_dqbuf,3,VIDEO_CAPTURE_MPLANE
15830.959741,v4l2_dqbuf,0,VIDEO_OUTPUT_MPLANE
15830.975285,v4l2_qbuf,0,VIDEO_OUTPUT_MPLANE
15830.975307,v4l2_qbuf,0,VIDEO_CAPTURE_MPLANE
15830.977515,v4l2_dqbuf,0,VIDEO_CAPTURE_MPLANE
15830.977532,v4l2_dqbuf,0,VIDEO_OUTPUT_MPLANE
15830.991942,v4l2_qbuf,0,VIDEO_OUTPUT_MPLANE
15830.991960,v4l2_qbuf,4,VIDEO_CAPTURE_MPLANE
15830.995166,v4l2_dqbuf,4,VIDEO_CAPTURE_MPLANE
15830.995241,v4l2_dqbuf,0,VIDEO_OUTPUT_MPLANE
15831.009147,v4l2_qbuf,0,VIDEO_OUTPUT_MPLANE
15831.009168,v4l2_qbuf,5,VIDEO_CAPTURE_MPLANE
15831.012483,v4l2_dqbuf,5,VIDEO_CAPTURE_MPLANE
15831.012582,v4l2_dqbuf,0,VIDEO_OUTPUT_MPLANE
15831.025573,v4l2_qbuf,0,VIDEO_OUTPUT_MPLANE
15831.025617,v4l2_qbuf,7,VIDEO_CAPTURE_MPLANE
15831.028791,v4l2_dqbuf,7,VIDEO_CAPTURE_MPLANE
15831.028932,v4l2_dqbuf,0,VIDEO_OUTPUT_MPLANE
15831.044782,v4l2_qbuf,0,VIDEO_OUTPUT_MPLANE
15831.044832,v4l2_qbuf,6,VIDEO_CAPTURE_MPLANE
15831.047228,v4l2_dqbuf,6,VIDEO_CAPTURE_MPLANE
15831.047256,v4l2_dqbuf,0,VIDEO_OUTPUT_MPLANE
15831.061202,v4l2_qbuf,0,VIDEO_OUTPUT_MPLANE
15831.061239,v4l2_qbuf,2,VIDEO_CAPTURE_MPLANE
15831.064490,v4l2_dqbuf,2,VIDEO_CAPTURE_MPLANE
15831.064557,v4l2_dqbuf,0,VIDEO_OUTPUT_MPLANE
15831.077699,v4l2_qbuf,0,VIDEO_OUTPUT_MPLANE
15831.077717,v4l2_qbuf,3,VIDEO_CAPTURE_MPLANE
15831.080869,v4l2_dqbuf,3,VIDEO_CAPTURE_MPLANE
15831.080953,v4l2_dqbuf,0,VIDEO_OUTPUT_MPLANE
15831.095315,v4l2_qbuf,0,VIDEO_OUTPUT_MPLANE
15831.095338,v4l2_qbuf,1,VIDEO_CAPTURE_MPLANE
15831.098945,v4l2_dqbuf,1,VIDEO_CAPTURE_MPLANE
15831.099049,v4l2_dqbuf,0,VIDEO_OUTPUT_MPLANE
15831.111336,v4l2_qbuf,0,VIDEO_OUTPUT_MPLANE
15831.111362,v4l2_qbuf,4,VIDEO_CAPTURE_MPLANE
15831.113544,v4l2_dqbuf,4,VIDEO_CAPTURE_MPLANE
15831.113559,v4l2_dqbuf,0,VIDEO_OUTPUT_MPLANE
15831.130109,v4l2_qbuf,0,VIDEO_OUTPUT_MPLANE
15831.130216,v4l2_qbuf,5,VIDEO_CAPTURE_MPLANE
15831.133376,v4l2_dqbuf,5,VIDEO_CAPTURE_MPLANE
15831.133460,v4l2_dqbuf,0,VIDEO_OUTPUT_MPLANE
15831.146389,v4l2_qbuf,0,VIDEO_OUTPUT_MPLANE
15831.146423,v4l2_qbuf,7,VIDEO_CAPTURE_MPLANE
15831.149942,v4l2_dqbuf,7,VIDEO_CAPTURE_MPLANE
15831.150194,v4l2_dqbuf,0,VIDEO_OUTPUT_MPLANE
15831.163086,v4l2_qbuf,0,VIDEO_OUTPUT_MPLANE
15831.163107,v4l2_qbuf,0,VIDEO_CAPTURE_MPLANE
15831.166245,v4l2_dqbuf,0,VIDEO_CAPTURE_MPLANE
15831.166333,v4l2_dqbuf,0,VIDEO_OUTPUT_MPLANE
15831.179826,v4l2_qbuf,0,VIDEO_OUTPUT_MPLANE
15831.179856,v4l2_qbuf,2,VIDEO_CAPTURE_MPLANE
15831.182137,v4l2_dqbuf,2,VIDEO_CAPTURE_MPLANE
15831.182157,v4l2_dqbuf,0,VIDEO_OUTPUT_MPLANE
15831.196608,v4l2_qbuf,0,VIDEO_OUTPUT_MPLANE
15831.196629,v4l2_qbuf,3,VIDEO_CAPTURE_MPLANE
15831.199903,v4l2_dqbuf,3,VIDEO_CAPTURE_MPLANE
15831.199978,v4l2_dqbuf,0,VIDEO_OUTPUT_MPLANE
15831.213356,v4l2_qbuf,0,VIDEO_OUTPUT_MPLANE
15831.213378,v4l2_qbuf,1,VIDEO_CAPTURE_MPLANE
15831.216732,v4l2_dqbuf,1,VIDEO_CAPTURE_MPLANE
15831.216817,v4l2_dqbuf,0,VIDEO_OUTPUT_MPLANE
15831.230339,v4l2_qbuf,0,VIDEO_OUTPUT_MPLANE
15831.230389,v4l2_qbuf,6,VIDEO_CAPTURE_MPLANE
15831.233714,v4l2_dqbuf,6,VIDEO_CAPTURE_MPLANE
15831.233867,v4l2_dqbuf,0,VIDEO_OUTPUT_MPLANE
15831.246837,v4l2_qbuf,0,VIDEO_OUTPUT_MPLANE
15831.246879,v4l2_qbuf,5,VIDEO_CAPTURE_MPLANE
15831.249298,v4l2_dqbuf,5,VIDEO_CAPTURE_MPLANE
15831.249312,v4l2_dqbuf,0,VIDEO_OUTPUT_MPLANE
15831.263452,v4l2_qbuf,0,VIDEO_OUTPUT_MPLANE
15831.263474,v4l2_qbuf,7,VIDEO_CAPTURE_MPLANE
15831.267349,v4l2_dqbuf,7,VIDEO_CAPTURE_MPLANE
15831.267439,v4l2_dqbuf,0,VIDEO_OUTPUT_MPLANE
15831.280150,v4l2_qbuf,0,VIDEO_OUTPUT_MPLANE
15831.280192,v4l2_qbuf,0,VIDEO_CAPTURE_MPLANE
15831.283594,v4l2_dqbuf,0,VIDEO_CAPTURE_MPLANE
15831.283737,v4l2_dqbuf,0,VIDEO_OUTPUT_MPLANE
15831.296915,v4l2_qbuf,0,VIDEO_OUTPUT_MPLANE
15831.296960,v4l2_qbuf,4,VIDEO_CAPTURE_MPLANE
15831.300195,v4l2_dqbuf,4,VIDEO_CAPTURE_MPLANE
15831.300362,v4l2_dqbuf,0,VIDEO_OUTPUT_MPLANE
15831.313467,v4l2_qbuf,0,VIDEO_OUTPUT_MPLANE
15831.313521,v4l2_qbuf,3,VIDEO_CAPTURE_MPLANE
15831.316052,v4l2_dqbuf,3,VIDEO_CAPTURE_MPLANE
15831.316085,v4l2_dqbuf,0,VIDEO_OUTPUT_MPLANE
15831.329749,v4l2_qbuf,0,VIDEO_OUTPUT_MPLANE
15831.329770,v4l2_qbuf,1,VIDEO_CAPTURE_MPLANE
15831.333181,v4l2_dqbuf,1,VIDEO_CAPTURE_MPLANE
15831.333274,v4l2_dqbuf,0,VIDEO_OUTPUT_MPLANE
15831.346588,v4l2_qbuf,0,VIDEO_OUTPUT_MPLANE
15831.346612,v4l2_qbuf,6,VIDEO_CAPTURE_MPLANE
15831.349858,v4l2_dqbuf,6,VIDEO_CAPTURE_MPLANE
15831.349950,v4l2_dqbuf,0,VIDEO_OUTPUT_MPLANE
15831.363551,v4l2_qbuf,0,VIDEO_OUTPUT_MPLANE
15831.363575,v4l2_qbuf,2,VIDEO_CAPTURE_MPLANE
15831.368410,v4l2_dqbuf,2,VIDEO_CAPTURE_MPLANE
15831.368537,v4l2_dqbuf,0,VIDEO_OUTPUT_MPLANE
15831.379891,v4l2_qbuf,0,VIDEO_OUTPUT_MPLANE
15831.379915,v4l2_qbuf,7,VIDEO_CAPTURE_MPLANE
15831.382334,v4l2_dqbuf,7,VIDEO_CAPTURE_MPLANE
15831.382387,v4l2_dqbuf,0,VIDEO_OUTPUT_MPLANE
15831.396654,v4l2_qbuf,0,VIDEO_OUTPUT_MPLANE
15831.396731,v4l2_qbuf,0,VIDEO_CAPTURE_MPLANE
15831.400081,v4l2_dqbuf,0,VIDEO_CAPTURE_MPLANE
15831.400223,v4l2_dqbuf,0,VIDEO_OUTPUT_MPLANE
15831.413354,v4l2_qbuf,0,VIDEO_OUTPUT_MPLANE
15831.413375,v4l2_qbuf,4,VIDEO_CAPTURE_MPLANE
15831.416702,v4l2_dqbuf,4,VIDEO_CAPTURE_MPLANE
15831.416877,v4l2_dqbuf,0,VIDEO_OUTPUT_MPLANE
15831.430306,v4l2_qbuf,0,VIDEO_OUTPUT_MPLANE
15831.430432,v4l2_qbuf,5,VIDEO_CAPTURE_MPLANE
15831.433859,v4l2_dqbuf,5,VIDEO_CAPTURE_MPLANE
15831.434045,v4l2_dqbuf,0,VIDEO_OUTPUT_MPLANE
15831.446878,v4l2_qbuf,0,VIDEO_OUTPUT_MPLANE
15831.446927,v4l2_qbuf,1,VIDEO_CAPTURE_MPLANE
15831.449362,v4l2_dqbuf,1,VIDEO_CAPTURE_MPLANE
15831.449402,v4l2_dqbuf,0,VIDEO_OUTPUT_MPLANE
15831.463940,v4l2_qbuf,0,VIDEO_OUTPUT_MPLANE
15831.464062,v4l2_qbuf,6,VIDEO_CAPTURE_MPLANE
15831.467620,v4l2_dqbuf,6,VIDEO_CAPTURE_MPLANE
15831.467871,v4l2_dqbuf,0,VIDEO_OUTPUT_MPLANE
15831.480322,v4l2_qbuf,0,VIDEO_OUTPUT_MPLANE
15831.480403,v4l2_qbuf,2,VIDEO_CAPTURE_MPLANE
15831.484464,v4l2_dqbuf,2,VIDEO_CAPTURE_MPLANE
15831.484603,v4l2_dqbuf,0,VIDEO_OUTPUT_MPLANE
15831.496425,v4l2_qbuf,0,VIDEO_OUTPUT_MPLANE
15831.496444,v4l2_qbuf,3,VIDEO_CAPTURE_MPLANE
15831.499520,v4l2_dqbuf,3,VIDEO_CAPTURE_MPLANE
15831.499613,v4l2_dqbuf,0,VIDEO_OUTPUT_MPLANE
15831.513165,v4l2_qbuf,0,VIDEO_OUTPUT_MPLANE
15831.513190,v4l2_qbuf,0,VIDEO_CAPTURE_MPLANE
15831.515473,v4l2_dqbuf,0,VIDEO_CAPTURE_MPLANE
15831.515491,v4l2_dqbuf,0,VIDEO_OUTPUT_MPLANE
15831.530579,v4l2_qbuf,0,VIDEO_OUTPUT_MPLANE
15831.530649,v4l2_qbuf,4,VIDEO_CAPTURE_MPLANE
15831.534080,v4l2_dqbuf,4,VIDEO_CAPTURE_MPLANE
15831.534179,v4l2_dqbuf,0,VIDEO_OUTPUT_MPLANE
15831.547114,v4l2_qbuf,0,VIDEO_OUTPUT_MPLANE
15831.547169,v4l2_qbuf,5,VIDEO_CAPTURE_MPLANE
15831.550596,v4l2_dqbuf,5,VIDEO_CAPTURE_MPLANE
15831.550862,v4l2_dqbuf,0,VIDEO_OUTPUT_MPLANE
15831.563781,v4l2_qbuf,0,VIDEO_OUTPUT_MPLANE
15831.563831,v4l2_qbuf,7,VIDEO_CAPTURE_MPLANE
15831.565772,v4l2_dqbuf,7,VIDEO_CAPTURE_MPLANE
15831.565801,v4l2_dqbuf,0,VIDEO_OUTPUT_MPLANE
15831.580076,v4l2_qbuf,0,VIDEO_OUTPUT_MPLANE
15831.580100,v4l2_qbuf,6,VIDEO_CAPTURE_MPLANE
15831.582302,v4l2_dqbuf,6,VIDEO_CAPTURE_MPLANE
15831.582330,v4l2_dqbuf,0,VIDEO_OUTPUT_MPLANE
15831.596397,v4l2_qbuf,0,VIDEO_OUTPUT_MPLANE
15831.596420,v4l2_qbuf,2,VIDEO_CAPTURE_MPLANE
15831.600621,v4l2_dqbuf,2,VIDEO_CAPTURE_MPLANE
15831.600894,v4l2_dqbuf,0,VIDEO_OUTPUT_MPLANE
15831.613120,v4l2_qbuf,0,VIDEO_OUTPUT_MPLANE
15831.613156,v4l2_qbuf,3,VIDEO_CAPTURE_MPLANE
15831.616455,v4l2_dqbuf,3,VIDEO_CAPTURE_MPLANE
15831.616546,v4l2_dqbuf,0,VIDEO_OUTPUT_MPLANE
15831.629800,v4l2_qbuf,0,VIDEO_OUTPUT_MPLANE
15831.629839,v4l2_qbuf,1,VIDEO_CAPTURE_MPLANE
15831.632840,v4l2_dqbuf,1,VIDEO_CAPTURE_MPLANE
15831.632923,v4l2_dqbuf,0,VIDEO_OUTPUT_MPLANE
15831.646520,v4l2_qbuf,0,VIDEO_OUTPUT_MPLANE
15831.646560,v4l2_qbuf,4,VIDEO_CAPTURE_MPLANE
15831.648801,v4l2_dqbuf,4,VIDEO_CAPTURE_MPLANE
15831.648819,v4l2_dqbuf,0,VIDEO_OUTPUT_MPLANE
15831.663028,v4l2_qbuf,0,VIDEO_OUTPUT_MPLANE
15831.663047,v4l2_qbuf,5,VIDEO_CAPTURE_MPLANE
15831.666361,v4l2_dqbuf,5,VIDEO_CAPTURE_MPLANE
15831.666436,v4l2_dqbuf,0,VIDEO_OUTPUT_MPLANE
15831.679684,v4l2_qbuf,0,VIDEO_OUTPUT_MPLANE
15831.679704,v4l2_qbuf,0,VIDEO_CAPTURE_MPLANE
15831.683072,v4l2_dqbuf,0,VIDEO_CAPTURE_MPLANE
15831.683231,v4l2_dqbuf,0,VIDEO_OUTPUT_MPLANE
15831.696721,v4l2_qbuf,0,VIDEO_OUTPUT_MPLANE
15831.696838,v4l2_qbuf,7,VIDEO_CAPTURE_MPLANE
15831.700629,v4l2_dqbuf,7,VIDEO_CAPTURE_MPLANE
15831.700852,v4l2_dqbuf,0,VIDEO_OUTPUT_MPLANE
15831.713369,v4l2_qbuf,0,VIDEO_OUTPUT_MPLANE
15831.713449,v4l2_qbuf,2,VIDEO_CAPTURE_MPLANE
15831.717357,v4l2_dqbuf,2,VIDEO_CAPTURE_MPLANE
15831.717390,v4l2_dqbuf,0,VIDEO_OUTPUT_MPLANE
15831.729916,v4l2_qbuf,0,VIDEO_OUTPUT_MPLANE
15831.729958,v4l2_qbuf,3,VIDEO_CAPTURE_MPLANE
15831.733295,v4l2_dqbuf,3,VIDEO_CAPTURE_MPLANE
15831.733410,v4l2_dqbuf,0,VIDEO_OUTPUT_MPLANE
15831.746828,v4l2_qbuf,0,VIDEO_OUTPUT_MPLANE
15831.746850,v4l2_qbuf,1,VIDEO_CAPTURE_MPLANE
15831.750185,v4l2_dqbuf,1,VIDEO_CAPTURE_MPLANE
15831.750402,v4l2_dqbuf,0,VIDEO_OUTPUT_MPLANE
15831.763184,v4l2_qbuf,0,VIDEO_OUTPUT_MPLANE
15831.763202,v4l2_qbuf,6,VIDEO_CAPTURE_MPLANE
15831.766420,v4l2_dqbuf,6,VIDEO_CAPTURE_MPLANE
15831.766573,v4l2_dqbuf,0,VIDEO_OUTPUT_MPLANE
15831.780038,v4l2_qbuf,0,VIDEO_OUTPUT_MPLANE
15831.780062,v4l2_qbuf,5,VIDEO_CAPTURE_MPLANE
15831.782331,v4l2_dqbuf,5,VIDEO_CAPTURE_MPLANE
15831.782350,v4l2_dqbuf,0,VIDEO_OUTPUT_MPLANE
15831.796866,v4l2_qbuf,0,VIDEO_OUTPUT_MPLANE
15831.796889,v4l2_qbuf,0,VIDEO_CAPTURE_MPLANE
15831.800218,v4l2_dqbuf,0,VIDEO_CAPTURE_MPLANE
15831.800303,v4l2_dqbuf,0,VIDEO_OUTPUT_MPLANE
15831.813172,v4l2_qbuf,0,VIDEO_OUTPUT_MPLANE
15831.813194,v4l2_qbuf,7,VIDEO_CAPTURE_MPLANE
15831.819159,v4l2_dqbuf,7,VIDEO_CAPTURE_MPLANE
15831.819429,v4l2_dqbuf,0,VIDEO_OUTPUT_MPLANE
15831.830254,v4l2_qbuf,0,VIDEO_OUTPUT_MPLANE
15831.830307,v4l2_qbuf,4,VIDEO_CAPTURE_MPLANE
15831.834122,v4l2_dqbuf,4,VIDEO_CAPTURE_MPLANE
15831.834284,v4l2_dqbuf,0,VIDEO_OUTPUT_MPLANE
15831.846713,v4l2_qbuf,0,VIDEO_OUTPUT_MPLANE
15831.846753,v4l2_qbuf,3,VIDEO_CAPTURE_MPLANE
15831.849045,v4l2_dqbuf,3,VIDEO_CAPTURE_MPLANE
15831.849061,v4l2_dqbuf,0,VIDEO_OUTPUT_MPLANE
15831.862992,v4l2_qbuf,0,VIDEO_OUTPUT_MPLANE
15831.863038,v4l2_qbuf,1,VIDEO_CAPTURE_MPLANE
15831.866346,v4l2_dqbuf,1,VIDEO_CAPTURE_MPLANE
15831.866438,v4l2_dqbuf,0,VIDEO_OUTPUT_MPLANE
15831.880635,v4l2_qbuf,0,VIDEO_OUTPUT_MPLANE
15831.880754,v4l2_qbuf,6,VIDEO_CAPTURE_MPLANE
15831.884106,v4l2_dqbuf,6,VIDEO_CAPTURE_MPLANE
15831.884195,v4l2_dqbuf,0,VIDEO_OUTPUT_MPLANE
15831.896815,v4l2_qbuf,0,VIDEO_OUTPUT_MPLANE
15831.896837,v4l2_qbuf,2,VIDEO_CAPTURE_MPLANE
15831.900166,v4l2_dqbuf,2,VIDEO_CAPTURE_MPLANE
15831.900561,v4l2_dqbuf,0,VIDEO_OUTPUT_MPLANE
15831.913362,v4l2_qbuf,0,VIDEO_OUTPUT_MPLANE
15831.913403,v4l2_qbuf,0,VIDEO_CAPTURE_MPLANE
15831.915670,v4l2_dqbuf,0,VIDEO_CAPTURE_MPLANE
15831.915698,v4l2_dqbuf,0,VIDEO_OUTPUT_MPLANE
15831.929937,v4l2_qbuf,0,VIDEO_OUTPUT_MPLANE
15831.930022,v4l2_qbuf,7,VIDEO_CAPTURE_MPLANE
15831.933335,v4l2_dqbuf,7,VIDEO_CAPTURE_MPLANE
15831.933426,v4l2_dqbuf,0,VIDEO_OUTPUT_MPLANE
15831.946529,v4l2_qbuf,0,VIDEO_OUTPUT_MPLANE
15831.946565,v4l2_qbuf,4,VIDEO_CAPTURE_MPLANE
15831.949768,v4l2_dqbuf,4,VIDEO_CAPTURE_MPLANE
15831.949913,v4l2_dqbuf,0,VIDEO_OUTPUT_MPLANE
15831.963984,v4l2_qbuf,0,VIDEO_OUTPUT_MPLANE
15831.964062,v4l2_qbuf,5,VIDEO_CAPTURE_MPLANE
15831.967491,v4l2_dqbuf,5,VIDEO_CAPTURE_MPLANE
15831.967638,v4l2_dqbuf,0,VIDEO_OUTPUT_MPLANE
15831.980134,v4l2_qbuf,0,VIDEO_OUTPUT_MPLANE
15831.980172,v4l2_qbuf,1,VIDEO_CAPTURE_MPLANE
15831.982596,v4l2_dqbuf,1,VIDEO_CAPTURE_MPLANE
15831.982624,v4l2_dqbuf,0,VIDEO_OUTPUT_MPLANE
15831.996793,v4l2_qbuf,0,VIDEO_OUTPUT_MPLANE
15831.996903,v4l2_qbuf,6,VIDEO_CAPTURE_MPLANE
15832.000319,v4l2_dqbuf,6,VIDEO_CAPTURE_MPLANE
15832.000408,v4l2_dqbuf,0,VIDEO_OUTPUT_MPLANE
15832.013642,v4l2_qbuf,0,VIDEO_OUTPUT_MPLANE
15832.013690,v4l2_qbuf,2,VIDEO_CAPTURE_MPLANE
15832.017319,v4l2_dqbuf,2,VIDEO_CAPTURE_MPLANE
15832.018027,v4l2_dqbuf,0,VIDEO_OUTPUT_MPLANE
15832.029794,v4l2_qbuf,0,VIDEO_OUTPUT_MPLANE
15832.029816,v4l2_qbuf,3,VIDEO_CAPTURE_MPLANE
15832.035256,v4l2_dqbuf,3,VIDEO_CAPTURE_MPLANE
15832.035491,v4l2_dqbuf,0,VIDEO_OUTPUT_MPLANE
15832.046608,v4l2_qbuf,0,VIDEO_OUTPUT_MPLANE
15832.046663,v4l2_qbuf,7,VIDEO_CAPTURE_MPLANE
15832.048991,v4l2_dqbuf,7,VIDEO_CAPTURE_MPLANE
15832.049034,v4l2_dqbuf,0,VIDEO_OUTPUT_MPLANE
15832.062952,v4l2_qbuf,0,VIDEO_OUTPUT_MPLANE
15832.062987,v4l2_qbuf,4,VIDEO_CAPTURE_MPLANE
15832.066273,v4l2_dqbuf,4,VIDEO_CAPTURE_MPLANE
15832.066434,v4l2_dqbuf,0,VIDEO_OUTPUT_MPLANE
15832.079709,v4l2_qbuf,0,VIDEO_OUTPUT_MPLANE
15832.079748,v4l2_qbuf,5,VIDEO_CAPTURE_MPLANE
15832.083016,v4l2_dqbuf,5,VIDEO_CAPTURE_MPLANE
15832.083156,v4l2_dqbuf,0,VIDEO_OUTPUT_MPLANE
15832.097000,v4l2_qbuf,0,VIDEO_OUTPUT_MPLANE
15832.097087,v4l2_qbuf,0,VIDEO_CAPTURE_MPLANE
15832.099405,v4l2_dqbuf,0,VIDEO_CAPTURE_MPLANE
15832.099422,v4l2_dqbuf,0,VIDEO_OUTPUT_MPLANE
15832.113367,v4l2_qbuf,0,VIDEO_OUTPUT_MPLANE
15832.113391,v4l2_qbuf,6,VIDEO_CAPTURE_MPLANE
15832.116718,v4l2_dqbuf,6,VIDEO_CAPTURE_MPLANE
15832.116931,v4l2_dqbuf,0,VIDEO_OUTPUT_MPLANE
15832.129620,v4l2_qbuf,0,VIDEO_OUTPUT_MPLANE
15832.129635,v4l2_qbuf,2,VIDEO_CAPTURE_MPLANE
15832.132913,v4l2_dqbuf,2,VIDEO_CAPTURE_MPLANE
15832.132981,v4l2_dqbuf,0,VIDEO_OUTPUT_MPLANE
15832.146390,v4l2_qbuf,0,VIDEO_OUTPUT_MPLANE
15832.146405,v4l2_qbuf,3,VIDEO_CAPTURE_MPLANE
15832.149677,v4l2_dqbuf,3,VIDEO_CAPTURE_MPLANE
15832.149740,v4l2_dqbuf,0,VIDEO_OUTPUT_MPLANE
15832.163230,v4l2_qbuf,0,VIDEO_OUTPUT_MPLANE
15832.163266,v4l2_qbuf,1,VIDEO_CAPTURE_MPLANE
15832.165596,v4l2_dqbuf,1,VIDEO_CAPTURE_MPLANE
15832.165608,v4l2_dqbuf,0,VIDEO_OUTPUT_MPLANE
15832.179593,v4l2_qbuf,0,VIDEO_OUTPUT_MPLANE
15832.179612,v4l2_qbuf,4,VIDEO_CAPTURE_MPLANE
15832.182899,v4l2_dqbuf,4,VIDEO_CAPTURE_MPLANE
15832.183055,v4l2_dqbuf,0,VIDEO_OUTPUT_MPLANE
15832.196333,v4l2_qbuf,0,VIDEO_OUTPUT_MPLANE
15832.196351,v4l2_qbuf,5,VIDEO_CAPTURE_MPLANE
15832.199612,v4l2_dqbuf,5,VIDEO_CAPTURE_MPLANE
15832.199691,v4l2_dqbuf,0,VIDEO_OUTPUT_MPLANE
15832.213206,v4l2_qbuf,0,VIDEO_OUTPUT_MPLANE
15832.213226,v4l2_qbuf,7,VIDEO_CAPTURE_MPLANE
15832.216534,v4l2_dqbuf,7,VIDEO_CAPTURE_MPLANE
15832.216629,v4l2_dqbuf,0,VIDEO_OUTPUT_MPLANE
15832.229655,v4l2_qbuf,0,VIDEO_OUTPUT_MPLANE
15832.229674,v4l2_qbuf,6,VIDEO_CAPTURE_MPLANE
15832.233274,v4l2_dqbuf,6,VIDEO_CAPTURE_MPLANE
15832.233294,v4l2_dqbuf,0,VIDEO_OUTPUT_MPLANE
15832.247198,v4l2_qbuf,0,VIDEO_OUTPUT_MPLANE
15832.247218,v4l2_qbuf,2,VIDEO_CAPTURE_MPLANE
15832.250653,v4l2_dqbuf,2,VIDEO_CAPTURE_MPLANE
15832.250741,v4l2_dqbuf,0,VIDEO_OUTPUT_MPLANE
15832.263449,v4l2_qbuf,0,VIDEO_OUTPUT_MPLANE
15832.263471,v4l2_qbuf,3,VIDEO_CAPTURE_MPLANE
15832.266702,v4l2_dqbuf,3,VIDEO_CAPTURE_MPLANE
15832.266957,v4l2_dqbuf,0,VIDEO_OUTPUT_MPLANE
15832.281400,v4l2_qbuf,0,VIDEO_OUTPUT_MPLANE
15832.281430,v4l2_qbuf,0,VIDEO_CAPTURE_MPLANE
15832.284710,v4l2_dqbuf,0,VIDEO_CAPTURE_MPLANE
15832.284796,v4l2_dqbuf,0,VIDEO_OUTPUT_MPLANE
15832.296556,v4l2_qbuf,0,VIDEO_OUTPUT_MPLANE
15832.296586,v4l2_qbuf,4,VIDEO_CAPTURE_MPLANE
15832.298882,v4l2_dqbuf,4,VIDEO_CAPTURE_MPLANE
15832.298898,v4l2_dqbuf,0,VIDEO_OUTPUT_MPLANE
15832.314696,v4l2_qbuf,0,VIDEO_OUTPUT_MPLANE
15832.314717,v4l2_qbuf,5,VIDEO_CAPTURE_MPLANE
15832.318058,v4l2_dqbuf,5,VIDEO_CAPTURE_MPLANE
15832.318192,v4l2_dqbuf,0,VIDEO_OUTPUT_MPLANE
15832.329599,v4l2_qbuf,0,VIDEO_OUTPUT_MPLANE
15832.329621,v4l2_qbuf,7,VIDEO_CAPTURE_MPLANE
15832.332987,v4l2_dqbuf,7,VIDEO_CAPTURE_MPLANE
15832.333199,v4l2_dqbuf,0,VIDEO_OUTPUT_MPLANE
15832.347877,v4l2_qbuf,0,VIDEO_OUTPUT_MPLANE
15832.347932,v4l2_qbuf,1,VIDEO_CAPTURE_MPLANE
15832.351444,v4l2_dqbuf,1,VIDEO_CAPTURE_MPLANE
15832.351547,v4l2_dqbuf,0,VIDEO_OUTPUT_MPLANE
15832.363492,v4l2_qbuf,0,VIDEO_OUTPUT_MPLANE
15832.363532,v4l2_qbuf,2,VIDEO_CAPTURE_MPLANE
15832.365859,v4l2_dqbuf,2,VIDEO_CAPTURE_MPLANE
15832.365878,v4l2_dqbuf,0,VIDEO_OUTPUT_MPLANE
15832.380033,v4l2_qbuf,0,VIDEO_OUTPUT_MPLANE
15832.380053,v4l2_qbuf,3,VIDEO_CAPTURE_MPLANE
15832.383266,v4l2_dqbuf,3,VIDEO_CAPTURE_MPLANE
15832.383423,v4l2_dqbuf,0,VIDEO_OUTPUT_MPLANE
15832.396429,v4l2_qbuf,0,VIDEO_OUTPUT_MPLANE
15832.396450,v4l2_qbuf,0,VIDEO_CAPTURE_MPLANE
15832.399825,v4l2_dqbuf,0,VIDEO_CAPTURE_MPLANE
15832.399917,v4l2_dqbuf,0,VIDEO_OUTPUT_MPLANE
15832.413173,v4l2_qbuf,0,VIDEO_OUTPUT_MPLANE
15832.413195,v4l2_qbuf,6,VIDEO_CAPTURE_MPLANE
15832.416533,v4l2_dqbuf,6,VIDEO_CAPTURE_MPLANE
15832.416631,v4l2_dqbuf,0,VIDEO_OUTPUT_MPLANE
15832.429898,v4l2_qbuf,0,VIDEO_OUTPUT_MPLANE
15832.429920,v4l2_qbuf,5,VIDEO_CAPTURE_MPLANE
15832.432350,v4l2_dqbuf,5,VIDEO_CAPTURE_MPLANE
15832.432380,v4l2_dqbuf,0,VIDEO_OUTPUT_MPLANE
15832.446900,v4l2_qbuf,0,VIDEO_OUTPUT_MPLANE
15832.446942,v4l2_qbuf,7,VIDEO_CAPTURE_MPLANE
15832.451246,v4l2_dqbuf,7,VIDEO_CAPTURE_MPLANE
15832.451364,v4l2_dqbuf,0,VIDEO_OUTPUT_MPLANE
15832.463530,v4l2_qbuf,0,VIDEO_OUTPUT_MPLANE
15832.463580,v4l2_qbuf,1,VIDEO_CAPTURE_MPLANE
15832.466893,v4l2_dqbuf,1,VIDEO_CAPTURE_MPLANE
15832.467039,v4l2_dqbuf,0,VIDEO_OUTPUT_MPLANE
15832.480144,v4l2_qbuf,0,VIDEO_OUTPUT_MPLANE
15832.480166,v4l2_qbuf,4,VIDEO_CAPTURE_MPLANE
15832.483375,v4l2_dqbuf,4,VIDEO_CAPTURE_MPLANE
15832.483444,v4l2_dqbuf,0,VIDEO_OUTPUT_MPLANE
15832.497020,v4l2_qbuf,0,VIDEO_OUTPUT_MPLANE
15832.497077,v4l2_qbuf,3,VIDEO_CAPTURE_MPLANE
15832.499546,v4l2_dqbuf,3,VIDEO_CAPTURE_MPLANE
15832.499603,v4l2_dqbuf,0,VIDEO_OUTPUT_MPLANE
15832.513448,v4l2_qbuf,0,VIDEO_OUTPUT_MPLANE
15832.513497,v4l2_qbuf,0,VIDEO_CAPTURE_MPLANE
15832.516760,v4l2_dqbuf,0,VIDEO_CAPTURE_MPLANE
15832.516909,v4l2_dqbuf,0,VIDEO_OUTPUT_MPLANE
15832.530482,v4l2_qbuf,0,VIDEO_OUTPUT_MPLANE
15832.530617,v4l2_qbuf,6,VIDEO_CAPTURE_MPLANE
15832.533052,v4l2_dqbuf,6,VIDEO_CAPTURE_MPLANE
15832.533082,v4l2_dqbuf,0,VIDEO_OUTPUT_MPLANE
15832.546692,v4l2_qbuf,0,VIDEO_OUTPUT_MPLANE
15832.546715,v4l2_qbuf,2,VIDEO_CAPTURE_MPLANE
15832.549978,v4l2_dqbuf,2,VIDEO_CAPTURE_MPLANE
15832.550108,v4l2_dqbuf,0,VIDEO_OUTPUT_MPLANE
15832.564119,v4l2_qbuf,0,VIDEO_OUTPUT_MPLANE
15832.564212,v4l2_qbuf,7,VIDEO_CAPTURE_MPLANE
15832.567745,v4l2_dqbuf,7,VIDEO_CAPTURE_MPLANE
15832.567761,v4l2_dqbuf,0,VIDEO_OUTPUT_MPLANE
15832.579823,v4l2_qbuf,0,VIDEO_OUTPUT_MPLANE
15832.579845,v4l2_qbuf,1,VIDEO_CAPTURE_MPLANE
15832.582109,v4l2_dqbuf,1,VIDEO_CAPTURE_MPLANE
15832.582125,v4l2_dqbuf,0,VIDEO_OUTPUT_MPLANE
15832.596511,v4l2_qbuf,0,VIDEO_OUTPUT_MPLANE
15832.596536,v4l2_qbuf,4,VIDEO_CAPTURE_MPLANE
15832.599773,v4l2_dqbuf,4,VIDEO_CAPTURE_MPLANE
15832.599865,v4l2_dqbuf,0,VIDEO_OUTPUT_MPLANE
15832.613409,v4l2_qbuf,0,VIDEO_OUTPUT_MPLANE
15832.613434,v4l2_qbuf,5,VIDEO_CAPTURE_MPLANE
15832.616702,v4l2_dqbuf,5,VIDEO_CAPTURE_MPLANE
15832.616798,v4l2_dqbuf,0,VIDEO_OUTPUT_MPLANE
15832.629957,v4l2_qbuf,0,VIDEO_OUTPUT_MPLANE
15832.629979,v4l2_qbuf,0,VIDEO_CAPTURE_MPLANE
15832.633195,v4l2_dqbuf,0,VIDEO_CAPTURE_MPLANE
15832.633286,v4l2_dqbuf,0,VIDEO_OUTPUT_MPLANE
15832.646893,v4l2_qbuf,0,VIDEO_OUTPUT_MPLANE
15832.646917,v4l2_qbuf,3,VIDEO_CAPTURE_MPLANE
15832.649279,v4l2_dqbuf,3,VIDEO_CAPTURE_MPLANE
15832.649296,v4l2_dqbuf,0,VIDEO_OUTPUT_MPLANE
15832.663275,v4l2_qbuf,0,VIDEO_OUTPUT_MPLANE
15832.663297,v4l2_qbuf,2,VIDEO_CAPTURE_MPLANE
15832.666584,v4l2_dqbuf,2,VIDEO_CAPTURE_MPLANE
15832.666803,v4l2_dqbuf,0,VIDEO_OUTPUT_MPLANE
15832.680245,v4l2_qbuf,0,VIDEO_OUTPUT_MPLANE
15832.680287,v4l2_qbuf,6,VIDEO_CAPTURE_MPLANE
15832.683730,v4l2_dqbuf,6,VIDEO_CAPTURE_MPLANE
15832.683828,v4l2_dqbuf,0,VIDEO_OUTPUT_MPLANE
15832.696505,v4l2_qbuf,0,VIDEO_OUTPUT_MPLANE
15832.696527,v4l2_qbuf,7,VIDEO_CAPTURE_MPLANE
15832.699668,v4l2_dqbuf,7,VIDEO_CAPTURE_MPLANE
15832.699758,v4l2_dqbuf,0,VIDEO_OUTPUT_MPLANE
15832.713208,v4l2_qbuf,0,VIDEO_OUTPUT_MPLANE
15832.713232,v4l2_qbuf,4,VIDEO_CAPTURE_MPLANE
15832.715557,v4l2_dqbuf,4,VIDEO_CAPTURE_MPLANE
15832.715580,v4l2_dqbuf,0,VIDEO_OUTPUT_MPLANE
15832.729795,v4l2_qbuf,0,VIDEO_OUTPUT_MPLANE
15832.729817,v4l2_qbuf,5,VIDEO_CAPTURE_MPLANE
15832.733158,v4l2_dqbuf,5,VIDEO_CAPTURE_MPLANE
15832.733296,v4l2_dqbuf,0,VIDEO_OUTPUT_MPLANE
15832.746750,v4l2_qbuf,0,VIDEO_OUTPUT_MPLANE
15832.746849,v4l2_qbuf,0,VIDEO_CAPTURE_MPLANE
15832.750054,v4l2_dqbuf,0,VIDEO_CAPTURE_MPLANE
15832.750244,v4l2_dqbuf,0,VIDEO_OUTPUT_MPLANE
15832.763206,v4l2_qbuf,0,VIDEO_OUTPUT_MPLANE
15832.763228,v4l2_qbuf,1,VIDEO_CAPTURE_MPLANE
15832.766264,v4l2_dqbuf,1,VIDEO_CAPTURE_MPLANE
15832.766392,v4l2_dqbuf,0,VIDEO_OUTPUT_MPLANE
15832.780468,v4l2_qbuf,0,VIDEO_OUTPUT_MPLANE
15832.780570,v4l2_qbuf,2,VIDEO_CAPTURE_MPLANE
15832.783261,v4l2_dqbuf,2,VIDEO_CAPTURE_MPLANE
15832.783311,v4l2_dqbuf,0,VIDEO_OUTPUT_MPLANE
15832.796606,v4l2_qbuf,0,VIDEO_OUTPUT_MPLANE
15832.796717,v4l2_qbuf,6,VIDEO_CAPTURE_MPLANE
15832.799974,v4l2_dqbuf,6,VIDEO_CAPTURE_MPLANE
15832.800375,v4l2_dqbuf,0,VIDEO_OUTPUT_MPLANE
15832.813339,v4l2_qbuf,0,VIDEO_OUTPUT_MPLANE
15832.813473,v4l2_qbuf,7,VIDEO_CAPTURE_MPLANE
15832.816668,v4l2_dqbuf,7,VIDEO_CAPTURE_MPLANE
15832.816762,v4l2_dqbuf,0,VIDEO_OUTPUT_MPLANE
15832.830036,v4l2_qbuf,0,VIDEO_OUTPUT_MPLANE
15832.830060,v4l2_qbuf,3,VIDEO_CAPTURE_MPLANE
15832.832358,v4l2_dqbuf,3,VIDEO_CAPTURE_MPLANE
15832.832376,v4l2_dqbuf,0,VIDEO_OUTPUT_MPLANE
15832.846584,v4l2_qbuf,0,VIDEO_OUTPUT_MPLANE
15832.846616,v4l2_qbuf,5,VIDEO_CAPTURE_MPLANE
15832.849947,v4l2_dqbuf,5,VIDEO_CAPTURE_MPLANE
15832.850047,v4l2_dqbuf,0,VIDEO_OUTPUT_MPLANE
15832.863027,v4l2_qbuf,0,VIDEO_OUTPUT_MPLANE
15832.863049,v4l2_qbuf,0,VIDEO_CAPTURE_MPLANE
15832.866244,v4l2_dqbuf,0,VIDEO_CAPTURE_MPLANE
15832.866335,v4l2_dqbuf,0,VIDEO_OUTPUT_MPLANE
15832.879952,v4l2_qbuf,0,VIDEO_OUTPUT_MPLANE
15832.879973,v4l2_qbuf,1,VIDEO_CAPTURE_MPLANE
15832.882323,v4l2_dqbuf,1,VIDEO_CAPTURE_MPLANE
15832.882355,v4l2_dqbuf,0,VIDEO_OUTPUT_MPLANE
15832.896500,v4l2_qbuf,0,VIDEO_OUTPUT_MPLANE
15832.896524,v4l2_qbuf,4,VIDEO_CAPTURE_MPLANE
15832.899793,v4l2_dqbuf,4,VIDEO_CAPTURE_MPLANE
15832.900048,v4l2_dqbuf,0,VIDEO_OUTPUT_MPLANE
15832.913405,v4l2_qbuf,0,VIDEO_OUTPUT_MPLANE
15832.913427,v4l2_qbuf,6,VIDEO_CAPTURE_MPLANE
15832.916581,v4l2_dqbuf,6,VIDEO_CAPTURE_MPLANE
15832.916683,v4l2_dqbuf,0,VIDEO_OUTPUT_MPLANE
15832.929792,v4l2_qbuf,0,VIDEO_OUTPUT_MPLANE
15832.929815,v4l2_qbuf,7,VIDEO_CAPTURE_MPLANE
15832.933117,v4l2_dqbuf,7,VIDEO_CAPTURE_MPLANE
15832.933347,v4l2_dqbuf,0,VIDEO_OUTPUT_MPLANE
15832.946267,v4l2_qbuf,0,VIDEO_OUTPUT_MPLANE
15832.946292,v4l2_qbuf,2,VIDEO_CAPTURE_MPLANE
15832.948694,v4l2_dqbuf,2,VIDEO_CAPTURE_MPLANE
15832.948724,v4l2_dqbuf,0,VIDEO_OUTPUT_MPLANE
15832.965423,v4l2_qbuf,0,VIDEO_OUTPUT_MPLANE
15832.965452,v4l2_qbuf,5,VIDEO_CAPTURE_MPLANE
15832.968760,v4l2_dqbuf,5,VIDEO_CAPTURE_MPLANE
15832.968932,v4l2_dqbuf,0,VIDEO_OUTPUT_MPLANE
15832.979874,v4l2_qbuf,0,VIDEO_OUTPUT_MPLANE
15832.979902,v4l2_qbuf,0,VIDEO_CAPTURE_MPLANE
15832.983267,v4l2_dqbuf,0,VIDEO_CAPTURE_MPLANE
15832.983362,v4l2_dqbuf,0,VIDEO_OUTPUT_MPLANE
15832.996497,v4l2_qbuf,0,VIDEO_OUTPUT_MPLANE
15832.996517,v4l2_qbuf,3,VIDEO_CAPTURE_MPLANE
15832.999764,v4l2_dqbuf,3,VIDEO_CAPTURE_MPLANE
15832.999855,v4l2_dqbuf,0,VIDEO_OUTPUT_MPLANE
15833.013237,v4l2_qbuf,0,VIDEO_OUTPUT_MPLANE
15833.013270,v4l2_qbuf,4,VIDEO_CAPTURE_MPLANE
15833.015565,v4l2_dqbuf,4,VIDEO_CAPTURE_MPLANE
15833.015583,v4l2_dqbuf,0,VIDEO_OUTPUT_MPLANE
15833.032278,v4l2_qbuf,0,VIDEO_OUTPUT_MPLANE
15833.032307,v4l2_qbuf,6,VIDEO_CAPTURE_MPLANE
15833.035611,v4l2_dqbuf,6,VIDEO_CAPTURE_MPLANE
15833.035707,v4l2_dqbuf,0,VIDEO_OUTPUT_MPLANE
15833.046334,v4l2_qbuf,0,VIDEO_OUTPUT_MPLANE
15833.046364,v4l2_qbuf,7,VIDEO_CAPTURE_MPLANE
15833.049715,v4l2_dqbuf,7,VIDEO_CAPTURE_MPLANE
15833.049790,v4l2_dqbuf,0,VIDEO_OUTPUT_MPLANE
15833.065760,v4l2_qbuf,0,VIDEO_OUTPUT_MPLANE
15833.065782,v4l2_qbuf,1,VIDEO_CAPTURE_MPLANE
15833.069049,v4l2_dqbuf,1,VIDEO_CAPTURE_MPLANE
15833.069208,v4l2_dqbuf,0,VIDEO_OUTPUT_MPLANE
15833.083092,v4l2_qbuf,0,VIDEO_OUTPUT_MPLANE
15833.083146,v4l2_qbuf,5,VIDEO_CAPTURE_MPLANE
15833.085513,v4l2_dqbuf,5,VIDEO_CAPTURE_MPLANE
15833.085573,v4l2_dqbuf,0,VIDEO_OUTPUT_MPLANE
15833.099394,v4l2_qbuf,0,VIDEO_OUTPUT_MPLANE
15833.099416,v4l2_qbuf,0,VIDEO_CAPTURE_MPLANE
15833.102948,v4l2_dqbuf,0,VIDEO_CAPTURE_MPLANE
15833.103174,v4l2_dqbuf,0,VIDEO_OUTPUT_MPLANE
15833.116086,v4l2_qbuf,0,VIDEO_OUTPUT_MPLANE
15833.116112,v4l2_qbuf,3,VIDEO_CAPTURE_MPLANE
15833.120223,v4l2_dqbuf,3,VIDEO_CAPTURE_MPLANE
15833.120310,v4l2_dqbuf,0,VIDEO_OUTPUT_MPLANE
15833.132707,v4l2_qbuf,0,VIDEO_OUTPUT_MPLANE
15833.132752,v4l2_qbuf,2,VIDEO_CAPTURE_MPLANE
15833.135988,v4l2_dqbuf,2,VIDEO_CAPTURE_MPLANE
15833.136103,v4l2_dqbuf,0,VIDEO_OUTPUT_MPLANE
15833.149366,v4l2_qbuf,0,VIDEO_OUTPUT_MPLANE
15833.149404,v4l2_qbuf,6,VIDEO_CAPTURE_MPLANE
15833.151782,v4l2_dqbuf,6,VIDEO_CAPTURE_MPLANE
15833.151808,v4l2_dqbuf,0,VIDEO_OUTPUT_MPLANE
15833.165918,v4l2_qbuf,0,VIDEO_OUTPUT_MPLANE
15833.165942,v4l2_qbuf,7,VIDEO_CAPTURE_MPLANE
15833.169070,v4l2_dqbuf,7,VIDEO_CAPTURE_MPLANE
15833.169162,v4l2_dqbuf,0,VIDEO_OUTPUT_MPLANE
15833.182759,v4l2_qbuf,0,VIDEO_OUTPUT_MPLANE
15833.182781,v4l2_qbuf,1,VIDEO_CAPTURE_MPLANE
15833.186043,v4l2_dqbuf,1,VIDEO_CAPTURE_MPLANE
15833.186167,v4l2_dqbuf,0,VIDEO_OUTPUT_MPLANE
15833.199348,v4l2_qbuf,0,VIDEO_OUTPUT_MPLANE
15833.199388,v4l2_qbuf,4,VIDEO_CAPTURE_MPLANE
15833.201678,v4l2_dqbuf,4,VIDEO_CAPTURE_MPLANE
15833.201693,v4l2_dqbuf,0,VIDEO_OUTPUT_MPLANE
15833.217685,v4l2_qbuf,0,VIDEO_OUTPUT_MPLANE
15833.217707,v4l2_qbuf,0,VIDEO_CAPTURE_MPLANE
15833.220904,v4l2_dqbuf,0,VIDEO_CAPTURE_MPLANE
15833.221015,v4l2_dqbuf,0,VIDEO_OUTPUT_MPLANE
15833.232436,v4l2_qbuf,0,VIDEO_OUTPUT_MPLANE
15833.232469,v4l2_qbuf,3,VIDEO_CAPTURE_MPLANE
15833.235554,v4l2_dqbuf,3,VIDEO_CAPTURE_MPLANE
15833.235644,v4l2_dqbuf,0,VIDEO_OUTPUT_MPLANE
15833.252481,v4l2_qbuf,0,VIDEO_OUTPUT_MPLANE
15833.252503,v4l2_qbuf,2,VIDEO_CAPTURE_MPLANE
15833.256128,v4l2_dqbuf,2,VIDEO_CAPTURE_MPLANE
15833.256148,v4l2_dqbuf,0,VIDEO_OUTPUT_MPLANE
15833.271107,v4l2_qbuf,0,VIDEO_OUTPUT_MPLANE
15833.271174,v4l2_qbuf,5,VIDEO_CAPTURE_MPLANE
15833.274521,v4l2_dqbuf,5,VIDEO_CAPTURE_MPLANE
15833.274672,v4l2_dqbuf,0,VIDEO_OUTPUT_MPLANE
15833.285782,v4l2_qbuf,0,VIDEO_OUTPUT_MPLANE
15833.285811,v4l2_qbuf,7,VIDEO_CAPTURE_MPLANE
15833.289061,v4l2_dqbuf,7,VIDEO_CAPTURE_MPLANE
15833.289242,v4l2_dqbuf,0,VIDEO_OUTPUT_MPLANE
15833.302521,v4l2_qbuf,0,VIDEO_OUTPUT_MPLANE
15833.302560,v4l2_qbuf,1,VIDEO_CAPTURE_MPLANE
15833.305828,v4l2_dqbuf,1,VIDEO_CAPTURE_MPLANE
15833.305983,v4l2_dqbuf,0,VIDEO_OUTPUT_MPLANE
15833.319697,v4l2_qbuf,0,VIDEO_OUTPUT_MPLANE
15833.319739,v4l2_qbuf,6,VIDEO_CAPTURE_MPLANE
15833.322067,v4l2_dqbuf,6,VIDEO_CAPTURE_MPLANE
15833.322096,v4l2_dqbuf,0,VIDEO_OUTPUT_MPLANE
15833.336502,v4l2_qbuf,0,VIDEO_OUTPUT_MPLANE
15833.336585,v4l2_qbuf,0,VIDEO_CAPTURE_MPLANE
15833.340044,v4l2_dqbuf,0,VIDEO_CAPTURE_MPLANE
15833.340147,v4l2_dqbuf,0,VIDEO_OUTPUT_MPLANE
15833.354290,v4l2_qbuf,0,VIDEO_OUTPUT_MPLANE
15833.354310,v4l2_qbuf,3,VIDEO_CAPTURE_MPLANE
15833.357502,v4l2_dqbuf,3,VIDEO_CAPTURE_MPLANE
15833.357598,v4l2_dqbuf,0,VIDEO_OUTPUT_MPLANE
15833.370823,v4l2_qbuf,0,VIDEO_OUTPUT_MPLANE
15833.370933,v4l2_qbuf,4,VIDEO_CAPTURE_MPLANE
15833.374249,v4l2_dqbuf,4,VIDEO_CAPTURE_MPLANE
15833.374345,v4l2_dqbuf,0,VIDEO_OUTPUT_MPLANE
15833.389748,v4l2_qbuf,0,VIDEO_OUTPUT_MPLANE
15833.389771,v4l2_qbuf,5,VIDEO_CAPTURE_MPLANE
15833.390067,v4l2_qbuf,1,VIDEO_OUTPUT_MPLANE
15833.390078,v4l2_qbuf,1,VIDEO_CAPTURE_MPLANE
15833.391956,v4l2_dqbuf,5,VIDEO_CAPTURE_MPLANE
15833.391994,v4l2_dqbuf,0,VIDEO_OUTPUT_MPLANE
15833.392134,v4l2_qbuf,0,VIDEO_OUTPUT_MPLANE
15833.392175,v4l2_qbuf,2,VIDEO_CAPTURE_MPLANE
15833.395351,v4l2_dqbuf,1,VIDEO_CAPTURE_MPLANE
15833.395448,v4l2_dqbuf,1,VIDEO_OUTPUT_MPLANE
15833.398287,v4l2_dqbuf,2,VIDEO_CAPTURE_MPLANE
15833.398367,v4l2_dqbuf,0,VIDEO_OUTPUT_MPLANE
15833.406110,v4l2_qbuf,0,VIDEO_OUTPUT_MPLANE
15833.406131,v4l2_qbuf,7,VIDEO_CAPTURE_MPLANE
15833.408633,v4l2_dqbuf,7,VIDEO_CAPTURE_MPLANE
15833.408675,v4l2_dqbuf,0,VIDEO_OUTPUT_MPLANE
15833.423276,v4l2_qbuf,0,VIDEO_OUTPUT_MPLANE
15833.423333,v4l2_qbuf,0,VIDEO_CAPTURE_MPLANE
15833.428308,v4l2_dqbuf,0,VIDEO_CAPTURE_MPLANE
15833.428549,v4l2_dqbuf,0,VIDEO_OUTPUT_MPLANE
15833.439883,v4l2_qbuf,0,VIDEO_OUTPUT_MPLANE
15833.439906,v4l2_qbuf,3,VIDEO_CAPTURE_MPLANE
15833.443041,v4l2_dqbuf,3,VIDEO_CAPTURE_MPLANE
15833.443163,v4l2_dqbuf,0,VIDEO_OUTPUT_MPLANE
15833.456228,v4l2_qbuf,0,VIDEO_OUTPUT_MPLANE
15833.456262,v4l2_qbuf,4,VIDEO_CAPTURE_MPLANE
15833.458545,v4l2_dqbuf,4,VIDEO_CAPTURE_MPLANE
15833.458572,v4l2_dqbuf,0,VIDEO_OUTPUT_MPLANE
15833.472856,v4l2_qbuf,0,VIDEO_OUTPUT_MPLANE
15833.472968,v4l2_qbuf,6,VIDEO_CAPTURE_MPLANE
15833.476104,v4l2_dqbuf,6,VIDEO_CAPTURE_MPLANE
15833.476193,v4l2_dqbuf,0,VIDEO_OUTPUT_MPLANE
15833.490359,v4l2_qbuf,0,VIDEO_OUTPUT_MPLANE
15833.490382,v4l2_qbuf,1,VIDEO_CAPTURE_MPLANE
15833.493603,v4l2_dqbuf,1,VIDEO_CAPTURE_MPLANE
15833.493696,v4l2_dqbuf,0,VIDEO_OUTPUT_MPLANE
15833.505901,v4l2_qbuf,0,VIDEO_OUTPUT_MPLANE
15833.505974,v4l2_qbuf,2,VIDEO_CAPTURE_MPLANE
15833.509207,v4l2_dqbuf,2,VIDEO_CAPTURE_MPLANE
15833.509298,v4l2_dqbuf,0,VIDEO_OUTPUT_MPLANE
15833.525749,v4l2_qbuf,0,VIDEO_OUTPUT_MPLANE
15833.525781,v4l2_qbuf,5,VIDEO_CAPTURE_MPLANE
15833.527956,v4l2_dqbuf,5,VIDEO_CAPTURE_MPLANE
15833.528111,v4l2_dqbuf,0,VIDEO_OUTPUT_MPLANE
15833.541959,v4l2_qbuf,0,VIDEO_OUTPUT_MPLANE
15833.541996,v4l2_qbuf,0,VIDEO_CAPTURE_MPLANE
15833.544032,v4l2_dqbuf,0,VIDEO_CAPTURE_MPLANE
15833.544064,v4l2_dqbuf,0,VIDEO_OUTPUT_MPLANE
15833.558915,v4l2_qbuf,0,VIDEO_OUTPUT_MPLANE
15833.558965,v4l2_qbuf,3,VIDEO_CAPTURE_MPLANE
15833.561126,v4l2_dqbuf,3,VIDEO_CAPTURE_MPLANE
15833.561151,v4l2_dqbuf,0,VIDEO_OUTPUT_MPLANE
15833.575156,v4l2_qbuf,0,VIDEO_OUTPUT_MPLANE
15833.575177,v4l2_qbuf,7,VIDEO_CAPTURE_MPLANE
15833.578270,v4l2_dqbuf,7,VIDEO_CAPTURE_MPLANE
15833.578348,v4l2_dqbuf,0,VIDEO_OUTPUT_MPLANE
15833.592507,v4l2_qbuf,0,VIDEO_OUTPUT_MPLANE
15833.592538,v4l2_qbuf,6,VIDEO_CAPTURE_MPLANE
15833.595778,v4l2_dqbuf,6,VIDEO_CAPTURE_MPLANE
15833.595882,v4l2_dqbuf,0,VIDEO_OUTPUT_MPLANE
15833.608836,v4l2_qbuf,0,VIDEO_OUTPUT_MPLANE
15833.608874,v4l2_qbuf,1,VIDEO_CAPTURE_MPLANE
15833.611321,v4l2_dqbuf,1,VIDEO_CAPTURE_MPLANE
15833.611365,v4l2_dqbuf,0,VIDEO_OUTPUT_MPLANE
15833.625866,v4l2_qbuf,0,VIDEO_OUTPUT_MPLANE
15833.625889,v4l2_qbuf,2,VIDEO_CAPTURE_MPLANE
15833.629077,v4l2_dqbuf,2,VIDEO_CAPTURE_MPLANE
15833.629171,v4l2_dqbuf,0,VIDEO_OUTPUT_MPLANE
15833.643952,v4l2_qbuf,0,VIDEO_OUTPUT_MPLANE
15833.644047,v4l2_qbuf,4,VIDEO_CAPTURE_MPLANE
15833.647377,v4l2_dqbuf,4,VIDEO_CAPTURE_MPLANE
15833.647478,v4l2_dqbuf,0,VIDEO_OUTPUT_MPLANE
15833.659569,v4l2_qbuf,0,VIDEO_OUTPUT_MPLANE
15833.659592,v4l2_qbuf,5,VIDEO_CAPTURE_MPLANE
15833.662012,v4l2_dqbuf,5,VIDEO_CAPTURE_MPLANE
15833.662032,v4l2_dqbuf,0,VIDEO_OUTPUT_MPLANE
15833.676961,v4l2_qbuf,0,VIDEO_OUTPUT_MPLANE
15833.676977,v4l2_qbuf,0,VIDEO_CAPTURE_MPLANE
15833.680355,v4l2_dqbuf,0,VIDEO_CAPTURE_MPLANE
15833.680458,v4l2_dqbuf,0,VIDEO_OUTPUT_MPLANE
15833.693864,v4l2_qbuf,0,VIDEO_OUTPUT_MPLANE
15833.693885,v4l2_qbuf,7,VIDEO_CAPTURE_MPLANE
15833.697169,v4l2_dqbuf,7,VIDEO_CAPTURE_MPLANE
15833.697265,v4l2_dqbuf,0,VIDEO_OUTPUT_MPLANE
15833.710459,v4l2_qbuf,0,VIDEO_OUTPUT_MPLANE
15833.710483,v4l2_qbuf,6,VIDEO_CAPTURE_MPLANE
15833.712748,v4l2_dqbuf,6,VIDEO_CAPTURE_MPLANE
15833.712764,v4l2_dqbuf,0,VIDEO_OUTPUT_MPLANE
15833.727223,v4l2_qbuf,0,VIDEO_OUTPUT_MPLANE
15833.727261,v4l2_qbuf,3,VIDEO_CAPTURE_MPLANE
15833.730454,v4l2_dqbuf,3,VIDEO_CAPTURE_MPLANE
15833.730588,v4l2_dqbuf,0,VIDEO_OUTPUT_MPLANE
15833.743774,v4l2_qbuf,0,VIDEO_OUTPUT_MPLANE
15833.743808,v4l2_qbuf,2,VIDEO_CAPTURE_MPLANE
15833.746984,v4l2_dqbuf,2,VIDEO_CAPTURE_MPLANE
15833.747082,v4l2_dqbuf,0,VIDEO_OUTPUT_MPLANE
15833.760266,v4l2_qbuf,0,VIDEO_OUTPUT_MPLANE
15833.760325,v4l2_qbuf,4,VIDEO_CAPTURE_MPLANE
15833.763501,v4l2_dqbuf,4,VIDEO_CAPTURE_MPLANE
15833.763591,v4l2_dqbuf,0,VIDEO_OUTPUT_MPLANE
15833.776666,v4l2_qbuf,0,VIDEO_OUTPUT_MPLANE
15833.776688,v4l2_qbuf,1,VIDEO_CAPTURE_MPLANE
15833.778919,v4l2_dqbuf,1,VIDEO_CAPTURE_MPLANE
15833.778953,v4l2_dqbuf,0,VIDEO_OUTPUT_MPLANE
15833.793513,v4l2_qbuf,0,VIDEO_OUTPUT_MPLANE
15833.793536,v4l2_qbuf,0,VIDEO_CAPTURE_MPLANE
15833.796836,v4l2_dqbuf,0,VIDEO_CAPTURE_MPLANE
15833.796987,v4l2_dqbuf,0,VIDEO_OUTPUT_MPLANE
15833.810647,v4l2_qbuf,0,VIDEO_OUTPUT_MPLANE
15833.810708,v4l2_qbuf,7,VIDEO_CAPTURE_MPLANE
15833.814064,v4l2_dqbuf,7,VIDEO_CAPTURE_MPLANE
15833.814236,v4l2_dqbuf,0,VIDEO_OUTPUT_MPLANE
15833.826672,v4l2_qbuf,0,VIDEO_OUTPUT_MPLANE
15833.826691,v4l2_qbuf,5,VIDEO_CAPTURE_MPLANE
15833.829924,v4l2_dqbuf,5,VIDEO_CAPTURE_MPLANE
15833.830162,v4l2_dqbuf,0,VIDEO_OUTPUT_MPLANE
15833.843670,v4l2_qbuf,0,VIDEO_OUTPUT_MPLANE
15833.843694,v4l2_qbuf,3,VIDEO_CAPTURE_MPLANE
15833.845991,v4l2_dqbuf,3,VIDEO_CAPTURE_MPLANE
15833.846042,v4l2_dqbuf,0,VIDEO_OUTPUT_MPLANE
15833.860475,v4l2_qbuf,0,VIDEO_OUTPUT_MPLANE
15833.860518,v4l2_qbuf,2,VIDEO_CAPTURE_MPLANE
15833.863804,v4l2_dqbuf,2,VIDEO_CAPTURE_MPLANE
15833.863986,v4l2_dqbuf,0,VIDEO_OUTPUT_MPLANE
15833.876722,v4l2_qbuf,0,VIDEO_OUTPUT_MPLANE
15833.876736,v4l2_qbuf,4,VIDEO_CAPTURE_MPLANE
15833.879790,v4l2_dqbuf,4,VIDEO_CAPTURE_MPLANE
15833.879875,v4l2_dqbuf,0,VIDEO_OUTPUT_MPLANE
15833.893190,v4l2_qbuf,0,VIDEO_OUTPUT_MPLANE
15833.893212,v4l2_qbuf,6,VIDEO_CAPTURE_MPLANE
15833.896254,v4l2_dqbuf,6,VIDEO_CAPTURE_MPLANE
15833.896390,v4l2_dqbuf,0,VIDEO_OUTPUT_MPLANE
15833.909987,v4l2_qbuf,0,VIDEO_OUTPUT_MPLANE
15833.910012,v4l2_qbuf,0,VIDEO_CAPTURE_MPLANE
15833.912205,v4l2_dqbuf,0,VIDEO_CAPTURE_MPLANE
15833.912218,v4l2_dqbuf,0,VIDEO_OUTPUT_MPLANE
15833.926691,v4l2_qbuf,0,VIDEO_OUTPUT_MPLANE
15833.926715,v4l2_qbuf,7,VIDEO_CAPTURE_MPLANE
15833.929847,v4l2_dqbuf,7,VIDEO_CAPTURE_MPLANE
15833.929916,v4l2_dqbuf,0,VIDEO_OUTPUT_MPLANE
15833.943708,v4l2_qbuf,0,VIDEO_OUTPUT_MPLANE
15833.943745,v4l2_qbuf,5,VIDEO_CAPTURE_MPLANE
15833.946837,v4l2_dqbuf,5,VIDEO_CAPTURE_MPLANE
15833.946901,v4l2_dqbuf,0,VIDEO_OUTPUT_MPLANE
15833.960360,v4l2_qbuf,0,VIDEO_OUTPUT_MPLANE
15833.960380,v4l2_qbuf,1,VIDEO_CAPTURE_MPLANE
15833.963611,v4l2_dqbuf,1,VIDEO_CAPTURE_MPLANE
15833.963681,v4l2_dqbuf,0,VIDEO_OUTPUT_MPLANE
15833.976758,v4l2_qbuf,0,VIDEO_OUTPUT_MPLANE
15833.976777,v4l2_qbuf,2,VIDEO_CAPTURE_MPLANE
15833.979107,v4l2_dqbuf,2,VIDEO_CAPTURE_MPLANE
15833.979125,v4l2_dqbuf,0,VIDEO_OUTPUT_MPLANE
15833.993706,v4l2_qbuf,0,VIDEO_OUTPUT_MPLANE
15833.993729,v4l2_qbuf,4,VIDEO_CAPTURE_MPLANE
15833.996958,v4l2_dqbuf,4,VIDEO_CAPTURE_MPLANE
15833.997062,v4l2_dqbuf,0,VIDEO_OUTPUT_MPLANE
15834.010528,v4l2_qbuf,0,VIDEO_OUTPUT_MPLANE
15834.010569,v4l2_qbuf,6,VIDEO_CAPTURE_MPLANE
15834.013754,v4l2_dqbuf,6,VIDEO_CAPTURE_MPLANE
15834.013885,v4l2_dqbuf,0,VIDEO_OUTPUT_MPLANE
15834.026849,v4l2_qbuf,0,VIDEO_OUTPUT_MPLANE
15834.026872,v4l2_qbuf,3,VIDEO_CAPTURE_MPLANE
15834.029960,v4l2_dqbuf,3,VIDEO_CAPTURE_MPLANE
15834.030070,v4l2_dqbuf,0,VIDEO_OUTPUT_MPLANE
15834.043704,v4l2_qbuf,0,VIDEO_OUTPUT_MPLANE
15834.043722,v4l2_qbuf,7,VIDEO_CAPTURE_MPLANE
15834.045873,v4l2_dqbuf,7,VIDEO_CAPTURE_MPLANE
15834.045908,v4l2_dqbuf,0,VIDEO_OUTPUT_MPLANE
15834.060223,v4l2_qbuf,0,VIDEO_OUTPUT_MPLANE
15834.060242,v4l2_qbuf,5,VIDEO_CAPTURE_MPLANE
15834.063612,v4l2_dqbuf,5,VIDEO_CAPTURE_MPLANE
15834.063770,v4l2_dqbuf,0,VIDEO_OUTPUT_MPLANE
15834.077356,v4l2_qbuf,0,VIDEO_OUTPUT_MPLANE
15834.077380,v4l2_qbuf,1,VIDEO_CAPTURE_MPLANE
15834.080572,v4l2_dqbuf,1,VIDEO_CAPTURE_MPLANE
15834.080670,v4l2_dqbuf,0,VIDEO_OUTPUT_MPLANE
15834.093827,v4l2_qbuf,0,VIDEO_OUTPUT_MPLANE
15834.093850,v4l2_qbuf,0,VIDEO_CAPTURE_MPLANE
15834.097204,v4l2_dqbuf,0,VIDEO_CAPTURE_MPLANE
15834.097297,v4l2_dqbuf,0,VIDEO_OUTPUT_MPLANE
15834.110553,v4l2_qbuf,0,VIDEO_OUTPUT_MPLANE
15834.110577,v4l2_qbuf,4,VIDEO_CAPTURE_MPLANE
15834.112731,v4l2_dqbuf,4,VIDEO_CAPTURE_MPLANE
15834.112749,v4l2_dqbuf,0,VIDEO_OUTPUT_MPLANE
15834.127258,v4l2_qbuf,0,VIDEO_OUTPUT_MPLANE
15834.127283,v4l2_qbuf,6,VIDEO_CAPTURE_MPLANE
15834.130386,v4l2_dqbuf,6,VIDEO_CAPTURE_MPLANE
15834.130481,v4l2_dqbuf,0,VIDEO_OUTPUT_MPLANE
15834.143781,v4l2_qbuf,0,VIDEO_OUTPUT_MPLANE
15834.143853,v4l2_qbuf,3,VIDEO_CAPTURE_MPLANE
15834.147274,v4l2_dqbuf,3,VIDEO_CAPTURE_MPLANE
15834.147481,v4l2_dqbuf,0,VIDEO_OUTPUT_MPLANE
15834.160519,v4l2_qbuf,0,VIDEO_OUTPUT_MPLANE
15834.160560,v4l2_qbuf,2,VIDEO_CAPTURE_MPLANE
15834.163871,v4l2_dqbuf,2,VIDEO_CAPTURE_MPLANE
15834.164036,v4l2_dqbuf,0,VIDEO_OUTPUT_MPLANE
15834.177440,v4l2_qbuf,0,VIDEO_OUTPUT_MPLANE
15834.177490,v4l2_qbuf,5,VIDEO_CAPTURE_MPLANE
15834.179820,v4l2_dqbuf,5,VIDEO_CAPTURE_MPLANE
15834.179838,v4l2_dqbuf,0,VIDEO_OUTPUT_MPLANE
15834.194095,v4l2_qbuf,0,VIDEO_OUTPUT_MPLANE
15834.194119,v4l2_qbuf,1,VIDEO_CAPTURE_MPLANE
15834.197360,v4l2_dqbuf,1,VIDEO_CAPTURE_MPLANE
15834.197496,v4l2_dqbuf,0,VIDEO_OUTPUT_MPLANE
15834.210907,v4l2_qbuf,0,VIDEO_OUTPUT_MPLANE
15834.210956,v4l2_qbuf,0,VIDEO_CAPTURE_MPLANE
15834.214364,v4l2_dqbuf,0,VIDEO_CAPTURE_MPLANE
15834.214556,v4l2_dqbuf,0,VIDEO_OUTPUT_MPLANE
15834.227800,v4l2_qbuf,0,VIDEO_OUTPUT_MPLANE
15834.227825,v4l2_qbuf,7,VIDEO_CAPTURE_MPLANE
15834.231148,v4l2_dqbuf,7,VIDEO_CAPTURE_MPLANE
15834.231242,v4l2_dqbuf,0,VIDEO_OUTPUT_MPLANE
15834.243510,v4l2_qbuf,0,VIDEO_OUTPUT_MPLANE
15834.243543,v4l2_qbuf,6,VIDEO_CAPTURE_MPLANE
15834.245760,v4l2_dqbuf,6,VIDEO_CAPTURE_MPLANE
15834.245779,v4l2_dqbuf,0,VIDEO_OUTPUT_MPLANE
15834.260484,v4l2_qbuf,0,VIDEO_OUTPUT_MPLANE
15834.260506,v4l2_qbuf,3,VIDEO_CAPTURE_MPLANE
15834.263675,v4l2_dqbuf,3,VIDEO_CAPTURE_MPLANE
15834.263757,v4l2_dqbuf,0,VIDEO_OUTPUT_MPLANE
15834.277069,v4l2_qbuf,0,VIDEO_OUTPUT_MPLANE
15834.277088,v4l2_qbuf,2,VIDEO_CAPTURE_MPLANE
15834.280207,v4l2_dqbuf,2,VIDEO_CAPTURE_MPLANE
15834.280326,v4l2_dqbuf,0,VIDEO_OUTPUT_MPLANE
15834.293687,v4l2_qbuf,0,VIDEO_OUTPUT_MPLANE
15834.293709,v4l2_qbuf,4,VIDEO_CAPTURE_MPLANE
15834.296923,v4l2_dqbuf,4,VIDEO_CAPTURE_MPLANE
15834.297031,v4l2_dqbuf,0,VIDEO_OUTPUT_MPLANE
15834.310714,v4l2_qbuf,0,VIDEO_OUTPUT_MPLANE
15834.310762,v4l2_qbuf,1,VIDEO_CAPTURE_MPLANE
15834.313097,v4l2_dqbuf,1,VIDEO_CAPTURE_MPLANE
15834.313123,v4l2_dqbuf,0,VIDEO_OUTPUT_MPLANE
15834.326817,v4l2_qbuf,0,VIDEO_OUTPUT_MPLANE
15834.326839,v4l2_qbuf,0,VIDEO_CAPTURE_MPLANE
15834.329944,v4l2_dqbuf,0,VIDEO_CAPTURE_MPLANE
15834.330046,v4l2_dqbuf,0,VIDEO_OUTPUT_MPLANE
15834.343601,v4l2_qbuf,0,VIDEO_OUTPUT_MPLANE
15834.343633,v4l2_qbuf,7,VIDEO_CAPTURE_MPLANE
15834.346707,v4l2_dqbuf,7,VIDEO_CAPTURE_MPLANE
15834.346793,v4l2_dqbuf,0,VIDEO_OUTPUT_MPLANE
15834.360145,v4l2_qbuf,0,VIDEO_OUTPUT_MPLANE
15834.360171,v4l2_qbuf,5,VIDEO_CAPTURE_MPLANE
15834.363460,v4l2_dqbuf,5,VIDEO_CAPTURE_MPLANE
15834.363569,v4l2_dqbuf,0,VIDEO_OUTPUT_MPLANE
15834.377123,v4l2_qbuf,0,VIDEO_OUTPUT_MPLANE
15834.377145,v4l2_qbuf,3,VIDEO_CAPTURE_MPLANE
15834.379424,v4l2_dqbuf,3,VIDEO_CAPTURE_MPLANE
15834.379443,v4l2_dqbuf,0,VIDEO_OUTPUT_MPLANE
15834.393592,v4l2_qbuf,0,VIDEO_OUTPUT_MPLANE
15834.393618,v4l2_qbuf,2,VIDEO_CAPTURE_MPLANE
15834.397046,v4l2_dqbuf,2,VIDEO_CAPTURE_MPLANE
15834.397198,v4l2_dqbuf,0,VIDEO_OUTPUT_MPLANE
15834.410660,v4l2_qbuf,0,VIDEO_OUTPUT_MPLANE
15834.410712,v4l2_qbuf,4,VIDEO_CAPTURE_MPLANE
15834.414069,v4l2_dqbuf,4,VIDEO_CAPTURE_MPLANE
15834.414155,v4l2_dqbuf,0,VIDEO_OUTPUT_MPLANE
15834.426847,v4l2_qbuf,0,VIDEO_OUTPUT_MPLANE
15834.426870,v4l2_qbuf,6,VIDEO_CAPTURE_MPLANE
15834.429987,v4l2_dqbuf,6,VIDEO_CAPTURE_MPLANE
15834.430133,v4l2_dqbuf,0,VIDEO_OUTPUT_MPLANE
15834.443766,v4l2_qbuf,0,VIDEO_OUTPUT_MPLANE
15834.443791,v4l2_qbuf,0,VIDEO_CAPTURE_MPLANE
15834.445970,v4l2_dqbuf,0,VIDEO_CAPTURE_MPLANE
15834.445987,v4l2_dqbuf,0,VIDEO_OUTPUT_MPLANE
15834.460874,v4l2_qbuf,0,VIDEO_OUTPUT_MPLANE
15834.460899,v4l2_qbuf,7,VIDEO_CAPTURE_MPLANE
15834.464118,v4l2_dqbuf,7,VIDEO_CAPTURE_MPLANE
15834.464234,v4l2_dqbuf,0,VIDEO_OUTPUT_MPLANE
15834.477144,v4l2_qbuf,0,VIDEO_OUTPUT_MPLANE
15834.477165,v4l2_qbuf,5,VIDEO_CAPTURE_MPLANE
15834.480289,v4l2_dqbuf,5,VIDEO_CAPTURE_MPLANE
15834.480378,v4l2_dqbuf,0,VIDEO_OUTPUT_MPLANE
15834.493567,v4l2_qbuf,0,VIDEO_OUTPUT_MPLANE
15834.493589,v4l2_qbuf,1,VIDEO_CAPTURE_MPLANE
15834.496838,v4l2_dqbuf,1,VIDEO_CAPTURE_MPLANE
15834.497321,v4l2_dqbuf,0,VIDEO_OUTPUT_MPLANE
15834.510641,v4l2_qbuf,0,VIDEO_OUTPUT_MPLANE
15834.510683,v4l2_qbuf,2,VIDEO_CAPTURE_MPLANE
15834.512971,v4l2_dqbuf,2,VIDEO_CAPTURE_MPLANE
15834.512987,v4l2_dqbuf,0,VIDEO_OUTPUT_MPLANE
15834.527113,v4l2_qbuf,0,VIDEO_OUTPUT_MPLANE
15834.527135,v4l2_qbuf,4,VIDEO_CAPTURE_MPLANE
15834.530411,v4l2_dqbuf,4,VIDEO_CAPTURE_MPLANE
15834.530548,v4l2_dqbuf,0,VIDEO_OUTPUT_MPLANE
15834.543694,v4l2_qbuf,0,VIDEO_OUTPUT_MPLANE
15834.543717,v4l2_qbuf,6,VIDEO_CAPTURE_MPLANE
15834.545620,v4l2_dqbuf,6,VIDEO_CAPTURE_MPLANE
15834.545637,v4l2_dqbuf,0,VIDEO_OUTPUT_MPLANE
15834.560685,v4l2_qbuf,0,VIDEO_OUTPUT_MPLANE
15834.560708,v4l2_qbuf,3,VIDEO_CAPTURE_MPLANE
15834.562820,v4l2_dqbuf,3,VIDEO_CAPTURE_MPLANE
15834.562835,v4l2_dqbuf,0,VIDEO_OUTPUT_MPLANE
15834.576679,v4l2_qbuf,0,VIDEO_OUTPUT_MPLANE
15834.576709,v4l2_qbuf,7,VIDEO_CAPTURE_MPLANE
15834.579944,v4l2_dqbuf,7,VIDEO_CAPTURE_MPLANE
15834.580092,v4l2_dqbuf,0,VIDEO_OUTPUT_MPLANE
15834.593790,v4l2_qbuf,0,VIDEO_OUTPUT_MPLANE
15834.593813,v4l2_qbuf,5,VIDEO_CAPTURE_MPLANE
15834.597020,v4l2_dqbuf,5,VIDEO_CAPTURE_MPLANE
15834.597099,v4l2_dqbuf,0,VIDEO_OUTPUT_MPLANE
15834.610360,v4l2_qbuf,0,VIDEO_OUTPUT_MPLANE
15834.610380,v4l2_qbuf,1,VIDEO_CAPTURE_MPLANE
15834.613528,v4l2_dqbuf,1,VIDEO_CAPTURE_MPLANE
15834.613711,v4l2_dqbuf,0,VIDEO_OUTPUT_MPLANE
15834.627301,v4l2_qbuf,0,VIDEO_OUTPUT_MPLANE
15834.627348,v4l2_qbuf,0,VIDEO_CAPTURE_MPLANE
15834.629696,v4l2_dqbuf,0,VIDEO_CAPTURE_MPLANE
15834.629722,v4l2_dqbuf,0,VIDEO_OUTPUT_MPLANE
15834.643905,v4l2_qbuf,0,VIDEO_OUTPUT_MPLANE
15834.643945,v4l2_qbuf,4,VIDEO_CAPTURE_MPLANE
15834.647037,v4l2_dqbuf,4,VIDEO_CAPTURE_MPLANE
15834.647154,v4l2_dqbuf,0,VIDEO_OUTPUT_MPLANE
15834.660255,v4l2_qbuf,0,VIDEO_OUTPUT_MPLANE
15834.660276,v4l2_qbuf,2,VIDEO_CAPTURE_MPLANE
15834.663580,v4l2_dqbuf,2,VIDEO_CAPTURE_MPLANE
15834.663751,v4l2_dqbuf,0,VIDEO_OUTPUT_MPLANE
15834.676939,v4l2_qbuf,0,VIDEO_OUTPUT_MPLANE
15834.676961,v4l2_qbuf,6,VIDEO_CAPTURE_MPLANE
15834.680132,v4l2_dqbuf,6,VIDEO_CAPTURE_MPLANE
15834.680222,v4l2_dqbuf,0,VIDEO_OUTPUT_MPLANE
15834.693696,v4l2_qbuf,0,VIDEO_OUTPUT_MPLANE
15834.693720,v4l2_qbuf,7,VIDEO_CAPTURE_MPLANE
15834.696020,v4l2_dqbuf,7,VIDEO_CAPTURE_MPLANE
15834.696040,v4l2_dqbuf,0,VIDEO_OUTPUT_MPLANE
15834.711455,v4l2_qbuf,0,VIDEO_OUTPUT_MPLANE
15834.711496,v4l2_qbuf,5,VIDEO_CAPTURE_MPLANE
15834.714673,v4l2_dqbuf,5,VIDEO_CAPTURE_MPLANE
15834.714754,v4l2_dqbuf,0,VIDEO_OUTPUT_MPLANE
15834.727498,v4l2_qbuf,0,VIDEO_OUTPUT_MPLANE
15834.727547,v4l2_qbuf,1,VIDEO_CAPTURE_MPLANE
15834.730688,v4l2_dqbuf,1,VIDEO_CAPTURE_MPLANE
15834.730762,v4l2_dqbuf,0,VIDEO_OUTPUT_MPLANE
15834.743709,v4l2_qbuf,0,VIDEO_OUTPUT_MPLANE
15834.743739,v4l2_qbuf,3,VIDEO_CAPTURE_MPLANE
15834.746912,v4l2_dqbuf,3,VIDEO_CAPTURE_MPLANE
15834.747019,v4l2_dqbuf,0,VIDEO_OUTPUT_MPLANE
15834.760265,v4l2_qbuf,0,VIDEO_OUTPUT_MPLANE
15834.760299,v4l2_qbuf,4,VIDEO_CAPTURE_MPLANE
15834.762588,v4l2_dqbuf,4,VIDEO_CAPTURE_MPLANE
15834.762606,v4l2_dqbuf,0,VIDEO_OUTPUT_MPLANE
15834.776901,v4l2_qbuf,0,VIDEO_OUTPUT_MPLANE
15834.776922,v4l2_qbuf,2,VIDEO_CAPTURE_MPLANE
15834.780031,v4l2_dqbuf,2,VIDEO_CAPTURE_MPLANE
15834.780116,v4l2_dqbuf,0,VIDEO_OUTPUT_MPLANE
15834.793711,v4l2_qbuf,0,VIDEO_OUTPUT_MPLANE
15834.793732,v4l2_qbuf,6,VIDEO_CAPTURE_MPLANE
15834.797022,v4l2_dqbuf,6,VIDEO_CAPTURE_MPLANE
15834.797130,v4l2_dqbuf,0,VIDEO_OUTPUT_MPLANE
15834.810288,v4l2_qbuf,0,VIDEO_OUTPUT_MPLANE
15834.810307,v4l2_qbuf,0,VIDEO_CAPTURE_MPLANE
15834.813545,v4l2_dqbuf,0,VIDEO_CAPTURE_MPLANE
15834.813633,v4l2_dqbuf,0,VIDEO_OUTPUT_MPLANE
15834.827150,v4l2_qbuf,0,VIDEO_OUTPUT_MPLANE
15834.827186,v4l2_qbuf,5,VIDEO_CAPTURE_MPLANE
15834.829291,v4l2_dqbuf,5,VIDEO_CAPTURE_MPLANE
15834.829307,v4l2_dqbuf,0,VIDEO_OUTPUT_MPLANE
15834.843270,v4l2_qbuf,0,VIDEO_OUTPUT_MPLANE
15834.843291,v4l2_qbuf,1,VIDEO_CAPTURE_MPLANE
15834.846600,v4l2_dqbuf,1,VIDEO_CAPTURE_MPLANE
15834.846672,v4l2_dqbuf,0,VIDEO_OUTPUT_MPLANE
15834.860468,v4l2_qbuf,0,VIDEO_OUTPUT_MPLANE
15834.860484,v4l2_qbuf,3,VIDEO_CAPTURE_MPLANE
15834.863665,v4l2_dqbuf,3,VIDEO_CAPTURE_MPLANE
15834.863934,v4l2_dqbuf,0,VIDEO_OUTPUT_MPLANE
15834.877268,v4l2_qbuf,0,VIDEO_OUTPUT_MPLANE
15834.877322,v4l2_qbuf,7,VIDEO_CAPTURE_MPLANE
15834.880593,v4l2_dqbuf,7,VIDEO_CAPTURE_MPLANE
15834.880679,v4l2_dqbuf,0,VIDEO_OUTPUT_MPLANE
15834.893710,v4l2_qbuf,0,VIDEO_OUTPUT_MPLANE
15834.893731,v4l2_qbuf,2,VIDEO_CAPTURE_MPLANE
15834.896068,v4l2_dqbuf,2,VIDEO_CAPTURE_MPLANE
15834.896098,v4l2_dqbuf,0,VIDEO_OUTPUT_MPLANE
15834.910742,v4l2_qbuf,0,VIDEO_OUTPUT_MPLANE
15834.910789,v4l2_qbuf,6,VIDEO_CAPTURE_MPLANE
15834.914164,v4l2_dqbuf,6,VIDEO_CAPTURE_MPLANE
15834.914310,v4l2_dqbuf,0,VIDEO_OUTPUT_MPLANE
15834.927692,v4l2_qbuf,0,VIDEO_OUTPUT_MPLANE
15834.927723,v4l2_qbuf,0,VIDEO_CAPTURE_MPLANE
15834.930948,v4l2_dqbuf,0,VIDEO_CAPTURE_MPLANE
15834.931054,v4l2_dqbuf,0,VIDEO_OUTPUT_MPLANE
15834.943764,v4l2_qbuf,0,VIDEO_OUTPUT_MPLANE
15834.943789,v4l2_qbuf,4,VIDEO_CAPTURE_MPLANE
15834.947017,v4l2_dqbuf,4,VIDEO_CAPTURE_MPLANE
15834.947125,v4l2_dqbuf,0,VIDEO_OUTPUT_MPLANE
15834.960382,v4l2_qbuf,0,VIDEO_OUTPUT_MPLANE
15834.960405,v4l2_qbuf,1,VIDEO_CAPTURE_MPLANE
15834.962802,v4l2_dqbuf,1,VIDEO_CAPTURE_MPLANE
15834.962820,v4l2_dqbuf,0,VIDEO_OUTPUT_MPLANE
15834.977047,v4l2_qbuf,0,VIDEO_OUTPUT_MPLANE
15834.977069,v4l2_qbuf,3,VIDEO_CAPTURE_MPLANE
15834.980318,v4l2_dqbuf,3,VIDEO_CAPTURE_MPLANE
15834.980404,v4l2_dqbuf,0,VIDEO_OUTPUT_MPLANE
15834.994111,v4l2_qbuf,0,VIDEO_OUTPUT_MPLANE
15834.994213,v4l2_qbuf,7,VIDEO_CAPTURE_MPLANE
15834.997579,v4l2_dqbuf,7,VIDEO_CAPTURE_MPLANE
15834.997648,v4l2_dqbuf,0,VIDEO_OUTPUT_MPLANE
15835.010646,v4l2_qbuf,0,VIDEO_OUTPUT_MPLANE
15835.010757,v4l2_qbuf,5,VIDEO_CAPTURE_MPLANE
15835.014146,v4l2_dqbuf,5,VIDEO_CAPTURE_MPLANE
15835.014237,v4l2_dqbuf,0,VIDEO_OUTPUT_MPLANE
15835.027213,v4l2_qbuf,0,VIDEO_OUTPUT_MPLANE
15835.027238,v4l2_qbuf,6,VIDEO_CAPTURE_MPLANE
15835.029524,v4l2_dqbuf,6,VIDEO_CAPTURE_MPLANE
15835.029541,v4l2_dqbuf,0,VIDEO_OUTPUT_MPLANE
15835.043672,v4l2_qbuf,0,VIDEO_OUTPUT_MPLANE
15835.043702,v4l2_qbuf,0,VIDEO_CAPTURE_MPLANE
15835.046894,v4l2_dqbuf,0,VIDEO_CAPTURE_MPLANE
15835.047026,v4l2_dqbuf,0,VIDEO_OUTPUT_MPLANE
15835.060477,v4l2_qbuf,0,VIDEO_OUTPUT_MPLANE
15835.060500,v4l2_qbuf,4,VIDEO_CAPTURE_MPLANE
15835.063824,v4l2_dqbuf,4,VIDEO_CAPTURE_MPLANE
15835.063919,v4l2_dqbuf,0,VIDEO_OUTPUT_MPLANE
15835.076997,v4l2_qbuf,0,VIDEO_OUTPUT_MPLANE
15835.077035,v4l2_qbuf,2,VIDEO_CAPTURE_MPLANE
15835.080133,v4l2_dqbuf,2,VIDEO_CAPTURE_MPLANE
15835.080213,v4l2_dqbuf,0,VIDEO_OUTPUT_MPLANE
15835.094183,v4l2_qbuf,0,VIDEO_OUTPUT_MPLANE
15835.094208,v4l2_qbuf,3,VIDEO_CAPTURE_MPLANE
15835.096520,v4l2_dqbuf,3,VIDEO_CAPTURE_MPLANE
15835.096547,v4l2_dqbuf,0,VIDEO_OUTPUT_MPLANE
15835.110449,v4l2_qbuf,0,VIDEO_OUTPUT_MPLANE
15835.110472,v4l2_qbuf,7,VIDEO_CAPTURE_MPLANE
15835.113670,v4l2_dqbuf,7,VIDEO_CAPTURE_MPLANE
15835.113758,v4l2_dqbuf,0,VIDEO_OUTPUT_MPLANE
15835.127065,v4l2_qbuf,0,VIDEO_OUTPUT_MPLANE
15835.127086,v4l2_qbuf,5,VIDEO_CAPTURE_MPLANE
15835.130219,v4l2_dqbuf,5,VIDEO_CAPTURE_MPLANE
15835.130313,v4l2_dqbuf,0,VIDEO_OUTPUT_MPLANE
15835.143585,v4l2_qbuf,0,VIDEO_OUTPUT_MPLANE
15835.143608,v4l2_qbuf,1,VIDEO_CAPTURE_MPLANE
15835.146924,v4l2_dqbuf,1,VIDEO_CAPTURE_MPLANE
15835.147026,v4l2_dqbuf,0,VIDEO_OUTPUT_MPLANE
15835.160533,v4l2_qbuf,0,VIDEO_OUTPUT_MPLANE
15835.160559,v4l2_qbuf,0,VIDEO_CAPTURE_MPLANE
15835.162824,v4l2_dqbuf,0,VIDEO_CAPTURE_MPLANE
15835.162842,v4l2_dqbuf,0,VIDEO_OUTPUT_MPLANE
15835.176986,v4l2_qbuf,0,VIDEO_OUTPUT_MPLANE
15835.177025,v4l2_qbuf,4,VIDEO_CAPTURE_MPLANE
15835.180387,v4l2_dqbuf,4,VIDEO_CAPTURE_MPLANE
15835.180487,v4l2_dqbuf,0,VIDEO_OUTPUT_MPLANE
15835.194118,v4l2_qbuf,0,VIDEO_OUTPUT_MPLANE
15835.194167,v4l2_qbuf,2,VIDEO_CAPTURE_MPLANE
15835.197468,v4l2_dqbuf,2,VIDEO_CAPTURE_MPLANE
15835.197605,v4l2_dqbuf,0,VIDEO_OUTPUT_MPLANE
15835.210241,v4l2_qbuf,0,VIDEO_OUTPUT_MPLANE
15835.210271,v4l2_qbuf,6,VIDEO_CAPTURE_MPLANE
15835.213551,v4l2_dqbuf,6,VIDEO_CAPTURE_MPLANE
15835.213686,v4l2_dqbuf,0,VIDEO_OUTPUT_MPLANE
15835.227345,v4l2_qbuf,0,VIDEO_OUTPUT_MPLANE
15835.227424,v4l2_qbuf,7,VIDEO_CAPTURE_MPLANE
15835.230304,v4l2_dqbuf,7,VIDEO_CAPTURE_MPLANE
15835.230325,v4l2_dqbuf,0,VIDEO_OUTPUT_MPLANE
15835.243537,v4l2_qbuf,0,VIDEO_OUTPUT_MPLANE
15835.243557,v4l2_qbuf,5,VIDEO_CAPTURE_MPLANE
15835.246831,v4l2_dqbuf,5,VIDEO_CAPTURE_MPLANE
15835.247082,v4l2_dqbuf,0,VIDEO_OUTPUT_MPLANE
15835.260720,v4l2_qbuf,0,VIDEO_OUTPUT_MPLANE
15835.260776,v4l2_qbuf,1,VIDEO_CAPTURE_MPLANE
15835.264237,v4l2_dqbuf,1,VIDEO_CAPTURE_MPLANE
15835.264505,v4l2_dqbuf,0,VIDEO_OUTPUT_MPLANE
15835.277162,v4l2_qbuf,0,VIDEO_OUTPUT_MPLANE
15835.277187,v4l2_qbuf,3,VIDEO_CAPTURE_MPLANE
15835.280419,v4l2_dqbuf,3,VIDEO_CAPTURE_MPLANE
15835.280521,v4l2_dqbuf,0,VIDEO_OUTPUT_MPLANE
15835.293382,v4l2_qbuf,0,VIDEO_OUTPUT_MPLANE
15835.293411,v4l2_qbuf,4,VIDEO_CAPTURE_MPLANE
15835.295620,v4l2_dqbuf,4,VIDEO_CAPTURE_MPLANE
15835.295639,v4l2_dqbuf,0,VIDEO_OUTPUT_MPLANE
15835.310262,v4l2_qbuf,0,VIDEO_OUTPUT_MPLANE
15835.310285,v4l2_qbuf,2,VIDEO_CAPTURE_MPLANE
15835.313720,v4l2_dqbuf,2,VIDEO_CAPTURE_MPLANE
15835.313806,v4l2_dqbuf,0,VIDEO_OUTPUT_MPLANE
15835.327202,v4l2_qbuf,0,VIDEO_OUTPUT_MPLANE
15835.327219,v4l2_qbuf,6,VIDEO_CAPTURE_MPLANE
15835.330538,v4l2_dqbuf,6,VIDEO_CAPTURE_MPLANE
15835.330617,v4l2_dqbuf,0,VIDEO_OUTPUT_MPLANE
15835.343707,v4l2_qbuf,0,VIDEO_OUTPUT_MPLANE
15835.343729,v4l2_qbuf,0,VIDEO_CAPTURE_MPLANE
15835.347054,v4l2_dqbuf,0,VIDEO_CAPTURE_MPLANE
15835.347145,v4l2_dqbuf,0,VIDEO_OUTPUT_MPLANE
15835.360535,v4l2_qbuf,0,VIDEO_OUTPUT_MPLANE
15835.360559,v4l2_qbuf,5,VIDEO_CAPTURE_MPLANE
15835.362845,v4l2_dqbuf,5,VIDEO_CAPTURE_MPLANE
15835.362860,v4l2_dqbuf,0,VIDEO_OUTPUT_MPLANE
15835.377021,v4l2_qbuf,0,VIDEO_OUTPUT_MPLANE
15835.377044,v4l2_qbuf,1,VIDEO_CAPTURE_MPLANE
15835.380300,v4l2_dqbuf,1,VIDEO_CAPTURE_MPLANE
15835.380379,v4l2_dqbuf,0,VIDEO_OUTPUT_MPLANE
15835.394282,v4l2_qbuf,0,VIDEO_OUTPUT_MPLANE
15835.394306,v4l2_qbuf,3,VIDEO_CAPTURE_MPLANE
15835.397814,v4l2_dqbuf,3,VIDEO_CAPTURE_MPLANE
15835.397923,v4l2_dqbuf,0,VIDEO_OUTPUT_MPLANE
15835.410183,v4l2_qbuf,0,VIDEO_OUTPUT_MPLANE
15835.410208,v4l2_qbuf,7,VIDEO_CAPTURE_MPLANE
15835.413478,v4l2_dqbuf,7,VIDEO_CAPTURE_MPLANE
15835.413586,v4l2_dqbuf,0,VIDEO_OUTPUT_MPLANE
15835.427181,v4l2_qbuf,0,VIDEO_OUTPUT_MPLANE
15835.427223,v4l2_qbuf,2,VIDEO_CAPTURE_MPLANE
15835.429371,v4l2_dqbuf,2,VIDEO_CAPTURE_MPLANE
15835.429388,v4l2_dqbuf,0,VIDEO_OUTPUT_MPLANE
15835.443400,v4l2_qbuf,0,VIDEO_OUTPUT_MPLANE
15835.443421,v4l2_qbuf,6,VIDEO_CAPTURE_MPLANE
15835.446717,v4l2_dqbuf,6,VIDEO_CAPTURE_MPLANE
15835.446806,v4l2_dqbuf,0,VIDEO_OUTPUT_MPLANE
15835.460196,v4l2_qbuf,0,VIDEO_OUTPUT_MPLANE
15835.460218,v4l2_qbuf,0,VIDEO_CAPTURE_MPLANE
15835.463405,v4l2_dqbuf,0,VIDEO_CAPTURE_MPLANE
15835.463487,v4l2_dqbuf,0,VIDEO_OUTPUT_MPLANE
15835.476971,v4l2_qbuf,0,VIDEO_OUTPUT_MPLANE
15835.476991,v4l2_qbuf,4,VIDEO_CAPTURE_MPLANE
15835.480137,v4l2_dqbuf,4,VIDEO_CAPTURE_MPLANE
15835.480327,v4l2_dqbuf,0,VIDEO_OUTPUT_MPLANE
15835.493525,v4l2_qbuf,0,VIDEO_OUTPUT_MPLANE
15835.493547,v4l2_qbuf,1,VIDEO_CAPTURE_MPLANE
15835.495942,v4l2_dqbuf,1,VIDEO_CAPTURE_MPLANE
15835.495960,v4l2_dqbuf,0,VIDEO_OUTPUT_MPLANE
15835.510127,v4l2_qbuf,0,VIDEO_OUTPUT_MPLANE
15835.510150,v4l2_qbuf,3,VIDEO_CAPTURE_MPLANE
15835.513435,v4l2_dqbuf,3,VIDEO_CAPTURE_MPLANE
15835.513538,v4l2_dqbuf,0,VIDEO_OUTPUT_MPLANE
15835.527131,v4l2_qbuf,0,VIDEO_OUTPUT_MPLANE
15835.527154,v4l2_qbuf,7,VIDEO_CAPTURE_MPLANE
15835.530480,v4l2_dqbuf,7,VIDEO_CAPTURE_MPLANE
15835.530710,v4l2_dqbuf,0,VIDEO_OUTPUT_MPLANE
15835.544097,v4l2_qbuf,0,VIDEO_OUTPUT_MPLANE
15835.544182,v4l2_qbuf,5,VIDEO_CAPTURE_MPLANE
15835.546163,v4l2_dqbuf,5,VIDEO_CAPTURE_MPLANE
15835.546177,v4l2_dqbuf,0,VIDEO_OUTPUT_MPLANE
15835.560473,v4l2_qbuf,0,VIDEO_OUTPUT_MPLANE
15835.560524,v4l2_qbuf,6,VIDEO_CAPTURE_MPLANE
15835.562887,v4l2_dqbuf,6,VIDEO_CAPTURE_MPLANE
15835.562914,v4l2_dqbuf,0,VIDEO_OUTPUT_MPLANE
15835.577542,v4l2_qbuf,0,VIDEO_OUTPUT_MPLANE
15835.577715,v4l2_qbuf,0,VIDEO_CAPTURE_MPLANE
15835.580978,v4l2_dqbuf,0,VIDEO_CAPTURE_MPLANE
15835.581080,v4l2_dqbuf,0,VIDEO_OUTPUT_MPLANE
15835.593623,v4l2_qbuf,0,VIDEO_OUTPUT_MPLANE
15835.593643,v4l2_qbuf,4,VIDEO_CAPTURE_MPLANE
15835.597020,v4l2_dqbuf,4,VIDEO_CAPTURE_MPLANE
15835.597114,v4l2_dqbuf,0,VIDEO_OUTPUT_MPLANE
15835.610126,v4l2_qbuf,0,VIDEO_OUTPUT_MPLANE
15835.610157,v4l2_qbuf,2,VIDEO_CAPTURE_MPLANE
15835.613266,v4l2_dqbuf,2,VIDEO_CAPTURE_MPLANE
15835.613372,v4l2_dqbuf,0,VIDEO_OUTPUT_MPLANE
15835.627143,v4l2_qbuf,0,VIDEO_OUTPUT_MPLANE
15835.627181,v4l2_qbuf,3,VIDEO_CAPTURE_MPLANE
15835.629555,v4l2_dqbuf,3,VIDEO_CAPTURE_MPLANE
15835.629581,v4l2_dqbuf,0,VIDEO_OUTPUT_MPLANE
15835.643498,v4l2_qbuf,0,VIDEO_OUTPUT_MPLANE
15835.643521,v4l2_qbuf,7,VIDEO_CAPTURE_MPLANE
15835.646967,v4l2_dqbuf,7,VIDEO_CAPTURE_MPLANE
15835.647134,v4l2_dqbuf,0,VIDEO_OUTPUT_MPLANE
15835.660344,v4l2_qbuf,0,VIDEO_OUTPUT_MPLANE
15835.660380,v4l2_qbuf,1,VIDEO_CAPTURE_MPLANE
15835.663676,v4l2_dqbuf,1,VIDEO_CAPTURE_MPLANE
15835.663812,v4l2_dqbuf,0,VIDEO_OUTPUT_MPLANE
15835.676820,v4l2_qbuf,0,VIDEO_OUTPUT_MPLANE
15835.676856,v4l2_qbuf,5,VIDEO_CAPTURE_MPLANE
15835.680218,v4l2_dqbuf,5,VIDEO_CAPTURE_MPLANE
15835.680357,v4l2_dqbuf,0,VIDEO_OUTPUT_MPLANE
15835.694125,v4l2_qbuf,0,VIDEO_OUTPUT_MPLANE
15835.694157,v4l2_qbuf,0,VIDEO_CAPTURE_MPLANE
15835.696540,v4l2_dqbuf,0,VIDEO_CAPTURE_MPLANE
15835.696556,v4l2_dqbuf,0,VIDEO_OUTPUT_MPLANE
15835.710180,v4l2_qbuf,0,VIDEO_OUTPUT_MPLANE
15835.710219,v4l2_qbuf,4,VIDEO_CAPTURE_MPLANE
15835.713793,v4l2_dqbuf,4,VIDEO_CAPTURE_MPLANE
15835.713887,v4l2_dqbuf,0,VIDEO_OUTPUT_MPLANE
15835.726955,v4l2_qbuf,0,VIDEO_OUTPUT_MPLANE
15835.726979,v4l2_qbuf,2,VIDEO_CAPTURE_MPLANE
15835.730103,v4l2_dqbuf,2,VIDEO_CAPTURE_MPLANE
15835.730189,v4l2_dqbuf,0,VIDEO_OUTPUT_MPLANE
15835.743939,v4l2_qbuf,0,VIDEO_OUTPUT_MPLANE
15835.743965,v4l2_qbuf,6,VIDEO_CAPTURE_MPLANE
15835.747611,v4l2_dqbuf,6,VIDEO_CAPTURE_MPLANE
15835.747839,v4l2_dqbuf,0,VIDEO_OUTPUT_MPLANE
15835.760415,v4l2_qbuf,0,VIDEO_OUTPUT_MPLANE
15835.760436,v4l2_qbuf,7,VIDEO_CAPTURE_MPLANE
15835.762587,v4l2_dqbuf,7,VIDEO_CAPTURE_MPLANE
15835.762605,v4l2_dqbuf,0,VIDEO_OUTPUT_MPLANE
15835.778674,v4l2_qbuf,0,VIDEO_OUTPUT_MPLANE
15835.778704,v4l2_qbuf,1,VIDEO_CAPTURE_MPLANE
15835.782247,v4l2_dqbuf,1,VIDEO_CAPTURE_MPLANE
15835.782393,v4l2_dqbuf,0,VIDEO_OUTPUT_MPLANE
15835.793723,v4l2_qbuf,0,VIDEO_OUTPUT_MPLANE
15835.793804,v4l2_qbuf,5,VIDEO_CAPTURE_MPLANE
15835.797160,v4l2_dqbuf,5,VIDEO_CAPTURE_MPLANE
15835.797325,v4l2_dqbuf,0,VIDEO_OUTPUT_MPLANE
15835.813539,v4l2_qbuf,0,VIDEO_OUTPUT_MPLANE
15835.813572,v4l2_qbuf,3,VIDEO_CAPTURE_MPLANE
15835.816737,v4l2_dqbuf,3,VIDEO_CAPTURE_MPLANE
15835.816907,v4l2_dqbuf,0,VIDEO_OUTPUT_MPLANE
15835.830685,v4l2_qbuf,0,VIDEO_OUTPUT_MPLANE
15835.830772,v4l2_qbuf,4,VIDEO_CAPTURE_MPLANE
15835.833074,v4l2_dqbuf,4,VIDEO_CAPTURE_MPLANE
15835.833100,v4l2_dqbuf,0,VIDEO_OUTPUT_MPLANE
15835.846968,v4l2_qbuf,0,VIDEO_OUTPUT_MPLANE
15835.846990,v4l2_qbuf,2,VIDEO_CAPTURE_MPLANE
15835.850421,v4l2_dqbuf,2,VIDEO_CAPTURE_MPLANE
15835.850569,v4l2_dqbuf,0,VIDEO_OUTPUT_MPLANE
15835.864046,v4l2_qbuf,0,VIDEO_OUTPUT_MPLANE
15835.864104,v4l2_qbuf,6,VIDEO_CAPTURE_MPLANE
15835.867402,v4l2_dqbuf,6,VIDEO_CAPTURE_MPLANE
15835.867598,v4l2_dqbuf,0,VIDEO_OUTPUT_MPLANE
15835.880380,v4l2_qbuf,0,VIDEO_OUTPUT_MPLANE
15835.880421,v4l2_qbuf,0,VIDEO_CAPTURE_MPLANE
15835.882841,v4l2_dqbuf,0,VIDEO_CAPTURE_MPLANE
15835.882925,v4l2_dqbuf,0,VIDEO_OUTPUT_MPLANE
15835.897248,v4l2_qbuf,0,VIDEO_OUTPUT_MPLANE
15835.897309,v4l2_qbuf,1,VIDEO_CAPTURE_MPLANE
15835.900648,v4l2_dqbuf,1,VIDEO_CAPTURE_MPLANE
15835.900779,v4l2_dqbuf,0,VIDEO_OUTPUT_MPLANE
15835.913807,v4l2_qbuf,0,VIDEO_OUTPUT_MPLANE
15835.913880,v4l2_qbuf,5,VIDEO_CAPTURE_MPLANE
15835.917509,v4l2_dqbuf,5,VIDEO_CAPTURE_MPLANE
15835.917606,v4l2_dqbuf,0,VIDEO_OUTPUT_MPLANE
15835.930400,v4l2_qbuf,0,VIDEO_OUTPUT_MPLANE
15835.930422,v4l2_qbuf,3,VIDEO_CAPTURE_MPLANE
15835.933685,v4l2_dqbuf,3,VIDEO_CAPTURE_MPLANE
15835.933929,v4l2_dqbuf,0,VIDEO_OUTPUT_MPLANE
15835.946947,v4l2_qbuf,0,VIDEO_OUTPUT_MPLANE
15835.946976,v4l2_qbuf,7,VIDEO_CAPTURE_MPLANE
15835.949285,v4l2_dqbuf,7,VIDEO_CAPTURE_MPLANE
15835.949304,v4l2_dqbuf,0,VIDEO_OUTPUT_MPLANE
15835.963501,v4l2_qbuf,0,VIDEO_OUTPUT_MPLANE
15835.963572,v4l2_qbuf,2,VIDEO_CAPTURE_MPLANE
15835.966961,v4l2_dqbuf,2,VIDEO_CAPTURE_MPLANE
15835.967043,v4l2_dqbuf,0,VIDEO_OUTPUT_MPLANE
15835.980017,v4l2_qbuf,0,VIDEO_OUTPUT_MPLANE
15835.980035,v4l2_qbuf,6,VIDEO_CAPTURE_MPLANE
15835.983118,v4l2_dqbuf,6,VIDEO_CAPTURE_MPLANE
15835.983185,v4l2_dqbuf,0,VIDEO_OUTPUT_MPLANE
15835.996638,v4l2_qbuf,0,VIDEO_OUTPUT_MPLANE
15835.996655,v4l2_qbuf,4,VIDEO_CAPTURE_MPLANE
15835.998912,v4l2_dqbuf,4,VIDEO_CAPTURE_MPLANE
15835.998925,v4l2_dqbuf,0,VIDEO_OUTPUT_MPLANE
15836.013692,v4l2_qbuf,0,VIDEO_OUTPUT_MPLANE
15836.013716,v4l2_qbuf,1,VIDEO_CAPTURE_MPLANE
15836.017045,v4l2_dqbuf,1,VIDEO_CAPTURE_MPLANE
15836.017405,v4l2_dqbuf,0,VIDEO_OUTPUT_MPLANE
15836.030470,v4l2_qbuf,0,VIDEO_OUTPUT_MPLANE
15836.030514,v4l2_qbuf,5,VIDEO_CAPTURE_MPLANE
15836.032941,v4l2_dqbuf,5,VIDEO_CAPTURE_MPLANE
15836.032959,v4l2_dqbuf,0,VIDEO_OUTPUT_MPLANE
15836.046748,v4l2_qbuf,0,VIDEO_OUTPUT_MPLANE
15836.046771,v4l2_qbuf,3,VIDEO_CAPTURE_MPLANE
15836.050174,v4l2_dqbuf,3,VIDEO_CAPTURE_MPLANE
15836.050262,v4l2_dqbuf,0,VIDEO_OUTPUT_MPLANE
15836.063782,v4l2_qbuf,0,VIDEO_OUTPUT_MPLANE
15836.063809,v4l2_qbuf,0,VIDEO_CAPTURE_MPLANE
15836.067330,v4l2_dqbuf,0,VIDEO_CAPTURE_MPLANE
15836.067421,v4l2_dqbuf,0,VIDEO_OUTPUT_MPLANE
15836.079882,v4l2_qbuf,0,VIDEO_OUTPUT_MPLANE
15836.079898,v4l2_qbuf,2,VIDEO_CAPTURE_MPLANE
15836.082333,v4l2_dqbuf,2,VIDEO_CAPTURE_MPLANE
15836.082347,v4l2_dqbuf,0,VIDEO_OUTPUT_MPLANE
15836.096812,v4l2_qbuf,0,VIDEO_OUTPUT_MPLANE
15836.096849,v4l2_qbuf,6,VIDEO_CAPTURE_MPLANE
15836.100113,v4l2_dqbuf,6,VIDEO_CAPTURE_MPLANE
15836.100259,v4l2_dqbuf,0,VIDEO_OUTPUT_MPLANE
15836.113703,v4l2_qbuf,0,VIDEO_OUTPUT_MPLANE
15836.113752,v4l2_qbuf,7,VIDEO_CAPTURE_MPLANE
15836.117089,v4l2_dqbuf,7,VIDEO_CAPTURE_MPLANE
15836.117249,v4l2_dqbuf,0,VIDEO_OUTPUT_MPLANE
15836.129800,v4l2_qbuf,0,VIDEO_OUTPUT_MPLANE
15836.129815,v4l2_qbuf,1,VIDEO_CAPTURE_MPLANE
15836.132927,v4l2_dqbuf,1,VIDEO_CAPTURE_MPLANE
15836.132996,v4l2_dqbuf,0,VIDEO_OUTPUT_MPLANE
15836.146530,v4l2_qbuf,0,VIDEO_OUTPUT_MPLANE
15836.146547,v4l2_qbuf,4,VIDEO_CAPTURE_MPLANE
15836.148714,v4l2_dqbuf,4,VIDEO_CAPTURE_MPLANE
15836.148739,v4l2_dqbuf,0,VIDEO_OUTPUT_MPLANE
15836.163570,v4l2_qbuf,0,VIDEO_OUTPUT_MPLANE
15836.163644,v4l2_qbuf,3,VIDEO_CAPTURE_MPLANE
15836.166916,v4l2_dqbuf,3,VIDEO_CAPTURE_MPLANE
15836.166998,v4l2_dqbuf,0,VIDEO_OUTPUT_MPLANE
15836.180022,v4l2_qbuf,0,VIDEO_OUTPUT_MPLANE
15836.180044,v4l2_qbuf,0,VIDEO_CAPTURE_MPLANE
15836.183071,v4l2_dqbuf,0,VIDEO_CAPTURE_MPLANE
15836.183217,v4l2_dqbuf,0,VIDEO_OUTPUT_MPLANE
15836.196861,v4l2_qbuf,0,VIDEO_OUTPUT_MPLANE
15836.196883,v4l2_qbuf,5,VIDEO_CAPTURE_MPLANE
15836.200250,v4l2_dqbuf,5,VIDEO_CAPTURE_MPLANE
15836.200414,v4l2_dqbuf,0,VIDEO_OUTPUT_MPLANE
15836.213338,v4l2_qbuf,0,VIDEO_OUTPUT_MPLANE
15836.213361,v4l2_qbuf,6,VIDEO_CAPTURE_MPLANE
15836.215643,v4l2_dqbuf,6,VIDEO_CAPTURE_MPLANE
15836.215671,v4l2_dqbuf,0,VIDEO_OUTPUT_MPLANE
15836.230183,v4l2_qbuf,0,VIDEO_OUTPUT_MPLANE
15836.230215,v4l2_qbuf,7,VIDEO_CAPTURE_MPLANE
15836.233505,v4l2_dqbuf,7,VIDEO_CAPTURE_MPLANE
15836.233633,v4l2_dqbuf,0,VIDEO_OUTPUT_MPLANE
15836.247115,v4l2_qbuf,0,VIDEO_OUTPUT_MPLANE
15836.247140,v4l2_qbuf,1,VIDEO_CAPTURE_MPLANE
15836.250381,v4l2_dqbuf,1,VIDEO_CAPTURE_MPLANE
15836.250476,v4l2_dqbuf,0,VIDEO_OUTPUT_MPLANE
15836.264039,v4l2_qbuf,0,VIDEO_OUTPUT_MPLANE
15836.264073,v4l2_qbuf,2,VIDEO_CAPTURE_MPLANE
15836.266852,v4l2_dqbuf,2,VIDEO_CAPTURE_MPLANE
15836.266884,v4l2_dqbuf,0,VIDEO_OUTPUT_MPLANE
15836.280241,v4l2_qbuf,0,VIDEO_OUTPUT_MPLANE
15836.280262,v4l2_qbuf,3,VIDEO_CAPTURE_MPLANE
15836.283763,v4l2_dqbuf,3,VIDEO_CAPTURE_MPLANE
15836.283840,v4l2_dqbuf,0,VIDEO_OUTPUT_MPLANE
15836.296622,v4l2_qbuf,0,VIDEO_OUTPUT_MPLANE
15836.296638,v4l2_qbuf,0,VIDEO_CAPTURE_MPLANE
15836.299806,v4l2_dqbuf,0,VIDEO_CAPTURE_MPLANE
15836.299867,v4l2_dqbuf,0,VIDEO_OUTPUT_MPLANE
15836.313492,v4l2_qbuf,0,VIDEO_OUTPUT_MPLANE
15836.313516,v4l2_qbuf,5,VIDEO_CAPTURE_MPLANE
15836.315892,v4l2_dqbuf,5,VIDEO_CAPTURE_MPLANE
15836.315909,v4l2_dqbuf,0,VIDEO_OUTPUT_MPLANE
15836.330371,v4l2_qbuf,0,VIDEO_OUTPUT_MPLANE
15836.330392,v4l2_qbuf,4,VIDEO_CAPTURE_MPLANE
15836.333814,v4l2_dqbuf,4,VIDEO_CAPTURE_MPLANE
15836.333897,v4l2_dqbuf,0,VIDEO_OUTPUT_MPLANE
15836.347286,v4l2_qbuf,0,VIDEO_OUTPUT_MPLANE
15836.347335,v4l2_qbuf,7,VIDEO_CAPTURE_MPLANE
15836.350830,v4l2_dqbuf,7,VIDEO_CAPTURE_MPLANE
15836.351111,v4l2_dqbuf,0,VIDEO_OUTPUT_MPLANE
15836.363574,v4l2_qbuf,0,VIDEO_OUTPUT_MPLANE
15836.363594,v4l2_qbuf,1,VIDEO_CAPTURE_MPLANE
15836.365920,v4l2_dqbuf,1,VIDEO_CAPTURE_MPLANE
15836.365959,v4l2_dqbuf,0,VIDEO_OUTPUT_MPLANE
15836.380445,v4l2_qbuf,0,VIDEO_OUTPUT_MPLANE
15836.380483,v4l2_qbuf,6,VIDEO_CAPTURE_MPLANE
15836.383764,v4l2_dqbuf,6,VIDEO_CAPTURE_MPLANE
15836.383914,v4l2_dqbuf,0,VIDEO_OUTPUT_MPLANE
15836.397226,v4l2_qbuf,0,VIDEO_OUTPUT_MPLANE
15836.397266,v4l2_qbuf,3,VIDEO_CAPTURE_MPLANE
15836.399566,v4l2_dqbuf,3,VIDEO_CAPTURE_MPLANE
15836.399583,v4l2_dqbuf,0,VIDEO_OUTPUT_MPLANE
15836.413868,v4l2_qbuf,0,VIDEO_OUTPUT_MPLANE
15836.413911,v4l2_qbuf,0,VIDEO_CAPTURE_MPLANE
15836.417379,v4l2_dqbuf,0,VIDEO_CAPTURE_MPLANE
15836.417494,v4l2_dqbuf,0,VIDEO_OUTPUT_MPLANE
15836.430441,v4l2_qbuf,0,VIDEO_OUTPUT_MPLANE
15836.430463,v4l2_qbuf,2,VIDEO_CAPTURE_MPLANE
15836.433813,v4l2_dqbuf,2,VIDEO_CAPTURE_MPLANE
15836.433903,v4l2_dqbuf,0,VIDEO_OUTPUT_MPLANE
15836.447194,v4l2_qbuf,0,VIDEO_OUTPUT_MPLANE
15836.447216,v4l2_qbuf,4,VIDEO_CAPTURE_MPLANE
15836.449678,v4l2_dqbuf,4,VIDEO_CAPTURE_MPLANE
15836.449698,v4l2_dqbuf,0,VIDEO_OUTPUT_MPLANE
15836.463661,v4l2_qbuf,0,VIDEO_OUTPUT_MPLANE
15836.463749,v4l2_qbuf,7,VIDEO_CAPTURE_MPLANE
15836.467268,v4l2_dqbuf,7,VIDEO_CAPTURE_MPLANE
15836.467443,v4l2_dqbuf,0,VIDEO_OUTPUT_MPLANE
15836.480504,v4l2_qbuf,0,VIDEO_OUTPUT_MPLANE
15836.480542,v4l2_qbuf,5,VIDEO_CAPTURE_MPLANE
15836.482922,v4l2_dqbuf,5,VIDEO_CAPTURE_MPLANE
15836.482951,v4l2_dqbuf,0,VIDEO_OUTPUT_MPLANE
15836.496973,v4l2_qbuf,0,VIDEO_OUTPUT_MPLANE
15836.497036,v4l2_qbuf,6,VIDEO_CAPTURE_MPLANE
15836.500411,v4l2_dqbuf,6,VIDEO_CAPTURE_MPLANE
15836.500508,v4l2_dqbuf,0,VIDEO_OUTPUT_MPLANE
15836.513488,v4l2_qbuf,0,VIDEO_OUTPUT_MPLANE
15836.513524,v4l2_qbuf,1,VIDEO_CAPTURE_MPLANE
15836.516757,v4l2_dqbuf,1,VIDEO_CAPTURE_MPLANE
15836.516887,v4l2_dqbuf,0,VIDEO_OUTPUT_MPLANE
15836.530890,v4l2_qbuf,0,VIDEO_OUTPUT_MPLANE
15836.531120,v4l2_qbuf,0,VIDEO_CAPTURE_MPLANE
15836.535349,v4l2_dqbuf,0,VIDEO_CAPTURE_MPLANE
15836.535648,v4l2_dqbuf,0,VIDEO_OUTPUT_MPLANE
15836.547560,v4l2_qbuf,0,VIDEO_OUTPUT_MPLANE
15836.547609,v4l2_qbuf,2,VIDEO_CAPTURE_MPLANE
15836.549772,v4l2_dqbuf,2,VIDEO_CAPTURE_MPLANE
15836.549795,v4l2_dqbuf,0,VIDEO_OUTPUT_MPLANE
15836.563549,v4l2_qbuf,0,VIDEO_OUTPUT_MPLANE
15836.563569,v4l2_qbuf,3,VIDEO_CAPTURE_MPLANE
15836.565765,v4l2_dqbuf,3,VIDEO_CAPTURE_MPLANE
15836.565799,v4l2_dqbuf,0,VIDEO_OUTPUT_MPLANE
15836.580693,v4l2_qbuf,0,VIDEO_OUTPUT_MPLANE
15836.580813,v4l2_qbuf,7,VIDEO_CAPTURE_MPLANE
15836.584263,v4l2_dqbuf,7,VIDEO_CAPTURE_MPLANE
15836.584419,v4l2_dqbuf,0,VIDEO_OUTPUT_MPLANE
15836.596962,v4l2_qbuf,0,VIDEO_OUTPUT_MPLANE
15836.596985,v4l2_qbuf,4,VIDEO_CAPTURE_MPLANE
15836.599569,v4l2_dqbuf,4,VIDEO_CAPTURE_MPLANE
15836.599609,v4l2_dqbuf,0,VIDEO_OUTPUT_MPLANE
15836.613655,v4l2_qbuf,0,VIDEO_OUTPUT_MPLANE
15836.613831,v4l2_qbuf,6,VIDEO_CAPTURE_MPLANE
15836.617248,v4l2_dqbuf,6,VIDEO_CAPTURE_MPLANE
15836.617335,v4l2_dqbuf,0,VIDEO_OUTPUT_MPLANE
15836.630204,v4l2_qbuf,0,VIDEO_OUTPUT_MPLANE
15836.630243,v4l2_qbuf,1,VIDEO_CAPTURE_MPLANE
15836.632559,v4l2_dqbuf,1,VIDEO_CAPTURE_MPLANE
15836.632598,v4l2_dqbuf,0,VIDEO_OUTPUT_MPLANE
15836.647077,v4l2_qbuf,0,VIDEO_OUTPUT_MPLANE
15836.647110,v4l2_qbuf,0,VIDEO_CAPTURE_MPLANE
15836.651655,v4l2_dqbuf,0,VIDEO_CAPTURE_MPLANE
15836.651854,v4l2_dqbuf,0,VIDEO_OUTPUT_MPLANE
15836.663559,v4l2_qbuf,0,VIDEO_OUTPUT_MPLANE
15836.663598,v4l2_qbuf,5,VIDEO_CAPTURE_MPLANE
15836.666934,v4l2_dqbuf,5,VIDEO_CAPTURE_MPLANE
15836.667037,v4l2_dqbuf,0,VIDEO_OUTPUT_MPLANE
15836.680177,v4l2_qbuf,0,VIDEO_OUTPUT_MPLANE
15836.680200,v4l2_qbuf,2,VIDEO_CAPTURE_MPLANE
15836.683381,v4l2_dqbuf,2,VIDEO_CAPTURE_MPLANE
15836.683467,v4l2_dqbuf,0,VIDEO_OUTPUT_MPLANE
15836.696760,v4l2_qbuf,0,VIDEO_OUTPUT_MPLANE
15836.696781,v4l2_qbuf,7,VIDEO_CAPTURE_MPLANE
15836.699170,v4l2_dqbuf,7,VIDEO_CAPTURE_MPLANE
15836.699187,v4l2_dqbuf,0,VIDEO_OUTPUT_MPLANE
15836.713690,v4l2_qbuf,0,VIDEO_OUTPUT_MPLANE
15836.713748,v4l2_qbuf,3,VIDEO_CAPTURE_MPLANE
15836.717101,v4l2_dqbuf,3,VIDEO_CAPTURE_MPLANE
15836.717203,v4l2_dqbuf,0,VIDEO_OUTPUT_MPLANE
15836.730798,v4l2_qbuf,0,VIDEO_OUTPUT_MPLANE
15836.730841,v4l2_qbuf,6,VIDEO_CAPTURE_MPLANE
15836.734150,v4l2_dqbuf,6,VIDEO_CAPTURE_MPLANE
15836.734301,v4l2_dqbuf,0,VIDEO_OUTPUT_MPLANE
15836.746991,v4l2_qbuf,0,VIDEO_OUTPUT_MPLANE
15836.747052,v4l2_qbuf,4,VIDEO_CAPTURE_MPLANE
15836.749488,v4l2_dqbuf,4,VIDEO_CAPTURE_MPLANE
15836.749522,v4l2_dqbuf,0,VIDEO_OUTPUT_MPLANE
15836.763798,v4l2_qbuf,0,VIDEO_OUTPUT_MPLANE
15836.763848,v4l2_qbuf,0,VIDEO_CAPTURE_MPLANE
15836.767147,v4l2_dqbuf,0,VIDEO_CAPTURE_MPLANE
15836.767246,v4l2_dqbuf,0,VIDEO_OUTPUT_MPLANE
15836.780070,v4l2_qbuf,0,VIDEO_OUTPUT_MPLANE
15836.780085,v4l2_qbuf,5,VIDEO_CAPTURE_MPLANE
15836.782173,v4l2_dqbuf,5,VIDEO_CAPTURE_MPLANE
15836.782190,v4l2_dqbuf,0,VIDEO_OUTPUT_MPLANE
15836.796864,v4l2_qbuf,0,VIDEO_OUTPUT_MPLANE
15836.796888,v4l2_qbuf,2,VIDEO_CAPTURE_MPLANE
15836.800329,v4l2_dqbuf,2,VIDEO_CAPTURE_MPLANE
15836.800437,v4l2_dqbuf,0,VIDEO_OUTPUT_MPLANE
15836.814440,v4l2_qbuf,0,VIDEO_OUTPUT_MPLANE
15836.814462,v4l2_qbuf,1,VIDEO_CAPTURE_MPLANE
15836.817951,v4l2_dqbuf,1,VIDEO_CAPTURE_MPLANE
15836.818159,v4l2_dqbuf,0,VIDEO_OUTPUT_MPLANE
15836.830451,v4l2_qbuf,0,VIDEO_OUTPUT_MPLANE
15836.830473,v4l2_qbuf,3,VIDEO_CAPTURE_MPLANE
15836.833619,v4l2_dqbuf,3,VIDEO_CAPTURE_MPLANE
15836.833694,v4l2_dqbuf,0,VIDEO_OUTPUT_MPLANE
15836.846846,v4l2_qbuf,0,VIDEO_OUTPUT_MPLANE
15836.846871,v4l2_qbuf,6,VIDEO_CAPTURE_MPLANE
15836.849101,v4l2_dqbuf,6,VIDEO_CAPTURE_MPLANE
15836.849115,v4l2_dqbuf,0,VIDEO_OUTPUT_MPLANE
15836.864053,v4l2_qbuf,0,VIDEO_OUTPUT_MPLANE
15836.864108,v4l2_qbuf,7,VIDEO_CAPTURE_MPLANE
15836.867481,v4l2_dqbuf,7,VIDEO_CAPTURE_MPLANE
15836.867646,v4l2_dqbuf,0,VIDEO_OUTPUT_MPLANE
15836.880558,v4l2_qbuf,0,VIDEO_OUTPUT_MPLANE
15836.880607,v4l2_qbuf,0,VIDEO_CAPTURE_MPLANE
15836.884050,v4l2_dqbuf,0,VIDEO_CAPTURE_MPLANE
15836.884381,v4l2_dqbuf,0,VIDEO_OUTPUT_MPLANE
15836.896941,v4l2_qbuf,0,VIDEO_OUTPUT_MPLANE
15836.896958,v4l2_qbuf,4,VIDEO_CAPTURE_MPLANE
15836.900274,v4l2_dqbuf,4,VIDEO_CAPTURE_MPLANE
15836.900447,v4l2_dqbuf,0,VIDEO_OUTPUT_MPLANE
15836.913294,v4l2_qbuf,0,VIDEO_OUTPUT_MPLANE
15836.913312,v4l2_qbuf,2,VIDEO_CAPTURE_MPLANE
15836.915679,v4l2_dqbuf,2,VIDEO_CAPTURE_MPLANE
15836.915697,v4l2_dqbuf,0,VIDEO_OUTPUT_MPLANE
15836.930202,v4l2_qbuf,0,VIDEO_OUTPUT_MPLANE
15836.930223,v4l2_qbuf,1,VIDEO_CAPTURE_MPLANE
15836.933611,v4l2_dqbuf,1,VIDEO_CAPTURE_MPLANE
15836.933711,v4l2_dqbuf,0,VIDEO_OUTPUT_MPLANE
15836.947324,v4l2_qbuf,0,VIDEO_OUTPUT_MPLANE
15836.947349,v4l2_qbuf,3,VIDEO_CAPTURE_MPLANE
15836.949867,v4l2_dqbuf,3,VIDEO_CAPTURE_MPLANE
15836.949901,v4l2_dqbuf,0,VIDEO_OUTPUT_MPLANE
15836.963178,v4l2_qbuf,0,VIDEO_OUTPUT_MPLANE
15836.963201,v4l2_qbuf,5,VIDEO_CAPTURE_MPLANE
15836.966647,v4l2_dqbuf,5,VIDEO_CAPTURE_MPLANE
15836.966754,v4l2_dqbuf,0,VIDEO_OUTPUT_MPLANE
15836.980163,v4l2_qbuf,0,VIDEO_OUTPUT_MPLANE
15836.980185,v4l2_qbuf,7,VIDEO_CAPTURE_MPLANE
15836.982416,v4l2_dqbuf,7,VIDEO_CAPTURE_MPLANE
15836.982445,v4l2_dqbuf,0,VIDEO_OUTPUT_MPLANE
15836.997068,v4l2_qbuf,0,VIDEO_OUTPUT_MPLANE
15836.997124,v4l2_qbuf,0,VIDEO_CAPTURE_MPLANE
15837.000432,v4l2_dqbuf,0,VIDEO_CAPTURE_MPLANE
15837.000633,v4l2_dqbuf,0,VIDEO_OUTPUT_MPLANE
15837.013834,v4l2_qbuf,0,VIDEO_OUTPUT_MPLANE
15837.013893,v4l2_qbuf,4,VIDEO_CAPTURE_MPLANE
15837.017346,v4l2_dqbuf,4,VIDEO_CAPTURE_MPLANE
15837.017483,v4l2_dqbuf,0,VIDEO_OUTPUT_MPLANE
15837.030521,v4l2_qbuf,0,VIDEO_OUTPUT_MPLANE
15837.030576,v4l2_qbuf,6,VIDEO_CAPTURE_MPLANE
15837.033870,v4l2_dqbuf,6,VIDEO_CAPTURE_MPLANE
15837.034052,v4l2_dqbuf,0,VIDEO_OUTPUT_MPLANE
15837.046991,v4l2_qbuf,0,VIDEO_OUTPUT_MPLANE
15837.047026,v4l2_qbuf,1,VIDEO_CAPTURE_MPLANE
15837.049285,v4l2_dqbuf,1,VIDEO_CAPTURE_MPLANE
15837.049313,v4l2_dqbuf,0,VIDEO_OUTPUT_MPLANE
15837.063894,v4l2_qbuf,0,VIDEO_OUTPUT_MPLANE
15837.063919,v4l2_qbuf,2,VIDEO_CAPTURE_MPLANE
15837.067713,v4l2_dqbuf,2,VIDEO_CAPTURE_MPLANE
15837.067835,v4l2_dqbuf,0,VIDEO_OUTPUT_MPLANE
15837.080431,v4l2_qbuf,0,VIDEO_OUTPUT_MPLANE
15837.080455,v4l2_qbuf,5,VIDEO_CAPTURE_MPLANE
15837.083687,v4l2_dqbuf,5,VIDEO_CAPTURE_MPLANE
15837.083780,v4l2_dqbuf,0,VIDEO_OUTPUT_MPLANE
15837.097099,v4l2_qbuf,0,VIDEO_OUTPUT_MPLANE
15837.097123,v4l2_qbuf,3,VIDEO_CAPTURE_MPLANE
15837.100340,v4l2_dqbuf,3,VIDEO_CAPTURE_MPLANE
15837.100422,v4l2_dqbuf,0,VIDEO_OUTPUT_MPLANE
15837.113545,v4l2_qbuf,0,VIDEO_OUTPUT_MPLANE
15837.113569,v4l2_qbuf,0,VIDEO_CAPTURE_MPLANE
15837.115964,v4l2_dqbuf,0,VIDEO_CAPTURE_MPLANE
15837.115981,v4l2_dqbuf,0,VIDEO_OUTPUT_MPLANE
15837.130273,v4l2_qbuf,0,VIDEO_OUTPUT_MPLANE
15837.130295,v4l2_qbuf,4,VIDEO_CAPTURE_MPLANE
15837.133673,v4l2_dqbuf,4,VIDEO_CAPTURE_MPLANE
15837.133766,v4l2_dqbuf,0,VIDEO_OUTPUT_MPLANE
15837.147333,v4l2_qbuf,0,VIDEO_OUTPUT_MPLANE
15837.147410,v4l2_qbuf,6,VIDEO_CAPTURE_MPLANE
15837.150914,v4l2_dqbuf,6,VIDEO_CAPTURE_MPLANE
15837.151069,v4l2_dqbuf,0,VIDEO_OUTPUT_MPLANE
15837.163955,v4l2_qbuf,0,VIDEO_OUTPUT_MPLANE
15837.163995,v4l2_qbuf,7,VIDEO_CAPTURE_MPLANE
15837.167434,v4l2_dqbuf,7,VIDEO_CAPTURE_MPLANE
15837.167803,v4l2_dqbuf,0,VIDEO_OUTPUT_MPLANE
15837.180709,v4l2_qbuf,0,VIDEO_OUTPUT_MPLANE
15837.180752,v4l2_qbuf,2,VIDEO_CAPTURE_MPLANE
15837.183363,v4l2_dqbuf,2,VIDEO_CAPTURE_MPLANE
15837.183381,v4l2_dqbuf,0,VIDEO_OUTPUT_MPLANE
15837.196724,v4l2_qbuf,0,VIDEO_OUTPUT_MPLANE
15837.196747,v4l2_qbuf,5,VIDEO_CAPTURE_MPLANE
15837.200075,v4l2_dqbuf,5,VIDEO_CAPTURE_MPLANE
15837.200162,v4l2_dqbuf,0,VIDEO_OUTPUT_MPLANE
15837.213362,v4l2_qbuf,0,VIDEO_OUTPUT_MPLANE
15837.213384,v4l2_qbuf,3,VIDEO_CAPTURE_MPLANE
15837.216814,v4l2_dqbuf,3,VIDEO_CAPTURE_MPLANE
15837.216917,v4l2_dqbuf,0,VIDEO_OUTPUT_MPLANE
15837.230524,v4l2_qbuf,0,VIDEO_OUTPUT_MPLANE
15837.230578,v4l2_qbuf,1,VIDEO_CAPTURE_MPLANE
15837.233900,v4l2_dqbuf,1,VIDEO_CAPTURE_MPLANE
15837.233990,v4l2_dqbuf,0,VIDEO_OUTPUT_MPLANE
15837.246950,v4l2_qbuf,0,VIDEO_OUTPUT_MPLANE
15837.246975,v4l2_qbuf,4,VIDEO_CAPTURE_MPLANE
15837.249384,v4l2_dqbuf,4,VIDEO_CAPTURE_MPLANE
15837.249400,v4l2_dqbuf,0,VIDEO_OUTPUT_MPLANE
15837.263410,v4l2_qbuf,0,VIDEO_OUTPUT_MPLANE
15837.263432,v4l2_qbuf,6,VIDEO_CAPTURE_MPLANE
15837.266684,v4l2_dqbuf,6,VIDEO_CAPTURE_MPLANE
15837.266769,v4l2_dqbuf,0,VIDEO_OUTPUT_MPLANE
15837.280083,v4l2_qbuf,0,VIDEO_OUTPUT_MPLANE
15837.280104,v4l2_qbuf,7,VIDEO_CAPTURE_MPLANE
15837.284665,v4l2_dqbuf,7,VIDEO_CAPTURE_MPLANE
15837.284769,v4l2_dqbuf,0,VIDEO_OUTPUT_MPLANE
15837.296983,v4l2_qbuf,0,VIDEO_OUTPUT_MPLANE
15837.297017,v4l2_qbuf,0,VIDEO_CAPTURE_MPLANE
15837.300338,v4l2_dqbuf,0,VIDEO_CAPTURE_MPLANE
15837.300432,v4l2_dqbuf,0,VIDEO_OUTPUT_MPLANE
15837.313436,v4l2_qbuf,0,VIDEO_OUTPUT_MPLANE
15837.313483,v4l2_qbuf,5,VIDEO_CAPTURE_MPLANE
15837.315757,v4l2_dqbuf,5,VIDEO_CAPTURE_MPLANE
15837.315794,v4l2_dqbuf,0,VIDEO_OUTPUT_MPLANE
15837.330566,v4l2_qbuf,0,VIDEO_OUTPUT_MPLANE
15837.330589,v4l2_qbuf,3,VIDEO_CAPTURE_MPLANE
15837.333924,v4l2_dqbuf,3,VIDEO_CAPTURE_MPLANE
15837.334031,v4l2_dqbuf,0,VIDEO_OUTPUT_MPLANE
15837.346688,v4l2_qbuf,0,VIDEO_OUTPUT_MPLANE
15837.346715,v4l2_qbuf,1,VIDEO_CAPTURE_MPLANE
15837.349935,v4l2_dqbuf,1,VIDEO_CAPTURE_MPLANE
15837.350048,v4l2_dqbuf,0,VIDEO_OUTPUT_MPLANE
15837.364723,v4l2_qbuf,0,VIDEO_OUTPUT_MPLANE
15837.364757,v4l2_qbuf,2,VIDEO_CAPTURE_MPLANE
15837.367232,v4l2_dqbuf,2,VIDEO_CAPTURE_MPLANE
15837.367251,v4l2_dqbuf,0,VIDEO_OUTPUT_MPLANE
15837.380224,v4l2_qbuf,0,VIDEO_OUTPUT_MPLANE
15837.380294,v4l2_qbuf,6,VIDEO_CAPTURE_MPLANE
15837.383502,v4l2_dqbuf,6,VIDEO_CAPTURE_MPLANE
15837.383615,v4l2_dqbuf,0,VIDEO_OUTPUT_MPLANE
15837.398885,v4l2_qbuf,0,VIDEO_OUTPUT_MPLANE
15837.398908,v4l2_qbuf,7,VIDEO_CAPTURE_MPLANE
15837.402048,v4l2_dqbuf,7,VIDEO_CAPTURE_MPLANE
15837.402157,v4l2_dqbuf,0,VIDEO_OUTPUT_MPLANE
15837.415191,v4l2_qbuf,0,VIDEO_OUTPUT_MPLANE
15837.415211,v4l2_qbuf,0,VIDEO_CAPTURE_MPLANE
15837.418303,v4l2_dqbuf,0,VIDEO_CAPTURE_MPLANE
15837.418398,v4l2_dqbuf,0,VIDEO_OUTPUT_MPLANE
15837.431616,v4l2_qbuf,0,VIDEO_OUTPUT_MPLANE
15837.431639,v4l2_qbuf,4,VIDEO_CAPTURE_MPLANE
15837.433867,v4l2_dqbuf,4,VIDEO_CAPTURE_MPLANE
15837.433882,v4l2_dqbuf,0,VIDEO_OUTPUT_MPLANE
15837.448710,v4l2_qbuf,0,VIDEO_OUTPUT_MPLANE
15837.448731,v4l2_qbuf,3,VIDEO_CAPTURE_MPLANE
15837.451880,v4l2_dqbuf,3,VIDEO_CAPTURE_MPLANE
15837.451964,v4l2_dqbuf,0,VIDEO_OUTPUT_MPLANE
15837.465125,v4l2_qbuf,0,VIDEO_OUTPUT_MPLANE
15837.465148,v4l2_qbuf,1,VIDEO_CAPTURE_MPLANE
15837.468394,v4l2_dqbuf,1,VIDEO_CAPTURE_MPLANE
15837.468561,v4l2_dqbuf,0,VIDEO_OUTPUT_MPLANE
15837.484215,v4l2_qbuf,0,VIDEO_OUTPUT_MPLANE
15837.484244,v4l2_qbuf,5,VIDEO_CAPTURE_MPLANE
15837.486519,v4l2_dqbuf,5,VIDEO_CAPTURE_MPLANE
15837.486536,v4l2_dqbuf,0,VIDEO_OUTPUT_MPLANE
15837.498518,v4l2_qbuf,0,VIDEO_OUTPUT_MPLANE
15837.498539,v4l2_qbuf,6,VIDEO_CAPTURE_MPLANE
15837.501710,v4l2_dqbuf,6,VIDEO_CAPTURE_MPLANE
15837.501852,v4l2_dqbuf,0,VIDEO_OUTPUT_MPLANE
15837.515133,v4l2_qbuf,0,VIDEO_OUTPUT_MPLANE
15837.515152,v4l2_qbuf,7,VIDEO_CAPTURE_MPLANE
15837.518330,v4l2_dqbuf,7,VIDEO_CAPTURE_MPLANE
15837.518466,v4l2_dqbuf,0,VIDEO_OUTPUT_MPLANE
15837.532146,v4l2_qbuf,0,VIDEO_OUTPUT_MPLANE
15837.532192,v4l2_qbuf,0,VIDEO_CAPTURE_MPLANE
15837.534431,v4l2_dqbuf,0,VIDEO_CAPTURE_MPLANE
15837.534548,v4l2_dqbuf,0,VIDEO_OUTPUT_MPLANE
15837.548449,v4l2_qbuf,0,VIDEO_OUTPUT_MPLANE
15837.548474,v4l2_qbuf,2,VIDEO_CAPTURE_MPLANE
15837.550354,v4l2_dqbuf,2,VIDEO_CAPTURE_MPLANE
15837.550369,v4l2_dqbuf,0,VIDEO_OUTPUT_MPLANE
15837.565607,v4l2_qbuf,0,VIDEO_OUTPUT_MPLANE
15837.565658,v4l2_qbuf,3,VIDEO_CAPTURE_MPLANE
15837.571114,v4l2_dqbuf,3,VIDEO_CAPTURE_MPLANE
15837.571139,v4l2_dqbuf,0,VIDEO_OUTPUT_MPLANE
15837.582216,v4l2_qbuf,0,VIDEO_OUTPUT_MPLANE
15837.582266,v4l2_qbuf,1,VIDEO_CAPTURE_MPLANE
15837.585606,v4l2_dqbuf,1,VIDEO_CAPTURE_MPLANE
15837.585690,v4l2_dqbuf,0,VIDEO_OUTPUT_MPLANE
15837.598697,v4l2_qbuf,0,VIDEO_OUTPUT_MPLANE
15837.598719,v4l2_qbuf,4,VIDEO_CAPTURE_MPLANE
15837.601973,v4l2_dqbuf,4,VIDEO_CAPTURE_MPLANE
15837.602068,v4l2_dqbuf,0,VIDEO_OUTPUT_MPLANE
15837.615315,v4l2_qbuf,0,VIDEO_OUTPUT_MPLANE
15837.615363,v4l2_qbuf,6,VIDEO_CAPTURE_MPLANE
15837.617813,v4l2_dqbuf,6,VIDEO_CAPTURE_MPLANE
15837.617829,v4l2_dqbuf,0,VIDEO_OUTPUT_MPLANE
15837.632454,v4l2_qbuf,0,VIDEO_OUTPUT_MPLANE
15837.632540,v4l2_qbuf,7,VIDEO_CAPTURE_MPLANE
15837.635848,v4l2_dqbuf,7,VIDEO_CAPTURE_MPLANE
15837.636039,v4l2_dqbuf,0,VIDEO_OUTPUT_MPLANE
15837.649030,v4l2_qbuf,0,VIDEO_OUTPUT_MPLANE
15837.649085,v4l2_qbuf,5,VIDEO_CAPTURE_MPLANE
15837.652375,v4l2_dqbuf,5,VIDEO_CAPTURE_MPLANE
15837.652518,v4l2_dqbuf,0,VIDEO_OUTPUT_MPLANE
15837.665519,v4l2_qbuf,0,VIDEO_OUTPUT_MPLANE
15837.665567,v4l2_qbuf,0,VIDEO_CAPTURE_MPLANE
15837.670724,v4l2_dqbuf,0,VIDEO_CAPTURE_MPLANE
15837.670850,v4l2_dqbuf,0,VIDEO_OUTPUT_MPLANE
15837.681965,v4l2_qbuf,0,VIDEO_OUTPUT_MPLANE
15837.681988,v4l2_qbuf,2,VIDEO_CAPTURE_MPLANE
15837.686765,v4l2_dqbuf,2,VIDEO_CAPTURE_MPLANE
15837.686790,v4l2_dqbuf,0,VIDEO_OUTPUT_MPLANE
15837.699018,v4l2_qbuf,0,VIDEO_OUTPUT_MPLANE
15837.699077,v4l2_qbuf,1,VIDEO_CAPTURE_MPLANE
15837.703112,v4l2_dqbuf,1,VIDEO_CAPTURE_MPLANE
15837.703210,v4l2_dqbuf,0,VIDEO_OUTPUT_MPLANE
15837.715218,v4l2_qbuf,0,VIDEO_OUTPUT_MPLANE
15837.715241,v4l2_qbuf,4,VIDEO_CAPTURE_MPLANE
15837.717500,v4l2_dqbuf,4,VIDEO_CAPTURE_MPLANE
15837.717519,v4l2_dqbuf,0,VIDEO_OUTPUT_MPLANE
15837.731838,v4l2_qbuf,0,VIDEO_OUTPUT_MPLANE
15837.731856,v4l2_qbuf,3,VIDEO_CAPTURE_MPLANE
15837.735043,v4l2_dqbuf,3,VIDEO_CAPTURE_MPLANE
15837.735138,v4l2_dqbuf,0,VIDEO_OUTPUT_MPLANE
15837.748627,v4l2_qbuf,0,VIDEO_OUTPUT_MPLANE
15837.748651,v4l2_qbuf,7,VIDEO_CAPTURE_MPLANE
15837.751906,v4l2_dqbuf,7,VIDEO_CAPTURE_MPLANE
15837.751996,v4l2_dqbuf,0,VIDEO_OUTPUT_MPLANE
15837.764887,v4l2_qbuf,0,VIDEO_OUTPUT_MPLANE
15837.764908,v4l2_qbuf,5,VIDEO_CAPTURE_MPLANE
15837.768139,v4l2_dqbuf,5,VIDEO_CAPTURE_MPLANE
15837.768278,v4l2_dqbuf,0,VIDEO_OUTPUT_MPLANE
15837.782361,v4l2_qbuf,0,VIDEO_OUTPUT_MPLANE
15837.782391,v4l2_qbuf,0,VIDEO_CAPTURE_MPLANE
15837.784873,v4l2_dqbuf,0,VIDEO_CAPTURE_MPLANE
15837.784918,v4l2_dqbuf,0,VIDEO_OUTPUT_MPLANE
15837.799055,v4l2_qbuf,0,VIDEO_OUTPUT_MPLANE
15837.799185,v4l2_qbuf,6,VIDEO_CAPTURE_MPLANE
15837.802703,v4l2_dqbuf,6,VIDEO_CAPTURE_MPLANE
15837.802793,v4l2_dqbuf,0,VIDEO_OUTPUT_MPLANE
15837.815278,v4l2_qbuf,0,VIDEO_OUTPUT_MPLANE
15837.815318,v4l2_qbuf,1,VIDEO_CAPTURE_MPLANE
15837.818567,v4l2_dqbuf,1,VIDEO_CAPTURE_MPLANE
15837.818713,v4l2_dqbuf,0,VIDEO_OUTPUT_MPLANE
15837.831691,v4l2_qbuf,0,VIDEO_OUTPUT_MPLANE
15837.831707,v4l2_qbuf,2,VIDEO_CAPTURE_MPLANE
15837.835018,v4l2_dqbuf,2,VIDEO_CAPTURE_MPLANE
15837.835194,v4l2_dqbuf,0,VIDEO_OUTPUT_MPLANE
15837.848891,v4l2_qbuf,0,VIDEO_OUTPUT_MPLANE
15837.848991,v4l2_qbuf,3,VIDEO_CAPTURE_MPLANE
15837.851318,v4l2_dqbuf,3,VIDEO_CAPTURE_MPLANE
15837.851361,v4l2_dqbuf,0,VIDEO_OUTPUT_MPLANE
15837.865389,v4l2_qbuf,0,VIDEO_OUTPUT_MPLANE
15837.865410,v4l2_qbuf,7,VIDEO_CAPTURE_MPLANE
15837.868585,v4l2_dqbuf,7,VIDEO_CAPTURE_MPLANE
15837.868723,v4l2_dqbuf,0,VIDEO_OUTPUT_MPLANE
15837.881988,v4l2_qbuf,0,VIDEO_OUTPUT_MPLANE
15837.882080,v4l2_qbuf,5,VIDEO_CAPTURE_MPLANE
15837.885863,v4l2_dqbuf,5,VIDEO_CAPTURE_MPLANE
15837.886080,v4l2_dqbuf,0,VIDEO_OUTPUT_MPLANE
15837.898386,v4l2_qbuf,0,VIDEO_OUTPUT_MPLANE
15837.898446,v4l2_qbuf,4,VIDEO_CAPTURE_MPLANE
15837.901683,v4l2_dqbuf,4,VIDEO_CAPTURE_MPLANE
15837.901778,v4l2_dqbuf,0,VIDEO_OUTPUT_MPLANE
15837.914902,v4l2_qbuf,0,VIDEO_OUTPUT_MPLANE
15837.914921,v4l2_qbuf,6,VIDEO_CAPTURE_MPLANE
15837.917130,v4l2_dqbuf,6,VIDEO_CAPTURE_MPLANE
15837.917143,v4l2_dqbuf,0,VIDEO_OUTPUT_MPLANE
15837.931991,v4l2_qbuf,0,VIDEO_OUTPUT_MPLANE
15837.932069,v4l2_qbuf,1,VIDEO_CAPTURE_MPLANE
15837.935274,v4l2_dqbuf,1,VIDEO_CAPTURE_MPLANE
15837.935442,v4l2_dqbuf,0,VIDEO_OUTPUT_MPLANE
15837.948494,v4l2_qbuf,0,VIDEO_OUTPUT_MPLANE
15837.948542,v4l2_qbuf,2,VIDEO_CAPTURE_MPLANE
15837.951845,v4l2_dqbuf,2,VIDEO_CAPTURE_MPLANE
15837.951981,v4l2_dqbuf,0,VIDEO_OUTPUT_MPLANE
15837.965632,v4l2_qbuf,0,VIDEO_OUTPUT_MPLANE
15837.965672,v4l2_qbuf,0,VIDEO_CAPTURE_MPLANE
15837.969036,v4l2_dqbuf,0,VIDEO_CAPTURE_MPLANE
15837.969177,v4l2_dqbuf,0,VIDEO_OUTPUT_MPLANE
15837.982249,v4l2_qbuf,0,VIDEO_OUTPUT_MPLANE
15837.982294,v4l2_qbuf,7,VIDEO_CAPTURE_MPLANE
15837.984537,v4l2_dqbuf,7,VIDEO_CAPTURE_MPLANE
15837.984554,v4l2_dqbuf,0,VIDEO_OUTPUT_MPLANE
15837.998624,v4l2_qbuf,0,VIDEO_OUTPUT_MPLANE
15837.998648,v4l2_qbuf,5,VIDEO_CAPTURE_MPLANE
15838.002151,v4l2_dqbuf,5,VIDEO_CAPTURE_MPLANE
15838.002251,v4l2_dqbuf,0,VIDEO_OUTPUT_MPLANE
15838.017119,v4l2_qbuf,0,VIDEO_OUTPUT_MPLANE
15838.017140,v4l2_qbuf,4,VIDEO_CAPTURE_MPLANE
15838.020464,v4l2_dqbuf,4,VIDEO_CAPTURE_MPLANE
15838.020565,v4l2_dqbuf,0,VIDEO_OUTPUT_MPLANE
15838.031537,v4l2_qbuf,0,VIDEO_OUTPUT_MPLANE
15838.031559,v4l2_qbuf,3,VIDEO_CAPTURE_MPLANE
15838.034649,v4l2_dqbuf,3,VIDEO_CAPTURE_MPLANE
15838.034755,v4l2_dqbuf,0,VIDEO_OUTPUT_MPLANE
15838.052510,v4l2_qbuf,0,VIDEO_OUTPUT_MPLANE
15838.052533,v4l2_qbuf,1,VIDEO_CAPTURE_MPLANE
15838.054736,v4l2_dqbuf,1,VIDEO_CAPTURE_MPLANE
15838.054753,v4l2_dqbuf,0,VIDEO_OUTPUT_MPLANE
15838.069154,v4l2_qbuf,0,VIDEO_OUTPUT_MPLANE
15838.069175,v4l2_qbuf,2,VIDEO_CAPTURE_MPLANE
15838.072396,v4l2_dqbuf,2,VIDEO_CAPTURE_MPLANE
15838.072691,v4l2_dqbuf,0,VIDEO_OUTPUT_MPLANE
15838.087518,v4l2_qbuf,0,VIDEO_OUTPUT_MPLANE
15838.087564,v4l2_qbuf,0,VIDEO_CAPTURE_MPLANE
15838.092177,v4l2_dqbuf,0,VIDEO_CAPTURE_MPLANE
15838.092351,v4l2_dqbuf,0,VIDEO_OUTPUT_MPLANE
15838.102645,v4l2_qbuf,0,VIDEO_OUTPUT_MPLANE
15838.102675,v4l2_qbuf,6,VIDEO_CAPTURE_MPLANE
15838.105779,v4l2_dqbuf,6,VIDEO_CAPTURE_MPLANE
15838.105873,v4l2_dqbuf,0,VIDEO_OUTPUT_MPLANE
15838.119052,v4l2_qbuf,0,VIDEO_OUTPUT_MPLANE
15838.119075,v4l2_qbuf,5,VIDEO_CAPTURE_MPLANE
15838.121355,v4l2_dqbuf,5,VIDEO_CAPTURE_MPLANE
15838.121393,v4l2_dqbuf,0,VIDEO_OUTPUT_MPLANE
15838.135938,v4l2_qbuf,0,VIDEO_OUTPUT_MPLANE
15838.135985,v4l2_qbuf,4,VIDEO_CAPTURE_MPLANE
15838.139265,v4l2_dqbuf,4,VIDEO_CAPTURE_MPLANE
15838.139447,v4l2_dqbuf,0,VIDEO_OUTPUT_MPLANE
15838.152733,v4l2_qbuf,0,VIDEO_OUTPUT_MPLANE
15838.152755,v4l2_qbuf,3,VIDEO_CAPTURE_MPLANE
15838.157630,v4l2_dqbuf,3,VIDEO_CAPTURE_MPLANE
15838.157918,v4l2_dqbuf,0,VIDEO_OUTPUT_MPLANE
15838.169444,v4l2_qbuf,0,VIDEO_OUTPUT_MPLANE
15838.169486,v4l2_qbuf,7,VIDEO_CAPTURE_MPLANE
15838.172783,v4l2_dqbuf,7,VIDEO_CAPTURE_MPLANE
15838.172878,v4l2_dqbuf,0,VIDEO_OUTPUT_MPLANE
15838.186015,v4l2_qbuf,0,VIDEO_OUTPUT_MPLANE
15838.186118,v4l2_qbuf,2,VIDEO_CAPTURE_MPLANE
15838.188392,v4l2_dqbuf,2,VIDEO_CAPTURE_MPLANE
15838.188410,v4l2_dqbuf,0,VIDEO_OUTPUT_MPLANE
15838.202972,v4l2_qbuf,0,VIDEO_OUTPUT_MPLANE
15838.202997,v4l2_qbuf,0,VIDEO_CAPTURE_MPLANE
15838.206176,v4l2_dqbuf,0,VIDEO_CAPTURE_MPLANE
15838.206268,v4l2_dqbuf,0,VIDEO_OUTPUT_MPLANE
15838.220360,v4l2_qbuf,0,VIDEO_OUTPUT_MPLANE
15838.220383,v4l2_qbuf,6,VIDEO_CAPTURE_MPLANE
15838.223529,v4l2_dqbuf,6,VIDEO_CAPTURE_MPLANE
15838.223622,v4l2_dqbuf,0,VIDEO_OUTPUT_MPLANE
15838.235467,v4l2_qbuf,0,VIDEO_OUTPUT_MPLANE
15838.235488,v4l2_qbuf,1,VIDEO_CAPTURE_MPLANE
15838.238573,v4l2_dqbuf,1,VIDEO_CAPTURE_MPLANE
15838.238669,v4l2_dqbuf,0,VIDEO_OUTPUT_MPLANE
15838.252345,v4l2_qbuf,0,VIDEO_OUTPUT_MPLANE
15838.252367,v4l2_qbuf,4,VIDEO_CAPTURE_MPLANE
15838.254647,v4l2_dqbuf,4,VIDEO_CAPTURE_MPLANE
15838.254665,v4l2_dqbuf,0,VIDEO_OUTPUT_MPLANE
15838.268822,v4l2_qbuf,0,VIDEO_OUTPUT_MPLANE
15838.268851,v4l2_qbuf,3,VIDEO_CAPTURE_MPLANE
15838.273189,v4l2_dqbuf,3,VIDEO_CAPTURE_MPLANE
15838.273520,v4l2_dqbuf,0,VIDEO_OUTPUT_MPLANE
15838.286946,v4l2_qbuf,0,VIDEO_OUTPUT_MPLANE
15838.286975,v4l2_qbuf,7,VIDEO_CAPTURE_MPLANE
15838.290219,v4l2_dqbuf,7,VIDEO_CAPTURE_MPLANE
15838.290310,v4l2_dqbuf,0,VIDEO_OUTPUT_MPLANE
15838.302340,v4l2_qbuf,0,VIDEO_OUTPUT_MPLANE
15838.302362,v4l2_qbuf,5,VIDEO_CAPTURE_MPLANE
15838.305620,v4l2_dqbuf,5,VIDEO_CAPTURE_MPLANE
15838.305715,v4l2_dqbuf,0,VIDEO_OUTPUT_MPLANE
15838.318957,v4l2_qbuf,0,VIDEO_OUTPUT_MPLANE
15838.318990,v4l2_qbuf,0,VIDEO_CAPTURE_MPLANE
15838.321243,v4l2_dqbuf,0,VIDEO_CAPTURE_MPLANE
15838.321277,v4l2_dqbuf,0,VIDEO_OUTPUT_MPLANE
15838.335690,v4l2_qbuf,0,VIDEO_OUTPUT_MPLANE
15838.335726,v4l2_qbuf,6,VIDEO_CAPTURE_MPLANE
15838.340264,v4l2_dqbuf,6,VIDEO_CAPTURE_MPLANE
15838.340483,v4l2_dqbuf,0,VIDEO_OUTPUT_MPLANE
15838.352397,v4l2_qbuf,0,VIDEO_OUTPUT_MPLANE
15838.352430,v4l2_qbuf,1,VIDEO_CAPTURE_MPLANE
15838.355659,v4l2_dqbuf,1,VIDEO_CAPTURE_MPLANE
15838.355738,v4l2_dqbuf,0,VIDEO_OUTPUT_MPLANE
15838.370219,v4l2_qbuf,0,VIDEO_OUTPUT_MPLANE
15838.370242,v4l2_qbuf,2,VIDEO_CAPTURE_MPLANE
15838.373345,v4l2_dqbuf,2,VIDEO_CAPTURE_MPLANE
15838.373433,v4l2_dqbuf,0,VIDEO_OUTPUT_MPLANE
15838.386271,v4l2_qbuf,0,VIDEO_OUTPUT_MPLANE
15838.386295,v4l2_qbuf,3,VIDEO_CAPTURE_MPLANE
15838.388637,v4l2_dqbuf,3,VIDEO_CAPTURE_MPLANE
15838.388657,v4l2_dqbuf,0,VIDEO_OUTPUT_MPLANE
15838.402536,v4l2_qbuf,0,VIDEO_OUTPUT_MPLANE
15838.402557,v4l2_qbuf,7,VIDEO_CAPTURE_MPLANE
15838.405828,v4l2_dqbuf,7,VIDEO_CAPTURE_MPLANE
15838.405972,v4l2_dqbuf,0,VIDEO_OUTPUT_MPLANE
15838.419300,v4l2_qbuf,0,VIDEO_OUTPUT_MPLANE
15838.419394,v4l2_qbuf,5,VIDEO_CAPTURE_MPLANE
15838.424530,v4l2_dqbuf,5,VIDEO_CAPTURE_MPLANE
15838.424649,v4l2_dqbuf,0,VIDEO_OUTPUT_MPLANE
15838.435956,v4l2_qbuf,0,VIDEO_OUTPUT_MPLANE
15838.435979,v4l2_qbuf,4,VIDEO_CAPTURE_MPLANE
15838.439450,v4l2_dqbuf,4,VIDEO_CAPTURE_MPLANE
15838.439908,v4l2_dqbuf,0,VIDEO_OUTPUT_MPLANE
15838.452719,v4l2_qbuf,0,VIDEO_OUTPUT_MPLANE
15838.452750,v4l2_qbuf,6,VIDEO_CAPTURE_MPLANE
15838.454936,v4l2_dqbuf,6,VIDEO_CAPTURE_MPLANE
15838.454955,v4l2_dqbuf,0,VIDEO_OUTPUT_MPLANE
15838.472657,v4l2_qbuf,0,VIDEO_OUTPUT_MPLANE
15838.472707,v4l2_qbuf,1,VIDEO_CAPTURE_MPLANE
15838.476140,v4l2_dqbuf,1,VIDEO_CAPTURE_MPLANE
15838.476481,v4l2_dqbuf,0,VIDEO_OUTPUT_MPLANE
15838.485897,v4l2_qbuf,0,VIDEO_OUTPUT_MPLANE
15838.485937,v4l2_qbuf,2,VIDEO_CAPTURE_MPLANE
15838.489149,v4l2_dqbuf,2,VIDEO_CAPTURE_MPLANE
15838.489272,v4l2_dqbuf,0,VIDEO_OUTPUT_MPLANE
15838.506217,v4l2_qbuf,0,VIDEO_OUTPUT_MPLANE
15838.506246,v4l2_qbuf,0,VIDEO_CAPTURE_MPLANE
15838.509473,v4l2_dqbuf,0,VIDEO_CAPTURE_MPLANE
15838.509645,v4l2_dqbuf,0,VIDEO_OUTPUT_MPLANE
15838.523380,v4l2_qbuf,0,VIDEO_OUTPUT_MPLANE
15838.523410,v4l2_qbuf,7,VIDEO_CAPTURE_MPLANE
15838.525853,v4l2_dqbuf,7,VIDEO_CAPTURE_MPLANE
15838.525871,v4l2_dqbuf,0,VIDEO_OUTPUT_MPLANE
15838.539467,v4l2_qbuf,0,VIDEO_OUTPUT_MPLANE
15838.539501,v4l2_qbuf,5,VIDEO_CAPTURE_MPLANE
15838.542792,v4l2_dqbuf,5,VIDEO_CAPTURE_MPLANE
15838.542994,v4l2_dqbuf,0,VIDEO_OUTPUT_MPLANE
15838.558473,v4l2_qbuf,0,VIDEO_OUTPUT_MPLANE
15838.558522,v4l2_qbuf,4,VIDEO_CAPTURE_MPLANE
15838.560491,v4l2_dqbuf,4,VIDEO_CAPTURE_MPLANE
15838.560502,v4l2_dqbuf,0,VIDEO_OUTPUT_MPLANE
15838.572975,v4l2_qbuf,0,VIDEO_OUTPUT_MPLANE
15838.572991,v4l2_qbuf,3,VIDEO_CAPTURE_MPLANE
15838.575540,v4l2_dqbuf,3,VIDEO_CAPTURE_MPLANE
15838.575556,v4l2_dqbuf,0,VIDEO_OUTPUT_MPLANE
15838.591328,v4l2_qbuf,0,VIDEO_OUTPUT_MPLANE
15838.591395,v4l2_qbuf,1,VIDEO_CAPTURE_MPLANE
15838.594650,v4l2_dqbuf,1,VIDEO_CAPTURE_MPLANE
15838.594734,v4l2_dqbuf,0,VIDEO_OUTPUT_MPLANE
15838.606412,v4l2_qbuf,0,VIDEO_OUTPUT_MPLANE
15838.606436,v4l2_qbuf,2,VIDEO_CAPTURE_MPLANE
15838.609625,v4l2_dqbuf,2,VIDEO_CAPTURE_MPLANE
15838.609738,v4l2_dqbuf,0,VIDEO_OUTPUT_MPLANE
15838.624489,v4l2_qbuf,0,VIDEO_OUTPUT_MPLANE
15838.624515,v4l2_qbuf,0,VIDEO_CAPTURE_MPLANE
15838.627704,v4l2_dqbuf,0,VIDEO_CAPTURE_MPLANE
15838.627807,v4l2_dqbuf,0,VIDEO_OUTPUT_MPLANE
15838.641137,v4l2_qbuf,0,VIDEO_OUTPUT_MPLANE
15838.641161,v4l2_qbuf,6,VIDEO_CAPTURE_MPLANE
15838.643530,v4l2_dqbuf,6,VIDEO_CAPTURE_MPLANE
15838.643546,v4l2_dqbuf,0,VIDEO_OUTPUT_MPLANE
15838.657515,v4l2_qbuf,0,VIDEO_OUTPUT_MPLANE
15838.657540,v4l2_qbuf,5,VIDEO_CAPTURE_MPLANE
15838.660863,v4l2_dqbuf,5,VIDEO_CAPTURE_MPLANE
15838.660951,v4l2_dqbuf,0,VIDEO_OUTPUT_MPLANE
15838.675536,v4l2_qbuf,0,VIDEO_OUTPUT_MPLANE
15838.675566,v4l2_qbuf,7,VIDEO_CAPTURE_MPLANE
15838.678690,v4l2_dqbuf,7,VIDEO_CAPTURE_MPLANE
15838.678790,v4l2_dqbuf,0,VIDEO_OUTPUT_MPLANE
15838.690834,v4l2_qbuf,0,VIDEO_OUTPUT_MPLANE
15838.690857,v4l2_qbuf,4,VIDEO_CAPTURE_MPLANE
15838.694043,v4l2_dqbuf,4,VIDEO_CAPTURE_MPLANE
15838.694139,v4l2_dqbuf,0,VIDEO_OUTPUT_MPLANE
15838.707446,v4l2_qbuf,0,VIDEO_OUTPUT_MPLANE
15838.707470,v4l2_qbuf,1,VIDEO_CAPTURE_MPLANE
15838.709779,v4l2_dqbuf,1,VIDEO_CAPTURE_MPLANE
15838.709797,v4l2_dqbuf,0,VIDEO_OUTPUT_MPLANE
15838.724481,v4l2_qbuf,0,VIDEO_OUTPUT_MPLANE
15838.724504,v4l2_qbuf,2,VIDEO_CAPTURE_MPLANE
15838.727725,v4l2_dqbuf,2,VIDEO_CAPTURE_MPLANE
15838.727824,v4l2_dqbuf,0,VIDEO_OUTPUT_MPLANE
15838.740923,v4l2_qbuf,0,VIDEO_OUTPUT_MPLANE
15838.740945,v4l2_qbuf,0,VIDEO_CAPTURE_MPLANE
15838.744280,v4l2_dqbuf,0,VIDEO_CAPTURE_MPLANE
15838.744363,v4l2_dqbuf,0,VIDEO_OUTPUT_MPLANE
15838.757774,v4l2_qbuf,0,VIDEO_OUTPUT_MPLANE
15838.757797,v4l2_qbuf,3,VIDEO_CAPTURE_MPLANE
15838.760980,v4l2_dqbuf,3,VIDEO_CAPTURE_MPLANE
15838.761080,v4l2_dqbuf,0,VIDEO_OUTPUT_MPLANE
15838.776432,v4l2_qbuf,0,VIDEO_OUTPUT_MPLANE
15838.776454,v4l2_qbuf,5,VIDEO_CAPTURE_MPLANE
15838.778716,v4l2_dqbuf,5,VIDEO_CAPTURE_MPLANE
15838.778733,v4l2_dqbuf,0,VIDEO_OUTPUT_MPLANE
15838.790843,v4l2_qbuf,0,VIDEO_OUTPUT_MPLANE
15838.790862,v4l2_qbuf,7,VIDEO_CAPTURE_MPLANE
15838.794214,v4l2_dqbuf,7,VIDEO_CAPTURE_MPLANE
15838.794315,v4l2_dqbuf,0,VIDEO_OUTPUT_MPLANE
15838.807895,v4l2_qbuf,0,VIDEO_OUTPUT_MPLANE
15838.807921,v4l2_qbuf,4,VIDEO_CAPTURE_MPLANE
15838.811218,v4l2_dqbuf,4,VIDEO_CAPTURE_MPLANE
15838.811318,v4l2_dqbuf,0,VIDEO_OUTPUT_MPLANE
15838.824466,v4l2_qbuf,0,VIDEO_OUTPUT_MPLANE
15838.824490,v4l2_qbuf,6,VIDEO_CAPTURE_MPLANE
15838.827772,v4l2_dqbuf,6,VIDEO_CAPTURE_MPLANE
15838.827876,v4l2_dqbuf,0,VIDEO_OUTPUT_MPLANE
15838.842855,v4l2_qbuf,0,VIDEO_OUTPUT_MPLANE
15838.842950,v4l2_qbuf,2,VIDEO_CAPTURE_MPLANE
15838.845203,v4l2_dqbuf,2,VIDEO_CAPTURE_MPLANE
15838.845221,v4l2_dqbuf,0,VIDEO_OUTPUT_MPLANE
15838.857695,v4l2_qbuf,0,VIDEO_OUTPUT_MPLANE
15838.857724,v4l2_qbuf,0,VIDEO_CAPTURE_MPLANE
15838.860932,v4l2_dqbuf,0,VIDEO_CAPTURE_MPLANE
15838.861046,v4l2_dqbuf,0,VIDEO_OUTPUT_MPLANE
15838.876658,v4l2_qbuf,0,VIDEO_OUTPUT_MPLANE
15838.876679,v4l2_qbuf,3,VIDEO_CAPTURE_MPLANE
15838.880083,v4l2_dqbuf,3,VIDEO_CAPTURE_MPLANE
15838.880173,v4l2_dqbuf,0,VIDEO_OUTPUT_MPLANE
15838.893326,v4l2_qbuf,0,VIDEO_OUTPUT_MPLANE
15838.893350,v4l2_qbuf,1,VIDEO_CAPTURE_MPLANE
15838.896578,v4l2_dqbuf,1,VIDEO_CAPTURE_MPLANE
15838.896668,v4l2_dqbuf,0,VIDEO_OUTPUT_MPLANE
15838.910077,v4l2_qbuf,0,VIDEO_OUTPUT_MPLANE
15838.910101,v4l2_qbuf,7,VIDEO_CAPTURE_MPLANE
15838.912486,v4l2_dqbuf,7,VIDEO_CAPTURE_MPLANE
15838.912519,v4l2_dqbuf,0,VIDEO_OUTPUT_MPLANE
15838.927271,v4l2_qbuf,0,VIDEO_OUTPUT_MPLANE
15838.927376,v4l2_qbuf,4,VIDEO_CAPTURE_MPLANE
15838.930692,v4l2_dqbuf,4,VIDEO_CAPTURE_MPLANE
15838.930909,v4l2_dqbuf,0,VIDEO_OUTPUT_MPLANE
15838.943451,v4l2_qbuf,0,VIDEO_OUTPUT_MPLANE
15838.943476,v4l2_qbuf,6,VIDEO_CAPTURE_MPLANE
15838.946717,v4l2_dqbuf,6,VIDEO_CAPTURE_MPLANE
15838.946817,v4l2_dqbuf,0,VIDEO_OUTPUT_MPLANE
15838.959918,v4l2_qbuf,0,VIDEO_OUTPUT_MPLANE
15838.959943,v4l2_qbuf,5,VIDEO_CAPTURE_MPLANE
15838.963150,v4l2_dqbuf,5,VIDEO_CAPTURE_MPLANE
15838.963243,v4l2_dqbuf,0,VIDEO_OUTPUT_MPLANE
15838.976691,v4l2_qbuf,0,VIDEO_OUTPUT_MPLANE
15838.976715,v4l2_qbuf,0,VIDEO_CAPTURE_MPLANE
15838.978966,v4l2_dqbuf,0,VIDEO_CAPTURE_MPLANE
15838.978984,v4l2_dqbuf,0,VIDEO_OUTPUT_MPLANE
15838.993415,v4l2_qbuf,0,VIDEO_OUTPUT_MPLANE
15838.993438,v4l2_qbuf,3,VIDEO_CAPTURE_MPLANE
15838.996552,v4l2_dqbuf,3,VIDEO_CAPTURE_MPLANE
15838.996642,v4l2_dqbuf,0,VIDEO_OUTPUT_MPLANE
15839.009699,v4l2_qbuf,0,VIDEO_OUTPUT_MPLANE
15839.009722,v4l2_qbuf,1,VIDEO_CAPTURE_MPLANE
15839.012998,v4l2_dqbuf,1,VIDEO_CAPTURE_MPLANE
15839.013136,v4l2_dqbuf,0,VIDEO_OUTPUT_MPLANE
15839.027048,v4l2_qbuf,0,VIDEO_OUTPUT_MPLANE
15839.027104,v4l2_qbuf,2,VIDEO_CAPTURE_MPLANE
15839.030296,v4l2_dqbuf,2,VIDEO_CAPTURE_MPLANE
15839.030446,v4l2_dqbuf,0,VIDEO_OUTPUT_MPLANE
15839.043428,v4l2_qbuf,0,VIDEO_OUTPUT_MPLANE
15839.043454,v4l2_qbuf,4,VIDEO_CAPTURE_MPLANE
15839.045681,v4l2_dqbuf,4,VIDEO_CAPTURE_MPLANE
15839.045699,v4l2_dqbuf,0,VIDEO_OUTPUT_MPLANE
15839.060108,v4l2_qbuf,0,VIDEO_OUTPUT_MPLANE
15839.060129,v4l2_qbuf,6,VIDEO_CAPTURE_MPLANE
15839.063549,v4l2_dqbuf,6,VIDEO_CAPTURE_MPLANE
15839.063696,v4l2_dqbuf,0,VIDEO_OUTPUT_MPLANE
15839.077057,v4l2_qbuf,0,VIDEO_OUTPUT_MPLANE
15839.077279,v4l2_qbuf,5,VIDEO_CAPTURE_MPLANE
15839.080806,v4l2_dqbuf,5,VIDEO_CAPTURE_MPLANE
15839.081114,v4l2_dqbuf,0,VIDEO_OUTPUT_MPLANE
15839.093825,v4l2_qbuf,0,VIDEO_OUTPUT_MPLANE
15839.093879,v4l2_qbuf,7,VIDEO_CAPTURE_MPLANE
15839.097121,v4l2_dqbuf,7,VIDEO_CAPTURE_MPLANE
15839.097267,v4l2_dqbuf,0,VIDEO_OUTPUT_MPLANE
15839.110307,v4l2_qbuf,0,VIDEO_OUTPUT_MPLANE
15839.110357,v4l2_qbuf,3,VIDEO_CAPTURE_MPLANE
15839.112718,v4l2_dqbuf,3,VIDEO_CAPTURE_MPLANE
15839.112748,v4l2_dqbuf,0,VIDEO_OUTPUT_MPLANE
15839.126856,v4l2_qbuf,0,VIDEO_OUTPUT_MPLANE
15839.126926,v4l2_qbuf,1,VIDEO_CAPTURE_MPLANE
15839.130302,v4l2_dqbuf,1,VIDEO_CAPTURE_MPLANE
15839.130475,v4l2_dqbuf,0,VIDEO_OUTPUT_MPLANE
15839.143684,v4l2_qbuf,0,VIDEO_OUTPUT_MPLANE
15839.143731,v4l2_qbuf,2,VIDEO_CAPTURE_MPLANE
15839.147035,v4l2_dqbuf,2,VIDEO_CAPTURE_MPLANE
15839.147186,v4l2_dqbuf,0,VIDEO_OUTPUT_MPLANE
15839.160256,v4l2_qbuf,0,VIDEO_OUTPUT_MPLANE
15839.160286,v4l2_qbuf,0,VIDEO_CAPTURE_MPLANE
15839.163553,v4l2_dqbuf,0,VIDEO_CAPTURE_MPLANE
15839.163648,v4l2_dqbuf,0,VIDEO_OUTPUT_MPLANE
15839.176783,v4l2_qbuf,0,VIDEO_OUTPUT_MPLANE
15839.176810,v4l2_qbuf,6,VIDEO_CAPTURE_MPLANE
15839.179013,v4l2_dqbuf,6,VIDEO_CAPTURE_MPLANE
15839.179033,v4l2_dqbuf,0,VIDEO_OUTPUT_MPLANE
15839.193162,v4l2_qbuf,0,VIDEO_OUTPUT_MPLANE
15839.193181,v4l2_qbuf,5,VIDEO_CAPTURE_MPLANE
15839.196659,v4l2_dqbuf,5,VIDEO_CAPTURE_MPLANE
15839.196754,v4l2_dqbuf,0,VIDEO_OUTPUT_MPLANE
15839.210139,v4l2_qbuf,0,VIDEO_OUTPUT_MPLANE
15839.210168,v4l2_qbuf,7,VIDEO_CAPTURE_MPLANE
15839.213375,v4l2_dqbuf,7,VIDEO_CAPTURE_MPLANE
15839.213465,v4l2_dqbuf,0,VIDEO_OUTPUT_MPLANE
15839.226657,v4l2_qbuf,0,VIDEO_OUTPUT_MPLANE
15839.226687,v4l2_qbuf,4,VIDEO_CAPTURE_MPLANE
15839.230101,v4l2_dqbuf,4,VIDEO_CAPTURE_MPLANE
15839.230208,v4l2_dqbuf,0,VIDEO_OUTPUT_MPLANE
15839.243644,v4l2_qbuf,0,VIDEO_OUTPUT_MPLANE
15839.243666,v4l2_qbuf,1,VIDEO_CAPTURE_MPLANE
15839.245979,v4l2_dqbuf,1,VIDEO_CAPTURE_MPLANE
15839.245998,v4l2_dqbuf,0,VIDEO_OUTPUT_MPLANE
15839.260058,v4l2_qbuf,0,VIDEO_OUTPUT_MPLANE
15839.260079,v4l2_qbuf,2,VIDEO_CAPTURE_MPLANE
15839.263418,v4l2_dqbuf,2,VIDEO_CAPTURE_MPLANE
15839.263514,v4l2_dqbuf,0,VIDEO_OUTPUT_MPLANE
15839.277066,v4l2_qbuf,0,VIDEO_OUTPUT_MPLANE
15839.277090,v4l2_qbuf,0,VIDEO_CAPTURE_MPLANE
15839.280468,v4l2_dqbuf,0,VIDEO_CAPTURE_MPLANE
15839.280559,v4l2_dqbuf,0,VIDEO_OUTPUT_MPLANE
15839.293324,v4l2_qbuf,0,VIDEO_OUTPUT_MPLANE
15839.293348,v4l2_qbuf,3,VIDEO_CAPTURE_MPLANE
15839.296580,v4l2_dqbuf,3,VIDEO_CAPTURE_MPLANE
15839.296671,v4l2_dqbuf,0,VIDEO_OUTPUT_MPLANE
15839.310426,v4l2_qbuf,0,VIDEO_OUTPUT_MPLANE
15839.310456,v4l2_qbuf,5,VIDEO_CAPTURE_MPLANE
15839.312714,v4l2_dqbuf,5,VIDEO_CAPTURE_MPLANE
15839.312734,v4l2_dqbuf,0,VIDEO_OUTPUT_MPLANE
15839.326677,v4l2_qbuf,0,VIDEO_OUTPUT_MPLANE
15839.326701,v4l2_qbuf,7,VIDEO_CAPTURE_MPLANE
15839.329892,v4l2_dqbuf,7,VIDEO_CAPTURE_MPLANE
15839.329974,v4l2_dqbuf,0,VIDEO_OUTPUT_MPLANE
15839.343315,v4l2_qbuf,0,VIDEO_OUTPUT_MPLANE
15839.343347,v4l2_qbuf,4,VIDEO_CAPTURE_MPLANE
15839.346593,v4l2_dqbuf,4,VIDEO_CAPTURE_MPLANE
15839.346716,v4l2_dqbuf,0,VIDEO_OUTPUT_MPLANE
15839.359753,v4l2_qbuf,0,VIDEO_OUTPUT_MPLANE
15839.359782,v4l2_qbuf,6,VIDEO_CAPTURE_MPLANE
15839.363939,v4l2_dqbuf,6,VIDEO_CAPTURE_MPLANE
15839.364201,v4l2_dqbuf,0,VIDEO_OUTPUT_MPLANE
15839.376752,v4l2_qbuf,0,VIDEO_OUTPUT_MPLANE
15839.376835,v4l2_qbuf,2,VIDEO_CAPTURE_MPLANE
15839.379274,v4l2_dqbuf,2,VIDEO_CAPTURE_MPLANE
15839.379290,v4l2_dqbuf,0,VIDEO_OUTPUT_MPLANE
15839.393140,v4l2_qbuf,0,VIDEO_OUTPUT_MPLANE
15839.393161,v4l2_qbuf,0,VIDEO_CAPTURE_MPLANE
15839.396441,v4l2_dqbuf,0,VIDEO_CAPTURE_MPLANE
15839.396582,v4l2_dqbuf,0,VIDEO_OUTPUT_MPLANE
15839.409893,v4l2_qbuf,0,VIDEO_OUTPUT_MPLANE
15839.409929,v4l2_qbuf,3,VIDEO_CAPTURE_MPLANE
15839.413247,v4l2_dqbuf,3,VIDEO_CAPTURE_MPLANE
15839.413381,v4l2_dqbuf,0,VIDEO_OUTPUT_MPLANE
15839.428486,v4l2_qbuf,0,VIDEO_OUTPUT_MPLANE
15839.428517,v4l2_qbuf,1,VIDEO_CAPTURE_MPLANE
15839.431774,v4l2_dqbuf,1,VIDEO_CAPTURE_MPLANE
15839.431929,v4l2_dqbuf,0,VIDEO_OUTPUT_MPLANE
15839.445265,v4l2_qbuf,0,VIDEO_OUTPUT_MPLANE
15839.445283,v4l2_qbuf,7,VIDEO_CAPTURE_MPLANE
15839.447587,v4l2_dqbuf,7,VIDEO_CAPTURE_MPLANE
15839.447605,v4l2_dqbuf,0,VIDEO_OUTPUT_MPLANE
15839.461994,v4l2_qbuf,0,VIDEO_OUTPUT_MPLANE
15839.462036,v4l2_qbuf,4,VIDEO_CAPTURE_MPLANE
15839.465508,v4l2_dqbuf,4,VIDEO_CAPTURE_MPLANE
15839.465667,v4l2_dqbuf,0,VIDEO_OUTPUT_MPLANE
15839.479092,v4l2_qbuf,0,VIDEO_OUTPUT_MPLANE
15839.479149,v4l2_qbuf,6,VIDEO_CAPTURE_MPLANE
15839.482472,v4l2_dqbuf,6,VIDEO_CAPTURE_MPLANE
15839.482633,v4l2_dqbuf,0,VIDEO_OUTPUT_MPLANE
15839.495049,v4l2_qbuf,0,VIDEO_OUTPUT_MPLANE
15839.495071,v4l2_qbuf,5,VIDEO_CAPTURE_MPLANE
15839.498245,v4l2_dqbuf,5,VIDEO_CAPTURE_MPLANE
15839.498329,v4l2_dqbuf,0,VIDEO_OUTPUT_MPLANE
15839.512204,v4l2_qbuf,0,VIDEO_OUTPUT_MPLANE
15839.512256,v4l2_qbuf,0,VIDEO_CAPTURE_MPLANE
15839.514736,v4l2_dqbuf,0,VIDEO_CAPTURE_MPLANE
15839.514773,v4l2_dqbuf,0,VIDEO_OUTPUT_MPLANE
15839.528748,v4l2_qbuf,0,VIDEO_OUTPUT_MPLANE
15839.528790,v4l2_qbuf,3,VIDEO_CAPTURE_MPLANE
15839.531982,v4l2_dqbuf,3,VIDEO_CAPTURE_MPLANE
15839.532129,v4l2_dqbuf,0,VIDEO_OUTPUT_MPLANE
15839.545514,v4l2_qbuf,0,VIDEO_OUTPUT_MPLANE
15839.545567,v4l2_qbuf,1,VIDEO_CAPTURE_MPLANE
15839.549057,v4l2_dqbuf,1,VIDEO_CAPTURE_MPLANE
15839.549309,v4l2_dqbuf,0,VIDEO_OUTPUT_MPLANE
15839.561896,v4l2_qbuf,0,VIDEO_OUTPUT_MPLANE
15839.561919,v4l2_qbuf,2,VIDEO_CAPTURE_MPLANE
15839.564018,v4l2_dqbuf,2,VIDEO_CAPTURE_MPLANE
15839.564036,v4l2_dqbuf,0,VIDEO_OUTPUT_MPLANE
15839.578380,v4l2_qbuf,0,VIDEO_OUTPUT_MPLANE
15839.578407,v4l2_qbuf,4,VIDEO_CAPTURE_MPLANE
15839.580643,v4l2_dqbuf,4,VIDEO_CAPTURE_MPLANE
15839.580673,v4l2_dqbuf,0,VIDEO_OUTPUT_MPLANE
15839.595525,v4l2_qbuf,0,VIDEO_OUTPUT_MPLANE
15839.595569,v4l2_qbuf,6,VIDEO_CAPTURE_MPLANE
15839.598987,v4l2_dqbuf,6,VIDEO_CAPTURE_MPLANE
15839.599137,v4l2_dqbuf,0,VIDEO_OUTPUT_MPLANE
15839.612054,v4l2_qbuf,0,VIDEO_OUTPUT_MPLANE
15839.612078,v4l2_qbuf,5,VIDEO_CAPTURE_MPLANE
15839.615584,v4l2_dqbuf,5,VIDEO_CAPTURE_MPLANE
15839.615684,v4l2_dqbuf,0,VIDEO_OUTPUT_MPLANE
15839.628496,v4l2_qbuf,0,VIDEO_OUTPUT_MPLANE
15839.628519,v4l2_qbuf,7,VIDEO_CAPTURE_MPLANE
15839.632072,v4l2_dqbuf,7,VIDEO_CAPTURE_MPLANE
15839.632186,v4l2_dqbuf,0,VIDEO_OUTPUT_MPLANE
15839.645070,v4l2_qbuf,0,VIDEO_OUTPUT_MPLANE
15839.645093,v4l2_qbuf,3,VIDEO_CAPTURE_MPLANE
15839.647309,v4l2_dqbuf,3,VIDEO_CAPTURE_MPLANE
15839.647344,v4l2_dqbuf,0,VIDEO_OUTPUT_MPLANE
15839.661722,v4l2_qbuf,0,VIDEO_OUTPUT_MPLANE
15839.661756,v4l2_qbuf,1,VIDEO_CAPTURE_MPLANE
15839.665202,v4l2_dqbuf,1,VIDEO_CAPTURE_MPLANE
15839.665297,v4l2_dqbuf,0,VIDEO_OUTPUT_MPLANE
15839.678511,v4l2_qbuf,0,VIDEO_OUTPUT_MPLANE
15839.678534,v4l2_qbuf,0,VIDEO_CAPTURE_MPLANE
15839.681930,v4l2_dqbuf,0,VIDEO_CAPTURE_MPLANE
15839.682117,v4l2_dqbuf,0,VIDEO_OUTPUT_MPLANE
15839.695168,v4l2_qbuf,0,VIDEO_OUTPUT_MPLANE
15839.695194,v4l2_qbuf,2,VIDEO_CAPTURE_MPLANE
15839.698594,v4l2_dqbuf,2,VIDEO_CAPTURE_MPLANE
15839.698687,v4l2_dqbuf,0,VIDEO_OUTPUT_MPLANE
15839.712352,v4l2_qbuf,0,VIDEO_OUTPUT_MPLANE
15839.712407,v4l2_qbuf,6,VIDEO_CAPTURE_MPLANE
15839.714705,v4l2_dqbuf,6,VIDEO_CAPTURE_MPLANE
15839.714722,v4l2_dqbuf,0,VIDEO_OUTPUT_MPLANE
15839.728953,v4l2_qbuf,0,VIDEO_OUTPUT_MPLANE
15839.728995,v4l2_qbuf,5,VIDEO_CAPTURE_MPLANE
15839.732406,v4l2_dqbuf,5,VIDEO_CAPTURE_MPLANE
15839.732587,v4l2_dqbuf,0,VIDEO_OUTPUT_MPLANE
15839.745773,v4l2_qbuf,0,VIDEO_OUTPUT_MPLANE
15839.745831,v4l2_qbuf,7,VIDEO_CAPTURE_MPLANE
15839.749473,v4l2_dqbuf,7,VIDEO_CAPTURE_MPLANE
15839.750066,v4l2_dqbuf,0,VIDEO_OUTPUT_MPLANE
15839.761763,v4l2_qbuf,0,VIDEO_OUTPUT_MPLANE
15839.761785,v4l2_qbuf,4,VIDEO_CAPTURE_MPLANE
15839.764971,v4l2_dqbuf,4,VIDEO_CAPTURE_MPLANE
15839.765070,v4l2_dqbuf,0,VIDEO_OUTPUT_MPLANE
15839.778625,v4l2_qbuf,0,VIDEO_OUTPUT_MPLANE
15839.778646,v4l2_qbuf,1,VIDEO_CAPTURE_MPLANE
15839.780995,v4l2_dqbuf,1,VIDEO_CAPTURE_MPLANE
15839.781023,v4l2_dqbuf,0,VIDEO_OUTPUT_MPLANE
15839.795360,v4l2_qbuf,0,VIDEO_OUTPUT_MPLANE
15839.795402,v4l2_qbuf,0,VIDEO_CAPTURE_MPLANE
15839.798952,v4l2_dqbuf,0,VIDEO_CAPTURE_MPLANE
15839.799167,v4l2_dqbuf,0,VIDEO_OUTPUT_MPLANE
15839.812250,v4l2_qbuf,0,VIDEO_OUTPUT_MPLANE
15839.812300,v4l2_qbuf,2,VIDEO_CAPTURE_MPLANE
15839.815573,v4l2_dqbuf,2,VIDEO_CAPTURE_MPLANE
15839.815814,v4l2_dqbuf,0,VIDEO_OUTPUT_MPLANE
15839.828537,v4l2_qbuf,0,VIDEO_OUTPUT_MPLANE
15839.828568,v4l2_qbuf,3,VIDEO_CAPTURE_MPLANE
15839.831765,v4l2_dqbuf,3,VIDEO_CAPTURE_MPLANE
15839.831891,v4l2_dqbuf,0,VIDEO_OUTPUT_MPLANE
15839.845818,v4l2_qbuf,0,VIDEO_OUTPUT_MPLANE
15839.845895,v4l2_qbuf,5,VIDEO_CAPTURE_MPLANE
15839.848215,v4l2_dqbuf,5,VIDEO_CAPTURE_MPLANE
15839.848233,v4l2_dqbuf,0,VIDEO_OUTPUT_MPLANE
15839.861669,v4l2_qbuf,0,VIDEO_OUTPUT_MPLANE
15839.861691,v4l2_qbuf,7,VIDEO_CAPTURE_MPLANE
15839.866069,v4l2_dqbuf,7,VIDEO_CAPTURE_MPLANE
15839.866184,v4l2_dqbuf,0,VIDEO_OUTPUT_MPLANE
15839.878523,v4l2_qbuf,0,VIDEO_OUTPUT_MPLANE
15839.878540,v4l2_qbuf,4,VIDEO_CAPTURE_MPLANE
15839.881741,v4l2_dqbuf,4,VIDEO_CAPTURE_MPLANE
15839.881835,v4l2_dqbuf,0,VIDEO_OUTPUT_MPLANE
15839.895189,v4l2_qbuf,0,VIDEO_OUTPUT_MPLANE
15839.895206,v4l2_qbuf,6,VIDEO_CAPTURE_MPLANE
15839.897420,v4l2_dqbuf,6,VIDEO_CAPTURE_MPLANE
15839.897432,v4l2_dqbuf,0,VIDEO_OUTPUT_MPLANE
15839.912095,v4l2_qbuf,0,VIDEO_OUTPUT_MPLANE
15839.912115,v4l2_qbuf,0,VIDEO_CAPTURE_MPLANE
15839.915615,v4l2_dqbuf,0,VIDEO_CAPTURE_MPLANE
15839.915813,v4l2_dqbuf,0,VIDEO_OUTPUT_MPLANE
15839.928602,v4l2_qbuf,0,VIDEO_OUTPUT_MPLANE
15839.928641,v4l2_qbuf,2,VIDEO_CAPTURE_MPLANE
15839.932098,v4l2_dqbuf,2,VIDEO_CAPTURE_MPLANE
15839.932249,v4l2_dqbuf,0,VIDEO_OUTPUT_MPLANE
15839.945574,v4l2_qbuf,0,VIDEO_OUTPUT_MPLANE
15839.945618,v4l2_qbuf,3,VIDEO_CAPTURE_MPLANE
15839.948989,v4l2_dqbuf,3,VIDEO_CAPTURE_MPLANE
15839.949150,v4l2_dqbuf,0,VIDEO_OUTPUT_MPLANE
15839.961994,v4l2_qbuf,0,VIDEO_OUTPUT_MPLANE
15839.962067,v4l2_qbuf,1,VIDEO_CAPTURE_MPLANE
15839.964276,v4l2_dqbuf,1,VIDEO_CAPTURE_MPLANE
15839.964291,v4l2_dqbuf,0,VIDEO_OUTPUT_MPLANE
15839.978282,v4l2_qbuf,0,VIDEO_OUTPUT_MPLANE
15839.978301,v4l2_qbuf,7,VIDEO_CAPTURE_MPLANE
15839.981410,v4l2_dqbuf,7,VIDEO_CAPTURE_MPLANE
15839.981491,v4l2_dqbuf,0,VIDEO_OUTPUT_MPLANE
15839.995226,v4l2_qbuf,0,VIDEO_OUTPUT_MPLANE
15839.995248,v4l2_qbuf,4,VIDEO_CAPTURE_MPLANE
15839.998473,v4l2_dqbuf,4,VIDEO_CAPTURE_MPLANE
15839.998564,v4l2_dqbuf,0,VIDEO_OUTPUT_MPLANE
15840.011863,v4l2_qbuf,0,VIDEO_OUTPUT_MPLANE
15840.011886,v4l2_qbuf,5,VIDEO_CAPTURE_MPLANE
15840.014101,v4l2_dqbuf,5,VIDEO_CAPTURE_MPLANE
15840.014130,v4l2_dqbuf,0,VIDEO_OUTPUT_MPLANE
15840.028878,v4l2_qbuf,0,VIDEO_OUTPUT_MPLANE
15840.028912,v4l2_qbuf,0,VIDEO_CAPTURE_MPLANE
15840.032118,v4l2_dqbuf,0,VIDEO_CAPTURE_MPLANE
15840.032277,v4l2_dqbuf,0,VIDEO_OUTPUT_MPLANE
15840.047104,v4l2_qbuf,0,VIDEO_OUTPUT_MPLANE
15840.047128,v4l2_qbuf,2,VIDEO_CAPTURE_MPLANE
15840.049526,v4l2_dqbuf,2,VIDEO_CAPTURE_MPLANE
15840.049559,v4l2_dqbuf,0,VIDEO_OUTPUT_MPLANE
15840.061518,v4l2_qbuf,0,VIDEO_OUTPUT_MPLANE
15840.061538,v4l2_qbuf,3,VIDEO_CAPTURE_MPLANE
15840.064824,v4l2_dqbuf,3,VIDEO_CAPTURE_MPLANE
15840.064896,v4l2_dqbuf,0,VIDEO_OUTPUT_MPLANE
15840.078507,v4l2_qbuf,0,VIDEO_OUTPUT_MPLANE
15840.078529,v4l2_qbuf,6,VIDEO_CAPTURE_MPLANE
15840.081856,v4l2_dqbuf,6,VIDEO_CAPTURE_MPLANE
15840.082050,v4l2_dqbuf,0,VIDEO_OUTPUT_MPLANE
15840.095460,v4l2_qbuf,0,VIDEO_OUTPUT_MPLANE
15840.095509,v4l2_qbuf,7,VIDEO_CAPTURE_MPLANE
15840.097901,v4l2_dqbuf,7,VIDEO_CAPTURE_MPLANE
15840.097931,v4l2_dqbuf,0,VIDEO_OUTPUT_MPLANE
15840.112353,v4l2_qbuf,0,VIDEO_OUTPUT_MPLANE
15840.112397,v4l2_qbuf,4,VIDEO_CAPTURE_MPLANE
15840.115648,v4l2_dqbuf,4,VIDEO_CAPTURE_MPLANE
15840.115983,v4l2_dqbuf,0,VIDEO_OUTPUT_MPLANE
15840.128689,v4l2_qbuf,0,VIDEO_OUTPUT_MPLANE
15840.128772,v4l2_qbuf,1,VIDEO_CAPTURE_MPLANE
15840.132083,v4l2_dqbuf,1,VIDEO_CAPTURE_MPLANE
15840.132169,v4l2_dqbuf,0,VIDEO_OUTPUT_MPLANE
15840.145443,v4l2_qbuf,0,VIDEO_OUTPUT_MPLANE
15840.145463,v4l2_qbuf,0,VIDEO_CAPTURE_MPLANE
15840.148824,v4l2_dqbuf,0,VIDEO_CAPTURE_MPLANE
15840.148925,v4l2_dqbuf,0,VIDEO_OUTPUT_MPLANE
15840.162175,v4l2_qbuf,0,VIDEO_OUTPUT_MPLANE
15840.162199,v4l2_qbuf,5,VIDEO_CAPTURE_MPLANE
15840.164497,v4l2_dqbuf,5,VIDEO_CAPTURE_MPLANE
15840.164517,v4l2_dqbuf,0,VIDEO_OUTPUT_MPLANE
15840.178620,v4l2_qbuf,0,VIDEO_OUTPUT_MPLANE
15840.178641,v4l2_qbuf,3,VIDEO_CAPTURE_MPLANE
15840.181951,v4l2_dqbuf,3,VIDEO_CAPTURE_MPLANE
15840.182063,v4l2_dqbuf,0,VIDEO_OUTPUT_MPLANE
15840.195632,v4l2_qbuf,0,VIDEO_OUTPUT_MPLANE
15840.195831,v4l2_qbuf,6,VIDEO_CAPTURE_MPLANE
15840.199117,v4l2_dqbuf,6,VIDEO_CAPTURE_MPLANE
15840.199404,v4l2_dqbuf,0,VIDEO_OUTPUT_MPLANE
15840.212339,v4l2_qbuf,0,VIDEO_OUTPUT_MPLANE
15840.212398,v4l2_qbuf,2,VIDEO_CAPTURE_MPLANE
15840.215815,v4l2_dqbuf,2,VIDEO_CAPTURE_MPLANE
15840.215907,v4l2_dqbuf,0,VIDEO_OUTPUT_MPLANE
15840.228608,v4l2_qbuf,0,VIDEO_OUTPUT_MPLANE
15840.228630,v4l2_qbuf,4,VIDEO_CAPTURE_MPLANE
15840.230870,v4l2_dqbuf,4,VIDEO_CAPTURE_MPLANE
15840.230896,v4l2_dqbuf,0,VIDEO_OUTPUT_MPLANE
15840.245444,v4l2_qbuf,0,VIDEO_OUTPUT_MPLANE
15840.245482,v4l2_qbuf,1,VIDEO_CAPTURE_MPLANE
15840.248765,v4l2_dqbuf,1,VIDEO_CAPTURE_MPLANE
15840.248909,v4l2_dqbuf,0,VIDEO_OUTPUT_MPLANE
15840.262176,v4l2_qbuf,0,VIDEO_OUTPUT_MPLANE
15840.262217,v4l2_qbuf,0,VIDEO_CAPTURE_MPLANE
15840.265471,v4l2_dqbuf,0,VIDEO_CAPTURE_MPLANE
15840.265628,v4l2_dqbuf,0,VIDEO_OUTPUT_MPLANE
15840.278657,v4l2_qbuf,0,VIDEO_OUTPUT_MPLANE
15840.278701,v4l2_qbuf,7,VIDEO_CAPTURE_MPLANE
15840.282063,v4l2_dqbuf,7,VIDEO_CAPTURE_MPLANE
15840.282251,v4l2_dqbuf,0,VIDEO_OUTPUT_MPLANE
15840.295024,v4l2_qbuf,0,VIDEO_OUTPUT_MPLANE
15840.295050,v4l2_qbuf,3,VIDEO_CAPTURE_MPLANE
15840.297287,v4l2_dqbuf,3,VIDEO_CAPTURE_MPLANE
15840.297306,v4l2_dqbuf,0,VIDEO_OUTPUT_MPLANE
15840.311770,v4l2_qbuf,0,VIDEO_OUTPUT_MPLANE
15840.311804,v4l2_qbuf,6,VIDEO_CAPTURE_MPLANE
15840.315285,v4l2_dqbuf,6,VIDEO_CAPTURE_MPLANE
15840.315475,v4l2_dqbuf,0,VIDEO_OUTPUT_MPLANE
15840.328311,v4l2_qbuf,0,VIDEO_OUTPUT_MPLANE
15840.328501,v4l2_qbuf,2,VIDEO_CAPTURE_MPLANE
15840.331823,v4l2_dqbuf,2,VIDEO_CAPTURE_MPLANE
15840.331975,v4l2_dqbuf,0,VIDEO_OUTPUT_MPLANE
15840.345398,v4l2_qbuf,0,VIDEO_OUTPUT_MPLANE
15840.345421,v4l2_qbuf,5,VIDEO_CAPTURE_MPLANE
15840.348317,v4l2_dqbuf,5,VIDEO_CAPTURE_MPLANE
15840.348338,v4l2_dqbuf,0,VIDEO_OUTPUT_MPLANE
15840.361964,v4l2_qbuf,0,VIDEO_OUTPUT_MPLANE
15840.361987,v4l2_qbuf,1,VIDEO_CAPTURE_MPLANE
15840.365257,v4l2_dqbuf,1,VIDEO_CAPTURE_MPLANE
15840.365344,v4l2_dqbuf,0,VIDEO_OUTPUT_MPLANE
15840.378554,v4l2_qbuf,0,VIDEO_OUTPUT_MPLANE
15840.378600,v4l2_qbuf,0,VIDEO_CAPTURE_MPLANE
15840.381101,v4l2_dqbuf,0,VIDEO_CAPTURE_MPLANE
15840.381124,v4l2_dqbuf,0,VIDEO_OUTPUT_MPLANE
15840.395571,v4l2_qbuf,0,VIDEO_OUTPUT_MPLANE
15840.395595,v4l2_qbuf,7,VIDEO_CAPTURE_MPLANE
15840.398767,v4l2_dqbuf,7,VIDEO_CAPTURE_MPLANE
15840.398853,v4l2_dqbuf,0,VIDEO_OUTPUT_MPLANE
15840.411816,v4l2_qbuf,0,VIDEO_OUTPUT_MPLANE
15840.411840,v4l2_qbuf,4,VIDEO_CAPTURE_MPLANE
15840.415135,v4l2_dqbuf,4,VIDEO_CAPTURE_MPLANE
15840.415358,v4l2_dqbuf,0,VIDEO_OUTPUT_MPLANE
15840.428350,v4l2_qbuf,0,VIDEO_OUTPUT_MPLANE
15840.428368,v4l2_qbuf,6,VIDEO_CAPTURE_MPLANE
15840.431827,v4l2_dqbuf,6,VIDEO_CAPTURE_MPLANE
15840.432053,v4l2_dqbuf,0,VIDEO_OUTPUT_MPLANE
15840.445776,v4l2_qbuf,0,VIDEO_OUTPUT_MPLANE
15840.445823,v4l2_qbuf,2,VIDEO_CAPTURE_MPLANE
15840.448321,v4l2_dqbuf,2,VIDEO_CAPTURE_MPLANE
15840.448356,v4l2_dqbuf,0,VIDEO_OUTPUT_MPLANE
15840.462146,v4l2_qbuf,0,VIDEO_OUTPUT_MPLANE
15840.462186,v4l2_qbuf,3,VIDEO_CAPTURE_MPLANE
15840.465576,v4l2_dqbuf,3,VIDEO_CAPTURE_MPLANE
15840.465724,v4l2_dqbuf,0,VIDEO_OUTPUT_MPLANE
15840.478972,v4l2_qbuf,0,VIDEO_OUTPUT_MPLANE
15840.479038,v4l2_qbuf,1,VIDEO_CAPTURE_MPLANE
15840.482296,v4l2_dqbuf,1,VIDEO_CAPTURE_MPLANE
15840.482477,v4l2_dqbuf,0,VIDEO_OUTPUT_MPLANE
15840.495397,v4l2_qbuf,0,VIDEO_OUTPUT_MPLANE
15840.495442,v4l2_qbuf,5,VIDEO_CAPTURE_MPLANE
15840.497785,v4l2_dqbuf,5,VIDEO_CAPTURE_MPLANE
15840.497819,v4l2_dqbuf,0,VIDEO_OUTPUT_MPLANE
15840.511774,v4l2_qbuf,0,VIDEO_OUTPUT_MPLANE
15840.511819,v4l2_qbuf,7,VIDEO_CAPTURE_MPLANE
15840.515022,v4l2_dqbuf,7,VIDEO_CAPTURE_MPLANE
15840.515203,v4l2_dqbuf,0,VIDEO_OUTPUT_MPLANE
15840.528692,v4l2_qbuf,0,VIDEO_OUTPUT_MPLANE
15840.528714,v4l2_qbuf,4,VIDEO_CAPTURE_MPLANE
15840.531834,v4l2_dqbuf,4,VIDEO_CAPTURE_MPLANE
15840.531936,v4l2_dqbuf,0,VIDEO_OUTPUT_MPLANE
15840.545015,v4l2_qbuf,0,VIDEO_OUTPUT_MPLANE
15840.545041,v4l2_qbuf,6,VIDEO_CAPTURE_MPLANE
15840.548475,v4l2_dqbuf,6,VIDEO_CAPTURE_MPLANE
15840.548617,v4l2_dqbuf,0,VIDEO_OUTPUT_MPLANE
15840.561493,v4l2_qbuf,0,VIDEO_OUTPUT_MPLANE
15840.561511,v4l2_qbuf,0,VIDEO_CAPTURE_MPLANE
15840.563503,v4l2_dqbuf,0,VIDEO_CAPTURE_MPLANE
15840.563515,v4l2_dqbuf,0,VIDEO_OUTPUT_MPLANE
15840.578349,v4l2_qbuf,0,VIDEO_OUTPUT_MPLANE
15840.578381,v4l2_qbuf,3,VIDEO_CAPTURE_MPLANE
15840.580807,v4l2_dqbuf,3,VIDEO_CAPTURE_MPLANE
15840.580835,v4l2_dqbuf,0,VIDEO_OUTPUT_MPLANE
15840.594785,v4l2_qbuf,0,VIDEO_OUTPUT_MPLANE
15840.594808,v4l2_qbuf,1,VIDEO_CAPTURE_MPLANE
15840.598078,v4l2_dqbuf,1,VIDEO_CAPTURE_MPLANE
15840.598175,v4l2_dqbuf,0,VIDEO_OUTPUT_MPLANE
15840.611438,v4l2_qbuf,0,VIDEO_OUTPUT_MPLANE
15840.611459,v4l2_qbuf,2,VIDEO_CAPTURE_MPLANE
15840.614522,v4l2_dqbuf,2,VIDEO_CAPTURE_MPLANE
15840.614592,v4l2_dqbuf,0,VIDEO_OUTPUT_MPLANE
15840.628394,v4l2_qbuf,0,VIDEO_OUTPUT_MPLANE
15840.628416,v4l2_qbuf,7,VIDEO_CAPTURE_MPLANE
15840.631644,v4l2_dqbuf,7,VIDEO_CAPTURE_MPLANE
15840.631722,v4l2_dqbuf,0,VIDEO_OUTPUT_MPLANE
15840.645062,v4l2_qbuf,0,VIDEO_OUTPUT_MPLANE
15840.645097,v4l2_qbuf,4,VIDEO_CAPTURE_MPLANE
15840.647372,v4l2_dqbuf,4,VIDEO_CAPTURE_MPLANE
15840.647399,v4l2_dqbuf,0,VIDEO_OUTPUT_MPLANE
15840.661863,v4l2_qbuf,0,VIDEO_OUTPUT_MPLANE
15840.661906,v4l2_qbuf,6,VIDEO_CAPTURE_MPLANE
15840.665384,v4l2_dqbuf,6,VIDEO_CAPTURE_MPLANE
15840.665551,v4l2_dqbuf,0,VIDEO_OUTPUT_MPLANE
15840.678738,v4l2_qbuf,0,VIDEO_OUTPUT_MPLANE
15840.678792,v4l2_qbuf,5,VIDEO_CAPTURE_MPLANE
15840.682299,v4l2_dqbuf,5,VIDEO_CAPTURE_MPLANE
15840.682388,v4l2_dqbuf,0,VIDEO_OUTPUT_MPLANE
15840.695142,v4l2_qbuf,0,VIDEO_OUTPUT_MPLANE
15840.695166,v4l2_qbuf,0,VIDEO_CAPTURE_MPLANE
15840.698332,v4l2_dqbuf,0,VIDEO_CAPTURE_MPLANE
15840.698425,v4l2_dqbuf,0,VIDEO_OUTPUT_MPLANE
15840.713401,v4l2_qbuf,0,VIDEO_OUTPUT_MPLANE
15840.713482,v4l2_qbuf,1,VIDEO_CAPTURE_MPLANE
15840.715922,v4l2_dqbuf,1,VIDEO_CAPTURE_MPLANE
15840.715946,v4l2_dqbuf,0,VIDEO_OUTPUT_MPLANE
15840.728266,v4l2_qbuf,0,VIDEO_OUTPUT_MPLANE
15840.728298,v4l2_qbuf,2,VIDEO_CAPTURE_MPLANE
15840.731418,v4l2_dqbuf,2,VIDEO_CAPTURE_MPLANE
15840.731529,v4l2_dqbuf,0,VIDEO_OUTPUT_MPLANE
15840.745034,v4l2_qbuf,0,VIDEO_OUTPUT_MPLANE
15840.745081,v4l2_qbuf,7,VIDEO_CAPTURE_MPLANE
15840.748529,v4l2_dqbuf,7,VIDEO_CAPTURE_MPLANE
15840.748618,v4l2_dqbuf,0,VIDEO_OUTPUT_MPLANE
15840.761788,v4l2_qbuf,0,VIDEO_OUTPUT_MPLANE
15840.761811,v4l2_qbuf,3,VIDEO_CAPTURE_MPLANE
15840.765170,v4l2_dqbuf,3,VIDEO_CAPTURE_MPLANE
15840.765363,v4l2_dqbuf,0,VIDEO_OUTPUT_MPLANE
15840.778621,v4l2_qbuf,0,VIDEO_OUTPUT_MPLANE
15840.778665,v4l2_qbuf,6,VIDEO_CAPTURE_MPLANE
15840.781039,v4l2_dqbuf,6,VIDEO_CAPTURE_MPLANE
15840.781078,v4l2_dqbuf,0,VIDEO_OUTPUT_MPLANE
15840.795567,v4l2_qbuf,0,VIDEO_OUTPUT_MPLANE
15840.795618,v4l2_qbuf,5,VIDEO_CAPTURE_MPLANE
15840.799186,v4l2_dqbuf,5,VIDEO_CAPTURE_MPLANE
15840.799395,v4l2_dqbuf,0,VIDEO_OUTPUT_MPLANE
15840.811925,v4l2_qbuf,0,VIDEO_OUTPUT_MPLANE
15840.811965,v4l2_qbuf,0,VIDEO_CAPTURE_MPLANE
15840.816270,v4l2_dqbuf,0,VIDEO_CAPTURE_MPLANE
15840.816390,v4l2_dqbuf,0,VIDEO_OUTPUT_MPLANE
15840.828717,v4l2_qbuf,0,VIDEO_OUTPUT_MPLANE
15840.828759,v4l2_qbuf,4,VIDEO_CAPTURE_MPLANE
15840.832045,v4l2_dqbuf,4,VIDEO_CAPTURE_MPLANE
15840.832175,v4l2_dqbuf,0,VIDEO_OUTPUT_MPLANE
15840.845646,v4l2_qbuf,0,VIDEO_OUTPUT_MPLANE
15840.845695,v4l2_qbuf,2,VIDEO_CAPTURE_MPLANE
15840.848040,v4l2_dqbuf,2,VIDEO_CAPTURE_MPLANE
15840.848080,v4l2_dqbuf,0,VIDEO_OUTPUT_MPLANE
15840.862204,v4l2_qbuf,0,VIDEO_OUTPUT_MPLANE
15840.862261,v4l2_qbuf,7,VIDEO_CAPTURE_MPLANE
15840.865708,v4l2_dqbuf,7,VIDEO_CAPTURE_MPLANE
15840.865799,v4l2_dqbuf,0,VIDEO_OUTPUT_MPLANE
15840.878824,v4l2_qbuf,0,VIDEO_OUTPUT_MPLANE
15840.878879,v4l2_qbuf,3,VIDEO_CAPTURE_MPLANE
15840.882345,v4l2_dqbuf,3,VIDEO_CAPTURE_MPLANE
15840.882598,v4l2_dqbuf,0,VIDEO_OUTPUT_MPLANE
15840.895322,v4l2_qbuf,0,VIDEO_OUTPUT_MPLANE
15840.895389,v4l2_qbuf,1,VIDEO_CAPTURE_MPLANE
15840.898774,v4l2_dqbuf,1,VIDEO_CAPTURE_MPLANE
15840.898991,v4l2_dqbuf,0,VIDEO_OUTPUT_MPLANE
15840.911804,v4l2_qbuf,0,VIDEO_OUTPUT_MPLANE
15840.911829,v4l2_qbuf,5,VIDEO_CAPTURE_MPLANE
15840.914105,v4l2_dqbuf,5,VIDEO_CAPTURE_MPLANE
15840.914124,v4l2_dqbuf,0,VIDEO_OUTPUT_MPLANE
15840.928215,v4l2_qbuf,0,VIDEO_OUTPUT_MPLANE
15840.928239,v4l2_qbuf,0,VIDEO_CAPTURE_MPLANE
15840.931336,v4l2_dqbuf,0,VIDEO_CAPTURE_MPLANE
15840.931418,v4l2_dqbuf,0,VIDEO_OUTPUT_MPLANE
15840.945030,v4l2_qbuf,0,VIDEO_OUTPUT_MPLANE
15840.945053,v4l2_qbuf,4,VIDEO_CAPTURE_MPLANE
15840.948246,v4l2_dqbuf,4,VIDEO_CAPTURE_MPLANE
15840.948335,v4l2_dqbuf,0,VIDEO_OUTPUT_MPLANE
15840.962125,v4l2_qbuf,0,VIDEO_OUTPUT_MPLANE
15840.962148,v4l2_qbuf,6,VIDEO_CAPTURE_MPLANE
15840.965509,v4l2_dqbuf,6,VIDEO_CAPTURE_MPLANE
15840.965597,v4l2_dqbuf,0,VIDEO_OUTPUT_MPLANE
15840.979055,v4l2_qbuf,0,VIDEO_OUTPUT_MPLANE
15840.979088,v4l2_qbuf,7,VIDEO_CAPTURE_MPLANE
15840.981571,v4l2_dqbuf,7,VIDEO_CAPTURE_MPLANE
15840.981599,v4l2_dqbuf,0,VIDEO_OUTPUT_MPLANE
15840.995206,v4l2_qbuf,0,VIDEO_OUTPUT_MPLANE
15840.995235,v4l2_qbuf,3,VIDEO_CAPTURE_MPLANE
15840.998381,v4l2_dqbuf,3,VIDEO_CAPTURE_MPLANE
15840.998511,v4l2_dqbuf,0,VIDEO_OUTPUT_MPLANE
15841.011640,v4l2_qbuf,0,VIDEO_OUTPUT_MPLANE
15841.011661,v4l2_qbuf,1,VIDEO_CAPTURE_MPLANE
15841.014947,v4l2_dqbuf,1,VIDEO_CAPTURE_MPLANE
15841.015063,v4l2_dqbuf,0,VIDEO_OUTPUT_MPLANE
15841.030278,v4l2_qbuf,0,VIDEO_OUTPUT_MPLANE
15841.030297,v4l2_qbuf,2,VIDEO_CAPTURE_MPLANE
15841.033555,v4l2_dqbuf,2,VIDEO_CAPTURE_MPLANE
15841.033638,v4l2_dqbuf,0,VIDEO_OUTPUT_MPLANE
15841.044868,v4l2_qbuf,0,VIDEO_OUTPUT_MPLANE
15841.044908,v4l2_qbuf,0,VIDEO_CAPTURE_MPLANE
15841.047075,v4l2_dqbuf,0,VIDEO_CAPTURE_MPLANE
15841.047095,v4l2_dqbuf,0,VIDEO_OUTPUT_MPLANE
15841.063292,v4l2_qbuf,0,VIDEO_OUTPUT_MPLANE
15841.063318,v4l2_qbuf,4,VIDEO_CAPTURE_MPLANE
15841.067009,v4l2_dqbuf,4,VIDEO_CAPTURE_MPLANE
15841.067108,v4l2_dqbuf,0,VIDEO_OUTPUT_MPLANE
15841.078647,v4l2_qbuf,0,VIDEO_OUTPUT_MPLANE
15841.078688,v4l2_qbuf,6,VIDEO_CAPTURE_MPLANE
15841.082077,v4l2_dqbuf,6,VIDEO_CAPTURE_MPLANE
15841.082261,v4l2_dqbuf,0,VIDEO_OUTPUT_MPLANE
15841.095122,v4l2_qbuf,0,VIDEO_OUTPUT_MPLANE
15841.095137,v4l2_qbuf,5,VIDEO_CAPTURE_MPLANE
15841.098277,v4l2_dqbuf,5,VIDEO_CAPTURE_MPLANE
15841.098347,v4l2_dqbuf,0,VIDEO_OUTPUT_MPLANE
15841.111901,v4l2_qbuf,0,VIDEO_OUTPUT_MPLANE
15841.111939,v4l2_qbuf,3,VIDEO_CAPTURE_MPLANE
15841.114253,v4l2_dqbuf,3,VIDEO_CAPTURE_MPLANE
15841.114283,v4l2_dqbuf,0,VIDEO_OUTPUT_MPLANE
15841.128175,v4l2_qbuf,0,VIDEO_OUTPUT_MPLANE
15841.128191,v4l2_qbuf,1,VIDEO_CAPTURE_MPLANE
15841.131462,v4l2_dqbuf,1,VIDEO_CAPTURE_MPLANE
15841.131601,v4l2_dqbuf,0,VIDEO_OUTPUT_MPLANE
15841.145240,v4l2_qbuf,0,VIDEO_OUTPUT_MPLANE
15841.145262,v4l2_qbuf,2,VIDEO_CAPTURE_MPLANE
15841.148527,v4l2_dqbuf,2,VIDEO_CAPTURE_MPLANE
15841.148614,v4l2_dqbuf,0,VIDEO_OUTPUT_MPLANE
15841.161922,v4l2_qbuf,0,VIDEO_OUTPUT_MPLANE
15841.161945,v4l2_qbuf,7,VIDEO_CAPTURE_MPLANE
15841.165011,v4l2_dqbuf,7,VIDEO_CAPTURE_MPLANE
15841.165099,v4l2_dqbuf,0,VIDEO_OUTPUT_MPLANE
15841.178832,v4l2_qbuf,0,VIDEO_OUTPUT_MPLANE
15841.178862,v4l2_qbuf,4,VIDEO_CAPTURE_MPLANE
15841.181242,v4l2_dqbuf,4,VIDEO_CAPTURE_MPLANE
15841.181262,v4l2_dqbuf,0,VIDEO_OUTPUT_MPLANE
15841.195216,v4l2_qbuf,0,VIDEO_OUTPUT_MPLANE
15841.195241,v4l2_qbuf,6,VIDEO_CAPTURE_MPLANE
15841.198312,v4l2_dqbuf,6,VIDEO_CAPTURE_MPLANE
15841.198405,v4l2_dqbuf,0,VIDEO_OUTPUT_MPLANE
15841.211760,v4l2_qbuf,0,VIDEO_OUTPUT_MPLANE
15841.211783,v4l2_qbuf,5,VIDEO_CAPTURE_MPLANE
15841.214964,v4l2_dqbuf,5,VIDEO_CAPTURE_MPLANE
15841.215061,v4l2_dqbuf,0,VIDEO_OUTPUT_MPLANE
15841.228639,v4l2_qbuf,0,VIDEO_OUTPUT_MPLANE
15841.228683,v4l2_qbuf,0,VIDEO_CAPTURE_MPLANE
15841.231897,v4l2_dqbuf,0,VIDEO_CAPTURE_MPLANE
15841.232051,v4l2_dqbuf,0,VIDEO_OUTPUT_MPLANE
15841.245275,v4l2_qbuf,0,VIDEO_OUTPUT_MPLANE
15841.245328,v4l2_qbuf,1,VIDEO_CAPTURE_MPLANE
15841.247757,v4l2_dqbuf,1,VIDEO_CAPTURE_MPLANE
15841.247788,v4l2_dqbuf,0,VIDEO_OUTPUT_MPLANE
15841.261911,v4l2_qbuf,0,VIDEO_OUTPUT_MPLANE
15841.262138,v4l2_qbuf,2,VIDEO_CAPTURE_MPLANE
15841.265556,v4l2_dqbuf,2,VIDEO_CAPTURE_MPLANE
15841.265713,v4l2_dqbuf,0,VIDEO_OUTPUT_MPLANE
15841.279056,v4l2_qbuf,0,VIDEO_OUTPUT_MPLANE
15841.279106,v4l2_qbuf,7,VIDEO_CAPTURE_MPLANE
15841.282587,v4l2_dqbuf,7,VIDEO_CAPTURE_MPLANE
15841.282770,v4l2_dqbuf,0,VIDEO_OUTPUT_MPLANE
15841.295291,v4l2_qbuf,0,VIDEO_OUTPUT_MPLANE
15841.295356,v4l2_qbuf,3,VIDEO_CAPTURE_MPLANE
15841.300078,v4l2_dqbuf,3,VIDEO_CAPTURE_MPLANE
15841.300197,v4l2_dqbuf,0,VIDEO_OUTPUT_MPLANE
15841.312189,v4l2_qbuf,0,VIDEO_OUTPUT_MPLANE
15841.312283,v4l2_qbuf,6,VIDEO_CAPTURE_MPLANE
15841.314553,v4l2_dqbuf,6,VIDEO_CAPTURE_MPLANE
15841.314570,v4l2_dqbuf,0,VIDEO_OUTPUT_MPLANE
15841.328441,v4l2_qbuf,0,VIDEO_OUTPUT_MPLANE
15841.328463,v4l2_qbuf,5,VIDEO_CAPTURE_MPLANE
15841.331628,v4l2_dqbuf,5,VIDEO_CAPTURE_MPLANE
15841.331720,v4l2_dqbuf,0,VIDEO_OUTPUT_MPLANE
15841.345071,v4l2_qbuf,0,VIDEO_OUTPUT_MPLANE
15841.345098,v4l2_qbuf,0,VIDEO_CAPTURE_MPLANE
15841.348275,v4l2_dqbuf,0,VIDEO_CAPTURE_MPLANE
15841.348374,v4l2_dqbuf,0,VIDEO_OUTPUT_MPLANE
15841.361820,v4l2_qbuf,0,VIDEO_OUTPUT_MPLANE
15841.361843,v4l2_qbuf,4,VIDEO_CAPTURE_MPLANE
15841.365190,v4l2_dqbuf,4,VIDEO_CAPTURE_MPLANE
15841.365288,v4l2_dqbuf,0,VIDEO_OUTPUT_MPLANE
15841.378517,v4l2_qbuf,0,VIDEO_OUTPUT_MPLANE
15841.378542,v4l2_qbuf,2,VIDEO_CAPTURE_MPLANE
15841.380899,v4l2_dqbuf,2,VIDEO_CAPTURE_MPLANE
15841.380917,v4l2_dqbuf,0,VIDEO_OUTPUT_MPLANE
15841.395208,v4l2_qbuf,0,VIDEO_OUTPUT_MPLANE
15841.395229,v4l2_qbuf,7,VIDEO_CAPTURE_MPLANE
15841.400436,v4l2_dqbuf,7,VIDEO_CAPTURE_MPLANE
15841.400641,v4l2_dqbuf,0,VIDEO_OUTPUT_MPLANE
15841.411789,v4l2_qbuf,0,VIDEO_OUTPUT_MPLANE
15841.411810,v4l2_qbuf,3,VIDEO_CAPTURE_MPLANE
15841.415045,v4l2_dqbuf,3,VIDEO_CAPTURE_MPLANE
15841.415123,v4l2_dqbuf,0,VIDEO_OUTPUT_MPLANE
15841.428546,v4l2_qbuf,0,VIDEO_OUTPUT_MPLANE
15841.428570,v4l2_qbuf,1,VIDEO_CAPTURE_MPLANE
15841.431737,v4l2_dqbuf,1,VIDEO_CAPTURE_MPLANE
15841.431863,v4l2_dqbuf,0,VIDEO_OUTPUT_MPLANE
15841.444847,v4l2_qbuf,0,VIDEO_OUTPUT_MPLANE
15841.444870,v4l2_qbuf,5,VIDEO_CAPTURE_MPLANE
15841.447165,v4l2_dqbuf,5,VIDEO_CAPTURE_MPLANE
15841.447181,v4l2_dqbuf,0,VIDEO_OUTPUT_MPLANE
15841.462398,v4l2_qbuf,0,VIDEO_OUTPUT_MPLANE
15841.462450,v4l2_qbuf,0,VIDEO_CAPTURE_MPLANE
15841.465821,v4l2_dqbuf,0,VIDEO_CAPTURE_MPLANE
15841.465964,v4l2_dqbuf,0,VIDEO_OUTPUT_MPLANE
15841.478278,v4l2_qbuf,0,VIDEO_OUTPUT_MPLANE
15841.478296,v4l2_qbuf,4,VIDEO_CAPTURE_MPLANE
15841.481434,v4l2_dqbuf,4,VIDEO_CAPTURE_MPLANE
15841.481524,v4l2_dqbuf,0,VIDEO_OUTPUT_MPLANE
15841.494968,v4l2_qbuf,0,VIDEO_OUTPUT_MPLANE
15841.495023,v4l2_qbuf,6,VIDEO_CAPTURE_MPLANE
15841.498376,v4l2_dqbuf,6,VIDEO_CAPTURE_MPLANE
15841.498510,v4l2_dqbuf,0,VIDEO_OUTPUT_MPLANE
15841.511885,v4l2_qbuf,0,VIDEO_OUTPUT_MPLANE
15841.512025,v4l2_qbuf,7,VIDEO_CAPTURE_MPLANE
15841.514473,v4l2_dqbuf,7,VIDEO_CAPTURE_MPLANE
15841.514510,v4l2_dqbuf,0,VIDEO_OUTPUT_MPLANE
15841.528491,v4l2_qbuf,0,VIDEO_OUTPUT_MPLANE
15841.528513,v4l2_qbuf,3,VIDEO_CAPTURE_MPLANE
15841.531805,v4l2_dqbuf,3,VIDEO_CAPTURE_MPLANE
15841.531903,v4l2_dqbuf,0,VIDEO_OUTPUT_MPLANE
15841.544839,v4l2_qbuf,0,VIDEO_OUTPUT_MPLANE
15841.544856,v4l2_qbuf,1,VIDEO_CAPTURE_MPLANE
15841.548343,v4l2_dqbuf,1,VIDEO_CAPTURE_MPLANE
15841.548470,v4l2_dqbuf,0,VIDEO_OUTPUT_MPLANE
15841.561926,v4l2_qbuf,0,VIDEO_OUTPUT_MPLANE
15841.561948,v4l2_qbuf,2,VIDEO_CAPTURE_MPLANE
15841.563890,v4l2_dqbuf,2,VIDEO_CAPTURE_MPLANE
15841.563902,v4l2_dqbuf,0,VIDEO_OUTPUT_MPLANE
15841.578277,v4l2_qbuf,0,VIDEO_OUTPUT_MPLANE
15841.578299,v4l2_qbuf,0,VIDEO_CAPTURE_MPLANE
15841.580510,v4l2_dqbuf,0,VIDEO_CAPTURE_MPLANE
15841.580527,v4l2_dqbuf,0,VIDEO_OUTPUT_MPLANE
15841.594913,v4l2_qbuf,0,VIDEO_OUTPUT_MPLANE
15841.594935,v4l2_qbuf,4,VIDEO_CAPTURE_MPLANE
15841.598119,v4l2_dqbuf,4,VIDEO_CAPTURE_MPLANE
15841.598216,v4l2_dqbuf,0,VIDEO_OUTPUT_MPLANE
15841.611914,v4l2_qbuf,0,VIDEO_OUTPUT_MPLANE
15841.611953,v4l2_qbuf,6,VIDEO_CAPTURE_MPLANE
15841.615772,v4l2_dqbuf,6,VIDEO_CAPTURE_MPLANE
15841.616298,v4l2_dqbuf,0,VIDEO_OUTPUT_MPLANE
15841.628763,v4l2_qbuf,0,VIDEO_OUTPUT_MPLANE
15841.628870,v4l2_qbuf,5,VIDEO_CAPTURE_MPLANE
15841.632169,v4l2_dqbuf,5,VIDEO_CAPTURE_MPLANE
15841.632254,v4l2_dqbuf,0,VIDEO_OUTPUT_MPLANE
15841.645316,v4l2_qbuf,0,VIDEO_OUTPUT_MPLANE
15841.645341,v4l2_qbuf,3,VIDEO_CAPTURE_MPLANE
15841.647680,v4l2_dqbuf,3,VIDEO_CAPTURE_MPLANE
15841.647698,v4l2_dqbuf,0,VIDEO_OUTPUT_MPLANE
15841.661960,v4l2_qbuf,0,VIDEO_OUTPUT_MPLANE
15841.661981,v4l2_qbuf,1,VIDEO_CAPTURE_MPLANE
15841.665347,v4l2_dqbuf,1,VIDEO_CAPTURE_MPLANE
15841.665438,v4l2_dqbuf,0,VIDEO_OUTPUT_MPLANE
15841.678437,v4l2_qbuf,0,VIDEO_OUTPUT_MPLANE
15841.678460,v4l2_qbuf,7,VIDEO_CAPTURE_MPLANE
15841.681692,v4l2_dqbuf,7,VIDEO_CAPTURE_MPLANE
15841.681791,v4l2_dqbuf,0,VIDEO_OUTPUT_MPLANE
15841.695153,v4l2_qbuf,0,VIDEO_OUTPUT_MPLANE
15841.695177,v4l2_qbuf,2,VIDEO_CAPTURE_MPLANE
15841.698507,v4l2_dqbuf,2,VIDEO_CAPTURE_MPLANE
15841.698594,v4l2_dqbuf,0,VIDEO_OUTPUT_MPLANE
15841.711803,v4l2_qbuf,0,VIDEO_OUTPUT_MPLANE
15841.711827,v4l2_qbuf,4,VIDEO_CAPTURE_MPLANE
15841.714027,v4l2_dqbuf,4,VIDEO_CAPTURE_MPLANE
15841.714045,v4l2_dqbuf,0,VIDEO_OUTPUT_MPLANE
15841.728494,v4l2_qbuf,0,VIDEO_OUTPUT_MPLANE
15841.728518,v4l2_qbuf,6,VIDEO_CAPTURE_MPLANE
15841.731677,v4l2_dqbuf,6,VIDEO_CAPTURE_MPLANE
15841.731766,v4l2_dqbuf,0,VIDEO_OUTPUT_MPLANE
15841.744900,v4l2_qbuf,0,VIDEO_OUTPUT_MPLANE
15841.744924,v4l2_qbuf,5,VIDEO_CAPTURE_MPLANE
15841.748129,v4l2_dqbuf,5,VIDEO_CAPTURE_MPLANE
15841.748236,v4l2_dqbuf,0,VIDEO_OUTPUT_MPLANE
15841.761688,v4l2_qbuf,0,VIDEO_OUTPUT_MPLANE
15841.761711,v4l2_qbuf,0,VIDEO_CAPTURE_MPLANE
15841.764986,v4l2_dqbuf,0,VIDEO_CAPTURE_MPLANE
15841.765085,v4l2_dqbuf,0,VIDEO_OUTPUT_MPLANE
15841.778482,v4l2_qbuf,0,VIDEO_OUTPUT_MPLANE
15841.778530,v4l2_qbuf,1,VIDEO_CAPTURE_MPLANE
15841.780847,v4l2_dqbuf,1,VIDEO_CAPTURE_MPLANE
15841.780865,v4l2_dqbuf,0,VIDEO_OUTPUT_MPLANE
15841.794861,v4l2_qbuf,0,VIDEO_OUTPUT_MPLANE
15841.794882,v4l2_qbuf,7,VIDEO_CAPTURE_MPLANE
15841.798070,v4l2_dqbuf,7,VIDEO_CAPTURE_MPLANE
15841.798152,v4l2_dqbuf,0,VIDEO_OUTPUT_MPLANE
15841.815275,v4l2_qbuf,0,VIDEO_OUTPUT_MPLANE
15841.815298,v4l2_qbuf,2,VIDEO_CAPTURE_MPLANE
15841.818718,v4l2_dqbuf,2,VIDEO_CAPTURE_MPLANE
15841.818944,v4l2_dqbuf,0,VIDEO_OUTPUT_MPLANE
15841.831165,v4l2_qbuf,0,VIDEO_OUTPUT_MPLANE
15841.831246,v4l2_qbuf,3,VIDEO_CAPTURE_MPLANE
15841.834589,v4l2_dqbuf,3,VIDEO_CAPTURE_MPLANE
15841.834736,v4l2_dqbuf,0,VIDEO_OUTPUT_MPLANE
15841.844983,v4l2_qbuf,0,VIDEO_OUTPUT_MPLANE
15841.845017,v4l2_qbuf,6,VIDEO_CAPTURE_MPLANE
15841.847969,v4l2_dqbuf,6,VIDEO_CAPTURE_MPLANE
15841.847983,v4l2_dqbuf,0,VIDEO_OUTPUT_MPLANE
15841.862276,v4l2_qbuf,0,VIDEO_OUTPUT_MPLANE
15841.862332,v4l2_qbuf,5,VIDEO_CAPTURE_MPLANE
15841.865587,v4l2_dqbuf,5,VIDEO_CAPTURE_MPLANE
15841.865678,v4l2_dqbuf,0,VIDEO_OUTPUT_MPLANE
15841.878845,v4l2_qbuf,0,VIDEO_OUTPUT_MPLANE
15841.878893,v4l2_qbuf,0,VIDEO_CAPTURE_MPLANE
15841.882238,v4l2_dqbuf,0,VIDEO_CAPTURE_MPLANE
15841.882376,v4l2_dqbuf,0,VIDEO_OUTPUT_MPLANE
15841.895050,v4l2_qbuf,0,VIDEO_OUTPUT_MPLANE
15841.895085,v4l2_qbuf,4,VIDEO_CAPTURE_MPLANE
15841.898327,v4l2_dqbuf,4,VIDEO_CAPTURE_MPLANE
15841.898431,v4l2_dqbuf,0,VIDEO_OUTPUT_MPLANE
15841.912310,v4l2_qbuf,0,VIDEO_OUTPUT_MPLANE
15841.912382,v4l2_qbuf,7,VIDEO_CAPTURE_MPLANE
15841.914817,v4l2_dqbuf,7,VIDEO_CAPTURE_MPLANE
15841.914844,v4l2_dqbuf,0,VIDEO_OUTPUT_MPLANE
15841.928761,v4l2_qbuf,0,VIDEO_OUTPUT_MPLANE
15841.928808,v4l2_qbuf,2,VIDEO_CAPTURE_MPLANE
15841.932123,v4l2_dqbuf,2,VIDEO_CAPTURE_MPLANE
15841.932282,v4l2_dqbuf,0,VIDEO_OUTPUT_MPLANE
15841.945451,v4l2_qbuf,0,VIDEO_OUTPUT_MPLANE
15841.945483,v4l2_qbuf,3,VIDEO_CAPTURE_MPLANE
15841.948793,v4l2_dqbuf,3,VIDEO_CAPTURE_MPLANE
15841.948921,v4l2_dqbuf,0,VIDEO_OUTPUT_MPLANE
15841.961894,v4l2_qbuf,0,VIDEO_OUTPUT_MPLANE
15841.961939,v4l2_qbuf,1,VIDEO_CAPTURE_MPLANE
15841.965227,v4l2_dqbuf,1,VIDEO_CAPTURE_MPLANE
15841.965361,v4l2_dqbuf,0,VIDEO_OUTPUT_MPLANE
15841.979046,v4l2_qbuf,0,VIDEO_OUTPUT_MPLANE
15841.979103,v4l2_qbuf,5,VIDEO_CAPTURE_MPLANE
15841.981495,v4l2_dqbuf,5,VIDEO_CAPTURE_MPLANE
15841.981513,v4l2_dqbuf,0,VIDEO_OUTPUT_MPLANE
15841.995293,v4l2_qbuf,0,VIDEO_OUTPUT_MPLANE
15841.995316,v4l2_qbuf,0,VIDEO_CAPTURE_MPLANE
15841.998553,v4l2_dqbuf,0,VIDEO_CAPTURE_MPLANE
15841.998638,v4l2_dqbuf,0,VIDEO_OUTPUT_MPLANE
15842.011564,v4l2_qbuf,0,VIDEO_OUTPUT_MPLANE
15842.011589,v4l2_qbuf,4,VIDEO_CAPTURE_MPLANE
15842.014752,v4l2_dqbuf,4,VIDEO_CAPTURE_MPLANE
15842.014843,v4l2_dqbuf,0,VIDEO_OUTPUT_MPLANE
15842.028900,v4l2_qbuf,0,VIDEO_OUTPUT_MPLANE
15842.028944,v4l2_qbuf,6,VIDEO_CAPTURE_MPLANE
15842.032271,v4l2_dqbuf,6,VIDEO_CAPTURE_MPLANE
15842.032408,v4l2_dqbuf,0,VIDEO_OUTPUT_MPLANE
15842.045217,v4l2_qbuf,0,VIDEO_OUTPUT_MPLANE
15842.045241,v4l2_qbuf,2,VIDEO_CAPTURE_MPLANE
15842.047456,v4l2_dqbuf,2,VIDEO_CAPTURE_MPLANE
15842.047472,v4l2_dqbuf,0,VIDEO_OUTPUT_MPLANE
15842.061596,v4l2_qbuf,0,VIDEO_OUTPUT_MPLANE
15842.061621,v4l2_qbuf,3,VIDEO_CAPTURE_MPLANE
15842.064946,v4l2_dqbuf,3,VIDEO_CAPTURE_MPLANE
15842.065046,v4l2_dqbuf,0,VIDEO_OUTPUT_MPLANE
15842.079178,v4l2_qbuf,0,VIDEO_OUTPUT_MPLANE
15842.079211,v4l2_qbuf,1,VIDEO_CAPTURE_MPLANE
15842.082568,v4l2_dqbuf,1,VIDEO_CAPTURE_MPLANE
15842.082692,v4l2_dqbuf,0,VIDEO_OUTPUT_MPLANE
15842.095142,v4l2_qbuf,0,VIDEO_OUTPUT_MPLANE
15842.095172,v4l2_qbuf,7,VIDEO_CAPTURE_MPLANE
15842.098445,v4l2_dqbuf,7,VIDEO_CAPTURE_MPLANE
15842.098714,v4l2_dqbuf,0,VIDEO_OUTPUT_MPLANE
15842.111876,v4l2_qbuf,0,VIDEO_OUTPUT_MPLANE
15842.111919,v4l2_qbuf,0,VIDEO_CAPTURE_MPLANE
15842.114274,v4l2_dqbuf,0,VIDEO_CAPTURE_MPLANE
15842.114296,v4l2_dqbuf,0,VIDEO_OUTPUT_MPLANE
15842.128144,v4l2_qbuf,0,VIDEO_OUTPUT_MPLANE
15842.128168,v4l2_qbuf,4,VIDEO_CAPTURE_MPLANE
15842.131360,v4l2_dqbuf,4,VIDEO_CAPTURE_MPLANE
15842.131451,v4l2_dqbuf,0,VIDEO_OUTPUT_MPLANE
15842.144902,v4l2_qbuf,0,VIDEO_OUTPUT_MPLANE
15842.144940,v4l2_qbuf,6,VIDEO_CAPTURE_MPLANE
15842.148143,v4l2_dqbuf,6,VIDEO_CAPTURE_MPLANE
15842.148341,v4l2_dqbuf,0,VIDEO_OUTPUT_MPLANE
15842.161942,v4l2_qbuf,0,VIDEO_OUTPUT_MPLANE
15842.161977,v4l2_qbuf,5,VIDEO_CAPTURE_MPLANE
15842.165259,v4l2_dqbuf,5,VIDEO_CAPTURE_MPLANE
15842.165404,v4l2_dqbuf,0,VIDEO_OUTPUT_MPLANE
15842.178510,v4l2_qbuf,0,VIDEO_OUTPUT_MPLANE
15842.178551,v4l2_qbuf,3,VIDEO_CAPTURE_MPLANE
15842.180950,v4l2_dqbuf,3,VIDEO_CAPTURE_MPLANE
15842.180983,v4l2_dqbuf,0,VIDEO_OUTPUT_MPLANE
15842.195275,v4l2_qbuf,0,VIDEO_OUTPUT_MPLANE
15842.195316,v4l2_qbuf,1,VIDEO_CAPTURE_MPLANE
15842.198670,v4l2_dqbuf,1,VIDEO_CAPTURE_MPLANE
15842.198884,v4l2_dqbuf,0,VIDEO_OUTPUT_MPLANE
15842.211620,v4l2_qbuf,0,VIDEO_OUTPUT_MPLANE
15842.211643,v4l2_qbuf,7,VIDEO_CAPTURE_MPLANE
15842.214924,v4l2_dqbuf,7,VIDEO_CAPTURE_MPLANE
15842.215027,v4l2_dqbuf,0,VIDEO_OUTPUT_MPLANE
15842.228480,v4l2_qbuf,0,VIDEO_OUTPUT_MPLANE
15842.228502,v4l2_qbuf,2,VIDEO_CAPTURE_MPLANE
15842.231736,v4l2_dqbuf,2,VIDEO_CAPTURE_MPLANE
15842.231830,v4l2_dqbuf,0,VIDEO_OUTPUT_MPLANE
15842.244977,v4l2_qbuf,0,VIDEO_OUTPUT_MPLANE
15842.245021,v4l2_qbuf,4,VIDEO_CAPTURE_MPLANE
15842.247360,v4l2_dqbuf,4,VIDEO_CAPTURE_MPLANE
15842.247377,v4l2_dqbuf,0,VIDEO_OUTPUT_MPLANE
15842.262185,v4l2_qbuf,0,VIDEO_OUTPUT_MPLANE
15842.262224,v4l2_qbuf,6,VIDEO_CAPTURE_MPLANE
15842.265561,v4l2_dqbuf,6,VIDEO_CAPTURE_MPLANE
15842.265704,v4l2_dqbuf,0,VIDEO_OUTPUT_MPLANE
15842.278599,v4l2_qbuf,0,VIDEO_OUTPUT_MPLANE
15842.278627,v4l2_qbuf,5,VIDEO_CAPTURE_MPLANE
15842.281840,v4l2_dqbuf,5,VIDEO_CAPTURE_MPLANE
15842.281950,v4l2_dqbuf,0,VIDEO_OUTPUT_MPLANE
15842.295123,v4l2_qbuf,0,VIDEO_OUTPUT_MPLANE
15842.295149,v4l2_qbuf,0,VIDEO_CAPTURE_MPLANE
15842.298269,v4l2_dqbuf,0,VIDEO_CAPTURE_MPLANE
15842.298360,v4l2_dqbuf,0,VIDEO_OUTPUT_MPLANE
15842.311846,v4l2_qbuf,0,VIDEO_OUTPUT_MPLANE
15842.311895,v4l2_qbuf,1,VIDEO_CAPTURE_MPLANE
15842.314162,v4l2_dqbuf,1,VIDEO_CAPTURE_MPLANE
15842.314181,v4l2_dqbuf,0,VIDEO_OUTPUT_MPLANE
15842.328600,v4l2_qbuf,0,VIDEO_OUTPUT_MPLANE
15842.328641,v4l2_qbuf,7,VIDEO_CAPTURE_MPLANE
15842.331983,v4l2_dqbuf,7,VIDEO_CAPTURE_MPLANE
15842.332168,v4l2_dqbuf,0,VIDEO_OUTPUT_MPLANE
15842.344930,v4l2_qbuf,0,VIDEO_OUTPUT_MPLANE
15842.344953,v4l2_qbuf,2,VIDEO_CAPTURE_MPLANE
15842.348395,v4l2_dqbuf,2,VIDEO_CAPTURE_MPLANE
15842.348617,v4l2_dqbuf,0,VIDEO_OUTPUT_MPLANE
15842.362117,v4l2_qbuf,0,VIDEO_OUTPUT_MPLANE
15842.362175,v4l2_qbuf,3,VIDEO_CAPTURE_MPLANE
15842.365455,v4l2_dqbuf,3,VIDEO_CAPTURE_MPLANE
15842.365609,v4l2_dqbuf,0,VIDEO_OUTPUT_MPLANE
15842.378888,v4l2_qbuf,0,VIDEO_OUTPUT_MPLANE
15842.378943,v4l2_qbuf,6,VIDEO_CAPTURE_MPLANE
15842.381488,v4l2_dqbuf,6,VIDEO_CAPTURE_MPLANE
15842.381520,v4l2_dqbuf,0,VIDEO_OUTPUT_MPLANE
15842.395714,v4l2_qbuf,0,VIDEO_OUTPUT_MPLANE
15842.395767,v4l2_qbuf,5,VIDEO_CAPTURE_MPLANE
15842.399051,v4l2_dqbuf,5,VIDEO_CAPTURE_MPLANE
15842.399272,v4l2_dqbuf,0,VIDEO_OUTPUT_MPLANE
15842.411886,v4l2_qbuf,0,VIDEO_OUTPUT_MPLANE
15842.411908,v4l2_qbuf,0,VIDEO_CAPTURE_MPLANE
15842.415087,v4l2_dqbuf,0,VIDEO_CAPTURE_MPLANE
15842.415173,v4l2_dqbuf,0,VIDEO_OUTPUT_MPLANE
15842.428450,v4l2_qbuf,0,VIDEO_OUTPUT_MPLANE
15842.428479,v4l2_qbuf,4,VIDEO_CAPTURE_MPLANE
15842.431902,v4l2_dqbuf,4,VIDEO_CAPTURE_MPLANE
15842.432137,v4l2_dqbuf,0,VIDEO_OUTPUT_MPLANE
15842.445514,v4l2_qbuf,0,VIDEO_OUTPUT_MPLANE
15842.445565,v4l2_qbuf,7,VIDEO_CAPTURE_MPLANE
15842.447868,v4l2_dqbuf,7,VIDEO_CAPTURE_MPLANE
15842.447884,v4l2_dqbuf,0,VIDEO_OUTPUT_MPLANE
15842.462120,v4l2_qbuf,0,VIDEO_OUTPUT_MPLANE
15842.462141,v4l2_qbuf,2,VIDEO_CAPTURE_MPLANE
15842.465385,v4l2_dqbuf,2,VIDEO_CAPTURE_MPLANE
15842.465479,v4l2_dqbuf,0,VIDEO_OUTPUT_MPLANE
15842.478650,v4l2_qbuf,0,VIDEO_OUTPUT_MPLANE
15842.478672,v4l2_qbuf,3,VIDEO_CAPTURE_MPLANE
15842.481957,v4l2_dqbuf,3,VIDEO_CAPTURE_MPLANE
15842.482060,v4l2_dqbuf,0,VIDEO_OUTPUT_MPLANE
15842.495427,v4l2_qbuf,0,VIDEO_OUTPUT_MPLANE
15842.495449,v4l2_qbuf,1,VIDEO_CAPTURE_MPLANE
15842.498696,v4l2_dqbuf,1,VIDEO_CAPTURE_MPLANE
15842.498802,v4l2_dqbuf,0,VIDEO_OUTPUT_MPLANE
15842.511999,v4l2_qbuf,0,VIDEO_OUTPUT_MPLANE
15842.512030,v4l2_qbuf,5,VIDEO_CAPTURE_MPLANE
15842.514241,v4l2_dqbuf,5,VIDEO_CAPTURE_MPLANE
15842.514290,v4l2_dqbuf,0,VIDEO_OUTPUT_MPLANE
15842.528566,v4l2_qbuf,0,VIDEO_OUTPUT_MPLANE
15842.528588,v4l2_qbuf,0,VIDEO_CAPTURE_MPLANE
15842.531727,v4l2_dqbuf,0,VIDEO_CAPTURE_MPLANE
15842.531815,v4l2_dqbuf,0,VIDEO_OUTPUT_MPLANE
15842.545170,v4l2_qbuf,0,VIDEO_OUTPUT_MPLANE
15842.545201,v4l2_qbuf,4,VIDEO_CAPTURE_MPLANE
15842.548531,v4l2_dqbuf,4,VIDEO_CAPTURE_MPLANE
15842.548661,v4l2_dqbuf,0,VIDEO_OUTPUT_MPLANE
15842.561898,v4l2_qbuf,0,VIDEO_OUTPUT_MPLANE
15842.561920,v4l2_qbuf,6,VIDEO_CAPTURE_MPLANE
15842.563946,v4l2_dqbuf,6,VIDEO_CAPTURE_MPLANE
15842.563993,v4l2_dqbuf,0,VIDEO_OUTPUT_MPLANE
15842.578673,v4l2_qbuf,0,VIDEO_OUTPUT_MPLANE
15842.578697,v4l2_qbuf,2,VIDEO_CAPTURE_MPLANE
15842.580882,v4l2_dqbuf,2,VIDEO_CAPTURE_MPLANE
15842.580898,v4l2_dqbuf,0,VIDEO_OUTPUT_MPLANE
15842.595605,v4l2_qbuf,0,VIDEO_OUTPUT_MPLANE
15842.595657,v4l2_qbuf,3,VIDEO_CAPTURE_MPLANE
15842.598879,v4l2_dqbuf,3,VIDEO_CAPTURE_MPLANE
15842.599075,v4l2_dqbuf,0,VIDEO_OUTPUT_MPLANE
15842.612132,v4l2_qbuf,0,VIDEO_OUTPUT_MPLANE
15842.612192,v4l2_qbuf,1,VIDEO_CAPTURE_MPLANE
15842.615469,v4l2_dqbuf,1,VIDEO_CAPTURE_MPLANE
15842.615682,v4l2_dqbuf,0,VIDEO_OUTPUT_MPLANE
15842.628683,v4l2_qbuf,0,VIDEO_OUTPUT_MPLANE
15842.628726,v4l2_qbuf,7,VIDEO_CAPTURE_MPLANE
15842.631890,v4l2_dqbuf,7,VIDEO_CAPTURE_MPLANE
15842.631976,v4l2_dqbuf,0,VIDEO_OUTPUT_MPLANE
15842.645105,v4l2_qbuf,0,VIDEO_OUTPUT_MPLANE
15842.645135,v4l2_qbuf,0,VIDEO_CAPTURE_MPLANE
15842.647299,v4l2_dqbuf,0,VIDEO_CAPTURE_MPLANE
15842.647318,v4l2_dqbuf,0,VIDEO_OUTPUT_MPLANE
15842.661414,v4l2_qbuf,0,VIDEO_OUTPUT_MPLANE
15842.661437,v4l2_qbuf,4,VIDEO_CAPTURE_MPLANE
15842.664691,v4l2_dqbuf,4,VIDEO_CAPTURE_MPLANE
15842.664772,v4l2_dqbuf,0,VIDEO_OUTPUT_MPLANE
15842.678487,v4l2_qbuf,0,VIDEO_OUTPUT_MPLANE
15842.678520,v4l2_qbuf,5,VIDEO_CAPTURE_MPLANE
15842.681813,v4l2_dqbuf,5,VIDEO_CAPTURE_MPLANE
15842.681901,v4l2_dqbuf,0,VIDEO_OUTPUT_MPLANE
15842.697490,v4l2_qbuf,0,VIDEO_OUTPUT_MPLANE
15842.697520,v4l2_qbuf,6,VIDEO_CAPTURE_MPLANE
15842.700888,v4l2_dqbuf,6,VIDEO_CAPTURE_MPLANE
15842.700983,v4l2_dqbuf,0,VIDEO_OUTPUT_MPLANE
15842.713155,v4l2_qbuf,0,VIDEO_OUTPUT_MPLANE
15842.713214,v4l2_qbuf,3,VIDEO_CAPTURE_MPLANE
15842.715806,v4l2_dqbuf,3,VIDEO_CAPTURE_MPLANE
15842.715844,v4l2_dqbuf,0,VIDEO_OUTPUT_MPLANE
15842.728127,v4l2_qbuf,0,VIDEO_OUTPUT_MPLANE
15842.728148,v4l2_qbuf,1,VIDEO_CAPTURE_MPLANE
15842.731469,v4l2_dqbuf,1,VIDEO_CAPTURE_MPLANE
15842.731554,v4l2_dqbuf,0,VIDEO_OUTPUT_MPLANE
15842.747236,v4l2_qbuf,0,VIDEO_OUTPUT_MPLANE
15842.747266,v4l2_qbuf,7,VIDEO_CAPTURE_MPLANE
15842.750750,v4l2_dqbuf,7,VIDEO_CAPTURE_MPLANE
15842.750858,v4l2_dqbuf,0,VIDEO_OUTPUT_MPLANE
15842.761408,v4l2_qbuf,0,VIDEO_OUTPUT_MPLANE
15842.761427,v4l2_qbuf,2,VIDEO_CAPTURE_MPLANE
15842.764617,v4l2_dqbuf,2,VIDEO_CAPTURE_MPLANE
15842.764714,v4l2_dqbuf,0,VIDEO_OUTPUT_MPLANE
15842.780257,v4l2_qbuf,0,VIDEO_OUTPUT_MPLANE
15842.780279,v4l2_qbuf,4,VIDEO_CAPTURE_MPLANE
15842.782523,v4l2_dqbuf,4,VIDEO_CAPTURE_MPLANE
15842.782557,v4l2_dqbuf,0,VIDEO_OUTPUT_MPLANE
15842.797270,v4l2_qbuf,0,VIDEO_OUTPUT_MPLANE
15842.797313,v4l2_qbuf,5,VIDEO_CAPTURE_MPLANE
15842.800579,v4l2_dqbuf,5,VIDEO_CAPTURE_MPLANE
15842.800723,v4l2_dqbuf,0,VIDEO_OUTPUT_MPLANE
15842.814354,v4l2_qbuf,0,VIDEO_OUTPUT_MPLANE
15842.814529,v4l2_qbuf,6,VIDEO_CAPTURE_MPLANE
15842.817823,v4l2_dqbuf,6,VIDEO_CAPTURE_MPLANE
15842.817983,v4l2_dqbuf,0,VIDEO_OUTPUT_MPLANE
15842.830407,v4l2_qbuf,0,VIDEO_OUTPUT_MPLANE
15842.830450,v4l2_qbuf,0,VIDEO_CAPTURE_MPLANE
15842.833875,v4l2_dqbuf,0,VIDEO_CAPTURE_MPLANE
15842.834430,v4l2_dqbuf,0,VIDEO_OUTPUT_MPLANE
15842.847021,v4l2_qbuf,0,VIDEO_OUTPUT_MPLANE
15842.847039,v4l2_qbuf,1,VIDEO_CAPTURE_MPLANE
15842.849413,v4l2_dqbuf,1,VIDEO_CAPTURE_MPLANE
15842.849449,v4l2_dqbuf,0,VIDEO_OUTPUT_MPLANE
15842.863470,v4l2_qbuf,0,VIDEO_OUTPUT_MPLANE
15842.863492,v4l2_qbuf,7,VIDEO_CAPTURE_MPLANE
15842.866596,v4l2_dqbuf,7,VIDEO_CAPTURE_MPLANE
15842.866698,v4l2_dqbuf,0,VIDEO_OUTPUT_MPLANE
15842.880530,v4l2_qbuf,0,VIDEO_OUTPUT_MPLANE
15842.880566,v4l2_qbuf,2,VIDEO_CAPTURE_MPLANE
15842.884081,v4l2_dqbuf,2,VIDEO_CAPTURE_MPLANE
15842.884246,v4l2_dqbuf,0,VIDEO_OUTPUT_MPLANE
15842.897579,v4l2_qbuf,0,VIDEO_OUTPUT_MPLANE
15842.897635,v4l2_qbuf,3,VIDEO_CAPTURE_MPLANE
15842.900974,v4l2_dqbuf,3,VIDEO_CAPTURE_MPLANE
15842.901183,v4l2_dqbuf,0,VIDEO_OUTPUT_MPLANE
15842.914159,v4l2_qbuf,0,VIDEO_OUTPUT_MPLANE
15842.914208,v4l2_qbuf,5,VIDEO_CAPTURE_MPLANE
15842.916489,v4l2_dqbuf,5,VIDEO_CAPTURE_MPLANE
15842.916519,v4l2_dqbuf,0,VIDEO_OUTPUT_MPLANE
15842.931191,v4l2_qbuf,0,VIDEO_OUTPUT_MPLANE
15842.931236,v4l2_qbuf,6,VIDEO_CAPTURE_MPLANE
15842.934713,v4l2_dqbuf,6,VIDEO_CAPTURE_MPLANE
15842.935077,v4l2_dqbuf,0,VIDEO_OUTPUT_MPLANE
15842.947203,v4l2_qbuf,0,VIDEO_OUTPUT_MPLANE
15842.947224,v4l2_qbuf,0,VIDEO_CAPTURE_MPLANE
15842.950463,v4l2_dqbuf,0,VIDEO_CAPTURE_MPLANE
15842.950680,v4l2_dqbuf,0,VIDEO_OUTPUT_MPLANE
15842.964281,v4l2_qbuf,0,VIDEO_OUTPUT_MPLANE
15842.964391,v4l2_qbuf,4,VIDEO_CAPTURE_MPLANE
15842.967848,v4l2_dqbuf,4,VIDEO_CAPTURE_MPLANE
15842.967936,v4l2_dqbuf,0,VIDEO_OUTPUT_MPLANE
15842.980858,v4l2_qbuf,0,VIDEO_OUTPUT_MPLANE
15842.980919,v4l2_qbuf,7,VIDEO_CAPTURE_MPLANE
15842.983378,v4l2_dqbuf,7,VIDEO_CAPTURE_MPLANE
15842.983420,v4l2_dqbuf,0,VIDEO_OUTPUT_MPLANE
15842.997521,v4l2_qbuf,0,VIDEO_OUTPUT_MPLANE
15842.997565,v4l2_qbuf,2,VIDEO_CAPTURE_MPLANE
15843.000969,v4l2_dqbuf,2,VIDEO_CAPTURE_MPLANE
15843.001142,v4l2_dqbuf,0,VIDEO_OUTPUT_MPLANE
15843.014393,v4l2_qbuf,0,VIDEO_OUTPUT_MPLANE
15843.014433,v4l2_qbuf,3,VIDEO_CAPTURE_MPLANE
15843.017797,v4l2_dqbuf,3,VIDEO_CAPTURE_MPLANE
15843.017965,v4l2_dqbuf,0,VIDEO_OUTPUT_MPLANE
15843.030579,v4l2_qbuf,0,VIDEO_OUTPUT_MPLANE
15843.030600,v4l2_qbuf,1,VIDEO_CAPTURE_MPLANE
15843.033941,v4l2_dqbuf,1,VIDEO_CAPTURE_MPLANE
15843.034040,v4l2_dqbuf,0,VIDEO_OUTPUT_MPLANE
15843.047458,v4l2_qbuf,0,VIDEO_OUTPUT_MPLANE
15843.047508,v4l2_qbuf,6,VIDEO_CAPTURE_MPLANE
15843.051970,v4l2_dqbuf,6,VIDEO_CAPTURE_MPLANE
15843.052019,v4l2_dqbuf,0,VIDEO_OUTPUT_MPLANE
15843.064090,v4l2_qbuf,0,VIDEO_OUTPUT_MPLANE
15843.064112,v4l2_qbuf,0,VIDEO_CAPTURE_MPLANE
15843.067498,v4l2_dqbuf,0,VIDEO_CAPTURE_MPLANE
15843.067582,v4l2_dqbuf,0,VIDEO_OUTPUT_MPLANE
15843.080346,v4l2_qbuf,0,VIDEO_OUTPUT_MPLANE
15843.080368,v4l2_qbuf,4,VIDEO_CAPTURE_MPLANE
15843.083518,v4l2_dqbuf,4,VIDEO_CAPTURE_MPLANE
15843.083603,v4l2_dqbuf,0,VIDEO_OUTPUT_MPLANE
15843.097560,v4l2_qbuf,0,VIDEO_OUTPUT_MPLANE
15843.097584,v4l2_qbuf,5,VIDEO_CAPTURE_MPLANE
15843.100907,v4l2_dqbuf,5,VIDEO_CAPTURE_MPLANE
15843.101012,v4l2_dqbuf,0,VIDEO_OUTPUT_MPLANE
15843.113881,v4l2_qbuf,0,VIDEO_OUTPUT_MPLANE
15843.113903,v4l2_qbuf,2,VIDEO_CAPTURE_MPLANE
15843.116117,v4l2_dqbuf,2,VIDEO_CAPTURE_MPLANE
15843.116159,v4l2_dqbuf,0,VIDEO_OUTPUT_MPLANE
15843.130681,v4l2_qbuf,0,VIDEO_OUTPUT_MPLANE
15843.130704,v4l2_qbuf,3,VIDEO_CAPTURE_MPLANE
15843.134110,v4l2_dqbuf,3,VIDEO_CAPTURE_MPLANE
15843.134284,v4l2_dqbuf,0,VIDEO_OUTPUT_MPLANE
15843.147575,v4l2_qbuf,0,VIDEO_OUTPUT_MPLANE
15843.147624,v4l2_qbuf,1,VIDEO_CAPTURE_MPLANE
15843.151072,v4l2_dqbuf,1,VIDEO_CAPTURE_MPLANE
15843.151336,v4l2_dqbuf,0,VIDEO_OUTPUT_MPLANE
15843.164283,v4l2_qbuf,0,VIDEO_OUTPUT_MPLANE
15843.164330,v4l2_qbuf,7,VIDEO_CAPTURE_MPLANE
15843.168648,v4l2_dqbuf,7,VIDEO_CAPTURE_MPLANE
15843.168774,v4l2_dqbuf,0,VIDEO_OUTPUT_MPLANE
15843.180546,v4l2_qbuf,0,VIDEO_OUTPUT_MPLANE
15843.180568,v4l2_qbuf,0,VIDEO_CAPTURE_MPLANE
15843.182856,v4l2_dqbuf,0,VIDEO_CAPTURE_MPLANE
15843.182876,v4l2_dqbuf,0,VIDEO_OUTPUT_MPLANE
15843.197246,v4l2_qbuf,0,VIDEO_OUTPUT_MPLANE
15843.197268,v4l2_qbuf,4,VIDEO_CAPTURE_MPLANE
15843.200413,v4l2_dqbuf,4,VIDEO_CAPTURE_MPLANE
15843.200499,v4l2_dqbuf,0,VIDEO_OUTPUT_MPLANE
15843.214137,v4l2_qbuf,0,VIDEO_OUTPUT_MPLANE
15843.214160,v4l2_qbuf,5,VIDEO_CAPTURE_MPLANE
15843.217439,v4l2_dqbuf,5,VIDEO_CAPTURE_MPLANE
15843.217537,v4l2_dqbuf,0,VIDEO_OUTPUT_MPLANE
15843.230665,v4l2_qbuf,0,VIDEO_OUTPUT_MPLANE
15843.230687,v4l2_qbuf,6,VIDEO_CAPTURE_MPLANE
15843.234039,v4l2_dqbuf,6,VIDEO_CAPTURE_MPLANE
15843.234129,v4l2_dqbuf,0,VIDEO_OUTPUT_MPLANE
15843.247066,v4l2_qbuf,0,VIDEO_OUTPUT_MPLANE
15843.247087,v4l2_qbuf,3,VIDEO_CAPTURE_MPLANE
15843.249305,v4l2_dqbuf,3,VIDEO_CAPTURE_MPLANE
15843.249322,v4l2_dqbuf,0,VIDEO_OUTPUT_MPLANE
15843.263890,v4l2_qbuf,0,VIDEO_OUTPUT_MPLANE
15843.263912,v4l2_qbuf,1,VIDEO_CAPTURE_MPLANE
15843.267201,v4l2_dqbuf,1,VIDEO_CAPTURE_MPLANE
15843.267297,v4l2_dqbuf,0,VIDEO_OUTPUT_MPLANE
15843.280988,v4l2_qbuf,0,VIDEO_OUTPUT_MPLANE
15843.281086,v4l2_qbuf,7,VIDEO_CAPTURE_MPLANE
15843.284377,v4l2_dqbuf,7,VIDEO_CAPTURE_MPLANE
15843.284462,v4l2_dqbuf,0,VIDEO_OUTPUT_MPLANE
15843.297060,v4l2_qbuf,0,VIDEO_OUTPUT_MPLANE
15843.297084,v4l2_qbuf,2,VIDEO_CAPTURE_MPLANE
15843.300458,v4l2_dqbuf,2,VIDEO_CAPTURE_MPLANE
15843.300627,v4l2_dqbuf,0,VIDEO_OUTPUT_MPLANE
15843.313916,v4l2_qbuf,0,VIDEO_OUTPUT_MPLANE
15843.314051,v4l2_qbuf,4,VIDEO_CAPTURE_MPLANE
15843.317143,v4l2_dqbuf,4,VIDEO_CAPTURE_MPLANE
15843.317160,v4l2_dqbuf,0,VIDEO_OUTPUT_MPLANE
15843.330767,v4l2_qbuf,0,VIDEO_OUTPUT_MPLANE
15843.330789,v4l2_qbuf,5,VIDEO_CAPTURE_MPLANE
15843.334360,v4l2_dqbuf,5,VIDEO_CAPTURE_MPLANE
15843.334467,v4l2_dqbuf,0,VIDEO_OUTPUT_MPLANE
15843.347703,v4l2_qbuf,0,VIDEO_OUTPUT_MPLANE
15843.347744,v4l2_qbuf,6,VIDEO_CAPTURE_MPLANE
15843.350984,v4l2_dqbuf,6,VIDEO_CAPTURE_MPLANE
15843.351096,v4l2_dqbuf,0,VIDEO_OUTPUT_MPLANE
15843.363725,v4l2_qbuf,0,VIDEO_OUTPUT_MPLANE
15843.363748,v4l2_qbuf,0,VIDEO_CAPTURE_MPLANE
15843.367024,v4l2_dqbuf,0,VIDEO_CAPTURE_MPLANE
15843.367228,v4l2_dqbuf,0,VIDEO_OUTPUT_MPLANE
15843.380614,v4l2_qbuf,0,VIDEO_OUTPUT_MPLANE
15843.380639,v4l2_qbuf,1,VIDEO_CAPTURE_MPLANE
15843.382997,v4l2_dqbuf,1,VIDEO_CAPTURE_MPLANE
15843.383042,v4l2_dqbuf,0,VIDEO_OUTPUT_MPLANE
15843.397835,v4l2_qbuf,0,VIDEO_OUTPUT_MPLANE
15843.397887,v4l2_qbuf,7,VIDEO_CAPTURE_MPLANE
15843.401282,v4l2_dqbuf,7,VIDEO_CAPTURE_MPLANE
15843.401477,v4l2_dqbuf,0,VIDEO_OUTPUT_MPLANE
15843.414276,v4l2_qbuf,0,VIDEO_OUTPUT_MPLANE
15843.414321,v4l2_qbuf,2,VIDEO_CAPTURE_MPLANE
15843.418277,v4l2_dqbuf,2,VIDEO_CAPTURE_MPLANE
15843.418442,v4l2_dqbuf,0,VIDEO_OUTPUT_MPLANE
15843.431117,v4l2_qbuf,0,VIDEO_OUTPUT_MPLANE
15843.431160,v4l2_qbuf,3,VIDEO_CAPTURE_MPLANE
15843.435688,v4l2_dqbuf,3,VIDEO_CAPTURE_MPLANE
15843.435819,v4l2_dqbuf,0,VIDEO_OUTPUT_MPLANE
15843.447499,v4l2_qbuf,0,VIDEO_OUTPUT_MPLANE
15843.447521,v4l2_qbuf,5,VIDEO_CAPTURE_MPLANE
15843.449856,v4l2_dqbuf,5,VIDEO_CAPTURE_MPLANE
15843.449900,v4l2_dqbuf,0,VIDEO_OUTPUT_MPLANE
15843.464224,v4l2_qbuf,0,VIDEO_OUTPUT_MPLANE
15843.464336,v4l2_qbuf,6,VIDEO_CAPTURE_MPLANE
15843.467903,v4l2_dqbuf,6,VIDEO_CAPTURE_MPLANE
15843.468114,v4l2_dqbuf,0,VIDEO_OUTPUT_MPLANE
15843.481100,v4l2_qbuf,0,VIDEO_OUTPUT_MPLANE
15843.481341,v4l2_qbuf,0,VIDEO_CAPTURE_MPLANE
15843.484754,v4l2_dqbuf,0,VIDEO_CAPTURE_MPLANE
15843.484990,v4l2_dqbuf,0,VIDEO_OUTPUT_MPLANE
15843.497559,v4l2_qbuf,0,VIDEO_OUTPUT_MPLANE
15843.497613,v4l2_qbuf,4,VIDEO_CAPTURE_MPLANE
15843.501097,v4l2_dqbuf,4,VIDEO_CAPTURE_MPLANE
15843.501234,v4l2_dqbuf,0,VIDEO_OUTPUT_MPLANE
15843.514260,v4l2_qbuf,0,VIDEO_OUTPUT_MPLANE
15843.514306,v4l2_qbuf,7,VIDEO_CAPTURE_MPLANE
15843.516743,v4l2_dqbuf,7,VIDEO_CAPTURE_MPLANE
15843.516782,v4l2_dqbuf,0,VIDEO_OUTPUT_MPLANE
15843.530286,v4l2_qbuf,0,VIDEO_OUTPUT_MPLANE
15843.530308,v4l2_qbuf,2,VIDEO_CAPTURE_MPLANE
15843.534584,v4l2_dqbuf,2,VIDEO_CAPTURE_MPLANE
15843.534708,v4l2_dqbuf,0,VIDEO_OUTPUT_MPLANE
15843.547487,v4l2_qbuf,0,VIDEO_OUTPUT_MPLANE
15843.547572,v4l2_qbuf,3,VIDEO_CAPTURE_MPLANE
15843.551019,v4l2_dqbuf,3,VIDEO_CAPTURE_MPLANE
15843.551155,v4l2_dqbuf,0,VIDEO_OUTPUT_MPLANE
15843.564159,v4l2_qbuf,0,VIDEO_OUTPUT_MPLANE
15843.564181,v4l2_qbuf,1,VIDEO_CAPTURE_MPLANE
15843.566181,v4l2_dqbuf,1,VIDEO_CAPTURE_MPLANE
15843.566196,v4l2_dqbuf,0,VIDEO_OUTPUT_MPLANE
15843.580701,v4l2_qbuf,0,VIDEO_OUTPUT_MPLANE
15843.580727,v4l2_qbuf,6,VIDEO_CAPTURE_MPLANE
15843.583016,v4l2_dqbuf,6,VIDEO_CAPTURE_MPLANE
15843.583032,v4l2_dqbuf,0,VIDEO_OUTPUT_MPLANE
15843.597084,v4l2_qbuf,0,VIDEO_OUTPUT_MPLANE
15843.597107,v4l2_qbuf,0,VIDEO_CAPTURE_MPLANE
15843.600484,v4l2_dqbuf,0,VIDEO_CAPTURE_MPLANE
15843.600579,v4l2_dqbuf,0,VIDEO_OUTPUT_MPLANE
15843.614271,v4l2_qbuf,0,VIDEO_OUTPUT_MPLANE
15843.614498,v4l2_qbuf,4,VIDEO_CAPTURE_MPLANE
15843.618185,v4l2_dqbuf,4,VIDEO_CAPTURE_MPLANE
15843.618318,v4l2_dqbuf,0,VIDEO_OUTPUT_MPLANE
15843.630917,v4l2_qbuf,0,VIDEO_OUTPUT_MPLANE
15843.630959,v4l2_qbuf,5,VIDEO_CAPTURE_MPLANE
15843.634139,v4l2_dqbuf,5,VIDEO_CAPTURE_MPLANE
15843.634229,v4l2_dqbuf,0,VIDEO_OUTPUT_MPLANE
15843.647782,v4l2_qbuf,0,VIDEO_OUTPUT_MPLANE
15843.647839,v4l2_qbuf,2,VIDEO_CAPTURE_MPLANE
15843.650256,v4l2_dqbuf,2,VIDEO_CAPTURE_MPLANE
15843.650271,v4l2_dqbuf,0,VIDEO_OUTPUT_MPLANE
15843.663912,v4l2_qbuf,0,VIDEO_OUTPUT_MPLANE
15843.663937,v4l2_qbuf,3,VIDEO_CAPTURE_MPLANE
15843.667345,v4l2_dqbuf,3,VIDEO_CAPTURE_MPLANE
15843.667436,v4l2_dqbuf,0,VIDEO_OUTPUT_MPLANE
15843.680323,v4l2_qbuf,0,VIDEO_OUTPUT_MPLANE
15843.680346,v4l2_qbuf,7,VIDEO_CAPTURE_MPLANE
15843.683657,v4l2_dqbuf,7,VIDEO_CAPTURE_MPLANE
15843.683741,v4l2_dqbuf,0,VIDEO_OUTPUT_MPLANE
15843.697406,v4l2_qbuf,0,VIDEO_OUTPUT_MPLANE
15843.697432,v4l2_qbuf,1,VIDEO_CAPTURE_MPLANE
15843.700853,v4l2_dqbuf,1,VIDEO_CAPTURE_MPLANE
15843.700952,v4l2_dqbuf,0,VIDEO_OUTPUT_MPLANE
15843.715460,v4l2_qbuf,0,VIDEO_OUTPUT_MPLANE
15843.715505,v4l2_qbuf,0,VIDEO_CAPTURE_MPLANE
15843.717966,v4l2_dqbuf,0,VIDEO_CAPTURE_MPLANE
15843.717981,v4l2_dqbuf,0,VIDEO_OUTPUT_MPLANE
15843.730332,v4l2_qbuf,0,VIDEO_OUTPUT_MPLANE
15843.730368,v4l2_qbuf,4,VIDEO_CAPTURE_MPLANE
15843.733867,v4l2_dqbuf,4,VIDEO_CAPTURE_MPLANE
15843.734017,v4l2_dqbuf,0,VIDEO_OUTPUT_MPLANE
15843.747524,v4l2_qbuf,0,VIDEO_OUTPUT_MPLANE
15843.747567,v4l2_qbuf,5,VIDEO_CAPTURE_MPLANE
15843.750873,v4l2_dqbuf,5,VIDEO_CAPTURE_MPLANE
15843.751076,v4l2_dqbuf,0,VIDEO_OUTPUT_MPLANE
15843.764420,v4l2_qbuf,0,VIDEO_OUTPUT_MPLANE
15843.764467,v4l2_qbuf,6,VIDEO_CAPTURE_MPLANE
15843.767807,v4l2_dqbuf,6,VIDEO_CAPTURE_MPLANE
15843.768000,v4l2_dqbuf,0,VIDEO_OUTPUT_MPLANE
15843.780976,v4l2_qbuf,0,VIDEO_OUTPUT_MPLANE
15843.781140,v4l2_qbuf,3,VIDEO_CAPTURE_MPLANE
15843.783665,v4l2_dqbuf,3,VIDEO_CAPTURE_MPLANE
15843.783703,v4l2_dqbuf,0,VIDEO_OUTPUT_MPLANE
15843.797382,v4l2_qbuf,0,VIDEO_OUTPUT_MPLANE
15843.797428,v4l2_qbuf,7,VIDEO_CAPTURE_MPLANE
15843.803995,v4l2_dqbuf,7,VIDEO_CAPTURE_MPLANE
15843.804508,v4l2_dqbuf,0,VIDEO_OUTPUT_MPLANE
15843.814426,v4l2_qbuf,0,VIDEO_OUTPUT_MPLANE
15843.814477,v4l2_qbuf,1,VIDEO_CAPTURE_MPLANE
15843.817997,v4l2_dqbuf,1,VIDEO_CAPTURE_MPLANE
15843.818208,v4l2_dqbuf,0,VIDEO_OUTPUT_MPLANE
15843.830476,v4l2_qbuf,0,VIDEO_OUTPUT_MPLANE
15843.830509,v4l2_qbuf,2,VIDEO_CAPTURE_MPLANE
15843.833539,v4l2_dqbuf,2,VIDEO_CAPTURE_MPLANE
15843.833638,v4l2_dqbuf,0,VIDEO_OUTPUT_MPLANE
15843.847256,v4l2_qbuf,0,VIDEO_OUTPUT_MPLANE
15843.847280,v4l2_qbuf,4,VIDEO_CAPTURE_MPLANE
15843.849574,v4l2_dqbuf,4,VIDEO_CAPTURE_MPLANE
15843.849596,v4l2_dqbuf,0,VIDEO_OUTPUT_MPLANE
15843.864098,v4l2_qbuf,0,VIDEO_OUTPUT_MPLANE
15843.864160,v4l2_qbuf,5,VIDEO_CAPTURE_MPLANE
15843.867517,v4l2_dqbuf,5,VIDEO_CAPTURE_MPLANE
15843.867606,v4l2_dqbuf,0,VIDEO_OUTPUT_MPLANE
15843.880388,v4l2_qbuf,0,VIDEO_OUTPUT_MPLANE
15843.880411,v4l2_qbuf,6,VIDEO_CAPTURE_MPLANE
15843.883633,v4l2_dqbuf,6,VIDEO_CAPTURE_MPLANE
15843.883731,v4l2_dqbuf,0,VIDEO_OUTPUT_MPLANE
15843.898855,v4l2_qbuf,0,VIDEO_OUTPUT_MPLANE
15843.898877,v4l2_qbuf,0,VIDEO_CAPTURE_MPLANE
15843.903194,v4l2_dqbuf,0,VIDEO_CAPTURE_MPLANE
15843.903321,v4l2_dqbuf,0,VIDEO_OUTPUT_MPLANE
15843.915500,v4l2_qbuf,0,VIDEO_OUTPUT_MPLANE
15843.915525,v4l2_qbuf,7,VIDEO_CAPTURE_MPLANE
15843.917991,v4l2_dqbuf,7,VIDEO_CAPTURE_MPLANE
15843.918066,v4l2_dqbuf,0,VIDEO_OUTPUT_MPLANE
15843.935235,v4l2_qbuf,0,VIDEO_OUTPUT_MPLANE
15843.935255,v4l2_qbuf,1,VIDEO_CAPTURE_MPLANE
15843.938630,v4l2_dqbuf,1,VIDEO_CAPTURE_MPLANE
15843.938736,v4l2_dqbuf,0,VIDEO_OUTPUT_MPLANE
15843.948402,v4l2_qbuf,0,VIDEO_OUTPUT_MPLANE
15843.948421,v4l2_qbuf,2,VIDEO_CAPTURE_MPLANE
15843.951703,v4l2_dqbuf,2,VIDEO_CAPTURE_MPLANE
15843.951881,v4l2_dqbuf,0,VIDEO_OUTPUT_MPLANE
15843.968170,v4l2_qbuf,0,VIDEO_OUTPUT_MPLANE
15843.968214,v4l2_qbuf,3,VIDEO_CAPTURE_MPLANE
15843.973355,v4l2_dqbuf,3,VIDEO_CAPTURE_MPLANE
15843.973485,v4l2_dqbuf,0,VIDEO_OUTPUT_MPLANE
15843.984224,v4l2_qbuf,0,VIDEO_OUTPUT_MPLANE
15843.984264,v4l2_qbuf,5,VIDEO_CAPTURE_MPLANE
15843.986987,v4l2_dqbuf,5,VIDEO_CAPTURE_MPLANE
15843.987031,v4l2_dqbuf,0,VIDEO_OUTPUT_MPLANE
15844.000522,v4l2_qbuf,0,VIDEO_OUTPUT_MPLANE
15844.000545,v4l2_qbuf,6,VIDEO_CAPTURE_MPLANE
15844.003836,v4l2_dqbuf,6,VIDEO_CAPTURE_MPLANE
15844.003911,v4l2_dqbuf,0,VIDEO_OUTPUT_MPLANE
15844.018934,v4l2_qbuf,0,VIDEO_OUTPUT_MPLANE
15844.018958,v4l2_qbuf,0,VIDEO_CAPTURE_MPLANE
15844.022145,v4l2_dqbuf,0,VIDEO_CAPTURE_MPLANE
15844.022229,v4l2_dqbuf,0,VIDEO_OUTPUT_MPLANE
15844.033804,v4l2_qbuf,0,VIDEO_OUTPUT_MPLANE
15844.033880,v4l2_qbuf,4,VIDEO_CAPTURE_MPLANE
15844.037271,v4l2_dqbuf,4,VIDEO_CAPTURE_MPLANE
15844.037369,v4l2_dqbuf,0,VIDEO_OUTPUT_MPLANE
15844.053557,v4l2_qbuf,0,VIDEO_OUTPUT_MPLANE
15844.053579,v4l2_qbuf,1,VIDEO_CAPTURE_MPLANE
15844.055856,v4l2_dqbuf,1,VIDEO_CAPTURE_MPLANE
15844.055874,v4l2_dqbuf,0,VIDEO_OUTPUT_MPLANE
15844.070305,v4l2_qbuf,0,VIDEO_OUTPUT_MPLANE
15844.070349,v4l2_qbuf,2,VIDEO_CAPTURE_MPLANE
15844.073707,v4l2_dqbuf,2,VIDEO_CAPTURE_MPLANE
15844.073863,v4l2_dqbuf,0,VIDEO_OUTPUT_MPLANE
15844.086705,v4l2_qbuf,0,VIDEO_OUTPUT_MPLANE
15844.086746,v4l2_qbuf,3,VIDEO_CAPTURE_MPLANE
15844.090203,v4l2_dqbuf,3,VIDEO_CAPTURE_MPLANE
15844.090386,v4l2_dqbuf,0,VIDEO_OUTPUT_MPLANE
15844.103487,v4l2_qbuf,0,VIDEO_OUTPUT_MPLANE
15844.103513,v4l2_qbuf,7,VIDEO_CAPTURE_MPLANE
15844.106042,v4l2_dqbuf,7,VIDEO_CAPTURE_MPLANE
15844.106081,v4l2_dqbuf,0,VIDEO_OUTPUT_MPLANE
15844.120872,v4l2_qbuf,0,VIDEO_OUTPUT_MPLANE
15844.120913,v4l2_qbuf,6,VIDEO_CAPTURE_MPLANE
15844.124150,v4l2_dqbuf,6,VIDEO_CAPTURE_MPLANE
15844.124297,v4l2_dqbuf,0,VIDEO_OUTPUT_MPLANE
15844.137183,v4l2_qbuf,0,VIDEO_OUTPUT_MPLANE
15844.137226,v4l2_qbuf,0,VIDEO_CAPTURE_MPLANE
15844.140507,v4l2_dqbuf,0,VIDEO_CAPTURE_MPLANE
15844.140622,v4l2_dqbuf,0,VIDEO_OUTPUT_MPLANE
15844.153577,v4l2_qbuf,0,VIDEO_OUTPUT_MPLANE
15844.153618,v4l2_qbuf,4,VIDEO_CAPTURE_MPLANE
15844.156861,v4l2_dqbuf,4,VIDEO_CAPTURE_MPLANE
15844.156943,v4l2_dqbuf,0,VIDEO_OUTPUT_MPLANE
15844.170514,v4l2_qbuf,0,VIDEO_OUTPUT_MPLANE
15844.170556,v4l2_qbuf,5,VIDEO_CAPTURE_MPLANE
15844.172841,v4l2_dqbuf,5,VIDEO_CAPTURE_MPLANE
15844.172859,v4l2_dqbuf,0,VIDEO_OUTPUT_MPLANE
15844.187129,v4l2_qbuf,0,VIDEO_OUTPUT_MPLANE
15844.187151,v4l2_qbuf,2,VIDEO_CAPTURE_MPLANE
15844.190353,v4l2_dqbuf,2,VIDEO_CAPTURE_MPLANE
15844.190450,v4l2_dqbuf,0,VIDEO_OUTPUT_MPLANE
15844.203353,v4l2_qbuf,0,VIDEO_OUTPUT_MPLANE
15844.203376,v4l2_qbuf,3,VIDEO_CAPTURE_MPLANE
15844.206760,v4l2_dqbuf,3,VIDEO_CAPTURE_MPLANE
15844.206862,v4l2_dqbuf,0,VIDEO_OUTPUT_MPLANE
15844.219977,v4l2_qbuf,0,VIDEO_OUTPUT_MPLANE
15844.219999,v4l2_qbuf,1,VIDEO_CAPTURE_MPLANE
15844.223119,v4l2_dqbuf,1,VIDEO_CAPTURE_MPLANE
15844.223212,v4l2_dqbuf,0,VIDEO_OUTPUT_MPLANE
15844.236857,v4l2_qbuf,0,VIDEO_OUTPUT_MPLANE
15844.236899,v4l2_qbuf,6,VIDEO_CAPTURE_MPLANE
15844.239289,v4l2_dqbuf,6,VIDEO_CAPTURE_MPLANE
15844.239481,v4l2_dqbuf,0,VIDEO_OUTPUT_MPLANE
15844.253608,v4l2_qbuf,0,VIDEO_OUTPUT_MPLANE
15844.253638,v4l2_qbuf,0,VIDEO_CAPTURE_MPLANE
15844.256911,v4l2_dqbuf,0,VIDEO_CAPTURE_MPLANE
15844.257027,v4l2_dqbuf,0,VIDEO_OUTPUT_MPLANE
15844.272793,v4l2_qbuf,0,VIDEO_OUTPUT_MPLANE
15844.272824,v4l2_qbuf,4,VIDEO_CAPTURE_MPLANE
15844.276017,v4l2_dqbuf,4,VIDEO_CAPTURE_MPLANE
15844.276107,v4l2_dqbuf,0,VIDEO_OUTPUT_MPLANE
15844.287227,v4l2_qbuf,0,VIDEO_OUTPUT_MPLANE
15844.287247,v4l2_qbuf,7,VIDEO_CAPTURE_MPLANE
15844.290404,v4l2_dqbuf,7,VIDEO_CAPTURE_MPLANE
15844.290483,v4l2_dqbuf,0,VIDEO_OUTPUT_MPLANE
15844.306084,v4l2_qbuf,0,VIDEO_OUTPUT_MPLANE
15844.306106,v4l2_qbuf,1,VIDEO_CAPTURE_MPLANE
15844.306339,v4l2_qbuf,1,VIDEO_OUTPUT_MPLANE
15844.306349,v4l2_qbuf,2,VIDEO_CAPTURE_MPLANE
15844.308373,v4l2_dqbuf,1,VIDEO_CAPTURE_MPLANE
15844.308413,v4l2_dqbuf,0,VIDEO_OUTPUT_MPLANE
15844.308553,v4l2_qbuf,0,VIDEO_OUTPUT_MPLANE
15844.308597,v4l2_qbuf,5,VIDEO_CAPTURE_MPLANE
15844.311845,v4l2_dqbuf,2,VIDEO_CAPTURE_MPLANE
15844.311947,v4l2_dqbuf,1,VIDEO_OUTPUT_MPLANE
15844.315080,v4l2_dqbuf,5,VIDEO_CAPTURE_MPLANE
15844.315183,v4l2_dqbuf,0,VIDEO_OUTPUT_MPLANE
15844.322899,v4l2_qbuf,0,VIDEO_OUTPUT_MPLANE
15844.322934,v4l2_qbuf,3,VIDEO_CAPTURE_MPLANE
15844.326197,v4l2_dqbuf,3,VIDEO_CAPTURE_MPLANE
15844.326465,v4l2_dqbuf,0,VIDEO_OUTPUT_MPLANE
15844.339638,v4l2_qbuf,0,VIDEO_OUTPUT_MPLANE
15844.339677,v4l2_qbuf,0,VIDEO_CAPTURE_MPLANE
15844.342016,v4l2_dqbuf,0,VIDEO_CAPTURE_MPLANE
15844.342037,v4l2_dqbuf,0,VIDEO_OUTPUT_MPLANE
15844.357769,v4l2_qbuf,0,VIDEO_OUTPUT_MPLANE
15844.357800,v4l2_qbuf,4,VIDEO_CAPTURE_MPLANE
15844.360892,v4l2_dqbuf,4,VIDEO_CAPTURE_MPLANE
15844.360965,v4l2_dqbuf,0,VIDEO_OUTPUT_MPLANE
15844.373091,v4l2_qbuf,0,VIDEO_OUTPUT_MPLANE
15844.373117,v4l2_qbuf,7,VIDEO_CAPTURE_MPLANE
15844.376222,v4l2_dqbuf,7,VIDEO_CAPTURE_MPLANE
15844.376316,v4l2_dqbuf,0,VIDEO_OUTPUT_MPLANE
15844.389387,v4l2_qbuf,0,VIDEO_OUTPUT_MPLANE
15844.389435,v4l2_qbuf,6,VIDEO_CAPTURE_MPLANE
15844.392456,v4l2_dqbuf,6,VIDEO_CAPTURE_MPLANE
15844.392546,v4l2_dqbuf,0,VIDEO_OUTPUT_MPLANE
15844.405869,v4l2_qbuf,0,VIDEO_OUTPUT_MPLANE
15844.405890,v4l2_qbuf,2,VIDEO_CAPTURE_MPLANE
15844.408445,v4l2_dqbuf,2,VIDEO_CAPTURE_MPLANE
15844.408464,v4l2_dqbuf,0,VIDEO_OUTPUT_MPLANE
15844.422825,v4l2_qbuf,0,VIDEO_OUTPUT_MPLANE
15844.422848,v4l2_qbuf,5,VIDEO_CAPTURE_MPLANE
15844.426219,v4l2_dqbuf,5,VIDEO_CAPTURE_MPLANE
15844.426301,v4l2_dqbuf,0,VIDEO_OUTPUT_MPLANE
15844.439623,v4l2_qbuf,0,VIDEO_OUTPUT_MPLANE
15844.439647,v4l2_qbuf,3,VIDEO_CAPTURE_MPLANE
15844.442912,v4l2_dqbuf,3,VIDEO_CAPTURE_MPLANE
15844.443022,v4l2_dqbuf,0,VIDEO_OUTPUT_MPLANE
15844.455806,v4l2_qbuf,0,VIDEO_OUTPUT_MPLANE
15844.455829,v4l2_qbuf,1,VIDEO_CAPTURE_MPLANE
15844.459011,v4l2_dqbuf,1,VIDEO_CAPTURE_MPLANE
15844.459097,v4l2_dqbuf,0,VIDEO_OUTPUT_MPLANE
15844.473236,v4l2_qbuf,0,VIDEO_OUTPUT_MPLANE
15844.473266,v4l2_qbuf,4,VIDEO_CAPTURE_MPLANE
15844.475577,v4l2_dqbuf,4,VIDEO_CAPTURE_MPLANE
15844.475595,v4l2_dqbuf,0,VIDEO_OUTPUT_MPLANE
15844.489452,v4l2_qbuf,0,VIDEO_OUTPUT_MPLANE
15844.489480,v4l2_qbuf,7,VIDEO_CAPTURE_MPLANE
15844.492644,v4l2_dqbuf,7,VIDEO_CAPTURE_MPLANE
15844.492739,v4l2_dqbuf,0,VIDEO_OUTPUT_MPLANE
15844.506268,v4l2_qbuf,0,VIDEO_OUTPUT_MPLANE
15844.506290,v4l2_qbuf,6,VIDEO_CAPTURE_MPLANE
15844.509499,v4l2_dqbuf,6,VIDEO_CAPTURE_MPLANE
15844.509588,v4l2_dqbuf,0,VIDEO_OUTPUT_MPLANE
15844.522609,v4l2_qbuf,0,VIDEO_OUTPUT_MPLANE
15844.522632,v4l2_qbuf,0,VIDEO_CAPTURE_MPLANE
15844.525919,v4l2_dqbuf,0,VIDEO_CAPTURE_MPLANE
15844.526072,v4l2_dqbuf,0,VIDEO_OUTPUT_MPLANE
15844.541567,v4l2_qbuf,0,VIDEO_OUTPUT_MPLANE
15844.541870,v4l2_qbuf,5,VIDEO_CAPTURE_MPLANE
15844.544254,v4l2_dqbuf,5,VIDEO_CAPTURE_MPLANE
15844.544270,v4l2_dqbuf,0,VIDEO_OUTPUT_MPLANE
15844.557677,v4l2_qbuf,0,VIDEO_OUTPUT_MPLANE
15844.557699,v4l2_qbuf,3,VIDEO_CAPTURE_MPLANE
15844.560148,v4l2_dqbuf,3,VIDEO_CAPTURE_MPLANE
15844.560165,v4l2_dqbuf,0,VIDEO_OUTPUT_MPLANE
15844.572411,v4l2_qbuf,0,VIDEO_OUTPUT_MPLANE
15844.572441,v4l2_qbuf,1,VIDEO_CAPTURE_MPLANE
15844.575678,v4l2_dqbuf,1,VIDEO_CAPTURE_MPLANE
15844.575765,v4l2_dqbuf,0,VIDEO_OUTPUT_MPLANE
15844.589424,v4l2_qbuf,0,VIDEO_OUTPUT_MPLANE
15844.589441,v4l2_qbuf,2,VIDEO_CAPTURE_MPLANE
15844.592531,v4l2_dqbuf,2,VIDEO_CAPTURE_MPLANE
15844.592615,v4l2_dqbuf,0,VIDEO_OUTPUT_MPLANE
15844.606071,v4l2_qbuf,0,VIDEO_OUTPUT_MPLANE
15844.606097,v4l2_qbuf,7,VIDEO_CAPTURE_MPLANE
15844.608335,v4l2_dqbuf,7,VIDEO_CAPTURE_MPLANE
15844.608352,v4l2_dqbuf,0,VIDEO_OUTPUT_MPLANE
15844.625040,v4l2_qbuf,0,VIDEO_OUTPUT_MPLANE
15844.625075,v4l2_qbuf,6,VIDEO_CAPTURE_MPLANE
15844.627857,v4l2_dqbuf,6,VIDEO_CAPTURE_MPLANE
15844.627961,v4l2_dqbuf,0,VIDEO_OUTPUT_MPLANE
15844.639747,v4l2_qbuf,0,VIDEO_OUTPUT_MPLANE
15844.639825,v4l2_qbuf,0,VIDEO_CAPTURE_MPLANE
15844.643032,v4l2_dqbuf,0,VIDEO_CAPTURE_MPLANE
15844.643135,v4l2_dqbuf,0,VIDEO_OUTPUT_MPLANE
15844.658701,v4l2_qbuf,0,VIDEO_OUTPUT_MPLANE
15844.658725,v4l2_qbuf,4,VIDEO_CAPTURE_MPLANE
15844.662045,v4l2_dqbuf,4,VIDEO_CAPTURE_MPLANE
15844.662137,v4l2_dqbuf,0,VIDEO_OUTPUT_MPLANE
15844.676241,v4l2_qbuf,0,VIDEO_OUTPUT_MPLANE
15844.676308,v4l2_qbuf,5,VIDEO_CAPTURE_MPLANE
15844.678857,v4l2_dqbuf,5,VIDEO_CAPTURE_MPLANE
15844.678889,v4l2_dqbuf,0,VIDEO_OUTPUT_MPLANE
15844.692890,v4l2_qbuf,0,VIDEO_OUTPUT_MPLANE
15844.692933,v4l2_qbuf,1,VIDEO_CAPTURE_MPLANE
15844.696216,v4l2_dqbuf,1,VIDEO_CAPTURE_MPLANE
15844.696303,v4l2_dqbuf,0,VIDEO_OUTPUT_MPLANE
15844.709608,v4l2_qbuf,0,VIDEO_OUTPUT_MPLANE
15844.709630,v4l2_qbuf,2,VIDEO_CAPTURE_MPLANE
15844.712847,v4l2_dqbuf,2,VIDEO_CAPTURE_MPLANE
15844.712932,v4l2_dqbuf,0,VIDEO_OUTPUT_MPLANE
15844.725702,v4l2_qbuf,0,VIDEO_OUTPUT_MPLANE
15844.725733,v4l2_qbuf,3,VIDEO_CAPTURE_MPLANE
15844.729118,v4l2_dqbuf,3,VIDEO_CAPTURE_MPLANE
15844.729223,v4l2_dqbuf,0,VIDEO_OUTPUT_MPLANE
15844.744652,v4l2_qbuf,0,VIDEO_OUTPUT_MPLANE
15844.744674,v4l2_qbuf,6,VIDEO_CAPTURE_MPLANE
15844.746889,v4l2_dqbuf,6,VIDEO_CAPTURE_MPLANE
15844.746921,v4l2_dqbuf,0,VIDEO_OUTPUT_MPLANE
15844.758439,v4l2_qbuf,0,VIDEO_OUTPUT_MPLANE
15844.758481,v4l2_qbuf,0,VIDEO_CAPTURE_MPLANE
15844.761528,v4l2_dqbuf,0,VIDEO_CAPTURE_MPLANE
15844.761745,v4l2_dqbuf,0,VIDEO_OUTPUT_MPLANE
15844.775093,v4l2_qbuf,0,VIDEO_OUTPUT_MPLANE
15844.775114,v4l2_qbuf,4,VIDEO_CAPTURE_MPLANE
15844.778219,v4l2_dqbuf,4,VIDEO_CAPTURE_MPLANE
15844.778360,v4l2_dqbuf,0,VIDEO_OUTPUT_MPLANE
15844.792773,v4l2_qbuf,0,VIDEO_OUTPUT_MPLANE
15844.792800,v4l2_qbuf,7,VIDEO_CAPTURE_MPLANE
15844.795960,v4l2_dqbuf,7,VIDEO_CAPTURE_MPLANE
15844.796071,v4l2_dqbuf,0,VIDEO_OUTPUT_MPLANE
15844.808513,v4l2_qbuf,0,VIDEO_OUTPUT_MPLANE
15844.808543,v4l2_qbuf,1,VIDEO_CAPTURE_MPLANE
15844.810844,v4l2_dqbuf,1,VIDEO_CAPTURE_MPLANE
15844.810862,v4l2_dqbuf,0,VIDEO_OUTPUT_MPLANE
15844.827675,v4l2_qbuf,0,VIDEO_OUTPUT_MPLANE
15844.827718,v4l2_qbuf,2,VIDEO_CAPTURE_MPLANE
15844.830913,v4l2_dqbuf,2,VIDEO_CAPTURE_MPLANE
15844.831014,v4l2_dqbuf,0,VIDEO_OUTPUT_MPLANE
15844.844173,v4l2_qbuf,0,VIDEO_OUTPUT_MPLANE
15844.844198,v4l2_qbuf,3,VIDEO_CAPTURE_MPLANE
15844.847544,v4l2_dqbuf,3,VIDEO_CAPTURE_MPLANE
15844.847629,v4l2_dqbuf,0,VIDEO_OUTPUT_MPLANE
15844.861031,v4l2_qbuf,0,VIDEO_OUTPUT_MPLANE
15844.861054,v4l2_qbuf,5,VIDEO_CAPTURE_MPLANE
15844.863395,v4l2_dqbuf,5,VIDEO_CAPTURE_MPLANE
15844.863430,v4l2_dqbuf,0,VIDEO_OUTPUT_MPLANE
15844.878040,v4l2_qbuf,0,VIDEO_OUTPUT_MPLANE
15844.878093,v4l2_qbuf,0,VIDEO_CAPTURE_MPLANE
15844.881059,v4l2_dqbuf,0,VIDEO_CAPTURE_MPLANE
15844.881261,v4l2_dqbuf,0,VIDEO_OUTPUT_MPLANE
15844.894253,v4l2_qbuf,0,VIDEO_OUTPUT_MPLANE
15844.894275,v4l2_qbuf,4,VIDEO_CAPTURE_MPLANE
15844.897592,v4l2_dqbuf,4,VIDEO_CAPTURE_MPLANE
15844.897805,v4l2_dqbuf,0,VIDEO_OUTPUT_MPLANE
15844.910862,v4l2_qbuf,0,VIDEO_OUTPUT_MPLANE
15844.910885,v4l2_qbuf,7,VIDEO_CAPTURE_MPLANE
15844.913888,v4l2_dqbuf,7,VIDEO_CAPTURE_MPLANE
15844.913982,v4l2_dqbuf,0,VIDEO_OUTPUT_MPLANE
15844.927877,v4l2_qbuf,0,VIDEO_OUTPUT_MPLANE
15844.927944,v4l2_qbuf,6,VIDEO_CAPTURE_MPLANE
15844.930404,v4l2_dqbuf,6,VIDEO_CAPTURE_MPLANE
15844.930421,v4l2_dqbuf,0,VIDEO_OUTPUT_MPLANE
15844.944141,v4l2_qbuf,0,VIDEO_OUTPUT_MPLANE
15844.944163,v4l2_qbuf,2,VIDEO_CAPTURE_MPLANE
15844.947334,v4l2_dqbuf,2,VIDEO_CAPTURE_MPLANE
15844.947431,v4l2_dqbuf,0,VIDEO_OUTPUT_MPLANE
15844.962054,v4l2_qbuf,0,VIDEO_OUTPUT_MPLANE
15844.962081,v4l2_qbuf,3,VIDEO_CAPTURE_MPLANE
15844.965252,v4l2_dqbuf,3,VIDEO_CAPTURE_MPLANE
15844.965361,v4l2_dqbuf,0,VIDEO_OUTPUT_MPLANE
15844.977490,v4l2_qbuf,0,VIDEO_OUTPUT_MPLANE
15844.977513,v4l2_qbuf,1,VIDEO_CAPTURE_MPLANE
15844.980051,v4l2_dqbuf,1,VIDEO_CAPTURE_MPLANE
15844.980069,v4l2_dqbuf,0,VIDEO_OUTPUT_MPLANE
15844.994241,v4l2_qbuf,0,VIDEO_OUTPUT_MPLANE
15844.994346,v4l2_qbuf,0,VIDEO_CAPTURE_MPLANE
15844.997517,v4l2_dqbuf,0,VIDEO_CAPTURE_MPLANE
15844.997702,v4l2_dqbuf,0,VIDEO_OUTPUT_MPLANE
15845.011778,v4l2_qbuf,0,VIDEO_OUTPUT_MPLANE
15845.011802,v4l2_qbuf,4,VIDEO_CAPTURE_MPLANE
15845.015041,v4l2_dqbuf,4,VIDEO_CAPTURE_MPLANE
15845.015125,v4l2_dqbuf,0,VIDEO_OUTPUT_MPLANE
15845.027651,v4l2_qbuf,0,VIDEO_OUTPUT_MPLANE
15845.027673,v4l2_qbuf,7,VIDEO_CAPTURE_MPLANE
15845.030628,v4l2_dqbuf,7,VIDEO_CAPTURE_MPLANE
15845.030701,v4l2_dqbuf,0,VIDEO_OUTPUT_MPLANE
15845.044423,v4l2_qbuf,0,VIDEO_OUTPUT_MPLANE
15845.044461,v4l2_qbuf,5,VIDEO_CAPTURE_MPLANE
15845.046630,v4l2_dqbuf,5,VIDEO_CAPTURE_MPLANE
15845.046644,v4l2_dqbuf,0,VIDEO_OUTPUT_MPLANE
15845.060564,v4l2_qbuf,0,VIDEO_OUTPUT_MPLANE
15845.060579,v4l2_qbuf,2,VIDEO_CAPTURE_MPLANE
15845.063641,v4l2_dqbuf,2,VIDEO_CAPTURE_MPLANE
15845.063714,v4l2_dqbuf,0,VIDEO_OUTPUT_MPLANE
15845.077125,v4l2_qbuf,0,VIDEO_OUTPUT_MPLANE
15845.077139,v4l2_qbuf,3,VIDEO_CAPTURE_MPLANE
15845.079975,v4l2_dqbuf,3,VIDEO_CAPTURE_MPLANE
15845.080044,v4l2_dqbuf,0,VIDEO_OUTPUT_MPLANE
15845.093854,v4l2_qbuf,0,VIDEO_OUTPUT_MPLANE
15845.093868,v4l2_qbuf,6,VIDEO_CAPTURE_MPLANE
15845.095974,v4l2_dqbuf,6,VIDEO_CAPTURE_MPLANE
15845.096018,v4l2_dqbuf,0,VIDEO_OUTPUT_MPLANE
15845.110992,v4l2_qbuf,0,VIDEO_OUTPUT_MPLANE
15845.111059,v4l2_qbuf,0,VIDEO_CAPTURE_MPLANE
15845.114195,v4l2_dqbuf,0,VIDEO_CAPTURE_MPLANE
15845.114284,v4l2_dqbuf,0,VIDEO_OUTPUT_MPLANE
15845.127244,v4l2_qbuf,0,VIDEO_OUTPUT_MPLANE
15845.127271,v4l2_qbuf,4,VIDEO_CAPTURE_MPLANE
15845.130537,v4l2_dqbuf,4,VIDEO_CAPTURE_MPLANE
15845.130627,v4l2_dqbuf,0,VIDEO_OUTPUT_MPLANE
15845.144126,v4l2_qbuf,0,VIDEO_OUTPUT_MPLANE
15845.144150,v4l2_qbuf,7,VIDEO_CAPTURE_MPLANE
15845.147359,v4l2_dqbuf,7,VIDEO_CAPTURE_MPLANE
15845.147457,v4l2_dqbuf,0,VIDEO_OUTPUT_MPLANE
15845.160822,v4l2_qbuf,0,VIDEO_OUTPUT_MPLANE
15845.160846,v4l2_qbuf,1,VIDEO_CAPTURE_MPLANE
15845.163234,v4l2_dqbuf,1,VIDEO_CAPTURE_MPLANE
15845.163266,v4l2_dqbuf,0,VIDEO_OUTPUT_MPLANE
15845.177760,v4l2_qbuf,0,VIDEO_OUTPUT_MPLANE
15845.177783,v4l2_qbuf,2,VIDEO_CAPTURE_MPLANE
15845.180920,v4l2_dqbuf,2,VIDEO_CAPTURE_MPLANE
15845.181027,v4l2_dqbuf,0,VIDEO_OUTPUT_MPLANE
15845.194337,v4l2_qbuf,0,VIDEO_OUTPUT_MPLANE
15845.194359,v4l2_qbuf,3,VIDEO_CAPTURE_MPLANE
15845.197502,v4l2_dqbuf,3,VIDEO_CAPTURE_MPLANE
15845.197663,v4l2_dqbuf,0,VIDEO_OUTPUT_MPLANE
15845.211036,v4l2_qbuf,0,VIDEO_OUTPUT_MPLANE
15845.211059,v4l2_qbuf,5,VIDEO_CAPTURE_MPLANE
15845.214255,v4l2_dqbuf,5,VIDEO_CAPTURE_MPLANE
15845.214347,v4l2_dqbuf,0,VIDEO_OUTPUT_MPLANE
15845.227772,v4l2_qbuf,0,VIDEO_OUTPUT_MPLANE
15845.227799,v4l2_qbuf,0,VIDEO_CAPTURE_MPLANE
15845.230068,v4l2_dqbuf,0,VIDEO_CAPTURE_MPLANE
15845.230090,v4l2_dqbuf,0,VIDEO_OUTPUT_MPLANE
15845.243991,v4l2_qbuf,0,VIDEO_OUTPUT_MPLANE
15845.244030,v4l2_qbuf,4,VIDEO_CAPTURE_MPLANE
15845.247150,v4l2_dqbuf,4,VIDEO_CAPTURE_MPLANE
15845.247258,v4l2_dqbuf,0,VIDEO_OUTPUT_MPLANE
15845.260776,v4l2_qbuf,0,VIDEO_OUTPUT_MPLANE
15845.260801,v4l2_qbuf,7,VIDEO_CAPTURE_MPLANE
15845.264147,v4l2_dqbuf,7,VIDEO_CAPTURE_MPLANE
15845.264334,v4l2_dqbuf,0,VIDEO_OUTPUT_MPLANE
15845.280504,v4l2_qbuf,0,VIDEO_OUTPUT_MPLANE
15845.280535,v4l2_qbuf,6,VIDEO_CAPTURE_MPLANE
15845.282865,v4l2_dqbuf,6,VIDEO_CAPTURE_MPLANE
15845.282889,v4l2_dqbuf,0,VIDEO_OUTPUT_MPLANE
15845.294076,v4l2_qbuf,0,VIDEO_OUTPUT_MPLANE
15845.294109,v4l2_qbuf,2,VIDEO_CAPTURE_MPLANE
15845.297262,v4l2_dqbuf,2,VIDEO_CAPTURE_MPLANE
15845.297343,v4l2_dqbuf,0,VIDEO_OUTPUT_MPLANE
15845.313289,v4l2_qbuf,0,VIDEO_OUTPUT_MPLANE
15845.313311,v4l2_qbuf,3,VIDEO_CAPTURE_MPLANE
15845.316529,v4l2_dqbuf,3,VIDEO_CAPTURE_MPLANE
15845.316628,v4l2_dqbuf,0,VIDEO_OUTPUT_MPLANE
15845.330180,v4l2_qbuf,0,VIDEO_OUTPUT_MPLANE
15845.330201,v4l2_qbuf,5,VIDEO_CAPTURE_MPLANE
15845.333428,v4l2_dqbuf,5,VIDEO_CAPTURE_MPLANE
15845.333518,v4l2_dqbuf,0,VIDEO_OUTPUT_MPLANE
15845.346822,v4l2_qbuf,0,VIDEO_OUTPUT_MPLANE
15845.346854,v4l2_qbuf,1,VIDEO_CAPTURE_MPLANE
15845.349052,v4l2_dqbuf,1,VIDEO_CAPTURE_MPLANE
15845.349078,v4l2_dqbuf,0,VIDEO_OUTPUT_MPLANE
15845.364076,v4l2_qbuf,0,VIDEO_OUTPUT_MPLANE
15845.364130,v4l2_qbuf,4,VIDEO_CAPTURE_MPLANE
15845.367505,v4l2_dqbuf,4,VIDEO_CAPTURE_MPLANE
15845.367642,v4l2_dqbuf,0,VIDEO_OUTPUT_MPLANE
15845.379876,v4l2_qbuf,0,VIDEO_OUTPUT_MPLANE
15845.379898,v4l2_qbuf,7,VIDEO_CAPTURE_MPLANE
15845.382962,v4l2_dqbuf,7,VIDEO_CAPTURE_MPLANE
15845.383067,v4l2_dqbuf,0,VIDEO_OUTPUT_MPLANE
15845.396963,v4l2_qbuf,0,VIDEO_OUTPUT_MPLANE
15845.396984,v4l2_qbuf,0,VIDEO_CAPTURE_MPLANE
15845.400102,v4l2_dqbuf,0,VIDEO_CAPTURE_MPLANE
15845.401228,v4l2_dqbuf,0,VIDEO_OUTPUT_MPLANE
15845.414040,v4l2_qbuf,0,VIDEO_OUTPUT_MPLANE
15845.414062,v4l2_qbuf,2,VIDEO_CAPTURE_MPLANE
15845.417850,v4l2_dqbuf,2,VIDEO_CAPTURE_MPLANE
15845.417870,v4l2_dqbuf,0,VIDEO_OUTPUT_MPLANE
15845.430109,v4l2_qbuf,0,VIDEO_OUTPUT_MPLANE
15845.430132,v4l2_qbuf,3,VIDEO_CAPTURE_MPLANE
15845.433358,v4l2_dqbuf,3,VIDEO_CAPTURE_MPLANE
15845.433460,v4l2_dqbuf,0,VIDEO_OUTPUT_MPLANE
15845.446965,v4l2_qbuf,0,VIDEO_OUTPUT_MPLANE
15845.446996,v4l2_qbuf,5,VIDEO_CAPTURE_MPLANE
15845.450240,v4l2_dqbuf,5,VIDEO_CAPTURE_MPLANE
15845.450416,v4l2_dqbuf,0,VIDEO_OUTPUT_MPLANE
15845.463502,v4l2_qbuf,0,VIDEO_OUTPUT_MPLANE
15845.463557,v4l2_qbuf,6,VIDEO_CAPTURE_MPLANE
15845.466909,v4l2_dqbuf,6,VIDEO_CAPTURE_MPLANE
15845.467190,v4l2_dqbuf,0,VIDEO_OUTPUT_MPLANE
15845.480639,v4l2_qbuf,0,VIDEO_OUTPUT_MPLANE
15845.480681,v4l2_qbuf,4,VIDEO_CAPTURE_MPLANE
15845.482987,v4l2_dqbuf,4,VIDEO_CAPTURE_MPLANE
15845.483050,v4l2_dqbuf,0,VIDEO_OUTPUT_MPLANE
15845.496913,v4l2_qbuf,0,VIDEO_OUTPUT_MPLANE
15845.496959,v4l2_qbuf,7,VIDEO_CAPTURE_MPLANE
15845.500376,v4l2_dqbuf,7,VIDEO_CAPTURE_MPLANE
15845.500463,v4l2_dqbuf,0,VIDEO_OUTPUT_MPLANE
15845.514104,v4l2_qbuf,0,VIDEO_OUTPUT_MPLANE
15845.514245,v4l2_qbuf,0,VIDEO_CAPTURE_MPLANE
15845.517471,v4l2_dqbuf,0,VIDEO_CAPTURE_MPLANE
15845.517639,v4l2_dqbuf,0,VIDEO_OUTPUT_MPLANE
15845.530637,v4l2_qbuf,0,VIDEO_OUTPUT_MPLANE
15845.530660,v4l2_qbuf,1,VIDEO_CAPTURE_MPLANE
15845.532860,v4l2_dqbuf,1,VIDEO_CAPTURE_MPLANE
15845.532951,v4l2_dqbuf,0,VIDEO_OUTPUT_MPLANE
15845.547122,v4l2_qbuf,0,VIDEO_OUTPUT_MPLANE
15845.547161,v4l2_qbuf,3,VIDEO_CAPTURE_MPLANE
15845.550720,v4l2_dqbuf,3,VIDEO_CAPTURE_MPLANE
15845.550738,v4l2_dqbuf,0,VIDEO_OUTPUT_MPLANE
15845.563732,v4l2_qbuf,0,VIDEO_OUTPUT_MPLANE
15845.563765,v4l2_qbuf,5,VIDEO_CAPTURE_MPLANE
15845.565957,v4l2_dqbuf,5,VIDEO_CAPTURE_MPLANE
15845.565983,v4l2_dqbuf,0,VIDEO_OUTPUT_MPLANE
15845.580200,v4l2_qbuf,0,VIDEO_OUTPUT_MPLANE
15845.580221,v4l2_qbuf,6,VIDEO_CAPTURE_MPLANE
15845.583466,v4l2_dqbuf,6,VIDEO_CAPTURE_MPLANE
15845.583605,v4l2_dqbuf,0,VIDEO_OUTPUT_MPLANE
15845.596840,v4l2_qbuf,0,VIDEO_OUTPUT_MPLANE
15845.596863,v4l2_qbuf,2,VIDEO_CAPTURE_MPLANE
15845.600142,v4l2_dqbuf,2,VIDEO_CAPTURE_MPLANE
15845.600296,v4l2_dqbuf,0,VIDEO_OUTPUT_MPLANE
15845.614093,v4l2_qbuf,0,VIDEO_OUTPUT_MPLANE
15845.614143,v4l2_qbuf,7,VIDEO_CAPTURE_MPLANE
15845.616567,v4l2_dqbuf,7,VIDEO_CAPTURE_MPLANE
15845.616603,v4l2_dqbuf,0,VIDEO_OUTPUT_MPLANE
15845.630579,v4l2_qbuf,0,VIDEO_OUTPUT_MPLANE
15845.630669,v4l2_qbuf,0,VIDEO_CAPTURE_MPLANE
15845.634130,v4l2_dqbuf,0,VIDEO_CAPTURE_MPLANE
15845.634326,v4l2_dqbuf,0,VIDEO_OUTPUT_MPLANE
15845.647119,v4l2_qbuf,0,VIDEO_OUTPUT_MPLANE
15845.647140,v4l2_qbuf,4,VIDEO_CAPTURE_MPLANE
15845.650055,v4l2_dqbuf,4,VIDEO_CAPTURE_MPLANE
15845.650076,v4l2_dqbuf,0,VIDEO_OUTPUT_MPLANE
15845.663462,v4l2_qbuf,0,VIDEO_OUTPUT_MPLANE
15845.663484,v4l2_qbuf,1,VIDEO_CAPTURE_MPLANE
15845.666674,v4l2_dqbuf,1,VIDEO_CAPTURE_MPLANE
15845.666769,v4l2_dqbuf,0,VIDEO_OUTPUT_MPLANE
15845.680386,v4l2_qbuf,0,VIDEO_OUTPUT_MPLANE
15845.680436,v4l2_qbuf,3,VIDEO_CAPTURE_MPLANE
15845.683692,v4l2_dqbuf,3,VIDEO_CAPTURE_MPLANE
15845.683779,v4l2_dqbuf,0,VIDEO_OUTPUT_MPLANE
15845.696712,v4l2_qbuf,0,VIDEO_OUTPUT_MPLANE
15845.696733,v4l2_qbuf,6,VIDEO_CAPTURE_MPLANE
15845.698937,v4l2_dqbuf,6,VIDEO_CAPTURE_MPLANE
15845.698976,v4l2_dqbuf,0,VIDEO_OUTPUT_MPLANE
15845.713621,v4l2_qbuf,0,VIDEO_OUTPUT_MPLANE
15845.713677,v4l2_qbuf,2,VIDEO_CAPTURE_MPLANE
15845.717102,v4l2_dqbuf,2,VIDEO_CAPTURE_MPLANE
15845.717304,v4l2_dqbuf,0,VIDEO_OUTPUT_MPLANE
15845.730807,v4l2_qbuf,0,VIDEO_OUTPUT_MPLANE
15845.730860,v4l2_qbuf,5,VIDEO_CAPTURE_MPLANE
15845.734123,v4l2_dqbuf,5,VIDEO_CAPTURE_MPLANE
15845.734333,v4l2_dqbuf,0,VIDEO_OUTPUT_MPLANE
15845.746929,v4l2_qbuf,0,VIDEO_OUTPUT_MPLANE
15845.746963,v4l2_qbuf,0,VIDEO_CAPTURE_MPLANE
15845.750189,v4l2_dqbuf,0,VIDEO_CAPTURE_MPLANE
15845.750431,v4l2_dqbuf,0,VIDEO_OUTPUT_MPLANE
15845.763862,v4l2_qbuf,0,VIDEO_OUTPUT_MPLANE
15845.763908,v4l2_qbuf,7,VIDEO_CAPTURE_MPLANE
15845.767155,v4l2_dqbuf,7,VIDEO_CAPTURE_MPLANE
15845.767181,v4l2_dqbuf,0,VIDEO_OUTPUT_MPLANE
15845.780573,v4l2_qbuf,0,VIDEO_OUTPUT_MPLANE
15845.780623,v4l2_qbuf,1,VIDEO_CAPTURE_MPLANE
15845.783837,v4l2_dqbuf,1,VIDEO_CAPTURE_MPLANE
15845.783925,v4l2_dqbuf,0,VIDEO_OUTPUT_MPLANE
15845.797348,v4l2_qbuf,0,VIDEO_OUTPUT_MPLANE
15845.797403,v4l2_qbuf,3,VIDEO_CAPTURE_MPLANE
15845.800680,v4l2_dqbuf,3,VIDEO_CAPTURE_MPLANE
15845.800779,v4l2_dqbuf,0,VIDEO_OUTPUT_MPLANE
15845.813330,v4l2_qbuf,0,VIDEO_OUTPUT_MPLANE
15845.813350,v4l2_qbuf,4,VIDEO_CAPTURE_MPLANE
15845.816529,v4l2_dqbuf,4,VIDEO_CAPTURE_MPLANE
15845.816625,v4l2_dqbuf,0,VIDEO_OUTPUT_MPLANE
15845.830218,v4l2_qbuf,0,VIDEO_OUTPUT_MPLANE
15845.830245,v4l2_qbuf,2,VIDEO_CAPTURE_MPLANE
15845.832578,v4l2_dqbuf,2,VIDEO_CAPTURE_MPLANE
15845.832598,v4l2_dqbuf,0,VIDEO_OUTPUT_MPLANE
15845.846775,v4l2_qbuf,0,VIDEO_OUTPUT_MPLANE
15845.846797,v4l2_qbuf,5,VIDEO_CAPTURE_MPLANE
15845.849996,v4l2_dqbuf,5,VIDEO_CAPTURE_MPLANE
15845.850101,v4l2_dqbuf,0,VIDEO_OUTPUT_MPLANE
15845.863485,v4l2_qbuf,0,VIDEO_OUTPUT_MPLANE
15845.863508,v4l2_qbuf,0,VIDEO_CAPTURE_MPLANE
15845.867695,v4l2_dqbuf,0,VIDEO_CAPTURE_MPLANE
15845.867716,v4l2_dqbuf,0,VIDEO_OUTPUT_MPLANE
15845.880200,v4l2_qbuf,0,VIDEO_OUTPUT_MPLANE
15845.880221,v4l2_qbuf,6,VIDEO_CAPTURE_MPLANE
15845.883241,v4l2_dqbuf,6,VIDEO_CAPTURE_MPLANE
15845.883335,v4l2_dqbuf,0,VIDEO_OUTPUT_MPLANE
15845.897316,v4l2_qbuf,0,VIDEO_OUTPUT_MPLANE
15845.897368,v4l2_qbuf,1,VIDEO_CAPTURE_MPLANE
15845.900743,v4l2_dqbuf,1,VIDEO_CAPTURE_MPLANE
15845.900850,v4l2_dqbuf,0,VIDEO_OUTPUT_MPLANE
15845.913583,v4l2_qbuf,0,VIDEO_OUTPUT_MPLANE
15845.913604,v4l2_qbuf,3,VIDEO_CAPTURE_MPLANE
15845.916694,v4l2_dqbuf,3,VIDEO_CAPTURE_MPLANE
15845.916779,v4l2_dqbuf,0,VIDEO_OUTPUT_MPLANE
15845.929877,v4l2_qbuf,0,VIDEO_OUTPUT_MPLANE
15845.929900,v4l2_qbuf,4,VIDEO_CAPTURE_MPLANE
15845.932116,v4l2_dqbuf,4,VIDEO_CAPTURE_MPLANE
15845.932134,v4l2_dqbuf,0,VIDEO_OUTPUT_MPLANE
15845.946951,v4l2_qbuf,0,VIDEO_OUTPUT_MPLANE
15845.946973,v4l2_qbuf,7,VIDEO_CAPTURE_MPLANE
15845.950150,v4l2_dqbuf,7,VIDEO_CAPTURE_MPLANE
15845.950330,v4l2_dqbuf,0,VIDEO_OUTPUT_MPLANE
15845.963476,v4l2_qbuf,0,VIDEO_OUTPUT_MPLANE
15845.963500,v4l2_qbuf,5,VIDEO_CAPTURE_MPLANE
15845.966890,v4l2_dqbuf,5,VIDEO_CAPTURE_MPLANE
15845.967501,v4l2_dqbuf,0,VIDEO_OUTPUT_MPLANE
15845.980605,v4l2_qbuf,0,VIDEO_OUTPUT_MPLANE
15845.980813,v4l2_qbuf,2,VIDEO_CAPTURE_MPLANE
15845.984159,v4l2_dqbuf,2,VIDEO_CAPTURE_MPLANE
15845.984251,v4l2_dqbuf,0,VIDEO_OUTPUT_MPLANE
15845.996747,v4l2_qbuf,0,VIDEO_OUTPUT_MPLANE
15845.996769,v4l2_qbuf,6,VIDEO_CAPTURE_MPLANE
15845.998952,v4l2_dqbuf,6,VIDEO_CAPTURE_MPLANE
15845.998986,v4l2_dqbuf,0,VIDEO_OUTPUT_MPLANE
15846.013934,v4l2_qbuf,0,VIDEO_OUTPUT_MPLANE
15846.013975,v4l2_qbuf,1,VIDEO_CAPTURE_MPLANE
15846.017291,v4l2_dqbuf,1,VIDEO_CAPTURE_MPLANE
15846.017468,v4l2_dqbuf,0,VIDEO_OUTPUT_MPLANE
15846.030305,v4l2_qbuf,0,VIDEO_OUTPUT_MPLANE
15846.030332,v4l2_qbuf,3,VIDEO_CAPTURE_MPLANE
15846.033540,v4l2_dqbuf,3,VIDEO_CAPTURE_MPLANE
15846.033638,v4l2_dqbuf,0,VIDEO_OUTPUT_MPLANE
15846.046622,v4l2_qbuf,0,VIDEO_OUTPUT_MPLANE
15846.046642,v4l2_qbuf,0,VIDEO_CAPTURE_MPLANE
15846.049638,v4l2_dqbuf,0,VIDEO_CAPTURE_MPLANE
15846.049715,v4l2_dqbuf,0,VIDEO_OUTPUT_MPLANE
15846.065410,v4l2_qbuf,0,VIDEO_OUTPUT_MPLANE
15846.065437,v4l2_qbuf,7,VIDEO_CAPTURE_MPLANE
15846.067785,v4l2_dqbuf,7,VIDEO_CAPTURE_MPLANE
15846.067803,v4l2_dqbuf,0,VIDEO_OUTPUT_MPLANE
15846.080156,v4l2_qbuf,0,VIDEO_OUTPUT_MPLANE
15846.080271,v4l2_qbuf,5,VIDEO_CAPTURE_MPLANE
15846.084062,v4l2_dqbuf,5,VIDEO_CAPTURE_MPLANE
15846.084286,v4l2_dqbuf,0,VIDEO_OUTPUT_MPLANE
15846.098094,v4l2_qbuf,0,VIDEO_OUTPUT_MPLANE
15846.098117,v4l2_qbuf,2,VIDEO_CAPTURE_MPLANE
15846.101430,v4l2_dqbuf,2,VIDEO_CAPTURE_MPLANE
15846.101612,v4l2_dqbuf,0,VIDEO_OUTPUT_MPLANE
15846.114888,v4l2_qbuf,0,VIDEO_OUTPUT_MPLANE
15846.114904,v4l2_qbuf,4,VIDEO_CAPTURE_MPLANE
15846.118058,v4l2_dqbuf,4,VIDEO_CAPTURE_MPLANE
15846.118214,v4l2_dqbuf,0,VIDEO_OUTPUT_MPLANE
15846.132045,v4l2_qbuf,0,VIDEO_OUTPUT_MPLANE
15846.132065,v4l2_qbuf,1,VIDEO_CAPTURE_MPLANE
15846.134354,v4l2_dqbuf,1,VIDEO_CAPTURE_MPLANE
15846.134368,v4l2_dqbuf,0,VIDEO_OUTPUT_MPLANE
15846.148660,v4l2_qbuf,0,VIDEO_OUTPUT_MPLANE
15846.148683,v4l2_qbuf,3,VIDEO_CAPTURE_MPLANE
15846.151830,v4l2_dqbuf,3,VIDEO_CAPTURE_MPLANE
15846.152021,v4l2_dqbuf,0,VIDEO_OUTPUT_MPLANE
15846.165466,v4l2_qbuf,0,VIDEO_OUTPUT_MPLANE
15846.165517,v4l2_qbuf,0,VIDEO_CAPTURE_MPLANE
15846.169058,v4l2_dqbuf,0,VIDEO_CAPTURE_MPLANE
15846.169282,v4l2_dqbuf,0,VIDEO_OUTPUT_MPLANE
15846.182073,v4l2_qbuf,0,VIDEO_OUTPUT_MPLANE
15846.182128,v4l2_qbuf,6,VIDEO_CAPTURE_MPLANE
15846.186146,v4l2_dqbuf,6,VIDEO_CAPTURE_MPLANE
15846.186361,v4l2_dqbuf,0,VIDEO_OUTPUT_MPLANE
15846.201354,v4l2_qbuf,0,VIDEO_OUTPUT_MPLANE
15846.201414,v4l2_qbuf,5,VIDEO_CAPTURE_MPLANE
15846.203693,v4l2_dqbuf,5,VIDEO_CAPTURE_MPLANE
15846.203708,v4l2_dqbuf,0,VIDEO_OUTPUT_MPLANE
15846.214890,v4l2_qbuf,0,VIDEO_OUTPUT_MPLANE
15846.214912,v4l2_qbuf,2,VIDEO_CAPTURE_MPLANE
15846.218265,v4l2_dqbuf,2,VIDEO_CAPTURE_MPLANE
15846.218455,v4l2_dqbuf,0,VIDEO_OUTPUT_MPLANE
15846.234908,v4l2_qbuf,0,VIDEO_OUTPUT_MPLANE
15846.234952,v4l2_qbuf,4,VIDEO_CAPTURE_MPLANE
15846.241187,v4l2_dqbuf,4,VIDEO_CAPTURE_MPLANE
15846.241307,v4l2_dqbuf,0,VIDEO_OUTPUT_MPLANE
15846.251187,v4l2_qbuf,0,VIDEO_OUTPUT_MPLANE
15846.251209,v4l2_qbuf,7,VIDEO_CAPTURE_MPLANE
15846.256233,v4l2_dqbuf,7,VIDEO_CAPTURE_MPLANE
15846.256449,v4l2_dqbuf,0,VIDEO_OUTPUT_MPLANE
15846.268047,v4l2_qbuf,0,VIDEO_OUTPUT_MPLANE
15846.268094,v4l2_qbuf,3,VIDEO_CAPTURE_MPLANE
15846.270439,v4l2_dqbuf,3,VIDEO_CAPTURE_MPLANE
15846.270459,v4l2_dqbuf,0,VIDEO_OUTPUT_MPLANE
15846.285292,v4l2_qbuf,0,VIDEO_OUTPUT_MPLANE
15846.285315,v4l2_qbuf,0,VIDEO_CAPTURE_MPLANE
15846.288567,v4l2_dqbuf,0,VIDEO_CAPTURE_MPLANE
15846.288659,v4l2_dqbuf,0,VIDEO_OUTPUT_MPLANE
15846.301362,v4l2_qbuf,0,VIDEO_OUTPUT_MPLANE
15846.301385,v4l2_qbuf,6,VIDEO_CAPTURE_MPLANE
15846.304537,v4l2_dqbuf,6,VIDEO_CAPTURE_MPLANE
15846.304621,v4l2_dqbuf,0,VIDEO_OUTPUT_MPLANE
15846.317741,v4l2_qbuf,0,VIDEO_OUTPUT_MPLANE
15846.317765,v4l2_qbuf,1,VIDEO_CAPTURE_MPLANE
15846.320934,v4l2_dqbuf,1,VIDEO_CAPTURE_MPLANE
15846.321032,v4l2_dqbuf,0,VIDEO_OUTPUT_MPLANE
15846.334644,v4l2_qbuf,0,VIDEO_OUTPUT_MPLANE
15846.334680,v4l2_qbuf,2,VIDEO_CAPTURE_MPLANE
15846.336912,v4l2_dqbuf,2,VIDEO_CAPTURE_MPLANE
15846.336937,v4l2_dqbuf,0,VIDEO_OUTPUT_MPLANE
15846.351872,v4l2_qbuf,0,VIDEO_OUTPUT_MPLANE
15846.351900,v4l2_qbuf,4,VIDEO_CAPTURE_MPLANE
15846.355291,v4l2_dqbuf,4,VIDEO_CAPTURE_MPLANE
15846.355445,v4l2_dqbuf,0,VIDEO_OUTPUT_MPLANE
15846.372266,v4l2_qbuf,0,VIDEO_OUTPUT_MPLANE
15846.372284,v4l2_qbuf,7,VIDEO_CAPTURE_MPLANE
15846.375830,v4l2_dqbuf,7,VIDEO_CAPTURE_MPLANE
15846.376336,v4l2_dqbuf,0,VIDEO_OUTPUT_MPLANE
15846.384401,v4l2_qbuf,0,VIDEO_OUTPUT_MPLANE
15846.384418,v4l2_qbuf,5,VIDEO_CAPTURE_MPLANE
15846.387630,v4l2_dqbuf,5,VIDEO_CAPTURE_MPLANE
15846.387793,v4l2_dqbuf,0,VIDEO_OUTPUT_MPLANE
15846.404098,v4l2_qbuf,0,VIDEO_OUTPUT_MPLANE
15846.404121,v4l2_qbuf,0,VIDEO_CAPTURE_MPLANE
15846.406350,v4l2_dqbuf,0,VIDEO_CAPTURE_MPLANE
15846.406363,v4l2_dqbuf,0,VIDEO_OUTPUT_MPLANE
15846.420170,v4l2_qbuf,0,VIDEO_OUTPUT_MPLANE
15846.420196,v4l2_qbuf,6,VIDEO_CAPTURE_MPLANE
15846.423312,v4l2_dqbuf,6,VIDEO_CAPTURE_MPLANE
15846.423400,v4l2_dqbuf,0,VIDEO_OUTPUT_MPLANE
15846.436810,v4l2_qbuf,0,VIDEO_OUTPUT_MPLANE
15846.436833,v4l2_qbuf,1,VIDEO_CAPTURE_MPLANE
15846.440061,v4l2_dqbuf,1,VIDEO_CAPTURE_MPLANE
15846.440143,v4l2_dqbuf,0,VIDEO_OUTPUT_MPLANE
15846.453585,v4l2_qbuf,0,VIDEO_OUTPUT_MPLANE
15846.453616,v4l2_qbuf,3,VIDEO_CAPTURE_MPLANE
15846.456841,v4l2_dqbuf,3,VIDEO_CAPTURE_MPLANE
15846.457177,v4l2_dqbuf,0,VIDEO_OUTPUT_MPLANE
15846.470419,v4l2_qbuf,0,VIDEO_OUTPUT_MPLANE
15846.470463,v4l2_qbuf,4,VIDEO_CAPTURE_MPLANE
15846.472780,v4l2_dqbuf,4,VIDEO_CAPTURE_MPLANE
15846.472801,v4l2_dqbuf,0,VIDEO_OUTPUT_MPLANE
15846.488204,v4l2_qbuf,0,VIDEO_OUTPUT_MPLANE
15846.488227,v4l2_qbuf,7,VIDEO_CAPTURE_MPLANE
15846.491642,v4l2_dqbuf,7,VIDEO_CAPTURE_MPLANE
15846.491737,v4l2_dqbuf,0,VIDEO_OUTPUT_MPLANE
15846.503607,v4l2_qbuf,0,VIDEO_OUTPUT_MPLANE
15846.503687,v4l2_qbuf,5,VIDEO_CAPTURE_MPLANE
15846.506931,v4l2_dqbuf,5,VIDEO_CAPTURE_MPLANE
15846.507045,v4l2_dqbuf,0,VIDEO_OUTPUT_MPLANE
15846.520307,v4l2_qbuf,0,VIDEO_OUTPUT_MPLANE
15846.520330,v4l2_qbuf,2,VIDEO_CAPTURE_MPLANE
15846.523620,v4l2_dqbuf,2,VIDEO_CAPTURE_MPLANE
15846.523720,v4l2_dqbuf,0,VIDEO_OUTPUT_MPLANE
15846.537088,v4l2_qbuf,0,VIDEO_OUTPUT_MPLANE
15846.537145,v4l2_qbuf,6,VIDEO_CAPTURE_MPLANE
15846.539742,v4l2_dqbuf,6,VIDEO_CAPTURE_MPLANE
15846.540051,v4l2_dqbuf,0,VIDEO_OUTPUT_MPLANE
