time,event,index,type
13616.328556,v4l2_qbuf,0,VIDEO_OUTPUT_MPLANE
13616.328568,v4l2_qbuf,0,VIDEO_CAPTURE_MPLANE
13616.329063,v4l2_qbuf,1,VIDEO_OUTPUT_MPLANE
13616.329070,v4l2_qbuf,1,VIDEO_CAPTURE_MPLANE
13616.329347,v4l2_qbuf,2,VIDEO_OUTPUT_MPLANE
13616.329353,v4l2_qbuf,2,VIDEO_CAPTURE_MPLANE
13616.329591,v4l2_qbuf,3,VIDEO_OUTPUT_MPLANE
13616.329597,v4l2_qbuf,3,VIDEO_CAPTURE_MPLANE
13616.329827,v4l2_qbuf,4,VIDEO_OUTPUT_MPLANE
13616.329834,v4l2_qbuf,4,VIDEO_CAPTURE_MPLANE
13616.330122,v4l2_qbuf,5,VIDEO_OUTPUT_MPLANE
13616.330129,v4l2_qbuf,5,VIDEO_CAPTURE_MPLANE
13616.330798,v4l2_dqbuf,0,VIDEO_CAPTURE_MPLANE
13616.330937,v4l2_dqbuf,0,VIDEO_OUTPUT_MPLANE
13616.333022,v4l2_dqbuf,1,VIDEO_CAPTURE_MPLANE
13616.333079,v4l2_dqbuf,1,VIDEO_OUTPUT_MPLANE
13616.336188,v4l2_dqbuf,2,VIDEO_CAPTURE_MPLANE
13616.336344,v4l2_dqbuf,2,VIDEO_OUTPUT_MPLANE
13616.339558,v4l2_dqbuf,3,VIDEO_CAPTURE_MPLANE
13616.339723,v4l2_dqbuf,3,VIDEO_OUTPUT_MPLANE
13616.344302,v4l2_dqbuf,4,VIDEO_CAPTURE_MPLANE
13616.344695,v4l2_dqbuf,4,VIDEO_OUTPUT_MPLANE
13616.346573,v4l2_dqbuf,5,VIDEO_CAPTURE_MPLANE
13616.346597,v4l2_dqbuf,5,VIDEO_OUTPUT_MPLANE
13616.354490,v4l2_qbuf,0,VIDEO_OUTPUT_MPLANE
13616.354505,v4l2_qbuf,0,VIDEO_CAPTURE_MPLANE
13616.357853,v4l2_dqbuf,0,VIDEO_CAPTURE_MPLANE
13616.357936,v4l2_dqbuf,0,VIDEO_OUTPUT_MPLANE
13616.370085,v4l2_qbuf,0,VIDEO_OUTPUT_MPLANE
13616.370115,v4l2_qbuf,2,VIDEO_CAPTURE_MPLANE
13616.373283,v4l2_dqbuf,2,VIDEO_CAPTURE_MPLANE
13616.373380,v4l2_dqbuf,0,VIDEO_OUTPUT_MPLANE
13616.386826,v4l2_qbuf,0,VIDEO_OUTPUT_MPLANE
13616.386846,v4l2_qbuf,3,VIDEO_CAPTURE_MPLANE
13616.390132,v4l2_dqbuf,3,VIDEO_CAPTURE_MPLANE
13616.390219,v4l2_dqbuf,0,VIDEO_OUTPUT_MPLANE
13616.398806,v4l2_qbuf,0,VIDEO_OUTPUT_MPLANE
13616.398824,v4l2_qbuf,4,VIDEO_CAPTURE_MPLANE
13616.401197,v4l2_dqbuf,4,VIDEO_CAPTURE_MPLANE
13616.401209,v4l2_dqbuf,0,VIDEO_OUTPUT_MPLANE
13616.415376,v4l2_qbuf,0,VIDEO_OUTPUT_MPLANE
13616.415391,v4l2_qbuf,1,VIDEO_CAPTURE_MPLANE
13616.418722,v4l2_dqbuf,1,VIDEO_CAPTURE_MPLANE
13616.418788,v4l2_dqbuf,0,VIDEO_OUTPUT_MPLANE
13616.432181,v4l2_qbuf,0,VIDEO_OUTPUT_MPLANE
13616.432200,v4l2_qbuf,0,VIDEO_CAPTURE_MPLANE
13616.435553,v4l2_dqbuf,0,VIDEO_CAPTURE_MPLANE
13616.435677,v4l2_dqbuf,0,VIDEO_OUTPUT_MPLANE
13616.449174,v4l2_qbuf,0,VIDEO_OUTPUT_MPLANE
13616.449192,v4l2_qbuf,2,VIDEO_CAPTURE_MPLANE
13616.452488,v4l2_dqbuf,2,VIDEO_CAPTURE_MPLANE
13616.452567,v4l2_dqbuf,0,VIDEO_OUTPUT_MPLANE
13616.468403,v4l2_qbuf,0,VIDEO_OUTPUT_MPLANE
13616.468417,v4l2_qbuf,3,VIDEO_CAPTURE_MPLANE
13616.470676,v4l2_dqbuf,3,VIDEO_CAPTURE_MPLANE
13616.470689,v4l2_dqbuf,0,VIDEO_OUTPUT_MPLANE
13616.482289,v4l2_qbuf,0,VIDEO_OUTPUT_MPLANE
13616.482311,v4l2_qbuf,5,VIDEO_CAPTURE_MPLANE
13616.485573,v4l2_dqbuf,5,VIDEO_CAPTURE_MPLANE
13616.485678,v4l2_dqbuf,0,VIDEO_OUTPUT_MPLANE
13616.498779,v4l2_qbuf,0,VIDEO_OUTPUT_MPLANE
13616.498826,v4l2_qbuf,1,VIDEO_CAPTURE_MPLANE
13616.502023,v4l2_dqbuf,1,VIDEO_CAPTURE_MPLANE
13616.502099,v4l2_dqbuf,0,VIDEO_OUTPUT_MPLANE
13616.515918,v4l2_qbuf,0,VIDEO_OUTPUT_MPLANE
13616.515954,v4l2_qbuf,0,VIDEO_CAPTURE_MPLANE
13616.520070,v4l2_dqbuf,0,VIDEO_CAPTURE_MPLANE
13616.520190,v4l2_dqbuf,0,VIDEO_OUTPUT_MPLANE
13616.532019,v4l2_qbuf,0,VIDEO_OUTPUT_MPLANE
13616.532068,v4l2_qbuf,2,VIDEO_CAPTURE_MPLANE
13616.534521,v4l2_dqbuf,2,VIDEO_CAPTURE_MPLANE
13616.534538,v4l2_dqbuf,0,VIDEO_OUTPUT_MPLANE
13616.552450,v4l2_qbuf,0,VIDEO_OUTPUT_MPLANE
13616.552473,v4l2_qbuf,4,VIDEO_CAPTURE_MPLANE
13616.555710,v4l2_dqbuf,4,VIDEO_CAPTURE_MPLANE
13616.555806,v4l2_dqbuf,0,VIDEO_OUTPUT_MPLANE
13616.565628,v4l2_qbuf,0,VIDEO_OUTPUT_MPLANE
13616.565657,v4l2_qbuf,5,VIDEO_CAPTURE_MPLANE
13616.568654,v4l2_dqbuf,5,VIDEO_CAPTURE_MPLANE
13616.568749,v4l2_dqbuf,0,VIDEO_OUTPUT_MPLANE
13616.582577,v4l2_qbuf,0,VIDEO_OUTPUT_MPLANE
13616.582596,v4l2_qbuf,1,VIDEO_CAPTURE_MPLANE
13616.585808,v4l2_dqbuf,1,VIDEO_CAPTURE_MPLANE
13616.585903,v4l2_dqbuf,0,VIDEO_OUTPUT_MPLANE
13616.598969,v4l2_qbuf,0,VIDEO_OUTPUT_MPLANE
13616.598994,v4l2_qbuf,0,VIDEO_CAPTURE_MPLANE
13616.601215,v4l2_dqbuf,0,VIDEO_CAPTURE_MPLANE
13616.601230,v4l2_dqbuf,0,VIDEO_OUTPUT_MPLANE
13616.615874,v4l2_qbuf,0,VIDEO_OUTPUT_MPLANE
13616.615943,v4l2_qbuf,3,VIDEO_CAPTURE_MPLANE
13616.621140,v4l2_dqbuf,3,VIDEO_CAPTURE_MPLANE
13616.621258,v4l2_dqbuf,0,VIDEO_OUTPUT_MPLANE
13616.632327,v4l2_qbuf,0,VIDEO_OUTPUT_MPLANE
13616.632380,v4l2_qbuf,4,VIDEO_CAPTURE_MPLANE
13616.635816,v4l2_dqbuf,4,VIDEO_CAPTURE_MPLANE
13616.636134,v4l2_dqbuf,0,VIDEO_OUTPUT_MPLANE
13616.651764,v4l2_qbuf,0,VIDEO_OUTPUT_MPLANE
13616.651785,v4l2_qbuf,5,VIDEO_CAPTURE_MPLANE
13616.655027,v4l2_dqbuf,5,VIDEO_CAPTURE_MPLANE
13616.655201,v4l2_dqbuf,0,VIDEO_OUTPUT_MPLANE
13616.665684,v4l2_qbuf,0,VIDEO_OUTPUT_MPLANE
13616.665705,v4l2_qbuf,1,VIDEO_CAPTURE_MPLANE
13616.667868,v4l2_dqbuf,1,VIDEO_CAPTURE_MPLANE
13616.667885,v4l2_dqbuf,0,VIDEO_OUTPUT_MPLANE
13616.682187,v4l2_qbuf,0,VIDEO_OUTPUT_MPLANE
13616.682259,v4l2_qbuf,2,VIDEO_CAPTURE_MPLANE
13616.685449,v4l2_dqbuf,2,VIDEO_CAPTURE_MPLANE
13616.685546,v4l2_dqbuf,0,VIDEO_OUTPUT_MPLANE
13616.698821,v4l2_qbuf,0,VIDEO_OUTPUT_MPLANE
13616.698842,v4l2_qbuf,3,VIDEO_CAPTURE_MPLANE
13616.701748,v4l2_dqbuf,3,VIDEO_CAPTURE_MPLANE
13616.701832,v4l2_dqbuf,0,VIDEO_OUTPUT_MPLANE
13616.715913,v4l2_qbuf,0,VIDEO_OUTPUT_MPLANE
13616.715934,v4l2_qbuf,4,VIDEO_CAPTURE_MPLANE
13616.720383,v4l2_dqbuf,4,VIDEO_CAPTURE_MPLANE
13616.720495,v4l2_dqbuf,0,VIDEO_OUTPUT_MPLANE
13616.732645,v4l2_qbuf,0,VIDEO_OUTPUT_MPLANE
13616.732681,v4l2_qbuf,5,VIDEO_CAPTURE_MPLANE
13616.735093,v4l2_dqbuf,5,VIDEO_CAPTURE_MPLANE
13616.735115,v4l2_dqbuf,0,VIDEO_OUTPUT_MPLANE
13616.749184,v4l2_qbuf,0,VIDEO_OUTPUT_MPLANE
13616.749219,v4l2_qbuf,0,VIDEO_CAPTURE_MPLANE
13616.752480,v4l2_dqbuf,0,VIDEO_CAPTURE_MPLANE
13616.752641,v4l2_dqbuf,0,VIDEO_OUTPUT_MPLANE
13616.765675,v4l2_qbuf,0,VIDEO_OUTPUT_MPLANE
13616.765697,v4l2_qbuf,2,VIDEO_CAPTURE_MPLANE
13616.768764,v4l2_dqbuf,2,VIDEO_CAPTURE_MPLANE
13616.768890,v4l2_dqbuf,0,VIDEO_OUTPUT_MPLANE
13616.784368,v4l2_qbuf,0,VIDEO_OUTPUT_MPLANE
13616.784395,v4l2_qbuf,3,VIDEO_CAPTURE_MPLANE
13616.787482,v4l2_dqbuf,3,VIDEO_CAPTURE_MPLANE
13616.787570,v4l2_dqbuf,0,VIDEO_OUTPUT_MPLANE
13616.799259,v4l2_qbuf,0,VIDEO_OUTPUT_MPLANE
13616.799306,v4l2_qbuf,4,VIDEO_CAPTURE_MPLANE
13616.801665,v4l2_dqbuf,4,VIDEO_CAPTURE_MPLANE
13616.801689,v4l2_dqbuf,0,VIDEO_OUTPUT_MPLANE
13616.816839,v4l2_qbuf,0,VIDEO_OUTPUT_MPLANE
13616.816860,v4l2_qbuf,1,VIDEO_CAPTURE_MPLANE
13616.820069,v4l2_dqbuf,1,VIDEO_CAPTURE_MPLANE
13616.820177,v4l2_dqbuf,0,VIDEO_OUTPUT_MPLANE
13616.832593,v4l2_qbuf,0,VIDEO_OUTPUT_MPLANE
13616.832612,v4l2_qbuf,0,VIDEO_CAPTURE_MPLANE
13616.835735,v4l2_dqbuf,0,VIDEO_CAPTURE_MPLANE
13616.835848,v4l2_dqbuf,0,VIDEO_OUTPUT_MPLANE
13616.849388,v4l2_qbuf,0,VIDEO_OUTPUT_MPLANE
13616.849407,v4l2_qbuf,2,VIDEO_CAPTURE_MPLANE
13616.852727,v4l2_dqbuf,2,VIDEO_CAPTURE_MPLANE
13616.852899,v4l2_dqbuf,0,VIDEO_OUTPUT_MPLANE
13616.865459,v4l2_qbuf,0,VIDEO_OUTPUT_MPLANE
13616.865493,v4l2_qbuf,3,VIDEO_CAPTURE_MPLANE
13616.867691,v4l2_dqbuf,3,VIDEO_CAPTURE_MPLANE
13616.867723,v4l2_dqbuf,0,VIDEO_OUTPUT_MPLANE
13616.882553,v4l2_qbuf,0,VIDEO_OUTPUT_MPLANE
13616.882666,v4l2_qbuf,5,VIDEO_CAPTURE_MPLANE
13616.886927,v4l2_dqbuf,5,VIDEO_CAPTURE_MPLANE
13616.887066,v4l2_dqbuf,0,VIDEO_OUTPUT_MPLANE
13616.899167,v4l2_qbuf,0,VIDEO_OUTPUT_MPLANE
13616.899188,v4l2_qbuf,1,VIDEO_CAPTURE_MPLANE
13616.902467,v4l2_dqbuf,1,VIDEO_CAPTURE_MPLANE
13616.902658,v4l2_dqbuf,0,VIDEO_OUTPUT_MPLANE
13616.917213,v4l2_qbuf,0,VIDEO_OUTPUT_MPLANE
13616.917237,v4l2_qbuf,0,VIDEO_CAPTURE_MPLANE
13616.920305,v4l2_dqbuf,0,VIDEO_CAPTURE_MPLANE
13616.920406,v4l2_dqbuf,0,VIDEO_OUTPUT_MPLANE
13616.934137,v4l2_qbuf,0,VIDEO_OUTPUT_MPLANE
13616.934158,v4l2_qbuf,2,VIDEO_CAPTURE_MPLANE
13616.936442,v4l2_dqbuf,2,VIDEO_CAPTURE_MPLANE
13616.936460,v4l2_dqbuf,0,VIDEO_OUTPUT_MPLANE
13616.949126,v4l2_qbuf,0,VIDEO_OUTPUT_MPLANE
13616.949150,v4l2_qbuf,4,VIDEO_CAPTURE_MPLANE
13616.952206,v4l2_dqbuf,4,VIDEO_CAPTURE_MPLANE
13616.952294,v4l2_dqbuf,0,VIDEO_OUTPUT_MPLANE
13616.965685,v4l2_qbuf,0,VIDEO_OUTPUT_MPLANE
13616.965707,v4l2_qbuf,5,VIDEO_CAPTURE_MPLANE
13616.968782,v4l2_dqbuf,5,VIDEO_CAPTURE_MPLANE
13616.968949,v4l2_dqbuf,0,VIDEO_OUTPUT_MPLANE
13616.982249,v4l2_qbuf,0,VIDEO_OUTPUT_MPLANE
13616.982285,v4l2_qbuf,1,VIDEO_CAPTURE_MPLANE
13616.985285,v4l2_dqbuf,1,VIDEO_CAPTURE_MPLANE
13616.985448,v4l2_dqbuf,0,VIDEO_OUTPUT_MPLANE
13616.999231,v4l2_qbuf,0,VIDEO_OUTPUT_MPLANE
13616.999268,v4l2_qbuf,0,VIDEO_CAPTURE_MPLANE
13617.001633,v4l2_dqbuf,0,VIDEO_CAPTURE_MPLANE
13617.001656,v4l2_dqbuf,0,VIDEO_OUTPUT_MPLANE
13617.016879,v4l2_qbuf,0,VIDEO_OUTPUT_MPLANE
13617.016925,v4l2_qbuf,3,VIDEO_CAPTURE_MPLANE
13617.019984,v4l2_dqbuf,3,VIDEO_CAPTURE_MPLANE
13617.020088,v4l2_dqbuf,0,VIDEO_OUTPUT_MPLANE
13617.033416,v4l2_qbuf,0,VIDEO_OUTPUT_MPLANE
13617.033445,v4l2_qbuf,4,VIDEO_CAPTURE_MPLANE
13617.036476,v4l2_dqbuf,4,VIDEO_CAPTURE_MPLANE
13617.036564,v4l2_dqbuf,0,VIDEO_OUTPUT_MPLANE
13617.049250,v4l2_qbuf,0,VIDEO_OUTPUT_MPLANE
13617.049272,v4l2_qbuf,5,VIDEO_CAPTURE_MPLANE
13617.052355,v4l2_dqbuf,5,VIDEO_CAPTURE_MPLANE
13617.052455,v4l2_dqbuf,0,VIDEO_OUTPUT_MPLANE
13617.065902,v4l2_qbuf,0,VIDEO_OUTPUT_MPLANE
13617.065924,v4l2_qbuf,1,VIDEO_CAPTURE_MPLANE
13617.068158,v4l2_dqbuf,1,VIDEO_CAPTURE_MPLANE
13617.068171,v4l2_dqbuf,0,VIDEO_OUTPUT_MPLANE
13617.082412,v4l2_qbuf,0,VIDEO_OUTPUT_MPLANE
13617.082433,v4l2_qbuf,2,VIDEO_CAPTURE_MPLANE
13617.085511,v4l2_dqbuf,2,VIDEO_CAPTURE_MPLANE
13617.085605,v4l2_dqbuf,0,VIDEO_OUTPUT_MPLANE
13617.099166,v4l2_qbuf,0,VIDEO_OUTPUT_MPLANE
13617.099186,v4l2_qbuf,3,VIDEO_CAPTURE_MPLANE
13617.104219,v4l2_dqbuf,3,VIDEO_CAPTURE_MPLANE
13617.104333,v4l2_dqbuf,0,VIDEO_OUTPUT_MPLANE
13617.115639,v4l2_qbuf,0,VIDEO_OUTPUT_MPLANE
13617.115666,v4l2_qbuf,4,VIDEO_CAPTURE_MPLANE
13617.118766,v4l2_dqbuf,4,VIDEO_CAPTURE_MPLANE
13617.118879,v4l2_dqbuf,0,VIDEO_OUTPUT_MPLANE
13617.132240,v4l2_qbuf,0,VIDEO_OUTPUT_MPLANE
13617.132261,v4l2_qbuf,5,VIDEO_CAPTURE_MPLANE
13617.134382,v4l2_dqbuf,5,VIDEO_CAPTURE_MPLANE
13617.134397,v4l2_dqbuf,0,VIDEO_OUTPUT_MPLANE
13617.148748,v4l2_qbuf,0,VIDEO_OUTPUT_MPLANE
13617.148767,v4l2_qbuf,0,VIDEO_CAPTURE_MPLANE
13617.151643,v4l2_dqbuf,0,VIDEO_CAPTURE_MPLANE
13617.151724,v4l2_dqbuf,0,VIDEO_OUTPUT_MPLANE
13617.165843,v4l2_qbuf,0,VIDEO_OUTPUT_MPLANE
13617.165860,v4l2_qbuf,2,VIDEO_CAPTURE_MPLANE
13617.169040,v4l2_dqbuf,2,VIDEO_CAPTURE_MPLANE
13617.169196,v4l2_dqbuf,0,VIDEO_OUTPUT_MPLANE
13617.182114,v4l2_qbuf,0,VIDEO_OUTPUT_MPLANE
13617.182133,v4l2_qbuf,3,VIDEO_CAPTURE_MPLANE
13617.185273,v4l2_dqbuf,3,VIDEO_CAPTURE_MPLANE
13617.185370,v4l2_dqbuf,0,VIDEO_OUTPUT_MPLANE
13617.200413,v4l2_qbuf,0,VIDEO_OUTPUT_MPLANE
13617.200431,v4l2_qbuf,4,VIDEO_CAPTURE_MPLANE
13617.202550,v4l2_dqbuf,4,VIDEO_CAPTURE_MPLANE
13617.202561,v4l2_dqbuf,0,VIDEO_OUTPUT_MPLANE
13617.215341,v4l2_qbuf,0,VIDEO_OUTPUT_MPLANE
13617.215362,v4l2_qbuf,1,VIDEO_CAPTURE_MPLANE
13617.218377,v4l2_dqbuf,1,VIDEO_CAPTURE_MPLANE
13617.218473,v4l2_dqbuf,0,VIDEO_OUTPUT_MPLANE
13617.232178,v4l2_qbuf,0,VIDEO_OUTPUT_MPLANE
13617.232207,v4l2_qbuf,0,VIDEO_CAPTURE_MPLANE
13617.235335,v4l2_dqbuf,0,VIDEO_CAPTURE_MPLANE
13617.235517,v4l2_dqbuf,0,VIDEO_OUTPUT_MPLANE
13617.248728,v4l2_qbuf,0,VIDEO_OUTPUT_MPLANE
13617.248756,v4l2_qbuf,2,VIDEO_CAPTURE_MPLANE
13617.250579,v4l2_dqbuf,2,VIDEO_CAPTURE_MPLANE
13617.250596,v4l2_dqbuf,0,VIDEO_OUTPUT_MPLANE
13617.265426,v4l2_qbuf,0,VIDEO_OUTPUT_MPLANE
13617.265453,v4l2_qbuf,3,VIDEO_CAPTURE_MPLANE
13617.267606,v4l2_dqbuf,3,VIDEO_CAPTURE_MPLANE
13617.267629,v4l2_dqbuf,0,VIDEO_OUTPUT_MPLANE
13617.284451,v4l2_qbuf,0,VIDEO_OUTPUT_MPLANE
13617.284466,v4l2_qbuf,5,VIDEO_CAPTURE_MPLANE
13617.287569,v4l2_dqbuf,5,VIDEO_CAPTURE_MPLANE
13617.287662,v4l2_dqbuf,0,VIDEO_OUTPUT_MPLANE
13617.299336,v4l2_qbuf,0,VIDEO_OUTPUT_MPLANE
13617.299365,v4l2_qbuf,1,VIDEO_CAPTURE_MPLANE
13617.302420,v4l2_dqbuf,1,VIDEO_CAPTURE_MPLANE
13617.302511,v4l2_dqbuf,0,VIDEO_OUTPUT_MPLANE
13617.318188,v4l2_qbuf,0,VIDEO_OUTPUT_MPLANE
13617.318217,v4l2_qbuf,0,VIDEO_CAPTURE_MPLANE
13617.321264,v4l2_dqbuf,0,VIDEO_CAPTURE_MPLANE
13617.321402,v4l2_dqbuf,0,VIDEO_OUTPUT_MPLANE
13617.335193,v4l2_qbuf,0,VIDEO_OUTPUT_MPLANE
13617.335231,v4l2_qbuf,4,VIDEO_CAPTURE_MPLANE
13617.337554,v4l2_dqbuf,4,VIDEO_CAPTURE_MPLANE
13617.337578,v4l2_dqbuf,0,VIDEO_OUTPUT_MPLANE
13617.352263,v4l2_qbuf,0,VIDEO_OUTPUT_MPLANE
13617.352285,v4l2_qbuf,2,VIDEO_CAPTURE_MPLANE
13617.355408,v4l2_dqbuf,2,VIDEO_CAPTURE_MPLANE
13617.355480,v4l2_dqbuf,0,VIDEO_OUTPUT_MPLANE
13617.368681,v4l2_qbuf,0,VIDEO_OUTPUT_MPLANE
13617.368695,v4l2_qbuf,5,VIDEO_CAPTURE_MPLANE
13617.371772,v4l2_dqbuf,5,VIDEO_CAPTURE_MPLANE
13617.371903,v4l2_dqbuf,0,VIDEO_OUTPUT_MPLANE
13617.384951,v4l2_qbuf,0,VIDEO_OUTPUT_MPLANE
13617.384967,v4l2_qbuf,1,VIDEO_CAPTURE_MPLANE
13617.388093,v4l2_dqbuf,1,VIDEO_CAPTURE_MPLANE
13617.388178,v4l2_dqbuf,0,VIDEO_OUTPUT_MPLANE
13617.401473,v4l2_qbuf,0,VIDEO_OUTPUT_MPLANE
13617.401492,v4l2_qbuf,0,VIDEO_CAPTURE_MPLANE
13617.403872,v4l2_dqbuf,0,VIDEO_CAPTURE_MPLANE
13617.403892,v4l2_dqbuf,0,VIDEO_OUTPUT_MPLANE
13617.418142,v4l2_qbuf,0,VIDEO_OUTPUT_MPLANE
13617.418156,v4l2_qbuf,3,VIDEO_CAPTURE_MPLANE
13617.421239,v4l2_dqbuf,3,VIDEO_CAPTURE_MPLANE
13617.421341,v4l2_dqbuf,0,VIDEO_OUTPUT_MPLANE
13617.434892,v4l2_qbuf,0,VIDEO_OUTPUT_MPLANE
13617.434913,v4l2_qbuf,2,VIDEO_CAPTURE_MPLANE
13617.437952,v4l2_dqbuf,2,VIDEO_CAPTURE_MPLANE
13617.438126,v4l2_dqbuf,0,VIDEO_OUTPUT_MPLANE
13617.451522,v4l2_qbuf,0,VIDEO_OUTPUT_MPLANE
13617.451542,v4l2_qbuf,5,VIDEO_CAPTURE_MPLANE
13617.454520,v4l2_dqbuf,5,VIDEO_CAPTURE_MPLANE
13617.454606,v4l2_dqbuf,0,VIDEO_OUTPUT_MPLANE
13617.468225,v4l2_qbuf,0,VIDEO_OUTPUT_MPLANE
13617.468260,v4l2_qbuf,1,VIDEO_CAPTURE_MPLANE
13617.470398,v4l2_dqbuf,1,VIDEO_CAPTURE_MPLANE
13617.470412,v4l2_dqbuf,0,VIDEO_OUTPUT_MPLANE
13617.486615,v4l2_qbuf,0,VIDEO_OUTPUT_MPLANE
13617.486644,v4l2_qbuf,4,VIDEO_CAPTURE_MPLANE
13617.489910,v4l2_dqbuf,4,VIDEO_CAPTURE_MPLANE
13617.490031,v4l2_dqbuf,0,VIDEO_OUTPUT_MPLANE
13617.502294,v4l2_qbuf,0,VIDEO_OUTPUT_MPLANE
13617.502321,v4l2_qbuf,3,VIDEO_CAPTURE_MPLANE
13617.505498,v4l2_dqbuf,3,VIDEO_CAPTURE_MPLANE
13617.505605,v4l2_dqbuf,0,VIDEO_OUTPUT_MPLANE
13617.518739,v4l2_qbuf,0,VIDEO_OUTPUT_MPLANE
13617.518760,v4l2_qbuf,2,VIDEO_CAPTURE_MPLANE
13617.521712,v4l2_dqbuf,2,VIDEO_CAPTURE_MPLANE
13617.521786,v4l2_dqbuf,0,VIDEO_OUTPUT_MPLANE
13617.534751,v4l2_qbuf,0,VIDEO_OUTPUT_MPLANE
13617.534773,v4l2_qbuf,5,VIDEO_CAPTURE_MPLANE
13617.537046,v4l2_dqbuf,5,VIDEO_CAPTURE_MPLANE
13617.537062,v4l2_dqbuf,0,VIDEO_OUTPUT_MPLANE
13617.551629,v4l2_qbuf,0,VIDEO_OUTPUT_MPLANE
13617.551650,v4l2_qbuf,0,VIDEO_CAPTURE_MPLANE
13617.554724,v4l2_dqbuf,0,VIDEO_CAPTURE_MPLANE
13617.554818,v4l2_dqbuf,0,VIDEO_OUTPUT_MPLANE
13617.568323,v4l2_qbuf,0,VIDEO_OUTPUT_MPLANE
13617.568365,v4l2_qbuf,4,VIDEO_CAPTURE_MPLANE
13617.571539,v4l2_dqbuf,4,VIDEO_CAPTURE_MPLANE
13617.571633,v4l2_dqbuf,0,VIDEO_OUTPUT_MPLANE
13617.585114,v4l2_qbuf,0,VIDEO_OUTPUT_MPLANE
13617.585134,v4l2_qbuf,3,VIDEO_CAPTURE_MPLANE
13617.588301,v4l2_dqbuf,3,VIDEO_CAPTURE_MPLANE
13617.588457,v4l2_dqbuf,0,VIDEO_OUTPUT_MPLANE
13617.601923,v4l2_qbuf,0,VIDEO_OUTPUT_MPLANE
13617.601968,v4l2_qbuf,2,VIDEO_CAPTURE_MPLANE
13617.604424,v4l2_dqbuf,2,VIDEO_CAPTURE_MPLANE
13617.604439,v4l2_dqbuf,0,VIDEO_OUTPUT_MPLANE
13617.619348,v4l2_qbuf,0,VIDEO_OUTPUT_MPLANE
13617.619373,v4l2_qbuf,1,VIDEO_CAPTURE_MPLANE
13617.622536,v4l2_dqbuf,1,VIDEO_CAPTURE_MPLANE
13617.622623,v4l2_dqbuf,0,VIDEO_OUTPUT_MPLANE
13617.634862,v4l2_qbuf,0,VIDEO_OUTPUT_MPLANE
13617.634882,v4l2_qbuf,0,VIDEO_CAPTURE_MPLANE
13617.637998,v4l2_dqbuf,0,VIDEO_CAPTURE_MPLANE
13617.638109,v4l2_dqbuf,0,VIDEO_OUTPUT_MPLANE
13617.654229,v4l2_qbuf,0,VIDEO_OUTPUT_MPLANE
13617.654245,v4l2_qbuf,4,VIDEO_CAPTURE_MPLANE
13617.657418,v4l2_dqbuf,4,VIDEO_CAPTURE_MPLANE
13617.657510,v4l2_dqbuf,0,VIDEO_OUTPUT_MPLANE
13617.670887,v4l2_qbuf,0,VIDEO_OUTPUT_MPLANE
13617.670907,v4l2_qbuf,3,VIDEO_CAPTURE_MPLANE
13617.673137,v4l2_dqbuf,3,VIDEO_CAPTURE_MPLANE
13617.673152,v4l2_dqbuf,0,VIDEO_OUTPUT_MPLANE
13617.687778,v4l2_qbuf,0,VIDEO_OUTPUT_MPLANE
13617.687817,v4l2_qbuf,5,VIDEO_CAPTURE_MPLANE
13617.690923,v4l2_dqbuf,5,VIDEO_CAPTURE_MPLANE
13617.691071,v4l2_dqbuf,0,VIDEO_OUTPUT_MPLANE
13617.704554,v4l2_qbuf,0,VIDEO_OUTPUT_MPLANE
13617.704593,v4l2_qbuf,1,VIDEO_CAPTURE_MPLANE
13617.707659,v4l2_dqbuf,1,VIDEO_CAPTURE_MPLANE
13617.707789,v4l2_dqbuf,0,VIDEO_OUTPUT_MPLANE
13617.720932,v4l2_qbuf,0,VIDEO_OUTPUT_MPLANE
13617.720960,v4l2_qbuf,0,VIDEO_CAPTURE_MPLANE
13617.724174,v4l2_dqbuf,0,VIDEO_CAPTURE_MPLANE
13617.724276,v4l2_dqbuf,0,VIDEO_OUTPUT_MPLANE
13617.737449,v4l2_qbuf,0,VIDEO_OUTPUT_MPLANE
13617.737470,v4l2_qbuf,4,VIDEO_CAPTURE_MPLANE
13617.739622,v4l2_dqbuf,4,VIDEO_CAPTURE_MPLANE
13617.739637,v4l2_dqbuf,0,VIDEO_OUTPUT_MPLANE
13617.754284,v4l2_qbuf,0,VIDEO_OUTPUT_MPLANE
13617.754298,v4l2_qbuf,2,VIDEO_CAPTURE_MPLANE
13617.757272,v4l2_dqbuf,2,VIDEO_CAPTURE_MPLANE
13617.757369,v4l2_dqbuf,0,VIDEO_OUTPUT_MPLANE
13617.770666,v4l2_qbuf,0,VIDEO_OUTPUT_MPLANE
13617.770686,v4l2_qbuf,5,VIDEO_CAPTURE_MPLANE
13617.773669,v4l2_dqbuf,5,VIDEO_CAPTURE_MPLANE
13617.773755,v4l2_dqbuf,0,VIDEO_OUTPUT_MPLANE
13617.787499,v4l2_qbuf,0,VIDEO_OUTPUT_MPLANE
13617.787519,v4l2_qbuf,1,VIDEO_CAPTURE_MPLANE
13617.790604,v4l2_dqbuf,1,VIDEO_CAPTURE_MPLANE
13617.790694,v4l2_dqbuf,0,VIDEO_OUTPUT_MPLANE
13617.804376,v4l2_qbuf,0,VIDEO_OUTPUT_MPLANE
13617.804398,v4l2_qbuf,0,VIDEO_CAPTURE_MPLANE
13617.806651,v4l2_dqbuf,0,VIDEO_CAPTURE_MPLANE
13617.806666,v4l2_dqbuf,0,VIDEO_OUTPUT_MPLANE
13617.821164,v4l2_qbuf,0,VIDEO_OUTPUT_MPLANE
13617.821197,v4l2_qbuf,3,VIDEO_CAPTURE_MPLANE
13617.824275,v4l2_dqbuf,3,VIDEO_CAPTURE_MPLANE
13617.824367,v4l2_dqbuf,0,VIDEO_OUTPUT_MPLANE
13617.837616,v4l2_qbuf,0,VIDEO_OUTPUT_MPLANE
13617.837642,v4l2_qbuf,2,VIDEO_CAPTURE_MPLANE
13617.840812,v4l2_dqbuf,2,VIDEO_CAPTURE_MPLANE
13617.840938,v4l2_dqbuf,0,VIDEO_OUTPUT_MPLANE
13617.854197,v4l2_qbuf,0,VIDEO_OUTPUT_MPLANE
13617.854230,v4l2_qbuf,5,VIDEO_CAPTURE_MPLANE
13617.857373,v4l2_dqbuf,5,VIDEO_CAPTURE_MPLANE
13617.857458,v4l2_dqbuf,0,VIDEO_OUTPUT_MPLANE
13617.870709,v4l2_qbuf,0,VIDEO_OUTPUT_MPLANE
13617.870731,v4l2_qbuf,1,VIDEO_CAPTURE_MPLANE
13617.872870,v4l2_dqbuf,1,VIDEO_CAPTURE_MPLANE
13617.872885,v4l2_dqbuf,0,VIDEO_OUTPUT_MPLANE
13617.887776,v4l2_qbuf,0,VIDEO_OUTPUT_MPLANE
13617.887805,v4l2_qbuf,4,VIDEO_CAPTURE_MPLANE
13617.890908,v4l2_dqbuf,4,VIDEO_CAPTURE_MPLANE
13617.891012,v4l2_dqbuf,0,VIDEO_OUTPUT_MPLANE
13617.904561,v4l2_qbuf,0,VIDEO_OUTPUT_MPLANE
13617.904581,v4l2_qbuf,3,VIDEO_CAPTURE_MPLANE
13617.907657,v4l2_dqbuf,3,VIDEO_CAPTURE_MPLANE
13617.907759,v4l2_dqbuf,0,VIDEO_OUTPUT_MPLANE
13617.920760,v4l2_qbuf,0,VIDEO_OUTPUT_MPLANE
13617.920781,v4l2_qbuf,2,VIDEO_CAPTURE_MPLANE
13617.923812,v4l2_dqbuf,2,VIDEO_CAPTURE_MPLANE
13617.923915,v4l2_dqbuf,0,VIDEO_OUTPUT_MPLANE
13617.937734,v4l2_qbuf,0,VIDEO_OUTPUT_MPLANE
13617.937754,v4l2_qbuf,5,VIDEO_CAPTURE_MPLANE
13617.940059,v4l2_dqbuf,5,VIDEO_CAPTURE_MPLANE
13617.940074,v4l2_dqbuf,0,VIDEO_OUTPUT_MPLANE
13617.954033,v4l2_qbuf,0,VIDEO_OUTPUT_MPLANE
13617.954053,v4l2_qbuf,0,VIDEO_CAPTURE_MPLANE
13617.957123,v4l2_dqbuf,0,VIDEO_CAPTURE_MPLANE
13617.957247,v4l2_dqbuf,0,VIDEO_OUTPUT_MPLANE
13617.970829,v4l2_qbuf,0,VIDEO_OUTPUT_MPLANE
13617.970854,v4l2_qbuf,4,VIDEO_CAPTURE_MPLANE
13617.973930,v4l2_dqbuf,4,VIDEO_CAPTURE_MPLANE
13617.974056,v4l2_dqbuf,0,VIDEO_OUTPUT_MPLANE
13617.987750,v4l2_qbuf,0,VIDEO_OUTPUT_MPLANE
13617.987778,v4l2_qbuf,3,VIDEO_CAPTURE_MPLANE
13617.991115,v4l2_dqbuf,3,VIDEO_CAPTURE_MPLANE
13617.991226,v4l2_dqbuf,0,VIDEO_OUTPUT_MPLANE
13618.004528,v4l2_qbuf,0,VIDEO_OUTPUT_MPLANE
13618.004550,v4l2_qbuf,2,VIDEO_CAPTURE_MPLANE
13618.006854,v4l2_dqbuf,2,VIDEO_CAPTURE_MPLANE
13618.006872,v4l2_dqbuf,0,VIDEO_OUTPUT_MPLANE
13618.023128,v4l2_qbuf,0,VIDEO_OUTPUT_MPLANE
13618.023165,v4l2_qbuf,1,VIDEO_CAPTURE_MPLANE
13618.026413,v4l2_dqbuf,1,VIDEO_CAPTURE_MPLANE
13618.026624,v4l2_dqbuf,0,VIDEO_OUTPUT_MPLANE
13618.037473,v4l2_qbuf,0,VIDEO_OUTPUT_MPLANE
13618.037489,v4l2_qbuf,0,VIDEO_CAPTURE_MPLANE
13618.040604,v4l2_dqbuf,0,VIDEO_CAPTURE_MPLANE
13618.040708,v4l2_dqbuf,0,VIDEO_OUTPUT_MPLANE
13618.056591,v4l2_qbuf,0,VIDEO_OUTPUT_MPLANE
13618.056609,v4l2_qbuf,4,VIDEO_CAPTURE_MPLANE
13618.059584,v4l2_dqbuf,4,VIDEO_CAPTURE_MPLANE
13618.059648,v4l2_dqbuf,0,VIDEO_OUTPUT_MPLANE
13618.072819,v4l2_qbuf,0,VIDEO_OUTPUT_MPLANE
13618.073068,v4l2_qbuf,3,VIDEO_CAPTURE_MPLANE
13618.075290,v4l2_dqbuf,3,VIDEO_CAPTURE_MPLANE
13618.075314,v4l2_dqbuf,0,VIDEO_OUTPUT_MPLANE
13618.089532,v4l2_qbuf,0,VIDEO_OUTPUT_MPLANE
13618.089559,v4l2_qbuf,5,VIDEO_CAPTURE_MPLANE
13618.092671,v4l2_dqbuf,5,VIDEO_CAPTURE_MPLANE
13618.092856,v4l2_dqbuf,0,VIDEO_OUTPUT_MPLANE
13618.105965,v4l2_qbuf,0,VIDEO_OUTPUT_MPLANE
13618.105987,v4l2_qbuf,1,VIDEO_CAPTURE_MPLANE
13618.109032,v4l2_dqbuf,1,VIDEO_CAPTURE_MPLANE
13618.109208,v4l2_dqbuf,0,VIDEO_OUTPUT_MPLANE
13618.122544,v4l2_qbuf,0,VIDEO_OUTPUT_MPLANE
13618.122572,v4l2_qbuf,0,VIDEO_CAPTURE_MPLANE
13618.125644,v4l2_dqbuf,0,VIDEO_CAPTURE_MPLANE
13618.125727,v4l2_dqbuf,0,VIDEO_OUTPUT_MPLANE
13618.139352,v4l2_qbuf,0,VIDEO_OUTPUT_MPLANE
13618.139371,v4l2_qbuf,4,VIDEO_CAPTURE_MPLANE
13618.141556,v4l2_dqbuf,4,VIDEO_CAPTURE_MPLANE
13618.141581,v4l2_dqbuf,0,VIDEO_OUTPUT_MPLANE
13618.155916,v4l2_qbuf,0,VIDEO_OUTPUT_MPLANE
13618.155934,v4l2_qbuf,2,VIDEO_CAPTURE_MPLANE
13618.158941,v4l2_dqbuf,2,VIDEO_CAPTURE_MPLANE
13618.159024,v4l2_dqbuf,0,VIDEO_OUTPUT_MPLANE
13618.172677,v4l2_qbuf,0,VIDEO_OUTPUT_MPLANE
13618.172698,v4l2_qbuf,5,VIDEO_CAPTURE_MPLANE
13618.175844,v4l2_dqbuf,5,VIDEO_CAPTURE_MPLANE
13618.175924,v4l2_dqbuf,0,VIDEO_OUTPUT_MPLANE
13618.189289,v4l2_qbuf,0,VIDEO_OUTPUT_MPLANE
13618.189316,v4l2_qbuf,1,VIDEO_CAPTURE_MPLANE
13618.192323,v4l2_dqbuf,1,VIDEO_CAPTURE_MPLANE
13618.192403,v4l2_dqbuf,0,VIDEO_OUTPUT_MPLANE
13618.205918,v4l2_qbuf,0,VIDEO_OUTPUT_MPLANE
13618.205938,v4l2_qbuf,0,VIDEO_CAPTURE_MPLANE
13618.208066,v4l2_dqbuf,0,VIDEO_CAPTURE_MPLANE
13618.208078,v4l2_dqbuf,0,VIDEO_OUTPUT_MPLANE
13618.222752,v4l2_qbuf,0,VIDEO_OUTPUT_MPLANE
13618.222773,v4l2_qbuf,3,VIDEO_CAPTURE_MPLANE
13618.225928,v4l2_dqbuf,3,VIDEO_CAPTURE_MPLANE
13618.226036,v4l2_dqbuf,0,VIDEO_OUTPUT_MPLANE
13618.239519,v4l2_qbuf,0,VIDEO_OUTPUT_MPLANE
13618.239541,v4l2_qbuf,2,VIDEO_CAPTURE_MPLANE
13618.242606,v4l2_dqbuf,2,VIDEO_CAPTURE_MPLANE
13618.242728,v4l2_dqbuf,0,VIDEO_OUTPUT_MPLANE
13618.256573,v4l2_qbuf,0,VIDEO_OUTPUT_MPLANE
13618.256619,v4l2_qbuf,5,VIDEO_CAPTURE_MPLANE
13618.258628,v4l2_dqbuf,5,VIDEO_CAPTURE_MPLANE
13618.258655,v4l2_dqbuf,0,VIDEO_OUTPUT_MPLANE
13618.272657,v4l2_qbuf,0,VIDEO_OUTPUT_MPLANE
13618.272685,v4l2_qbuf,1,VIDEO_CAPTURE_MPLANE
13618.274788,v4l2_dqbuf,1,VIDEO_CAPTURE_MPLANE
13618.274806,v4l2_dqbuf,0,VIDEO_OUTPUT_MPLANE
13618.289515,v4l2_qbuf,0,VIDEO_OUTPUT_MPLANE
13618.289551,v4l2_qbuf,4,VIDEO_CAPTURE_MPLANE
13618.292639,v4l2_dqbuf,4,VIDEO_CAPTURE_MPLANE
13618.292822,v4l2_dqbuf,0,VIDEO_OUTPUT_MPLANE
13618.305954,v4l2_qbuf,0,VIDEO_OUTPUT_MPLANE
13618.305969,v4l2_qbuf,3,VIDEO_CAPTURE_MPLANE
13618.309095,v4l2_dqbuf,3,VIDEO_CAPTURE_MPLANE
13618.309176,v4l2_dqbuf,0,VIDEO_OUTPUT_MPLANE
13618.323526,v4l2_qbuf,0,VIDEO_OUTPUT_MPLANE
13618.323548,v4l2_qbuf,2,VIDEO_CAPTURE_MPLANE
13618.326658,v4l2_dqbuf,2,VIDEO_CAPTURE_MPLANE
13618.326732,v4l2_dqbuf,0,VIDEO_OUTPUT_MPLANE
13618.339294,v4l2_qbuf,0,VIDEO_OUTPUT_MPLANE
13618.339543,v4l2_qbuf,0,VIDEO_CAPTURE_MPLANE
13618.341640,v4l2_dqbuf,0,VIDEO_CAPTURE_MPLANE
13618.341654,v4l2_dqbuf,0,VIDEO_OUTPUT_MPLANE
13618.355850,v4l2_qbuf,0,VIDEO_OUTPUT_MPLANE
13618.355871,v4l2_qbuf,5,VIDEO_CAPTURE_MPLANE
13618.358896,v4l2_dqbuf,5,VIDEO_CAPTURE_MPLANE
13618.358979,v4l2_dqbuf,0,VIDEO_OUTPUT_MPLANE
13618.372468,v4l2_qbuf,0,VIDEO_OUTPUT_MPLANE
13618.372484,v4l2_qbuf,4,VIDEO_CAPTURE_MPLANE
13618.375548,v4l2_dqbuf,4,VIDEO_CAPTURE_MPLANE
13618.375623,v4l2_dqbuf,0,VIDEO_OUTPUT_MPLANE
13618.389104,v4l2_qbuf,0,VIDEO_OUTPUT_MPLANE
13618.389120,v4l2_qbuf,3,VIDEO_CAPTURE_MPLANE
13618.393249,v4l2_dqbuf,3,VIDEO_CAPTURE_MPLANE
13618.393354,v4l2_dqbuf,0,VIDEO_OUTPUT_MPLANE
13618.405933,v4l2_qbuf,0,VIDEO_OUTPUT_MPLANE
13618.405954,v4l2_qbuf,2,VIDEO_CAPTURE_MPLANE
13618.407988,v4l2_dqbuf,2,VIDEO_CAPTURE_MPLANE
13618.408010,v4l2_dqbuf,0,VIDEO_OUTPUT_MPLANE
13618.422573,v4l2_qbuf,0,VIDEO_OUTPUT_MPLANE
13618.422588,v4l2_qbuf,1,VIDEO_CAPTURE_MPLANE
13618.425553,v4l2_dqbuf,1,VIDEO_CAPTURE_MPLANE
13618.425637,v4l2_dqbuf,0,VIDEO_OUTPUT_MPLANE
13618.439227,v4l2_qbuf,0,VIDEO_OUTPUT_MPLANE
13618.439248,v4l2_qbuf,5,VIDEO_CAPTURE_MPLANE
13618.442265,v4l2_dqbuf,5,VIDEO_CAPTURE_MPLANE
13618.442346,v4l2_dqbuf,0,VIDEO_OUTPUT_MPLANE
13618.455862,v4l2_qbuf,0,VIDEO_OUTPUT_MPLANE
13618.455890,v4l2_qbuf,4,VIDEO_CAPTURE_MPLANE
13618.459054,v4l2_dqbuf,4,VIDEO_CAPTURE_MPLANE
13618.459193,v4l2_dqbuf,0,VIDEO_OUTPUT_MPLANE
13618.472476,v4l2_qbuf,0,VIDEO_OUTPUT_MPLANE
13618.472497,v4l2_qbuf,3,VIDEO_CAPTURE_MPLANE
13618.474616,v4l2_dqbuf,3,VIDEO_CAPTURE_MPLANE
13618.474630,v4l2_dqbuf,0,VIDEO_OUTPUT_MPLANE
13618.489590,v4l2_qbuf,0,VIDEO_OUTPUT_MPLANE
13618.489617,v4l2_qbuf,0,VIDEO_CAPTURE_MPLANE
13618.492753,v4l2_dqbuf,0,VIDEO_CAPTURE_MPLANE
13618.492830,v4l2_dqbuf,0,VIDEO_OUTPUT_MPLANE
13618.506449,v4l2_qbuf,0,VIDEO_OUTPUT_MPLANE
13618.506494,v4l2_qbuf,1,VIDEO_CAPTURE_MPLANE
13618.509766,v4l2_dqbuf,1,VIDEO_CAPTURE_MPLANE
13618.509850,v4l2_dqbuf,0,VIDEO_OUTPUT_MPLANE
13618.523765,v4l2_qbuf,0,VIDEO_OUTPUT_MPLANE
13618.523785,v4l2_qbuf,5,VIDEO_CAPTURE_MPLANE
13618.526894,v4l2_dqbuf,5,VIDEO_CAPTURE_MPLANE
13618.526984,v4l2_dqbuf,0,VIDEO_OUTPUT_MPLANE
13618.539552,v4l2_qbuf,0,VIDEO_OUTPUT_MPLANE
13618.539572,v4l2_qbuf,4,VIDEO_CAPTURE_MPLANE
13618.541845,v4l2_dqbuf,4,VIDEO_CAPTURE_MPLANE
13618.541867,v4l2_dqbuf,0,VIDEO_OUTPUT_MPLANE
13618.556118,v4l2_qbuf,0,VIDEO_OUTPUT_MPLANE
13618.556137,v4l2_qbuf,2,VIDEO_CAPTURE_MPLANE
13618.559359,v4l2_dqbuf,2,VIDEO_CAPTURE_MPLANE
13618.559493,v4l2_dqbuf,0,VIDEO_OUTPUT_MPLANE
13618.572931,v4l2_qbuf,0,VIDEO_OUTPUT_MPLANE
13618.572963,v4l2_qbuf,0,VIDEO_CAPTURE_MPLANE
13618.577404,v4l2_dqbuf,0,VIDEO_CAPTURE_MPLANE
13618.577531,v4l2_dqbuf,0,VIDEO_OUTPUT_MPLANE
13618.589459,v4l2_qbuf,0,VIDEO_OUTPUT_MPLANE
13618.589479,v4l2_qbuf,1,VIDEO_CAPTURE_MPLANE
13618.592633,v4l2_dqbuf,1,VIDEO_CAPTURE_MPLANE
13618.592806,v4l2_dqbuf,0,VIDEO_OUTPUT_MPLANE
13618.606348,v4l2_qbuf,0,VIDEO_OUTPUT_MPLANE
13618.606369,v4l2_qbuf,5,VIDEO_CAPTURE_MPLANE
13618.608704,v4l2_dqbuf,5,VIDEO_CAPTURE_MPLANE
13618.608721,v4l2_dqbuf,0,VIDEO_OUTPUT_MPLANE
13618.622871,v4l2_qbuf,0,VIDEO_OUTPUT_MPLANE
13618.622890,v4l2_qbuf,3,VIDEO_CAPTURE_MPLANE
13618.626071,v4l2_dqbuf,3,VIDEO_CAPTURE_MPLANE
13618.626211,v4l2_dqbuf,0,VIDEO_OUTPUT_MPLANE
13618.639617,v4l2_qbuf,0,VIDEO_OUTPUT_MPLANE
13618.639691,v4l2_qbuf,2,VIDEO_CAPTURE_MPLANE
13618.642943,v4l2_dqbuf,2,VIDEO_CAPTURE_MPLANE
13618.643096,v4l2_dqbuf,0,VIDEO_OUTPUT_MPLANE
13618.656164,v4l2_qbuf,0,VIDEO_OUTPUT_MPLANE
13618.656186,v4l2_qbuf,0,VIDEO_CAPTURE_MPLANE
13618.659370,v4l2_dqbuf,0,VIDEO_CAPTURE_MPLANE
13618.659574,v4l2_dqbuf,0,VIDEO_OUTPUT_MPLANE
13618.673099,v4l2_qbuf,0,VIDEO_OUTPUT_MPLANE
13618.673143,v4l2_qbuf,1,VIDEO_CAPTURE_MPLANE
13618.675504,v4l2_dqbuf,1,VIDEO_CAPTURE_MPLANE
13618.675519,v4l2_dqbuf,0,VIDEO_OUTPUT_MPLANE
13618.689665,v4l2_qbuf,0,VIDEO_OUTPUT_MPLANE
13618.689686,v4l2_qbuf,4,VIDEO_CAPTURE_MPLANE
13618.692775,v4l2_dqbuf,4,VIDEO_CAPTURE_MPLANE
13618.692869,v4l2_dqbuf,0,VIDEO_OUTPUT_MPLANE
13618.706245,v4l2_qbuf,0,VIDEO_OUTPUT_MPLANE
13618.706277,v4l2_qbuf,3,VIDEO_CAPTURE_MPLANE
13618.709458,v4l2_dqbuf,3,VIDEO_CAPTURE_MPLANE
13618.709552,v4l2_dqbuf,0,VIDEO_OUTPUT_MPLANE
13618.722677,v4l2_qbuf,0,VIDEO_OUTPUT_MPLANE
13618.722698,v4l2_qbuf,2,VIDEO_CAPTURE_MPLANE
13618.725860,v4l2_dqbuf,2,VIDEO_CAPTURE_MPLANE
13618.725952,v4l2_dqbuf,0,VIDEO_OUTPUT_MPLANE
13618.739388,v4l2_qbuf,0,VIDEO_OUTPUT_MPLANE
13618.739408,v4l2_qbuf,0,VIDEO_CAPTURE_MPLANE
13618.741687,v4l2_dqbuf,0,VIDEO_CAPTURE_MPLANE
13618.741702,v4l2_dqbuf,0,VIDEO_OUTPUT_MPLANE
13618.756477,v4l2_qbuf,0,VIDEO_OUTPUT_MPLANE
13618.756512,v4l2_qbuf,5,VIDEO_CAPTURE_MPLANE
13618.759705,v4l2_dqbuf,5,VIDEO_CAPTURE_MPLANE
13618.760081,v4l2_dqbuf,0,VIDEO_OUTPUT_MPLANE
13618.773032,v4l2_qbuf,0,VIDEO_OUTPUT_MPLANE
13618.773053,v4l2_qbuf,4,VIDEO_CAPTURE_MPLANE
13618.776152,v4l2_dqbuf,4,VIDEO_CAPTURE_MPLANE
13618.776241,v4l2_dqbuf,0,VIDEO_OUTPUT_MPLANE
13618.789466,v4l2_qbuf,0,VIDEO_OUTPUT_MPLANE
13618.789497,v4l2_qbuf,3,VIDEO_CAPTURE_MPLANE
13618.792620,v4l2_dqbuf,3,VIDEO_CAPTURE_MPLANE
13618.792710,v4l2_dqbuf,0,VIDEO_OUTPUT_MPLANE
13618.806384,v4l2_qbuf,0,VIDEO_OUTPUT_MPLANE
13618.806415,v4l2_qbuf,2,VIDEO_CAPTURE_MPLANE
13618.808607,v4l2_dqbuf,2,VIDEO_CAPTURE_MPLANE
13618.808621,v4l2_dqbuf,0,VIDEO_OUTPUT_MPLANE
13618.823026,v4l2_qbuf,0,VIDEO_OUTPUT_MPLANE
13618.823044,v4l2_qbuf,1,VIDEO_CAPTURE_MPLANE
13618.826219,v4l2_dqbuf,1,VIDEO_CAPTURE_MPLANE
13618.826305,v4l2_dqbuf,0,VIDEO_OUTPUT_MPLANE
13618.839365,v4l2_qbuf,0,VIDEO_OUTPUT_MPLANE
13618.839410,v4l2_qbuf,5,VIDEO_CAPTURE_MPLANE
13618.842451,v4l2_dqbuf,5,VIDEO_CAPTURE_MPLANE
13618.842571,v4l2_dqbuf,0,VIDEO_OUTPUT_MPLANE
13618.856346,v4l2_qbuf,0,VIDEO_OUTPUT_MPLANE
13618.856374,v4l2_qbuf,4,VIDEO_CAPTURE_MPLANE
13618.859496,v4l2_dqbuf,4,VIDEO_CAPTURE_MPLANE
13618.859577,v4l2_dqbuf,0,VIDEO_OUTPUT_MPLANE
13618.873245,v4l2_qbuf,0,VIDEO_OUTPUT_MPLANE
13618.873282,v4l2_qbuf,3,VIDEO_CAPTURE_MPLANE
13618.875879,v4l2_dqbuf,3,VIDEO_CAPTURE_MPLANE
13618.875912,v4l2_dqbuf,0,VIDEO_OUTPUT_MPLANE
13618.900199,v4l2_qbuf,0,VIDEO_OUTPUT_MPLANE
13618.900219,v4l2_qbuf,0,VIDEO_CAPTURE_MPLANE
13618.905439,v4l2_dqbuf,0,VIDEO_CAPTURE_MPLANE
13618.905533,v4l2_dqbuf,0,VIDEO_OUTPUT_MPLANE
13618.907538,v4l2_qbuf,0,VIDEO_OUTPUT_MPLANE
13618.907564,v4l2_qbuf,1,VIDEO_CAPTURE_MPLANE
13618.910720,v4l2_dqbuf,1,VIDEO_CAPTURE_MPLANE
13618.910806,v4l2_dqbuf,0,VIDEO_OUTPUT_MPLANE
13618.922807,v4l2_qbuf,0,VIDEO_OUTPUT_MPLANE
13618.922829,v4l2_qbuf,5,VIDEO_CAPTURE_MPLANE
13618.925981,v4l2_dqbuf,5,VIDEO_CAPTURE_MPLANE
13618.926096,v4l2_dqbuf,0,VIDEO_OUTPUT_MPLANE
13618.939591,v4l2_qbuf,0,VIDEO_OUTPUT_MPLANE
13618.939613,v4l2_qbuf,4,VIDEO_CAPTURE_MPLANE
13618.941807,v4l2_dqbuf,4,VIDEO_CAPTURE_MPLANE
13618.941822,v4l2_dqbuf,0,VIDEO_OUTPUT_MPLANE
13618.956342,v4l2_qbuf,0,VIDEO_OUTPUT_MPLANE
13618.956379,v4l2_qbuf,2,VIDEO_CAPTURE_MPLANE
13618.959588,v4l2_dqbuf,2,VIDEO_CAPTURE_MPLANE
13618.959716,v4l2_dqbuf,0,VIDEO_OUTPUT_MPLANE
13618.973392,v4l2_qbuf,0,VIDEO_OUTPUT_MPLANE
13618.973430,v4l2_qbuf,0,VIDEO_CAPTURE_MPLANE
13618.976442,v4l2_dqbuf,0,VIDEO_CAPTURE_MPLANE
13618.976522,v4l2_dqbuf,0,VIDEO_OUTPUT_MPLANE
13618.989604,v4l2_qbuf,0,VIDEO_OUTPUT_MPLANE
13618.989624,v4l2_qbuf,1,VIDEO_CAPTURE_MPLANE
13618.995156,v4l2_dqbuf,1,VIDEO_CAPTURE_MPLANE
13618.995233,v4l2_dqbuf,0,VIDEO_OUTPUT_MPLANE
13619.006166,v4l2_qbuf,0,VIDEO_OUTPUT_MPLANE
13619.006187,v4l2_qbuf,5,VIDEO_CAPTURE_MPLANE
13619.008407,v4l2_dqbuf,5,VIDEO_CAPTURE_MPLANE
13619.008421,v4l2_dqbuf,0,VIDEO_OUTPUT_MPLANE
13619.022744,v4l2_qbuf,0,VIDEO_OUTPUT_MPLANE
13619.022764,v4l2_qbuf,3,VIDEO_CAPTURE_MPLANE
13619.026024,v4l2_dqbuf,3,VIDEO_CAPTURE_MPLANE
13619.026102,v4l2_dqbuf,0,VIDEO_OUTPUT_MPLANE
13619.039524,v4l2_qbuf,0,VIDEO_OUTPUT_MPLANE
13619.039546,v4l2_qbuf,2,VIDEO_CAPTURE_MPLANE
13619.042718,v4l2_dqbuf,2,VIDEO_CAPTURE_MPLANE
13619.042815,v4l2_dqbuf,0,VIDEO_OUTPUT_MPLANE
13619.056074,v4l2_qbuf,0,VIDEO_OUTPUT_MPLANE
13619.056097,v4l2_qbuf,0,VIDEO_CAPTURE_MPLANE
13619.059381,v4l2_dqbuf,0,VIDEO_CAPTURE_MPLANE
13619.059467,v4l2_dqbuf,0,VIDEO_OUTPUT_MPLANE
13619.072666,v4l2_qbuf,0,VIDEO_OUTPUT_MPLANE
13619.072685,v4l2_qbuf,1,VIDEO_CAPTURE_MPLANE
13619.074927,v4l2_dqbuf,1,VIDEO_CAPTURE_MPLANE
13619.074942,v4l2_dqbuf,0,VIDEO_OUTPUT_MPLANE
13619.089385,v4l2_qbuf,0,VIDEO_OUTPUT_MPLANE
13619.089406,v4l2_qbuf,4,VIDEO_CAPTURE_MPLANE
13619.092490,v4l2_dqbuf,4,VIDEO_CAPTURE_MPLANE
13619.092570,v4l2_dqbuf,0,VIDEO_OUTPUT_MPLANE
13619.105888,v4l2_qbuf,0,VIDEO_OUTPUT_MPLANE
13619.105908,v4l2_qbuf,3,VIDEO_CAPTURE_MPLANE
13619.109047,v4l2_dqbuf,3,VIDEO_CAPTURE_MPLANE
13619.109195,v4l2_dqbuf,0,VIDEO_OUTPUT_MPLANE
13619.122879,v4l2_qbuf,0,VIDEO_OUTPUT_MPLANE
13619.122901,v4l2_qbuf,2,VIDEO_CAPTURE_MPLANE
13619.126267,v4l2_dqbuf,2,VIDEO_CAPTURE_MPLANE
13619.126364,v4l2_dqbuf,0,VIDEO_OUTPUT_MPLANE
13619.139310,v4l2_qbuf,0,VIDEO_OUTPUT_MPLANE
13619.139330,v4l2_qbuf,0,VIDEO_CAPTURE_MPLANE
13619.141563,v4l2_dqbuf,0,VIDEO_CAPTURE_MPLANE
13619.141576,v4l2_dqbuf,0,VIDEO_OUTPUT_MPLANE
13619.155968,v4l2_qbuf,0,VIDEO_OUTPUT_MPLANE
13619.155996,v4l2_qbuf,5,VIDEO_CAPTURE_MPLANE
13619.159258,v4l2_dqbuf,5,VIDEO_CAPTURE_MPLANE
13619.159423,v4l2_dqbuf,0,VIDEO_OUTPUT_MPLANE
13619.172791,v4l2_qbuf,0,VIDEO_OUTPUT_MPLANE
13619.172824,v4l2_qbuf,4,VIDEO_CAPTURE_MPLANE
13619.175990,v4l2_dqbuf,4,VIDEO_CAPTURE_MPLANE
13619.176136,v4l2_dqbuf,0,VIDEO_OUTPUT_MPLANE
13619.190554,v4l2_qbuf,0,VIDEO_OUTPUT_MPLANE
13619.190585,v4l2_qbuf,3,VIDEO_CAPTURE_MPLANE
13619.193544,v4l2_dqbuf,3,VIDEO_CAPTURE_MPLANE
13619.193637,v4l2_dqbuf,0,VIDEO_OUTPUT_MPLANE
13619.208305,v4l2_qbuf,0,VIDEO_OUTPUT_MPLANE
13619.208333,v4l2_qbuf,2,VIDEO_CAPTURE_MPLANE
13619.210771,v4l2_dqbuf,2,VIDEO_CAPTURE_MPLANE
13619.210792,v4l2_dqbuf,0,VIDEO_OUTPUT_MPLANE
13619.222816,v4l2_qbuf,0,VIDEO_OUTPUT_MPLANE
13619.222838,v4l2_qbuf,1,VIDEO_CAPTURE_MPLANE
13619.226226,v4l2_dqbuf,1,VIDEO_CAPTURE_MPLANE
13619.226335,v4l2_dqbuf,0,VIDEO_OUTPUT_MPLANE
13619.239278,v4l2_qbuf,0,VIDEO_OUTPUT_MPLANE
13619.239306,v4l2_qbuf,5,VIDEO_CAPTURE_MPLANE
13619.242739,v4l2_dqbuf,5,VIDEO_CAPTURE_MPLANE
13619.242887,v4l2_dqbuf,0,VIDEO_OUTPUT_MPLANE
13619.256371,v4l2_qbuf,0,VIDEO_OUTPUT_MPLANE
13619.256410,v4l2_qbuf,4,VIDEO_CAPTURE_MPLANE
13619.258433,v4l2_dqbuf,4,VIDEO_CAPTURE_MPLANE
13619.258454,v4l2_dqbuf,0,VIDEO_OUTPUT_MPLANE
13619.272698,v4l2_qbuf,0,VIDEO_OUTPUT_MPLANE
13619.272728,v4l2_qbuf,3,VIDEO_CAPTURE_MPLANE
13619.274831,v4l2_dqbuf,3,VIDEO_CAPTURE_MPLANE
13619.274843,v4l2_dqbuf,0,VIDEO_OUTPUT_MPLANE
13619.289214,v4l2_qbuf,0,VIDEO_OUTPUT_MPLANE
13619.289231,v4l2_qbuf,0,VIDEO_CAPTURE_MPLANE
13619.292520,v4l2_dqbuf,0,VIDEO_CAPTURE_MPLANE
13619.292656,v4l2_dqbuf,0,VIDEO_OUTPUT_MPLANE
13619.305986,v4l2_qbuf,0,VIDEO_OUTPUT_MPLANE
13619.306014,v4l2_qbuf,1,VIDEO_CAPTURE_MPLANE
13619.309312,v4l2_dqbuf,1,VIDEO_CAPTURE_MPLANE
13619.309449,v4l2_dqbuf,0,VIDEO_OUTPUT_MPLANE
13619.322701,v4l2_qbuf,0,VIDEO_OUTPUT_MPLANE
13619.322773,v4l2_qbuf,5,VIDEO_CAPTURE_MPLANE
13619.326064,v4l2_dqbuf,5,VIDEO_CAPTURE_MPLANE
13619.326231,v4l2_dqbuf,0,VIDEO_OUTPUT_MPLANE
13619.339330,v4l2_qbuf,0,VIDEO_OUTPUT_MPLANE
13619.339358,v4l2_qbuf,2,VIDEO_CAPTURE_MPLANE
13619.341734,v4l2_dqbuf,2,VIDEO_CAPTURE_MPLANE
13619.341746,v4l2_dqbuf,0,VIDEO_OUTPUT_MPLANE
13619.356061,v4l2_qbuf,0,VIDEO_OUTPUT_MPLANE
13619.356079,v4l2_qbuf,4,VIDEO_CAPTURE_MPLANE
13619.359423,v4l2_dqbuf,4,VIDEO_CAPTURE_MPLANE
13619.359519,v4l2_dqbuf,0,VIDEO_OUTPUT_MPLANE
13619.372978,v4l2_qbuf,0,VIDEO_OUTPUT_MPLANE
13619.373034,v4l2_qbuf,0,VIDEO_CAPTURE_MPLANE
13619.376365,v4l2_dqbuf,0,VIDEO_CAPTURE_MPLANE
13619.376505,v4l2_dqbuf,0,VIDEO_OUTPUT_MPLANE
13619.389205,v4l2_qbuf,0,VIDEO_OUTPUT_MPLANE
13619.389236,v4l2_qbuf,1,VIDEO_CAPTURE_MPLANE
13619.392476,v4l2_dqbuf,1,VIDEO_CAPTURE_MPLANE
13619.392590,v4l2_dqbuf,0,VIDEO_OUTPUT_MPLANE
13619.406163,v4l2_qbuf,0,VIDEO_OUTPUT_MPLANE
13619.406179,v4l2_qbuf,5,VIDEO_CAPTURE_MPLANE
13619.408500,v4l2_dqbuf,5,VIDEO_CAPTURE_MPLANE
13619.408513,v4l2_dqbuf,0,VIDEO_OUTPUT_MPLANE
13619.436501,v4l2_qbuf,0,VIDEO_OUTPUT_MPLANE
13619.436576,v4l2_qbuf,3,VIDEO_CAPTURE_MPLANE
13619.439402,v4l2_qbuf,1,VIDEO_OUTPUT_MPLANE
13619.439422,v4l2_qbuf,4,VIDEO_CAPTURE_MPLANE
13619.439980,v4l2_dqbuf,3,VIDEO_CAPTURE_MPLANE
13619.440162,v4l2_dqbuf,0,VIDEO_OUTPUT_MPLANE
13619.443442,v4l2_dqbuf,4,VIDEO_CAPTURE_MPLANE
13619.443567,v4l2_dqbuf,1,VIDEO_OUTPUT_MPLANE
13619.455902,v4l2_qbuf,0,VIDEO_OUTPUT_MPLANE
13619.455942,v4l2_qbuf,0,VIDEO_CAPTURE_MPLANE
13619.458960,v4l2_dqbuf,0,VIDEO_CAPTURE_MPLANE
13619.459127,v4l2_dqbuf,0,VIDEO_OUTPUT_MPLANE
13619.472829,v4l2_qbuf,0,VIDEO_OUTPUT_MPLANE
13619.472859,v4l2_qbuf,1,VIDEO_CAPTURE_MPLANE
13619.475058,v4l2_dqbuf,1,VIDEO_CAPTURE_MPLANE
13619.475069,v4l2_dqbuf,0,VIDEO_OUTPUT_MPLANE
13619.489247,v4l2_qbuf,0,VIDEO_OUTPUT_MPLANE
13619.489265,v4l2_qbuf,2,VIDEO_CAPTURE_MPLANE
13619.492338,v4l2_dqbuf,2,VIDEO_CAPTURE_MPLANE
13619.492420,v4l2_dqbuf,0,VIDEO_OUTPUT_MPLANE
13619.505870,v4l2_qbuf,0,VIDEO_OUTPUT_MPLANE
13619.505891,v4l2_qbuf,3,VIDEO_CAPTURE_MPLANE
13619.509131,v4l2_dqbuf,3,VIDEO_CAPTURE_MPLANE
13619.509224,v4l2_dqbuf,0,VIDEO_OUTPUT_MPLANE
13619.522583,v4l2_qbuf,0,VIDEO_OUTPUT_MPLANE
13619.522601,v4l2_qbuf,4,VIDEO_CAPTURE_MPLANE
13619.525766,v4l2_dqbuf,4,VIDEO_CAPTURE_MPLANE
13619.525892,v4l2_dqbuf,0,VIDEO_OUTPUT_MPLANE
13619.539262,v4l2_qbuf,0,VIDEO_OUTPUT_MPLANE
13619.539283,v4l2_qbuf,0,VIDEO_CAPTURE_MPLANE
13619.541456,v4l2_dqbuf,0,VIDEO_CAPTURE_MPLANE
13619.541479,v4l2_dqbuf,0,VIDEO_OUTPUT_MPLANE
13619.555919,v4l2_qbuf,0,VIDEO_OUTPUT_MPLANE
13619.555951,v4l2_qbuf,5,VIDEO_CAPTURE_MPLANE
13619.559077,v4l2_dqbuf,5,VIDEO_CAPTURE_MPLANE
13619.559221,v4l2_dqbuf,0,VIDEO_OUTPUT_MPLANE
13619.572535,v4l2_qbuf,0,VIDEO_OUTPUT_MPLANE
13619.572567,v4l2_qbuf,2,VIDEO_CAPTURE_MPLANE
13619.575604,v4l2_dqbuf,2,VIDEO_CAPTURE_MPLANE
13619.575682,v4l2_dqbuf,0,VIDEO_OUTPUT_MPLANE
13619.589236,v4l2_qbuf,0,VIDEO_OUTPUT_MPLANE
13619.589255,v4l2_qbuf,3,VIDEO_CAPTURE_MPLANE
13619.592442,v4l2_dqbuf,3,VIDEO_CAPTURE_MPLANE
13619.592539,v4l2_dqbuf,0,VIDEO_OUTPUT_MPLANE
13619.605915,v4l2_qbuf,0,VIDEO_OUTPUT_MPLANE
13619.605936,v4l2_qbuf,4,VIDEO_CAPTURE_MPLANE
13619.608058,v4l2_dqbuf,4,VIDEO_CAPTURE_MPLANE
13619.608073,v4l2_dqbuf,0,VIDEO_OUTPUT_MPLANE
13619.622580,v4l2_qbuf,0,VIDEO_OUTPUT_MPLANE
13619.622598,v4l2_qbuf,1,VIDEO_CAPTURE_MPLANE
13619.625681,v4l2_dqbuf,1,VIDEO_CAPTURE_MPLANE
13619.625770,v4l2_dqbuf,0,VIDEO_OUTPUT_MPLANE
13619.639317,v4l2_qbuf,0,VIDEO_OUTPUT_MPLANE
13619.639338,v4l2_qbuf,5,VIDEO_CAPTURE_MPLANE
13619.642628,v4l2_dqbuf,5,VIDEO_CAPTURE_MPLANE
13619.642717,v4l2_dqbuf,0,VIDEO_OUTPUT_MPLANE
13619.656070,v4l2_qbuf,0,VIDEO_OUTPUT_MPLANE
13619.656091,v4l2_qbuf,2,VIDEO_CAPTURE_MPLANE
13619.660325,v4l2_dqbuf,2,VIDEO_CAPTURE_MPLANE
13619.660442,v4l2_dqbuf,0,VIDEO_OUTPUT_MPLANE
13619.673051,v4l2_qbuf,0,VIDEO_OUTPUT_MPLANE
13619.673087,v4l2_qbuf,3,VIDEO_CAPTURE_MPLANE
13619.675421,v4l2_dqbuf,3,VIDEO_CAPTURE_MPLANE
13619.675443,v4l2_dqbuf,0,VIDEO_OUTPUT_MPLANE
13619.689484,v4l2_qbuf,0,VIDEO_OUTPUT_MPLANE
13619.689519,v4l2_qbuf,0,VIDEO_CAPTURE_MPLANE
13619.692629,v4l2_dqbuf,0,VIDEO_CAPTURE_MPLANE
13619.692721,v4l2_dqbuf,0,VIDEO_OUTPUT_MPLANE
13619.705869,v4l2_qbuf,0,VIDEO_OUTPUT_MPLANE
13619.705891,v4l2_qbuf,1,VIDEO_CAPTURE_MPLANE
13619.709128,v4l2_dqbuf,1,VIDEO_CAPTURE_MPLANE
13619.709239,v4l2_dqbuf,0,VIDEO_OUTPUT_MPLANE
13619.723062,v4l2_qbuf,0,VIDEO_OUTPUT_MPLANE
13619.723082,v4l2_qbuf,5,VIDEO_CAPTURE_MPLANE
13619.726491,v4l2_dqbuf,5,VIDEO_CAPTURE_MPLANE
13619.726677,v4l2_dqbuf,0,VIDEO_OUTPUT_MPLANE
13619.739678,v4l2_qbuf,0,VIDEO_OUTPUT_MPLANE
13619.739700,v4l2_qbuf,2,VIDEO_CAPTURE_MPLANE
13619.742045,v4l2_dqbuf,2,VIDEO_CAPTURE_MPLANE
13619.742061,v4l2_dqbuf,0,VIDEO_OUTPUT_MPLANE
13619.756125,v4l2_qbuf,0,VIDEO_OUTPUT_MPLANE
13619.756146,v4l2_qbuf,4,VIDEO_CAPTURE_MPLANE
13619.759455,v4l2_dqbuf,4,VIDEO_CAPTURE_MPLANE
13619.759550,v4l2_dqbuf,0,VIDEO_OUTPUT_MPLANE
13619.772874,v4l2_qbuf,0,VIDEO_OUTPUT_MPLANE
13619.772893,v4l2_qbuf,0,VIDEO_CAPTURE_MPLANE
13619.776191,v4l2_dqbuf,0,VIDEO_CAPTURE_MPLANE
13619.776300,v4l2_dqbuf,0,VIDEO_OUTPUT_MPLANE
13619.789265,v4l2_qbuf,0,VIDEO_OUTPUT_MPLANE
13619.789286,v4l2_qbuf,1,VIDEO_CAPTURE_MPLANE
13619.791523,v4l2_dqbuf,1,VIDEO_CAPTURE_MPLANE
13619.791538,v4l2_dqbuf,0,VIDEO_OUTPUT_MPLANE
13619.805821,v4l2_qbuf,0,VIDEO_OUTPUT_MPLANE
13619.805844,v4l2_qbuf,5,VIDEO_CAPTURE_MPLANE
13619.809105,v4l2_dqbuf,5,VIDEO_CAPTURE_MPLANE
13619.809207,v4l2_dqbuf,0,VIDEO_OUTPUT_MPLANE
13619.823215,v4l2_qbuf,0,VIDEO_OUTPUT_MPLANE
13619.823249,v4l2_qbuf,3,VIDEO_CAPTURE_MPLANE
13619.826467,v4l2_dqbuf,3,VIDEO_CAPTURE_MPLANE
13619.826637,v4l2_dqbuf,0,VIDEO_OUTPUT_MPLANE
13619.839202,v4l2_qbuf,0,VIDEO_OUTPUT_MPLANE
13619.839221,v4l2_qbuf,4,VIDEO_CAPTURE_MPLANE
13619.842423,v4l2_dqbuf,4,VIDEO_CAPTURE_MPLANE
13619.842506,v4l2_dqbuf,0,VIDEO_OUTPUT_MPLANE
13619.855951,v4l2_qbuf,0,VIDEO_OUTPUT_MPLANE
13619.855971,v4l2_qbuf,0,VIDEO_CAPTURE_MPLANE
13619.858193,v4l2_dqbuf,0,VIDEO_CAPTURE_MPLANE
13619.858213,v4l2_dqbuf,0,VIDEO_OUTPUT_MPLANE
13619.872771,v4l2_qbuf,0,VIDEO_OUTPUT_MPLANE
13619.872792,v4l2_qbuf,2,VIDEO_CAPTURE_MPLANE
13619.875943,v4l2_dqbuf,2,VIDEO_CAPTURE_MPLANE
13619.876045,v4l2_dqbuf,0,VIDEO_OUTPUT_MPLANE
13619.889380,v4l2_qbuf,0,VIDEO_OUTPUT_MPLANE
13619.889408,v4l2_qbuf,5,VIDEO_CAPTURE_MPLANE
13619.892806,v4l2_dqbuf,5,VIDEO_CAPTURE_MPLANE
13619.892899,v4l2_dqbuf,0,VIDEO_OUTPUT_MPLANE
13619.906091,v4l2_qbuf,0,VIDEO_OUTPUT_MPLANE
13619.906142,v4l2_qbuf,3,VIDEO_CAPTURE_MPLANE
13619.909375,v4l2_dqbuf,3,VIDEO_CAPTURE_MPLANE
13619.909499,v4l2_dqbuf,0,VIDEO_OUTPUT_MPLANE
13619.922819,v4l2_qbuf,0,VIDEO_OUTPUT_MPLANE
13619.922845,v4l2_qbuf,4,VIDEO_CAPTURE_MPLANE
13619.925082,v4l2_dqbuf,4,VIDEO_CAPTURE_MPLANE
13619.925100,v4l2_dqbuf,0,VIDEO_OUTPUT_MPLANE
13619.940219,v4l2_qbuf,0,VIDEO_OUTPUT_MPLANE
13619.940241,v4l2_qbuf,1,VIDEO_CAPTURE_MPLANE
13619.943399,v4l2_dqbuf,1,VIDEO_CAPTURE_MPLANE
13619.943538,v4l2_dqbuf,0,VIDEO_OUTPUT_MPLANE
13619.956293,v4l2_qbuf,0,VIDEO_OUTPUT_MPLANE
13619.956314,v4l2_qbuf,2,VIDEO_CAPTURE_MPLANE
13619.959816,v4l2_dqbuf,2,VIDEO_CAPTURE_MPLANE
13619.959934,v4l2_dqbuf,0,VIDEO_OUTPUT_MPLANE
13619.972682,v4l2_qbuf,0,VIDEO_OUTPUT_MPLANE
13619.972702,v4l2_qbuf,5,VIDEO_CAPTURE_MPLANE
13619.975890,v4l2_dqbuf,5,VIDEO_CAPTURE_MPLANE
13619.975997,v4l2_dqbuf,0,VIDEO_OUTPUT_MPLANE
13619.989248,v4l2_qbuf,0,VIDEO_OUTPUT_MPLANE
13619.989270,v4l2_qbuf,3,VIDEO_CAPTURE_MPLANE
13619.991433,v4l2_dqbuf,3,VIDEO_CAPTURE_MPLANE
13619.991447,v4l2_dqbuf,0,VIDEO_OUTPUT_MPLANE
13620.005752,v4l2_qbuf,0,VIDEO_OUTPUT_MPLANE
13620.005775,v4l2_qbuf,0,VIDEO_CAPTURE_MPLANE
13620.008936,v4l2_dqbuf,0,VIDEO_CAPTURE_MPLANE
13620.009022,v4l2_dqbuf,0,VIDEO_OUTPUT_MPLANE
13620.022677,v4l2_qbuf,0,VIDEO_OUTPUT_MPLANE
13620.022725,v4l2_qbuf,1,VIDEO_CAPTURE_MPLANE
13620.025980,v4l2_dqbuf,1,VIDEO_CAPTURE_MPLANE
13620.026142,v4l2_dqbuf,0,VIDEO_OUTPUT_MPLANE
13620.039125,v4l2_qbuf,0,VIDEO_OUTPUT_MPLANE
13620.039151,v4l2_qbuf,2,VIDEO_CAPTURE_MPLANE
13620.044282,v4l2_dqbuf,2,VIDEO_CAPTURE_MPLANE
13620.044404,v4l2_dqbuf,0,VIDEO_OUTPUT_MPLANE
13620.055850,v4l2_qbuf,0,VIDEO_OUTPUT_MPLANE
13620.055870,v4l2_qbuf,5,VIDEO_CAPTURE_MPLANE
13620.058047,v4l2_dqbuf,5,VIDEO_CAPTURE_MPLANE
13620.058061,v4l2_dqbuf,0,VIDEO_OUTPUT_MPLANE
13620.072620,v4l2_qbuf,0,VIDEO_OUTPUT_MPLANE
13620.072638,v4l2_qbuf,4,VIDEO_CAPTURE_MPLANE
13620.075815,v4l2_dqbuf,4,VIDEO_CAPTURE_MPLANE
13620.075920,v4l2_dqbuf,0,VIDEO_OUTPUT_MPLANE
13620.089153,v4l2_qbuf,0,VIDEO_OUTPUT_MPLANE
13620.089174,v4l2_qbuf,0,VIDEO_CAPTURE_MPLANE
13620.092421,v4l2_dqbuf,0,VIDEO_CAPTURE_MPLANE
13620.092510,v4l2_dqbuf,0,VIDEO_OUTPUT_MPLANE
13620.105973,v4l2_qbuf,0,VIDEO_OUTPUT_MPLANE
13620.105994,v4l2_qbuf,1,VIDEO_CAPTURE_MPLANE
13620.109205,v4l2_dqbuf,1,VIDEO_CAPTURE_MPLANE
13620.109291,v4l2_dqbuf,0,VIDEO_OUTPUT_MPLANE
13620.123109,v4l2_qbuf,0,VIDEO_OUTPUT_MPLANE
13620.123139,v4l2_qbuf,2,VIDEO_CAPTURE_MPLANE
13620.125366,v4l2_dqbuf,2,VIDEO_CAPTURE_MPLANE
13620.125381,v4l2_dqbuf,0,VIDEO_OUTPUT_MPLANE
13620.139681,v4l2_qbuf,0,VIDEO_OUTPUT_MPLANE
13620.139703,v4l2_qbuf,3,VIDEO_CAPTURE_MPLANE
13620.142947,v4l2_dqbuf,3,VIDEO_CAPTURE_MPLANE
13620.143045,v4l2_dqbuf,0,VIDEO_OUTPUT_MPLANE
13620.155980,v4l2_qbuf,0,VIDEO_OUTPUT_MPLANE
13620.156014,v4l2_qbuf,4,VIDEO_CAPTURE_MPLANE
13620.159128,v4l2_dqbuf,4,VIDEO_CAPTURE_MPLANE
13620.159231,v4l2_dqbuf,0,VIDEO_OUTPUT_MPLANE
13620.172804,v4l2_qbuf,0,VIDEO_OUTPUT_MPLANE
13620.172824,v4l2_qbuf,0,VIDEO_CAPTURE_MPLANE
13620.176172,v4l2_dqbuf,0,VIDEO_CAPTURE_MPLANE
13620.176282,v4l2_dqbuf,0,VIDEO_OUTPUT_MPLANE
13620.189551,v4l2_qbuf,0,VIDEO_OUTPUT_MPLANE
13620.189573,v4l2_qbuf,1,VIDEO_CAPTURE_MPLANE
13620.191962,v4l2_dqbuf,1,VIDEO_CAPTURE_MPLANE
13620.191978,v4l2_dqbuf,0,VIDEO_OUTPUT_MPLANE
13620.206102,v4l2_qbuf,0,VIDEO_OUTPUT_MPLANE
13620.206124,v4l2_qbuf,5,VIDEO_CAPTURE_MPLANE
13620.209266,v4l2_dqbuf,5,VIDEO_CAPTURE_MPLANE
13620.209350,v4l2_dqbuf,0,VIDEO_OUTPUT_MPLANE
13620.223132,v4l2_qbuf,0,VIDEO_OUTPUT_MPLANE
13620.223152,v4l2_qbuf,3,VIDEO_CAPTURE_MPLANE
13620.225451,v4l2_dqbuf,3,VIDEO_CAPTURE_MPLANE
13620.225465,v4l2_dqbuf,0,VIDEO_OUTPUT_MPLANE
13620.239357,v4l2_qbuf,0,VIDEO_OUTPUT_MPLANE
13620.239380,v4l2_qbuf,4,VIDEO_CAPTURE_MPLANE
13620.242486,v4l2_dqbuf,4,VIDEO_CAPTURE_MPLANE
13620.242616,v4l2_dqbuf,0,VIDEO_OUTPUT_MPLANE
13620.256225,v4l2_qbuf,0,VIDEO_OUTPUT_MPLANE
13620.256246,v4l2_qbuf,0,VIDEO_CAPTURE_MPLANE
13620.258217,v4l2_dqbuf,0,VIDEO_CAPTURE_MPLANE
13620.258231,v4l2_dqbuf,0,VIDEO_OUTPUT_MPLANE
13620.272631,v4l2_qbuf,0,VIDEO_OUTPUT_MPLANE
13620.272651,v4l2_qbuf,2,VIDEO_CAPTURE_MPLANE
13620.274791,v4l2_dqbuf,2,VIDEO_CAPTURE_MPLANE
13620.274805,v4l2_dqbuf,0,VIDEO_OUTPUT_MPLANE
13620.289318,v4l2_qbuf,0,VIDEO_OUTPUT_MPLANE
13620.289346,v4l2_qbuf,5,VIDEO_CAPTURE_MPLANE
13620.292567,v4l2_dqbuf,5,VIDEO_CAPTURE_MPLANE
13620.292706,v4l2_dqbuf,0,VIDEO_OUTPUT_MPLANE
13620.305997,v4l2_qbuf,0,VIDEO_OUTPUT_MPLANE
13620.306029,v4l2_qbuf,1,VIDEO_CAPTURE_MPLANE
13620.308294,v4l2_dqbuf,1,VIDEO_CAPTURE_MPLANE
13620.308309,v4l2_dqbuf,0,VIDEO_OUTPUT_MPLANE
13620.322733,v4l2_qbuf,0,VIDEO_OUTPUT_MPLANE
13620.322761,v4l2_qbuf,4,VIDEO_CAPTURE_MPLANE
13620.326068,v4l2_dqbuf,4,VIDEO_CAPTURE_MPLANE
13620.326172,v4l2_dqbuf,0,VIDEO_OUTPUT_MPLANE
13620.339269,v4l2_qbuf,0,VIDEO_OUTPUT_MPLANE
13620.339289,v4l2_qbuf,3,VIDEO_CAPTURE_MPLANE
13620.342549,v4l2_dqbuf,3,VIDEO_CAPTURE_MPLANE
13620.342637,v4l2_dqbuf,0,VIDEO_OUTPUT_MPLANE
13620.356440,v4l2_qbuf,0,VIDEO_OUTPUT_MPLANE
13620.356516,v4l2_qbuf,0,VIDEO_CAPTURE_MPLANE
13620.359816,v4l2_dqbuf,0,VIDEO_CAPTURE_MPLANE
13620.359988,v4l2_dqbuf,0,VIDEO_OUTPUT_MPLANE
13620.372617,v4l2_qbuf,0,VIDEO_OUTPUT_MPLANE
13620.372647,v4l2_qbuf,5,VIDEO_CAPTURE_MPLANE
13620.374882,v4l2_dqbuf,5,VIDEO_CAPTURE_MPLANE
13620.374896,v4l2_dqbuf,0,VIDEO_OUTPUT_MPLANE
13620.389273,v4l2_qbuf,0,VIDEO_OUTPUT_MPLANE
13620.389296,v4l2_qbuf,2,VIDEO_CAPTURE_MPLANE
13620.392326,v4l2_dqbuf,2,VIDEO_CAPTURE_MPLANE
13620.392419,v4l2_dqbuf,0,VIDEO_OUTPUT_MPLANE
13620.405924,v4l2_qbuf,0,VIDEO_OUTPUT_MPLANE
13620.405945,v4l2_qbuf,4,VIDEO_CAPTURE_MPLANE
13620.409017,v4l2_dqbuf,4,VIDEO_CAPTURE_MPLANE
13620.409097,v4l2_dqbuf,0,VIDEO_OUTPUT_MPLANE
13620.423046,v4l2_qbuf,0,VIDEO_OUTPUT_MPLANE
13620.423079,v4l2_qbuf,3,VIDEO_CAPTURE_MPLANE
13620.426268,v4l2_dqbuf,3,VIDEO_CAPTURE_MPLANE
13620.426397,v4l2_dqbuf,0,VIDEO_OUTPUT_MPLANE
13620.439425,v4l2_qbuf,0,VIDEO_OUTPUT_MPLANE
13620.439446,v4l2_qbuf,0,VIDEO_CAPTURE_MPLANE
13620.441772,v4l2_dqbuf,0,VIDEO_CAPTURE_MPLANE
13620.441790,v4l2_dqbuf,0,VIDEO_OUTPUT_MPLANE
13620.455933,v4l2_qbuf,0,VIDEO_OUTPUT_MPLANE
13620.456024,v4l2_qbuf,1,VIDEO_CAPTURE_MPLANE
13620.459252,v4l2_dqbuf,1,VIDEO_CAPTURE_MPLANE
13620.459359,v4l2_dqbuf,0,VIDEO_OUTPUT_MPLANE
13620.472928,v4l2_qbuf,0,VIDEO_OUTPUT_MPLANE
13620.472949,v4l2_qbuf,2,VIDEO_CAPTURE_MPLANE
13620.476095,v4l2_dqbuf,2,VIDEO_CAPTURE_MPLANE
13620.476195,v4l2_dqbuf,0,VIDEO_OUTPUT_MPLANE
13620.489423,v4l2_qbuf,0,VIDEO_OUTPUT_MPLANE
13620.489445,v4l2_qbuf,4,VIDEO_CAPTURE_MPLANE
13620.492453,v4l2_dqbuf,4,VIDEO_CAPTURE_MPLANE
13620.492544,v4l2_dqbuf,0,VIDEO_OUTPUT_MPLANE
13620.506165,v4l2_qbuf,0,VIDEO_OUTPUT_MPLANE
13620.506200,v4l2_qbuf,3,VIDEO_CAPTURE_MPLANE
13620.508645,v4l2_dqbuf,3,VIDEO_CAPTURE_MPLANE
13620.508675,v4l2_dqbuf,0,VIDEO_OUTPUT_MPLANE
13620.523277,v4l2_qbuf,0,VIDEO_OUTPUT_MPLANE
13620.523315,v4l2_qbuf,5,VIDEO_CAPTURE_MPLANE
13620.528240,v4l2_dqbuf,5,VIDEO_CAPTURE_MPLANE
13620.528369,v4l2_dqbuf,0,VIDEO_OUTPUT_MPLANE
13620.539503,v4l2_qbuf,0,VIDEO_OUTPUT_MPLANE
13620.539522,v4l2_qbuf,1,VIDEO_CAPTURE_MPLANE
13620.542720,v4l2_dqbuf,1,VIDEO_CAPTURE_MPLANE
13620.542833,v4l2_dqbuf,0,VIDEO_OUTPUT_MPLANE
13620.556254,v4l2_qbuf,0,VIDEO_OUTPUT_MPLANE
13620.556277,v4l2_qbuf,2,VIDEO_CAPTURE_MPLANE
13620.559429,v4l2_dqbuf,2,VIDEO_CAPTURE_MPLANE
13620.559522,v4l2_dqbuf,0,VIDEO_OUTPUT_MPLANE
13620.572966,v4l2_qbuf,0,VIDEO_OUTPUT_MPLANE
13620.573041,v4l2_qbuf,4,VIDEO_CAPTURE_MPLANE
13620.575289,v4l2_dqbuf,4,VIDEO_CAPTURE_MPLANE
13620.575322,v4l2_dqbuf,0,VIDEO_OUTPUT_MPLANE
13620.589631,v4l2_qbuf,0,VIDEO_OUTPUT_MPLANE
13620.589693,v4l2_qbuf,0,VIDEO_CAPTURE_MPLANE
13620.592635,v4l2_dqbuf,0,VIDEO_CAPTURE_MPLANE
13620.592861,v4l2_dqbuf,0,VIDEO_OUTPUT_MPLANE
13620.606121,v4l2_qbuf,0,VIDEO_OUTPUT_MPLANE
13620.606150,v4l2_qbuf,5,VIDEO_CAPTURE_MPLANE
13620.609303,v4l2_dqbuf,5,VIDEO_CAPTURE_MPLANE
13620.609438,v4l2_dqbuf,0,VIDEO_OUTPUT_MPLANE
13620.622408,v4l2_qbuf,0,VIDEO_OUTPUT_MPLANE
13620.622423,v4l2_qbuf,1,VIDEO_CAPTURE_MPLANE
13620.625217,v4l2_dqbuf,1,VIDEO_CAPTURE_MPLANE
13620.625285,v4l2_dqbuf,0,VIDEO_OUTPUT_MPLANE
13620.639232,v4l2_qbuf,0,VIDEO_OUTPUT_MPLANE
13620.639252,v4l2_qbuf,2,VIDEO_CAPTURE_MPLANE
13620.641381,v4l2_dqbuf,2,VIDEO_CAPTURE_MPLANE
13620.641393,v4l2_dqbuf,0,VIDEO_OUTPUT_MPLANE
13620.655973,v4l2_qbuf,0,VIDEO_OUTPUT_MPLANE
13620.656045,v4l2_qbuf,3,VIDEO_CAPTURE_MPLANE
13620.659158,v4l2_dqbuf,3,VIDEO_CAPTURE_MPLANE
13620.659298,v4l2_dqbuf,0,VIDEO_OUTPUT_MPLANE
13620.672890,v4l2_qbuf,0,VIDEO_OUTPUT_MPLANE
13620.672929,v4l2_qbuf,0,VIDEO_CAPTURE_MPLANE
13620.676052,v4l2_dqbuf,0,VIDEO_CAPTURE_MPLANE
13620.676190,v4l2_dqbuf,0,VIDEO_OUTPUT_MPLANE
13620.689298,v4l2_qbuf,0,VIDEO_OUTPUT_MPLANE
13620.689328,v4l2_qbuf,5,VIDEO_CAPTURE_MPLANE
13620.692559,v4l2_dqbuf,5,VIDEO_CAPTURE_MPLANE
13620.692709,v4l2_dqbuf,0,VIDEO_OUTPUT_MPLANE
13620.706086,v4l2_qbuf,0,VIDEO_OUTPUT_MPLANE
13620.706116,v4l2_qbuf,1,VIDEO_CAPTURE_MPLANE
13620.708247,v4l2_dqbuf,1,VIDEO_CAPTURE_MPLANE
13620.708265,v4l2_dqbuf,0,VIDEO_OUTPUT_MPLANE
13620.722719,v4l2_qbuf,0,VIDEO_OUTPUT_MPLANE
13620.722754,v4l2_qbuf,4,VIDEO_CAPTURE_MPLANE
13620.725506,v4l2_dqbuf,4,VIDEO_CAPTURE_MPLANE
13620.725581,v4l2_dqbuf,0,VIDEO_OUTPUT_MPLANE
13620.739364,v4l2_qbuf,0,VIDEO_OUTPUT_MPLANE
13620.739385,v4l2_qbuf,3,VIDEO_CAPTURE_MPLANE
13620.742426,v4l2_dqbuf,3,VIDEO_CAPTURE_MPLANE
13620.742510,v4l2_dqbuf,0,VIDEO_OUTPUT_MPLANE
13620.756132,v4l2_qbuf,0,VIDEO_OUTPUT_MPLANE
13620.756152,v4l2_qbuf,0,VIDEO_CAPTURE_MPLANE
13620.759050,v4l2_dqbuf,0,VIDEO_CAPTURE_MPLANE
13620.759139,v4l2_dqbuf,0,VIDEO_OUTPUT_MPLANE
13620.772548,v4l2_qbuf,0,VIDEO_OUTPUT_MPLANE
13620.772568,v4l2_qbuf,5,VIDEO_CAPTURE_MPLANE
13620.774753,v4l2_dqbuf,5,VIDEO_CAPTURE_MPLANE
13620.774768,v4l2_dqbuf,0,VIDEO_OUTPUT_MPLANE
13620.789346,v4l2_qbuf,0,VIDEO_OUTPUT_MPLANE
13620.789368,v4l2_qbuf,2,VIDEO_CAPTURE_MPLANE
13620.792423,v4l2_dqbuf,2,VIDEO_CAPTURE_MPLANE
13620.792509,v4l2_dqbuf,0,VIDEO_OUTPUT_MPLANE
13620.806033,v4l2_qbuf,0,VIDEO_OUTPUT_MPLANE
13620.806060,v4l2_qbuf,4,VIDEO_CAPTURE_MPLANE
13620.809103,v4l2_dqbuf,4,VIDEO_CAPTURE_MPLANE
13620.809193,v4l2_dqbuf,0,VIDEO_OUTPUT_MPLANE
13620.823116,v4l2_qbuf,0,VIDEO_OUTPUT_MPLANE
13620.823136,v4l2_qbuf,3,VIDEO_CAPTURE_MPLANE
13620.825247,v4l2_dqbuf,3,VIDEO_CAPTURE_MPLANE
13620.825263,v4l2_dqbuf,0,VIDEO_OUTPUT_MPLANE
13620.839392,v4l2_qbuf,0,VIDEO_OUTPUT_MPLANE
13620.839476,v4l2_qbuf,0,VIDEO_CAPTURE_MPLANE
13620.842483,v4l2_dqbuf,0,VIDEO_CAPTURE_MPLANE
13620.842580,v4l2_dqbuf,0,VIDEO_OUTPUT_MPLANE
13620.856056,v4l2_qbuf,0,VIDEO_OUTPUT_MPLANE
13620.856079,v4l2_qbuf,1,VIDEO_CAPTURE_MPLANE
13620.859331,v4l2_dqbuf,1,VIDEO_CAPTURE_MPLANE
13620.859489,v4l2_dqbuf,0,VIDEO_OUTPUT_MPLANE
13620.872803,v4l2_qbuf,0,VIDEO_OUTPUT_MPLANE
13620.872822,v4l2_qbuf,2,VIDEO_CAPTURE_MPLANE
13620.875939,v4l2_dqbuf,2,VIDEO_CAPTURE_MPLANE
13620.876042,v4l2_dqbuf,0,VIDEO_OUTPUT_MPLANE
13620.889620,v4l2_qbuf,0,VIDEO_OUTPUT_MPLANE
13620.889663,v4l2_qbuf,4,VIDEO_CAPTURE_MPLANE
13620.891956,v4l2_dqbuf,4,VIDEO_CAPTURE_MPLANE
13620.891980,v4l2_dqbuf,0,VIDEO_OUTPUT_MPLANE
13620.906395,v4l2_qbuf,0,VIDEO_OUTPUT_MPLANE
13620.906435,v4l2_qbuf,5,VIDEO_CAPTURE_MPLANE
13620.909619,v4l2_dqbuf,5,VIDEO_CAPTURE_MPLANE
13620.909806,v4l2_dqbuf,0,VIDEO_OUTPUT_MPLANE
13620.922781,v4l2_qbuf,0,VIDEO_OUTPUT_MPLANE
13620.922803,v4l2_qbuf,0,VIDEO_CAPTURE_MPLANE
13620.925877,v4l2_dqbuf,0,VIDEO_CAPTURE_MPLANE
13620.925952,v4l2_dqbuf,0,VIDEO_OUTPUT_MPLANE
13620.939738,v4l2_qbuf,0,VIDEO_OUTPUT_MPLANE
13620.939761,v4l2_qbuf,1,VIDEO_CAPTURE_MPLANE
13620.941959,v4l2_dqbuf,1,VIDEO_CAPTURE_MPLANE
13620.941983,v4l2_dqbuf,0,VIDEO_OUTPUT_MPLANE
13620.956311,v4l2_qbuf,0,VIDEO_OUTPUT_MPLANE
13620.956345,v4l2_qbuf,2,VIDEO_CAPTURE_MPLANE
13620.959621,v4l2_dqbuf,2,VIDEO_CAPTURE_MPLANE
13620.959763,v4l2_dqbuf,0,VIDEO_OUTPUT_MPLANE
13620.972744,v4l2_qbuf,0,VIDEO_OUTPUT_MPLANE
13620.972765,v4l2_qbuf,3,VIDEO_CAPTURE_MPLANE
13620.975902,v4l2_dqbuf,3,VIDEO_CAPTURE_MPLANE
13620.976048,v4l2_dqbuf,0,VIDEO_OUTPUT_MPLANE
13620.989560,v4l2_qbuf,0,VIDEO_OUTPUT_MPLANE
13620.989662,v4l2_qbuf,5,VIDEO_CAPTURE_MPLANE
13620.992810,v4l2_dqbuf,5,VIDEO_CAPTURE_MPLANE
13620.992990,v4l2_dqbuf,0,VIDEO_OUTPUT_MPLANE
13621.006281,v4l2_qbuf,0,VIDEO_OUTPUT_MPLANE
13621.006301,v4l2_qbuf,0,VIDEO_CAPTURE_MPLANE
13621.008508,v4l2_dqbuf,0,VIDEO_CAPTURE_MPLANE
13621.008525,v4l2_dqbuf,0,VIDEO_OUTPUT_MPLANE
13621.022577,v4l2_qbuf,0,VIDEO_OUTPUT_MPLANE
13621.022599,v4l2_qbuf,4,VIDEO_CAPTURE_MPLANE
13621.025752,v4l2_dqbuf,4,VIDEO_CAPTURE_MPLANE
13621.025855,v4l2_dqbuf,0,VIDEO_OUTPUT_MPLANE
13621.039368,v4l2_qbuf,0,VIDEO_OUTPUT_MPLANE
13621.039388,v4l2_qbuf,2,VIDEO_CAPTURE_MPLANE
13621.041491,v4l2_dqbuf,2,VIDEO_CAPTURE_MPLANE
13621.041505,v4l2_dqbuf,0,VIDEO_OUTPUT_MPLANE
13621.056040,v4l2_qbuf,0,VIDEO_OUTPUT_MPLANE
13621.056060,v4l2_qbuf,3,VIDEO_CAPTURE_MPLANE
13621.059241,v4l2_dqbuf,3,VIDEO_CAPTURE_MPLANE
13621.059329,v4l2_dqbuf,0,VIDEO_OUTPUT_MPLANE
13621.072819,v4l2_qbuf,0,VIDEO_OUTPUT_MPLANE
13621.072841,v4l2_qbuf,5,VIDEO_CAPTURE_MPLANE
13621.075969,v4l2_dqbuf,5,VIDEO_CAPTURE_MPLANE
13621.076074,v4l2_dqbuf,0,VIDEO_OUTPUT_MPLANE
13621.089582,v4l2_qbuf,0,VIDEO_OUTPUT_MPLANE
13621.089602,v4l2_qbuf,1,VIDEO_CAPTURE_MPLANE
13621.092753,v4l2_dqbuf,1,VIDEO_CAPTURE_MPLANE
13621.092839,v4l2_dqbuf,0,VIDEO_OUTPUT_MPLANE
13621.106074,v4l2_qbuf,0,VIDEO_OUTPUT_MPLANE
13621.106097,v4l2_qbuf,4,VIDEO_CAPTURE_MPLANE
13621.108241,v4l2_dqbuf,4,VIDEO_CAPTURE_MPLANE
13621.108255,v4l2_dqbuf,0,VIDEO_OUTPUT_MPLANE
13621.123260,v4l2_qbuf,0,VIDEO_OUTPUT_MPLANE
13621.123300,v4l2_qbuf,0,VIDEO_CAPTURE_MPLANE
13621.126422,v4l2_dqbuf,0,VIDEO_CAPTURE_MPLANE
13621.126605,v4l2_dqbuf,0,VIDEO_OUTPUT_MPLANE
13621.139652,v4l2_qbuf,0,VIDEO_OUTPUT_MPLANE
13621.139689,v4l2_qbuf,3,VIDEO_CAPTURE_MPLANE
13621.143020,v4l2_dqbuf,3,VIDEO_CAPTURE_MPLANE
13621.143227,v4l2_dqbuf,0,VIDEO_OUTPUT_MPLANE
13621.155941,v4l2_qbuf,0,VIDEO_OUTPUT_MPLANE
13621.155962,v4l2_qbuf,5,VIDEO_CAPTURE_MPLANE
13621.159273,v4l2_dqbuf,5,VIDEO_CAPTURE_MPLANE
13621.159412,v4l2_dqbuf,0,VIDEO_OUTPUT_MPLANE
13621.173114,v4l2_qbuf,0,VIDEO_OUTPUT_MPLANE
13621.173150,v4l2_qbuf,1,VIDEO_CAPTURE_MPLANE
13621.175528,v4l2_dqbuf,1,VIDEO_CAPTURE_MPLANE
13621.175551,v4l2_dqbuf,0,VIDEO_OUTPUT_MPLANE
13621.189368,v4l2_qbuf,0,VIDEO_OUTPUT_MPLANE
13621.189389,v4l2_qbuf,2,VIDEO_CAPTURE_MPLANE
13621.192610,v4l2_dqbuf,2,VIDEO_CAPTURE_MPLANE
13621.192771,v4l2_dqbuf,0,VIDEO_OUTPUT_MPLANE
13621.206290,v4l2_qbuf,0,VIDEO_OUTPUT_MPLANE
13621.206312,v4l2_qbuf,0,VIDEO_CAPTURE_MPLANE
13621.209409,v4l2_dqbuf,0,VIDEO_CAPTURE_MPLANE
13621.209519,v4l2_dqbuf,0,VIDEO_OUTPUT_MPLANE
13621.222713,v4l2_qbuf,0,VIDEO_OUTPUT_MPLANE
13621.222736,v4l2_qbuf,3,VIDEO_CAPTURE_MPLANE
13621.225784,v4l2_dqbuf,3,VIDEO_CAPTURE_MPLANE
13621.225872,v4l2_dqbuf,0,VIDEO_OUTPUT_MPLANE
13621.239426,v4l2_qbuf,0,VIDEO_OUTPUT_MPLANE
13621.239448,v4l2_qbuf,5,VIDEO_CAPTURE_MPLANE
13621.241745,v4l2_dqbuf,5,VIDEO_CAPTURE_MPLANE
13621.241824,v4l2_dqbuf,0,VIDEO_OUTPUT_MPLANE
13621.256239,v4l2_qbuf,0,VIDEO_OUTPUT_MPLANE
13621.256260,v4l2_qbuf,4,VIDEO_CAPTURE_MPLANE
13621.258259,v4l2_dqbuf,4,VIDEO_CAPTURE_MPLANE
13621.258270,v4l2_dqbuf,0,VIDEO_OUTPUT_MPLANE
13621.272499,v4l2_qbuf,0,VIDEO_OUTPUT_MPLANE
13621.272522,v4l2_qbuf,2,VIDEO_CAPTURE_MPLANE
13621.274567,v4l2_dqbuf,2,VIDEO_CAPTURE_MPLANE
13621.274579,v4l2_dqbuf,0,VIDEO_OUTPUT_MPLANE
13621.289608,v4l2_qbuf,0,VIDEO_OUTPUT_MPLANE
13621.289653,v4l2_qbuf,0,VIDEO_CAPTURE_MPLANE
13621.292689,v4l2_dqbuf,0,VIDEO_CAPTURE_MPLANE
13621.292816,v4l2_dqbuf,0,VIDEO_OUTPUT_MPLANE
13621.306149,v4l2_qbuf,0,VIDEO_OUTPUT_MPLANE
13621.306167,v4l2_qbuf,3,VIDEO_CAPTURE_MPLANE
13621.309333,v4l2_dqbuf,3,VIDEO_CAPTURE_MPLANE
13621.309436,v4l2_dqbuf,0,VIDEO_OUTPUT_MPLANE
13621.323071,v4l2_qbuf,0,VIDEO_OUTPUT_MPLANE
13621.323092,v4l2_qbuf,1,VIDEO_CAPTURE_MPLANE
13621.325463,v4l2_dqbuf,1,VIDEO_CAPTURE_MPLANE
13621.325478,v4l2_dqbuf,0,VIDEO_OUTPUT_MPLANE
13621.339634,v4l2_qbuf,0,VIDEO_OUTPUT_MPLANE
13621.339657,v4l2_qbuf,5,VIDEO_CAPTURE_MPLANE
13621.342922,v4l2_dqbuf,5,VIDEO_CAPTURE_MPLANE
13621.343137,v4l2_dqbuf,0,VIDEO_OUTPUT_MPLANE
13621.356235,v4l2_qbuf,0,VIDEO_OUTPUT_MPLANE
13621.356256,v4l2_qbuf,4,VIDEO_CAPTURE_MPLANE
13621.359378,v4l2_dqbuf,4,VIDEO_CAPTURE_MPLANE
13621.359461,v4l2_dqbuf,0,VIDEO_OUTPUT_MPLANE
13621.372730,v4l2_qbuf,0,VIDEO_OUTPUT_MPLANE
13621.372765,v4l2_qbuf,0,VIDEO_CAPTURE_MPLANE
13621.374949,v4l2_dqbuf,0,VIDEO_CAPTURE_MPLANE
13621.374968,v4l2_dqbuf,0,VIDEO_OUTPUT_MPLANE
13621.389539,v4l2_qbuf,0,VIDEO_OUTPUT_MPLANE
13621.389558,v4l2_qbuf,3,VIDEO_CAPTURE_MPLANE
13621.392667,v4l2_dqbuf,3,VIDEO_CAPTURE_MPLANE
13621.392756,v4l2_dqbuf,0,VIDEO_OUTPUT_MPLANE
13621.406072,v4l2_qbuf,0,VIDEO_OUTPUT_MPLANE
13621.406097,v4l2_qbuf,2,VIDEO_CAPTURE_MPLANE
13621.409013,v4l2_dqbuf,2,VIDEO_CAPTURE_MPLANE
13621.409106,v4l2_dqbuf,0,VIDEO_OUTPUT_MPLANE
13621.422491,v4l2_qbuf,0,VIDEO_OUTPUT_MPLANE
13621.422513,v4l2_qbuf,5,VIDEO_CAPTURE_MPLANE
13621.424562,v4l2_dqbuf,5,VIDEO_CAPTURE_MPLANE
13621.424577,v4l2_dqbuf,0,VIDEO_OUTPUT_MPLANE
13621.439520,v4l2_qbuf,0,VIDEO_OUTPUT_MPLANE
13621.439541,v4l2_qbuf,4,VIDEO_CAPTURE_MPLANE
13621.442612,v4l2_dqbuf,4,VIDEO_CAPTURE_MPLANE
13621.442704,v4l2_dqbuf,0,VIDEO_OUTPUT_MPLANE
13621.456221,v4l2_qbuf,0,VIDEO_OUTPUT_MPLANE
13621.456279,v4l2_qbuf,1,VIDEO_CAPTURE_MPLANE
13621.459558,v4l2_dqbuf,1,VIDEO_CAPTURE_MPLANE
13621.459673,v4l2_dqbuf,0,VIDEO_OUTPUT_MPLANE
13621.472554,v4l2_qbuf,0,VIDEO_OUTPUT_MPLANE
13621.472574,v4l2_qbuf,3,VIDEO_CAPTURE_MPLANE
13621.475582,v4l2_dqbuf,3,VIDEO_CAPTURE_MPLANE
13621.475705,v4l2_dqbuf,0,VIDEO_OUTPUT_MPLANE
13621.489426,v4l2_qbuf,0,VIDEO_OUTPUT_MPLANE
13621.489447,v4l2_qbuf,2,VIDEO_CAPTURE_MPLANE
13621.491683,v4l2_dqbuf,2,VIDEO_CAPTURE_MPLANE
13621.491698,v4l2_dqbuf,0,VIDEO_OUTPUT_MPLANE
13621.506147,v4l2_qbuf,0,VIDEO_OUTPUT_MPLANE
13621.506167,v4l2_qbuf,0,VIDEO_CAPTURE_MPLANE
13621.509277,v4l2_dqbuf,0,VIDEO_CAPTURE_MPLANE
13621.509430,v4l2_dqbuf,0,VIDEO_OUTPUT_MPLANE
13621.522707,v4l2_qbuf,0,VIDEO_OUTPUT_MPLANE
13621.522728,v4l2_qbuf,4,VIDEO_CAPTURE_MPLANE
13621.525967,v4l2_dqbuf,4,VIDEO_CAPTURE_MPLANE
13621.526068,v4l2_dqbuf,0,VIDEO_OUTPUT_MPLANE
13621.539459,v4l2_qbuf,0,VIDEO_OUTPUT_MPLANE
13621.539479,v4l2_qbuf,1,VIDEO_CAPTURE_MPLANE
13621.542713,v4l2_dqbuf,1,VIDEO_CAPTURE_MPLANE
13621.542799,v4l2_dqbuf,0,VIDEO_OUTPUT_MPLANE
13621.556047,v4l2_qbuf,0,VIDEO_OUTPUT_MPLANE
13621.556066,v4l2_qbuf,3,VIDEO_CAPTURE_MPLANE
13621.558235,v4l2_dqbuf,3,VIDEO_CAPTURE_MPLANE
13621.558247,v4l2_dqbuf,0,VIDEO_OUTPUT_MPLANE
13621.572867,v4l2_qbuf,0,VIDEO_OUTPUT_MPLANE
13621.572890,v4l2_qbuf,5,VIDEO_CAPTURE_MPLANE
13621.575888,v4l2_dqbuf,5,VIDEO_CAPTURE_MPLANE
13621.575984,v4l2_dqbuf,0,VIDEO_OUTPUT_MPLANE
13621.589560,v4l2_qbuf,0,VIDEO_OUTPUT_MPLANE
13621.589581,v4l2_qbuf,0,VIDEO_CAPTURE_MPLANE
13621.592860,v4l2_dqbuf,0,VIDEO_CAPTURE_MPLANE
13621.592958,v4l2_dqbuf,0,VIDEO_OUTPUT_MPLANE
13621.606292,v4l2_qbuf,0,VIDEO_OUTPUT_MPLANE
13621.606331,v4l2_qbuf,4,VIDEO_CAPTURE_MPLANE
13621.609531,v4l2_dqbuf,4,VIDEO_CAPTURE_MPLANE
13621.609706,v4l2_dqbuf,0,VIDEO_OUTPUT_MPLANE
13621.622945,v4l2_qbuf,0,VIDEO_OUTPUT_MPLANE
13621.622966,v4l2_qbuf,1,VIDEO_CAPTURE_MPLANE
13621.625211,v4l2_dqbuf,1,VIDEO_CAPTURE_MPLANE
13621.625226,v4l2_dqbuf,0,VIDEO_OUTPUT_MPLANE
13621.639616,v4l2_qbuf,0,VIDEO_OUTPUT_MPLANE
13621.639653,v4l2_qbuf,2,VIDEO_CAPTURE_MPLANE
13621.642893,v4l2_dqbuf,2,VIDEO_CAPTURE_MPLANE
13621.643049,v4l2_dqbuf,0,VIDEO_OUTPUT_MPLANE
13621.656160,v4l2_qbuf,0,VIDEO_OUTPUT_MPLANE
13621.656193,v4l2_qbuf,5,VIDEO_CAPTURE_MPLANE
13621.660821,v4l2_dqbuf,5,VIDEO_CAPTURE_MPLANE
13621.660937,v4l2_dqbuf,0,VIDEO_OUTPUT_MPLANE
13621.672782,v4l2_qbuf,0,VIDEO_OUTPUT_MPLANE
13621.672803,v4l2_qbuf,0,VIDEO_CAPTURE_MPLANE
13621.675891,v4l2_dqbuf,0,VIDEO_CAPTURE_MPLANE
13621.675976,v4l2_dqbuf,0,VIDEO_OUTPUT_MPLANE
13621.689426,v4l2_qbuf,0,VIDEO_OUTPUT_MPLANE
13621.689449,v4l2_qbuf,4,VIDEO_CAPTURE_MPLANE
13621.691674,v4l2_dqbuf,4,VIDEO_CAPTURE_MPLANE
13621.691691,v4l2_dqbuf,0,VIDEO_OUTPUT_MPLANE
13621.706405,v4l2_qbuf,0,VIDEO_OUTPUT_MPLANE
13621.706425,v4l2_qbuf,3,VIDEO_CAPTURE_MPLANE
13621.709623,v4l2_dqbuf,3,VIDEO_CAPTURE_MPLANE
13621.709719,v4l2_dqbuf,0,VIDEO_OUTPUT_MPLANE
13621.722844,v4l2_qbuf,0,VIDEO_OUTPUT_MPLANE
13621.722864,v4l2_qbuf,2,VIDEO_CAPTURE_MPLANE
13621.726052,v4l2_dqbuf,2,VIDEO_CAPTURE_MPLANE
13621.726140,v4l2_dqbuf,0,VIDEO_OUTPUT_MPLANE
13621.739355,v4l2_qbuf,0,VIDEO_OUTPUT_MPLANE
13621.739376,v4l2_qbuf,5,VIDEO_CAPTURE_MPLANE
13621.742498,v4l2_dqbuf,5,VIDEO_CAPTURE_MPLANE
13621.742590,v4l2_dqbuf,0,VIDEO_OUTPUT_MPLANE
13621.755922,v4l2_qbuf,0,VIDEO_OUTPUT_MPLANE
13621.755942,v4l2_qbuf,0,VIDEO_CAPTURE_MPLANE
13621.758094,v4l2_dqbuf,0,VIDEO_CAPTURE_MPLANE
13621.758109,v4l2_dqbuf,0,VIDEO_OUTPUT_MPLANE
13621.773707,v4l2_qbuf,0,VIDEO_OUTPUT_MPLANE
13621.773723,v4l2_qbuf,1,VIDEO_CAPTURE_MPLANE
13621.776818,v4l2_dqbuf,1,VIDEO_CAPTURE_MPLANE
13621.776898,v4l2_dqbuf,0,VIDEO_OUTPUT_MPLANE
13621.789169,v4l2_qbuf,0,VIDEO_OUTPUT_MPLANE
13621.789197,v4l2_qbuf,3,VIDEO_CAPTURE_MPLANE
13621.792304,v4l2_dqbuf,3,VIDEO_CAPTURE_MPLANE
13621.792478,v4l2_dqbuf,0,VIDEO_OUTPUT_MPLANE
13621.805773,v4l2_qbuf,0,VIDEO_OUTPUT_MPLANE
13621.805792,v4l2_qbuf,2,VIDEO_CAPTURE_MPLANE
13621.808900,v4l2_dqbuf,2,VIDEO_CAPTURE_MPLANE
13621.808994,v4l2_dqbuf,0,VIDEO_OUTPUT_MPLANE
13621.822970,v4l2_qbuf,0,VIDEO_OUTPUT_MPLANE
13621.822998,v4l2_qbuf,5,VIDEO_CAPTURE_MPLANE
13621.825114,v4l2_dqbuf,5,VIDEO_CAPTURE_MPLANE
13621.825128,v4l2_dqbuf,0,VIDEO_OUTPUT_MPLANE
13621.839185,v4l2_qbuf,0,VIDEO_OUTPUT_MPLANE
13621.839215,v4l2_qbuf,4,VIDEO_CAPTURE_MPLANE
13621.842169,v4l2_dqbuf,4,VIDEO_CAPTURE_MPLANE
13621.842257,v4l2_dqbuf,0,VIDEO_OUTPUT_MPLANE
13621.856504,v4l2_qbuf,0,VIDEO_OUTPUT_MPLANE
13621.856519,v4l2_qbuf,1,VIDEO_CAPTURE_MPLANE
13621.859768,v4l2_dqbuf,1,VIDEO_CAPTURE_MPLANE
13621.859853,v4l2_dqbuf,0,VIDEO_OUTPUT_MPLANE
13621.872578,v4l2_qbuf,0,VIDEO_OUTPUT_MPLANE
13621.872604,v4l2_qbuf,3,VIDEO_CAPTURE_MPLANE
13621.875561,v4l2_dqbuf,3,VIDEO_CAPTURE_MPLANE
13621.875712,v4l2_dqbuf,0,VIDEO_OUTPUT_MPLANE
13621.891849,v4l2_qbuf,0,VIDEO_OUTPUT_MPLANE
13621.891869,v4l2_qbuf,2,VIDEO_CAPTURE_MPLANE
13621.894205,v4l2_dqbuf,2,VIDEO_CAPTURE_MPLANE
13621.894228,v4l2_dqbuf,0,VIDEO_OUTPUT_MPLANE
13621.905902,v4l2_qbuf,0,VIDEO_OUTPUT_MPLANE
13621.905931,v4l2_qbuf,0,VIDEO_CAPTURE_MPLANE
13621.909152,v4l2_dqbuf,0,VIDEO_CAPTURE_MPLANE
13621.909304,v4l2_dqbuf,0,VIDEO_OUTPUT_MPLANE
13621.925545,v4l2_qbuf,0,VIDEO_OUTPUT_MPLANE
13621.925576,v4l2_qbuf,4,VIDEO_CAPTURE_MPLANE
13621.928765,v4l2_dqbuf,4,VIDEO_CAPTURE_MPLANE
13621.928898,v4l2_dqbuf,0,VIDEO_OUTPUT_MPLANE
13621.942283,v4l2_qbuf,0,VIDEO_OUTPUT_MPLANE
13621.942323,v4l2_qbuf,1,VIDEO_CAPTURE_MPLANE
13621.946150,v4l2_dqbuf,1,VIDEO_CAPTURE_MPLANE
13621.946280,v4l2_dqbuf,0,VIDEO_OUTPUT_MPLANE
13621.958726,v4l2_qbuf,0,VIDEO_OUTPUT_MPLANE
13621.958743,v4l2_qbuf,3,VIDEO_CAPTURE_MPLANE
13621.962132,v4l2_dqbuf,3,VIDEO_CAPTURE_MPLANE
13621.962169,v4l2_dqbuf,0,VIDEO_OUTPUT_MPLANE
13621.975524,v4l2_qbuf,0,VIDEO_OUTPUT_MPLANE
13621.975543,v4l2_qbuf,5,VIDEO_CAPTURE_MPLANE
13621.978575,v4l2_dqbuf,5,VIDEO_CAPTURE_MPLANE
13621.978653,v4l2_dqbuf,0,VIDEO_OUTPUT_MPLANE
13621.992048,v4l2_qbuf,0,VIDEO_OUTPUT_MPLANE
13621.992069,v4l2_qbuf,0,VIDEO_CAPTURE_MPLANE
13621.995243,v4l2_dqbuf,0,VIDEO_CAPTURE_MPLANE
13621.995335,v4l2_dqbuf,0,VIDEO_OUTPUT_MPLANE
13622.008810,v4l2_qbuf,0,VIDEO_OUTPUT_MPLANE
13622.008832,v4l2_qbuf,4,VIDEO_CAPTURE_MPLANE
13622.012073,v4l2_dqbuf,4,VIDEO_CAPTURE_MPLANE
13622.012162,v4l2_dqbuf,0,VIDEO_OUTPUT_MPLANE
13622.025505,v4l2_qbuf,0,VIDEO_OUTPUT_MPLANE
13622.025528,v4l2_qbuf,1,VIDEO_CAPTURE_MPLANE
13622.027734,v4l2_dqbuf,1,VIDEO_CAPTURE_MPLANE
13622.027750,v4l2_dqbuf,0,VIDEO_OUTPUT_MPLANE
13622.042279,v4l2_qbuf,0,VIDEO_OUTPUT_MPLANE
13622.042312,v4l2_qbuf,2,VIDEO_CAPTURE_MPLANE
13622.046080,v4l2_dqbuf,2,VIDEO_CAPTURE_MPLANE
13622.046197,v4l2_dqbuf,0,VIDEO_OUTPUT_MPLANE
13622.058722,v4l2_qbuf,0,VIDEO_OUTPUT_MPLANE
13622.058742,v4l2_qbuf,5,VIDEO_CAPTURE_MPLANE
13622.061912,v4l2_dqbuf,5,VIDEO_CAPTURE_MPLANE
13622.062025,v4l2_dqbuf,0,VIDEO_OUTPUT_MPLANE
13622.075343,v4l2_qbuf,0,VIDEO_OUTPUT_MPLANE
13622.075385,v4l2_qbuf,0,VIDEO_CAPTURE_MPLANE
13622.078550,v4l2_dqbuf,0,VIDEO_CAPTURE_MPLANE
13622.078683,v4l2_dqbuf,0,VIDEO_OUTPUT_MPLANE
13622.092241,v4l2_qbuf,0,VIDEO_OUTPUT_MPLANE
13622.092263,v4l2_qbuf,4,VIDEO_CAPTURE_MPLANE
13622.094549,v4l2_dqbuf,4,VIDEO_CAPTURE_MPLANE
13622.094565,v4l2_dqbuf,0,VIDEO_OUTPUT_MPLANE
13622.108428,v4l2_qbuf,0,VIDEO_OUTPUT_MPLANE
13622.108449,v4l2_qbuf,3,VIDEO_CAPTURE_MPLANE
13622.111587,v4l2_dqbuf,3,VIDEO_CAPTURE_MPLANE
13622.111707,v4l2_dqbuf,0,VIDEO_OUTPUT_MPLANE
13622.125552,v4l2_qbuf,0,VIDEO_OUTPUT_MPLANE
13622.125571,v4l2_qbuf,2,VIDEO_CAPTURE_MPLANE
13622.130760,v4l2_dqbuf,2,VIDEO_CAPTURE_MPLANE
13622.130871,v4l2_dqbuf,0,VIDEO_OUTPUT_MPLANE
13622.142326,v4l2_qbuf,0,VIDEO_OUTPUT_MPLANE
13622.142356,v4l2_qbuf,5,VIDEO_CAPTURE_MPLANE
13622.145518,v4l2_dqbuf,5,VIDEO_CAPTURE_MPLANE
13622.145620,v4l2_dqbuf,0,VIDEO_OUTPUT_MPLANE
13622.158722,v4l2_qbuf,0,VIDEO_OUTPUT_MPLANE
13622.158805,v4l2_qbuf,0,VIDEO_CAPTURE_MPLANE
13622.161136,v4l2_dqbuf,0,VIDEO_CAPTURE_MPLANE
13622.161160,v4l2_dqbuf,0,VIDEO_OUTPUT_MPLANE
13622.175264,v4l2_qbuf,0,VIDEO_OUTPUT_MPLANE
13622.175285,v4l2_qbuf,1,VIDEO_CAPTURE_MPLANE
13622.178441,v4l2_dqbuf,1,VIDEO_CAPTURE_MPLANE
13622.178528,v4l2_dqbuf,0,VIDEO_OUTPUT_MPLANE
13622.192404,v4l2_qbuf,0,VIDEO_OUTPUT_MPLANE
13622.192440,v4l2_qbuf,3,VIDEO_CAPTURE_MPLANE
13622.195697,v4l2_dqbuf,3,VIDEO_CAPTURE_MPLANE
13622.195821,v4l2_dqbuf,0,VIDEO_OUTPUT_MPLANE
13622.208776,v4l2_qbuf,0,VIDEO_OUTPUT_MPLANE
13622.208796,v4l2_qbuf,2,VIDEO_CAPTURE_MPLANE
13622.211925,v4l2_dqbuf,2,VIDEO_CAPTURE_MPLANE
13622.212088,v4l2_dqbuf,0,VIDEO_OUTPUT_MPLANE
13622.225489,v4l2_qbuf,0,VIDEO_OUTPUT_MPLANE
13622.225509,v4l2_qbuf,5,VIDEO_CAPTURE_MPLANE
13622.229625,v4l2_dqbuf,5,VIDEO_CAPTURE_MPLANE
13622.229645,v4l2_dqbuf,0,VIDEO_OUTPUT_MPLANE
13622.242056,v4l2_qbuf,0,VIDEO_OUTPUT_MPLANE
13622.242078,v4l2_qbuf,4,VIDEO_CAPTURE_MPLANE
13622.245231,v4l2_dqbuf,4,VIDEO_CAPTURE_MPLANE
13622.245392,v4l2_dqbuf,0,VIDEO_OUTPUT_MPLANE
13622.258444,v4l2_qbuf,0,VIDEO_OUTPUT_MPLANE
13622.258465,v4l2_qbuf,1,VIDEO_CAPTURE_MPLANE
13622.260289,v4l2_dqbuf,1,VIDEO_CAPTURE_MPLANE
13622.260306,v4l2_dqbuf,0,VIDEO_OUTPUT_MPLANE
13622.275197,v4l2_qbuf,0,VIDEO_OUTPUT_MPLANE
13622.275226,v4l2_qbuf,3,VIDEO_CAPTURE_MPLANE
13622.277377,v4l2_dqbuf,3,VIDEO_CAPTURE_MPLANE
13622.277395,v4l2_dqbuf,0,VIDEO_OUTPUT_MPLANE
13622.291789,v4l2_qbuf,0,VIDEO_OUTPUT_MPLANE
13622.291809,v4l2_qbuf,2,VIDEO_CAPTURE_MPLANE
13622.294878,v4l2_dqbuf,2,VIDEO_CAPTURE_MPLANE
13622.294967,v4l2_dqbuf,0,VIDEO_OUTPUT_MPLANE
13622.308497,v4l2_qbuf,0,VIDEO_OUTPUT_MPLANE
13622.308535,v4l2_qbuf,0,VIDEO_CAPTURE_MPLANE
13622.313189,v4l2_dqbuf,0,VIDEO_CAPTURE_MPLANE
13622.313375,v4l2_dqbuf,0,VIDEO_OUTPUT_MPLANE
13622.325251,v4l2_qbuf,0,VIDEO_OUTPUT_MPLANE
13622.325302,v4l2_qbuf,4,VIDEO_CAPTURE_MPLANE
13622.328609,v4l2_dqbuf,4,VIDEO_CAPTURE_MPLANE
13622.328723,v4l2_dqbuf,0,VIDEO_OUTPUT_MPLANE
13622.341834,v4l2_qbuf,0,VIDEO_OUTPUT_MPLANE
13622.341862,v4l2_qbuf,5,VIDEO_CAPTURE_MPLANE
13622.343939,v4l2_dqbuf,5,VIDEO_CAPTURE_MPLANE
13622.343951,v4l2_dqbuf,0,VIDEO_OUTPUT_MPLANE
13622.358501,v4l2_qbuf,0,VIDEO_OUTPUT_MPLANE
13622.358519,v4l2_qbuf,1,VIDEO_CAPTURE_MPLANE
13622.361674,v4l2_dqbuf,1,VIDEO_CAPTURE_MPLANE
13622.361797,v4l2_dqbuf,0,VIDEO_OUTPUT_MPLANE
13622.375303,v4l2_qbuf,0,VIDEO_OUTPUT_MPLANE
13622.375324,v4l2_qbuf,2,VIDEO_CAPTURE_MPLANE
13622.378540,v4l2_dqbuf,2,VIDEO_CAPTURE_MPLANE
13622.378626,v4l2_dqbuf,0,VIDEO_OUTPUT_MPLANE
13622.392183,v4l2_qbuf,0,VIDEO_OUTPUT_MPLANE
13622.392203,v4l2_qbuf,0,VIDEO_CAPTURE_MPLANE
13622.395346,v4l2_dqbuf,0,VIDEO_CAPTURE_MPLANE
13622.395535,v4l2_dqbuf,0,VIDEO_OUTPUT_MPLANE
13622.408849,v4l2_qbuf,0,VIDEO_OUTPUT_MPLANE
13622.408868,v4l2_qbuf,4,VIDEO_CAPTURE_MPLANE
13622.411136,v4l2_dqbuf,4,VIDEO_CAPTURE_MPLANE
13622.411158,v4l2_dqbuf,0,VIDEO_OUTPUT_MPLANE
13622.425540,v4l2_qbuf,0,VIDEO_OUTPUT_MPLANE
13622.425562,v4l2_qbuf,3,VIDEO_CAPTURE_MPLANE
13622.428888,v4l2_dqbuf,3,VIDEO_CAPTURE_MPLANE
13622.428996,v4l2_dqbuf,0,VIDEO_OUTPUT_MPLANE
13622.442113,v4l2_qbuf,0,VIDEO_OUTPUT_MPLANE
13622.442135,v4l2_qbuf,1,VIDEO_CAPTURE_MPLANE
13622.445283,v4l2_dqbuf,1,VIDEO_CAPTURE_MPLANE
13622.445364,v4l2_dqbuf,0,VIDEO_OUTPUT_MPLANE
13622.458773,v4l2_qbuf,0,VIDEO_OUTPUT_MPLANE
13622.458794,v4l2_qbuf,2,VIDEO_CAPTURE_MPLANE
13622.461910,v4l2_dqbuf,2,VIDEO_CAPTURE_MPLANE
13622.461989,v4l2_dqbuf,0,VIDEO_OUTPUT_MPLANE
13622.475725,v4l2_qbuf,0,VIDEO_OUTPUT_MPLANE
13622.475768,v4l2_qbuf,0,VIDEO_CAPTURE_MPLANE
13622.477999,v4l2_dqbuf,0,VIDEO_CAPTURE_MPLANE
13622.478020,v4l2_dqbuf,0,VIDEO_OUTPUT_MPLANE
13622.492257,v4l2_qbuf,0,VIDEO_OUTPUT_MPLANE
13622.492275,v4l2_qbuf,5,VIDEO_CAPTURE_MPLANE
13622.495542,v4l2_dqbuf,5,VIDEO_CAPTURE_MPLANE
13622.495668,v4l2_dqbuf,0,VIDEO_OUTPUT_MPLANE
13622.509252,v4l2_qbuf,0,VIDEO_OUTPUT_MPLANE
13622.509324,v4l2_qbuf,3,VIDEO_CAPTURE_MPLANE
13622.512855,v4l2_dqbuf,3,VIDEO_CAPTURE_MPLANE
13622.513195,v4l2_dqbuf,0,VIDEO_OUTPUT_MPLANE
13622.525705,v4l2_qbuf,0,VIDEO_OUTPUT_MPLANE
13622.525727,v4l2_qbuf,1,VIDEO_CAPTURE_MPLANE
13622.530263,v4l2_dqbuf,1,VIDEO_CAPTURE_MPLANE
13622.530384,v4l2_dqbuf,0,VIDEO_OUTPUT_MPLANE
13622.542377,v4l2_qbuf,0,VIDEO_OUTPUT_MPLANE
13622.542439,v4l2_qbuf,2,VIDEO_CAPTURE_MPLANE
13622.544727,v4l2_dqbuf,2,VIDEO_CAPTURE_MPLANE
13622.544742,v4l2_dqbuf,0,VIDEO_OUTPUT_MPLANE
13622.558576,v4l2_qbuf,0,VIDEO_OUTPUT_MPLANE
13622.558597,v4l2_qbuf,4,VIDEO_CAPTURE_MPLANE
13622.561816,v4l2_dqbuf,4,VIDEO_CAPTURE_MPLANE
13622.561900,v4l2_dqbuf,0,VIDEO_OUTPUT_MPLANE
13622.575274,v4l2_qbuf,0,VIDEO_OUTPUT_MPLANE
13622.575295,v4l2_qbuf,5,VIDEO_CAPTURE_MPLANE
13622.578584,v4l2_dqbuf,5,VIDEO_CAPTURE_MPLANE
13622.578675,v4l2_dqbuf,0,VIDEO_OUTPUT_MPLANE
13622.592422,v4l2_qbuf,0,VIDEO_OUTPUT_MPLANE
13622.592443,v4l2_qbuf,3,VIDEO_CAPTURE_MPLANE
13622.595635,v4l2_dqbuf,3,VIDEO_CAPTURE_MPLANE
13622.595722,v4l2_dqbuf,0,VIDEO_OUTPUT_MPLANE
13622.609074,v4l2_qbuf,0,VIDEO_OUTPUT_MPLANE
13622.609093,v4l2_qbuf,1,VIDEO_CAPTURE_MPLANE
13622.611325,v4l2_dqbuf,1,VIDEO_CAPTURE_MPLANE
13622.611339,v4l2_dqbuf,0,VIDEO_OUTPUT_MPLANE
13622.625252,v4l2_qbuf,0,VIDEO_OUTPUT_MPLANE
13622.625274,v4l2_qbuf,0,VIDEO_CAPTURE_MPLANE
13622.628784,v4l2_dqbuf,0,VIDEO_CAPTURE_MPLANE
13622.628991,v4l2_dqbuf,0,VIDEO_OUTPUT_MPLANE
13622.642144,v4l2_qbuf,0,VIDEO_OUTPUT_MPLANE
13622.642184,v4l2_qbuf,4,VIDEO_CAPTURE_MPLANE
13622.645591,v4l2_dqbuf,4,VIDEO_CAPTURE_MPLANE
13622.645693,v4l2_dqbuf,0,VIDEO_OUTPUT_MPLANE
13622.659388,v4l2_qbuf,0,VIDEO_OUTPUT_MPLANE
13622.659408,v4l2_qbuf,5,VIDEO_CAPTURE_MPLANE
13622.662600,v4l2_dqbuf,5,VIDEO_CAPTURE_MPLANE
13622.662763,v4l2_dqbuf,0,VIDEO_OUTPUT_MPLANE
13622.675335,v4l2_qbuf,0,VIDEO_OUTPUT_MPLANE
13622.675356,v4l2_qbuf,3,VIDEO_CAPTURE_MPLANE
13622.677523,v4l2_dqbuf,3,VIDEO_CAPTURE_MPLANE
13622.677539,v4l2_dqbuf,0,VIDEO_OUTPUT_MPLANE
13622.692457,v4l2_qbuf,0,VIDEO_OUTPUT_MPLANE
13622.692478,v4l2_qbuf,2,VIDEO_CAPTURE_MPLANE
13622.695694,v4l2_dqbuf,2,VIDEO_CAPTURE_MPLANE
13622.695832,v4l2_dqbuf,0,VIDEO_OUTPUT_MPLANE
13622.709132,v4l2_qbuf,0,VIDEO_OUTPUT_MPLANE
13622.709172,v4l2_qbuf,0,VIDEO_CAPTURE_MPLANE
13622.712322,v4l2_dqbuf,0,VIDEO_CAPTURE_MPLANE
13622.712473,v4l2_dqbuf,0,VIDEO_OUTPUT_MPLANE
13622.725472,v4l2_qbuf,0,VIDEO_OUTPUT_MPLANE
13622.725493,v4l2_qbuf,4,VIDEO_CAPTURE_MPLANE
13622.729535,v4l2_dqbuf,4,VIDEO_CAPTURE_MPLANE
13622.729651,v4l2_dqbuf,0,VIDEO_OUTPUT_MPLANE
13622.741938,v4l2_qbuf,0,VIDEO_OUTPUT_MPLANE
13622.741960,v4l2_qbuf,5,VIDEO_CAPTURE_MPLANE
13622.744092,v4l2_dqbuf,5,VIDEO_CAPTURE_MPLANE
13622.744106,v4l2_dqbuf,0,VIDEO_OUTPUT_MPLANE
13622.758638,v4l2_qbuf,0,VIDEO_OUTPUT_MPLANE
13622.758656,v4l2_qbuf,1,VIDEO_CAPTURE_MPLANE
13622.761746,v4l2_dqbuf,1,VIDEO_CAPTURE_MPLANE
13622.761831,v4l2_dqbuf,0,VIDEO_OUTPUT_MPLANE
13622.775387,v4l2_qbuf,0,VIDEO_OUTPUT_MPLANE
13622.775431,v4l2_qbuf,2,VIDEO_CAPTURE_MPLANE
13622.778792,v4l2_dqbuf,2,VIDEO_CAPTURE_MPLANE
13622.778884,v4l2_dqbuf,0,VIDEO_OUTPUT_MPLANE
13622.794432,v4l2_qbuf,0,VIDEO_OUTPUT_MPLANE
13622.794453,v4l2_qbuf,0,VIDEO_CAPTURE_MPLANE
13622.797842,v4l2_dqbuf,0,VIDEO_CAPTURE_MPLANE
13622.797943,v4l2_dqbuf,0,VIDEO_OUTPUT_MPLANE
13622.808758,v4l2_qbuf,0,VIDEO_OUTPUT_MPLANE
13622.808773,v4l2_qbuf,4,VIDEO_CAPTURE_MPLANE
13622.811027,v4l2_dqbuf,4,VIDEO_CAPTURE_MPLANE
13622.811045,v4l2_dqbuf,0,VIDEO_OUTPUT_MPLANE
13622.825796,v4l2_qbuf,0,VIDEO_OUTPUT_MPLANE
13622.825836,v4l2_qbuf,3,VIDEO_CAPTURE_MPLANE
13622.828981,v4l2_dqbuf,3,VIDEO_CAPTURE_MPLANE
13622.829091,v4l2_dqbuf,0,VIDEO_OUTPUT_MPLANE
13622.842243,v4l2_qbuf,0,VIDEO_OUTPUT_MPLANE
13622.842260,v4l2_qbuf,1,VIDEO_CAPTURE_MPLANE
13622.845479,v4l2_dqbuf,1,VIDEO_CAPTURE_MPLANE
13622.845557,v4l2_dqbuf,0,VIDEO_OUTPUT_MPLANE
13622.858693,v4l2_qbuf,0,VIDEO_OUTPUT_MPLANE
13622.858709,v4l2_qbuf,2,VIDEO_CAPTURE_MPLANE
13622.862043,v4l2_dqbuf,2,VIDEO_CAPTURE_MPLANE
13622.862142,v4l2_dqbuf,0,VIDEO_OUTPUT_MPLANE
13622.875462,v4l2_qbuf,0,VIDEO_OUTPUT_MPLANE
13622.875508,v4l2_qbuf,0,VIDEO_CAPTURE_MPLANE
13622.877872,v4l2_dqbuf,0,VIDEO_CAPTURE_MPLANE
13622.877891,v4l2_dqbuf,0,VIDEO_OUTPUT_MPLANE
13622.891881,v4l2_qbuf,0,VIDEO_OUTPUT_MPLANE
13622.891900,v4l2_qbuf,5,VIDEO_CAPTURE_MPLANE
13622.897134,v4l2_dqbuf,5,VIDEO_CAPTURE_MPLANE
13622.897253,v4l2_dqbuf,0,VIDEO_OUTPUT_MPLANE
13622.908596,v4l2_qbuf,0,VIDEO_OUTPUT_MPLANE
13622.908654,v4l2_qbuf,3,VIDEO_CAPTURE_MPLANE
13622.911892,v4l2_dqbuf,3,VIDEO_CAPTURE_MPLANE
13622.912095,v4l2_dqbuf,0,VIDEO_OUTPUT_MPLANE
13622.925324,v4l2_qbuf,0,VIDEO_OUTPUT_MPLANE
13622.925350,v4l2_qbuf,1,VIDEO_CAPTURE_MPLANE
13622.928371,v4l2_dqbuf,1,VIDEO_CAPTURE_MPLANE
13622.928502,v4l2_dqbuf,0,VIDEO_OUTPUT_MPLANE
13622.941708,v4l2_qbuf,0,VIDEO_OUTPUT_MPLANE
13622.941722,v4l2_qbuf,2,VIDEO_CAPTURE_MPLANE
13622.943822,v4l2_dqbuf,2,VIDEO_CAPTURE_MPLANE
13622.943841,v4l2_dqbuf,0,VIDEO_OUTPUT_MPLANE
13622.960246,v4l2_qbuf,0,VIDEO_OUTPUT_MPLANE
13622.960269,v4l2_qbuf,4,VIDEO_CAPTURE_MPLANE
13622.963472,v4l2_dqbuf,4,VIDEO_CAPTURE_MPLANE
13622.963583,v4l2_dqbuf,0,VIDEO_OUTPUT_MPLANE
13622.975212,v4l2_qbuf,0,VIDEO_OUTPUT_MPLANE
13622.975431,v4l2_qbuf,5,VIDEO_CAPTURE_MPLANE
13622.979206,v4l2_dqbuf,5,VIDEO_CAPTURE_MPLANE
13622.979304,v4l2_dqbuf,0,VIDEO_OUTPUT_MPLANE
13622.991773,v4l2_qbuf,0,VIDEO_OUTPUT_MPLANE
13622.991789,v4l2_qbuf,3,VIDEO_CAPTURE_MPLANE
13622.994922,v4l2_dqbuf,3,VIDEO_CAPTURE_MPLANE
13622.994995,v4l2_dqbuf,0,VIDEO_OUTPUT_MPLANE
13623.008402,v4l2_qbuf,0,VIDEO_OUTPUT_MPLANE
13623.008432,v4l2_qbuf,1,VIDEO_CAPTURE_MPLANE
13623.010649,v4l2_dqbuf,1,VIDEO_CAPTURE_MPLANE
13623.010668,v4l2_dqbuf,0,VIDEO_OUTPUT_MPLANE
13623.025257,v4l2_qbuf,0,VIDEO_OUTPUT_MPLANE
13623.025285,v4l2_qbuf,0,VIDEO_CAPTURE_MPLANE
13623.028471,v4l2_dqbuf,0,VIDEO_CAPTURE_MPLANE
13623.028588,v4l2_dqbuf,0,VIDEO_OUTPUT_MPLANE
13623.041981,v4l2_qbuf,0,VIDEO_OUTPUT_MPLANE
13623.042030,v4l2_qbuf,4,VIDEO_CAPTURE_MPLANE
13623.047138,v4l2_dqbuf,4,VIDEO_CAPTURE_MPLANE
13623.047236,v4l2_dqbuf,0,VIDEO_OUTPUT_MPLANE
13623.058764,v4l2_qbuf,0,VIDEO_OUTPUT_MPLANE
13623.058821,v4l2_qbuf,5,VIDEO_CAPTURE_MPLANE
13623.062108,v4l2_dqbuf,5,VIDEO_CAPTURE_MPLANE
13623.062217,v4l2_dqbuf,0,VIDEO_OUTPUT_MPLANE
13623.075623,v4l2_qbuf,0,VIDEO_OUTPUT_MPLANE
13623.075653,v4l2_qbuf,3,VIDEO_CAPTURE_MPLANE
13623.077886,v4l2_dqbuf,3,VIDEO_CAPTURE_MPLANE
13623.077908,v4l2_dqbuf,0,VIDEO_OUTPUT_MPLANE
13623.092143,v4l2_qbuf,0,VIDEO_OUTPUT_MPLANE
13623.092173,v4l2_qbuf,2,VIDEO_CAPTURE_MPLANE
13623.095518,v4l2_dqbuf,2,VIDEO_CAPTURE_MPLANE
13623.095654,v4l2_dqbuf,0,VIDEO_OUTPUT_MPLANE
13623.108769,v4l2_qbuf,0,VIDEO_OUTPUT_MPLANE
13623.108806,v4l2_qbuf,0,VIDEO_CAPTURE_MPLANE
13623.112292,v4l2_dqbuf,0,VIDEO_CAPTURE_MPLANE
13623.112437,v4l2_dqbuf,0,VIDEO_OUTPUT_MPLANE
13623.125875,v4l2_qbuf,0,VIDEO_OUTPUT_MPLANE
13623.125982,v4l2_qbuf,4,VIDEO_CAPTURE_MPLANE
13623.133105,v4l2_dqbuf,4,VIDEO_CAPTURE_MPLANE
13623.133338,v4l2_dqbuf,0,VIDEO_OUTPUT_MPLANE
13623.142579,v4l2_qbuf,0,VIDEO_OUTPUT_MPLANE
13623.142617,v4l2_qbuf,5,VIDEO_CAPTURE_MPLANE
13623.144822,v4l2_dqbuf,5,VIDEO_CAPTURE_MPLANE
13623.144838,v4l2_dqbuf,0,VIDEO_OUTPUT_MPLANE
13623.158758,v4l2_qbuf,0,VIDEO_OUTPUT_MPLANE
13623.158787,v4l2_qbuf,1,VIDEO_CAPTURE_MPLANE
13623.162163,v4l2_dqbuf,1,VIDEO_CAPTURE_MPLANE
13623.162284,v4l2_dqbuf,0,VIDEO_OUTPUT_MPLANE
13623.175245,v4l2_qbuf,0,VIDEO_OUTPUT_MPLANE
13623.175264,v4l2_qbuf,2,VIDEO_CAPTURE_MPLANE
13623.178290,v4l2_dqbuf,2,VIDEO_CAPTURE_MPLANE
13623.178368,v4l2_dqbuf,0,VIDEO_OUTPUT_MPLANE
13623.192039,v4l2_qbuf,0,VIDEO_OUTPUT_MPLANE
13623.192058,v4l2_qbuf,0,VIDEO_CAPTURE_MPLANE
13623.195040,v4l2_dqbuf,0,VIDEO_CAPTURE_MPLANE
13623.195115,v4l2_dqbuf,0,VIDEO_OUTPUT_MPLANE
13623.210726,v4l2_qbuf,0,VIDEO_OUTPUT_MPLANE
13623.210754,v4l2_qbuf,4,VIDEO_CAPTURE_MPLANE
13623.213190,v4l2_dqbuf,4,VIDEO_CAPTURE_MPLANE
13623.213229,v4l2_dqbuf,0,VIDEO_OUTPUT_MPLANE
13623.225500,v4l2_qbuf,0,VIDEO_OUTPUT_MPLANE
13623.225519,v4l2_qbuf,3,VIDEO_CAPTURE_MPLANE
13623.228830,v4l2_dqbuf,3,VIDEO_CAPTURE_MPLANE
13623.228936,v4l2_dqbuf,0,VIDEO_OUTPUT_MPLANE
13623.243495,v4l2_qbuf,0,VIDEO_OUTPUT_MPLANE
13623.243552,v4l2_qbuf,1,VIDEO_CAPTURE_MPLANE
13623.246814,v4l2_dqbuf,1,VIDEO_CAPTURE_MPLANE
13623.246942,v4l2_dqbuf,0,VIDEO_OUTPUT_MPLANE
13623.258905,v4l2_qbuf,0,VIDEO_OUTPUT_MPLANE
13623.258923,v4l2_qbuf,2,VIDEO_CAPTURE_MPLANE
13623.260917,v4l2_dqbuf,2,VIDEO_CAPTURE_MPLANE
13623.260931,v4l2_dqbuf,0,VIDEO_OUTPUT_MPLANE
13623.275257,v4l2_qbuf,0,VIDEO_OUTPUT_MPLANE
13623.275281,v4l2_qbuf,0,VIDEO_CAPTURE_MPLANE
13623.277520,v4l2_dqbuf,0,VIDEO_CAPTURE_MPLANE
13623.277547,v4l2_dqbuf,0,VIDEO_OUTPUT_MPLANE
13623.291991,v4l2_qbuf,0,VIDEO_OUTPUT_MPLANE
13623.292028,v4l2_qbuf,5,VIDEO_CAPTURE_MPLANE
13623.295268,v4l2_dqbuf,5,VIDEO_CAPTURE_MPLANE
13623.295458,v4l2_dqbuf,0,VIDEO_OUTPUT_MPLANE
13623.308961,v4l2_qbuf,0,VIDEO_OUTPUT_MPLANE
13623.309022,v4l2_qbuf,3,VIDEO_CAPTURE_MPLANE
13623.314084,v4l2_dqbuf,3,VIDEO_CAPTURE_MPLANE
13623.314276,v4l2_dqbuf,0,VIDEO_OUTPUT_MPLANE
13623.325569,v4l2_qbuf,0,VIDEO_OUTPUT_MPLANE
13623.325608,v4l2_qbuf,1,VIDEO_CAPTURE_MPLANE
13623.328597,v4l2_dqbuf,1,VIDEO_CAPTURE_MPLANE
13623.328690,v4l2_dqbuf,0,VIDEO_OUTPUT_MPLANE
13623.342506,v4l2_qbuf,0,VIDEO_OUTPUT_MPLANE
13623.342556,v4l2_qbuf,4,VIDEO_CAPTURE_MPLANE
13623.344806,v4l2_dqbuf,4,VIDEO_CAPTURE_MPLANE
13623.344820,v4l2_dqbuf,0,VIDEO_OUTPUT_MPLANE
13623.358703,v4l2_qbuf,0,VIDEO_OUTPUT_MPLANE
13623.358756,v4l2_qbuf,2,VIDEO_CAPTURE_MPLANE
13623.362340,v4l2_dqbuf,2,VIDEO_CAPTURE_MPLANE
13623.362528,v4l2_dqbuf,0,VIDEO_OUTPUT_MPLANE
13623.375411,v4l2_qbuf,0,VIDEO_OUTPUT_MPLANE
13623.375468,v4l2_qbuf,5,VIDEO_CAPTURE_MPLANE
13623.378906,v4l2_dqbuf,5,VIDEO_CAPTURE_MPLANE
13623.379107,v4l2_dqbuf,0,VIDEO_OUTPUT_MPLANE
13623.392088,v4l2_qbuf,0,VIDEO_OUTPUT_MPLANE
13623.392125,v4l2_qbuf,3,VIDEO_CAPTURE_MPLANE
13623.395553,v4l2_dqbuf,3,VIDEO_CAPTURE_MPLANE
13623.395695,v4l2_dqbuf,0,VIDEO_OUTPUT_MPLANE
13623.409024,v4l2_qbuf,0,VIDEO_OUTPUT_MPLANE
13623.409070,v4l2_qbuf,1,VIDEO_CAPTURE_MPLANE
13623.412110,v4l2_dqbuf,1,VIDEO_CAPTURE_MPLANE
13623.412127,v4l2_dqbuf,0,VIDEO_OUTPUT_MPLANE
13623.425335,v4l2_qbuf,0,VIDEO_OUTPUT_MPLANE
13623.425354,v4l2_qbuf,0,VIDEO_CAPTURE_MPLANE
13623.428580,v4l2_dqbuf,0,VIDEO_CAPTURE_MPLANE
13623.428663,v4l2_dqbuf,0,VIDEO_OUTPUT_MPLANE
13623.441919,v4l2_qbuf,0,VIDEO_OUTPUT_MPLANE
13623.441939,v4l2_qbuf,2,VIDEO_CAPTURE_MPLANE
13623.445080,v4l2_dqbuf,2,VIDEO_CAPTURE_MPLANE
13623.445161,v4l2_dqbuf,0,VIDEO_OUTPUT_MPLANE
13623.462238,v4l2_qbuf,0,VIDEO_OUTPUT_MPLANE
13623.462260,v4l2_qbuf,5,VIDEO_CAPTURE_MPLANE
13623.465344,v4l2_dqbuf,5,VIDEO_CAPTURE_MPLANE
13623.465449,v4l2_dqbuf,0,VIDEO_OUTPUT_MPLANE
13623.475340,v4l2_qbuf,0,VIDEO_OUTPUT_MPLANE
13623.475359,v4l2_qbuf,3,VIDEO_CAPTURE_MPLANE
13623.477628,v4l2_dqbuf,3,VIDEO_CAPTURE_MPLANE
13623.477657,v4l2_dqbuf,0,VIDEO_OUTPUT_MPLANE
13623.492372,v4l2_qbuf,0,VIDEO_OUTPUT_MPLANE
13623.492410,v4l2_qbuf,4,VIDEO_CAPTURE_MPLANE
13623.495763,v4l2_dqbuf,4,VIDEO_CAPTURE_MPLANE
13623.495934,v4l2_dqbuf,0,VIDEO_OUTPUT_MPLANE
13623.509098,v4l2_qbuf,0,VIDEO_OUTPUT_MPLANE
13623.509135,v4l2_qbuf,0,VIDEO_CAPTURE_MPLANE
13623.512328,v4l2_dqbuf,0,VIDEO_CAPTURE_MPLANE
13623.512415,v4l2_dqbuf,0,VIDEO_OUTPUT_MPLANE
13623.525727,v4l2_qbuf,0,VIDEO_OUTPUT_MPLANE
13623.525749,v4l2_qbuf,2,VIDEO_CAPTURE_MPLANE
13623.529270,v4l2_dqbuf,2,VIDEO_CAPTURE_MPLANE
13623.529467,v4l2_dqbuf,0,VIDEO_OUTPUT_MPLANE
13623.542580,v4l2_qbuf,0,VIDEO_OUTPUT_MPLANE
13623.542601,v4l2_qbuf,5,VIDEO_CAPTURE_MPLANE
13623.545198,v4l2_dqbuf,5,VIDEO_CAPTURE_MPLANE
13623.545213,v4l2_dqbuf,0,VIDEO_OUTPUT_MPLANE
13623.558586,v4l2_qbuf,0,VIDEO_OUTPUT_MPLANE
13623.558606,v4l2_qbuf,1,VIDEO_CAPTURE_MPLANE
13623.561579,v4l2_dqbuf,1,VIDEO_CAPTURE_MPLANE
13623.561658,v4l2_dqbuf,0,VIDEO_OUTPUT_MPLANE
13623.575111,v4l2_qbuf,0,VIDEO_OUTPUT_MPLANE
13623.575137,v4l2_qbuf,4,VIDEO_CAPTURE_MPLANE
13623.578390,v4l2_dqbuf,4,VIDEO_CAPTURE_MPLANE
13623.578553,v4l2_dqbuf,0,VIDEO_OUTPUT_MPLANE
13623.592032,v4l2_qbuf,0,VIDEO_OUTPUT_MPLANE
13623.592052,v4l2_qbuf,0,VIDEO_CAPTURE_MPLANE
13623.595244,v4l2_dqbuf,0,VIDEO_CAPTURE_MPLANE
13623.595330,v4l2_dqbuf,0,VIDEO_OUTPUT_MPLANE
13623.608936,v4l2_qbuf,0,VIDEO_OUTPUT_MPLANE
13623.608980,v4l2_qbuf,2,VIDEO_CAPTURE_MPLANE
13623.611273,v4l2_dqbuf,2,VIDEO_CAPTURE_MPLANE
13623.611287,v4l2_dqbuf,0,VIDEO_OUTPUT_MPLANE
13623.625773,v4l2_qbuf,0,VIDEO_OUTPUT_MPLANE
13623.625812,v4l2_qbuf,3,VIDEO_CAPTURE_MPLANE
13623.629085,v4l2_dqbuf,3,VIDEO_CAPTURE_MPLANE
13623.629189,v4l2_dqbuf,0,VIDEO_OUTPUT_MPLANE
13623.642352,v4l2_qbuf,0,VIDEO_OUTPUT_MPLANE
13623.642394,v4l2_qbuf,1,VIDEO_CAPTURE_MPLANE
13623.645704,v4l2_dqbuf,1,VIDEO_CAPTURE_MPLANE
13623.645786,v4l2_dqbuf,0,VIDEO_OUTPUT_MPLANE
13623.658926,v4l2_qbuf,0,VIDEO_OUTPUT_MPLANE
13623.658949,v4l2_qbuf,4,VIDEO_CAPTURE_MPLANE
13623.662174,v4l2_dqbuf,4,VIDEO_CAPTURE_MPLANE
13623.662269,v4l2_dqbuf,0,VIDEO_OUTPUT_MPLANE
13623.675676,v4l2_qbuf,0,VIDEO_OUTPUT_MPLANE
13623.675715,v4l2_qbuf,0,VIDEO_CAPTURE_MPLANE
13623.677982,v4l2_dqbuf,0,VIDEO_CAPTURE_MPLANE
13623.677998,v4l2_dqbuf,0,VIDEO_OUTPUT_MPLANE
13623.692227,v4l2_qbuf,0,VIDEO_OUTPUT_MPLANE
13623.692247,v4l2_qbuf,5,VIDEO_CAPTURE_MPLANE
13623.695518,v4l2_dqbuf,5,VIDEO_CAPTURE_MPLANE
13623.695611,v4l2_dqbuf,0,VIDEO_OUTPUT_MPLANE
13623.708778,v4l2_qbuf,0,VIDEO_OUTPUT_MPLANE
13623.708801,v4l2_qbuf,3,VIDEO_CAPTURE_MPLANE
13623.713737,v4l2_dqbuf,3,VIDEO_CAPTURE_MPLANE
13623.713864,v4l2_dqbuf,0,VIDEO_OUTPUT_MPLANE
13623.725534,v4l2_qbuf,0,VIDEO_OUTPUT_MPLANE
13623.725555,v4l2_qbuf,1,VIDEO_CAPTURE_MPLANE
13623.728775,v4l2_dqbuf,1,VIDEO_CAPTURE_MPLANE
13623.728895,v4l2_dqbuf,0,VIDEO_OUTPUT_MPLANE
13623.741936,v4l2_qbuf,0,VIDEO_OUTPUT_MPLANE
13623.741957,v4l2_qbuf,4,VIDEO_CAPTURE_MPLANE
13623.744121,v4l2_dqbuf,4,VIDEO_CAPTURE_MPLANE
13623.744135,v4l2_dqbuf,0,VIDEO_OUTPUT_MPLANE
13623.758650,v4l2_qbuf,0,VIDEO_OUTPUT_MPLANE
13623.758673,v4l2_qbuf,2,VIDEO_CAPTURE_MPLANE
13623.761738,v4l2_dqbuf,2,VIDEO_CAPTURE_MPLANE
13623.761833,v4l2_dqbuf,0,VIDEO_OUTPUT_MPLANE
13623.775281,v4l2_qbuf,0,VIDEO_OUTPUT_MPLANE
13623.775303,v4l2_qbuf,5,VIDEO_CAPTURE_MPLANE
13623.778611,v4l2_dqbuf,5,VIDEO_CAPTURE_MPLANE
13623.778713,v4l2_dqbuf,0,VIDEO_OUTPUT_MPLANE
13623.792095,v4l2_qbuf,0,VIDEO_OUTPUT_MPLANE
13623.792117,v4l2_qbuf,3,VIDEO_CAPTURE_MPLANE
13623.794323,v4l2_dqbuf,3,VIDEO_CAPTURE_MPLANE
13623.794337,v4l2_dqbuf,0,VIDEO_OUTPUT_MPLANE
13623.808510,v4l2_qbuf,0,VIDEO_OUTPUT_MPLANE
13623.808531,v4l2_qbuf,1,VIDEO_CAPTURE_MPLANE
13623.814204,v4l2_dqbuf,1,VIDEO_CAPTURE_MPLANE
13623.814315,v4l2_dqbuf,0,VIDEO_OUTPUT_MPLANE
13623.825494,v4l2_qbuf,0,VIDEO_OUTPUT_MPLANE
13623.825528,v4l2_qbuf,0,VIDEO_CAPTURE_MPLANE
13623.827994,v4l2_dqbuf,0,VIDEO_CAPTURE_MPLANE
13623.828020,v4l2_dqbuf,0,VIDEO_OUTPUT_MPLANE
13623.841920,v4l2_qbuf,0,VIDEO_OUTPUT_MPLANE
13623.841940,v4l2_qbuf,2,VIDEO_CAPTURE_MPLANE
13623.845166,v4l2_dqbuf,2,VIDEO_CAPTURE_MPLANE
13623.845253,v4l2_dqbuf,0,VIDEO_OUTPUT_MPLANE
13623.858742,v4l2_qbuf,0,VIDEO_OUTPUT_MPLANE
13623.858763,v4l2_qbuf,5,VIDEO_CAPTURE_MPLANE
13623.862015,v4l2_dqbuf,5,VIDEO_CAPTURE_MPLANE
13623.862105,v4l2_dqbuf,0,VIDEO_OUTPUT_MPLANE
13623.875181,v4l2_qbuf,0,VIDEO_OUTPUT_MPLANE
13623.875203,v4l2_qbuf,4,VIDEO_CAPTURE_MPLANE
13623.878307,v4l2_dqbuf,4,VIDEO_CAPTURE_MPLANE
13623.878392,v4l2_dqbuf,0,VIDEO_OUTPUT_MPLANE
13623.892193,v4l2_qbuf,0,VIDEO_OUTPUT_MPLANE
13623.892215,v4l2_qbuf,1,VIDEO_CAPTURE_MPLANE
13623.894451,v4l2_dqbuf,1,VIDEO_CAPTURE_MPLANE
13623.894467,v4l2_dqbuf,0,VIDEO_OUTPUT_MPLANE
13623.908888,v4l2_qbuf,0,VIDEO_OUTPUT_MPLANE
13623.908910,v4l2_qbuf,3,VIDEO_CAPTURE_MPLANE
13623.912298,v4l2_dqbuf,3,VIDEO_CAPTURE_MPLANE
13623.912557,v4l2_dqbuf,0,VIDEO_OUTPUT_MPLANE
13623.927475,v4l2_qbuf,0,VIDEO_OUTPUT_MPLANE
13623.927507,v4l2_qbuf,2,VIDEO_CAPTURE_MPLANE
13623.930670,v4l2_dqbuf,2,VIDEO_CAPTURE_MPLANE
13623.930767,v4l2_dqbuf,0,VIDEO_OUTPUT_MPLANE
13623.942191,v4l2_qbuf,0,VIDEO_OUTPUT_MPLANE
13623.942210,v4l2_qbuf,5,VIDEO_CAPTURE_MPLANE
13623.944347,v4l2_dqbuf,5,VIDEO_CAPTURE_MPLANE
13623.944362,v4l2_dqbuf,0,VIDEO_OUTPUT_MPLANE
13623.958731,v4l2_qbuf,0,VIDEO_OUTPUT_MPLANE
13623.958775,v4l2_qbuf,4,VIDEO_CAPTURE_MPLANE
13623.962022,v4l2_dqbuf,4,VIDEO_CAPTURE_MPLANE
13623.962113,v4l2_dqbuf,0,VIDEO_OUTPUT_MPLANE
13623.975332,v4l2_qbuf,0,VIDEO_OUTPUT_MPLANE
13623.975351,v4l2_qbuf,0,VIDEO_CAPTURE_MPLANE
13623.980060,v4l2_dqbuf,0,VIDEO_CAPTURE_MPLANE
13623.980178,v4l2_dqbuf,0,VIDEO_OUTPUT_MPLANE
13623.992174,v4l2_qbuf,0,VIDEO_OUTPUT_MPLANE
13623.993877,v4l2_qbuf,3,VIDEO_CAPTURE_MPLANE
13623.997039,v4l2_dqbuf,3,VIDEO_CAPTURE_MPLANE
13623.997162,v4l2_dqbuf,0,VIDEO_OUTPUT_MPLANE
13624.008950,v4l2_qbuf,0,VIDEO_OUTPUT_MPLANE
13624.008967,v4l2_qbuf,2,VIDEO_CAPTURE_MPLANE
13624.011224,v4l2_dqbuf,2,VIDEO_CAPTURE_MPLANE
13624.011239,v4l2_dqbuf,0,VIDEO_OUTPUT_MPLANE
13624.025212,v4l2_qbuf,0,VIDEO_OUTPUT_MPLANE
13624.025233,v4l2_qbuf,1,VIDEO_CAPTURE_MPLANE
13624.028453,v4l2_dqbuf,1,VIDEO_CAPTURE_MPLANE
13624.028559,v4l2_dqbuf,0,VIDEO_OUTPUT_MPLANE
13624.041795,v4l2_qbuf,0,VIDEO_OUTPUT_MPLANE
13624.041816,v4l2_qbuf,4,VIDEO_CAPTURE_MPLANE
13624.045012,v4l2_dqbuf,4,VIDEO_CAPTURE_MPLANE
13624.045100,v4l2_dqbuf,0,VIDEO_OUTPUT_MPLANE
13624.058464,v4l2_qbuf,0,VIDEO_OUTPUT_MPLANE
13624.058484,v4l2_qbuf,0,VIDEO_CAPTURE_MPLANE
13624.062094,v4l2_dqbuf,0,VIDEO_CAPTURE_MPLANE
13624.062125,v4l2_dqbuf,0,VIDEO_OUTPUT_MPLANE
13624.075206,v4l2_qbuf,0,VIDEO_OUTPUT_MPLANE
13624.075251,v4l2_qbuf,3,VIDEO_CAPTURE_MPLANE
13624.078584,v4l2_dqbuf,3,VIDEO_CAPTURE_MPLANE
13624.078774,v4l2_dqbuf,0,VIDEO_OUTPUT_MPLANE
13624.091765,v4l2_qbuf,0,VIDEO_OUTPUT_MPLANE
13624.091793,v4l2_qbuf,5,VIDEO_CAPTURE_MPLANE
13624.094611,v4l2_dqbuf,5,VIDEO_CAPTURE_MPLANE
13624.094693,v4l2_dqbuf,0,VIDEO_OUTPUT_MPLANE
13624.108361,v4l2_qbuf,0,VIDEO_OUTPUT_MPLANE
13624.108385,v4l2_qbuf,1,VIDEO_CAPTURE_MPLANE
13624.111392,v4l2_dqbuf,1,VIDEO_CAPTURE_MPLANE
13624.111476,v4l2_dqbuf,0,VIDEO_OUTPUT_MPLANE
13624.125038,v4l2_qbuf,0,VIDEO_OUTPUT_MPLANE
13624.125058,v4l2_qbuf,4,VIDEO_CAPTURE_MPLANE
13624.127220,v4l2_dqbuf,4,VIDEO_CAPTURE_MPLANE
13624.127233,v4l2_dqbuf,0,VIDEO_OUTPUT_MPLANE
13624.141779,v4l2_qbuf,0,VIDEO_OUTPUT_MPLANE
13624.141803,v4l2_qbuf,2,VIDEO_CAPTURE_MPLANE
13624.144925,v4l2_dqbuf,2,VIDEO_CAPTURE_MPLANE
13624.145018,v4l2_dqbuf,0,VIDEO_OUTPUT_MPLANE
13624.158602,v4l2_qbuf,0,VIDEO_OUTPUT_MPLANE
13624.158619,v4l2_qbuf,3,VIDEO_CAPTURE_MPLANE
13624.163100,v4l2_dqbuf,3,VIDEO_CAPTURE_MPLANE
13624.163192,v4l2_dqbuf,0,VIDEO_OUTPUT_MPLANE
13624.175293,v4l2_qbuf,0,VIDEO_OUTPUT_MPLANE
13624.175315,v4l2_qbuf,5,VIDEO_CAPTURE_MPLANE
13624.177687,v4l2_dqbuf,5,VIDEO_CAPTURE_MPLANE
13624.177703,v4l2_dqbuf,0,VIDEO_OUTPUT_MPLANE
13624.192253,v4l2_qbuf,0,VIDEO_OUTPUT_MPLANE
13624.192273,v4l2_qbuf,1,VIDEO_CAPTURE_MPLANE
13624.195449,v4l2_dqbuf,1,VIDEO_CAPTURE_MPLANE
13624.195533,v4l2_dqbuf,0,VIDEO_OUTPUT_MPLANE
13624.208734,v4l2_qbuf,0,VIDEO_OUTPUT_MPLANE
13624.208766,v4l2_qbuf,0,VIDEO_CAPTURE_MPLANE
13624.212071,v4l2_dqbuf,0,VIDEO_CAPTURE_MPLANE
13624.212260,v4l2_dqbuf,0,VIDEO_OUTPUT_MPLANE
13624.225264,v4l2_qbuf,0,VIDEO_OUTPUT_MPLANE
13624.225285,v4l2_qbuf,2,VIDEO_CAPTURE_MPLANE
13624.227462,v4l2_dqbuf,2,VIDEO_CAPTURE_MPLANE
13624.227476,v4l2_dqbuf,0,VIDEO_OUTPUT_MPLANE
13624.241950,v4l2_qbuf,0,VIDEO_OUTPUT_MPLANE
13624.241968,v4l2_qbuf,3,VIDEO_CAPTURE_MPLANE
13624.245345,v4l2_dqbuf,3,VIDEO_CAPTURE_MPLANE
13624.245493,v4l2_dqbuf,0,VIDEO_OUTPUT_MPLANE
13624.259301,v4l2_qbuf,0,VIDEO_OUTPUT_MPLANE
13624.259350,v4l2_qbuf,4,VIDEO_CAPTURE_MPLANE
13624.261387,v4l2_dqbuf,4,VIDEO_CAPTURE_MPLANE
13624.261401,v4l2_dqbuf,0,VIDEO_OUTPUT_MPLANE
13624.275889,v4l2_qbuf,0,VIDEO_OUTPUT_MPLANE
13624.275927,v4l2_qbuf,1,VIDEO_CAPTURE_MPLANE
13624.278150,v4l2_dqbuf,1,VIDEO_CAPTURE_MPLANE
13624.278172,v4l2_dqbuf,0,VIDEO_OUTPUT_MPLANE
13624.292475,v4l2_qbuf,0,VIDEO_OUTPUT_MPLANE
13624.292513,v4l2_qbuf,0,VIDEO_CAPTURE_MPLANE
13624.295648,v4l2_dqbuf,0,VIDEO_CAPTURE_MPLANE
13624.295732,v4l2_dqbuf,0,VIDEO_OUTPUT_MPLANE
13624.308773,v4l2_qbuf,0,VIDEO_OUTPUT_MPLANE
13624.308798,v4l2_qbuf,5,VIDEO_CAPTURE_MPLANE
13624.312057,v4l2_dqbuf,5,VIDEO_CAPTURE_MPLANE
13624.312227,v4l2_dqbuf,0,VIDEO_OUTPUT_MPLANE
13624.325455,v4l2_qbuf,0,VIDEO_OUTPUT_MPLANE
13624.325494,v4l2_qbuf,3,VIDEO_CAPTURE_MPLANE
13624.328538,v4l2_dqbuf,3,VIDEO_CAPTURE_MPLANE
13624.328623,v4l2_dqbuf,0,VIDEO_OUTPUT_MPLANE
13624.342089,v4l2_qbuf,0,VIDEO_OUTPUT_MPLANE
13624.342119,v4l2_qbuf,2,VIDEO_CAPTURE_MPLANE
13624.344273,v4l2_dqbuf,2,VIDEO_CAPTURE_MPLANE
13624.344291,v4l2_dqbuf,0,VIDEO_OUTPUT_MPLANE
13624.358684,v4l2_qbuf,0,VIDEO_OUTPUT_MPLANE
13624.358701,v4l2_qbuf,4,VIDEO_CAPTURE_MPLANE
13624.362134,v4l2_dqbuf,4,VIDEO_CAPTURE_MPLANE
13624.362296,v4l2_dqbuf,0,VIDEO_OUTPUT_MPLANE
13624.375331,v4l2_qbuf,0,VIDEO_OUTPUT_MPLANE
13624.375348,v4l2_qbuf,0,VIDEO_CAPTURE_MPLANE
13624.378659,v4l2_dqbuf,0,VIDEO_CAPTURE_MPLANE
13624.378815,v4l2_dqbuf,0,VIDEO_OUTPUT_MPLANE
13624.392016,v4l2_qbuf,0,VIDEO_OUTPUT_MPLANE
13624.392045,v4l2_qbuf,5,VIDEO_CAPTURE_MPLANE
13624.395322,v4l2_dqbuf,5,VIDEO_CAPTURE_MPLANE
13624.395446,v4l2_dqbuf,0,VIDEO_OUTPUT_MPLANE
13624.408582,v4l2_qbuf,0,VIDEO_OUTPUT_MPLANE
13624.408613,v4l2_qbuf,3,VIDEO_CAPTURE_MPLANE
13624.410739,v4l2_dqbuf,3,VIDEO_CAPTURE_MPLANE
13624.410758,v4l2_dqbuf,0,VIDEO_OUTPUT_MPLANE
13624.425281,v4l2_qbuf,0,VIDEO_OUTPUT_MPLANE
13624.425311,v4l2_qbuf,1,VIDEO_CAPTURE_MPLANE
13624.428590,v4l2_dqbuf,1,VIDEO_CAPTURE_MPLANE
13624.428721,v4l2_dqbuf,0,VIDEO_OUTPUT_MPLANE
13624.442037,v4l2_qbuf,0,VIDEO_OUTPUT_MPLANE
13624.442059,v4l2_qbuf,4,VIDEO_CAPTURE_MPLANE
13624.445358,v4l2_dqbuf,4,VIDEO_CAPTURE_MPLANE
13624.445444,v4l2_dqbuf,0,VIDEO_OUTPUT_MPLANE
13624.459084,v4l2_qbuf,0,VIDEO_OUTPUT_MPLANE
13624.459105,v4l2_qbuf,0,VIDEO_CAPTURE_MPLANE
13624.461349,v4l2_dqbuf,0,VIDEO_CAPTURE_MPLANE
13624.461367,v4l2_dqbuf,0,VIDEO_OUTPUT_MPLANE
13624.475406,v4l2_qbuf,0,VIDEO_OUTPUT_MPLANE
13624.475426,v4l2_qbuf,5,VIDEO_CAPTURE_MPLANE
13624.478603,v4l2_dqbuf,5,VIDEO_CAPTURE_MPLANE
13624.478727,v4l2_dqbuf,0,VIDEO_OUTPUT_MPLANE
13624.491959,v4l2_qbuf,0,VIDEO_OUTPUT_MPLANE
13624.492029,v4l2_qbuf,2,VIDEO_CAPTURE_MPLANE
13624.494112,v4l2_dqbuf,2,VIDEO_CAPTURE_MPLANE
13624.494125,v4l2_dqbuf,0,VIDEO_OUTPUT_MPLANE
13624.508436,v4l2_qbuf,0,VIDEO_OUTPUT_MPLANE
13624.508451,v4l2_qbuf,1,VIDEO_CAPTURE_MPLANE
13624.511583,v4l2_dqbuf,1,VIDEO_CAPTURE_MPLANE
13624.511671,v4l2_dqbuf,0,VIDEO_OUTPUT_MPLANE
13624.525474,v4l2_qbuf,0,VIDEO_OUTPUT_MPLANE
13624.525495,v4l2_qbuf,4,VIDEO_CAPTURE_MPLANE
13624.528656,v4l2_dqbuf,4,VIDEO_CAPTURE_MPLANE
13624.528749,v4l2_dqbuf,0,VIDEO_OUTPUT_MPLANE
13624.541766,v4l2_qbuf,0,VIDEO_OUTPUT_MPLANE
13624.541794,v4l2_qbuf,3,VIDEO_CAPTURE_MPLANE
13624.545044,v4l2_dqbuf,3,VIDEO_CAPTURE_MPLANE
13624.545174,v4l2_dqbuf,0,VIDEO_OUTPUT_MPLANE
13624.558793,v4l2_qbuf,0,VIDEO_OUTPUT_MPLANE
13624.558893,v4l2_qbuf,5,VIDEO_CAPTURE_MPLANE
13624.561118,v4l2_dqbuf,5,VIDEO_CAPTURE_MPLANE
13624.561143,v4l2_dqbuf,0,VIDEO_OUTPUT_MPLANE
13624.575174,v4l2_qbuf,0,VIDEO_OUTPUT_MPLANE
13624.575227,v4l2_qbuf,0,VIDEO_CAPTURE_MPLANE
13624.578386,v4l2_dqbuf,0,VIDEO_CAPTURE_MPLANE
13624.578487,v4l2_dqbuf,0,VIDEO_OUTPUT_MPLANE
13624.591626,v4l2_qbuf,0,VIDEO_OUTPUT_MPLANE
13624.591643,v4l2_qbuf,1,VIDEO_CAPTURE_MPLANE
13624.594873,v4l2_dqbuf,1,VIDEO_CAPTURE_MPLANE
13624.595094,v4l2_dqbuf,0,VIDEO_OUTPUT_MPLANE
13624.608835,v4l2_qbuf,0,VIDEO_OUTPUT_MPLANE
13624.608879,v4l2_qbuf,4,VIDEO_CAPTURE_MPLANE
13624.612192,v4l2_dqbuf,4,VIDEO_CAPTURE_MPLANE
13624.612402,v4l2_dqbuf,0,VIDEO_OUTPUT_MPLANE
13624.625375,v4l2_qbuf,0,VIDEO_OUTPUT_MPLANE
13624.625414,v4l2_qbuf,3,VIDEO_CAPTURE_MPLANE
13624.627722,v4l2_dqbuf,3,VIDEO_CAPTURE_MPLANE
13624.627748,v4l2_dqbuf,0,VIDEO_OUTPUT_MPLANE
13624.642339,v4l2_qbuf,0,VIDEO_OUTPUT_MPLANE
13624.642373,v4l2_qbuf,2,VIDEO_CAPTURE_MPLANE
13624.645703,v4l2_dqbuf,2,VIDEO_CAPTURE_MPLANE
13624.645853,v4l2_dqbuf,0,VIDEO_OUTPUT_MPLANE
13624.658969,v4l2_qbuf,0,VIDEO_OUTPUT_MPLANE
13624.659037,v4l2_qbuf,0,VIDEO_CAPTURE_MPLANE
13624.662308,v4l2_dqbuf,0,VIDEO_CAPTURE_MPLANE
13624.662543,v4l2_dqbuf,0,VIDEO_OUTPUT_MPLANE
13624.676065,v4l2_qbuf,0,VIDEO_OUTPUT_MPLANE
13624.676104,v4l2_qbuf,1,VIDEO_CAPTURE_MPLANE
13624.680217,v4l2_dqbuf,1,VIDEO_CAPTURE_MPLANE
13624.680331,v4l2_dqbuf,0,VIDEO_OUTPUT_MPLANE
13624.692895,v4l2_qbuf,0,VIDEO_OUTPUT_MPLANE
13624.692935,v4l2_qbuf,4,VIDEO_CAPTURE_MPLANE
13624.695374,v4l2_dqbuf,4,VIDEO_CAPTURE_MPLANE
13624.695490,v4l2_dqbuf,0,VIDEO_OUTPUT_MPLANE
13624.708654,v4l2_qbuf,0,VIDEO_OUTPUT_MPLANE
13624.708673,v4l2_qbuf,5,VIDEO_CAPTURE_MPLANE
13624.711732,v4l2_dqbuf,5,VIDEO_CAPTURE_MPLANE
13624.711813,v4l2_dqbuf,0,VIDEO_OUTPUT_MPLANE
13624.725017,v4l2_qbuf,0,VIDEO_OUTPUT_MPLANE
13624.725038,v4l2_qbuf,2,VIDEO_CAPTURE_MPLANE
13624.728101,v4l2_dqbuf,2,VIDEO_CAPTURE_MPLANE
13624.728222,v4l2_dqbuf,0,VIDEO_OUTPUT_MPLANE
13624.741777,v4l2_qbuf,0,VIDEO_OUTPUT_MPLANE
13624.741801,v4l2_qbuf,0,VIDEO_CAPTURE_MPLANE
13624.745414,v4l2_dqbuf,0,VIDEO_CAPTURE_MPLANE
13624.745697,v4l2_dqbuf,0,VIDEO_OUTPUT_MPLANE
13624.759598,v4l2_qbuf,0,VIDEO_OUTPUT_MPLANE
13624.759619,v4l2_qbuf,1,VIDEO_CAPTURE_MPLANE
13624.761875,v4l2_dqbuf,1,VIDEO_CAPTURE_MPLANE
13624.761891,v4l2_dqbuf,0,VIDEO_OUTPUT_MPLANE
13624.776319,v4l2_qbuf,0,VIDEO_OUTPUT_MPLANE
13624.776340,v4l2_qbuf,3,VIDEO_CAPTURE_MPLANE
13624.779433,v4l2_dqbuf,3,VIDEO_CAPTURE_MPLANE
13624.779537,v4l2_dqbuf,0,VIDEO_OUTPUT_MPLANE
13624.795380,v4l2_qbuf,0,VIDEO_OUTPUT_MPLANE
13624.795400,v4l2_qbuf,5,VIDEO_CAPTURE_MPLANE
13624.798643,v4l2_dqbuf,5,VIDEO_CAPTURE_MPLANE
13624.798746,v4l2_dqbuf,0,VIDEO_OUTPUT_MPLANE
13624.808762,v4l2_qbuf,0,VIDEO_OUTPUT_MPLANE
13624.808782,v4l2_qbuf,2,VIDEO_CAPTURE_MPLANE
13624.811862,v4l2_dqbuf,2,VIDEO_CAPTURE_MPLANE
13624.811933,v4l2_dqbuf,0,VIDEO_OUTPUT_MPLANE
13624.827459,v4l2_qbuf,0,VIDEO_OUTPUT_MPLANE
13624.827481,v4l2_qbuf,0,VIDEO_CAPTURE_MPLANE
13624.829752,v4l2_dqbuf,0,VIDEO_CAPTURE_MPLANE
13624.829770,v4l2_dqbuf,0,VIDEO_OUTPUT_MPLANE
13624.841993,v4l2_qbuf,0,VIDEO_OUTPUT_MPLANE
13624.842030,v4l2_qbuf,4,VIDEO_CAPTURE_MPLANE
13624.845201,v4l2_dqbuf,4,VIDEO_CAPTURE_MPLANE
13624.845289,v4l2_dqbuf,0,VIDEO_OUTPUT_MPLANE
13624.860758,v4l2_qbuf,0,VIDEO_OUTPUT_MPLANE
13624.860786,v4l2_qbuf,3,VIDEO_CAPTURE_MPLANE
13624.864243,v4l2_dqbuf,3,VIDEO_CAPTURE_MPLANE
13624.864350,v4l2_dqbuf,0,VIDEO_OUTPUT_MPLANE
13624.877186,v4l2_qbuf,0,VIDEO_OUTPUT_MPLANE
13624.877206,v4l2_qbuf,5,VIDEO_CAPTURE_MPLANE
13624.880566,v4l2_dqbuf,5,VIDEO_CAPTURE_MPLANE
13624.880648,v4l2_dqbuf,0,VIDEO_OUTPUT_MPLANE
13624.893814,v4l2_qbuf,0,VIDEO_OUTPUT_MPLANE
13624.893835,v4l2_qbuf,2,VIDEO_CAPTURE_MPLANE
13624.896204,v4l2_dqbuf,2,VIDEO_CAPTURE_MPLANE
13624.896220,v4l2_dqbuf,0,VIDEO_OUTPUT_MPLANE
13624.910293,v4l2_qbuf,0,VIDEO_OUTPUT_MPLANE
13624.910309,v4l2_qbuf,1,VIDEO_CAPTURE_MPLANE
13624.913419,v4l2_dqbuf,1,VIDEO_CAPTURE_MPLANE
13624.913495,v4l2_dqbuf,0,VIDEO_OUTPUT_MPLANE
13624.927497,v4l2_qbuf,0,VIDEO_OUTPUT_MPLANE
13624.927515,v4l2_qbuf,4,VIDEO_CAPTURE_MPLANE
13624.930721,v4l2_dqbuf,4,VIDEO_CAPTURE_MPLANE
13624.930806,v4l2_dqbuf,0,VIDEO_OUTPUT_MPLANE
13624.943870,v4l2_qbuf,0,VIDEO_OUTPUT_MPLANE
13624.943890,v4l2_qbuf,3,VIDEO_CAPTURE_MPLANE
13624.947183,v4l2_dqbuf,3,VIDEO_CAPTURE_MPLANE
13624.947714,v4l2_dqbuf,0,VIDEO_OUTPUT_MPLANE
13624.960599,v4l2_qbuf,0,VIDEO_OUTPUT_MPLANE
13624.960620,v4l2_qbuf,5,VIDEO_CAPTURE_MPLANE
13624.962915,v4l2_dqbuf,5,VIDEO_CAPTURE_MPLANE
13624.962932,v4l2_dqbuf,0,VIDEO_OUTPUT_MPLANE
13624.978867,v4l2_qbuf,0,VIDEO_OUTPUT_MPLANE
13624.978889,v4l2_qbuf,0,VIDEO_CAPTURE_MPLANE
13624.981849,v4l2_dqbuf,0,VIDEO_CAPTURE_MPLANE
13624.981966,v4l2_dqbuf,0,VIDEO_OUTPUT_MPLANE
13624.993641,v4l2_qbuf,0,VIDEO_OUTPUT_MPLANE
13624.993662,v4l2_qbuf,1,VIDEO_CAPTURE_MPLANE
13624.996707,v4l2_dqbuf,1,VIDEO_CAPTURE_MPLANE
13624.996791,v4l2_dqbuf,0,VIDEO_OUTPUT_MPLANE
13625.012242,v4l2_qbuf,0,VIDEO_OUTPUT_MPLANE
13625.012272,v4l2_qbuf,4,VIDEO_CAPTURE_MPLANE
13625.015438,v4l2_dqbuf,4,VIDEO_CAPTURE_MPLANE
13625.015529,v4l2_dqbuf,0,VIDEO_OUTPUT_MPLANE
13625.028666,v4l2_qbuf,0,VIDEO_OUTPUT_MPLANE
13625.028686,v4l2_qbuf,3,VIDEO_CAPTURE_MPLANE
13625.030973,v4l2_dqbuf,3,VIDEO_CAPTURE_MPLANE
13625.030989,v4l2_dqbuf,0,VIDEO_OUTPUT_MPLANE
13625.045737,v4l2_qbuf,0,VIDEO_OUTPUT_MPLANE
13625.045768,v4l2_qbuf,2,VIDEO_CAPTURE_MPLANE
13625.048992,v4l2_dqbuf,2,VIDEO_CAPTURE_MPLANE
13625.049125,v4l2_dqbuf,0,VIDEO_OUTPUT_MPLANE
13625.062459,v4l2_qbuf,0,VIDEO_OUTPUT_MPLANE
13625.062486,v4l2_qbuf,0,VIDEO_CAPTURE_MPLANE
13625.065638,v4l2_dqbuf,0,VIDEO_CAPTURE_MPLANE
13625.065734,v4l2_dqbuf,0,VIDEO_OUTPUT_MPLANE
13625.078617,v4l2_qbuf,0,VIDEO_OUTPUT_MPLANE
13625.078636,v4l2_qbuf,1,VIDEO_CAPTURE_MPLANE
13625.080874,v4l2_dqbuf,1,VIDEO_CAPTURE_MPLANE
13625.080889,v4l2_dqbuf,0,VIDEO_OUTPUT_MPLANE
13625.095466,v4l2_qbuf,0,VIDEO_OUTPUT_MPLANE
13625.095486,v4l2_qbuf,4,VIDEO_CAPTURE_MPLANE
13625.098744,v4l2_dqbuf,4,VIDEO_CAPTURE_MPLANE
13625.098908,v4l2_dqbuf,0,VIDEO_OUTPUT_MPLANE
13625.112401,v4l2_qbuf,0,VIDEO_OUTPUT_MPLANE
13625.112431,v4l2_qbuf,5,VIDEO_CAPTURE_MPLANE
13625.117466,v4l2_dqbuf,5,VIDEO_CAPTURE_MPLANE
13625.117580,v4l2_dqbuf,0,VIDEO_OUTPUT_MPLANE
13625.128942,v4l2_qbuf,0,VIDEO_OUTPUT_MPLANE
13625.128962,v4l2_qbuf,2,VIDEO_CAPTURE_MPLANE
13625.132072,v4l2_dqbuf,2,VIDEO_CAPTURE_MPLANE
13625.132158,v4l2_dqbuf,0,VIDEO_OUTPUT_MPLANE
13625.145860,v4l2_qbuf,0,VIDEO_OUTPUT_MPLANE
13625.145893,v4l2_qbuf,0,VIDEO_CAPTURE_MPLANE
13625.148344,v4l2_dqbuf,0,VIDEO_CAPTURE_MPLANE
13625.148367,v4l2_dqbuf,0,VIDEO_OUTPUT_MPLANE
13625.162035,v4l2_qbuf,0,VIDEO_OUTPUT_MPLANE
13625.162056,v4l2_qbuf,3,VIDEO_CAPTURE_MPLANE
13625.165975,v4l2_dqbuf,3,VIDEO_CAPTURE_MPLANE
13625.166108,v4l2_dqbuf,0,VIDEO_OUTPUT_MPLANE
13625.178500,v4l2_qbuf,0,VIDEO_OUTPUT_MPLANE
13625.178521,v4l2_qbuf,4,VIDEO_CAPTURE_MPLANE
13625.181712,v4l2_dqbuf,4,VIDEO_CAPTURE_MPLANE
13625.181839,v4l2_dqbuf,0,VIDEO_OUTPUT_MPLANE
13625.195979,v4l2_qbuf,0,VIDEO_OUTPUT_MPLANE
13625.196018,v4l2_qbuf,5,VIDEO_CAPTURE_MPLANE
13625.198204,v4l2_dqbuf,5,VIDEO_CAPTURE_MPLANE
13625.198228,v4l2_dqbuf,0,VIDEO_OUTPUT_MPLANE
13625.211986,v4l2_qbuf,0,VIDEO_OUTPUT_MPLANE
13625.212061,v4l2_qbuf,2,VIDEO_CAPTURE_MPLANE
13625.215167,v4l2_dqbuf,2,VIDEO_CAPTURE_MPLANE
13625.215275,v4l2_dqbuf,0,VIDEO_OUTPUT_MPLANE
13625.228480,v4l2_qbuf,0,VIDEO_OUTPUT_MPLANE
13625.228500,v4l2_qbuf,1,VIDEO_CAPTURE_MPLANE
13625.231558,v4l2_dqbuf,1,VIDEO_CAPTURE_MPLANE
13625.231645,v4l2_dqbuf,0,VIDEO_OUTPUT_MPLANE
13625.245264,v4l2_qbuf,0,VIDEO_OUTPUT_MPLANE
13625.245294,v4l2_qbuf,3,VIDEO_CAPTURE_MPLANE
13625.248319,v4l2_dqbuf,3,VIDEO_CAPTURE_MPLANE
13625.248474,v4l2_dqbuf,0,VIDEO_OUTPUT_MPLANE
13625.261828,v4l2_qbuf,0,VIDEO_OUTPUT_MPLANE
13625.261850,v4l2_qbuf,4,VIDEO_CAPTURE_MPLANE
13625.265100,v4l2_dqbuf,4,VIDEO_CAPTURE_MPLANE
13625.265120,v4l2_dqbuf,0,VIDEO_OUTPUT_MPLANE
13625.280759,v4l2_qbuf,0,VIDEO_OUTPUT_MPLANE
13625.280780,v4l2_qbuf,0,VIDEO_CAPTURE_MPLANE
13625.282833,v4l2_dqbuf,0,VIDEO_CAPTURE_MPLANE
13625.282847,v4l2_dqbuf,0,VIDEO_OUTPUT_MPLANE
13625.295272,v4l2_qbuf,0,VIDEO_OUTPUT_MPLANE
13625.295291,v4l2_qbuf,2,VIDEO_CAPTURE_MPLANE
13625.298399,v4l2_dqbuf,2,VIDEO_CAPTURE_MPLANE
13625.298566,v4l2_dqbuf,0,VIDEO_OUTPUT_MPLANE
13625.314066,v4l2_qbuf,0,VIDEO_OUTPUT_MPLANE
13625.314085,v4l2_qbuf,1,VIDEO_CAPTURE_MPLANE
13625.317128,v4l2_dqbuf,1,VIDEO_CAPTURE_MPLANE
13625.317207,v4l2_dqbuf,0,VIDEO_OUTPUT_MPLANE
13625.330983,v4l2_qbuf,0,VIDEO_OUTPUT_MPLANE
13625.331045,v4l2_qbuf,3,VIDEO_CAPTURE_MPLANE
13625.334534,v4l2_dqbuf,3,VIDEO_CAPTURE_MPLANE
13625.334553,v4l2_dqbuf,0,VIDEO_OUTPUT_MPLANE
13625.349672,v4l2_qbuf,0,VIDEO_OUTPUT_MPLANE
13625.349695,v4l2_qbuf,5,VIDEO_CAPTURE_MPLANE
13625.352915,v4l2_dqbuf,5,VIDEO_CAPTURE_MPLANE
13625.353159,v4l2_dqbuf,0,VIDEO_OUTPUT_MPLANE
13625.364745,v4l2_qbuf,0,VIDEO_OUTPUT_MPLANE
13625.364766,v4l2_qbuf,4,VIDEO_CAPTURE_MPLANE
13625.367998,v4l2_dqbuf,4,VIDEO_CAPTURE_MPLANE
13625.368146,v4l2_dqbuf,0,VIDEO_OUTPUT_MPLANE
13625.381030,v4l2_qbuf,0,VIDEO_OUTPUT_MPLANE
13625.381049,v4l2_qbuf,2,VIDEO_CAPTURE_MPLANE
13625.384089,v4l2_dqbuf,2,VIDEO_CAPTURE_MPLANE
13625.384175,v4l2_dqbuf,0,VIDEO_OUTPUT_MPLANE
13625.397524,v4l2_qbuf,0,VIDEO_OUTPUT_MPLANE
13625.397544,v4l2_qbuf,1,VIDEO_CAPTURE_MPLANE
13625.400796,v4l2_dqbuf,1,VIDEO_CAPTURE_MPLANE
13625.400818,v4l2_dqbuf,0,VIDEO_OUTPUT_MPLANE
13625.414404,v4l2_qbuf,0,VIDEO_OUTPUT_MPLANE
13625.414423,v4l2_qbuf,0,VIDEO_CAPTURE_MPLANE
13625.418969,v4l2_dqbuf,0,VIDEO_CAPTURE_MPLANE
13625.419125,v4l2_dqbuf,0,VIDEO_OUTPUT_MPLANE
13625.430897,v4l2_qbuf,0,VIDEO_OUTPUT_MPLANE
13625.430926,v4l2_qbuf,5,VIDEO_CAPTURE_MPLANE
13625.435047,v4l2_dqbuf,5,VIDEO_CAPTURE_MPLANE
13625.435067,v4l2_dqbuf,0,VIDEO_OUTPUT_MPLANE
13625.447675,v4l2_qbuf,0,VIDEO_OUTPUT_MPLANE
13625.447696,v4l2_qbuf,4,VIDEO_CAPTURE_MPLANE
13625.450881,v4l2_dqbuf,4,VIDEO_CAPTURE_MPLANE
13625.451167,v4l2_dqbuf,0,VIDEO_OUTPUT_MPLANE
13625.465579,v4l2_qbuf,0,VIDEO_OUTPUT_MPLANE
13625.465609,v4l2_qbuf,2,VIDEO_CAPTURE_MPLANE
13625.468843,v4l2_dqbuf,2,VIDEO_CAPTURE_MPLANE
13625.468937,v4l2_dqbuf,0,VIDEO_OUTPUT_MPLANE
13625.484310,v4l2_qbuf,0,VIDEO_OUTPUT_MPLANE
13625.484328,v4l2_qbuf,3,VIDEO_CAPTURE_MPLANE
13625.487541,v4l2_dqbuf,3,VIDEO_CAPTURE_MPLANE
13625.487631,v4l2_dqbuf,0,VIDEO_OUTPUT_MPLANE
13625.500904,v4l2_qbuf,0,VIDEO_OUTPUT_MPLANE
13625.500924,v4l2_qbuf,0,VIDEO_CAPTURE_MPLANE
13625.503060,v4l2_dqbuf,0,VIDEO_CAPTURE_MPLANE
13625.503075,v4l2_dqbuf,0,VIDEO_OUTPUT_MPLANE
13625.517381,v4l2_qbuf,0,VIDEO_OUTPUT_MPLANE
13625.517400,v4l2_qbuf,1,VIDEO_CAPTURE_MPLANE
13625.520439,v4l2_dqbuf,1,VIDEO_CAPTURE_MPLANE
13625.520520,v4l2_dqbuf,0,VIDEO_OUTPUT_MPLANE
13625.534582,v4l2_qbuf,0,VIDEO_OUTPUT_MPLANE
13625.534602,v4l2_qbuf,4,VIDEO_CAPTURE_MPLANE
13625.537703,v4l2_dqbuf,4,VIDEO_CAPTURE_MPLANE
13625.537783,v4l2_dqbuf,0,VIDEO_OUTPUT_MPLANE
13625.554693,v4l2_qbuf,0,VIDEO_OUTPUT_MPLANE
13625.554723,v4l2_qbuf,2,VIDEO_CAPTURE_MPLANE
13625.557997,v4l2_dqbuf,2,VIDEO_CAPTURE_MPLANE
13625.558120,v4l2_dqbuf,0,VIDEO_OUTPUT_MPLANE
13625.567553,v4l2_qbuf,0,VIDEO_OUTPUT_MPLANE
13625.567580,v4l2_qbuf,3,VIDEO_CAPTURE_MPLANE
13625.569771,v4l2_dqbuf,3,VIDEO_CAPTURE_MPLANE
13625.569803,v4l2_dqbuf,0,VIDEO_OUTPUT_MPLANE
13625.584086,v4l2_qbuf,0,VIDEO_OUTPUT_MPLANE
13625.584108,v4l2_qbuf,5,VIDEO_CAPTURE_MPLANE
13625.587319,v4l2_dqbuf,5,VIDEO_CAPTURE_MPLANE
13625.587421,v4l2_dqbuf,0,VIDEO_OUTPUT_MPLANE
13625.600936,v4l2_qbuf,0,VIDEO_OUTPUT_MPLANE
13625.600957,v4l2_qbuf,1,VIDEO_CAPTURE_MPLANE
13625.604082,v4l2_dqbuf,1,VIDEO_CAPTURE_MPLANE
13625.604173,v4l2_dqbuf,0,VIDEO_OUTPUT_MPLANE
13625.619219,v4l2_qbuf,0,VIDEO_OUTPUT_MPLANE
13625.619252,v4l2_qbuf,4,VIDEO_CAPTURE_MPLANE
13625.622221,v4l2_dqbuf,4,VIDEO_CAPTURE_MPLANE
13625.622313,v4l2_dqbuf,0,VIDEO_OUTPUT_MPLANE
13625.634358,v4l2_qbuf,0,VIDEO_OUTPUT_MPLANE
13625.634386,v4l2_qbuf,2,VIDEO_CAPTURE_MPLANE
13625.636963,v4l2_dqbuf,2,VIDEO_CAPTURE_MPLANE
13625.636978,v4l2_dqbuf,0,VIDEO_OUTPUT_MPLANE
13625.653280,v4l2_qbuf,0,VIDEO_OUTPUT_MPLANE
13625.653301,v4l2_qbuf,0,VIDEO_CAPTURE_MPLANE
13625.656314,v4l2_dqbuf,0,VIDEO_CAPTURE_MPLANE
13625.656428,v4l2_dqbuf,0,VIDEO_OUTPUT_MPLANE
13625.668953,v4l2_qbuf,0,VIDEO_OUTPUT_MPLANE
13625.668973,v4l2_qbuf,5,VIDEO_CAPTURE_MPLANE
13625.672091,v4l2_dqbuf,5,VIDEO_CAPTURE_MPLANE
13625.672190,v4l2_dqbuf,0,VIDEO_OUTPUT_MPLANE
13625.684720,v4l2_qbuf,0,VIDEO_OUTPUT_MPLANE
13625.684740,v4l2_qbuf,1,VIDEO_CAPTURE_MPLANE
13625.687827,v4l2_dqbuf,1,VIDEO_CAPTURE_MPLANE
13625.687989,v4l2_dqbuf,0,VIDEO_OUTPUT_MPLANE
13625.701223,v4l2_qbuf,0,VIDEO_OUTPUT_MPLANE
13625.701243,v4l2_qbuf,4,VIDEO_CAPTURE_MPLANE
13625.703534,v4l2_dqbuf,4,VIDEO_CAPTURE_MPLANE
13625.703550,v4l2_dqbuf,0,VIDEO_OUTPUT_MPLANE
13625.717792,v4l2_qbuf,0,VIDEO_OUTPUT_MPLANE
13625.717812,v4l2_qbuf,3,VIDEO_CAPTURE_MPLANE
13625.721036,v4l2_dqbuf,3,VIDEO_CAPTURE_MPLANE
13625.721191,v4l2_dqbuf,0,VIDEO_OUTPUT_MPLANE
13625.734664,v4l2_qbuf,0,VIDEO_OUTPUT_MPLANE
13625.734706,v4l2_qbuf,0,VIDEO_CAPTURE_MPLANE
13625.737891,v4l2_dqbuf,0,VIDEO_CAPTURE_MPLANE
13625.738053,v4l2_dqbuf,0,VIDEO_OUTPUT_MPLANE
13625.751279,v4l2_qbuf,0,VIDEO_OUTPUT_MPLANE
13625.751320,v4l2_qbuf,5,VIDEO_CAPTURE_MPLANE
13625.754523,v4l2_dqbuf,5,VIDEO_CAPTURE_MPLANE
13625.754701,v4l2_dqbuf,0,VIDEO_OUTPUT_MPLANE
13625.770146,v4l2_qbuf,0,VIDEO_OUTPUT_MPLANE
13625.770166,v4l2_qbuf,1,VIDEO_CAPTURE_MPLANE
13625.772427,v4l2_dqbuf,1,VIDEO_CAPTURE_MPLANE
13625.772445,v4l2_dqbuf,0,VIDEO_OUTPUT_MPLANE
13625.785192,v4l2_qbuf,0,VIDEO_OUTPUT_MPLANE
13625.785213,v4l2_qbuf,2,VIDEO_CAPTURE_MPLANE
13625.788525,v4l2_dqbuf,2,VIDEO_CAPTURE_MPLANE
13625.788738,v4l2_dqbuf,0,VIDEO_OUTPUT_MPLANE
13625.801350,v4l2_qbuf,0,VIDEO_OUTPUT_MPLANE
13625.801383,v4l2_qbuf,3,VIDEO_CAPTURE_MPLANE
13625.804460,v4l2_dqbuf,3,VIDEO_CAPTURE_MPLANE
13625.804548,v4l2_dqbuf,0,VIDEO_OUTPUT_MPLANE
13625.818159,v4l2_qbuf,0,VIDEO_OUTPUT_MPLANE
13625.818203,v4l2_qbuf,0,VIDEO_CAPTURE_MPLANE
13625.821449,v4l2_dqbuf,0,VIDEO_CAPTURE_MPLANE
13625.821601,v4l2_dqbuf,0,VIDEO_OUTPUT_MPLANE
13625.834703,v4l2_qbuf,0,VIDEO_OUTPUT_MPLANE
13625.834731,v4l2_qbuf,5,VIDEO_CAPTURE_MPLANE
13625.837175,v4l2_dqbuf,5,VIDEO_CAPTURE_MPLANE
13625.837204,v4l2_dqbuf,0,VIDEO_OUTPUT_MPLANE
13625.853252,v4l2_qbuf,0,VIDEO_OUTPUT_MPLANE
13625.853271,v4l2_qbuf,4,VIDEO_CAPTURE_MPLANE
13625.856388,v4l2_dqbuf,4,VIDEO_CAPTURE_MPLANE
13625.856493,v4l2_dqbuf,0,VIDEO_OUTPUT_MPLANE
13625.868227,v4l2_qbuf,0,VIDEO_OUTPUT_MPLANE
13625.868247,v4l2_qbuf,2,VIDEO_CAPTURE_MPLANE
13625.871333,v4l2_dqbuf,2,VIDEO_CAPTURE_MPLANE
13625.871427,v4l2_dqbuf,0,VIDEO_OUTPUT_MPLANE
13625.884286,v4l2_qbuf,0,VIDEO_OUTPUT_MPLANE
13625.884313,v4l2_qbuf,3,VIDEO_CAPTURE_MPLANE
13625.887421,v4l2_dqbuf,3,VIDEO_CAPTURE_MPLANE
13625.887515,v4l2_dqbuf,0,VIDEO_OUTPUT_MPLANE
13625.901090,v4l2_qbuf,0,VIDEO_OUTPUT_MPLANE
13625.901112,v4l2_qbuf,0,VIDEO_CAPTURE_MPLANE
13625.903305,v4l2_dqbuf,0,VIDEO_CAPTURE_MPLANE
13625.903320,v4l2_dqbuf,0,VIDEO_OUTPUT_MPLANE
13625.917664,v4l2_qbuf,0,VIDEO_OUTPUT_MPLANE
13625.917684,v4l2_qbuf,1,VIDEO_CAPTURE_MPLANE
13625.920832,v4l2_dqbuf,1,VIDEO_CAPTURE_MPLANE
13625.920921,v4l2_dqbuf,0,VIDEO_OUTPUT_MPLANE
13625.934578,v4l2_qbuf,0,VIDEO_OUTPUT_MPLANE
13625.934615,v4l2_qbuf,4,VIDEO_CAPTURE_MPLANE
13625.937876,v4l2_dqbuf,4,VIDEO_CAPTURE_MPLANE
13625.937974,v4l2_dqbuf,0,VIDEO_OUTPUT_MPLANE
13625.954060,v4l2_qbuf,0,VIDEO_OUTPUT_MPLANE
13625.954081,v4l2_qbuf,2,VIDEO_CAPTURE_MPLANE
13625.957202,v4l2_dqbuf,2,VIDEO_CAPTURE_MPLANE
13625.957302,v4l2_dqbuf,0,VIDEO_OUTPUT_MPLANE
13625.968136,v4l2_qbuf,0,VIDEO_OUTPUT_MPLANE
13625.968159,v4l2_qbuf,3,VIDEO_CAPTURE_MPLANE
13625.970278,v4l2_dqbuf,3,VIDEO_CAPTURE_MPLANE
13625.970295,v4l2_dqbuf,0,VIDEO_OUTPUT_MPLANE
13625.984561,v4l2_qbuf,0,VIDEO_OUTPUT_MPLANE
13625.984580,v4l2_qbuf,5,VIDEO_CAPTURE_MPLANE
13625.987736,v4l2_dqbuf,5,VIDEO_CAPTURE_MPLANE
13625.987847,v4l2_dqbuf,0,VIDEO_OUTPUT_MPLANE
13626.001212,v4l2_qbuf,0,VIDEO_OUTPUT_MPLANE
13626.001233,v4l2_qbuf,1,VIDEO_CAPTURE_MPLANE
13626.004390,v4l2_dqbuf,1,VIDEO_CAPTURE_MPLANE
13626.004486,v4l2_dqbuf,0,VIDEO_OUTPUT_MPLANE
13626.017511,v4l2_qbuf,0,VIDEO_OUTPUT_MPLANE
13626.017531,v4l2_qbuf,4,VIDEO_CAPTURE_MPLANE
13626.020779,v4l2_dqbuf,4,VIDEO_CAPTURE_MPLANE
13626.020870,v4l2_dqbuf,0,VIDEO_OUTPUT_MPLANE
13626.034358,v4l2_qbuf,0,VIDEO_OUTPUT_MPLANE
13626.034386,v4l2_qbuf,2,VIDEO_CAPTURE_MPLANE
13626.036602,v4l2_dqbuf,2,VIDEO_CAPTURE_MPLANE
13626.036618,v4l2_dqbuf,0,VIDEO_OUTPUT_MPLANE
13626.053199,v4l2_qbuf,0,VIDEO_OUTPUT_MPLANE
13626.053221,v4l2_qbuf,0,VIDEO_CAPTURE_MPLANE
13626.056397,v4l2_dqbuf,0,VIDEO_CAPTURE_MPLANE
13626.056493,v4l2_dqbuf,0,VIDEO_OUTPUT_MPLANE
13626.068856,v4l2_qbuf,0,VIDEO_OUTPUT_MPLANE
13626.068878,v4l2_qbuf,5,VIDEO_CAPTURE_MPLANE
13626.072030,v4l2_dqbuf,5,VIDEO_CAPTURE_MPLANE
13626.072131,v4l2_dqbuf,0,VIDEO_OUTPUT_MPLANE
13626.084759,v4l2_qbuf,0,VIDEO_OUTPUT_MPLANE
13626.084781,v4l2_qbuf,1,VIDEO_CAPTURE_MPLANE
13626.087946,v4l2_dqbuf,1,VIDEO_CAPTURE_MPLANE
13626.088082,v4l2_dqbuf,0,VIDEO_OUTPUT_MPLANE
13626.101033,v4l2_qbuf,0,VIDEO_OUTPUT_MPLANE
13626.101054,v4l2_qbuf,4,VIDEO_CAPTURE_MPLANE
13626.103129,v4l2_dqbuf,4,VIDEO_CAPTURE_MPLANE
13626.103144,v4l2_dqbuf,0,VIDEO_OUTPUT_MPLANE
13626.117638,v4l2_qbuf,0,VIDEO_OUTPUT_MPLANE
13626.117657,v4l2_qbuf,3,VIDEO_CAPTURE_MPLANE
13626.120828,v4l2_dqbuf,3,VIDEO_CAPTURE_MPLANE
13626.120923,v4l2_dqbuf,0,VIDEO_OUTPUT_MPLANE
13626.134545,v4l2_qbuf,0,VIDEO_OUTPUT_MPLANE
13626.134582,v4l2_qbuf,0,VIDEO_CAPTURE_MPLANE
13626.137883,v4l2_dqbuf,0,VIDEO_CAPTURE_MPLANE
13626.137972,v4l2_dqbuf,0,VIDEO_OUTPUT_MPLANE
13626.153149,v4l2_qbuf,0,VIDEO_OUTPUT_MPLANE
13626.153171,v4l2_qbuf,5,VIDEO_CAPTURE_MPLANE
13626.156296,v4l2_dqbuf,5,VIDEO_CAPTURE_MPLANE
13626.156396,v4l2_dqbuf,0,VIDEO_OUTPUT_MPLANE
13626.168691,v4l2_qbuf,0,VIDEO_OUTPUT_MPLANE
13626.168721,v4l2_qbuf,1,VIDEO_CAPTURE_MPLANE
13626.170875,v4l2_dqbuf,1,VIDEO_CAPTURE_MPLANE
13626.170891,v4l2_dqbuf,0,VIDEO_OUTPUT_MPLANE
13626.184831,v4l2_qbuf,0,VIDEO_OUTPUT_MPLANE
13626.184850,v4l2_qbuf,2,VIDEO_CAPTURE_MPLANE
13626.187917,v4l2_dqbuf,2,VIDEO_CAPTURE_MPLANE
13626.188024,v4l2_dqbuf,0,VIDEO_OUTPUT_MPLANE
13626.201122,v4l2_qbuf,0,VIDEO_OUTPUT_MPLANE
13626.201141,v4l2_qbuf,3,VIDEO_CAPTURE_MPLANE
13626.204278,v4l2_dqbuf,3,VIDEO_CAPTURE_MPLANE
13626.204387,v4l2_dqbuf,0,VIDEO_OUTPUT_MPLANE
13626.217596,v4l2_qbuf,0,VIDEO_OUTPUT_MPLANE
13626.217617,v4l2_qbuf,0,VIDEO_CAPTURE_MPLANE
13626.220652,v4l2_dqbuf,0,VIDEO_CAPTURE_MPLANE
13626.220761,v4l2_dqbuf,0,VIDEO_OUTPUT_MPLANE
13626.234373,v4l2_qbuf,0,VIDEO_OUTPUT_MPLANE
13626.234401,v4l2_qbuf,5,VIDEO_CAPTURE_MPLANE
13626.236541,v4l2_dqbuf,5,VIDEO_CAPTURE_MPLANE
13626.236559,v4l2_dqbuf,0,VIDEO_OUTPUT_MPLANE
13626.252749,v4l2_qbuf,0,VIDEO_OUTPUT_MPLANE
13626.252770,v4l2_qbuf,4,VIDEO_CAPTURE_MPLANE
13626.255945,v4l2_dqbuf,4,VIDEO_CAPTURE_MPLANE
13626.256100,v4l2_dqbuf,0,VIDEO_OUTPUT_MPLANE
13626.267901,v4l2_qbuf,0,VIDEO_OUTPUT_MPLANE
13626.267923,v4l2_qbuf,2,VIDEO_CAPTURE_MPLANE
13626.272114,v4l2_dqbuf,2,VIDEO_CAPTURE_MPLANE
13626.272155,v4l2_dqbuf,0,VIDEO_OUTPUT_MPLANE
13626.287057,v4l2_qbuf,0,VIDEO_OUTPUT_MPLANE
13626.287094,v4l2_qbuf,3,VIDEO_CAPTURE_MPLANE
13626.289142,v4l2_dqbuf,3,VIDEO_CAPTURE_MPLANE
13626.289166,v4l2_dqbuf,0,VIDEO_OUTPUT_MPLANE
13626.305677,v4l2_qbuf,0,VIDEO_OUTPUT_MPLANE
13626.305694,v4l2_qbuf,0,VIDEO_CAPTURE_MPLANE
13626.309019,v4l2_dqbuf,0,VIDEO_CAPTURE_MPLANE
13626.309137,v4l2_dqbuf,0,VIDEO_OUTPUT_MPLANE
13626.322134,v4l2_qbuf,0,VIDEO_OUTPUT_MPLANE
13626.322160,v4l2_qbuf,1,VIDEO_CAPTURE_MPLANE
13626.325320,v4l2_dqbuf,1,VIDEO_CAPTURE_MPLANE
13626.325473,v4l2_dqbuf,0,VIDEO_OUTPUT_MPLANE
13626.339321,v4l2_qbuf,0,VIDEO_OUTPUT_MPLANE
13626.339356,v4l2_qbuf,4,VIDEO_CAPTURE_MPLANE
13626.342557,v4l2_dqbuf,4,VIDEO_CAPTURE_MPLANE
13626.342746,v4l2_dqbuf,0,VIDEO_OUTPUT_MPLANE
13626.355527,v4l2_qbuf,0,VIDEO_OUTPUT_MPLANE
13626.355543,v4l2_qbuf,5,VIDEO_CAPTURE_MPLANE
13626.357636,v4l2_dqbuf,5,VIDEO_CAPTURE_MPLANE
13626.357646,v4l2_dqbuf,0,VIDEO_OUTPUT_MPLANE
13626.371990,v4l2_qbuf,0,VIDEO_OUTPUT_MPLANE
13626.372019,v4l2_qbuf,2,VIDEO_CAPTURE_MPLANE
13626.375096,v4l2_dqbuf,2,VIDEO_CAPTURE_MPLANE
13626.375166,v4l2_dqbuf,0,VIDEO_OUTPUT_MPLANE
13626.388674,v4l2_qbuf,0,VIDEO_OUTPUT_MPLANE
13626.388730,v4l2_qbuf,0,VIDEO_CAPTURE_MPLANE
13626.391891,v4l2_dqbuf,0,VIDEO_CAPTURE_MPLANE
13626.392045,v4l2_dqbuf,0,VIDEO_OUTPUT_MPLANE
13626.405555,v4l2_qbuf,0,VIDEO_OUTPUT_MPLANE
13626.405582,v4l2_qbuf,1,VIDEO_CAPTURE_MPLANE
13626.411828,v4l2_dqbuf,1,VIDEO_CAPTURE_MPLANE
13626.411958,v4l2_dqbuf,0,VIDEO_OUTPUT_MPLANE
13626.421958,v4l2_qbuf,0,VIDEO_OUTPUT_MPLANE
13626.421976,v4l2_qbuf,4,VIDEO_CAPTURE_MPLANE
13626.424061,v4l2_dqbuf,4,VIDEO_CAPTURE_MPLANE
13626.424072,v4l2_dqbuf,0,VIDEO_OUTPUT_MPLANE
13626.441185,v4l2_qbuf,0,VIDEO_OUTPUT_MPLANE
13626.441206,v4l2_qbuf,3,VIDEO_CAPTURE_MPLANE
13626.444304,v4l2_dqbuf,3,VIDEO_CAPTURE_MPLANE
13626.444400,v4l2_dqbuf,0,VIDEO_OUTPUT_MPLANE
13626.455349,v4l2_qbuf,0,VIDEO_OUTPUT_MPLANE
13626.455371,v4l2_qbuf,2,VIDEO_CAPTURE_MPLANE
13626.458528,v4l2_dqbuf,2,VIDEO_CAPTURE_MPLANE
13626.458674,v4l2_dqbuf,0,VIDEO_OUTPUT_MPLANE
13626.472191,v4l2_qbuf,0,VIDEO_OUTPUT_MPLANE
13626.472207,v4l2_qbuf,0,VIDEO_CAPTURE_MPLANE
13626.475146,v4l2_dqbuf,0,VIDEO_CAPTURE_MPLANE
13626.475204,v4l2_dqbuf,0,VIDEO_OUTPUT_MPLANE
13626.488739,v4l2_qbuf,0,VIDEO_OUTPUT_MPLANE
13626.488755,v4l2_qbuf,1,VIDEO_CAPTURE_MPLANE
13626.490996,v4l2_dqbuf,1,VIDEO_CAPTURE_MPLANE
13626.491046,v4l2_dqbuf,0,VIDEO_OUTPUT_MPLANE
13626.505768,v4l2_qbuf,0,VIDEO_OUTPUT_MPLANE
13626.505816,v4l2_qbuf,5,VIDEO_CAPTURE_MPLANE
13626.509219,v4l2_dqbuf,5,VIDEO_CAPTURE_MPLANE
13626.509377,v4l2_dqbuf,0,VIDEO_OUTPUT_MPLANE
13626.522143,v4l2_qbuf,0,VIDEO_OUTPUT_MPLANE
13626.522173,v4l2_qbuf,3,VIDEO_CAPTURE_MPLANE
13626.525390,v4l2_dqbuf,3,VIDEO_CAPTURE_MPLANE
13626.525526,v4l2_dqbuf,0,VIDEO_OUTPUT_MPLANE
13626.539260,v4l2_qbuf,0,VIDEO_OUTPUT_MPLANE
13626.539290,v4l2_qbuf,2,VIDEO_CAPTURE_MPLANE
13626.542529,v4l2_dqbuf,2,VIDEO_CAPTURE_MPLANE
13626.542672,v4l2_dqbuf,0,VIDEO_OUTPUT_MPLANE
13626.555623,v4l2_qbuf,0,VIDEO_OUTPUT_MPLANE
13626.555644,v4l2_qbuf,0,VIDEO_CAPTURE_MPLANE
13626.557934,v4l2_dqbuf,0,VIDEO_CAPTURE_MPLANE
13626.557950,v4l2_dqbuf,0,VIDEO_OUTPUT_MPLANE
13626.572283,v4l2_qbuf,0,VIDEO_OUTPUT_MPLANE
13626.572309,v4l2_qbuf,4,VIDEO_CAPTURE_MPLANE
13626.575584,v4l2_dqbuf,4,VIDEO_CAPTURE_MPLANE
13626.575729,v4l2_dqbuf,0,VIDEO_OUTPUT_MPLANE
13626.588888,v4l2_qbuf,0,VIDEO_OUTPUT_MPLANE
13626.588924,v4l2_qbuf,5,VIDEO_CAPTURE_MPLANE
13626.592196,v4l2_dqbuf,5,VIDEO_CAPTURE_MPLANE
13626.592307,v4l2_dqbuf,0,VIDEO_OUTPUT_MPLANE
13626.605634,v4l2_qbuf,0,VIDEO_OUTPUT_MPLANE
13626.605676,v4l2_qbuf,3,VIDEO_CAPTURE_MPLANE
13626.608904,v4l2_dqbuf,3,VIDEO_CAPTURE_MPLANE
13626.609119,v4l2_dqbuf,0,VIDEO_OUTPUT_MPLANE
13626.622464,v4l2_qbuf,0,VIDEO_OUTPUT_MPLANE
13626.622498,v4l2_qbuf,2,VIDEO_CAPTURE_MPLANE
13626.624722,v4l2_dqbuf,2,VIDEO_CAPTURE_MPLANE
13626.624739,v4l2_dqbuf,0,VIDEO_OUTPUT_MPLANE
13626.638941,v4l2_qbuf,0,VIDEO_OUTPUT_MPLANE
13626.638971,v4l2_qbuf,1,VIDEO_CAPTURE_MPLANE
13626.642179,v4l2_dqbuf,1,VIDEO_CAPTURE_MPLANE
13626.642311,v4l2_dqbuf,0,VIDEO_OUTPUT_MPLANE
13626.655399,v4l2_qbuf,0,VIDEO_OUTPUT_MPLANE
13626.655749,v4l2_qbuf,4,VIDEO_CAPTURE_MPLANE
13626.658799,v4l2_dqbuf,4,VIDEO_CAPTURE_MPLANE
13626.658900,v4l2_dqbuf,0,VIDEO_OUTPUT_MPLANE
13626.672546,v4l2_qbuf,0,VIDEO_OUTPUT_MPLANE
13626.672627,v4l2_qbuf,5,VIDEO_CAPTURE_MPLANE
13626.675915,v4l2_dqbuf,5,VIDEO_CAPTURE_MPLANE
13626.676167,v4l2_dqbuf,0,VIDEO_OUTPUT_MPLANE
13626.689058,v4l2_qbuf,0,VIDEO_OUTPUT_MPLANE
13626.689081,v4l2_qbuf,3,VIDEO_CAPTURE_MPLANE
13626.691319,v4l2_dqbuf,3,VIDEO_CAPTURE_MPLANE
13626.691337,v4l2_dqbuf,0,VIDEO_OUTPUT_MPLANE
13626.705712,v4l2_qbuf,0,VIDEO_OUTPUT_MPLANE
13626.705732,v4l2_qbuf,0,VIDEO_CAPTURE_MPLANE
13626.708851,v4l2_dqbuf,0,VIDEO_CAPTURE_MPLANE
13626.708938,v4l2_dqbuf,0,VIDEO_OUTPUT_MPLANE
13626.722127,v4l2_qbuf,0,VIDEO_OUTPUT_MPLANE
13626.722149,v4l2_qbuf,1,VIDEO_CAPTURE_MPLANE
13626.725336,v4l2_dqbuf,1,VIDEO_CAPTURE_MPLANE
13626.725466,v4l2_dqbuf,0,VIDEO_OUTPUT_MPLANE
13626.739482,v4l2_qbuf,0,VIDEO_OUTPUT_MPLANE
13626.739518,v4l2_qbuf,4,VIDEO_CAPTURE_MPLANE
13626.742681,v4l2_dqbuf,4,VIDEO_CAPTURE_MPLANE
13626.742775,v4l2_dqbuf,0,VIDEO_OUTPUT_MPLANE
13626.755580,v4l2_qbuf,0,VIDEO_OUTPUT_MPLANE
13626.755600,v4l2_qbuf,5,VIDEO_CAPTURE_MPLANE
13626.757765,v4l2_dqbuf,5,VIDEO_CAPTURE_MPLANE
13626.757795,v4l2_dqbuf,0,VIDEO_OUTPUT_MPLANE
13626.771936,v4l2_qbuf,0,VIDEO_OUTPUT_MPLANE
13626.771956,v4l2_qbuf,2,VIDEO_CAPTURE_MPLANE
13626.775240,v4l2_dqbuf,2,VIDEO_CAPTURE_MPLANE
13626.775403,v4l2_dqbuf,0,VIDEO_OUTPUT_MPLANE
13626.788934,v4l2_qbuf,0,VIDEO_OUTPUT_MPLANE
13626.788966,v4l2_qbuf,0,VIDEO_CAPTURE_MPLANE
13626.792253,v4l2_dqbuf,0,VIDEO_CAPTURE_MPLANE
13626.792445,v4l2_dqbuf,0,VIDEO_OUTPUT_MPLANE
13626.805705,v4l2_qbuf,0,VIDEO_OUTPUT_MPLANE
13626.805732,v4l2_qbuf,1,VIDEO_CAPTURE_MPLANE
13626.808818,v4l2_dqbuf,1,VIDEO_CAPTURE_MPLANE
13626.808978,v4l2_dqbuf,0,VIDEO_OUTPUT_MPLANE
13626.822413,v4l2_qbuf,0,VIDEO_OUTPUT_MPLANE
13626.822441,v4l2_qbuf,4,VIDEO_CAPTURE_MPLANE
13626.824638,v4l2_dqbuf,4,VIDEO_CAPTURE_MPLANE
13626.824739,v4l2_dqbuf,0,VIDEO_OUTPUT_MPLANE
13626.838761,v4l2_qbuf,0,VIDEO_OUTPUT_MPLANE
13626.838784,v4l2_qbuf,3,VIDEO_CAPTURE_MPLANE
13626.842016,v4l2_dqbuf,3,VIDEO_CAPTURE_MPLANE
13626.842189,v4l2_dqbuf,0,VIDEO_OUTPUT_MPLANE
13626.855434,v4l2_qbuf,0,VIDEO_OUTPUT_MPLANE
13626.855454,v4l2_qbuf,2,VIDEO_CAPTURE_MPLANE
13626.858666,v4l2_dqbuf,2,VIDEO_CAPTURE_MPLANE
13626.858835,v4l2_dqbuf,0,VIDEO_OUTPUT_MPLANE
13626.872298,v4l2_qbuf,0,VIDEO_OUTPUT_MPLANE
13626.872342,v4l2_qbuf,0,VIDEO_CAPTURE_MPLANE
13626.875638,v4l2_dqbuf,0,VIDEO_CAPTURE_MPLANE
13626.875738,v4l2_dqbuf,0,VIDEO_OUTPUT_MPLANE
13626.889120,v4l2_qbuf,0,VIDEO_OUTPUT_MPLANE
13626.889151,v4l2_qbuf,1,VIDEO_CAPTURE_MPLANE
13626.891345,v4l2_dqbuf,1,VIDEO_CAPTURE_MPLANE
13626.891358,v4l2_dqbuf,0,VIDEO_OUTPUT_MPLANE
13626.905498,v4l2_qbuf,0,VIDEO_OUTPUT_MPLANE
13626.905518,v4l2_qbuf,5,VIDEO_CAPTURE_MPLANE
13626.910087,v4l2_dqbuf,5,VIDEO_CAPTURE_MPLANE
13626.910218,v4l2_dqbuf,0,VIDEO_OUTPUT_MPLANE
13626.922116,v4l2_qbuf,0,VIDEO_OUTPUT_MPLANE
13626.922137,v4l2_qbuf,3,VIDEO_CAPTURE_MPLANE
13626.925379,v4l2_dqbuf,3,VIDEO_CAPTURE_MPLANE
13626.925531,v4l2_dqbuf,0,VIDEO_OUTPUT_MPLANE
13626.938594,v4l2_qbuf,0,VIDEO_OUTPUT_MPLANE
13626.938616,v4l2_qbuf,2,VIDEO_CAPTURE_MPLANE
13626.941721,v4l2_dqbuf,2,VIDEO_CAPTURE_MPLANE
13626.941822,v4l2_dqbuf,0,VIDEO_OUTPUT_MPLANE
13626.955772,v4l2_qbuf,0,VIDEO_OUTPUT_MPLANE
13626.955811,v4l2_qbuf,0,VIDEO_CAPTURE_MPLANE
13626.958233,v4l2_dqbuf,0,VIDEO_CAPTURE_MPLANE
13626.958250,v4l2_dqbuf,0,VIDEO_OUTPUT_MPLANE
13626.972201,v4l2_qbuf,0,VIDEO_OUTPUT_MPLANE
13626.972232,v4l2_qbuf,4,VIDEO_CAPTURE_MPLANE
13626.975630,v4l2_dqbuf,4,VIDEO_CAPTURE_MPLANE
13626.975765,v4l2_dqbuf,0,VIDEO_OUTPUT_MPLANE
13626.989030,v4l2_qbuf,0,VIDEO_OUTPUT_MPLANE
13626.989064,v4l2_qbuf,5,VIDEO_CAPTURE_MPLANE
13626.992507,v4l2_dqbuf,5,VIDEO_CAPTURE_MPLANE
13626.992758,v4l2_dqbuf,0,VIDEO_OUTPUT_MPLANE
13627.005547,v4l2_qbuf,0,VIDEO_OUTPUT_MPLANE
13627.005573,v4l2_qbuf,3,VIDEO_CAPTURE_MPLANE
13627.008480,v4l2_dqbuf,3,VIDEO_CAPTURE_MPLANE
13627.008537,v4l2_dqbuf,0,VIDEO_OUTPUT_MPLANE
13627.021975,v4l2_qbuf,0,VIDEO_OUTPUT_MPLANE
13627.021995,v4l2_qbuf,2,VIDEO_CAPTURE_MPLANE
13627.024243,v4l2_dqbuf,2,VIDEO_CAPTURE_MPLANE
13627.024266,v4l2_dqbuf,0,VIDEO_OUTPUT_MPLANE
13627.039137,v4l2_qbuf,0,VIDEO_OUTPUT_MPLANE
13627.039165,v4l2_qbuf,1,VIDEO_CAPTURE_MPLANE
13627.042456,v4l2_dqbuf,1,VIDEO_CAPTURE_MPLANE
13627.042575,v4l2_dqbuf,0,VIDEO_OUTPUT_MPLANE
13627.055640,v4l2_qbuf,0,VIDEO_OUTPUT_MPLANE
13627.055670,v4l2_qbuf,4,VIDEO_CAPTURE_MPLANE
13627.058970,v4l2_dqbuf,4,VIDEO_CAPTURE_MPLANE
13627.059113,v4l2_dqbuf,0,VIDEO_OUTPUT_MPLANE
13627.072096,v4l2_qbuf,0,VIDEO_OUTPUT_MPLANE
13627.072128,v4l2_qbuf,5,VIDEO_CAPTURE_MPLANE
13627.075253,v4l2_dqbuf,5,VIDEO_CAPTURE_MPLANE
13627.075414,v4l2_dqbuf,0,VIDEO_OUTPUT_MPLANE
13627.088901,v4l2_qbuf,0,VIDEO_OUTPUT_MPLANE
13627.088922,v4l2_qbuf,3,VIDEO_CAPTURE_MPLANE
13627.091212,v4l2_dqbuf,3,VIDEO_CAPTURE_MPLANE
13627.091231,v4l2_dqbuf,0,VIDEO_OUTPUT_MPLANE
13627.105828,v4l2_qbuf,0,VIDEO_OUTPUT_MPLANE
13627.105861,v4l2_qbuf,0,VIDEO_CAPTURE_MPLANE
13627.109073,v4l2_dqbuf,0,VIDEO_CAPTURE_MPLANE
13627.109214,v4l2_dqbuf,0,VIDEO_OUTPUT_MPLANE
13627.122026,v4l2_qbuf,0,VIDEO_OUTPUT_MPLANE
13627.122047,v4l2_qbuf,1,VIDEO_CAPTURE_MPLANE
13627.125236,v4l2_dqbuf,1,VIDEO_CAPTURE_MPLANE
13627.125344,v4l2_dqbuf,0,VIDEO_OUTPUT_MPLANE
13627.138880,v4l2_qbuf,0,VIDEO_OUTPUT_MPLANE
13627.138902,v4l2_qbuf,4,VIDEO_CAPTURE_MPLANE
13627.142181,v4l2_dqbuf,4,VIDEO_CAPTURE_MPLANE
13627.142385,v4l2_dqbuf,0,VIDEO_OUTPUT_MPLANE
13627.155710,v4l2_qbuf,0,VIDEO_OUTPUT_MPLANE
13627.155753,v4l2_qbuf,5,VIDEO_CAPTURE_MPLANE
13627.157927,v4l2_dqbuf,5,VIDEO_CAPTURE_MPLANE
13627.157941,v4l2_dqbuf,0,VIDEO_OUTPUT_MPLANE
13627.171972,v4l2_qbuf,0,VIDEO_OUTPUT_MPLANE
13627.171988,v4l2_qbuf,2,VIDEO_CAPTURE_MPLANE
13627.175202,v4l2_dqbuf,2,VIDEO_CAPTURE_MPLANE
13627.175284,v4l2_dqbuf,0,VIDEO_OUTPUT_MPLANE
13627.188944,v4l2_qbuf,0,VIDEO_OUTPUT_MPLANE
13627.188973,v4l2_qbuf,0,VIDEO_CAPTURE_MPLANE
13627.192428,v4l2_dqbuf,0,VIDEO_CAPTURE_MPLANE
13627.192670,v4l2_dqbuf,0,VIDEO_OUTPUT_MPLANE
13627.207346,v4l2_qbuf,0,VIDEO_OUTPUT_MPLANE
13627.207370,v4l2_qbuf,1,VIDEO_CAPTURE_MPLANE
13627.210665,v4l2_dqbuf,1,VIDEO_CAPTURE_MPLANE
13627.210765,v4l2_dqbuf,0,VIDEO_OUTPUT_MPLANE
13627.222056,v4l2_qbuf,0,VIDEO_OUTPUT_MPLANE
13627.222077,v4l2_qbuf,4,VIDEO_CAPTURE_MPLANE
13627.224522,v4l2_dqbuf,4,VIDEO_CAPTURE_MPLANE
13627.224539,v4l2_dqbuf,0,VIDEO_OUTPUT_MPLANE
13627.241232,v4l2_qbuf,0,VIDEO_OUTPUT_MPLANE
13627.241250,v4l2_qbuf,3,VIDEO_CAPTURE_MPLANE
13627.244465,v4l2_dqbuf,3,VIDEO_CAPTURE_MPLANE
13627.244541,v4l2_dqbuf,0,VIDEO_OUTPUT_MPLANE
13627.257953,v4l2_qbuf,0,VIDEO_OUTPUT_MPLANE
13627.257974,v4l2_qbuf,2,VIDEO_CAPTURE_MPLANE
13627.261336,v4l2_dqbuf,2,VIDEO_CAPTURE_MPLANE
13627.261458,v4l2_dqbuf,0,VIDEO_OUTPUT_MPLANE
13627.274651,v4l2_qbuf,0,VIDEO_OUTPUT_MPLANE
13627.274674,v4l2_qbuf,0,VIDEO_CAPTURE_MPLANE
13627.280236,v4l2_dqbuf,0,VIDEO_CAPTURE_MPLANE
13627.280253,v4l2_dqbuf,0,VIDEO_OUTPUT_MPLANE
13627.291133,v4l2_qbuf,0,VIDEO_OUTPUT_MPLANE
13627.291154,v4l2_qbuf,1,VIDEO_CAPTURE_MPLANE
13627.293353,v4l2_dqbuf,1,VIDEO_CAPTURE_MPLANE
13627.293368,v4l2_dqbuf,0,VIDEO_OUTPUT_MPLANE
13627.308128,v4l2_qbuf,0,VIDEO_OUTPUT_MPLANE
13627.308162,v4l2_qbuf,5,VIDEO_CAPTURE_MPLANE
13627.311520,v4l2_dqbuf,5,VIDEO_CAPTURE_MPLANE
13627.311676,v4l2_dqbuf,0,VIDEO_OUTPUT_MPLANE
13627.324810,v4l2_qbuf,0,VIDEO_OUTPUT_MPLANE
13627.324914,v4l2_qbuf,3,VIDEO_CAPTURE_MPLANE
13627.328488,v4l2_dqbuf,3,VIDEO_CAPTURE_MPLANE
13627.328673,v4l2_dqbuf,0,VIDEO_OUTPUT_MPLANE
13627.341132,v4l2_qbuf,0,VIDEO_OUTPUT_MPLANE
13627.341155,v4l2_qbuf,2,VIDEO_CAPTURE_MPLANE
13627.344535,v4l2_dqbuf,2,VIDEO_CAPTURE_MPLANE
13627.344748,v4l2_dqbuf,0,VIDEO_OUTPUT_MPLANE
13627.358305,v4l2_qbuf,0,VIDEO_OUTPUT_MPLANE
13627.358337,v4l2_qbuf,4,VIDEO_CAPTURE_MPLANE
13627.360752,v4l2_dqbuf,4,VIDEO_CAPTURE_MPLANE
13627.360778,v4l2_dqbuf,0,VIDEO_OUTPUT_MPLANE
13627.374450,v4l2_qbuf,0,VIDEO_OUTPUT_MPLANE
13627.374469,v4l2_qbuf,0,VIDEO_CAPTURE_MPLANE
13627.378720,v4l2_dqbuf,0,VIDEO_CAPTURE_MPLANE
13627.378841,v4l2_dqbuf,0,VIDEO_OUTPUT_MPLANE
13627.391407,v4l2_qbuf,0,VIDEO_OUTPUT_MPLANE
13627.391431,v4l2_qbuf,5,VIDEO_CAPTURE_MPLANE
13627.394671,v4l2_dqbuf,5,VIDEO_CAPTURE_MPLANE
13627.394757,v4l2_dqbuf,0,VIDEO_OUTPUT_MPLANE
13627.408218,v4l2_qbuf,0,VIDEO_OUTPUT_MPLANE
13627.408258,v4l2_qbuf,3,VIDEO_CAPTURE_MPLANE
13627.411668,v4l2_dqbuf,3,VIDEO_CAPTURE_MPLANE
13627.411866,v4l2_dqbuf,0,VIDEO_OUTPUT_MPLANE
13627.424542,v4l2_qbuf,0,VIDEO_OUTPUT_MPLANE
13627.424564,v4l2_qbuf,2,VIDEO_CAPTURE_MPLANE
13627.426779,v4l2_dqbuf,2,VIDEO_CAPTURE_MPLANE
13627.426794,v4l2_dqbuf,0,VIDEO_OUTPUT_MPLANE
13627.441158,v4l2_qbuf,0,VIDEO_OUTPUT_MPLANE
13627.441178,v4l2_qbuf,1,VIDEO_CAPTURE_MPLANE
13627.444447,v4l2_dqbuf,1,VIDEO_CAPTURE_MPLANE
13627.444532,v4l2_dqbuf,0,VIDEO_OUTPUT_MPLANE
13627.457610,v4l2_qbuf,0,VIDEO_OUTPUT_MPLANE
13627.457625,v4l2_qbuf,0,VIDEO_CAPTURE_MPLANE
13627.460921,v4l2_dqbuf,0,VIDEO_CAPTURE_MPLANE
13627.461125,v4l2_dqbuf,0,VIDEO_OUTPUT_MPLANE
13627.474189,v4l2_qbuf,0,VIDEO_OUTPUT_MPLANE
13627.474211,v4l2_qbuf,5,VIDEO_CAPTURE_MPLANE
13627.477481,v4l2_dqbuf,5,VIDEO_CAPTURE_MPLANE
13627.477599,v4l2_dqbuf,0,VIDEO_OUTPUT_MPLANE
13627.490992,v4l2_qbuf,0,VIDEO_OUTPUT_MPLANE
13627.491023,v4l2_qbuf,3,VIDEO_CAPTURE_MPLANE
13627.493129,v4l2_dqbuf,3,VIDEO_CAPTURE_MPLANE
13627.493148,v4l2_dqbuf,0,VIDEO_OUTPUT_MPLANE
13627.507594,v4l2_qbuf,0,VIDEO_OUTPUT_MPLANE
13627.507612,v4l2_qbuf,4,VIDEO_CAPTURE_MPLANE
13627.510933,v4l2_dqbuf,4,VIDEO_CAPTURE_MPLANE
13627.511010,v4l2_dqbuf,0,VIDEO_OUTPUT_MPLANE
13627.524349,v4l2_qbuf,0,VIDEO_OUTPUT_MPLANE
13627.524369,v4l2_qbuf,1,VIDEO_CAPTURE_MPLANE
13627.527462,v4l2_dqbuf,1,VIDEO_CAPTURE_MPLANE
13627.527601,v4l2_dqbuf,0,VIDEO_OUTPUT_MPLANE
13627.541069,v4l2_qbuf,0,VIDEO_OUTPUT_MPLANE
13627.541083,v4l2_qbuf,0,VIDEO_CAPTURE_MPLANE
13627.544220,v4l2_dqbuf,0,VIDEO_CAPTURE_MPLANE
13627.544390,v4l2_dqbuf,0,VIDEO_OUTPUT_MPLANE
13627.557751,v4l2_qbuf,0,VIDEO_OUTPUT_MPLANE
13627.557781,v4l2_qbuf,5,VIDEO_CAPTURE_MPLANE
13627.559995,v4l2_dqbuf,5,VIDEO_CAPTURE_MPLANE
13627.560036,v4l2_dqbuf,0,VIDEO_OUTPUT_MPLANE
13627.574090,v4l2_qbuf,0,VIDEO_OUTPUT_MPLANE
13627.574112,v4l2_qbuf,2,VIDEO_CAPTURE_MPLANE
13627.577217,v4l2_dqbuf,2,VIDEO_CAPTURE_MPLANE
13627.577281,v4l2_dqbuf,0,VIDEO_OUTPUT_MPLANE
13627.591079,v4l2_qbuf,0,VIDEO_OUTPUT_MPLANE
13627.591119,v4l2_qbuf,4,VIDEO_CAPTURE_MPLANE
13627.594318,v4l2_dqbuf,4,VIDEO_CAPTURE_MPLANE
13627.594466,v4l2_dqbuf,0,VIDEO_OUTPUT_MPLANE
13627.607556,v4l2_qbuf,0,VIDEO_OUTPUT_MPLANE
13627.607594,v4l2_qbuf,1,VIDEO_CAPTURE_MPLANE
13627.609692,v4l2_dqbuf,1,VIDEO_CAPTURE_MPLANE
13627.609703,v4l2_dqbuf,0,VIDEO_OUTPUT_MPLANE
13627.624535,v4l2_qbuf,0,VIDEO_OUTPUT_MPLANE
13627.624562,v4l2_qbuf,0,VIDEO_CAPTURE_MPLANE
13627.627687,v4l2_dqbuf,0,VIDEO_CAPTURE_MPLANE
13627.627778,v4l2_dqbuf,0,VIDEO_OUTPUT_MPLANE
13627.641138,v4l2_qbuf,0,VIDEO_OUTPUT_MPLANE
13627.641157,v4l2_qbuf,3,VIDEO_CAPTURE_MPLANE
13627.644340,v4l2_dqbuf,3,VIDEO_CAPTURE_MPLANE
13627.644417,v4l2_dqbuf,0,VIDEO_OUTPUT_MPLANE
13627.658932,v4l2_qbuf,0,VIDEO_OUTPUT_MPLANE
13627.658965,v4l2_qbuf,2,VIDEO_CAPTURE_MPLANE
13627.662390,v4l2_dqbuf,2,VIDEO_CAPTURE_MPLANE
13627.662615,v4l2_dqbuf,0,VIDEO_OUTPUT_MPLANE
13627.674469,v4l2_qbuf,0,VIDEO_OUTPUT_MPLANE
13627.674490,v4l2_qbuf,4,VIDEO_CAPTURE_MPLANE
13627.676973,v4l2_dqbuf,4,VIDEO_CAPTURE_MPLANE
13627.676991,v4l2_dqbuf,0,VIDEO_OUTPUT_MPLANE
13627.691324,v4l2_qbuf,0,VIDEO_OUTPUT_MPLANE
13627.691345,v4l2_qbuf,5,VIDEO_CAPTURE_MPLANE
13627.694634,v4l2_dqbuf,5,VIDEO_CAPTURE_MPLANE
13627.694727,v4l2_dqbuf,0,VIDEO_OUTPUT_MPLANE
13627.707887,v4l2_qbuf,0,VIDEO_OUTPUT_MPLANE
13627.707919,v4l2_qbuf,0,VIDEO_CAPTURE_MPLANE
13627.711090,v4l2_dqbuf,0,VIDEO_CAPTURE_MPLANE
13627.711236,v4l2_dqbuf,0,VIDEO_OUTPUT_MPLANE
13627.724519,v4l2_qbuf,0,VIDEO_OUTPUT_MPLANE
13627.724540,v4l2_qbuf,3,VIDEO_CAPTURE_MPLANE
13627.726821,v4l2_dqbuf,3,VIDEO_CAPTURE_MPLANE
13627.726838,v4l2_dqbuf,0,VIDEO_OUTPUT_MPLANE
13627.741238,v4l2_qbuf,0,VIDEO_OUTPUT_MPLANE
13627.741259,v4l2_qbuf,2,VIDEO_CAPTURE_MPLANE
13627.744496,v4l2_dqbuf,2,VIDEO_CAPTURE_MPLANE
13627.744605,v4l2_dqbuf,0,VIDEO_OUTPUT_MPLANE
13627.757809,v4l2_qbuf,0,VIDEO_OUTPUT_MPLANE
13627.757867,v4l2_qbuf,1,VIDEO_CAPTURE_MPLANE
13627.760030,v4l2_dqbuf,1,VIDEO_CAPTURE_MPLANE
13627.760054,v4l2_dqbuf,0,VIDEO_OUTPUT_MPLANE
13627.774606,v4l2_qbuf,0,VIDEO_OUTPUT_MPLANE
13627.774650,v4l2_qbuf,5,VIDEO_CAPTURE_MPLANE
13627.777894,v4l2_dqbuf,5,VIDEO_CAPTURE_MPLANE
13627.777968,v4l2_dqbuf,0,VIDEO_OUTPUT_MPLANE
13627.791121,v4l2_qbuf,0,VIDEO_OUTPUT_MPLANE
13627.791139,v4l2_qbuf,0,VIDEO_CAPTURE_MPLANE
13627.794337,v4l2_dqbuf,0,VIDEO_CAPTURE_MPLANE
13627.794418,v4l2_dqbuf,0,VIDEO_OUTPUT_MPLANE
13627.808112,v4l2_qbuf,0,VIDEO_OUTPUT_MPLANE
13627.808178,v4l2_qbuf,4,VIDEO_CAPTURE_MPLANE
13627.810491,v4l2_dqbuf,4,VIDEO_CAPTURE_MPLANE
13627.810526,v4l2_dqbuf,0,VIDEO_OUTPUT_MPLANE
13627.824858,v4l2_qbuf,0,VIDEO_OUTPUT_MPLANE
13627.824967,v4l2_qbuf,2,VIDEO_CAPTURE_MPLANE
13627.828870,v4l2_dqbuf,2,VIDEO_CAPTURE_MPLANE
13627.829212,v4l2_dqbuf,0,VIDEO_OUTPUT_MPLANE
13627.841194,v4l2_qbuf,0,VIDEO_OUTPUT_MPLANE
13627.841227,v4l2_qbuf,3,VIDEO_CAPTURE_MPLANE
13627.843448,v4l2_dqbuf,3,VIDEO_CAPTURE_MPLANE
13627.843462,v4l2_dqbuf,0,VIDEO_OUTPUT_MPLANE
13627.857950,v4l2_qbuf,0,VIDEO_OUTPUT_MPLANE
13627.857970,v4l2_qbuf,5,VIDEO_CAPTURE_MPLANE
13627.861206,v4l2_dqbuf,5,VIDEO_CAPTURE_MPLANE
13627.861304,v4l2_dqbuf,0,VIDEO_OUTPUT_MPLANE
13627.874935,v4l2_qbuf,0,VIDEO_OUTPUT_MPLANE
13627.874972,v4l2_qbuf,0,VIDEO_CAPTURE_MPLANE
13627.877314,v4l2_dqbuf,0,VIDEO_CAPTURE_MPLANE
13627.877329,v4l2_dqbuf,0,VIDEO_OUTPUT_MPLANE
13627.891503,v4l2_qbuf,0,VIDEO_OUTPUT_MPLANE
13627.891543,v4l2_qbuf,1,VIDEO_CAPTURE_MPLANE
13627.894646,v4l2_dqbuf,1,VIDEO_CAPTURE_MPLANE
13627.894736,v4l2_dqbuf,0,VIDEO_OUTPUT_MPLANE
13627.907710,v4l2_qbuf,0,VIDEO_OUTPUT_MPLANE
13627.907728,v4l2_qbuf,2,VIDEO_CAPTURE_MPLANE
13627.910732,v4l2_dqbuf,2,VIDEO_CAPTURE_MPLANE
13627.910801,v4l2_dqbuf,0,VIDEO_OUTPUT_MPLANE
13627.924484,v4l2_qbuf,0,VIDEO_OUTPUT_MPLANE
13627.924506,v4l2_qbuf,4,VIDEO_CAPTURE_MPLANE
13627.927759,v4l2_dqbuf,4,VIDEO_CAPTURE_MPLANE
13627.927860,v4l2_dqbuf,0,VIDEO_OUTPUT_MPLANE
13627.941638,v4l2_qbuf,0,VIDEO_OUTPUT_MPLANE
13627.941663,v4l2_qbuf,5,VIDEO_CAPTURE_MPLANE
13627.943805,v4l2_dqbuf,5,VIDEO_CAPTURE_MPLANE
13627.943819,v4l2_dqbuf,0,VIDEO_OUTPUT_MPLANE
13627.958042,v4l2_qbuf,0,VIDEO_OUTPUT_MPLANE
13627.958093,v4l2_qbuf,3,VIDEO_CAPTURE_MPLANE
13627.961385,v4l2_dqbuf,3,VIDEO_CAPTURE_MPLANE
13627.961603,v4l2_dqbuf,0,VIDEO_OUTPUT_MPLANE
13627.974686,v4l2_qbuf,0,VIDEO_OUTPUT_MPLANE
13627.974704,v4l2_qbuf,1,VIDEO_CAPTURE_MPLANE
13627.977898,v4l2_dqbuf,1,VIDEO_CAPTURE_MPLANE
13627.977976,v4l2_dqbuf,0,VIDEO_OUTPUT_MPLANE
13627.991356,v4l2_qbuf,0,VIDEO_OUTPUT_MPLANE
13627.991395,v4l2_qbuf,2,VIDEO_CAPTURE_MPLANE
13627.994646,v4l2_dqbuf,2,VIDEO_CAPTURE_MPLANE
13627.994811,v4l2_dqbuf,0,VIDEO_OUTPUT_MPLANE
13628.007993,v4l2_qbuf,0,VIDEO_OUTPUT_MPLANE
13628.008042,v4l2_qbuf,4,VIDEO_CAPTURE_MPLANE
13628.010353,v4l2_dqbuf,4,VIDEO_CAPTURE_MPLANE
13628.010375,v4l2_dqbuf,0,VIDEO_OUTPUT_MPLANE
13628.024858,v4l2_qbuf,0,VIDEO_OUTPUT_MPLANE
13628.024901,v4l2_qbuf,0,VIDEO_CAPTURE_MPLANE
13628.028184,v4l2_dqbuf,0,VIDEO_CAPTURE_MPLANE
13628.028327,v4l2_dqbuf,0,VIDEO_OUTPUT_MPLANE
13628.041620,v4l2_qbuf,0,VIDEO_OUTPUT_MPLANE
13628.041660,v4l2_qbuf,3,VIDEO_CAPTURE_MPLANE
13628.045104,v4l2_dqbuf,3,VIDEO_CAPTURE_MPLANE
13628.045320,v4l2_dqbuf,0,VIDEO_OUTPUT_MPLANE
13628.057968,v4l2_qbuf,0,VIDEO_OUTPUT_MPLANE
13628.058093,v4l2_qbuf,1,VIDEO_CAPTURE_MPLANE
13628.061563,v4l2_dqbuf,1,VIDEO_CAPTURE_MPLANE
13628.061676,v4l2_dqbuf,0,VIDEO_OUTPUT_MPLANE
13628.074809,v4l2_qbuf,0,VIDEO_OUTPUT_MPLANE
13628.074853,v4l2_qbuf,2,VIDEO_CAPTURE_MPLANE
13628.077033,v4l2_dqbuf,2,VIDEO_CAPTURE_MPLANE
13628.077048,v4l2_dqbuf,0,VIDEO_OUTPUT_MPLANE
13628.091401,v4l2_qbuf,0,VIDEO_OUTPUT_MPLANE
13628.091441,v4l2_qbuf,5,VIDEO_CAPTURE_MPLANE
13628.095022,v4l2_dqbuf,5,VIDEO_CAPTURE_MPLANE
13628.095191,v4l2_dqbuf,0,VIDEO_OUTPUT_MPLANE
13628.107746,v4l2_qbuf,0,VIDEO_OUTPUT_MPLANE
13628.107776,v4l2_qbuf,0,VIDEO_CAPTURE_MPLANE
13628.111065,v4l2_dqbuf,0,VIDEO_CAPTURE_MPLANE
13628.111239,v4l2_dqbuf,0,VIDEO_OUTPUT_MPLANE
13628.124412,v4l2_qbuf,0,VIDEO_OUTPUT_MPLANE
13628.124460,v4l2_qbuf,3,VIDEO_CAPTURE_MPLANE
13628.127538,v4l2_dqbuf,3,VIDEO_CAPTURE_MPLANE
13628.127632,v4l2_dqbuf,0,VIDEO_OUTPUT_MPLANE
13628.141471,v4l2_qbuf,0,VIDEO_OUTPUT_MPLANE
13628.141506,v4l2_qbuf,1,VIDEO_CAPTURE_MPLANE
13628.143892,v4l2_dqbuf,1,VIDEO_CAPTURE_MPLANE
13628.143917,v4l2_dqbuf,0,VIDEO_OUTPUT_MPLANE
13628.157823,v4l2_qbuf,0,VIDEO_OUTPUT_MPLANE
13628.157860,v4l2_qbuf,4,VIDEO_CAPTURE_MPLANE
13628.162282,v4l2_dqbuf,4,VIDEO_CAPTURE_MPLANE
13628.162406,v4l2_dqbuf,0,VIDEO_OUTPUT_MPLANE
13628.174470,v4l2_qbuf,0,VIDEO_OUTPUT_MPLANE
13628.174490,v4l2_qbuf,5,VIDEO_CAPTURE_MPLANE
13628.177584,v4l2_dqbuf,5,VIDEO_CAPTURE_MPLANE
13628.177672,v4l2_dqbuf,0,VIDEO_OUTPUT_MPLANE
13628.191144,v4l2_qbuf,0,VIDEO_OUTPUT_MPLANE
13628.191165,v4l2_qbuf,0,VIDEO_CAPTURE_MPLANE
13628.194542,v4l2_dqbuf,0,VIDEO_CAPTURE_MPLANE
13628.194645,v4l2_dqbuf,0,VIDEO_OUTPUT_MPLANE
13628.207519,v4l2_qbuf,0,VIDEO_OUTPUT_MPLANE
13628.207540,v4l2_qbuf,3,VIDEO_CAPTURE_MPLANE
13628.209800,v4l2_dqbuf,3,VIDEO_CAPTURE_MPLANE
13628.209814,v4l2_dqbuf,0,VIDEO_OUTPUT_MPLANE
13628.224736,v4l2_qbuf,0,VIDEO_OUTPUT_MPLANE
13628.224757,v4l2_qbuf,2,VIDEO_CAPTURE_MPLANE
13628.227805,v4l2_dqbuf,2,VIDEO_CAPTURE_MPLANE
13628.227893,v4l2_dqbuf,0,VIDEO_OUTPUT_MPLANE
13628.241421,v4l2_qbuf,0,VIDEO_OUTPUT_MPLANE
13628.241444,v4l2_qbuf,4,VIDEO_CAPTURE_MPLANE
13628.247261,v4l2_dqbuf,4,VIDEO_CAPTURE_MPLANE
13628.247377,v4l2_dqbuf,0,VIDEO_OUTPUT_MPLANE
13628.257787,v4l2_qbuf,0,VIDEO_OUTPUT_MPLANE
13628.257817,v4l2_qbuf,5,VIDEO_CAPTURE_MPLANE
13628.261201,v4l2_dqbuf,5,VIDEO_CAPTURE_MPLANE
13628.261351,v4l2_dqbuf,0,VIDEO_OUTPUT_MPLANE
13628.274739,v4l2_qbuf,0,VIDEO_OUTPUT_MPLANE
13628.274759,v4l2_qbuf,0,VIDEO_CAPTURE_MPLANE
13628.276673,v4l2_dqbuf,0,VIDEO_CAPTURE_MPLANE
13628.276691,v4l2_dqbuf,0,VIDEO_OUTPUT_MPLANE
13628.291108,v4l2_qbuf,0,VIDEO_OUTPUT_MPLANE
13628.291128,v4l2_qbuf,1,VIDEO_CAPTURE_MPLANE
13628.293395,v4l2_dqbuf,1,VIDEO_CAPTURE_MPLANE
13628.293410,v4l2_dqbuf,0,VIDEO_OUTPUT_MPLANE
13628.308553,v4l2_qbuf,0,VIDEO_OUTPUT_MPLANE
13628.308594,v4l2_qbuf,2,VIDEO_CAPTURE_MPLANE
13628.312009,v4l2_dqbuf,2,VIDEO_CAPTURE_MPLANE
13628.312098,v4l2_dqbuf,0,VIDEO_OUTPUT_MPLANE
13628.324896,v4l2_qbuf,0,VIDEO_OUTPUT_MPLANE
13628.324936,v4l2_qbuf,4,VIDEO_CAPTURE_MPLANE
13628.328242,v4l2_dqbuf,4,VIDEO_CAPTURE_MPLANE
13628.328603,v4l2_dqbuf,0,VIDEO_OUTPUT_MPLANE
13628.341277,v4l2_qbuf,0,VIDEO_OUTPUT_MPLANE
13628.341318,v4l2_qbuf,5,VIDEO_CAPTURE_MPLANE
13628.346343,v4l2_dqbuf,5,VIDEO_CAPTURE_MPLANE
13628.346466,v4l2_dqbuf,0,VIDEO_OUTPUT_MPLANE
13628.358141,v4l2_qbuf,0,VIDEO_OUTPUT_MPLANE
13628.358162,v4l2_qbuf,3,VIDEO_CAPTURE_MPLANE
13628.360486,v4l2_dqbuf,3,VIDEO_CAPTURE_MPLANE
13628.360502,v4l2_dqbuf,0,VIDEO_OUTPUT_MPLANE
13628.374489,v4l2_qbuf,0,VIDEO_OUTPUT_MPLANE
13628.374508,v4l2_qbuf,0,VIDEO_CAPTURE_MPLANE
13628.377707,v4l2_dqbuf,0,VIDEO_CAPTURE_MPLANE
13628.377789,v4l2_dqbuf,0,VIDEO_OUTPUT_MPLANE
13628.391193,v4l2_qbuf,0,VIDEO_OUTPUT_MPLANE
13628.391215,v4l2_qbuf,2,VIDEO_CAPTURE_MPLANE
13628.394510,v4l2_dqbuf,2,VIDEO_CAPTURE_MPLANE
13628.394608,v4l2_dqbuf,0,VIDEO_OUTPUT_MPLANE
13628.407758,v4l2_qbuf,0,VIDEO_OUTPUT_MPLANE
13628.407779,v4l2_qbuf,4,VIDEO_CAPTURE_MPLANE
13628.411138,v4l2_dqbuf,4,VIDEO_CAPTURE_MPLANE
13628.411208,v4l2_dqbuf,0,VIDEO_OUTPUT_MPLANE
13628.424239,v4l2_qbuf,0,VIDEO_OUTPUT_MPLANE
13628.424259,v4l2_qbuf,5,VIDEO_CAPTURE_MPLANE
13628.426576,v4l2_dqbuf,5,VIDEO_CAPTURE_MPLANE
13628.426591,v4l2_dqbuf,0,VIDEO_OUTPUT_MPLANE
13628.440986,v4l2_qbuf,0,VIDEO_OUTPUT_MPLANE
13628.441030,v4l2_qbuf,1,VIDEO_CAPTURE_MPLANE
13628.445696,v4l2_dqbuf,1,VIDEO_CAPTURE_MPLANE
13628.445828,v4l2_dqbuf,0,VIDEO_OUTPUT_MPLANE
13628.457579,v4l2_qbuf,0,VIDEO_OUTPUT_MPLANE
13628.457599,v4l2_qbuf,0,VIDEO_CAPTURE_MPLANE
13628.460655,v4l2_dqbuf,0,VIDEO_CAPTURE_MPLANE
13628.460728,v4l2_dqbuf,0,VIDEO_OUTPUT_MPLANE
13628.474447,v4l2_qbuf,0,VIDEO_OUTPUT_MPLANE
13628.474468,v4l2_qbuf,2,VIDEO_CAPTURE_MPLANE
13628.477611,v4l2_dqbuf,2,VIDEO_CAPTURE_MPLANE
13628.477783,v4l2_dqbuf,0,VIDEO_OUTPUT_MPLANE
13628.491374,v4l2_qbuf,0,VIDEO_OUTPUT_MPLANE
13628.491412,v4l2_qbuf,4,VIDEO_CAPTURE_MPLANE
13628.493743,v4l2_dqbuf,4,VIDEO_CAPTURE_MPLANE
13628.493772,v4l2_dqbuf,0,VIDEO_OUTPUT_MPLANE
13628.507779,v4l2_qbuf,0,VIDEO_OUTPUT_MPLANE
13628.507799,v4l2_qbuf,3,VIDEO_CAPTURE_MPLANE
13628.510987,v4l2_dqbuf,3,VIDEO_CAPTURE_MPLANE
13628.511083,v4l2_dqbuf,0,VIDEO_OUTPUT_MPLANE
13628.524182,v4l2_qbuf,0,VIDEO_OUTPUT_MPLANE
13628.524202,v4l2_qbuf,1,VIDEO_CAPTURE_MPLANE
13628.527348,v4l2_dqbuf,1,VIDEO_CAPTURE_MPLANE
13628.527431,v4l2_dqbuf,0,VIDEO_OUTPUT_MPLANE
13628.541651,v4l2_qbuf,0,VIDEO_OUTPUT_MPLANE
13628.541679,v4l2_qbuf,0,VIDEO_CAPTURE_MPLANE
13628.545064,v4l2_dqbuf,0,VIDEO_CAPTURE_MPLANE
13628.545285,v4l2_dqbuf,0,VIDEO_OUTPUT_MPLANE
13628.559929,v4l2_qbuf,0,VIDEO_OUTPUT_MPLANE
13628.559960,v4l2_qbuf,2,VIDEO_CAPTURE_MPLANE
13628.562343,v4l2_dqbuf,2,VIDEO_CAPTURE_MPLANE
13628.562362,v4l2_dqbuf,0,VIDEO_OUTPUT_MPLANE
13628.574606,v4l2_qbuf,0,VIDEO_OUTPUT_MPLANE
13628.574650,v4l2_qbuf,5,VIDEO_CAPTURE_MPLANE
13628.578122,v4l2_dqbuf,5,VIDEO_CAPTURE_MPLANE
13628.578356,v4l2_dqbuf,0,VIDEO_OUTPUT_MPLANE
13628.590891,v4l2_qbuf,0,VIDEO_OUTPUT_MPLANE
13628.590906,v4l2_qbuf,3,VIDEO_CAPTURE_MPLANE
13628.594013,v4l2_dqbuf,3,VIDEO_CAPTURE_MPLANE
13628.594098,v4l2_dqbuf,0,VIDEO_OUTPUT_MPLANE
13628.607417,v4l2_qbuf,0,VIDEO_OUTPUT_MPLANE
13628.607433,v4l2_qbuf,1,VIDEO_CAPTURE_MPLANE
13628.610565,v4l2_dqbuf,1,VIDEO_CAPTURE_MPLANE
13628.610637,v4l2_dqbuf,0,VIDEO_OUTPUT_MPLANE
13628.624708,v4l2_qbuf,0,VIDEO_OUTPUT_MPLANE
13628.624741,v4l2_qbuf,0,VIDEO_CAPTURE_MPLANE
13628.626999,v4l2_dqbuf,0,VIDEO_CAPTURE_MPLANE
13628.627036,v4l2_dqbuf,0,VIDEO_OUTPUT_MPLANE
13628.641082,v4l2_qbuf,0,VIDEO_OUTPUT_MPLANE
13628.641098,v4l2_qbuf,4,VIDEO_CAPTURE_MPLANE
13628.645535,v4l2_dqbuf,4,VIDEO_CAPTURE_MPLANE
13628.645758,v4l2_dqbuf,0,VIDEO_OUTPUT_MPLANE
13628.657565,v4l2_qbuf,0,VIDEO_OUTPUT_MPLANE
13628.657580,v4l2_qbuf,5,VIDEO_CAPTURE_MPLANE
13628.660811,v4l2_dqbuf,5,VIDEO_CAPTURE_MPLANE
13628.660920,v4l2_dqbuf,0,VIDEO_OUTPUT_MPLANE
13628.674228,v4l2_qbuf,0,VIDEO_OUTPUT_MPLANE
13628.674249,v4l2_qbuf,3,VIDEO_CAPTURE_MPLANE
13628.677478,v4l2_dqbuf,3,VIDEO_CAPTURE_MPLANE
13628.677568,v4l2_dqbuf,0,VIDEO_OUTPUT_MPLANE
13628.691074,v4l2_qbuf,0,VIDEO_OUTPUT_MPLANE
13628.691104,v4l2_qbuf,1,VIDEO_CAPTURE_MPLANE
13628.693295,v4l2_dqbuf,1,VIDEO_CAPTURE_MPLANE
13628.693318,v4l2_dqbuf,0,VIDEO_OUTPUT_MPLANE
13628.707417,v4l2_qbuf,0,VIDEO_OUTPUT_MPLANE
13628.707434,v4l2_qbuf,2,VIDEO_CAPTURE_MPLANE
13628.710595,v4l2_dqbuf,2,VIDEO_CAPTURE_MPLANE
13628.710688,v4l2_dqbuf,0,VIDEO_OUTPUT_MPLANE
13628.724205,v4l2_qbuf,0,VIDEO_OUTPUT_MPLANE
13628.724226,v4l2_qbuf,4,VIDEO_CAPTURE_MPLANE
13628.727282,v4l2_dqbuf,4,VIDEO_CAPTURE_MPLANE
13628.727360,v4l2_dqbuf,0,VIDEO_OUTPUT_MPLANE
13628.740782,v4l2_qbuf,0,VIDEO_OUTPUT_MPLANE
13628.740803,v4l2_qbuf,5,VIDEO_CAPTURE_MPLANE
13628.744806,v4l2_dqbuf,5,VIDEO_CAPTURE_MPLANE
13628.744920,v4l2_dqbuf,0,VIDEO_OUTPUT_MPLANE
13628.757669,v4l2_qbuf,0,VIDEO_OUTPUT_MPLANE
13628.757689,v4l2_qbuf,3,VIDEO_CAPTURE_MPLANE
13628.759819,v4l2_dqbuf,3,VIDEO_CAPTURE_MPLANE
13628.759833,v4l2_dqbuf,0,VIDEO_OUTPUT_MPLANE
13628.774710,v4l2_qbuf,0,VIDEO_OUTPUT_MPLANE
13628.774729,v4l2_qbuf,0,VIDEO_CAPTURE_MPLANE
13628.778150,v4l2_dqbuf,0,VIDEO_CAPTURE_MPLANE
13628.778246,v4l2_dqbuf,0,VIDEO_OUTPUT_MPLANE
13628.791287,v4l2_qbuf,0,VIDEO_OUTPUT_MPLANE
13628.791307,v4l2_qbuf,2,VIDEO_CAPTURE_MPLANE
13628.794609,v4l2_dqbuf,2,VIDEO_CAPTURE_MPLANE
13628.794700,v4l2_dqbuf,0,VIDEO_OUTPUT_MPLANE
13628.807946,v4l2_qbuf,0,VIDEO_OUTPUT_MPLANE
13628.807967,v4l2_qbuf,4,VIDEO_CAPTURE_MPLANE
13628.811275,v4l2_dqbuf,4,VIDEO_CAPTURE_MPLANE
13628.811364,v4l2_dqbuf,0,VIDEO_OUTPUT_MPLANE
13628.824548,v4l2_qbuf,0,VIDEO_OUTPUT_MPLANE
13628.824568,v4l2_qbuf,5,VIDEO_CAPTURE_MPLANE
13628.826822,v4l2_dqbuf,5,VIDEO_CAPTURE_MPLANE
13628.826836,v4l2_dqbuf,0,VIDEO_OUTPUT_MPLANE
13628.841156,v4l2_qbuf,0,VIDEO_OUTPUT_MPLANE
13628.841205,v4l2_qbuf,1,VIDEO_CAPTURE_MPLANE
13628.845593,v4l2_dqbuf,1,VIDEO_CAPTURE_MPLANE
13628.845846,v4l2_dqbuf,0,VIDEO_OUTPUT_MPLANE
13628.857933,v4l2_qbuf,0,VIDEO_OUTPUT_MPLANE
13628.858026,v4l2_qbuf,0,VIDEO_CAPTURE_MPLANE
13628.861224,v4l2_dqbuf,0,VIDEO_CAPTURE_MPLANE
13628.861362,v4l2_dqbuf,0,VIDEO_OUTPUT_MPLANE
13628.874264,v4l2_qbuf,0,VIDEO_OUTPUT_MPLANE
13628.874281,v4l2_qbuf,2,VIDEO_CAPTURE_MPLANE
13628.877479,v4l2_dqbuf,2,VIDEO_CAPTURE_MPLANE
13628.877555,v4l2_dqbuf,0,VIDEO_OUTPUT_MPLANE
13628.890997,v4l2_qbuf,0,VIDEO_OUTPUT_MPLANE
13628.891041,v4l2_qbuf,4,VIDEO_CAPTURE_MPLANE
13628.893330,v4l2_dqbuf,4,VIDEO_CAPTURE_MPLANE
13628.893346,v4l2_dqbuf,0,VIDEO_OUTPUT_MPLANE
13628.907705,v4l2_qbuf,0,VIDEO_OUTPUT_MPLANE
13628.907726,v4l2_qbuf,3,VIDEO_CAPTURE_MPLANE
13628.910729,v4l2_dqbuf,3,VIDEO_CAPTURE_MPLANE
13628.910811,v4l2_dqbuf,0,VIDEO_OUTPUT_MPLANE
13628.924202,v4l2_qbuf,0,VIDEO_OUTPUT_MPLANE
13628.924225,v4l2_qbuf,1,VIDEO_CAPTURE_MPLANE
13628.927349,v4l2_dqbuf,1,VIDEO_CAPTURE_MPLANE
13628.927430,v4l2_dqbuf,0,VIDEO_OUTPUT_MPLANE
13628.941265,v4l2_qbuf,0,VIDEO_OUTPUT_MPLANE
13628.941285,v4l2_qbuf,0,VIDEO_CAPTURE_MPLANE
13628.945216,v4l2_dqbuf,0,VIDEO_CAPTURE_MPLANE
13628.945352,v4l2_dqbuf,0,VIDEO_OUTPUT_MPLANE
13628.957866,v4l2_qbuf,0,VIDEO_OUTPUT_MPLANE
13628.957881,v4l2_qbuf,2,VIDEO_CAPTURE_MPLANE
13628.960066,v4l2_dqbuf,2,VIDEO_CAPTURE_MPLANE
13628.960081,v4l2_dqbuf,0,VIDEO_OUTPUT_MPLANE
13628.974528,v4l2_qbuf,0,VIDEO_OUTPUT_MPLANE
13628.974550,v4l2_qbuf,5,VIDEO_CAPTURE_MPLANE
13628.977528,v4l2_dqbuf,5,VIDEO_CAPTURE_MPLANE
13628.977610,v4l2_dqbuf,0,VIDEO_OUTPUT_MPLANE
13628.991100,v4l2_qbuf,0,VIDEO_OUTPUT_MPLANE
13628.991139,v4l2_qbuf,3,VIDEO_CAPTURE_MPLANE
13628.994253,v4l2_dqbuf,3,VIDEO_CAPTURE_MPLANE
13628.994321,v4l2_dqbuf,0,VIDEO_OUTPUT_MPLANE
13629.007783,v4l2_qbuf,0,VIDEO_OUTPUT_MPLANE
13629.007803,v4l2_qbuf,1,VIDEO_CAPTURE_MPLANE
13629.010907,v4l2_dqbuf,1,VIDEO_CAPTURE_MPLANE
13629.010972,v4l2_dqbuf,0,VIDEO_OUTPUT_MPLANE
13629.024401,v4l2_qbuf,0,VIDEO_OUTPUT_MPLANE
13629.024420,v4l2_qbuf,0,VIDEO_CAPTURE_MPLANE
13629.026529,v4l2_dqbuf,0,VIDEO_CAPTURE_MPLANE
13629.026543,v4l2_dqbuf,0,VIDEO_OUTPUT_MPLANE
13629.040983,v4l2_qbuf,0,VIDEO_OUTPUT_MPLANE
13629.040998,v4l2_qbuf,4,VIDEO_CAPTURE_MPLANE
13629.044238,v4l2_dqbuf,4,VIDEO_CAPTURE_MPLANE
13629.044333,v4l2_dqbuf,0,VIDEO_OUTPUT_MPLANE
13629.057568,v4l2_qbuf,0,VIDEO_OUTPUT_MPLANE
13629.057584,v4l2_qbuf,5,VIDEO_CAPTURE_MPLANE
13629.060636,v4l2_dqbuf,5,VIDEO_CAPTURE_MPLANE
13629.060706,v4l2_dqbuf,0,VIDEO_OUTPUT_MPLANE
13629.074467,v4l2_qbuf,0,VIDEO_OUTPUT_MPLANE
13629.074487,v4l2_qbuf,3,VIDEO_CAPTURE_MPLANE
13629.077754,v4l2_dqbuf,3,VIDEO_CAPTURE_MPLANE
13629.077854,v4l2_dqbuf,0,VIDEO_OUTPUT_MPLANE
13629.091531,v4l2_qbuf,0,VIDEO_OUTPUT_MPLANE
13629.091552,v4l2_qbuf,1,VIDEO_CAPTURE_MPLANE
13629.093898,v4l2_dqbuf,1,VIDEO_CAPTURE_MPLANE
13629.093926,v4l2_dqbuf,0,VIDEO_OUTPUT_MPLANE
13629.107964,v4l2_qbuf,0,VIDEO_OUTPUT_MPLANE
13629.108044,v4l2_qbuf,2,VIDEO_CAPTURE_MPLANE
13629.111125,v4l2_dqbuf,2,VIDEO_CAPTURE_MPLANE
13629.111307,v4l2_dqbuf,0,VIDEO_OUTPUT_MPLANE
13629.124579,v4l2_qbuf,0,VIDEO_OUTPUT_MPLANE
13629.124598,v4l2_qbuf,4,VIDEO_CAPTURE_MPLANE
13629.127646,v4l2_dqbuf,4,VIDEO_CAPTURE_MPLANE
13629.127733,v4l2_dqbuf,0,VIDEO_OUTPUT_MPLANE
13629.141450,v4l2_qbuf,0,VIDEO_OUTPUT_MPLANE
13629.141473,v4l2_qbuf,5,VIDEO_CAPTURE_MPLANE
13629.145511,v4l2_dqbuf,5,VIDEO_CAPTURE_MPLANE
13629.145630,v4l2_dqbuf,0,VIDEO_OUTPUT_MPLANE
13629.157884,v4l2_qbuf,0,VIDEO_OUTPUT_MPLANE
13629.157907,v4l2_qbuf,3,VIDEO_CAPTURE_MPLANE
13629.159979,v4l2_dqbuf,3,VIDEO_CAPTURE_MPLANE
13629.159993,v4l2_dqbuf,0,VIDEO_OUTPUT_MPLANE
13629.174858,v4l2_qbuf,0,VIDEO_OUTPUT_MPLANE
13629.174893,v4l2_qbuf,0,VIDEO_CAPTURE_MPLANE
13629.177881,v4l2_dqbuf,0,VIDEO_CAPTURE_MPLANE
13629.177974,v4l2_dqbuf,0,VIDEO_OUTPUT_MPLANE
13629.191055,v4l2_qbuf,0,VIDEO_OUTPUT_MPLANE
13629.191087,v4l2_qbuf,2,VIDEO_CAPTURE_MPLANE
13629.194182,v4l2_dqbuf,2,VIDEO_CAPTURE_MPLANE
13629.194329,v4l2_dqbuf,0,VIDEO_OUTPUT_MPLANE
13629.208113,v4l2_qbuf,0,VIDEO_OUTPUT_MPLANE
13629.208154,v4l2_qbuf,4,VIDEO_CAPTURE_MPLANE
13629.211462,v4l2_dqbuf,4,VIDEO_CAPTURE_MPLANE
13629.211556,v4l2_dqbuf,0,VIDEO_OUTPUT_MPLANE
13629.224629,v4l2_qbuf,0,VIDEO_OUTPUT_MPLANE
13629.224663,v4l2_qbuf,5,VIDEO_CAPTURE_MPLANE
13629.226960,v4l2_dqbuf,5,VIDEO_CAPTURE_MPLANE
13629.226980,v4l2_dqbuf,0,VIDEO_OUTPUT_MPLANE
13629.241393,v4l2_qbuf,0,VIDEO_OUTPUT_MPLANE
13629.241433,v4l2_qbuf,1,VIDEO_CAPTURE_MPLANE
13629.244889,v4l2_dqbuf,1,VIDEO_CAPTURE_MPLANE
13629.245042,v4l2_dqbuf,0,VIDEO_OUTPUT_MPLANE
13629.257679,v4l2_qbuf,0,VIDEO_OUTPUT_MPLANE
13629.257700,v4l2_qbuf,0,VIDEO_CAPTURE_MPLANE
13629.262163,v4l2_dqbuf,0,VIDEO_CAPTURE_MPLANE
13629.262318,v4l2_dqbuf,0,VIDEO_OUTPUT_MPLANE
13629.274792,v4l2_qbuf,0,VIDEO_OUTPUT_MPLANE
13629.274813,v4l2_qbuf,2,VIDEO_CAPTURE_MPLANE
13629.276871,v4l2_dqbuf,2,VIDEO_CAPTURE_MPLANE
13629.276891,v4l2_dqbuf,0,VIDEO_OUTPUT_MPLANE
13629.291214,v4l2_qbuf,0,VIDEO_OUTPUT_MPLANE
13629.291234,v4l2_qbuf,4,VIDEO_CAPTURE_MPLANE
13629.293394,v4l2_dqbuf,4,VIDEO_CAPTURE_MPLANE
13629.293407,v4l2_dqbuf,0,VIDEO_OUTPUT_MPLANE
13629.307636,v4l2_qbuf,0,VIDEO_OUTPUT_MPLANE
13629.307665,v4l2_qbuf,3,VIDEO_CAPTURE_MPLANE
13629.310902,v4l2_dqbuf,3,VIDEO_CAPTURE_MPLANE
13629.311123,v4l2_dqbuf,0,VIDEO_OUTPUT_MPLANE
13629.324618,v4l2_qbuf,0,VIDEO_OUTPUT_MPLANE
13629.324652,v4l2_qbuf,1,VIDEO_CAPTURE_MPLANE
13629.327881,v4l2_dqbuf,1,VIDEO_CAPTURE_MPLANE
13629.328035,v4l2_dqbuf,0,VIDEO_OUTPUT_MPLANE
13629.341126,v4l2_qbuf,0,VIDEO_OUTPUT_MPLANE
13629.341163,v4l2_qbuf,0,VIDEO_CAPTURE_MPLANE
13629.343580,v4l2_dqbuf,0,VIDEO_CAPTURE_MPLANE
13629.343605,v4l2_dqbuf,0,VIDEO_OUTPUT_MPLANE
13629.358196,v4l2_qbuf,0,VIDEO_OUTPUT_MPLANE
13629.358233,v4l2_qbuf,5,VIDEO_CAPTURE_MPLANE
13629.361442,v4l2_dqbuf,5,VIDEO_CAPTURE_MPLANE
13629.361626,v4l2_dqbuf,0,VIDEO_OUTPUT_MPLANE
13629.374568,v4l2_qbuf,0,VIDEO_OUTPUT_MPLANE
13629.374606,v4l2_qbuf,2,VIDEO_CAPTURE_MPLANE
13629.377839,v4l2_dqbuf,2,VIDEO_CAPTURE_MPLANE
13629.378028,v4l2_dqbuf,0,VIDEO_OUTPUT_MPLANE
13629.391330,v4l2_qbuf,0,VIDEO_OUTPUT_MPLANE
13629.391377,v4l2_qbuf,3,VIDEO_CAPTURE_MPLANE
13629.394797,v4l2_dqbuf,3,VIDEO_CAPTURE_MPLANE
13629.394985,v4l2_dqbuf,0,VIDEO_OUTPUT_MPLANE
13629.407675,v4l2_qbuf,0,VIDEO_OUTPUT_MPLANE
13629.407697,v4l2_qbuf,1,VIDEO_CAPTURE_MPLANE
13629.410065,v4l2_dqbuf,1,VIDEO_CAPTURE_MPLANE
13629.410095,v4l2_dqbuf,0,VIDEO_OUTPUT_MPLANE
13629.424565,v4l2_qbuf,0,VIDEO_OUTPUT_MPLANE
13629.424587,v4l2_qbuf,4,VIDEO_CAPTURE_MPLANE
13629.427832,v4l2_dqbuf,4,VIDEO_CAPTURE_MPLANE
13629.427921,v4l2_dqbuf,0,VIDEO_OUTPUT_MPLANE
13629.441165,v4l2_qbuf,0,VIDEO_OUTPUT_MPLANE
13629.441184,v4l2_qbuf,5,VIDEO_CAPTURE_MPLANE
13629.444371,v4l2_dqbuf,5,VIDEO_CAPTURE_MPLANE
13629.444473,v4l2_dqbuf,0,VIDEO_OUTPUT_MPLANE
13629.457865,v4l2_qbuf,0,VIDEO_OUTPUT_MPLANE
13629.457887,v4l2_qbuf,2,VIDEO_CAPTURE_MPLANE
13629.461453,v4l2_dqbuf,2,VIDEO_CAPTURE_MPLANE
13629.461577,v4l2_dqbuf,0,VIDEO_OUTPUT_MPLANE
13629.474534,v4l2_qbuf,0,VIDEO_OUTPUT_MPLANE
13629.474556,v4l2_qbuf,3,VIDEO_CAPTURE_MPLANE
13629.476708,v4l2_dqbuf,3,VIDEO_CAPTURE_MPLANE
13629.476722,v4l2_dqbuf,0,VIDEO_OUTPUT_MPLANE
13629.491201,v4l2_qbuf,0,VIDEO_OUTPUT_MPLANE
13629.491220,v4l2_qbuf,0,VIDEO_CAPTURE_MPLANE
13629.494459,v4l2_dqbuf,0,VIDEO_CAPTURE_MPLANE
13629.494551,v4l2_dqbuf,0,VIDEO_OUTPUT_MPLANE
13629.507852,v4l2_qbuf,0,VIDEO_OUTPUT_MPLANE
13629.507982,v4l2_qbuf,4,VIDEO_CAPTURE_MPLANE
13629.511244,v4l2_dqbuf,4,VIDEO_CAPTURE_MPLANE
13629.511426,v4l2_dqbuf,0,VIDEO_OUTPUT_MPLANE
13629.524486,v4l2_qbuf,0,VIDEO_OUTPUT_MPLANE
13629.524524,v4l2_qbuf,5,VIDEO_CAPTURE_MPLANE
13629.527826,v4l2_dqbuf,5,VIDEO_CAPTURE_MPLANE
13629.528051,v4l2_dqbuf,0,VIDEO_OUTPUT_MPLANE
13629.541138,v4l2_qbuf,0,VIDEO_OUTPUT_MPLANE
13629.541159,v4l2_qbuf,2,VIDEO_CAPTURE_MPLANE
13629.543513,v4l2_dqbuf,2,VIDEO_CAPTURE_MPLANE
13629.543529,v4l2_dqbuf,0,VIDEO_OUTPUT_MPLANE
13629.557982,v4l2_qbuf,0,VIDEO_OUTPUT_MPLANE
13629.558020,v4l2_qbuf,1,VIDEO_CAPTURE_MPLANE
13629.561290,v4l2_dqbuf,1,VIDEO_CAPTURE_MPLANE
13629.561399,v4l2_dqbuf,0,VIDEO_OUTPUT_MPLANE
13629.574501,v4l2_qbuf,0,VIDEO_OUTPUT_MPLANE
13629.574521,v4l2_qbuf,0,VIDEO_CAPTURE_MPLANE
13629.577631,v4l2_dqbuf,0,VIDEO_CAPTURE_MPLANE
13629.577716,v4l2_dqbuf,0,VIDEO_OUTPUT_MPLANE
13629.590887,v4l2_qbuf,0,VIDEO_OUTPUT_MPLANE
13629.590909,v4l2_qbuf,4,VIDEO_CAPTURE_MPLANE
13629.594029,v4l2_dqbuf,4,VIDEO_CAPTURE_MPLANE
13629.594128,v4l2_dqbuf,0,VIDEO_OUTPUT_MPLANE
13629.608070,v4l2_qbuf,0,VIDEO_OUTPUT_MPLANE
13629.608091,v4l2_qbuf,5,VIDEO_CAPTURE_MPLANE
13629.610344,v4l2_dqbuf,5,VIDEO_CAPTURE_MPLANE
13629.610360,v4l2_dqbuf,0,VIDEO_OUTPUT_MPLANE
13629.624965,v4l2_qbuf,0,VIDEO_OUTPUT_MPLANE
13629.624986,v4l2_qbuf,3,VIDEO_CAPTURE_MPLANE
13629.628222,v4l2_dqbuf,3,VIDEO_CAPTURE_MPLANE
13629.628312,v4l2_dqbuf,0,VIDEO_OUTPUT_MPLANE
13629.641541,v4l2_qbuf,0,VIDEO_OUTPUT_MPLANE
13629.641575,v4l2_qbuf,1,VIDEO_CAPTURE_MPLANE
13629.645761,v4l2_dqbuf,1,VIDEO_CAPTURE_MPLANE
13629.645884,v4l2_dqbuf,0,VIDEO_OUTPUT_MPLANE
13629.657747,v4l2_qbuf,0,VIDEO_OUTPUT_MPLANE
13629.657768,v4l2_qbuf,0,VIDEO_CAPTURE_MPLANE
13629.660989,v4l2_dqbuf,0,VIDEO_CAPTURE_MPLANE
13629.661104,v4l2_dqbuf,0,VIDEO_OUTPUT_MPLANE
13629.674371,v4l2_qbuf,0,VIDEO_OUTPUT_MPLANE
13629.674387,v4l2_qbuf,4,VIDEO_CAPTURE_MPLANE
13629.676568,v4l2_dqbuf,4,VIDEO_CAPTURE_MPLANE
13629.676591,v4l2_dqbuf,0,VIDEO_OUTPUT_MPLANE
13629.691433,v4l2_qbuf,0,VIDEO_OUTPUT_MPLANE
13629.691495,v4l2_qbuf,2,VIDEO_CAPTURE_MPLANE
13629.694708,v4l2_dqbuf,2,VIDEO_CAPTURE_MPLANE
13629.694859,v4l2_dqbuf,0,VIDEO_OUTPUT_MPLANE
13629.707983,v4l2_qbuf,0,VIDEO_OUTPUT_MPLANE
13629.708044,v4l2_qbuf,3,VIDEO_CAPTURE_MPLANE
13629.711122,v4l2_dqbuf,3,VIDEO_CAPTURE_MPLANE
13629.711265,v4l2_dqbuf,0,VIDEO_OUTPUT_MPLANE
13629.724666,v4l2_qbuf,0,VIDEO_OUTPUT_MPLANE
13629.724694,v4l2_qbuf,1,VIDEO_CAPTURE_MPLANE
13629.727815,v4l2_dqbuf,1,VIDEO_CAPTURE_MPLANE
13629.727950,v4l2_dqbuf,0,VIDEO_OUTPUT_MPLANE
13629.740983,v4l2_qbuf,0,VIDEO_OUTPUT_MPLANE
13629.741028,v4l2_qbuf,0,VIDEO_CAPTURE_MPLANE
13629.745083,v4l2_dqbuf,0,VIDEO_CAPTURE_MPLANE
13629.745102,v4l2_dqbuf,0,VIDEO_OUTPUT_MPLANE
13629.757573,v4l2_qbuf,0,VIDEO_OUTPUT_MPLANE
13629.757593,v4l2_qbuf,5,VIDEO_CAPTURE_MPLANE
13629.760606,v4l2_dqbuf,5,VIDEO_CAPTURE_MPLANE
13629.760697,v4l2_dqbuf,0,VIDEO_OUTPUT_MPLANE
13629.774448,v4l2_qbuf,0,VIDEO_OUTPUT_MPLANE
13629.774474,v4l2_qbuf,2,VIDEO_CAPTURE_MPLANE
13629.777547,v4l2_dqbuf,2,VIDEO_CAPTURE_MPLANE
13629.777633,v4l2_dqbuf,0,VIDEO_OUTPUT_MPLANE
13629.790899,v4l2_qbuf,0,VIDEO_OUTPUT_MPLANE
13629.790918,v4l2_qbuf,3,VIDEO_CAPTURE_MPLANE
13629.793936,v4l2_dqbuf,3,VIDEO_CAPTURE_MPLANE
13629.794016,v4l2_dqbuf,0,VIDEO_OUTPUT_MPLANE
13629.807747,v4l2_qbuf,0,VIDEO_OUTPUT_MPLANE
13629.807777,v4l2_qbuf,1,VIDEO_CAPTURE_MPLANE
13629.809898,v4l2_dqbuf,1,VIDEO_CAPTURE_MPLANE
13629.809908,v4l2_dqbuf,0,VIDEO_OUTPUT_MPLANE
13629.824308,v4l2_qbuf,0,VIDEO_OUTPUT_MPLANE
13629.824330,v4l2_qbuf,4,VIDEO_CAPTURE_MPLANE
13629.829253,v4l2_dqbuf,4,VIDEO_CAPTURE_MPLANE
13629.829377,v4l2_dqbuf,0,VIDEO_OUTPUT_MPLANE
13629.840769,v4l2_qbuf,0,VIDEO_OUTPUT_MPLANE
13629.840788,v4l2_qbuf,5,VIDEO_CAPTURE_MPLANE
13629.843981,v4l2_dqbuf,5,VIDEO_CAPTURE_MPLANE
13629.844112,v4l2_dqbuf,0,VIDEO_OUTPUT_MPLANE
13629.857682,v4l2_qbuf,0,VIDEO_OUTPUT_MPLANE
13629.857715,v4l2_qbuf,2,VIDEO_CAPTURE_MPLANE
13629.860816,v4l2_dqbuf,2,VIDEO_CAPTURE_MPLANE
13629.860944,v4l2_dqbuf,0,VIDEO_OUTPUT_MPLANE
13629.874207,v4l2_qbuf,0,VIDEO_OUTPUT_MPLANE
13629.874225,v4l2_qbuf,3,VIDEO_CAPTURE_MPLANE
13629.876486,v4l2_dqbuf,3,VIDEO_CAPTURE_MPLANE
13629.876516,v4l2_dqbuf,0,VIDEO_OUTPUT_MPLANE
13629.891209,v4l2_qbuf,0,VIDEO_OUTPUT_MPLANE
13629.891244,v4l2_qbuf,0,VIDEO_CAPTURE_MPLANE
13629.894625,v4l2_dqbuf,0,VIDEO_CAPTURE_MPLANE
13629.894805,v4l2_dqbuf,0,VIDEO_OUTPUT_MPLANE
13629.908187,v4l2_qbuf,0,VIDEO_OUTPUT_MPLANE
13629.908205,v4l2_qbuf,4,VIDEO_CAPTURE_MPLANE
13629.911392,v4l2_dqbuf,4,VIDEO_CAPTURE_MPLANE
13629.911469,v4l2_dqbuf,0,VIDEO_OUTPUT_MPLANE
13629.924365,v4l2_qbuf,0,VIDEO_OUTPUT_MPLANE
13629.924382,v4l2_qbuf,5,VIDEO_CAPTURE_MPLANE
13629.927638,v4l2_dqbuf,5,VIDEO_CAPTURE_MPLANE
13629.927714,v4l2_dqbuf,0,VIDEO_OUTPUT_MPLANE
13629.940873,v4l2_qbuf,0,VIDEO_OUTPUT_MPLANE
13629.940894,v4l2_qbuf,2,VIDEO_CAPTURE_MPLANE
13629.943159,v4l2_dqbuf,2,VIDEO_CAPTURE_MPLANE
13629.943175,v4l2_dqbuf,0,VIDEO_OUTPUT_MPLANE
13629.957579,v4l2_qbuf,0,VIDEO_OUTPUT_MPLANE
13629.957595,v4l2_qbuf,1,VIDEO_CAPTURE_MPLANE
13629.960831,v4l2_dqbuf,1,VIDEO_CAPTURE_MPLANE
13629.960919,v4l2_dqbuf,0,VIDEO_OUTPUT_MPLANE
13629.974634,v4l2_qbuf,0,VIDEO_OUTPUT_MPLANE
13629.974655,v4l2_qbuf,0,VIDEO_CAPTURE_MPLANE
13629.977856,v4l2_dqbuf,0,VIDEO_CAPTURE_MPLANE
13629.977943,v4l2_dqbuf,0,VIDEO_OUTPUT_MPLANE
13629.991214,v4l2_qbuf,0,VIDEO_OUTPUT_MPLANE
13629.991234,v4l2_qbuf,4,VIDEO_CAPTURE_MPLANE
13629.995529,v4l2_dqbuf,4,VIDEO_CAPTURE_MPLANE
13629.995650,v4l2_dqbuf,0,VIDEO_OUTPUT_MPLANE
13630.007924,v4l2_qbuf,0,VIDEO_OUTPUT_MPLANE
13630.007944,v4l2_qbuf,5,VIDEO_CAPTURE_MPLANE
13630.010153,v4l2_dqbuf,5,VIDEO_CAPTURE_MPLANE
13630.010169,v4l2_dqbuf,0,VIDEO_OUTPUT_MPLANE
13630.024549,v4l2_qbuf,0,VIDEO_OUTPUT_MPLANE
13630.024571,v4l2_qbuf,3,VIDEO_CAPTURE_MPLANE
13630.027666,v4l2_dqbuf,3,VIDEO_CAPTURE_MPLANE
13630.027765,v4l2_dqbuf,0,VIDEO_OUTPUT_MPLANE
13630.040875,v4l2_qbuf,0,VIDEO_OUTPUT_MPLANE
13630.040896,v4l2_qbuf,1,VIDEO_CAPTURE_MPLANE
13630.044266,v4l2_dqbuf,1,VIDEO_CAPTURE_MPLANE
13630.044367,v4l2_dqbuf,0,VIDEO_OUTPUT_MPLANE
13630.057917,v4l2_qbuf,0,VIDEO_OUTPUT_MPLANE
13630.057938,v4l2_qbuf,0,VIDEO_CAPTURE_MPLANE
13630.060990,v4l2_dqbuf,0,VIDEO_CAPTURE_MPLANE
13630.061085,v4l2_dqbuf,0,VIDEO_OUTPUT_MPLANE
13630.074381,v4l2_qbuf,0,VIDEO_OUTPUT_MPLANE
13630.074401,v4l2_qbuf,4,VIDEO_CAPTURE_MPLANE
13630.076520,v4l2_dqbuf,4,VIDEO_CAPTURE_MPLANE
13630.076533,v4l2_dqbuf,0,VIDEO_OUTPUT_MPLANE
13630.091602,v4l2_qbuf,0,VIDEO_OUTPUT_MPLANE
13630.091624,v4l2_qbuf,2,VIDEO_CAPTURE_MPLANE
13630.094935,v4l2_dqbuf,2,VIDEO_CAPTURE_MPLANE
13630.095147,v4l2_dqbuf,0,VIDEO_OUTPUT_MPLANE
13630.108808,v4l2_qbuf,0,VIDEO_OUTPUT_MPLANE
13630.108830,v4l2_qbuf,3,VIDEO_CAPTURE_MPLANE
13630.111881,v4l2_dqbuf,3,VIDEO_CAPTURE_MPLANE
13630.111974,v4l2_dqbuf,0,VIDEO_OUTPUT_MPLANE
13630.128234,v4l2_qbuf,0,VIDEO_OUTPUT_MPLANE
13630.128255,v4l2_qbuf,1,VIDEO_CAPTURE_MPLANE
13630.131635,v4l2_dqbuf,1,VIDEO_CAPTURE_MPLANE
13630.131870,v4l2_dqbuf,0,VIDEO_OUTPUT_MPLANE
13630.141150,v4l2_qbuf,0,VIDEO_OUTPUT_MPLANE
13630.141178,v4l2_qbuf,0,VIDEO_CAPTURE_MPLANE
13630.143503,v4l2_dqbuf,0,VIDEO_CAPTURE_MPLANE
13630.143534,v4l2_dqbuf,0,VIDEO_OUTPUT_MPLANE
13630.160374,v4l2_qbuf,0,VIDEO_OUTPUT_MPLANE
13630.160404,v4l2_qbuf,5,VIDEO_CAPTURE_MPLANE
13630.163795,v4l2_dqbuf,5,VIDEO_CAPTURE_MPLANE
13630.163904,v4l2_dqbuf,0,VIDEO_OUTPUT_MPLANE
13630.176856,v4l2_qbuf,0,VIDEO_OUTPUT_MPLANE
13630.176878,v4l2_qbuf,2,VIDEO_CAPTURE_MPLANE
13630.180060,v4l2_dqbuf,2,VIDEO_CAPTURE_MPLANE
13630.180147,v4l2_dqbuf,0,VIDEO_OUTPUT_MPLANE
13630.194326,v4l2_qbuf,0,VIDEO_OUTPUT_MPLANE
13630.194348,v4l2_qbuf,3,VIDEO_CAPTURE_MPLANE
13630.197499,v4l2_dqbuf,3,VIDEO_CAPTURE_MPLANE
13630.197606,v4l2_dqbuf,0,VIDEO_OUTPUT_MPLANE
13630.210108,v4l2_qbuf,0,VIDEO_OUTPUT_MPLANE
13630.210150,v4l2_qbuf,1,VIDEO_CAPTURE_MPLANE
13630.212368,v4l2_dqbuf,1,VIDEO_CAPTURE_MPLANE
13630.212397,v4l2_dqbuf,0,VIDEO_OUTPUT_MPLANE
13630.227435,v4l2_qbuf,0,VIDEO_OUTPUT_MPLANE
13630.227457,v4l2_qbuf,4,VIDEO_CAPTURE_MPLANE
13630.230745,v4l2_dqbuf,4,VIDEO_CAPTURE_MPLANE
13630.230845,v4l2_dqbuf,0,VIDEO_OUTPUT_MPLANE
13630.243436,v4l2_qbuf,0,VIDEO_OUTPUT_MPLANE
13630.243462,v4l2_qbuf,5,VIDEO_CAPTURE_MPLANE
13630.246821,v4l2_dqbuf,5,VIDEO_CAPTURE_MPLANE
13630.246979,v4l2_dqbuf,0,VIDEO_OUTPUT_MPLANE
13630.260433,v4l2_qbuf,0,VIDEO_OUTPUT_MPLANE
13630.260471,v4l2_qbuf,2,VIDEO_CAPTURE_MPLANE
13630.263620,v4l2_dqbuf,2,VIDEO_CAPTURE_MPLANE
13630.263799,v4l2_dqbuf,0,VIDEO_OUTPUT_MPLANE
13630.276891,v4l2_qbuf,0,VIDEO_OUTPUT_MPLANE
13630.276928,v4l2_qbuf,3,VIDEO_CAPTURE_MPLANE
13630.278911,v4l2_dqbuf,3,VIDEO_CAPTURE_MPLANE
13630.278935,v4l2_dqbuf,0,VIDEO_OUTPUT_MPLANE
13630.293647,v4l2_qbuf,0,VIDEO_OUTPUT_MPLANE
13630.293678,v4l2_qbuf,0,VIDEO_CAPTURE_MPLANE
13630.295775,v4l2_dqbuf,0,VIDEO_CAPTURE_MPLANE
13630.295787,v4l2_dqbuf,0,VIDEO_OUTPUT_MPLANE
13630.310091,v4l2_qbuf,0,VIDEO_OUTPUT_MPLANE
13630.310112,v4l2_qbuf,4,VIDEO_CAPTURE_MPLANE
13630.314328,v4l2_dqbuf,4,VIDEO_CAPTURE_MPLANE
13630.314444,v4l2_dqbuf,0,VIDEO_OUTPUT_MPLANE
13630.326982,v4l2_qbuf,0,VIDEO_OUTPUT_MPLANE
13630.327021,v4l2_qbuf,5,VIDEO_CAPTURE_MPLANE
13630.330398,v4l2_dqbuf,5,VIDEO_CAPTURE_MPLANE
13630.330503,v4l2_dqbuf,0,VIDEO_OUTPUT_MPLANE
13630.344966,v4l2_qbuf,0,VIDEO_OUTPUT_MPLANE
13630.345053,v4l2_qbuf,2,VIDEO_CAPTURE_MPLANE
13630.348165,v4l2_dqbuf,2,VIDEO_CAPTURE_MPLANE
13630.348258,v4l2_dqbuf,0,VIDEO_OUTPUT_MPLANE
13630.360187,v4l2_qbuf,0,VIDEO_OUTPUT_MPLANE
13630.360208,v4l2_qbuf,1,VIDEO_CAPTURE_MPLANE
13630.362250,v4l2_dqbuf,1,VIDEO_CAPTURE_MPLANE
13630.362264,v4l2_dqbuf,0,VIDEO_OUTPUT_MPLANE
13630.376782,v4l2_qbuf,0,VIDEO_OUTPUT_MPLANE
13630.376805,v4l2_qbuf,3,VIDEO_CAPTURE_MPLANE
13630.379981,v4l2_dqbuf,3,VIDEO_CAPTURE_MPLANE
13630.380148,v4l2_dqbuf,0,VIDEO_OUTPUT_MPLANE
13630.393625,v4l2_qbuf,0,VIDEO_OUTPUT_MPLANE
13630.393644,v4l2_qbuf,4,VIDEO_CAPTURE_MPLANE
13630.396707,v4l2_dqbuf,4,VIDEO_CAPTURE_MPLANE
13630.396848,v4l2_dqbuf,0,VIDEO_OUTPUT_MPLANE
13630.410307,v4l2_qbuf,0,VIDEO_OUTPUT_MPLANE
13630.410329,v4l2_qbuf,5,VIDEO_CAPTURE_MPLANE
13630.414406,v4l2_dqbuf,5,VIDEO_CAPTURE_MPLANE
13630.414530,v4l2_dqbuf,0,VIDEO_OUTPUT_MPLANE
13630.426954,v4l2_qbuf,0,VIDEO_OUTPUT_MPLANE
13630.427043,v4l2_qbuf,2,VIDEO_CAPTURE_MPLANE
13630.429267,v4l2_dqbuf,2,VIDEO_CAPTURE_MPLANE
13630.429283,v4l2_dqbuf,0,VIDEO_OUTPUT_MPLANE
13630.446100,v4l2_qbuf,0,VIDEO_OUTPUT_MPLANE
13630.446120,v4l2_qbuf,0,VIDEO_CAPTURE_MPLANE
13630.449166,v4l2_dqbuf,0,VIDEO_CAPTURE_MPLANE
13630.449245,v4l2_dqbuf,0,VIDEO_OUTPUT_MPLANE
13630.459935,v4l2_qbuf,0,VIDEO_OUTPUT_MPLANE
13630.459952,v4l2_qbuf,3,VIDEO_CAPTURE_MPLANE
13630.463047,v4l2_dqbuf,3,VIDEO_CAPTURE_MPLANE
13630.463138,v4l2_dqbuf,0,VIDEO_OUTPUT_MPLANE
13630.476738,v4l2_qbuf,0,VIDEO_OUTPUT_MPLANE
13630.476766,v4l2_qbuf,4,VIDEO_CAPTURE_MPLANE
13630.479761,v4l2_dqbuf,4,VIDEO_CAPTURE_MPLANE
13630.479878,v4l2_dqbuf,0,VIDEO_OUTPUT_MPLANE
13630.493416,v4l2_qbuf,0,VIDEO_OUTPUT_MPLANE
13630.493460,v4l2_qbuf,5,VIDEO_CAPTURE_MPLANE
13630.495695,v4l2_dqbuf,5,VIDEO_CAPTURE_MPLANE
13630.495714,v4l2_dqbuf,0,VIDEO_OUTPUT_MPLANE
13630.510047,v4l2_qbuf,0,VIDEO_OUTPUT_MPLANE
13630.510062,v4l2_qbuf,1,VIDEO_CAPTURE_MPLANE
13630.513189,v4l2_dqbuf,1,VIDEO_CAPTURE_MPLANE
13630.513256,v4l2_dqbuf,0,VIDEO_OUTPUT_MPLANE
13630.527039,v4l2_qbuf,0,VIDEO_OUTPUT_MPLANE
13630.527071,v4l2_qbuf,0,VIDEO_CAPTURE_MPLANE
13630.530459,v4l2_dqbuf,0,VIDEO_CAPTURE_MPLANE
13630.530570,v4l2_dqbuf,0,VIDEO_OUTPUT_MPLANE
13630.543464,v4l2_qbuf,0,VIDEO_OUTPUT_MPLANE
13630.543479,v4l2_qbuf,3,VIDEO_CAPTURE_MPLANE
13630.546597,v4l2_dqbuf,3,VIDEO_CAPTURE_MPLANE
13630.546685,v4l2_dqbuf,0,VIDEO_OUTPUT_MPLANE
13630.562727,v4l2_qbuf,0,VIDEO_OUTPUT_MPLANE
13630.562746,v4l2_qbuf,4,VIDEO_CAPTURE_MPLANE
13630.564897,v4l2_dqbuf,4,VIDEO_CAPTURE_MPLANE
13630.564931,v4l2_dqbuf,0,VIDEO_OUTPUT_MPLANE
13630.576847,v4l2_qbuf,0,VIDEO_OUTPUT_MPLANE
13630.576860,v4l2_qbuf,2,VIDEO_CAPTURE_MPLANE
13630.579854,v4l2_dqbuf,2,VIDEO_CAPTURE_MPLANE
13630.579934,v4l2_dqbuf,0,VIDEO_OUTPUT_MPLANE
13630.593389,v4l2_qbuf,0,VIDEO_OUTPUT_MPLANE
13630.593422,v4l2_qbuf,1,VIDEO_CAPTURE_MPLANE
13630.596731,v4l2_dqbuf,1,VIDEO_CAPTURE_MPLANE
13630.596921,v4l2_dqbuf,0,VIDEO_OUTPUT_MPLANE
13630.609972,v4l2_qbuf,0,VIDEO_OUTPUT_MPLANE
13630.609988,v4l2_qbuf,0,VIDEO_CAPTURE_MPLANE
13630.613140,v4l2_dqbuf,0,VIDEO_CAPTURE_MPLANE
13630.613272,v4l2_dqbuf,0,VIDEO_OUTPUT_MPLANE
13630.626996,v4l2_qbuf,0,VIDEO_OUTPUT_MPLANE
13630.627071,v4l2_qbuf,3,VIDEO_CAPTURE_MPLANE
13630.630024,v4l2_dqbuf,3,VIDEO_CAPTURE_MPLANE
13630.630054,v4l2_dqbuf,0,VIDEO_OUTPUT_MPLANE
13630.644029,v4l2_qbuf,0,VIDEO_OUTPUT_MPLANE
13630.644118,v4l2_qbuf,5,VIDEO_CAPTURE_MPLANE
13630.647467,v4l2_dqbuf,5,VIDEO_CAPTURE_MPLANE
13630.647650,v4l2_dqbuf,0,VIDEO_OUTPUT_MPLANE
13630.661654,v4l2_qbuf,0,VIDEO_OUTPUT_MPLANE
13630.661680,v4l2_qbuf,2,VIDEO_CAPTURE_MPLANE
13630.664990,v4l2_dqbuf,2,VIDEO_CAPTURE_MPLANE
13630.665214,v4l2_dqbuf,0,VIDEO_OUTPUT_MPLANE
13630.676675,v4l2_qbuf,0,VIDEO_OUTPUT_MPLANE
13630.676716,v4l2_qbuf,1,VIDEO_CAPTURE_MPLANE
13630.679885,v4l2_dqbuf,1,VIDEO_CAPTURE_MPLANE
13630.680032,v4l2_dqbuf,0,VIDEO_OUTPUT_MPLANE
13630.693568,v4l2_qbuf,0,VIDEO_OUTPUT_MPLANE
13630.693589,v4l2_qbuf,0,VIDEO_CAPTURE_MPLANE
13630.695913,v4l2_dqbuf,0,VIDEO_CAPTURE_MPLANE
13630.695930,v4l2_dqbuf,0,VIDEO_OUTPUT_MPLANE
13630.710602,v4l2_qbuf,0,VIDEO_OUTPUT_MPLANE
13630.710646,v4l2_qbuf,4,VIDEO_CAPTURE_MPLANE
13630.714062,v4l2_dqbuf,4,VIDEO_CAPTURE_MPLANE
13630.714245,v4l2_dqbuf,0,VIDEO_OUTPUT_MPLANE
13630.727439,v4l2_qbuf,0,VIDEO_OUTPUT_MPLANE
13630.727529,v4l2_qbuf,5,VIDEO_CAPTURE_MPLANE
13630.730849,v4l2_dqbuf,5,VIDEO_CAPTURE_MPLANE
13630.731034,v4l2_dqbuf,0,VIDEO_OUTPUT_MPLANE
13630.744204,v4l2_qbuf,0,VIDEO_OUTPUT_MPLANE
13630.744249,v4l2_qbuf,2,VIDEO_CAPTURE_MPLANE
13630.749895,v4l2_dqbuf,2,VIDEO_CAPTURE_MPLANE
13630.750021,v4l2_dqbuf,0,VIDEO_OUTPUT_MPLANE
13630.760452,v4l2_qbuf,0,VIDEO_OUTPUT_MPLANE
13630.760497,v4l2_qbuf,1,VIDEO_CAPTURE_MPLANE
13630.762965,v4l2_dqbuf,1,VIDEO_CAPTURE_MPLANE
13630.762982,v4l2_dqbuf,0,VIDEO_OUTPUT_MPLANE
13630.777172,v4l2_qbuf,0,VIDEO_OUTPUT_MPLANE
13630.777192,v4l2_qbuf,3,VIDEO_CAPTURE_MPLANE
13630.780542,v4l2_dqbuf,3,VIDEO_CAPTURE_MPLANE
13630.780659,v4l2_dqbuf,0,VIDEO_OUTPUT_MPLANE
13630.796379,v4l2_qbuf,0,VIDEO_OUTPUT_MPLANE
13630.796401,v4l2_qbuf,4,VIDEO_CAPTURE_MPLANE
13630.799525,v4l2_dqbuf,4,VIDEO_CAPTURE_MPLANE
13630.799628,v4l2_dqbuf,0,VIDEO_OUTPUT_MPLANE
13630.810228,v4l2_qbuf,0,VIDEO_OUTPUT_MPLANE
13630.810254,v4l2_qbuf,5,VIDEO_CAPTURE_MPLANE
13630.813506,v4l2_dqbuf,5,VIDEO_CAPTURE_MPLANE
13630.813634,v4l2_dqbuf,0,VIDEO_OUTPUT_MPLANE
13630.827154,v4l2_qbuf,0,VIDEO_OUTPUT_MPLANE
13630.827198,v4l2_qbuf,2,VIDEO_CAPTURE_MPLANE
13630.829563,v4l2_dqbuf,2,VIDEO_CAPTURE_MPLANE
13630.829585,v4l2_dqbuf,0,VIDEO_OUTPUT_MPLANE
13630.843752,v4l2_qbuf,0,VIDEO_OUTPUT_MPLANE
13630.843773,v4l2_qbuf,0,VIDEO_CAPTURE_MPLANE
13630.847165,v4l2_dqbuf,0,VIDEO_CAPTURE_MPLANE
13630.847301,v4l2_dqbuf,0,VIDEO_OUTPUT_MPLANE
13630.860461,v4l2_qbuf,0,VIDEO_OUTPUT_MPLANE
13630.860492,v4l2_qbuf,3,VIDEO_CAPTURE_MPLANE
13630.865511,v4l2_dqbuf,3,VIDEO_CAPTURE_MPLANE
13630.865639,v4l2_dqbuf,0,VIDEO_OUTPUT_MPLANE
13630.876622,v4l2_qbuf,0,VIDEO_OUTPUT_MPLANE
13630.876637,v4l2_qbuf,4,VIDEO_CAPTURE_MPLANE
13630.880041,v4l2_dqbuf,4,VIDEO_CAPTURE_MPLANE
13630.880141,v4l2_dqbuf,0,VIDEO_OUTPUT_MPLANE
13630.893185,v4l2_qbuf,0,VIDEO_OUTPUT_MPLANE
13630.893218,v4l2_qbuf,5,VIDEO_CAPTURE_MPLANE
13630.895527,v4l2_dqbuf,5,VIDEO_CAPTURE_MPLANE
13630.895546,v4l2_dqbuf,0,VIDEO_OUTPUT_MPLANE
13630.912621,v4l2_qbuf,0,VIDEO_OUTPUT_MPLANE
13630.912637,v4l2_qbuf,1,VIDEO_CAPTURE_MPLANE
13630.915842,v4l2_dqbuf,1,VIDEO_CAPTURE_MPLANE
13630.915938,v4l2_dqbuf,0,VIDEO_OUTPUT_MPLANE
13630.926516,v4l2_qbuf,0,VIDEO_OUTPUT_MPLANE
13630.926537,v4l2_qbuf,0,VIDEO_CAPTURE_MPLANE
13630.929583,v4l2_dqbuf,0,VIDEO_CAPTURE_MPLANE
13630.929663,v4l2_dqbuf,0,VIDEO_OUTPUT_MPLANE
13630.943197,v4l2_qbuf,0,VIDEO_OUTPUT_MPLANE
13630.943219,v4l2_qbuf,3,VIDEO_CAPTURE_MPLANE
13630.946367,v4l2_dqbuf,3,VIDEO_CAPTURE_MPLANE
13630.946455,v4l2_dqbuf,0,VIDEO_OUTPUT_MPLANE
13630.959932,v4l2_qbuf,0,VIDEO_OUTPUT_MPLANE
13630.959994,v4l2_qbuf,4,VIDEO_CAPTURE_MPLANE
13630.962215,v4l2_dqbuf,4,VIDEO_CAPTURE_MPLANE
13630.962227,v4l2_dqbuf,0,VIDEO_OUTPUT_MPLANE
13630.976731,v4l2_qbuf,0,VIDEO_OUTPUT_MPLANE
13630.976761,v4l2_qbuf,2,VIDEO_CAPTURE_MPLANE
13630.980147,v4l2_dqbuf,2,VIDEO_CAPTURE_MPLANE
13630.980277,v4l2_dqbuf,0,VIDEO_OUTPUT_MPLANE
13630.993425,v4l2_qbuf,0,VIDEO_OUTPUT_MPLANE
13630.993457,v4l2_qbuf,1,VIDEO_CAPTURE_MPLANE
13630.996715,v4l2_dqbuf,1,VIDEO_CAPTURE_MPLANE
13630.996812,v4l2_dqbuf,0,VIDEO_OUTPUT_MPLANE
13631.010358,v4l2_qbuf,0,VIDEO_OUTPUT_MPLANE
13631.010382,v4l2_qbuf,0,VIDEO_CAPTURE_MPLANE
13631.013505,v4l2_dqbuf,0,VIDEO_CAPTURE_MPLANE
13631.013595,v4l2_dqbuf,0,VIDEO_OUTPUT_MPLANE
13631.026654,v4l2_qbuf,0,VIDEO_OUTPUT_MPLANE
13631.026687,v4l2_qbuf,3,VIDEO_CAPTURE_MPLANE
13631.028750,v4l2_dqbuf,3,VIDEO_CAPTURE_MPLANE
13631.028772,v4l2_dqbuf,0,VIDEO_OUTPUT_MPLANE
13631.043660,v4l2_qbuf,0,VIDEO_OUTPUT_MPLANE
13631.043680,v4l2_qbuf,5,VIDEO_CAPTURE_MPLANE
13631.047035,v4l2_dqbuf,5,VIDEO_CAPTURE_MPLANE
13631.047119,v4l2_dqbuf,0,VIDEO_OUTPUT_MPLANE
13631.060031,v4l2_qbuf,0,VIDEO_OUTPUT_MPLANE
13631.060052,v4l2_qbuf,2,VIDEO_CAPTURE_MPLANE
13631.063340,v4l2_dqbuf,2,VIDEO_CAPTURE_MPLANE
13631.063440,v4l2_dqbuf,0,VIDEO_OUTPUT_MPLANE
13631.076705,v4l2_qbuf,0,VIDEO_OUTPUT_MPLANE
13631.076724,v4l2_qbuf,1,VIDEO_CAPTURE_MPLANE
13631.079716,v4l2_dqbuf,1,VIDEO_CAPTURE_MPLANE
13631.079793,v4l2_dqbuf,0,VIDEO_OUTPUT_MPLANE
13631.093825,v4l2_qbuf,0,VIDEO_OUTPUT_MPLANE
13631.093846,v4l2_qbuf,0,VIDEO_CAPTURE_MPLANE
13631.096134,v4l2_dqbuf,0,VIDEO_CAPTURE_MPLANE
13631.096172,v4l2_dqbuf,0,VIDEO_OUTPUT_MPLANE
13631.110263,v4l2_qbuf,0,VIDEO_OUTPUT_MPLANE
13631.110280,v4l2_qbuf,4,VIDEO_CAPTURE_MPLANE
13631.113742,v4l2_dqbuf,4,VIDEO_CAPTURE_MPLANE
13631.113961,v4l2_dqbuf,0,VIDEO_OUTPUT_MPLANE
13631.126644,v4l2_qbuf,0,VIDEO_OUTPUT_MPLANE
13631.126676,v4l2_qbuf,5,VIDEO_CAPTURE_MPLANE
13631.129945,v4l2_dqbuf,5,VIDEO_CAPTURE_MPLANE
13631.130123,v4l2_dqbuf,0,VIDEO_OUTPUT_MPLANE
13631.143506,v4l2_qbuf,0,VIDEO_OUTPUT_MPLANE
13631.143537,v4l2_qbuf,2,VIDEO_CAPTURE_MPLANE
13631.146968,v4l2_dqbuf,2,VIDEO_CAPTURE_MPLANE
13631.147252,v4l2_dqbuf,0,VIDEO_OUTPUT_MPLANE
13631.160236,v4l2_qbuf,0,VIDEO_OUTPUT_MPLANE
13631.160269,v4l2_qbuf,1,VIDEO_CAPTURE_MPLANE
13631.162589,v4l2_dqbuf,1,VIDEO_CAPTURE_MPLANE
13631.162618,v4l2_dqbuf,0,VIDEO_OUTPUT_MPLANE
13631.177435,v4l2_qbuf,0,VIDEO_OUTPUT_MPLANE
13631.177474,v4l2_qbuf,3,VIDEO_CAPTURE_MPLANE
13631.180770,v4l2_dqbuf,3,VIDEO_CAPTURE_MPLANE
13631.180928,v4l2_dqbuf,0,VIDEO_OUTPUT_MPLANE
13631.193946,v4l2_qbuf,0,VIDEO_OUTPUT_MPLANE
13631.193990,v4l2_qbuf,4,VIDEO_CAPTURE_MPLANE
13631.197305,v4l2_dqbuf,4,VIDEO_CAPTURE_MPLANE
13631.197467,v4l2_dqbuf,0,VIDEO_OUTPUT_MPLANE
13631.210241,v4l2_qbuf,0,VIDEO_OUTPUT_MPLANE
13631.210270,v4l2_qbuf,5,VIDEO_CAPTURE_MPLANE
13631.213265,v4l2_dqbuf,5,VIDEO_CAPTURE_MPLANE
13631.213403,v4l2_dqbuf,0,VIDEO_OUTPUT_MPLANE
13631.226713,v4l2_qbuf,0,VIDEO_OUTPUT_MPLANE
13631.226745,v4l2_qbuf,2,VIDEO_CAPTURE_MPLANE
13631.230077,v4l2_dqbuf,2,VIDEO_CAPTURE_MPLANE
13631.230095,v4l2_dqbuf,0,VIDEO_OUTPUT_MPLANE
13631.245564,v4l2_qbuf,0,VIDEO_OUTPUT_MPLANE
13631.245586,v4l2_qbuf,0,VIDEO_CAPTURE_MPLANE
13631.248831,v4l2_dqbuf,0,VIDEO_CAPTURE_MPLANE
13631.248953,v4l2_dqbuf,0,VIDEO_OUTPUT_MPLANE
13631.259932,v4l2_qbuf,0,VIDEO_OUTPUT_MPLANE
13631.259953,v4l2_qbuf,3,VIDEO_CAPTURE_MPLANE
13631.263078,v4l2_dqbuf,3,VIDEO_CAPTURE_MPLANE
13631.263195,v4l2_dqbuf,0,VIDEO_OUTPUT_MPLANE
13631.276755,v4l2_qbuf,0,VIDEO_OUTPUT_MPLANE
13631.276775,v4l2_qbuf,4,VIDEO_CAPTURE_MPLANE
13631.278606,v4l2_dqbuf,4,VIDEO_CAPTURE_MPLANE
13631.278619,v4l2_dqbuf,0,VIDEO_OUTPUT_MPLANE
13631.293704,v4l2_qbuf,0,VIDEO_OUTPUT_MPLANE
13631.293737,v4l2_qbuf,5,VIDEO_CAPTURE_MPLANE
13631.295986,v4l2_dqbuf,5,VIDEO_CAPTURE_MPLANE
13631.296014,v4l2_dqbuf,0,VIDEO_OUTPUT_MPLANE
13631.310011,v4l2_qbuf,0,VIDEO_OUTPUT_MPLANE
13631.310033,v4l2_qbuf,1,VIDEO_CAPTURE_MPLANE
13631.316128,v4l2_dqbuf,1,VIDEO_CAPTURE_MPLANE
13631.316246,v4l2_dqbuf,0,VIDEO_OUTPUT_MPLANE
13631.326818,v4l2_qbuf,0,VIDEO_OUTPUT_MPLANE
13631.326840,v4l2_qbuf,0,VIDEO_CAPTURE_MPLANE
13631.330161,v4l2_dqbuf,0,VIDEO_CAPTURE_MPLANE
13631.330259,v4l2_dqbuf,0,VIDEO_OUTPUT_MPLANE
13631.346022,v4l2_qbuf,0,VIDEO_OUTPUT_MPLANE
13631.346043,v4l2_qbuf,3,VIDEO_CAPTURE_MPLANE
13631.349155,v4l2_dqbuf,3,VIDEO_CAPTURE_MPLANE
13631.349246,v4l2_dqbuf,0,VIDEO_OUTPUT_MPLANE
13631.360142,v4l2_qbuf,0,VIDEO_OUTPUT_MPLANE
13631.360160,v4l2_qbuf,2,VIDEO_CAPTURE_MPLANE
13631.362318,v4l2_dqbuf,2,VIDEO_CAPTURE_MPLANE
13631.362332,v4l2_dqbuf,0,VIDEO_OUTPUT_MPLANE
13631.376670,v4l2_qbuf,0,VIDEO_OUTPUT_MPLANE
13631.376690,v4l2_qbuf,4,VIDEO_CAPTURE_MPLANE
13631.379875,v4l2_dqbuf,4,VIDEO_CAPTURE_MPLANE
13631.379962,v4l2_dqbuf,0,VIDEO_OUTPUT_MPLANE
13631.393534,v4l2_qbuf,0,VIDEO_OUTPUT_MPLANE
13631.393554,v4l2_qbuf,1,VIDEO_CAPTURE_MPLANE
13631.398477,v4l2_dqbuf,1,VIDEO_CAPTURE_MPLANE
13631.398599,v4l2_dqbuf,0,VIDEO_OUTPUT_MPLANE
13631.410065,v4l2_qbuf,0,VIDEO_OUTPUT_MPLANE
13631.410093,v4l2_qbuf,0,VIDEO_CAPTURE_MPLANE
13631.413343,v4l2_dqbuf,0,VIDEO_CAPTURE_MPLANE
13631.413453,v4l2_dqbuf,0,VIDEO_OUTPUT_MPLANE
13631.429774,v4l2_qbuf,0,VIDEO_OUTPUT_MPLANE
13631.429797,v4l2_qbuf,3,VIDEO_CAPTURE_MPLANE
13631.432021,v4l2_dqbuf,3,VIDEO_CAPTURE_MPLANE
13631.432039,v4l2_dqbuf,0,VIDEO_OUTPUT_MPLANE
13631.443470,v4l2_qbuf,0,VIDEO_OUTPUT_MPLANE
13631.443492,v4l2_qbuf,5,VIDEO_CAPTURE_MPLANE
13631.446685,v4l2_dqbuf,5,VIDEO_CAPTURE_MPLANE
13631.446842,v4l2_dqbuf,0,VIDEO_OUTPUT_MPLANE
13631.462087,v4l2_qbuf,0,VIDEO_OUTPUT_MPLANE
13631.462119,v4l2_qbuf,4,VIDEO_CAPTURE_MPLANE
13631.465619,v4l2_dqbuf,4,VIDEO_CAPTURE_MPLANE
13631.465813,v4l2_dqbuf,0,VIDEO_OUTPUT_MPLANE
13631.478732,v4l2_qbuf,0,VIDEO_OUTPUT_MPLANE
13631.478775,v4l2_qbuf,1,VIDEO_CAPTURE_MPLANE
13631.481918,v4l2_dqbuf,1,VIDEO_CAPTURE_MPLANE
13631.482086,v4l2_dqbuf,0,VIDEO_OUTPUT_MPLANE
13631.495188,v4l2_qbuf,0,VIDEO_OUTPUT_MPLANE
13631.495205,v4l2_qbuf,0,VIDEO_CAPTURE_MPLANE
13631.497458,v4l2_dqbuf,0,VIDEO_CAPTURE_MPLANE
13631.497482,v4l2_dqbuf,0,VIDEO_OUTPUT_MPLANE
13631.511701,v4l2_qbuf,0,VIDEO_OUTPUT_MPLANE
13631.511719,v4l2_qbuf,2,VIDEO_CAPTURE_MPLANE
13631.515067,v4l2_dqbuf,2,VIDEO_CAPTURE_MPLANE
13631.515182,v4l2_dqbuf,0,VIDEO_OUTPUT_MPLANE
13631.531365,v4l2_qbuf,0,VIDEO_OUTPUT_MPLANE
13631.531385,v4l2_qbuf,5,VIDEO_CAPTURE_MPLANE
13631.534640,v4l2_dqbuf,5,VIDEO_CAPTURE_MPLANE
13631.534724,v4l2_dqbuf,0,VIDEO_OUTPUT_MPLANE
13631.545083,v4l2_qbuf,0,VIDEO_OUTPUT_MPLANE
13631.545101,v4l2_qbuf,4,VIDEO_CAPTURE_MPLANE
13631.548357,v4l2_dqbuf,4,VIDEO_CAPTURE_MPLANE
13631.548448,v4l2_dqbuf,0,VIDEO_OUTPUT_MPLANE
13631.564581,v4l2_qbuf,0,VIDEO_OUTPUT_MPLANE
13631.564602,v4l2_qbuf,1,VIDEO_CAPTURE_MPLANE
13631.566849,v4l2_dqbuf,1,VIDEO_CAPTURE_MPLANE
13631.566865,v4l2_dqbuf,0,VIDEO_OUTPUT_MPLANE
13631.581190,v4l2_qbuf,0,VIDEO_OUTPUT_MPLANE
13631.581232,v4l2_qbuf,3,VIDEO_CAPTURE_MPLANE
13631.584439,v4l2_dqbuf,3,VIDEO_CAPTURE_MPLANE
13631.584550,v4l2_dqbuf,0,VIDEO_OUTPUT_MPLANE
13631.598255,v4l2_qbuf,0,VIDEO_OUTPUT_MPLANE
13631.598283,v4l2_qbuf,2,VIDEO_CAPTURE_MPLANE
13631.601447,v4l2_dqbuf,2,VIDEO_CAPTURE_MPLANE
13631.601664,v4l2_dqbuf,0,VIDEO_OUTPUT_MPLANE
13631.615704,v4l2_qbuf,0,VIDEO_OUTPUT_MPLANE
13631.615734,v4l2_qbuf,5,VIDEO_CAPTURE_MPLANE
13631.618890,v4l2_dqbuf,5,VIDEO_CAPTURE_MPLANE
13631.618969,v4l2_dqbuf,0,VIDEO_OUTPUT_MPLANE
13631.634302,v4l2_qbuf,0,VIDEO_OUTPUT_MPLANE
13631.634323,v4l2_qbuf,4,VIDEO_CAPTURE_MPLANE
13631.636626,v4l2_dqbuf,4,VIDEO_CAPTURE_MPLANE
13631.636661,v4l2_dqbuf,0,VIDEO_OUTPUT_MPLANE
13631.651109,v4l2_qbuf,0,VIDEO_OUTPUT_MPLANE
13631.651128,v4l2_qbuf,0,VIDEO_CAPTURE_MPLANE
13631.654256,v4l2_dqbuf,0,VIDEO_CAPTURE_MPLANE
13631.654412,v4l2_dqbuf,0,VIDEO_OUTPUT_MPLANE
13631.669706,v4l2_qbuf,0,VIDEO_OUTPUT_MPLANE
13631.669735,v4l2_qbuf,3,VIDEO_CAPTURE_MPLANE
13631.672852,v4l2_dqbuf,3,VIDEO_CAPTURE_MPLANE
13631.672941,v4l2_dqbuf,0,VIDEO_OUTPUT_MPLANE
13631.685840,v4l2_qbuf,0,VIDEO_OUTPUT_MPLANE
13631.685861,v4l2_qbuf,2,VIDEO_CAPTURE_MPLANE
13631.689080,v4l2_dqbuf,2,VIDEO_CAPTURE_MPLANE
13631.689183,v4l2_dqbuf,0,VIDEO_OUTPUT_MPLANE
13631.716092,v4l2_qbuf,0,VIDEO_OUTPUT_MPLANE
13631.716123,v4l2_qbuf,5,VIDEO_CAPTURE_MPLANE
13631.718376,v4l2_dqbuf,5,VIDEO_CAPTURE_MPLANE
13631.718389,v4l2_dqbuf,0,VIDEO_OUTPUT_MPLANE
13631.720520,v4l2_qbuf,0,VIDEO_OUTPUT_MPLANE
13631.720540,v4l2_qbuf,1,VIDEO_CAPTURE_MPLANE
13631.723735,v4l2_dqbuf,1,VIDEO_CAPTURE_MPLANE
13631.723816,v4l2_dqbuf,0,VIDEO_OUTPUT_MPLANE
13631.736898,v4l2_qbuf,0,VIDEO_OUTPUT_MPLANE
13631.736919,v4l2_qbuf,0,VIDEO_CAPTURE_MPLANE
13631.740107,v4l2_dqbuf,0,VIDEO_CAPTURE_MPLANE
13631.740203,v4l2_dqbuf,0,VIDEO_OUTPUT_MPLANE
13631.753864,v4l2_qbuf,0,VIDEO_OUTPUT_MPLANE
13631.753892,v4l2_qbuf,3,VIDEO_CAPTURE_MPLANE
13631.757147,v4l2_dqbuf,3,VIDEO_CAPTURE_MPLANE
13631.757279,v4l2_dqbuf,0,VIDEO_OUTPUT_MPLANE
13631.770374,v4l2_qbuf,0,VIDEO_OUTPUT_MPLANE
13631.770392,v4l2_qbuf,2,VIDEO_CAPTURE_MPLANE
13631.772458,v4l2_dqbuf,2,VIDEO_CAPTURE_MPLANE
13631.772472,v4l2_dqbuf,0,VIDEO_OUTPUT_MPLANE
13631.787033,v4l2_qbuf,0,VIDEO_OUTPUT_MPLANE
13631.787052,v4l2_qbuf,4,VIDEO_CAPTURE_MPLANE
13631.790172,v4l2_dqbuf,4,VIDEO_CAPTURE_MPLANE
13631.790257,v4l2_dqbuf,0,VIDEO_OUTPUT_MPLANE
13631.803814,v4l2_qbuf,0,VIDEO_OUTPUT_MPLANE
13631.803835,v4l2_qbuf,1,VIDEO_CAPTURE_MPLANE
13631.810278,v4l2_dqbuf,1,VIDEO_CAPTURE_MPLANE
13631.810399,v4l2_dqbuf,0,VIDEO_OUTPUT_MPLANE
13631.820779,v4l2_qbuf,0,VIDEO_OUTPUT_MPLANE
13631.820822,v4l2_qbuf,0,VIDEO_CAPTURE_MPLANE
13631.823593,v4l2_dqbuf,0,VIDEO_CAPTURE_MPLANE
13631.823623,v4l2_dqbuf,0,VIDEO_OUTPUT_MPLANE
13631.837227,v4l2_qbuf,0,VIDEO_OUTPUT_MPLANE
13631.837267,v4l2_qbuf,3,VIDEO_CAPTURE_MPLANE
13631.840381,v4l2_dqbuf,3,VIDEO_CAPTURE_MPLANE
13631.840468,v4l2_dqbuf,0,VIDEO_OUTPUT_MPLANE
13631.856217,v4l2_qbuf,0,VIDEO_OUTPUT_MPLANE
13631.856239,v4l2_qbuf,5,VIDEO_CAPTURE_MPLANE
13631.859489,v4l2_dqbuf,5,VIDEO_CAPTURE_MPLANE
13631.859591,v4l2_dqbuf,0,VIDEO_OUTPUT_MPLANE
13631.870577,v4l2_qbuf,0,VIDEO_OUTPUT_MPLANE
13631.870597,v4l2_qbuf,4,VIDEO_CAPTURE_MPLANE
13631.873763,v4l2_dqbuf,4,VIDEO_CAPTURE_MPLANE
13631.873869,v4l2_dqbuf,0,VIDEO_OUTPUT_MPLANE
13631.889334,v4l2_qbuf,0,VIDEO_OUTPUT_MPLANE
13631.889356,v4l2_qbuf,1,VIDEO_CAPTURE_MPLANE
13631.889614,v4l2_qbuf,1,VIDEO_OUTPUT_MPLANE
13631.889624,v4l2_qbuf,3,VIDEO_CAPTURE_MPLANE
13631.889723,v4l2_qbuf,2,VIDEO_OUTPUT_MPLANE
13631.889732,v4l2_qbuf,5,VIDEO_CAPTURE_MPLANE
13631.891560,v4l2_dqbuf,1,VIDEO_CAPTURE_MPLANE
13631.891586,v4l2_dqbuf,0,VIDEO_OUTPUT_MPLANE
13631.894764,v4l2_dqbuf,3,VIDEO_CAPTURE_MPLANE
13631.894870,v4l2_dqbuf,1,VIDEO_OUTPUT_MPLANE
13631.897795,v4l2_dqbuf,5,VIDEO_CAPTURE_MPLANE
13631.897904,v4l2_dqbuf,2,VIDEO_OUTPUT_MPLANE
13631.905943,v4l2_qbuf,0,VIDEO_OUTPUT_MPLANE
13631.905961,v4l2_qbuf,2,VIDEO_CAPTURE_MPLANE
13631.908986,v4l2_dqbuf,2,VIDEO_CAPTURE_MPLANE
13631.909066,v4l2_dqbuf,0,VIDEO_OUTPUT_MPLANE
13631.922771,v4l2_qbuf,0,VIDEO_OUTPUT_MPLANE
13631.922793,v4l2_qbuf,4,VIDEO_CAPTURE_MPLANE
13631.925062,v4l2_dqbuf,4,VIDEO_CAPTURE_MPLANE
13631.925076,v4l2_dqbuf,0,VIDEO_OUTPUT_MPLANE
13631.939597,v4l2_qbuf,0,VIDEO_OUTPUT_MPLANE
13631.939619,v4l2_qbuf,0,VIDEO_CAPTURE_MPLANE
13631.942794,v4l2_dqbuf,0,VIDEO_CAPTURE_MPLANE
13631.942883,v4l2_dqbuf,0,VIDEO_OUTPUT_MPLANE
13631.956192,v4l2_qbuf,0,VIDEO_OUTPUT_MPLANE
13631.956213,v4l2_qbuf,3,VIDEO_CAPTURE_MPLANE
13631.959288,v4l2_dqbuf,3,VIDEO_CAPTURE_MPLANE
13631.959372,v4l2_dqbuf,0,VIDEO_OUTPUT_MPLANE
13631.973076,v4l2_qbuf,0,VIDEO_OUTPUT_MPLANE
13631.973101,v4l2_qbuf,5,VIDEO_CAPTURE_MPLANE
13631.976397,v4l2_dqbuf,5,VIDEO_CAPTURE_MPLANE
13631.976508,v4l2_dqbuf,0,VIDEO_OUTPUT_MPLANE
13631.989095,v4l2_qbuf,0,VIDEO_OUTPUT_MPLANE
13631.989115,v4l2_qbuf,2,VIDEO_CAPTURE_MPLANE
13631.991361,v4l2_dqbuf,2,VIDEO_CAPTURE_MPLANE
13631.991377,v4l2_dqbuf,0,VIDEO_OUTPUT_MPLANE
13632.005923,v4l2_qbuf,0,VIDEO_OUTPUT_MPLANE
13632.005943,v4l2_qbuf,1,VIDEO_CAPTURE_MPLANE
13632.009080,v4l2_dqbuf,1,VIDEO_CAPTURE_MPLANE
13632.009155,v4l2_dqbuf,0,VIDEO_OUTPUT_MPLANE
13632.022698,v4l2_qbuf,0,VIDEO_OUTPUT_MPLANE
13632.022718,v4l2_qbuf,0,VIDEO_CAPTURE_MPLANE
13632.025907,v4l2_dqbuf,0,VIDEO_CAPTURE_MPLANE
13632.025995,v4l2_dqbuf,0,VIDEO_OUTPUT_MPLANE
13632.039133,v4l2_qbuf,0,VIDEO_OUTPUT_MPLANE
13632.039167,v4l2_qbuf,3,VIDEO_CAPTURE_MPLANE
13632.042758,v4l2_dqbuf,3,VIDEO_CAPTURE_MPLANE
13632.042913,v4l2_dqbuf,0,VIDEO_OUTPUT_MPLANE
13632.055880,v4l2_qbuf,0,VIDEO_OUTPUT_MPLANE
13632.055908,v4l2_qbuf,5,VIDEO_CAPTURE_MPLANE
13632.057973,v4l2_dqbuf,5,VIDEO_CAPTURE_MPLANE
13632.057986,v4l2_dqbuf,0,VIDEO_OUTPUT_MPLANE
13632.072678,v4l2_qbuf,0,VIDEO_OUTPUT_MPLANE
13632.072708,v4l2_qbuf,4,VIDEO_CAPTURE_MPLANE
13632.075851,v4l2_dqbuf,4,VIDEO_CAPTURE_MPLANE
13632.075930,v4l2_dqbuf,0,VIDEO_OUTPUT_MPLANE
13632.089404,v4l2_qbuf,0,VIDEO_OUTPUT_MPLANE
13632.089422,v4l2_qbuf,1,VIDEO_CAPTURE_MPLANE
13632.092508,v4l2_dqbuf,1,VIDEO_CAPTURE_MPLANE
13632.092645,v4l2_dqbuf,0,VIDEO_OUTPUT_MPLANE
13632.105758,v4l2_qbuf,0,VIDEO_OUTPUT_MPLANE
13632.105778,v4l2_qbuf,0,VIDEO_CAPTURE_MPLANE
13632.108745,v4l2_dqbuf,0,VIDEO_CAPTURE_MPLANE
13632.108832,v4l2_dqbuf,0,VIDEO_OUTPUT_MPLANE
13632.122595,v4l2_qbuf,0,VIDEO_OUTPUT_MPLANE
13632.122617,v4l2_qbuf,3,VIDEO_CAPTURE_MPLANE
13632.124821,v4l2_dqbuf,3,VIDEO_CAPTURE_MPLANE
13632.124835,v4l2_dqbuf,0,VIDEO_OUTPUT_MPLANE
13632.139291,v4l2_qbuf,0,VIDEO_OUTPUT_MPLANE
13632.139325,v4l2_qbuf,2,VIDEO_CAPTURE_MPLANE
13632.142413,v4l2_dqbuf,2,VIDEO_CAPTURE_MPLANE
13632.142498,v4l2_dqbuf,0,VIDEO_OUTPUT_MPLANE
13632.156205,v4l2_qbuf,0,VIDEO_OUTPUT_MPLANE
13632.156226,v4l2_qbuf,4,VIDEO_CAPTURE_MPLANE
13632.159354,v4l2_dqbuf,4,VIDEO_CAPTURE_MPLANE
13632.159441,v4l2_dqbuf,0,VIDEO_OUTPUT_MPLANE
13632.172549,v4l2_qbuf,0,VIDEO_OUTPUT_MPLANE
13632.172569,v4l2_qbuf,1,VIDEO_CAPTURE_MPLANE
13632.175686,v4l2_dqbuf,1,VIDEO_CAPTURE_MPLANE
13632.175770,v4l2_dqbuf,0,VIDEO_OUTPUT_MPLANE
13632.189279,v4l2_qbuf,0,VIDEO_OUTPUT_MPLANE
13632.189298,v4l2_qbuf,0,VIDEO_CAPTURE_MPLANE
13632.191626,v4l2_dqbuf,0,VIDEO_CAPTURE_MPLANE
13632.191641,v4l2_dqbuf,0,VIDEO_OUTPUT_MPLANE
13632.206271,v4l2_qbuf,0,VIDEO_OUTPUT_MPLANE
13632.206305,v4l2_qbuf,5,VIDEO_CAPTURE_MPLANE
13632.211551,v4l2_dqbuf,5,VIDEO_CAPTURE_MPLANE
13632.211669,v4l2_dqbuf,0,VIDEO_OUTPUT_MPLANE
13632.222667,v4l2_qbuf,0,VIDEO_OUTPUT_MPLANE
13632.222688,v4l2_qbuf,2,VIDEO_CAPTURE_MPLANE
13632.224876,v4l2_dqbuf,2,VIDEO_CAPTURE_MPLANE
13632.224891,v4l2_dqbuf,0,VIDEO_OUTPUT_MPLANE
13632.239104,v4l2_qbuf,0,VIDEO_OUTPUT_MPLANE
13632.239294,v4l2_qbuf,4,VIDEO_CAPTURE_MPLANE
13632.242467,v4l2_dqbuf,4,VIDEO_CAPTURE_MPLANE
13632.242595,v4l2_dqbuf,0,VIDEO_OUTPUT_MPLANE
13632.256408,v4l2_qbuf,0,VIDEO_OUTPUT_MPLANE
13632.256448,v4l2_qbuf,1,VIDEO_CAPTURE_MPLANE
13632.258391,v4l2_dqbuf,1,VIDEO_CAPTURE_MPLANE
13632.258405,v4l2_dqbuf,0,VIDEO_OUTPUT_MPLANE
13632.272809,v4l2_qbuf,0,VIDEO_OUTPUT_MPLANE
13632.272830,v4l2_qbuf,3,VIDEO_CAPTURE_MPLANE
13632.275177,v4l2_dqbuf,3,VIDEO_CAPTURE_MPLANE
13632.275193,v4l2_dqbuf,0,VIDEO_OUTPUT_MPLANE
13632.289513,v4l2_qbuf,0,VIDEO_OUTPUT_MPLANE
13632.289549,v4l2_qbuf,5,VIDEO_CAPTURE_MPLANE
13632.292711,v4l2_dqbuf,5,VIDEO_CAPTURE_MPLANE
13632.292859,v4l2_dqbuf,0,VIDEO_OUTPUT_MPLANE
13632.306361,v4l2_qbuf,0,VIDEO_OUTPUT_MPLANE
13632.306381,v4l2_qbuf,0,VIDEO_CAPTURE_MPLANE
13632.309396,v4l2_dqbuf,0,VIDEO_CAPTURE_MPLANE
13632.309511,v4l2_dqbuf,0,VIDEO_OUTPUT_MPLANE
13632.322797,v4l2_qbuf,0,VIDEO_OUTPUT_MPLANE
13632.322837,v4l2_qbuf,4,VIDEO_CAPTURE_MPLANE
13632.326022,v4l2_dqbuf,4,VIDEO_CAPTURE_MPLANE
13632.326147,v4l2_dqbuf,0,VIDEO_OUTPUT_MPLANE
13632.339555,v4l2_qbuf,0,VIDEO_OUTPUT_MPLANE
13632.339576,v4l2_qbuf,2,VIDEO_CAPTURE_MPLANE
13632.341850,v4l2_dqbuf,2,VIDEO_CAPTURE_MPLANE
13632.341866,v4l2_dqbuf,0,VIDEO_OUTPUT_MPLANE
13632.356292,v4l2_qbuf,0,VIDEO_OUTPUT_MPLANE
13632.356312,v4l2_qbuf,1,VIDEO_CAPTURE_MPLANE
13632.359468,v4l2_dqbuf,1,VIDEO_CAPTURE_MPLANE
13632.359561,v4l2_dqbuf,0,VIDEO_OUTPUT_MPLANE
13632.372782,v4l2_qbuf,0,VIDEO_OUTPUT_MPLANE
13632.372810,v4l2_qbuf,5,VIDEO_CAPTURE_MPLANE
13632.376174,v4l2_dqbuf,5,VIDEO_CAPTURE_MPLANE
13632.376266,v4l2_dqbuf,0,VIDEO_OUTPUT_MPLANE
13632.389405,v4l2_qbuf,0,VIDEO_OUTPUT_MPLANE
13632.389428,v4l2_qbuf,0,VIDEO_CAPTURE_MPLANE
13632.392793,v4l2_dqbuf,0,VIDEO_CAPTURE_MPLANE
13632.392884,v4l2_dqbuf,0,VIDEO_OUTPUT_MPLANE
13632.406244,v4l2_qbuf,0,VIDEO_OUTPUT_MPLANE
13632.406314,v4l2_qbuf,4,VIDEO_CAPTURE_MPLANE
13632.408622,v4l2_dqbuf,4,VIDEO_CAPTURE_MPLANE
13632.408648,v4l2_dqbuf,0,VIDEO_OUTPUT_MPLANE
13632.423169,v4l2_qbuf,0,VIDEO_OUTPUT_MPLANE
13632.423215,v4l2_qbuf,3,VIDEO_CAPTURE_MPLANE
13632.426486,v4l2_dqbuf,3,VIDEO_CAPTURE_MPLANE
13632.426680,v4l2_dqbuf,0,VIDEO_OUTPUT_MPLANE
13632.439299,v4l2_qbuf,0,VIDEO_OUTPUT_MPLANE
13632.439327,v4l2_qbuf,1,VIDEO_CAPTURE_MPLANE
13632.442258,v4l2_dqbuf,1,VIDEO_CAPTURE_MPLANE
13632.442358,v4l2_dqbuf,0,VIDEO_OUTPUT_MPLANE
13632.455953,v4l2_qbuf,0,VIDEO_OUTPUT_MPLANE
13632.455974,v4l2_qbuf,5,VIDEO_CAPTURE_MPLANE
13632.459016,v4l2_dqbuf,5,VIDEO_CAPTURE_MPLANE
13632.459123,v4l2_dqbuf,0,VIDEO_OUTPUT_MPLANE
13632.472746,v4l2_qbuf,0,VIDEO_OUTPUT_MPLANE
13632.472772,v4l2_qbuf,0,VIDEO_CAPTURE_MPLANE
13632.474910,v4l2_dqbuf,0,VIDEO_CAPTURE_MPLANE
13632.474932,v4l2_dqbuf,0,VIDEO_OUTPUT_MPLANE
13632.491954,v4l2_qbuf,0,VIDEO_OUTPUT_MPLANE
13632.491982,v4l2_qbuf,2,VIDEO_CAPTURE_MPLANE
13632.495162,v4l2_dqbuf,2,VIDEO_CAPTURE_MPLANE
13632.495261,v4l2_dqbuf,0,VIDEO_OUTPUT_MPLANE
13632.505974,v4l2_qbuf,0,VIDEO_OUTPUT_MPLANE
13632.505992,v4l2_qbuf,3,VIDEO_CAPTURE_MPLANE
13632.510172,v4l2_dqbuf,3,VIDEO_CAPTURE_MPLANE
13632.510293,v4l2_dqbuf,0,VIDEO_OUTPUT_MPLANE
13632.522618,v4l2_qbuf,0,VIDEO_OUTPUT_MPLANE
13632.522647,v4l2_qbuf,1,VIDEO_CAPTURE_MPLANE
13632.524756,v4l2_dqbuf,1,VIDEO_CAPTURE_MPLANE
13632.524772,v4l2_dqbuf,0,VIDEO_OUTPUT_MPLANE
13632.539497,v4l2_qbuf,0,VIDEO_OUTPUT_MPLANE
13632.539512,v4l2_qbuf,5,VIDEO_CAPTURE_MPLANE
13632.542666,v4l2_dqbuf,5,VIDEO_CAPTURE_MPLANE
13632.542744,v4l2_dqbuf,0,VIDEO_OUTPUT_MPLANE
13632.555995,v4l2_qbuf,0,VIDEO_OUTPUT_MPLANE
13632.556041,v4l2_qbuf,4,VIDEO_CAPTURE_MPLANE
13632.559108,v4l2_dqbuf,4,VIDEO_CAPTURE_MPLANE
13632.559250,v4l2_dqbuf,0,VIDEO_OUTPUT_MPLANE
13632.572925,v4l2_qbuf,0,VIDEO_OUTPUT_MPLANE
13632.573037,v4l2_qbuf,2,VIDEO_CAPTURE_MPLANE
13632.575321,v4l2_dqbuf,2,VIDEO_CAPTURE_MPLANE
13632.575347,v4l2_dqbuf,0,VIDEO_OUTPUT_MPLANE
13632.589280,v4l2_qbuf,0,VIDEO_OUTPUT_MPLANE
13632.589310,v4l2_qbuf,3,VIDEO_CAPTURE_MPLANE
13632.592159,v4l2_dqbuf,3,VIDEO_CAPTURE_MPLANE
13632.592290,v4l2_dqbuf,0,VIDEO_OUTPUT_MPLANE
13632.605899,v4l2_qbuf,0,VIDEO_OUTPUT_MPLANE
13632.605920,v4l2_qbuf,0,VIDEO_CAPTURE_MPLANE
13632.610826,v4l2_dqbuf,0,VIDEO_CAPTURE_MPLANE
13632.610944,v4l2_dqbuf,0,VIDEO_OUTPUT_MPLANE
13632.622765,v4l2_qbuf,0,VIDEO_OUTPUT_MPLANE
13632.622783,v4l2_qbuf,5,VIDEO_CAPTURE_MPLANE
13632.625844,v4l2_dqbuf,5,VIDEO_CAPTURE_MPLANE
13632.625923,v4l2_dqbuf,0,VIDEO_OUTPUT_MPLANE
13632.639315,v4l2_qbuf,0,VIDEO_OUTPUT_MPLANE
13632.639337,v4l2_qbuf,4,VIDEO_CAPTURE_MPLANE
13632.641483,v4l2_dqbuf,4,VIDEO_CAPTURE_MPLANE
13632.641502,v4l2_dqbuf,0,VIDEO_OUTPUT_MPLANE
13632.655891,v4l2_qbuf,0,VIDEO_OUTPUT_MPLANE
13632.655909,v4l2_qbuf,1,VIDEO_CAPTURE_MPLANE
13632.659049,v4l2_dqbuf,1,VIDEO_CAPTURE_MPLANE
13632.659135,v4l2_dqbuf,0,VIDEO_OUTPUT_MPLANE
13632.673096,v4l2_qbuf,0,VIDEO_OUTPUT_MPLANE
13632.673137,v4l2_qbuf,3,VIDEO_CAPTURE_MPLANE
13632.676322,v4l2_dqbuf,3,VIDEO_CAPTURE_MPLANE
13632.676404,v4l2_dqbuf,0,VIDEO_OUTPUT_MPLANE
13632.689434,v4l2_qbuf,0,VIDEO_OUTPUT_MPLANE
13632.689455,v4l2_qbuf,0,VIDEO_CAPTURE_MPLANE
13632.692704,v4l2_dqbuf,0,VIDEO_CAPTURE_MPLANE
13632.692993,v4l2_dqbuf,0,VIDEO_OUTPUT_MPLANE
13632.706596,v4l2_qbuf,0,VIDEO_OUTPUT_MPLANE
13632.706636,v4l2_qbuf,5,VIDEO_CAPTURE_MPLANE
13632.709037,v4l2_dqbuf,5,VIDEO_CAPTURE_MPLANE
13632.709112,v4l2_dqbuf,0,VIDEO_OUTPUT_MPLANE
13632.722958,v4l2_qbuf,0,VIDEO_OUTPUT_MPLANE
13632.722996,v4l2_qbuf,2,VIDEO_CAPTURE_MPLANE
13632.726197,v4l2_dqbuf,2,VIDEO_CAPTURE_MPLANE
13632.726434,v4l2_dqbuf,0,VIDEO_OUTPUT_MPLANE
13632.739379,v4l2_qbuf,0,VIDEO_OUTPUT_MPLANE
13632.739399,v4l2_qbuf,1,VIDEO_CAPTURE_MPLANE
13632.742507,v4l2_dqbuf,1,VIDEO_CAPTURE_MPLANE
13632.742604,v4l2_dqbuf,0,VIDEO_OUTPUT_MPLANE
13632.756130,v4l2_qbuf,0,VIDEO_OUTPUT_MPLANE
13632.756150,v4l2_qbuf,3,VIDEO_CAPTURE_MPLANE
13632.759291,v4l2_dqbuf,3,VIDEO_CAPTURE_MPLANE
13632.759399,v4l2_dqbuf,0,VIDEO_OUTPUT_MPLANE
13632.772853,v4l2_qbuf,0,VIDEO_OUTPUT_MPLANE
13632.772875,v4l2_qbuf,0,VIDEO_CAPTURE_MPLANE
13632.775173,v4l2_dqbuf,0,VIDEO_CAPTURE_MPLANE
13632.775189,v4l2_dqbuf,0,VIDEO_OUTPUT_MPLANE
13632.789302,v4l2_qbuf,0,VIDEO_OUTPUT_MPLANE
13632.789326,v4l2_qbuf,4,VIDEO_CAPTURE_MPLANE
13632.792571,v4l2_dqbuf,4,VIDEO_CAPTURE_MPLANE
13632.792656,v4l2_dqbuf,0,VIDEO_OUTPUT_MPLANE
13632.806221,v4l2_qbuf,0,VIDEO_OUTPUT_MPLANE
13632.806242,v4l2_qbuf,2,VIDEO_CAPTURE_MPLANE
13632.809262,v4l2_dqbuf,2,VIDEO_CAPTURE_MPLANE
13632.809347,v4l2_dqbuf,0,VIDEO_OUTPUT_MPLANE
13632.822672,v4l2_qbuf,0,VIDEO_OUTPUT_MPLANE
13632.822692,v4l2_qbuf,1,VIDEO_CAPTURE_MPLANE
13632.825735,v4l2_dqbuf,1,VIDEO_CAPTURE_MPLANE
13632.825823,v4l2_dqbuf,0,VIDEO_OUTPUT_MPLANE
13632.839591,v4l2_qbuf,0,VIDEO_OUTPUT_MPLANE
13632.839612,v4l2_qbuf,3,VIDEO_CAPTURE_MPLANE
13632.841804,v4l2_dqbuf,3,VIDEO_CAPTURE_MPLANE
13632.841820,v4l2_dqbuf,0,VIDEO_OUTPUT_MPLANE
13632.856115,v4l2_qbuf,0,VIDEO_OUTPUT_MPLANE
13632.856136,v4l2_qbuf,5,VIDEO_CAPTURE_MPLANE
13632.859349,v4l2_dqbuf,5,VIDEO_CAPTURE_MPLANE
13632.859439,v4l2_dqbuf,0,VIDEO_OUTPUT_MPLANE
13632.872949,v4l2_qbuf,0,VIDEO_OUTPUT_MPLANE
13632.872971,v4l2_qbuf,4,VIDEO_CAPTURE_MPLANE
13632.875998,v4l2_dqbuf,4,VIDEO_CAPTURE_MPLANE
13632.876111,v4l2_dqbuf,0,VIDEO_OUTPUT_MPLANE
13632.889336,v4l2_qbuf,0,VIDEO_OUTPUT_MPLANE
13632.889358,v4l2_qbuf,2,VIDEO_CAPTURE_MPLANE
13632.891662,v4l2_dqbuf,2,VIDEO_CAPTURE_MPLANE
13632.891682,v4l2_dqbuf,0,VIDEO_OUTPUT_MPLANE
13632.906131,v4l2_qbuf,0,VIDEO_OUTPUT_MPLANE
13632.906154,v4l2_qbuf,1,VIDEO_CAPTURE_MPLANE
13632.909261,v4l2_dqbuf,1,VIDEO_CAPTURE_MPLANE
13632.909355,v4l2_dqbuf,0,VIDEO_OUTPUT_MPLANE
13632.923132,v4l2_qbuf,0,VIDEO_OUTPUT_MPLANE
13632.923153,v4l2_qbuf,0,VIDEO_CAPTURE_MPLANE
13632.926133,v4l2_dqbuf,0,VIDEO_CAPTURE_MPLANE
13632.926231,v4l2_dqbuf,0,VIDEO_OUTPUT_MPLANE
13632.939405,v4l2_qbuf,0,VIDEO_OUTPUT_MPLANE
13632.939426,v4l2_qbuf,5,VIDEO_CAPTURE_MPLANE
13632.941677,v4l2_dqbuf,5,VIDEO_CAPTURE_MPLANE
13632.941692,v4l2_dqbuf,0,VIDEO_OUTPUT_MPLANE
13632.956137,v4l2_qbuf,0,VIDEO_OUTPUT_MPLANE
13632.956157,v4l2_qbuf,4,VIDEO_CAPTURE_MPLANE
13632.959271,v4l2_dqbuf,4,VIDEO_CAPTURE_MPLANE
13632.959370,v4l2_dqbuf,0,VIDEO_OUTPUT_MPLANE
13632.972730,v4l2_qbuf,0,VIDEO_OUTPUT_MPLANE
13632.972751,v4l2_qbuf,3,VIDEO_CAPTURE_MPLANE
13632.975910,v4l2_dqbuf,3,VIDEO_CAPTURE_MPLANE
13632.976011,v4l2_dqbuf,0,VIDEO_OUTPUT_MPLANE
13632.989306,v4l2_qbuf,0,VIDEO_OUTPUT_MPLANE
13632.989325,v4l2_qbuf,1,VIDEO_CAPTURE_MPLANE
13632.992536,v4l2_dqbuf,1,VIDEO_CAPTURE_MPLANE
13632.992625,v4l2_dqbuf,0,VIDEO_OUTPUT_MPLANE
13633.006109,v4l2_qbuf,0,VIDEO_OUTPUT_MPLANE
13633.006132,v4l2_qbuf,0,VIDEO_CAPTURE_MPLANE
13633.008347,v4l2_dqbuf,0,VIDEO_CAPTURE_MPLANE
13633.008361,v4l2_dqbuf,0,VIDEO_OUTPUT_MPLANE
13633.022941,v4l2_qbuf,0,VIDEO_OUTPUT_MPLANE
13633.022965,v4l2_qbuf,2,VIDEO_CAPTURE_MPLANE
13633.029139,v4l2_dqbuf,2,VIDEO_CAPTURE_MPLANE
13633.029260,v4l2_dqbuf,0,VIDEO_OUTPUT_MPLANE
13633.039383,v4l2_qbuf,0,VIDEO_OUTPUT_MPLANE
13633.039416,v4l2_qbuf,4,VIDEO_CAPTURE_MPLANE
13633.042575,v4l2_dqbuf,4,VIDEO_CAPTURE_MPLANE
13633.042662,v4l2_dqbuf,0,VIDEO_OUTPUT_MPLANE
13633.056090,v4l2_qbuf,0,VIDEO_OUTPUT_MPLANE
13633.056123,v4l2_qbuf,3,VIDEO_CAPTURE_MPLANE
13633.059343,v4l2_dqbuf,3,VIDEO_CAPTURE_MPLANE
13633.059521,v4l2_dqbuf,0,VIDEO_OUTPUT_MPLANE
13633.073124,v4l2_qbuf,0,VIDEO_OUTPUT_MPLANE
13633.073236,v4l2_qbuf,1,VIDEO_CAPTURE_MPLANE
13633.075509,v4l2_dqbuf,1,VIDEO_CAPTURE_MPLANE
13633.075523,v4l2_dqbuf,0,VIDEO_OUTPUT_MPLANE
13633.089203,v4l2_qbuf,0,VIDEO_OUTPUT_MPLANE
13633.089226,v4l2_qbuf,5,VIDEO_CAPTURE_MPLANE
13633.092607,v4l2_dqbuf,5,VIDEO_CAPTURE_MPLANE
13633.092701,v4l2_dqbuf,0,VIDEO_OUTPUT_MPLANE
13633.106641,v4l2_qbuf,0,VIDEO_OUTPUT_MPLANE
13633.106661,v4l2_qbuf,2,VIDEO_CAPTURE_MPLANE
13633.109832,v4l2_dqbuf,2,VIDEO_CAPTURE_MPLANE
13633.109986,v4l2_dqbuf,0,VIDEO_OUTPUT_MPLANE
13633.123235,v4l2_qbuf,0,VIDEO_OUTPUT_MPLANE
13633.123268,v4l2_qbuf,4,VIDEO_CAPTURE_MPLANE
13633.125606,v4l2_dqbuf,4,VIDEO_CAPTURE_MPLANE
13633.125631,v4l2_dqbuf,0,VIDEO_OUTPUT_MPLANE
13633.139795,v4l2_qbuf,0,VIDEO_OUTPUT_MPLANE
13633.139835,v4l2_qbuf,3,VIDEO_CAPTURE_MPLANE
13633.142944,v4l2_dqbuf,3,VIDEO_CAPTURE_MPLANE
13633.143128,v4l2_dqbuf,0,VIDEO_OUTPUT_MPLANE
13633.156131,v4l2_qbuf,0,VIDEO_OUTPUT_MPLANE
13633.156160,v4l2_qbuf,0,VIDEO_CAPTURE_MPLANE
13633.159156,v4l2_dqbuf,0,VIDEO_CAPTURE_MPLANE
13633.159249,v4l2_dqbuf,0,VIDEO_OUTPUT_MPLANE
13633.172386,v4l2_qbuf,0,VIDEO_OUTPUT_MPLANE
13633.172410,v4l2_qbuf,5,VIDEO_CAPTURE_MPLANE
13633.174713,v4l2_dqbuf,5,VIDEO_CAPTURE_MPLANE
13633.174724,v4l2_dqbuf,0,VIDEO_OUTPUT_MPLANE
13633.189202,v4l2_qbuf,0,VIDEO_OUTPUT_MPLANE
13633.189217,v4l2_qbuf,2,VIDEO_CAPTURE_MPLANE
13633.192386,v4l2_dqbuf,2,VIDEO_CAPTURE_MPLANE
13633.192581,v4l2_dqbuf,0,VIDEO_OUTPUT_MPLANE
13633.205834,v4l2_qbuf,0,VIDEO_OUTPUT_MPLANE
13633.205863,v4l2_qbuf,1,VIDEO_CAPTURE_MPLANE
13633.208901,v4l2_dqbuf,1,VIDEO_CAPTURE_MPLANE
13633.209036,v4l2_dqbuf,0,VIDEO_OUTPUT_MPLANE
13633.222372,v4l2_qbuf,0,VIDEO_OUTPUT_MPLANE
13633.222388,v4l2_qbuf,3,VIDEO_CAPTURE_MPLANE
13633.225302,v4l2_dqbuf,3,VIDEO_CAPTURE_MPLANE
13633.225431,v4l2_dqbuf,0,VIDEO_OUTPUT_MPLANE
13633.239280,v4l2_qbuf,0,VIDEO_OUTPUT_MPLANE
13633.239300,v4l2_qbuf,0,VIDEO_CAPTURE_MPLANE
13633.241473,v4l2_dqbuf,0,VIDEO_CAPTURE_MPLANE
13633.241618,v4l2_dqbuf,0,VIDEO_OUTPUT_MPLANE
13633.256113,v4l2_qbuf,0,VIDEO_OUTPUT_MPLANE
13633.256132,v4l2_qbuf,4,VIDEO_CAPTURE_MPLANE
13633.257962,v4l2_dqbuf,4,VIDEO_CAPTURE_MPLANE
13633.257974,v4l2_dqbuf,0,VIDEO_OUTPUT_MPLANE
13633.272680,v4l2_qbuf,0,VIDEO_OUTPUT_MPLANE
13633.272696,v4l2_qbuf,2,VIDEO_CAPTURE_MPLANE
13633.274669,v4l2_dqbuf,2,VIDEO_CAPTURE_MPLANE
13633.274680,v4l2_dqbuf,0,VIDEO_OUTPUT_MPLANE
13633.289510,v4l2_qbuf,0,VIDEO_OUTPUT_MPLANE
13633.289529,v4l2_qbuf,1,VIDEO_CAPTURE_MPLANE
13633.292606,v4l2_dqbuf,1,VIDEO_CAPTURE_MPLANE
13633.292693,v4l2_dqbuf,0,VIDEO_OUTPUT_MPLANE
13633.305907,v4l2_qbuf,0,VIDEO_OUTPUT_MPLANE
13633.305926,v4l2_qbuf,3,VIDEO_CAPTURE_MPLANE
13633.308811,v4l2_dqbuf,3,VIDEO_CAPTURE_MPLANE
13633.308871,v4l2_dqbuf,0,VIDEO_OUTPUT_MPLANE
13633.322827,v4l2_qbuf,0,VIDEO_OUTPUT_MPLANE
13633.322847,v4l2_qbuf,5,VIDEO_CAPTURE_MPLANE
13633.325167,v4l2_dqbuf,5,VIDEO_CAPTURE_MPLANE
13633.325183,v4l2_dqbuf,0,VIDEO_OUTPUT_MPLANE
13633.339320,v4l2_qbuf,0,VIDEO_OUTPUT_MPLANE
13633.339341,v4l2_qbuf,0,VIDEO_CAPTURE_MPLANE
13633.342554,v4l2_dqbuf,0,VIDEO_CAPTURE_MPLANE
13633.342726,v4l2_dqbuf,0,VIDEO_OUTPUT_MPLANE
13633.356229,v4l2_qbuf,0,VIDEO_OUTPUT_MPLANE
13633.356257,v4l2_qbuf,4,VIDEO_CAPTURE_MPLANE
13633.359555,v4l2_dqbuf,4,VIDEO_CAPTURE_MPLANE
13633.359712,v4l2_dqbuf,0,VIDEO_OUTPUT_MPLANE
13633.373241,v4l2_qbuf,0,VIDEO_OUTPUT_MPLANE
13633.373272,v4l2_qbuf,1,VIDEO_CAPTURE_MPLANE
13633.375439,v4l2_dqbuf,1,VIDEO_CAPTURE_MPLANE
13633.375458,v4l2_dqbuf,0,VIDEO_OUTPUT_MPLANE
13633.389750,v4l2_qbuf,0,VIDEO_OUTPUT_MPLANE
13633.389784,v4l2_qbuf,3,VIDEO_CAPTURE_MPLANE
13633.392881,v4l2_dqbuf,3,VIDEO_CAPTURE_MPLANE
13633.393035,v4l2_dqbuf,0,VIDEO_OUTPUT_MPLANE
13633.406231,v4l2_qbuf,0,VIDEO_OUTPUT_MPLANE
13633.406252,v4l2_qbuf,2,VIDEO_CAPTURE_MPLANE
13633.409452,v4l2_dqbuf,2,VIDEO_CAPTURE_MPLANE
13633.409595,v4l2_dqbuf,0,VIDEO_OUTPUT_MPLANE
13633.422688,v4l2_qbuf,0,VIDEO_OUTPUT_MPLANE
13633.422728,v4l2_qbuf,0,VIDEO_CAPTURE_MPLANE
13633.425017,v4l2_dqbuf,0,VIDEO_CAPTURE_MPLANE
13633.425033,v4l2_dqbuf,0,VIDEO_OUTPUT_MPLANE
13633.439227,v4l2_qbuf,0,VIDEO_OUTPUT_MPLANE
13633.439247,v4l2_qbuf,4,VIDEO_CAPTURE_MPLANE
13633.442364,v4l2_dqbuf,4,VIDEO_CAPTURE_MPLANE
13633.442459,v4l2_dqbuf,0,VIDEO_OUTPUT_MPLANE
13633.456110,v4l2_qbuf,0,VIDEO_OUTPUT_MPLANE
13633.456131,v4l2_qbuf,5,VIDEO_CAPTURE_MPLANE
13633.459375,v4l2_dqbuf,5,VIDEO_CAPTURE_MPLANE
13633.459475,v4l2_dqbuf,0,VIDEO_OUTPUT_MPLANE
13633.472639,v4l2_qbuf,0,VIDEO_OUTPUT_MPLANE
13633.472655,v4l2_qbuf,3,VIDEO_CAPTURE_MPLANE
13633.475637,v4l2_dqbuf,3,VIDEO_CAPTURE_MPLANE
13633.475723,v4l2_dqbuf,0,VIDEO_OUTPUT_MPLANE
13633.489063,v4l2_qbuf,0,VIDEO_OUTPUT_MPLANE
13633.489083,v4l2_qbuf,2,VIDEO_CAPTURE_MPLANE
13633.491194,v4l2_dqbuf,2,VIDEO_CAPTURE_MPLANE
13633.491209,v4l2_dqbuf,0,VIDEO_OUTPUT_MPLANE
13633.505942,v4l2_qbuf,0,VIDEO_OUTPUT_MPLANE
13633.506018,v4l2_qbuf,1,VIDEO_CAPTURE_MPLANE
13633.509239,v4l2_dqbuf,1,VIDEO_CAPTURE_MPLANE
13633.509331,v4l2_dqbuf,0,VIDEO_OUTPUT_MPLANE
13633.522503,v4l2_qbuf,0,VIDEO_OUTPUT_MPLANE
13633.522520,v4l2_qbuf,4,VIDEO_CAPTURE_MPLANE
13633.525496,v4l2_dqbuf,4,VIDEO_CAPTURE_MPLANE
13633.525576,v4l2_dqbuf,0,VIDEO_OUTPUT_MPLANE
13633.539210,v4l2_qbuf,0,VIDEO_OUTPUT_MPLANE
13633.539243,v4l2_qbuf,5,VIDEO_CAPTURE_MPLANE
13633.542502,v4l2_dqbuf,5,VIDEO_CAPTURE_MPLANE
13633.542671,v4l2_dqbuf,0,VIDEO_OUTPUT_MPLANE
13633.555868,v4l2_qbuf,0,VIDEO_OUTPUT_MPLANE
13633.555887,v4l2_qbuf,3,VIDEO_CAPTURE_MPLANE
13633.558073,v4l2_dqbuf,3,VIDEO_CAPTURE_MPLANE
13633.558087,v4l2_dqbuf,0,VIDEO_OUTPUT_MPLANE
13633.572374,v4l2_qbuf,0,VIDEO_OUTPUT_MPLANE
13633.572393,v4l2_qbuf,0,VIDEO_CAPTURE_MPLANE
13633.577114,v4l2_dqbuf,0,VIDEO_CAPTURE_MPLANE
13633.577218,v4l2_dqbuf,0,VIDEO_OUTPUT_MPLANE
13633.589380,v4l2_qbuf,0,VIDEO_OUTPUT_MPLANE
13633.589398,v4l2_qbuf,1,VIDEO_CAPTURE_MPLANE
13633.592407,v4l2_dqbuf,1,VIDEO_CAPTURE_MPLANE
13633.592493,v4l2_dqbuf,0,VIDEO_OUTPUT_MPLANE
13633.606251,v4l2_qbuf,0,VIDEO_OUTPUT_MPLANE
13633.606271,v4l2_qbuf,4,VIDEO_CAPTURE_MPLANE
13633.609371,v4l2_dqbuf,4,VIDEO_CAPTURE_MPLANE
13633.609463,v4l2_dqbuf,0,VIDEO_OUTPUT_MPLANE
13633.622727,v4l2_qbuf,0,VIDEO_OUTPUT_MPLANE
13633.622771,v4l2_qbuf,5,VIDEO_CAPTURE_MPLANE
13633.625228,v4l2_dqbuf,5,VIDEO_CAPTURE_MPLANE
13633.625261,v4l2_dqbuf,0,VIDEO_OUTPUT_MPLANE
13633.639648,v4l2_qbuf,0,VIDEO_OUTPUT_MPLANE
13633.639744,v4l2_qbuf,2,VIDEO_CAPTURE_MPLANE
13633.643056,v4l2_dqbuf,2,VIDEO_CAPTURE_MPLANE
13633.643349,v4l2_dqbuf,0,VIDEO_OUTPUT_MPLANE
13633.656281,v4l2_qbuf,0,VIDEO_OUTPUT_MPLANE
13633.656317,v4l2_qbuf,0,VIDEO_CAPTURE_MPLANE
13633.659535,v4l2_dqbuf,0,VIDEO_CAPTURE_MPLANE
13633.659792,v4l2_dqbuf,0,VIDEO_OUTPUT_MPLANE
13633.672720,v4l2_qbuf,0,VIDEO_OUTPUT_MPLANE
13633.672741,v4l2_qbuf,1,VIDEO_CAPTURE_MPLANE
13633.675788,v4l2_dqbuf,1,VIDEO_CAPTURE_MPLANE
13633.675873,v4l2_dqbuf,0,VIDEO_OUTPUT_MPLANE
13633.689742,v4l2_qbuf,0,VIDEO_OUTPUT_MPLANE
13633.689764,v4l2_qbuf,4,VIDEO_CAPTURE_MPLANE
13633.692097,v4l2_dqbuf,4,VIDEO_CAPTURE_MPLANE
13633.692114,v4l2_dqbuf,0,VIDEO_OUTPUT_MPLANE
13633.706354,v4l2_qbuf,0,VIDEO_OUTPUT_MPLANE
13633.706395,v4l2_qbuf,3,VIDEO_CAPTURE_MPLANE
13633.709585,v4l2_dqbuf,3,VIDEO_CAPTURE_MPLANE
13633.709684,v4l2_dqbuf,0,VIDEO_OUTPUT_MPLANE
13633.722756,v4l2_qbuf,0,VIDEO_OUTPUT_MPLANE
13633.722783,v4l2_qbuf,2,VIDEO_CAPTURE_MPLANE
13633.725766,v4l2_dqbuf,2,VIDEO_CAPTURE_MPLANE
13633.725847,v4l2_dqbuf,0,VIDEO_OUTPUT_MPLANE
13633.739830,v4l2_qbuf,0,VIDEO_OUTPUT_MPLANE
13633.739849,v4l2_qbuf,0,VIDEO_CAPTURE_MPLANE
13633.742943,v4l2_dqbuf,0,VIDEO_CAPTURE_MPLANE
13633.743075,v4l2_dqbuf,0,VIDEO_OUTPUT_MPLANE
13633.756044,v4l2_qbuf,0,VIDEO_OUTPUT_MPLANE
13633.756067,v4l2_qbuf,1,VIDEO_CAPTURE_MPLANE
13633.758340,v4l2_dqbuf,1,VIDEO_CAPTURE_MPLANE
13633.758369,v4l2_dqbuf,0,VIDEO_OUTPUT_MPLANE
13633.772617,v4l2_qbuf,0,VIDEO_OUTPUT_MPLANE
13633.772660,v4l2_qbuf,5,VIDEO_CAPTURE_MPLANE
13633.775911,v4l2_dqbuf,5,VIDEO_CAPTURE_MPLANE
13633.776126,v4l2_dqbuf,0,VIDEO_OUTPUT_MPLANE
13633.789695,v4l2_qbuf,0,VIDEO_OUTPUT_MPLANE
13633.789715,v4l2_qbuf,3,VIDEO_CAPTURE_MPLANE
13633.792847,v4l2_dqbuf,3,VIDEO_CAPTURE_MPLANE
13633.793042,v4l2_dqbuf,0,VIDEO_OUTPUT_MPLANE
13633.806891,v4l2_qbuf,0,VIDEO_OUTPUT_MPLANE
13633.806919,v4l2_qbuf,2,VIDEO_CAPTURE_MPLANE
13633.810164,v4l2_dqbuf,2,VIDEO_CAPTURE_MPLANE
13633.810339,v4l2_dqbuf,0,VIDEO_OUTPUT_MPLANE
13633.822837,v4l2_qbuf,0,VIDEO_OUTPUT_MPLANE
13633.822867,v4l2_qbuf,0,VIDEO_CAPTURE_MPLANE
13633.825078,v4l2_dqbuf,0,VIDEO_CAPTURE_MPLANE
13633.825101,v4l2_dqbuf,0,VIDEO_OUTPUT_MPLANE
13633.839643,v4l2_qbuf,0,VIDEO_OUTPUT_MPLANE
13633.839664,v4l2_qbuf,4,VIDEO_CAPTURE_MPLANE
13633.842831,v4l2_dqbuf,4,VIDEO_CAPTURE_MPLANE
13633.842931,v4l2_dqbuf,0,VIDEO_OUTPUT_MPLANE
13633.856176,v4l2_qbuf,0,VIDEO_OUTPUT_MPLANE
13633.856206,v4l2_qbuf,5,VIDEO_CAPTURE_MPLANE
13633.859471,v4l2_dqbuf,5,VIDEO_CAPTURE_MPLANE
13633.859865,v4l2_dqbuf,0,VIDEO_OUTPUT_MPLANE
13633.872533,v4l2_qbuf,0,VIDEO_OUTPUT_MPLANE
13633.872552,v4l2_qbuf,3,VIDEO_CAPTURE_MPLANE
13633.876110,v4l2_dqbuf,3,VIDEO_CAPTURE_MPLANE
13633.876283,v4l2_dqbuf,0,VIDEO_OUTPUT_MPLANE
13633.889692,v4l2_qbuf,0,VIDEO_OUTPUT_MPLANE
13633.889720,v4l2_qbuf,2,VIDEO_CAPTURE_MPLANE
13633.892118,v4l2_dqbuf,2,VIDEO_CAPTURE_MPLANE
13633.892146,v4l2_dqbuf,0,VIDEO_OUTPUT_MPLANE
13633.905990,v4l2_qbuf,0,VIDEO_OUTPUT_MPLANE
13633.906030,v4l2_qbuf,1,VIDEO_CAPTURE_MPLANE
13633.909301,v4l2_dqbuf,1,VIDEO_CAPTURE_MPLANE
13633.909483,v4l2_dqbuf,0,VIDEO_OUTPUT_MPLANE
13633.922696,v4l2_qbuf,0,VIDEO_OUTPUT_MPLANE
13633.922724,v4l2_qbuf,4,VIDEO_CAPTURE_MPLANE
13633.925891,v4l2_dqbuf,4,VIDEO_CAPTURE_MPLANE
13633.926075,v4l2_dqbuf,0,VIDEO_OUTPUT_MPLANE
13633.939275,v4l2_qbuf,0,VIDEO_OUTPUT_MPLANE
13633.939296,v4l2_qbuf,5,VIDEO_CAPTURE_MPLANE
13633.942582,v4l2_dqbuf,5,VIDEO_CAPTURE_MPLANE
13633.942773,v4l2_dqbuf,0,VIDEO_OUTPUT_MPLANE
13633.956367,v4l2_qbuf,0,VIDEO_OUTPUT_MPLANE
13633.956405,v4l2_qbuf,3,VIDEO_CAPTURE_MPLANE
13633.958745,v4l2_dqbuf,3,VIDEO_CAPTURE_MPLANE
13633.958770,v4l2_dqbuf,0,VIDEO_OUTPUT_MPLANE
13633.972891,v4l2_qbuf,0,VIDEO_OUTPUT_MPLANE
13633.972930,v4l2_qbuf,0,VIDEO_CAPTURE_MPLANE
13633.976061,v4l2_dqbuf,0,VIDEO_CAPTURE_MPLANE
13633.976187,v4l2_dqbuf,0,VIDEO_OUTPUT_MPLANE
13633.989632,v4l2_qbuf,0,VIDEO_OUTPUT_MPLANE
13633.989667,v4l2_qbuf,1,VIDEO_CAPTURE_MPLANE
13633.992846,v4l2_dqbuf,1,VIDEO_CAPTURE_MPLANE
13633.993024,v4l2_dqbuf,0,VIDEO_OUTPUT_MPLANE
13634.006398,v4l2_qbuf,0,VIDEO_OUTPUT_MPLANE
13634.006426,v4l2_qbuf,4,VIDEO_CAPTURE_MPLANE
13634.009629,v4l2_dqbuf,4,VIDEO_CAPTURE_MPLANE
13634.009811,v4l2_dqbuf,0,VIDEO_OUTPUT_MPLANE
13634.022712,v4l2_qbuf,0,VIDEO_OUTPUT_MPLANE
13634.022751,v4l2_qbuf,5,VIDEO_CAPTURE_MPLANE
13634.024831,v4l2_dqbuf,5,VIDEO_CAPTURE_MPLANE
13634.024846,v4l2_dqbuf,0,VIDEO_OUTPUT_MPLANE
13634.039499,v4l2_qbuf,0,VIDEO_OUTPUT_MPLANE
13634.039520,v4l2_qbuf,2,VIDEO_CAPTURE_MPLANE
13634.042841,v4l2_dqbuf,2,VIDEO_CAPTURE_MPLANE
13634.043070,v4l2_dqbuf,0,VIDEO_OUTPUT_MPLANE
13634.056153,v4l2_qbuf,0,VIDEO_OUTPUT_MPLANE
13634.056202,v4l2_qbuf,0,VIDEO_CAPTURE_MPLANE
13634.059396,v4l2_dqbuf,0,VIDEO_CAPTURE_MPLANE
13634.059568,v4l2_dqbuf,0,VIDEO_OUTPUT_MPLANE
13634.072845,v4l2_qbuf,0,VIDEO_OUTPUT_MPLANE
13634.072874,v4l2_qbuf,1,VIDEO_CAPTURE_MPLANE
13634.076047,v4l2_dqbuf,1,VIDEO_CAPTURE_MPLANE
13634.076176,v4l2_dqbuf,0,VIDEO_OUTPUT_MPLANE
13634.089383,v4l2_qbuf,0,VIDEO_OUTPUT_MPLANE
13634.089417,v4l2_qbuf,4,VIDEO_CAPTURE_MPLANE
13634.091728,v4l2_dqbuf,4,VIDEO_CAPTURE_MPLANE
13634.091751,v4l2_dqbuf,0,VIDEO_OUTPUT_MPLANE
13634.106348,v4l2_qbuf,0,VIDEO_OUTPUT_MPLANE
13634.106367,v4l2_qbuf,3,VIDEO_CAPTURE_MPLANE
13634.109561,v4l2_dqbuf,3,VIDEO_CAPTURE_MPLANE
13634.109725,v4l2_dqbuf,0,VIDEO_OUTPUT_MPLANE
13634.122745,v4l2_qbuf,0,VIDEO_OUTPUT_MPLANE
13634.122765,v4l2_qbuf,2,VIDEO_CAPTURE_MPLANE
13634.125954,v4l2_dqbuf,2,VIDEO_CAPTURE_MPLANE
13634.126075,v4l2_dqbuf,0,VIDEO_OUTPUT_MPLANE
13634.139353,v4l2_qbuf,0,VIDEO_OUTPUT_MPLANE
13634.139372,v4l2_qbuf,0,VIDEO_CAPTURE_MPLANE
13634.142521,v4l2_dqbuf,0,VIDEO_CAPTURE_MPLANE
13634.142623,v4l2_dqbuf,0,VIDEO_OUTPUT_MPLANE
13634.155969,v4l2_qbuf,0,VIDEO_OUTPUT_MPLANE
13634.155989,v4l2_qbuf,1,VIDEO_CAPTURE_MPLANE
13634.158335,v4l2_dqbuf,1,VIDEO_CAPTURE_MPLANE
13634.158351,v4l2_dqbuf,0,VIDEO_OUTPUT_MPLANE
13634.172913,v4l2_qbuf,0,VIDEO_OUTPUT_MPLANE
13634.172941,v4l2_qbuf,5,VIDEO_CAPTURE_MPLANE
13634.176168,v4l2_dqbuf,5,VIDEO_CAPTURE_MPLANE
13634.176270,v4l2_dqbuf,0,VIDEO_OUTPUT_MPLANE
13634.189488,v4l2_qbuf,0,VIDEO_OUTPUT_MPLANE
13634.189509,v4l2_qbuf,3,VIDEO_CAPTURE_MPLANE
13634.192593,v4l2_dqbuf,3,VIDEO_CAPTURE_MPLANE
13634.192668,v4l2_dqbuf,0,VIDEO_OUTPUT_MPLANE
13634.206141,v4l2_qbuf,0,VIDEO_OUTPUT_MPLANE
13634.206163,v4l2_qbuf,2,VIDEO_CAPTURE_MPLANE
13634.209317,v4l2_dqbuf,2,VIDEO_CAPTURE_MPLANE
13634.209430,v4l2_dqbuf,0,VIDEO_OUTPUT_MPLANE
13634.223096,v4l2_qbuf,0,VIDEO_OUTPUT_MPLANE
13634.223121,v4l2_qbuf,0,VIDEO_CAPTURE_MPLANE
13634.225220,v4l2_dqbuf,0,VIDEO_CAPTURE_MPLANE
13634.225235,v4l2_dqbuf,0,VIDEO_OUTPUT_MPLANE
13634.239298,v4l2_qbuf,0,VIDEO_OUTPUT_MPLANE
13634.239326,v4l2_qbuf,4,VIDEO_CAPTURE_MPLANE
13634.242538,v4l2_dqbuf,4,VIDEO_CAPTURE_MPLANE
13634.242664,v4l2_dqbuf,0,VIDEO_OUTPUT_MPLANE
13634.256141,v4l2_qbuf,0,VIDEO_OUTPUT_MPLANE
13634.256161,v4l2_qbuf,5,VIDEO_CAPTURE_MPLANE
13634.258209,v4l2_dqbuf,5,VIDEO_CAPTURE_MPLANE
13634.258223,v4l2_dqbuf,0,VIDEO_OUTPUT_MPLANE
13634.272945,v4l2_qbuf,0,VIDEO_OUTPUT_MPLANE
13634.272965,v4l2_qbuf,3,VIDEO_CAPTURE_MPLANE
13634.275137,v4l2_dqbuf,3,VIDEO_CAPTURE_MPLANE
13634.275150,v4l2_dqbuf,0,VIDEO_OUTPUT_MPLANE
13634.289467,v4l2_qbuf,0,VIDEO_OUTPUT_MPLANE
13634.289489,v4l2_qbuf,2,VIDEO_CAPTURE_MPLANE
13634.292485,v4l2_dqbuf,2,VIDEO_CAPTURE_MPLANE
13634.292547,v4l2_dqbuf,0,VIDEO_OUTPUT_MPLANE
13634.305996,v4l2_qbuf,0,VIDEO_OUTPUT_MPLANE
13634.306025,v4l2_qbuf,1,VIDEO_CAPTURE_MPLANE
13634.309216,v4l2_dqbuf,1,VIDEO_CAPTURE_MPLANE
13634.309298,v4l2_dqbuf,0,VIDEO_OUTPUT_MPLANE
13634.322507,v4l2_qbuf,0,VIDEO_OUTPUT_MPLANE
13634.322521,v4l2_qbuf,4,VIDEO_CAPTURE_MPLANE
13634.325475,v4l2_dqbuf,4,VIDEO_CAPTURE_MPLANE
13634.325568,v4l2_dqbuf,0,VIDEO_OUTPUT_MPLANE
13634.339721,v4l2_qbuf,0,VIDEO_OUTPUT_MPLANE
13634.339743,v4l2_qbuf,0,VIDEO_CAPTURE_MPLANE
13634.341978,v4l2_dqbuf,0,VIDEO_CAPTURE_MPLANE
13634.342015,v4l2_dqbuf,0,VIDEO_OUTPUT_MPLANE
13634.355708,v4l2_qbuf,0,VIDEO_OUTPUT_MPLANE
13634.355724,v4l2_qbuf,5,VIDEO_CAPTURE_MPLANE
13634.358727,v4l2_dqbuf,5,VIDEO_CAPTURE_MPLANE
13634.358798,v4l2_dqbuf,0,VIDEO_OUTPUT_MPLANE
13634.372682,v4l2_qbuf,0,VIDEO_OUTPUT_MPLANE
13634.372714,v4l2_qbuf,2,VIDEO_CAPTURE_MPLANE
13634.378171,v4l2_dqbuf,2,VIDEO_CAPTURE_MPLANE
13634.378392,v4l2_dqbuf,0,VIDEO_OUTPUT_MPLANE
13634.389082,v4l2_qbuf,0,VIDEO_OUTPUT_MPLANE
13634.389102,v4l2_qbuf,1,VIDEO_CAPTURE_MPLANE
13634.392127,v4l2_dqbuf,1,VIDEO_CAPTURE_MPLANE
13634.392199,v4l2_dqbuf,0,VIDEO_OUTPUT_MPLANE
13634.405901,v4l2_qbuf,0,VIDEO_OUTPUT_MPLANE
13634.405917,v4l2_qbuf,4,VIDEO_CAPTURE_MPLANE
13634.408015,v4l2_dqbuf,4,VIDEO_CAPTURE_MPLANE
13634.408027,v4l2_dqbuf,0,VIDEO_OUTPUT_MPLANE
13634.422612,v4l2_qbuf,0,VIDEO_OUTPUT_MPLANE
13634.422627,v4l2_qbuf,3,VIDEO_CAPTURE_MPLANE
13634.425647,v4l2_dqbuf,3,VIDEO_CAPTURE_MPLANE
13634.425727,v4l2_dqbuf,0,VIDEO_OUTPUT_MPLANE
13634.439030,v4l2_qbuf,0,VIDEO_OUTPUT_MPLANE
13634.439044,v4l2_qbuf,5,VIDEO_CAPTURE_MPLANE
13634.442175,v4l2_dqbuf,5,VIDEO_CAPTURE_MPLANE
13634.442246,v4l2_dqbuf,0,VIDEO_OUTPUT_MPLANE
13634.455911,v4l2_qbuf,0,VIDEO_OUTPUT_MPLANE
13634.455939,v4l2_qbuf,2,VIDEO_CAPTURE_MPLANE
13634.459062,v4l2_dqbuf,2,VIDEO_CAPTURE_MPLANE
13634.459221,v4l2_dqbuf,0,VIDEO_OUTPUT_MPLANE
13634.472516,v4l2_qbuf,0,VIDEO_OUTPUT_MPLANE
13634.472537,v4l2_qbuf,1,VIDEO_CAPTURE_MPLANE
13634.474680,v4l2_dqbuf,1,VIDEO_CAPTURE_MPLANE
13634.474702,v4l2_dqbuf,0,VIDEO_OUTPUT_MPLANE
13634.489579,v4l2_qbuf,0,VIDEO_OUTPUT_MPLANE
13634.489599,v4l2_qbuf,0,VIDEO_CAPTURE_MPLANE
13634.492878,v4l2_dqbuf,0,VIDEO_CAPTURE_MPLANE
13634.493040,v4l2_dqbuf,0,VIDEO_OUTPUT_MPLANE
13634.505674,v4l2_qbuf,0,VIDEO_OUTPUT_MPLANE
13634.505695,v4l2_qbuf,3,VIDEO_CAPTURE_MPLANE
13634.508919,v4l2_dqbuf,3,VIDEO_CAPTURE_MPLANE
13634.509035,v4l2_dqbuf,0,VIDEO_OUTPUT_MPLANE
13634.522562,v4l2_qbuf,0,VIDEO_OUTPUT_MPLANE
13634.522589,v4l2_qbuf,5,VIDEO_CAPTURE_MPLANE
13634.525839,v4l2_dqbuf,5,VIDEO_CAPTURE_MPLANE
13634.525974,v4l2_dqbuf,0,VIDEO_OUTPUT_MPLANE
13634.539236,v4l2_qbuf,0,VIDEO_OUTPUT_MPLANE
13634.539257,v4l2_qbuf,2,VIDEO_CAPTURE_MPLANE
13634.541416,v4l2_dqbuf,2,VIDEO_CAPTURE_MPLANE
13634.541441,v4l2_dqbuf,0,VIDEO_OUTPUT_MPLANE
13634.555931,v4l2_qbuf,0,VIDEO_OUTPUT_MPLANE
13634.555950,v4l2_qbuf,4,VIDEO_CAPTURE_MPLANE
13634.559018,v4l2_dqbuf,4,VIDEO_CAPTURE_MPLANE
13634.559139,v4l2_dqbuf,0,VIDEO_OUTPUT_MPLANE
13634.572904,v4l2_qbuf,0,VIDEO_OUTPUT_MPLANE
13634.572933,v4l2_qbuf,0,VIDEO_CAPTURE_MPLANE
13634.576031,v4l2_dqbuf,0,VIDEO_CAPTURE_MPLANE
13634.576198,v4l2_dqbuf,0,VIDEO_OUTPUT_MPLANE
13634.589371,v4l2_qbuf,0,VIDEO_OUTPUT_MPLANE
13634.589392,v4l2_qbuf,3,VIDEO_CAPTURE_MPLANE
13634.592566,v4l2_dqbuf,3,VIDEO_CAPTURE_MPLANE
13634.592654,v4l2_dqbuf,0,VIDEO_OUTPUT_MPLANE
13634.605920,v4l2_qbuf,0,VIDEO_OUTPUT_MPLANE
13634.605942,v4l2_qbuf,5,VIDEO_CAPTURE_MPLANE
13634.608078,v4l2_dqbuf,5,VIDEO_CAPTURE_MPLANE
13634.608092,v4l2_dqbuf,0,VIDEO_OUTPUT_MPLANE
13634.622951,v4l2_qbuf,0,VIDEO_OUTPUT_MPLANE
13634.622969,v4l2_qbuf,1,VIDEO_CAPTURE_MPLANE
13634.626220,v4l2_dqbuf,1,VIDEO_CAPTURE_MPLANE
13634.626323,v4l2_dqbuf,0,VIDEO_OUTPUT_MPLANE
13634.639513,v4l2_qbuf,0,VIDEO_OUTPUT_MPLANE
13634.639532,v4l2_qbuf,4,VIDEO_CAPTURE_MPLANE
13634.642603,v4l2_dqbuf,4,VIDEO_CAPTURE_MPLANE
13634.642688,v4l2_dqbuf,0,VIDEO_OUTPUT_MPLANE
13634.655925,v4l2_qbuf,0,VIDEO_OUTPUT_MPLANE
13634.655970,v4l2_qbuf,0,VIDEO_CAPTURE_MPLANE
13634.659288,v4l2_dqbuf,0,VIDEO_CAPTURE_MPLANE
13634.659390,v4l2_dqbuf,0,VIDEO_OUTPUT_MPLANE
13634.672765,v4l2_qbuf,0,VIDEO_OUTPUT_MPLANE
13634.672787,v4l2_qbuf,3,VIDEO_CAPTURE_MPLANE
13634.674884,v4l2_dqbuf,3,VIDEO_CAPTURE_MPLANE
13634.674899,v4l2_dqbuf,0,VIDEO_OUTPUT_MPLANE
13634.689765,v4l2_qbuf,0,VIDEO_OUTPUT_MPLANE
13634.689798,v4l2_qbuf,2,VIDEO_CAPTURE_MPLANE
13634.693084,v4l2_dqbuf,2,VIDEO_CAPTURE_MPLANE
13634.693262,v4l2_dqbuf,0,VIDEO_OUTPUT_MPLANE
13634.706071,v4l2_qbuf,0,VIDEO_OUTPUT_MPLANE
13634.706116,v4l2_qbuf,1,VIDEO_CAPTURE_MPLANE
13634.709462,v4l2_dqbuf,1,VIDEO_CAPTURE_MPLANE
13634.709623,v4l2_dqbuf,0,VIDEO_OUTPUT_MPLANE
13634.722887,v4l2_qbuf,0,VIDEO_OUTPUT_MPLANE
13634.722909,v4l2_qbuf,4,VIDEO_CAPTURE_MPLANE
13634.726227,v4l2_dqbuf,4,VIDEO_CAPTURE_MPLANE
13634.726316,v4l2_dqbuf,0,VIDEO_OUTPUT_MPLANE
13634.739639,v4l2_qbuf,0,VIDEO_OUTPUT_MPLANE
13634.739658,v4l2_qbuf,0,VIDEO_CAPTURE_MPLANE
13634.741862,v4l2_dqbuf,0,VIDEO_CAPTURE_MPLANE
13634.741887,v4l2_dqbuf,0,VIDEO_OUTPUT_MPLANE
13634.756176,v4l2_qbuf,0,VIDEO_OUTPUT_MPLANE
13634.756198,v4l2_qbuf,5,VIDEO_CAPTURE_MPLANE
13634.759430,v4l2_dqbuf,5,VIDEO_CAPTURE_MPLANE
13634.759527,v4l2_dqbuf,0,VIDEO_OUTPUT_MPLANE
13634.772796,v4l2_qbuf,0,VIDEO_OUTPUT_MPLANE
13634.772818,v4l2_qbuf,2,VIDEO_CAPTURE_MPLANE
13634.776057,v4l2_dqbuf,2,VIDEO_CAPTURE_MPLANE
13634.776157,v4l2_dqbuf,0,VIDEO_OUTPUT_MPLANE
13634.789378,v4l2_qbuf,0,VIDEO_OUTPUT_MPLANE
13634.789399,v4l2_qbuf,1,VIDEO_CAPTURE_MPLANE
13634.792643,v4l2_dqbuf,1,VIDEO_CAPTURE_MPLANE
13634.792733,v4l2_dqbuf,0,VIDEO_OUTPUT_MPLANE
13634.806313,v4l2_qbuf,0,VIDEO_OUTPUT_MPLANE
13634.806333,v4l2_qbuf,4,VIDEO_CAPTURE_MPLANE
13634.808509,v4l2_dqbuf,4,VIDEO_CAPTURE_MPLANE
13634.808521,v4l2_dqbuf,0,VIDEO_OUTPUT_MPLANE
13634.822963,v4l2_qbuf,0,VIDEO_OUTPUT_MPLANE
13634.822986,v4l2_qbuf,3,VIDEO_CAPTURE_MPLANE
13634.826178,v4l2_dqbuf,3,VIDEO_CAPTURE_MPLANE
13634.826265,v4l2_dqbuf,0,VIDEO_OUTPUT_MPLANE
13634.839491,v4l2_qbuf,0,VIDEO_OUTPUT_MPLANE
13634.839512,v4l2_qbuf,5,VIDEO_CAPTURE_MPLANE
13634.842692,v4l2_dqbuf,5,VIDEO_CAPTURE_MPLANE
13634.842781,v4l2_dqbuf,0,VIDEO_OUTPUT_MPLANE
13634.856182,v4l2_qbuf,0,VIDEO_OUTPUT_MPLANE
13634.856203,v4l2_qbuf,2,VIDEO_CAPTURE_MPLANE
13634.859486,v4l2_dqbuf,2,VIDEO_CAPTURE_MPLANE
13634.859584,v4l2_dqbuf,0,VIDEO_OUTPUT_MPLANE
13634.872590,v4l2_qbuf,0,VIDEO_OUTPUT_MPLANE
13634.872610,v4l2_qbuf,1,VIDEO_CAPTURE_MPLANE
13634.874742,v4l2_dqbuf,1,VIDEO_CAPTURE_MPLANE
13634.874757,v4l2_dqbuf,0,VIDEO_OUTPUT_MPLANE
13634.891214,v4l2_qbuf,0,VIDEO_OUTPUT_MPLANE
13634.891255,v4l2_qbuf,0,VIDEO_CAPTURE_MPLANE
13634.894703,v4l2_dqbuf,0,VIDEO_CAPTURE_MPLANE
13634.894894,v4l2_dqbuf,0,VIDEO_OUTPUT_MPLANE
13634.907937,v4l2_qbuf,0,VIDEO_OUTPUT_MPLANE
13634.907981,v4l2_qbuf,3,VIDEO_CAPTURE_MPLANE
13634.911382,v4l2_dqbuf,3,VIDEO_CAPTURE_MPLANE
13634.911581,v4l2_dqbuf,0,VIDEO_OUTPUT_MPLANE
13634.924578,v4l2_qbuf,0,VIDEO_OUTPUT_MPLANE
13634.924612,v4l2_qbuf,5,VIDEO_CAPTURE_MPLANE
13634.928412,v4l2_dqbuf,5,VIDEO_CAPTURE_MPLANE
13634.928531,v4l2_dqbuf,0,VIDEO_OUTPUT_MPLANE
13634.941479,v4l2_qbuf,0,VIDEO_OUTPUT_MPLANE
13634.941559,v4l2_qbuf,2,VIDEO_CAPTURE_MPLANE
13634.943689,v4l2_dqbuf,2,VIDEO_CAPTURE_MPLANE
13634.943702,v4l2_dqbuf,0,VIDEO_OUTPUT_MPLANE
13634.957820,v4l2_qbuf,0,VIDEO_OUTPUT_MPLANE
13634.957840,v4l2_qbuf,4,VIDEO_CAPTURE_MPLANE
13634.960998,v4l2_dqbuf,4,VIDEO_CAPTURE_MPLANE
13634.961097,v4l2_dqbuf,0,VIDEO_OUTPUT_MPLANE
13634.974286,v4l2_qbuf,0,VIDEO_OUTPUT_MPLANE
13634.974306,v4l2_qbuf,0,VIDEO_CAPTURE_MPLANE
13634.977532,v4l2_dqbuf,0,VIDEO_CAPTURE_MPLANE
13634.977627,v4l2_dqbuf,0,VIDEO_OUTPUT_MPLANE
13634.993164,v4l2_qbuf,0,VIDEO_OUTPUT_MPLANE
13634.993185,v4l2_qbuf,3,VIDEO_CAPTURE_MPLANE
13634.996527,v4l2_dqbuf,3,VIDEO_CAPTURE_MPLANE
13634.996640,v4l2_dqbuf,0,VIDEO_OUTPUT_MPLANE
13635.007652,v4l2_qbuf,0,VIDEO_OUTPUT_MPLANE
13635.007672,v4l2_qbuf,5,VIDEO_CAPTURE_MPLANE
13635.009825,v4l2_dqbuf,5,VIDEO_CAPTURE_MPLANE
13635.009841,v4l2_dqbuf,0,VIDEO_OUTPUT_MPLANE
13635.024568,v4l2_qbuf,0,VIDEO_OUTPUT_MPLANE
13635.024621,v4l2_qbuf,1,VIDEO_CAPTURE_MPLANE
13635.027855,v4l2_dqbuf,1,VIDEO_CAPTURE_MPLANE
13635.027958,v4l2_dqbuf,0,VIDEO_OUTPUT_MPLANE
13635.041061,v4l2_qbuf,0,VIDEO_OUTPUT_MPLANE
13635.041082,v4l2_qbuf,4,VIDEO_CAPTURE_MPLANE
13635.044352,v4l2_dqbuf,4,VIDEO_CAPTURE_MPLANE
13635.044443,v4l2_dqbuf,0,VIDEO_OUTPUT_MPLANE
13635.057717,v4l2_qbuf,0,VIDEO_OUTPUT_MPLANE
13635.057743,v4l2_qbuf,0,VIDEO_CAPTURE_MPLANE
13635.062563,v4l2_dqbuf,0,VIDEO_CAPTURE_MPLANE
13635.062696,v4l2_dqbuf,0,VIDEO_OUTPUT_MPLANE
13635.074406,v4l2_qbuf,0,VIDEO_OUTPUT_MPLANE
13635.074427,v4l2_qbuf,3,VIDEO_CAPTURE_MPLANE
13635.076701,v4l2_dqbuf,3,VIDEO_CAPTURE_MPLANE
13635.076721,v4l2_dqbuf,0,VIDEO_OUTPUT_MPLANE
13635.090977,v4l2_qbuf,0,VIDEO_OUTPUT_MPLANE
13635.090996,v4l2_qbuf,2,VIDEO_CAPTURE_MPLANE
13635.094251,v4l2_dqbuf,2,VIDEO_CAPTURE_MPLANE
13635.094344,v4l2_dqbuf,0,VIDEO_OUTPUT_MPLANE
13635.107597,v4l2_qbuf,0,VIDEO_OUTPUT_MPLANE
13635.107616,v4l2_qbuf,1,VIDEO_CAPTURE_MPLANE
13635.112234,v4l2_dqbuf,1,VIDEO_CAPTURE_MPLANE
13635.112338,v4l2_dqbuf,0,VIDEO_OUTPUT_MPLANE
13635.124578,v4l2_qbuf,0,VIDEO_OUTPUT_MPLANE
13635.124643,v4l2_qbuf,4,VIDEO_CAPTURE_MPLANE
13635.127823,v4l2_dqbuf,4,VIDEO_CAPTURE_MPLANE
13635.127982,v4l2_dqbuf,0,VIDEO_OUTPUT_MPLANE
13635.141205,v4l2_qbuf,0,VIDEO_OUTPUT_MPLANE
13635.141246,v4l2_qbuf,0,VIDEO_CAPTURE_MPLANE
13635.143434,v4l2_dqbuf,0,VIDEO_CAPTURE_MPLANE
13635.143461,v4l2_dqbuf,0,VIDEO_OUTPUT_MPLANE
13635.157647,v4l2_qbuf,0,VIDEO_OUTPUT_MPLANE
13635.157666,v4l2_qbuf,5,VIDEO_CAPTURE_MPLANE
13635.161064,v4l2_dqbuf,5,VIDEO_CAPTURE_MPLANE
13635.161253,v4l2_dqbuf,0,VIDEO_OUTPUT_MPLANE
13635.174892,v4l2_qbuf,0,VIDEO_OUTPUT_MPLANE
13635.174933,v4l2_qbuf,2,VIDEO_CAPTURE_MPLANE
13635.178276,v4l2_dqbuf,2,VIDEO_CAPTURE_MPLANE
13635.178502,v4l2_dqbuf,0,VIDEO_OUTPUT_MPLANE
13635.191613,v4l2_qbuf,0,VIDEO_OUTPUT_MPLANE
13635.191641,v4l2_qbuf,1,VIDEO_CAPTURE_MPLANE
13635.194937,v4l2_dqbuf,1,VIDEO_CAPTURE_MPLANE
13635.195059,v4l2_dqbuf,0,VIDEO_OUTPUT_MPLANE
13635.207609,v4l2_qbuf,0,VIDEO_OUTPUT_MPLANE
13635.207631,v4l2_qbuf,4,VIDEO_CAPTURE_MPLANE
13635.210105,v4l2_dqbuf,4,VIDEO_CAPTURE_MPLANE
13635.210126,v4l2_dqbuf,0,VIDEO_OUTPUT_MPLANE
13635.226235,v4l2_qbuf,0,VIDEO_OUTPUT_MPLANE
13635.226257,v4l2_qbuf,3,VIDEO_CAPTURE_MPLANE
13635.229502,v4l2_dqbuf,3,VIDEO_CAPTURE_MPLANE
13635.229601,v4l2_dqbuf,0,VIDEO_OUTPUT_MPLANE
13635.243270,v4l2_qbuf,0,VIDEO_OUTPUT_MPLANE
13635.243290,v4l2_qbuf,5,VIDEO_CAPTURE_MPLANE
13635.246637,v4l2_dqbuf,5,VIDEO_CAPTURE_MPLANE
13635.246829,v4l2_dqbuf,0,VIDEO_OUTPUT_MPLANE
13635.260151,v4l2_qbuf,0,VIDEO_OUTPUT_MPLANE
13635.260171,v4l2_qbuf,2,VIDEO_CAPTURE_MPLANE
13635.262134,v4l2_dqbuf,2,VIDEO_CAPTURE_MPLANE
13635.262161,v4l2_dqbuf,0,VIDEO_OUTPUT_MPLANE
13635.276727,v4l2_qbuf,0,VIDEO_OUTPUT_MPLANE
13635.276768,v4l2_qbuf,1,VIDEO_CAPTURE_MPLANE
13635.279071,v4l2_dqbuf,1,VIDEO_CAPTURE_MPLANE
13635.279093,v4l2_dqbuf,0,VIDEO_OUTPUT_MPLANE
13635.292938,v4l2_qbuf,0,VIDEO_OUTPUT_MPLANE
13635.292968,v4l2_qbuf,0,VIDEO_CAPTURE_MPLANE
13635.296170,v4l2_dqbuf,0,VIDEO_CAPTURE_MPLANE
13635.296296,v4l2_dqbuf,0,VIDEO_OUTPUT_MPLANE
13635.310374,v4l2_qbuf,0,VIDEO_OUTPUT_MPLANE
13635.310400,v4l2_qbuf,3,VIDEO_CAPTURE_MPLANE
13635.313758,v4l2_dqbuf,3,VIDEO_CAPTURE_MPLANE
13635.313938,v4l2_dqbuf,0,VIDEO_OUTPUT_MPLANE
13635.327951,v4l2_qbuf,0,VIDEO_OUTPUT_MPLANE
13635.327981,v4l2_qbuf,5,VIDEO_CAPTURE_MPLANE
13635.331186,v4l2_dqbuf,5,VIDEO_CAPTURE_MPLANE
13635.331289,v4l2_dqbuf,0,VIDEO_OUTPUT_MPLANE
13635.342770,v4l2_qbuf,0,VIDEO_OUTPUT_MPLANE
13635.342784,v4l2_qbuf,4,VIDEO_CAPTURE_MPLANE
13635.344827,v4l2_dqbuf,4,VIDEO_CAPTURE_MPLANE
13635.344837,v4l2_dqbuf,0,VIDEO_OUTPUT_MPLANE
13635.361666,v4l2_qbuf,0,VIDEO_OUTPUT_MPLANE
13635.361681,v4l2_qbuf,2,VIDEO_CAPTURE_MPLANE
13635.365238,v4l2_dqbuf,2,VIDEO_CAPTURE_MPLANE
13635.365437,v4l2_dqbuf,0,VIDEO_OUTPUT_MPLANE
13635.377914,v4l2_qbuf,0,VIDEO_OUTPUT_MPLANE
13635.377941,v4l2_qbuf,0,VIDEO_CAPTURE_MPLANE
13635.381297,v4l2_dqbuf,0,VIDEO_CAPTURE_MPLANE
13635.381474,v4l2_dqbuf,0,VIDEO_OUTPUT_MPLANE
13635.394734,v4l2_qbuf,0,VIDEO_OUTPUT_MPLANE
13635.394766,v4l2_qbuf,3,VIDEO_CAPTURE_MPLANE
13635.397896,v4l2_dqbuf,3,VIDEO_CAPTURE_MPLANE
13635.398069,v4l2_dqbuf,0,VIDEO_OUTPUT_MPLANE
13635.411190,v4l2_qbuf,0,VIDEO_OUTPUT_MPLANE
13635.411209,v4l2_qbuf,5,VIDEO_CAPTURE_MPLANE
13635.413435,v4l2_dqbuf,5,VIDEO_CAPTURE_MPLANE
13635.413456,v4l2_dqbuf,0,VIDEO_OUTPUT_MPLANE
13635.427895,v4l2_qbuf,0,VIDEO_OUTPUT_MPLANE
13635.427918,v4l2_qbuf,1,VIDEO_CAPTURE_MPLANE
13635.431139,v4l2_dqbuf,1,VIDEO_CAPTURE_MPLANE
13635.431278,v4l2_dqbuf,0,VIDEO_OUTPUT_MPLANE
13635.444575,v4l2_qbuf,0,VIDEO_OUTPUT_MPLANE
13635.444607,v4l2_qbuf,2,VIDEO_CAPTURE_MPLANE
13635.447929,v4l2_dqbuf,2,VIDEO_CAPTURE_MPLANE
13635.448141,v4l2_dqbuf,0,VIDEO_OUTPUT_MPLANE
13635.463354,v4l2_qbuf,0,VIDEO_OUTPUT_MPLANE
13635.463385,v4l2_qbuf,0,VIDEO_CAPTURE_MPLANE
13635.466598,v4l2_dqbuf,0,VIDEO_CAPTURE_MPLANE
13635.466707,v4l2_dqbuf,0,VIDEO_OUTPUT_MPLANE
13635.478850,v4l2_qbuf,0,VIDEO_OUTPUT_MPLANE
13635.478879,v4l2_qbuf,3,VIDEO_CAPTURE_MPLANE
13635.481211,v4l2_dqbuf,3,VIDEO_CAPTURE_MPLANE
13635.481228,v4l2_dqbuf,0,VIDEO_OUTPUT_MPLANE
13635.494495,v4l2_qbuf,0,VIDEO_OUTPUT_MPLANE
13635.494514,v4l2_qbuf,4,VIDEO_CAPTURE_MPLANE
13635.497735,v4l2_dqbuf,4,VIDEO_CAPTURE_MPLANE
13635.497836,v4l2_dqbuf,0,VIDEO_OUTPUT_MPLANE
13635.511220,v4l2_qbuf,0,VIDEO_OUTPUT_MPLANE
13635.511241,v4l2_qbuf,1,VIDEO_CAPTURE_MPLANE
13635.514334,v4l2_dqbuf,1,VIDEO_CAPTURE_MPLANE
13635.514478,v4l2_dqbuf,0,VIDEO_OUTPUT_MPLANE
13635.527933,v4l2_qbuf,0,VIDEO_OUTPUT_MPLANE
13635.527962,v4l2_qbuf,2,VIDEO_CAPTURE_MPLANE
13635.532901,v4l2_dqbuf,2,VIDEO_CAPTURE_MPLANE
13635.533071,v4l2_dqbuf,0,VIDEO_OUTPUT_MPLANE
13635.544875,v4l2_qbuf,0,VIDEO_OUTPUT_MPLANE
13635.544907,v4l2_qbuf,0,VIDEO_CAPTURE_MPLANE
13635.547535,v4l2_dqbuf,0,VIDEO_CAPTURE_MPLANE
13635.547609,v4l2_dqbuf,0,VIDEO_OUTPUT_MPLANE
13635.563156,v4l2_qbuf,0,VIDEO_OUTPUT_MPLANE
13635.563184,v4l2_qbuf,5,VIDEO_CAPTURE_MPLANE
13635.566315,v4l2_dqbuf,5,VIDEO_CAPTURE_MPLANE
13635.566429,v4l2_dqbuf,0,VIDEO_OUTPUT_MPLANE
13635.578201,v4l2_qbuf,0,VIDEO_OUTPUT_MPLANE
13635.578224,v4l2_qbuf,4,VIDEO_CAPTURE_MPLANE
13635.581226,v4l2_dqbuf,4,VIDEO_CAPTURE_MPLANE
13635.581311,v4l2_dqbuf,0,VIDEO_OUTPUT_MPLANE
13635.594476,v4l2_qbuf,0,VIDEO_OUTPUT_MPLANE
13635.594502,v4l2_qbuf,1,VIDEO_CAPTURE_MPLANE
13635.596595,v4l2_dqbuf,1,VIDEO_CAPTURE_MPLANE
13635.596611,v4l2_dqbuf,0,VIDEO_OUTPUT_MPLANE
13635.611602,v4l2_qbuf,0,VIDEO_OUTPUT_MPLANE
13635.611632,v4l2_qbuf,2,VIDEO_CAPTURE_MPLANE
13635.616817,v4l2_dqbuf,2,VIDEO_CAPTURE_MPLANE
13635.617019,v4l2_dqbuf,0,VIDEO_OUTPUT_MPLANE
13635.628304,v4l2_qbuf,0,VIDEO_OUTPUT_MPLANE
13635.628333,v4l2_qbuf,3,VIDEO_CAPTURE_MPLANE
13635.631580,v4l2_dqbuf,3,VIDEO_CAPTURE_MPLANE
13635.631694,v4l2_dqbuf,0,VIDEO_OUTPUT_MPLANE
13635.646467,v4l2_qbuf,0,VIDEO_OUTPUT_MPLANE
13635.646494,v4l2_qbuf,5,VIDEO_CAPTURE_MPLANE
13635.649700,v4l2_dqbuf,5,VIDEO_CAPTURE_MPLANE
13635.649803,v4l2_dqbuf,0,VIDEO_OUTPUT_MPLANE
13635.662125,v4l2_qbuf,0,VIDEO_OUTPUT_MPLANE
13635.662144,v4l2_qbuf,4,VIDEO_CAPTURE_MPLANE
13635.664321,v4l2_dqbuf,4,VIDEO_CAPTURE_MPLANE
13635.664338,v4l2_dqbuf,0,VIDEO_OUTPUT_MPLANE
13635.678091,v4l2_qbuf,0,VIDEO_OUTPUT_MPLANE
13635.678120,v4l2_qbuf,0,VIDEO_CAPTURE_MPLANE
13635.681396,v4l2_dqbuf,0,VIDEO_CAPTURE_MPLANE
13635.681530,v4l2_dqbuf,0,VIDEO_OUTPUT_MPLANE
13635.694748,v4l2_qbuf,0,VIDEO_OUTPUT_MPLANE
13635.694770,v4l2_qbuf,2,VIDEO_CAPTURE_MPLANE
13635.698074,v4l2_dqbuf,2,VIDEO_CAPTURE_MPLANE
13635.698223,v4l2_dqbuf,0,VIDEO_OUTPUT_MPLANE
13635.711378,v4l2_qbuf,0,VIDEO_OUTPUT_MPLANE
13635.711411,v4l2_qbuf,3,VIDEO_CAPTURE_MPLANE
13635.713599,v4l2_dqbuf,3,VIDEO_CAPTURE_MPLANE
13635.713612,v4l2_dqbuf,0,VIDEO_OUTPUT_MPLANE
13635.727987,v4l2_qbuf,0,VIDEO_OUTPUT_MPLANE
13635.728010,v4l2_qbuf,5,VIDEO_CAPTURE_MPLANE
13635.731188,v4l2_dqbuf,5,VIDEO_CAPTURE_MPLANE
13635.731299,v4l2_dqbuf,0,VIDEO_OUTPUT_MPLANE
13635.746883,v4l2_qbuf,0,VIDEO_OUTPUT_MPLANE
13635.746904,v4l2_qbuf,1,VIDEO_CAPTURE_MPLANE
13635.749197,v4l2_dqbuf,1,VIDEO_CAPTURE_MPLANE
13635.749215,v4l2_dqbuf,0,VIDEO_OUTPUT_MPLANE
13635.761273,v4l2_qbuf,0,VIDEO_OUTPUT_MPLANE
13635.761317,v4l2_qbuf,0,VIDEO_CAPTURE_MPLANE
13635.764568,v4l2_dqbuf,0,VIDEO_CAPTURE_MPLANE
13635.764764,v4l2_dqbuf,0,VIDEO_OUTPUT_MPLANE
13635.777895,v4l2_qbuf,0,VIDEO_OUTPUT_MPLANE
13635.777914,v4l2_qbuf,2,VIDEO_CAPTURE_MPLANE
13635.781229,v4l2_dqbuf,2,VIDEO_CAPTURE_MPLANE
13635.781318,v4l2_dqbuf,0,VIDEO_OUTPUT_MPLANE
13635.794543,v4l2_qbuf,0,VIDEO_OUTPUT_MPLANE
13635.794561,v4l2_qbuf,4,VIDEO_CAPTURE_MPLANE
13635.796743,v4l2_dqbuf,4,VIDEO_CAPTURE_MPLANE
13635.796757,v4l2_dqbuf,0,VIDEO_OUTPUT_MPLANE
13635.811217,v4l2_qbuf,0,VIDEO_OUTPUT_MPLANE
13635.811242,v4l2_qbuf,5,VIDEO_CAPTURE_MPLANE
13635.815077,v4l2_dqbuf,5,VIDEO_CAPTURE_MPLANE
13635.815193,v4l2_dqbuf,0,VIDEO_OUTPUT_MPLANE
13635.828479,v4l2_qbuf,0,VIDEO_OUTPUT_MPLANE
13635.828508,v4l2_qbuf,3,VIDEO_CAPTURE_MPLANE
13635.831763,v4l2_dqbuf,3,VIDEO_CAPTURE_MPLANE
13635.831876,v4l2_dqbuf,0,VIDEO_OUTPUT_MPLANE
13635.846530,v4l2_qbuf,0,VIDEO_OUTPUT_MPLANE
13635.846552,v4l2_qbuf,0,VIDEO_CAPTURE_MPLANE
13635.849782,v4l2_dqbuf,0,VIDEO_CAPTURE_MPLANE
13635.849877,v4l2_dqbuf,0,VIDEO_OUTPUT_MPLANE
13635.861483,v4l2_qbuf,0,VIDEO_OUTPUT_MPLANE
13635.861506,v4l2_qbuf,2,VIDEO_CAPTURE_MPLANE
13635.863728,v4l2_dqbuf,2,VIDEO_CAPTURE_MPLANE
13635.863743,v4l2_dqbuf,0,VIDEO_OUTPUT_MPLANE
13635.880214,v4l2_qbuf,0,VIDEO_OUTPUT_MPLANE
13635.880236,v4l2_qbuf,1,VIDEO_CAPTURE_MPLANE
13635.883420,v4l2_dqbuf,1,VIDEO_CAPTURE_MPLANE
13635.883504,v4l2_dqbuf,0,VIDEO_OUTPUT_MPLANE
13635.896671,v4l2_qbuf,0,VIDEO_OUTPUT_MPLANE
13635.896694,v4l2_qbuf,5,VIDEO_CAPTURE_MPLANE
13635.899666,v4l2_dqbuf,5,VIDEO_CAPTURE_MPLANE
13635.899751,v4l2_dqbuf,0,VIDEO_OUTPUT_MPLANE
13635.913103,v4l2_qbuf,0,VIDEO_OUTPUT_MPLANE
13635.913122,v4l2_qbuf,3,VIDEO_CAPTURE_MPLANE
13635.916268,v4l2_dqbuf,3,VIDEO_CAPTURE_MPLANE
13635.916343,v4l2_dqbuf,0,VIDEO_OUTPUT_MPLANE
13635.929897,v4l2_qbuf,0,VIDEO_OUTPUT_MPLANE
13635.929919,v4l2_qbuf,0,VIDEO_CAPTURE_MPLANE
13635.932217,v4l2_dqbuf,0,VIDEO_CAPTURE_MPLANE
13635.932235,v4l2_dqbuf,0,VIDEO_OUTPUT_MPLANE
13635.947442,v4l2_qbuf,0,VIDEO_OUTPUT_MPLANE
13635.947465,v4l2_qbuf,4,VIDEO_CAPTURE_MPLANE
13635.950778,v4l2_dqbuf,4,VIDEO_CAPTURE_MPLANE
13635.950892,v4l2_dqbuf,0,VIDEO_OUTPUT_MPLANE
13635.963113,v4l2_qbuf,0,VIDEO_OUTPUT_MPLANE
13635.963130,v4l2_qbuf,1,VIDEO_CAPTURE_MPLANE
13635.966294,v4l2_dqbuf,1,VIDEO_CAPTURE_MPLANE
13635.966477,v4l2_dqbuf,0,VIDEO_OUTPUT_MPLANE
13635.979986,v4l2_qbuf,0,VIDEO_OUTPUT_MPLANE
13635.980033,v4l2_qbuf,5,VIDEO_CAPTURE_MPLANE
13635.983256,v4l2_dqbuf,5,VIDEO_CAPTURE_MPLANE
13635.983288,v4l2_dqbuf,0,VIDEO_OUTPUT_MPLANE
13635.996667,v4l2_qbuf,0,VIDEO_OUTPUT_MPLANE
13635.996735,v4l2_qbuf,3,VIDEO_CAPTURE_MPLANE
13636.001090,v4l2_dqbuf,3,VIDEO_CAPTURE_MPLANE
13636.001391,v4l2_dqbuf,0,VIDEO_OUTPUT_MPLANE
13636.013197,v4l2_qbuf,0,VIDEO_OUTPUT_MPLANE
13636.013212,v4l2_qbuf,2,VIDEO_CAPTURE_MPLANE
13636.016593,v4l2_dqbuf,2,VIDEO_CAPTURE_MPLANE
13636.016688,v4l2_dqbuf,0,VIDEO_OUTPUT_MPLANE
13636.031387,v4l2_qbuf,0,VIDEO_OUTPUT_MPLANE
13636.031406,v4l2_qbuf,4,VIDEO_CAPTURE_MPLANE
13636.033624,v4l2_dqbuf,4,VIDEO_CAPTURE_MPLANE
13636.033638,v4l2_dqbuf,0,VIDEO_OUTPUT_MPLANE
13636.046974,v4l2_qbuf,0,VIDEO_OUTPUT_MPLANE
13636.046995,v4l2_qbuf,1,VIDEO_CAPTURE_MPLANE
13636.050218,v4l2_dqbuf,1,VIDEO_CAPTURE_MPLANE
13636.050328,v4l2_dqbuf,0,VIDEO_OUTPUT_MPLANE
13636.063055,v4l2_qbuf,0,VIDEO_OUTPUT_MPLANE
13636.063084,v4l2_qbuf,0,VIDEO_CAPTURE_MPLANE
13636.066389,v4l2_dqbuf,0,VIDEO_CAPTURE_MPLANE
13636.066507,v4l2_dqbuf,0,VIDEO_OUTPUT_MPLANE
13636.079624,v4l2_qbuf,0,VIDEO_OUTPUT_MPLANE
13636.079650,v4l2_qbuf,3,VIDEO_CAPTURE_MPLANE
13636.081797,v4l2_dqbuf,3,VIDEO_CAPTURE_MPLANE
13636.081808,v4l2_dqbuf,0,VIDEO_OUTPUT_MPLANE
13636.096559,v4l2_qbuf,0,VIDEO_OUTPUT_MPLANE
13636.096580,v4l2_qbuf,2,VIDEO_CAPTURE_MPLANE
13636.100867,v4l2_dqbuf,2,VIDEO_CAPTURE_MPLANE
13636.100994,v4l2_dqbuf,0,VIDEO_OUTPUT_MPLANE
13636.113156,v4l2_qbuf,0,VIDEO_OUTPUT_MPLANE
13636.113176,v4l2_qbuf,5,VIDEO_CAPTURE_MPLANE
13636.116331,v4l2_dqbuf,5,VIDEO_CAPTURE_MPLANE
13636.116348,v4l2_dqbuf,0,VIDEO_OUTPUT_MPLANE
13636.129708,v4l2_qbuf,0,VIDEO_OUTPUT_MPLANE
13636.129729,v4l2_qbuf,1,VIDEO_CAPTURE_MPLANE
13636.132949,v4l2_dqbuf,1,VIDEO_CAPTURE_MPLANE
13636.133050,v4l2_dqbuf,0,VIDEO_OUTPUT_MPLANE
13636.149217,v4l2_qbuf,0,VIDEO_OUTPUT_MPLANE
13636.149239,v4l2_qbuf,0,VIDEO_CAPTURE_MPLANE
13636.152540,v4l2_dqbuf,0,VIDEO_CAPTURE_MPLANE
13636.152745,v4l2_dqbuf,0,VIDEO_OUTPUT_MPLANE
13636.163305,v4l2_qbuf,0,VIDEO_OUTPUT_MPLANE
13636.163325,v4l2_qbuf,4,VIDEO_CAPTURE_MPLANE
13636.165582,v4l2_dqbuf,4,VIDEO_CAPTURE_MPLANE
13636.165597,v4l2_dqbuf,0,VIDEO_OUTPUT_MPLANE
13636.179748,v4l2_qbuf,0,VIDEO_OUTPUT_MPLANE
13636.179768,v4l2_qbuf,2,VIDEO_CAPTURE_MPLANE
13636.183084,v4l2_dqbuf,2,VIDEO_CAPTURE_MPLANE
13636.183275,v4l2_dqbuf,0,VIDEO_OUTPUT_MPLANE
13636.196783,v4l2_qbuf,0,VIDEO_OUTPUT_MPLANE
13636.196839,v4l2_qbuf,3,VIDEO_CAPTURE_MPLANE
13636.199259,v4l2_dqbuf,3,VIDEO_CAPTURE_MPLANE
13636.199296,v4l2_dqbuf,0,VIDEO_OUTPUT_MPLANE
13636.215330,v4l2_qbuf,0,VIDEO_OUTPUT_MPLANE
13636.215351,v4l2_qbuf,1,VIDEO_CAPTURE_MPLANE
13636.218649,v4l2_dqbuf,1,VIDEO_CAPTURE_MPLANE
13636.218746,v4l2_dqbuf,0,VIDEO_OUTPUT_MPLANE
13636.230463,v4l2_qbuf,0,VIDEO_OUTPUT_MPLANE
13636.230500,v4l2_qbuf,0,VIDEO_CAPTURE_MPLANE
13636.233765,v4l2_dqbuf,0,VIDEO_CAPTURE_MPLANE
13636.233864,v4l2_dqbuf,0,VIDEO_OUTPUT_MPLANE
13636.246514,v4l2_qbuf,0,VIDEO_OUTPUT_MPLANE
13636.246535,v4l2_qbuf,5,VIDEO_CAPTURE_MPLANE
13636.249549,v4l2_dqbuf,5,VIDEO_CAPTURE_MPLANE
13636.249660,v4l2_dqbuf,0,VIDEO_OUTPUT_MPLANE
13636.264799,v4l2_qbuf,0,VIDEO_OUTPUT_MPLANE
13636.264821,v4l2_qbuf,2,VIDEO_CAPTURE_MPLANE
13636.268806,v4l2_dqbuf,2,VIDEO_CAPTURE_MPLANE
13636.268826,v4l2_dqbuf,0,VIDEO_OUTPUT_MPLANE
13636.281692,v4l2_qbuf,0,VIDEO_OUTPUT_MPLANE
13636.281720,v4l2_qbuf,4,VIDEO_CAPTURE_MPLANE
13636.284163,v4l2_dqbuf,4,VIDEO_CAPTURE_MPLANE
13636.284176,v4l2_dqbuf,0,VIDEO_OUTPUT_MPLANE
13636.300182,v4l2_qbuf,0,VIDEO_OUTPUT_MPLANE
13636.300204,v4l2_qbuf,1,VIDEO_CAPTURE_MPLANE
13636.303351,v4l2_dqbuf,1,VIDEO_CAPTURE_MPLANE
13636.303461,v4l2_dqbuf,0,VIDEO_OUTPUT_MPLANE
13636.315053,v4l2_qbuf,0,VIDEO_OUTPUT_MPLANE
13636.315076,v4l2_qbuf,0,VIDEO_CAPTURE_MPLANE
13636.317273,v4l2_dqbuf,0,VIDEO_CAPTURE_MPLANE
13636.317289,v4l2_dqbuf,0,VIDEO_OUTPUT_MPLANE
13636.331669,v4l2_qbuf,0,VIDEO_OUTPUT_MPLANE
13636.331689,v4l2_qbuf,5,VIDEO_CAPTURE_MPLANE
13636.334894,v4l2_dqbuf,5,VIDEO_CAPTURE_MPLANE
13636.334984,v4l2_dqbuf,0,VIDEO_OUTPUT_MPLANE
13636.348341,v4l2_qbuf,0,VIDEO_OUTPUT_MPLANE
13636.348364,v4l2_qbuf,3,VIDEO_CAPTURE_MPLANE
13636.350687,v4l2_dqbuf,3,VIDEO_CAPTURE_MPLANE
13636.350706,v4l2_dqbuf,0,VIDEO_OUTPUT_MPLANE
13636.365135,v4l2_qbuf,0,VIDEO_OUTPUT_MPLANE
13636.365156,v4l2_qbuf,2,VIDEO_CAPTURE_MPLANE
13636.369260,v4l2_dqbuf,2,VIDEO_CAPTURE_MPLANE
13636.369385,v4l2_dqbuf,0,VIDEO_OUTPUT_MPLANE
13636.381412,v4l2_qbuf,0,VIDEO_OUTPUT_MPLANE
13636.381443,v4l2_qbuf,1,VIDEO_CAPTURE_MPLANE
13636.384559,v4l2_dqbuf,1,VIDEO_CAPTURE_MPLANE
13636.384680,v4l2_dqbuf,0,VIDEO_OUTPUT_MPLANE
13636.398307,v4l2_qbuf,0,VIDEO_OUTPUT_MPLANE
13636.398326,v4l2_qbuf,4,VIDEO_CAPTURE_MPLANE
13636.401534,v4l2_dqbuf,4,VIDEO_CAPTURE_MPLANE
13636.401668,v4l2_dqbuf,0,VIDEO_OUTPUT_MPLANE
13636.414917,v4l2_qbuf,0,VIDEO_OUTPUT_MPLANE
13636.414946,v4l2_qbuf,5,VIDEO_CAPTURE_MPLANE
13636.417282,v4l2_dqbuf,5,VIDEO_CAPTURE_MPLANE
13636.417301,v4l2_dqbuf,0,VIDEO_OUTPUT_MPLANE
13636.431872,v4l2_qbuf,0,VIDEO_OUTPUT_MPLANE
13636.431890,v4l2_qbuf,0,VIDEO_CAPTURE_MPLANE
13636.435171,v4l2_dqbuf,0,VIDEO_CAPTURE_MPLANE
13636.435247,v4l2_dqbuf,0,VIDEO_OUTPUT_MPLANE
13636.448305,v4l2_qbuf,0,VIDEO_OUTPUT_MPLANE
13636.448373,v4l2_qbuf,2,VIDEO_CAPTURE_MPLANE
13636.451611,v4l2_dqbuf,2,VIDEO_CAPTURE_MPLANE
13636.451779,v4l2_dqbuf,0,VIDEO_OUTPUT_MPLANE
13636.465611,v4l2_qbuf,0,VIDEO_OUTPUT_MPLANE
13636.465706,v4l2_qbuf,1,VIDEO_CAPTURE_MPLANE
13636.467870,v4l2_dqbuf,1,VIDEO_CAPTURE_MPLANE
13636.467881,v4l2_dqbuf,0,VIDEO_OUTPUT_MPLANE
13636.481902,v4l2_qbuf,0,VIDEO_OUTPUT_MPLANE
13636.481939,v4l2_qbuf,4,VIDEO_CAPTURE_MPLANE
13636.485284,v4l2_dqbuf,4,VIDEO_CAPTURE_MPLANE
13636.485409,v4l2_dqbuf,0,VIDEO_OUTPUT_MPLANE
13636.499962,v4l2_qbuf,0,VIDEO_OUTPUT_MPLANE
13636.499992,v4l2_qbuf,3,VIDEO_CAPTURE_MPLANE
13636.502317,v4l2_dqbuf,3,VIDEO_CAPTURE_MPLANE
13636.502333,v4l2_dqbuf,0,VIDEO_OUTPUT_MPLANE
13636.516193,v4l2_qbuf,0,VIDEO_OUTPUT_MPLANE
13636.516214,v4l2_qbuf,0,VIDEO_CAPTURE_MPLANE
13636.519500,v4l2_dqbuf,0,VIDEO_CAPTURE_MPLANE
13636.519611,v4l2_dqbuf,0,VIDEO_OUTPUT_MPLANE
13636.531536,v4l2_qbuf,0,VIDEO_OUTPUT_MPLANE
13636.531557,v4l2_qbuf,2,VIDEO_CAPTURE_MPLANE
13636.534761,v4l2_dqbuf,2,VIDEO_CAPTURE_MPLANE
13636.534968,v4l2_dqbuf,0,VIDEO_OUTPUT_MPLANE
13636.548517,v4l2_qbuf,0,VIDEO_OUTPUT_MPLANE
13636.548548,v4l2_qbuf,5,VIDEO_CAPTURE_MPLANE
13636.551872,v4l2_dqbuf,5,VIDEO_CAPTURE_MPLANE
13636.552046,v4l2_dqbuf,0,VIDEO_OUTPUT_MPLANE
13636.564668,v4l2_qbuf,0,VIDEO_OUTPUT_MPLANE
13636.564689,v4l2_qbuf,4,VIDEO_CAPTURE_MPLANE
13636.566914,v4l2_dqbuf,4,VIDEO_CAPTURE_MPLANE
13636.566932,v4l2_dqbuf,0,VIDEO_OUTPUT_MPLANE
13636.581448,v4l2_qbuf,0,VIDEO_OUTPUT_MPLANE
13636.581490,v4l2_qbuf,1,VIDEO_CAPTURE_MPLANE
13636.584697,v4l2_dqbuf,1,VIDEO_CAPTURE_MPLANE
13636.584905,v4l2_dqbuf,0,VIDEO_OUTPUT_MPLANE
13636.600673,v4l2_qbuf,0,VIDEO_OUTPUT_MPLANE
13636.600698,v4l2_qbuf,0,VIDEO_CAPTURE_MPLANE
13636.603909,v4l2_dqbuf,0,VIDEO_CAPTURE_MPLANE
13636.604021,v4l2_dqbuf,0,VIDEO_OUTPUT_MPLANE
13636.631325,v4l2_qbuf,0,VIDEO_OUTPUT_MPLANE
13636.631367,v4l2_qbuf,2,VIDEO_CAPTURE_MPLANE
13636.634568,v4l2_qbuf,1,VIDEO_OUTPUT_MPLANE
13636.634588,v4l2_qbuf,5,VIDEO_CAPTURE_MPLANE
13636.634697,v4l2_dqbuf,2,VIDEO_CAPTURE_MPLANE
13636.634922,v4l2_dqbuf,0,VIDEO_OUTPUT_MPLANE
13636.636826,v4l2_dqbuf,5,VIDEO_CAPTURE_MPLANE
13636.636840,v4l2_dqbuf,1,VIDEO_OUTPUT_MPLANE
13636.653120,v4l2_qbuf,0,VIDEO_OUTPUT_MPLANE
13636.653141,v4l2_qbuf,3,VIDEO_CAPTURE_MPLANE
13636.656406,v4l2_dqbuf,3,VIDEO_CAPTURE_MPLANE
13636.656530,v4l2_dqbuf,0,VIDEO_OUTPUT_MPLANE
13636.667623,v4l2_qbuf,0,VIDEO_OUTPUT_MPLANE
13636.667644,v4l2_qbuf,1,VIDEO_CAPTURE_MPLANE
13636.669797,v4l2_dqbuf,1,VIDEO_CAPTURE_MPLANE
13636.669818,v4l2_dqbuf,0,VIDEO_OUTPUT_MPLANE
13636.684224,v4l2_qbuf,0,VIDEO_OUTPUT_MPLANE
13636.684245,v4l2_qbuf,0,VIDEO_CAPTURE_MPLANE
13636.687305,v4l2_dqbuf,0,VIDEO_CAPTURE_MPLANE
13636.687390,v4l2_dqbuf,0,VIDEO_OUTPUT_MPLANE
13636.703063,v4l2_qbuf,0,VIDEO_OUTPUT_MPLANE
13636.703134,v4l2_qbuf,2,VIDEO_CAPTURE_MPLANE
13636.705365,v4l2_dqbuf,2,VIDEO_CAPTURE_MPLANE
13636.705384,v4l2_dqbuf,0,VIDEO_OUTPUT_MPLANE
13636.718662,v4l2_qbuf,0,VIDEO_OUTPUT_MPLANE
13636.718678,v4l2_qbuf,4,VIDEO_CAPTURE_MPLANE
13636.721853,v4l2_dqbuf,4,VIDEO_CAPTURE_MPLANE
13636.721923,v4l2_dqbuf,0,VIDEO_OUTPUT_MPLANE
13636.735976,v4l2_qbuf,0,VIDEO_OUTPUT_MPLANE
13636.735992,v4l2_qbuf,3,VIDEO_CAPTURE_MPLANE
13636.739075,v4l2_dqbuf,3,VIDEO_CAPTURE_MPLANE
13636.739151,v4l2_dqbuf,0,VIDEO_OUTPUT_MPLANE
13636.751235,v4l2_qbuf,0,VIDEO_OUTPUT_MPLANE
13636.751252,v4l2_qbuf,5,VIDEO_CAPTURE_MPLANE
13636.754328,v4l2_dqbuf,5,VIDEO_CAPTURE_MPLANE
13636.754411,v4l2_dqbuf,0,VIDEO_OUTPUT_MPLANE
13636.767655,v4l2_qbuf,0,VIDEO_OUTPUT_MPLANE
13636.767670,v4l2_qbuf,0,VIDEO_CAPTURE_MPLANE
13636.769810,v4l2_dqbuf,0,VIDEO_CAPTURE_MPLANE
13636.769826,v4l2_dqbuf,0,VIDEO_OUTPUT_MPLANE
13636.784755,v4l2_qbuf,0,VIDEO_OUTPUT_MPLANE
13636.784776,v4l2_qbuf,1,VIDEO_CAPTURE_MPLANE
13636.787788,v4l2_dqbuf,1,VIDEO_CAPTURE_MPLANE
13636.787873,v4l2_dqbuf,0,VIDEO_OUTPUT_MPLANE
13636.800842,v4l2_qbuf,0,VIDEO_OUTPUT_MPLANE
13636.800858,v4l2_qbuf,4,VIDEO_CAPTURE_MPLANE
13636.803982,v4l2_dqbuf,4,VIDEO_CAPTURE_MPLANE
13636.804048,v4l2_dqbuf,0,VIDEO_OUTPUT_MPLANE
13636.817687,v4l2_qbuf,0,VIDEO_OUTPUT_MPLANE
13636.817702,v4l2_qbuf,3,VIDEO_CAPTURE_MPLANE
13636.821107,v4l2_dqbuf,3,VIDEO_CAPTURE_MPLANE
13636.821226,v4l2_dqbuf,0,VIDEO_OUTPUT_MPLANE
13636.836533,v4l2_qbuf,0,VIDEO_OUTPUT_MPLANE
13636.836552,v4l2_qbuf,5,VIDEO_CAPTURE_MPLANE
13636.838725,v4l2_dqbuf,5,VIDEO_CAPTURE_MPLANE
13636.838739,v4l2_dqbuf,0,VIDEO_OUTPUT_MPLANE
13636.850883,v4l2_qbuf,0,VIDEO_OUTPUT_MPLANE
13636.850945,v4l2_qbuf,2,VIDEO_CAPTURE_MPLANE
13636.854156,v4l2_dqbuf,2,VIDEO_CAPTURE_MPLANE
13636.854238,v4l2_dqbuf,0,VIDEO_OUTPUT_MPLANE
13636.870434,v4l2_qbuf,0,VIDEO_OUTPUT_MPLANE
13636.870476,v4l2_qbuf,1,VIDEO_CAPTURE_MPLANE
13636.873726,v4l2_dqbuf,1,VIDEO_CAPTURE_MPLANE
13636.873872,v4l2_dqbuf,0,VIDEO_OUTPUT_MPLANE
13636.886920,v4l2_qbuf,0,VIDEO_OUTPUT_MPLANE
13636.886950,v4l2_qbuf,4,VIDEO_CAPTURE_MPLANE
13636.890342,v4l2_dqbuf,4,VIDEO_CAPTURE_MPLANE
13636.890493,v4l2_dqbuf,0,VIDEO_OUTPUT_MPLANE
13636.903648,v4l2_qbuf,0,VIDEO_OUTPUT_MPLANE
13636.903675,v4l2_qbuf,3,VIDEO_CAPTURE_MPLANE
13636.905942,v4l2_dqbuf,3,VIDEO_CAPTURE_MPLANE
13636.905965,v4l2_dqbuf,0,VIDEO_OUTPUT_MPLANE
13636.921801,v4l2_qbuf,0,VIDEO_OUTPUT_MPLANE
13636.921824,v4l2_qbuf,0,VIDEO_CAPTURE_MPLANE
13636.925054,v4l2_dqbuf,0,VIDEO_CAPTURE_MPLANE
13636.925158,v4l2_dqbuf,0,VIDEO_OUTPUT_MPLANE
13636.937065,v4l2_qbuf,0,VIDEO_OUTPUT_MPLANE
13636.937140,v4l2_qbuf,2,VIDEO_CAPTURE_MPLANE
13636.940322,v4l2_dqbuf,2,VIDEO_CAPTURE_MPLANE
13636.940421,v4l2_dqbuf,0,VIDEO_OUTPUT_MPLANE
13636.954938,v4l2_qbuf,0,VIDEO_OUTPUT_MPLANE
13636.954960,v4l2_qbuf,1,VIDEO_CAPTURE_MPLANE
13636.958339,v4l2_dqbuf,1,VIDEO_CAPTURE_MPLANE
13636.958502,v4l2_dqbuf,0,VIDEO_OUTPUT_MPLANE
13636.972248,v4l2_qbuf,0,VIDEO_OUTPUT_MPLANE
13636.972290,v4l2_qbuf,4,VIDEO_CAPTURE_MPLANE
13636.974562,v4l2_dqbuf,4,VIDEO_CAPTURE_MPLANE
13636.974589,v4l2_dqbuf,0,VIDEO_OUTPUT_MPLANE
13636.988819,v4l2_qbuf,0,VIDEO_OUTPUT_MPLANE
13636.988849,v4l2_qbuf,5,VIDEO_CAPTURE_MPLANE
13636.991903,v4l2_dqbuf,5,VIDEO_CAPTURE_MPLANE
13636.991983,v4l2_dqbuf,0,VIDEO_OUTPUT_MPLANE
13637.004969,v4l2_qbuf,0,VIDEO_OUTPUT_MPLANE
13637.004989,v4l2_qbuf,0,VIDEO_CAPTURE_MPLANE
13637.008099,v4l2_dqbuf,0,VIDEO_CAPTURE_MPLANE
13637.008181,v4l2_dqbuf,0,VIDEO_OUTPUT_MPLANE
13637.022074,v4l2_qbuf,0,VIDEO_OUTPUT_MPLANE
13637.022094,v4l2_qbuf,2,VIDEO_CAPTURE_MPLANE
13637.025407,v4l2_dqbuf,2,VIDEO_CAPTURE_MPLANE
13637.025508,v4l2_dqbuf,0,VIDEO_OUTPUT_MPLANE
13637.038305,v4l2_qbuf,0,VIDEO_OUTPUT_MPLANE
13637.038326,v4l2_qbuf,1,VIDEO_CAPTURE_MPLANE
13637.041098,v4l2_dqbuf,1,VIDEO_CAPTURE_MPLANE
13637.041117,v4l2_dqbuf,0,VIDEO_OUTPUT_MPLANE
13637.054958,v4l2_qbuf,0,VIDEO_OUTPUT_MPLANE
13637.054979,v4l2_qbuf,3,VIDEO_CAPTURE_MPLANE
13637.058152,v4l2_dqbuf,3,VIDEO_CAPTURE_MPLANE
13637.058239,v4l2_dqbuf,0,VIDEO_OUTPUT_MPLANE
13637.072772,v4l2_qbuf,0,VIDEO_OUTPUT_MPLANE
13637.072801,v4l2_qbuf,5,VIDEO_CAPTURE_MPLANE
13637.075921,v4l2_dqbuf,5,VIDEO_CAPTURE_MPLANE
13637.076038,v4l2_dqbuf,0,VIDEO_OUTPUT_MPLANE
13637.089512,v4l2_qbuf,0,VIDEO_OUTPUT_MPLANE
13637.089526,v4l2_qbuf,0,VIDEO_CAPTURE_MPLANE
13637.091718,v4l2_dqbuf,0,VIDEO_CAPTURE_MPLANE
13637.091732,v4l2_dqbuf,0,VIDEO_OUTPUT_MPLANE
13637.108560,v4l2_qbuf,0,VIDEO_OUTPUT_MPLANE
13637.108577,v4l2_qbuf,2,VIDEO_CAPTURE_MPLANE
13637.111618,v4l2_dqbuf,2,VIDEO_CAPTURE_MPLANE
13637.111717,v4l2_dqbuf,0,VIDEO_OUTPUT_MPLANE
13637.125240,v4l2_qbuf,0,VIDEO_OUTPUT_MPLANE
13637.125262,v4l2_qbuf,4,VIDEO_CAPTURE_MPLANE
13637.128440,v4l2_dqbuf,4,VIDEO_CAPTURE_MPLANE
13637.128586,v4l2_dqbuf,0,VIDEO_OUTPUT_MPLANE
13637.141918,v4l2_qbuf,0,VIDEO_OUTPUT_MPLANE
13637.141958,v4l2_qbuf,3,VIDEO_CAPTURE_MPLANE
13637.145135,v4l2_dqbuf,3,VIDEO_CAPTURE_MPLANE
13637.145310,v4l2_dqbuf,0,VIDEO_OUTPUT_MPLANE
13637.158704,v4l2_qbuf,0,VIDEO_OUTPUT_MPLANE
13637.158742,v4l2_qbuf,5,VIDEO_CAPTURE_MPLANE
13637.161118,v4l2_dqbuf,5,VIDEO_CAPTURE_MPLANE
13637.161146,v4l2_dqbuf,0,VIDEO_OUTPUT_MPLANE
13637.175279,v4l2_qbuf,0,VIDEO_OUTPUT_MPLANE
13637.175313,v4l2_qbuf,1,VIDEO_CAPTURE_MPLANE
13637.178497,v4l2_dqbuf,1,VIDEO_CAPTURE_MPLANE
13637.178608,v4l2_dqbuf,0,VIDEO_OUTPUT_MPLANE
13637.191741,v4l2_qbuf,0,VIDEO_OUTPUT_MPLANE
13637.191761,v4l2_qbuf,2,VIDEO_CAPTURE_MPLANE
13637.194915,v4l2_dqbuf,2,VIDEO_CAPTURE_MPLANE
13637.195018,v4l2_dqbuf,0,VIDEO_OUTPUT_MPLANE
13637.208252,v4l2_qbuf,0,VIDEO_OUTPUT_MPLANE
13637.208272,v4l2_qbuf,4,VIDEO_CAPTURE_MPLANE
13637.210456,v4l2_dqbuf,4,VIDEO_CAPTURE_MPLANE
13637.210472,v4l2_dqbuf,0,VIDEO_OUTPUT_MPLANE
13637.225162,v4l2_qbuf,0,VIDEO_OUTPUT_MPLANE
13637.225245,v4l2_qbuf,3,VIDEO_CAPTURE_MPLANE
13637.228326,v4l2_dqbuf,3,VIDEO_CAPTURE_MPLANE
13637.228406,v4l2_dqbuf,0,VIDEO_OUTPUT_MPLANE
13637.241834,v4l2_qbuf,0,VIDEO_OUTPUT_MPLANE
13637.241854,v4l2_qbuf,0,VIDEO_CAPTURE_MPLANE
13637.244946,v4l2_dqbuf,0,VIDEO_CAPTURE_MPLANE
13637.245045,v4l2_dqbuf,0,VIDEO_OUTPUT_MPLANE
13637.258661,v4l2_qbuf,0,VIDEO_OUTPUT_MPLANE
13637.258705,v4l2_qbuf,1,VIDEO_CAPTURE_MPLANE
13637.261036,v4l2_dqbuf,1,VIDEO_CAPTURE_MPLANE
13637.261132,v4l2_dqbuf,0,VIDEO_OUTPUT_MPLANE
13637.275136,v4l2_qbuf,0,VIDEO_OUTPUT_MPLANE
13637.275157,v4l2_qbuf,2,VIDEO_CAPTURE_MPLANE
13637.278648,v4l2_dqbuf,2,VIDEO_CAPTURE_MPLANE
13637.278667,v4l2_dqbuf,0,VIDEO_OUTPUT_MPLANE
13637.291904,v4l2_qbuf,0,VIDEO_OUTPUT_MPLANE
13637.291927,v4l2_qbuf,5,VIDEO_CAPTURE_MPLANE
13637.294027,v4l2_dqbuf,5,VIDEO_CAPTURE_MPLANE
13637.294042,v4l2_dqbuf,0,VIDEO_OUTPUT_MPLANE
13637.308529,v4l2_qbuf,0,VIDEO_OUTPUT_MPLANE
13637.308551,v4l2_qbuf,3,VIDEO_CAPTURE_MPLANE
13637.311799,v4l2_dqbuf,3,VIDEO_CAPTURE_MPLANE
13637.311897,v4l2_dqbuf,0,VIDEO_OUTPUT_MPLANE
13637.325127,v4l2_qbuf,0,VIDEO_OUTPUT_MPLANE
13637.325152,v4l2_qbuf,0,VIDEO_CAPTURE_MPLANE
13637.328500,v4l2_dqbuf,0,VIDEO_CAPTURE_MPLANE
13637.328596,v4l2_dqbuf,0,VIDEO_OUTPUT_MPLANE
13637.341641,v4l2_qbuf,0,VIDEO_OUTPUT_MPLANE
13637.341664,v4l2_qbuf,4,VIDEO_CAPTURE_MPLANE
13637.343804,v4l2_dqbuf,4,VIDEO_CAPTURE_MPLANE
13637.343819,v4l2_dqbuf,0,VIDEO_OUTPUT_MPLANE
13637.358357,v4l2_qbuf,0,VIDEO_OUTPUT_MPLANE
13637.358378,v4l2_qbuf,1,VIDEO_CAPTURE_MPLANE
13637.361467,v4l2_dqbuf,1,VIDEO_CAPTURE_MPLANE
13637.361548,v4l2_dqbuf,0,VIDEO_OUTPUT_MPLANE
13637.375367,v4l2_qbuf,0,VIDEO_OUTPUT_MPLANE
13637.375407,v4l2_qbuf,2,VIDEO_CAPTURE_MPLANE
13637.380062,v4l2_dqbuf,2,VIDEO_CAPTURE_MPLANE
13637.380187,v4l2_dqbuf,0,VIDEO_OUTPUT_MPLANE
13637.391847,v4l2_qbuf,0,VIDEO_OUTPUT_MPLANE
13637.391868,v4l2_qbuf,3,VIDEO_CAPTURE_MPLANE
13637.395144,v4l2_dqbuf,3,VIDEO_CAPTURE_MPLANE
13637.395256,v4l2_dqbuf,0,VIDEO_OUTPUT_MPLANE
13637.408630,v4l2_qbuf,0,VIDEO_OUTPUT_MPLANE
13637.408651,v4l2_qbuf,0,VIDEO_CAPTURE_MPLANE
13637.410943,v4l2_dqbuf,0,VIDEO_CAPTURE_MPLANE
13637.410960,v4l2_dqbuf,0,VIDEO_OUTPUT_MPLANE
13637.425205,v4l2_qbuf,0,VIDEO_OUTPUT_MPLANE
13637.425225,v4l2_qbuf,5,VIDEO_CAPTURE_MPLANE
13637.428335,v4l2_dqbuf,5,VIDEO_CAPTURE_MPLANE
13637.428433,v4l2_dqbuf,0,VIDEO_OUTPUT_MPLANE
13637.442032,v4l2_qbuf,0,VIDEO_OUTPUT_MPLANE
13637.442052,v4l2_qbuf,1,VIDEO_CAPTURE_MPLANE
13637.444288,v4l2_dqbuf,1,VIDEO_CAPTURE_MPLANE
13637.444327,v4l2_dqbuf,0,VIDEO_OUTPUT_MPLANE
13637.458650,v4l2_qbuf,0,VIDEO_OUTPUT_MPLANE
13637.458671,v4l2_qbuf,2,VIDEO_CAPTURE_MPLANE
13637.461859,v4l2_dqbuf,2,VIDEO_CAPTURE_MPLANE
13637.461949,v4l2_dqbuf,0,VIDEO_OUTPUT_MPLANE
13637.475309,v4l2_qbuf,0,VIDEO_OUTPUT_MPLANE
13637.475330,v4l2_qbuf,3,VIDEO_CAPTURE_MPLANE
13637.480107,v4l2_dqbuf,3,VIDEO_CAPTURE_MPLANE
13637.480226,v4l2_dqbuf,0,VIDEO_OUTPUT_MPLANE
13637.491995,v4l2_qbuf,0,VIDEO_OUTPUT_MPLANE
13637.492030,v4l2_qbuf,4,VIDEO_CAPTURE_MPLANE
13637.495183,v4l2_dqbuf,4,VIDEO_CAPTURE_MPLANE
13637.495297,v4l2_dqbuf,0,VIDEO_OUTPUT_MPLANE
13637.508506,v4l2_qbuf,0,VIDEO_OUTPUT_MPLANE
13637.508527,v4l2_qbuf,5,VIDEO_CAPTURE_MPLANE
13637.510656,v4l2_dqbuf,5,VIDEO_CAPTURE_MPLANE
13637.510672,v4l2_dqbuf,0,VIDEO_OUTPUT_MPLANE
13637.525470,v4l2_qbuf,0,VIDEO_OUTPUT_MPLANE
13637.525501,v4l2_qbuf,0,VIDEO_CAPTURE_MPLANE
13637.528583,v4l2_dqbuf,0,VIDEO_CAPTURE_MPLANE
13637.528684,v4l2_dqbuf,0,VIDEO_OUTPUT_MPLANE
13637.541590,v4l2_qbuf,0,VIDEO_OUTPUT_MPLANE
13637.541611,v4l2_qbuf,2,VIDEO_CAPTURE_MPLANE
13637.544840,v4l2_dqbuf,2,VIDEO_CAPTURE_MPLANE
13637.544936,v4l2_dqbuf,0,VIDEO_OUTPUT_MPLANE
13637.558717,v4l2_qbuf,0,VIDEO_OUTPUT_MPLANE
13637.558739,v4l2_qbuf,3,VIDEO_CAPTURE_MPLANE
13637.561947,v4l2_dqbuf,3,VIDEO_CAPTURE_MPLANE
13637.562047,v4l2_dqbuf,0,VIDEO_OUTPUT_MPLANE
13637.575103,v4l2_qbuf,0,VIDEO_OUTPUT_MPLANE
13637.575160,v4l2_qbuf,4,VIDEO_CAPTURE_MPLANE
13637.577422,v4l2_dqbuf,4,VIDEO_CAPTURE_MPLANE
13637.577438,v4l2_dqbuf,0,VIDEO_OUTPUT_MPLANE
13637.592109,v4l2_qbuf,0,VIDEO_OUTPUT_MPLANE
13637.592130,v4l2_qbuf,1,VIDEO_CAPTURE_MPLANE
13637.595355,v4l2_dqbuf,1,VIDEO_CAPTURE_MPLANE
13637.595465,v4l2_dqbuf,0,VIDEO_OUTPUT_MPLANE
13637.608508,v4l2_qbuf,0,VIDEO_OUTPUT_MPLANE
13637.608529,v4l2_qbuf,0,VIDEO_CAPTURE_MPLANE
13637.611604,v4l2_dqbuf,0,VIDEO_CAPTURE_MPLANE
13637.611693,v4l2_dqbuf,0,VIDEO_OUTPUT_MPLANE
13637.624949,v4l2_qbuf,0,VIDEO_OUTPUT_MPLANE
13637.624971,v4l2_qbuf,2,VIDEO_CAPTURE_MPLANE
13637.628108,v4l2_dqbuf,2,VIDEO_CAPTURE_MPLANE
13637.628217,v4l2_dqbuf,0,VIDEO_OUTPUT_MPLANE
13637.641515,v4l2_qbuf,0,VIDEO_OUTPUT_MPLANE
13637.641538,v4l2_qbuf,3,VIDEO_CAPTURE_MPLANE
13637.643979,v4l2_dqbuf,3,VIDEO_CAPTURE_MPLANE
13637.644029,v4l2_dqbuf,0,VIDEO_OUTPUT_MPLANE
13637.658316,v4l2_qbuf,0,VIDEO_OUTPUT_MPLANE
13637.658337,v4l2_qbuf,5,VIDEO_CAPTURE_MPLANE
13637.661392,v4l2_dqbuf,5,VIDEO_CAPTURE_MPLANE
13637.661473,v4l2_dqbuf,0,VIDEO_OUTPUT_MPLANE
13637.675054,v4l2_qbuf,0,VIDEO_OUTPUT_MPLANE
13637.675073,v4l2_qbuf,1,VIDEO_CAPTURE_MPLANE
13637.678258,v4l2_dqbuf,1,VIDEO_CAPTURE_MPLANE
13637.678349,v4l2_dqbuf,0,VIDEO_OUTPUT_MPLANE
13637.691967,v4l2_qbuf,0,VIDEO_OUTPUT_MPLANE
13637.691988,v4l2_qbuf,0,VIDEO_CAPTURE_MPLANE
13637.695166,v4l2_dqbuf,0,VIDEO_CAPTURE_MPLANE
13637.695273,v4l2_dqbuf,0,VIDEO_OUTPUT_MPLANE
13637.710760,v4l2_qbuf,0,VIDEO_OUTPUT_MPLANE
13637.710834,v4l2_qbuf,2,VIDEO_CAPTURE_MPLANE
13637.713174,v4l2_dqbuf,2,VIDEO_CAPTURE_MPLANE
13637.713193,v4l2_dqbuf,0,VIDEO_OUTPUT_MPLANE
13637.726903,v4l2_qbuf,0,VIDEO_OUTPUT_MPLANE
13637.726924,v4l2_qbuf,4,VIDEO_CAPTURE_MPLANE
13637.730139,v4l2_dqbuf,4,VIDEO_CAPTURE_MPLANE
13637.730229,v4l2_dqbuf,0,VIDEO_OUTPUT_MPLANE
13637.741554,v4l2_qbuf,0,VIDEO_OUTPUT_MPLANE
13637.741571,v4l2_qbuf,5,VIDEO_CAPTURE_MPLANE
13637.744782,v4l2_dqbuf,5,VIDEO_CAPTURE_MPLANE
13637.744870,v4l2_dqbuf,0,VIDEO_OUTPUT_MPLANE
13637.758106,v4l2_qbuf,0,VIDEO_OUTPUT_MPLANE
13637.758126,v4l2_qbuf,1,VIDEO_CAPTURE_MPLANE
13637.761196,v4l2_dqbuf,1,VIDEO_CAPTURE_MPLANE
13637.761287,v4l2_dqbuf,0,VIDEO_OUTPUT_MPLANE
13637.774774,v4l2_qbuf,0,VIDEO_OUTPUT_MPLANE
13637.774796,v4l2_qbuf,0,VIDEO_CAPTURE_MPLANE
13637.777010,v4l2_dqbuf,0,VIDEO_CAPTURE_MPLANE
13637.777026,v4l2_dqbuf,0,VIDEO_OUTPUT_MPLANE
13637.791522,v4l2_qbuf,0,VIDEO_OUTPUT_MPLANE
13637.791544,v4l2_qbuf,3,VIDEO_CAPTURE_MPLANE
13637.794568,v4l2_dqbuf,3,VIDEO_CAPTURE_MPLANE
13637.794638,v4l2_dqbuf,0,VIDEO_OUTPUT_MPLANE
13637.808103,v4l2_qbuf,0,VIDEO_OUTPUT_MPLANE
13637.808121,v4l2_qbuf,4,VIDEO_CAPTURE_MPLANE
13637.812252,v4l2_dqbuf,4,VIDEO_CAPTURE_MPLANE
13637.812460,v4l2_dqbuf,0,VIDEO_OUTPUT_MPLANE
13637.824943,v4l2_qbuf,0,VIDEO_OUTPUT_MPLANE
13637.824983,v4l2_qbuf,5,VIDEO_CAPTURE_MPLANE
13637.828201,v4l2_dqbuf,5,VIDEO_CAPTURE_MPLANE
13637.828307,v4l2_dqbuf,0,VIDEO_OUTPUT_MPLANE
13637.841493,v4l2_qbuf,0,VIDEO_OUTPUT_MPLANE
13637.841508,v4l2_qbuf,1,VIDEO_CAPTURE_MPLANE
13637.843600,v4l2_dqbuf,1,VIDEO_CAPTURE_MPLANE
13637.843615,v4l2_dqbuf,0,VIDEO_OUTPUT_MPLANE
13637.858061,v4l2_qbuf,0,VIDEO_OUTPUT_MPLANE
13637.858078,v4l2_qbuf,2,VIDEO_CAPTURE_MPLANE
13637.861055,v4l2_dqbuf,2,VIDEO_CAPTURE_MPLANE
13637.861142,v4l2_dqbuf,0,VIDEO_OUTPUT_MPLANE
13637.875074,v4l2_qbuf,0,VIDEO_OUTPUT_MPLANE
13637.875134,v4l2_qbuf,3,VIDEO_CAPTURE_MPLANE
13637.878293,v4l2_dqbuf,3,VIDEO_CAPTURE_MPLANE
13637.878442,v4l2_dqbuf,0,VIDEO_OUTPUT_MPLANE
13637.891662,v4l2_qbuf,0,VIDEO_OUTPUT_MPLANE
13637.891683,v4l2_qbuf,4,VIDEO_CAPTURE_MPLANE
13637.894835,v4l2_dqbuf,4,VIDEO_CAPTURE_MPLANE
13637.894980,v4l2_dqbuf,0,VIDEO_OUTPUT_MPLANE
13637.908261,v4l2_qbuf,0,VIDEO_OUTPUT_MPLANE
13637.908294,v4l2_qbuf,5,VIDEO_CAPTURE_MPLANE
13637.910493,v4l2_dqbuf,5,VIDEO_CAPTURE_MPLANE
13637.910510,v4l2_dqbuf,0,VIDEO_OUTPUT_MPLANE
13637.924775,v4l2_qbuf,0,VIDEO_OUTPUT_MPLANE
13637.924791,v4l2_qbuf,0,VIDEO_CAPTURE_MPLANE
13637.927955,v4l2_dqbuf,0,VIDEO_CAPTURE_MPLANE
13637.928240,v4l2_dqbuf,0,VIDEO_OUTPUT_MPLANE
13637.941969,v4l2_qbuf,0,VIDEO_OUTPUT_MPLANE
13637.942182,v4l2_qbuf,2,VIDEO_CAPTURE_MPLANE
13637.945308,v4l2_dqbuf,2,VIDEO_CAPTURE_MPLANE
13637.945389,v4l2_dqbuf,0,VIDEO_OUTPUT_MPLANE
13637.958306,v4l2_qbuf,0,VIDEO_OUTPUT_MPLANE
13637.958324,v4l2_qbuf,3,VIDEO_CAPTURE_MPLANE
13637.961350,v4l2_dqbuf,3,VIDEO_CAPTURE_MPLANE
13637.961468,v4l2_dqbuf,0,VIDEO_OUTPUT_MPLANE
13637.975058,v4l2_qbuf,0,VIDEO_OUTPUT_MPLANE
13637.975092,v4l2_qbuf,4,VIDEO_CAPTURE_MPLANE
13637.977356,v4l2_dqbuf,4,VIDEO_CAPTURE_MPLANE
13637.977383,v4l2_dqbuf,0,VIDEO_OUTPUT_MPLANE
13637.991594,v4l2_qbuf,0,VIDEO_OUTPUT_MPLANE
13637.991614,v4l2_qbuf,1,VIDEO_CAPTURE_MPLANE
13637.994663,v4l2_dqbuf,1,VIDEO_CAPTURE_MPLANE
13637.994749,v4l2_dqbuf,0,VIDEO_OUTPUT_MPLANE
13638.008483,v4l2_qbuf,0,VIDEO_OUTPUT_MPLANE
13638.008516,v4l2_qbuf,0,VIDEO_CAPTURE_MPLANE
13638.011639,v4l2_dqbuf,0,VIDEO_CAPTURE_MPLANE
13638.011794,v4l2_dqbuf,0,VIDEO_OUTPUT_MPLANE
13638.025160,v4l2_qbuf,0,VIDEO_OUTPUT_MPLANE
13638.025182,v4l2_qbuf,2,VIDEO_CAPTURE_MPLANE
13638.028351,v4l2_dqbuf,2,VIDEO_CAPTURE_MPLANE
13638.028499,v4l2_dqbuf,0,VIDEO_OUTPUT_MPLANE
13638.041680,v4l2_qbuf,0,VIDEO_OUTPUT_MPLANE
13638.041703,v4l2_qbuf,3,VIDEO_CAPTURE_MPLANE
13638.043814,v4l2_dqbuf,3,VIDEO_CAPTURE_MPLANE
13638.043828,v4l2_dqbuf,0,VIDEO_OUTPUT_MPLANE
13638.058506,v4l2_qbuf,0,VIDEO_OUTPUT_MPLANE
13638.058526,v4l2_qbuf,5,VIDEO_CAPTURE_MPLANE
13638.061942,v4l2_dqbuf,5,VIDEO_CAPTURE_MPLANE
13638.062532,v4l2_dqbuf,0,VIDEO_OUTPUT_MPLANE
13638.075230,v4l2_qbuf,0,VIDEO_OUTPUT_MPLANE
13638.075263,v4l2_qbuf,1,VIDEO_CAPTURE_MPLANE
13638.078403,v4l2_dqbuf,1,VIDEO_CAPTURE_MPLANE
13638.078529,v4l2_dqbuf,0,VIDEO_OUTPUT_MPLANE
13638.091952,v4l2_qbuf,0,VIDEO_OUTPUT_MPLANE
13638.091973,v4l2_qbuf,0,VIDEO_CAPTURE_MPLANE
13638.095325,v4l2_dqbuf,0,VIDEO_CAPTURE_MPLANE
13638.095555,v4l2_dqbuf,0,VIDEO_OUTPUT_MPLANE
13638.108563,v4l2_qbuf,0,VIDEO_OUTPUT_MPLANE
13638.108601,v4l2_qbuf,2,VIDEO_CAPTURE_MPLANE
13638.110742,v4l2_dqbuf,2,VIDEO_CAPTURE_MPLANE
13638.110756,v4l2_dqbuf,0,VIDEO_OUTPUT_MPLANE
13638.124959,v4l2_qbuf,0,VIDEO_OUTPUT_MPLANE
13638.124981,v4l2_qbuf,4,VIDEO_CAPTURE_MPLANE
13638.128110,v4l2_dqbuf,4,VIDEO_CAPTURE_MPLANE
13638.128196,v4l2_dqbuf,0,VIDEO_OUTPUT_MPLANE
13638.141775,v4l2_qbuf,0,VIDEO_OUTPUT_MPLANE
13638.141798,v4l2_qbuf,5,VIDEO_CAPTURE_MPLANE
13638.146964,v4l2_dqbuf,5,VIDEO_CAPTURE_MPLANE
13638.147110,v4l2_dqbuf,0,VIDEO_OUTPUT_MPLANE
13638.158256,v4l2_qbuf,0,VIDEO_OUTPUT_MPLANE
13638.158276,v4l2_qbuf,1,VIDEO_CAPTURE_MPLANE
13638.161995,v4l2_dqbuf,1,VIDEO_CAPTURE_MPLANE
13638.162123,v4l2_dqbuf,0,VIDEO_OUTPUT_MPLANE
13638.174972,v4l2_qbuf,0,VIDEO_OUTPUT_MPLANE
13638.174993,v4l2_qbuf,0,VIDEO_CAPTURE_MPLANE
13638.177312,v4l2_dqbuf,0,VIDEO_CAPTURE_MPLANE
13638.177326,v4l2_dqbuf,0,VIDEO_OUTPUT_MPLANE
13638.191816,v4l2_qbuf,0,VIDEO_OUTPUT_MPLANE
13638.191855,v4l2_qbuf,3,VIDEO_CAPTURE_MPLANE
13638.195075,v4l2_dqbuf,3,VIDEO_CAPTURE_MPLANE
13638.195252,v4l2_dqbuf,0,VIDEO_OUTPUT_MPLANE
13638.208391,v4l2_qbuf,0,VIDEO_OUTPUT_MPLANE
13638.208412,v4l2_qbuf,4,VIDEO_CAPTURE_MPLANE
13638.211633,v4l2_dqbuf,4,VIDEO_CAPTURE_MPLANE
13638.211726,v4l2_dqbuf,0,VIDEO_OUTPUT_MPLANE
13638.225054,v4l2_qbuf,0,VIDEO_OUTPUT_MPLANE
13638.225075,v4l2_qbuf,5,VIDEO_CAPTURE_MPLANE
13638.228284,v4l2_dqbuf,5,VIDEO_CAPTURE_MPLANE
13638.228462,v4l2_dqbuf,0,VIDEO_OUTPUT_MPLANE
13638.242063,v4l2_qbuf,0,VIDEO_OUTPUT_MPLANE
13638.242082,v4l2_qbuf,1,VIDEO_CAPTURE_MPLANE
13638.244305,v4l2_dqbuf,1,VIDEO_CAPTURE_MPLANE
13638.244335,v4l2_dqbuf,0,VIDEO_OUTPUT_MPLANE
13638.258645,v4l2_qbuf,0,VIDEO_OUTPUT_MPLANE
13638.258664,v4l2_qbuf,2,VIDEO_CAPTURE_MPLANE
13638.262751,v4l2_dqbuf,2,VIDEO_CAPTURE_MPLANE
13638.262901,v4l2_dqbuf,0,VIDEO_OUTPUT_MPLANE
13638.275644,v4l2_qbuf,0,VIDEO_OUTPUT_MPLANE
13638.275729,v4l2_qbuf,3,VIDEO_CAPTURE_MPLANE
13638.277888,v4l2_dqbuf,3,VIDEO_CAPTURE_MPLANE
13638.277912,v4l2_dqbuf,0,VIDEO_OUTPUT_MPLANE
13638.292347,v4l2_qbuf,0,VIDEO_OUTPUT_MPLANE
13638.292387,v4l2_qbuf,4,VIDEO_CAPTURE_MPLANE
13638.294567,v4l2_dqbuf,4,VIDEO_CAPTURE_MPLANE
13638.294592,v4l2_dqbuf,0,VIDEO_OUTPUT_MPLANE
13638.308830,v4l2_qbuf,0,VIDEO_OUTPUT_MPLANE
13638.308868,v4l2_qbuf,5,VIDEO_CAPTURE_MPLANE
13638.312137,v4l2_dqbuf,5,VIDEO_CAPTURE_MPLANE
13638.312324,v4l2_dqbuf,0,VIDEO_OUTPUT_MPLANE
13638.325725,v4l2_qbuf,0,VIDEO_OUTPUT_MPLANE
13638.325766,v4l2_qbuf,0,VIDEO_CAPTURE_MPLANE
13638.329102,v4l2_dqbuf,0,VIDEO_CAPTURE_MPLANE
13638.329284,v4l2_dqbuf,0,VIDEO_OUTPUT_MPLANE
13638.341931,v4l2_qbuf,0,VIDEO_OUTPUT_MPLANE
13638.341969,v4l2_qbuf,2,VIDEO_CAPTURE_MPLANE
13638.345268,v4l2_dqbuf,2,VIDEO_CAPTURE_MPLANE
13638.345458,v4l2_dqbuf,0,VIDEO_OUTPUT_MPLANE
13638.358655,v4l2_qbuf,0,VIDEO_OUTPUT_MPLANE
13638.358688,v4l2_qbuf,1,VIDEO_CAPTURE_MPLANE
13638.361035,v4l2_dqbuf,1,VIDEO_CAPTURE_MPLANE
13638.361058,v4l2_dqbuf,0,VIDEO_OUTPUT_MPLANE
13638.375291,v4l2_qbuf,0,VIDEO_OUTPUT_MPLANE
13638.375321,v4l2_qbuf,3,VIDEO_CAPTURE_MPLANE
13638.379074,v4l2_dqbuf,3,VIDEO_CAPTURE_MPLANE
13638.379186,v4l2_dqbuf,0,VIDEO_OUTPUT_MPLANE
13638.391671,v4l2_qbuf,0,VIDEO_OUTPUT_MPLANE
13638.391694,v4l2_qbuf,5,VIDEO_CAPTURE_MPLANE
13638.394901,v4l2_dqbuf,5,VIDEO_CAPTURE_MPLANE
13638.394985,v4l2_dqbuf,0,VIDEO_OUTPUT_MPLANE
13638.408270,v4l2_qbuf,0,VIDEO_OUTPUT_MPLANE
13638.408303,v4l2_qbuf,0,VIDEO_CAPTURE_MPLANE
13638.411606,v4l2_dqbuf,0,VIDEO_CAPTURE_MPLANE
13638.411706,v4l2_dqbuf,0,VIDEO_OUTPUT_MPLANE
13638.425363,v4l2_qbuf,0,VIDEO_OUTPUT_MPLANE
13638.425408,v4l2_qbuf,2,VIDEO_CAPTURE_MPLANE
13638.427833,v4l2_dqbuf,2,VIDEO_CAPTURE_MPLANE
13638.427858,v4l2_dqbuf,0,VIDEO_OUTPUT_MPLANE
13638.441798,v4l2_qbuf,0,VIDEO_OUTPUT_MPLANE
13638.441820,v4l2_qbuf,4,VIDEO_CAPTURE_MPLANE
13638.444907,v4l2_dqbuf,4,VIDEO_CAPTURE_MPLANE
13638.444993,v4l2_dqbuf,0,VIDEO_OUTPUT_MPLANE
13638.458801,v4l2_qbuf,0,VIDEO_OUTPUT_MPLANE
13638.458838,v4l2_qbuf,3,VIDEO_CAPTURE_MPLANE
13638.463750,v4l2_dqbuf,3,VIDEO_CAPTURE_MPLANE
13638.463875,v4l2_dqbuf,0,VIDEO_OUTPUT_MPLANE
13638.475409,v4l2_qbuf,0,VIDEO_OUTPUT_MPLANE
13638.475517,v4l2_qbuf,5,VIDEO_CAPTURE_MPLANE
13638.478898,v4l2_dqbuf,5,VIDEO_CAPTURE_MPLANE
13638.479020,v4l2_dqbuf,0,VIDEO_OUTPUT_MPLANE
13638.491789,v4l2_qbuf,0,VIDEO_OUTPUT_MPLANE
13638.491809,v4l2_qbuf,0,VIDEO_CAPTURE_MPLANE
13638.494038,v4l2_dqbuf,0,VIDEO_CAPTURE_MPLANE
13638.494056,v4l2_dqbuf,0,VIDEO_OUTPUT_MPLANE
13638.508305,v4l2_qbuf,0,VIDEO_OUTPUT_MPLANE
13638.508325,v4l2_qbuf,1,VIDEO_CAPTURE_MPLANE
13638.511506,v4l2_dqbuf,1,VIDEO_CAPTURE_MPLANE
13638.511714,v4l2_dqbuf,0,VIDEO_OUTPUT_MPLANE
13638.525384,v4l2_qbuf,0,VIDEO_OUTPUT_MPLANE
13638.525428,v4l2_qbuf,4,VIDEO_CAPTURE_MPLANE
13638.528697,v4l2_dqbuf,4,VIDEO_CAPTURE_MPLANE
13638.528872,v4l2_dqbuf,0,VIDEO_OUTPUT_MPLANE
13638.542174,v4l2_qbuf,0,VIDEO_OUTPUT_MPLANE
13638.542293,v4l2_qbuf,3,VIDEO_CAPTURE_MPLANE
13638.545578,v4l2_dqbuf,3,VIDEO_CAPTURE_MPLANE
13638.545737,v4l2_dqbuf,0,VIDEO_OUTPUT_MPLANE
13638.558547,v4l2_qbuf,0,VIDEO_OUTPUT_MPLANE
13638.558581,v4l2_qbuf,5,VIDEO_CAPTURE_MPLANE
13638.560949,v4l2_dqbuf,5,VIDEO_CAPTURE_MPLANE
13638.560974,v4l2_dqbuf,0,VIDEO_OUTPUT_MPLANE
13638.575095,v4l2_qbuf,0,VIDEO_OUTPUT_MPLANE
13638.575129,v4l2_qbuf,2,VIDEO_CAPTURE_MPLANE
13638.578608,v4l2_dqbuf,2,VIDEO_CAPTURE_MPLANE
13638.578723,v4l2_dqbuf,0,VIDEO_OUTPUT_MPLANE
13638.591876,v4l2_qbuf,0,VIDEO_OUTPUT_MPLANE
13638.591953,v4l2_qbuf,1,VIDEO_CAPTURE_MPLANE
13638.595101,v4l2_dqbuf,1,VIDEO_CAPTURE_MPLANE
13638.595170,v4l2_dqbuf,0,VIDEO_OUTPUT_MPLANE
13638.608069,v4l2_qbuf,0,VIDEO_OUTPUT_MPLANE
13638.608091,v4l2_qbuf,4,VIDEO_CAPTURE_MPLANE
13638.611159,v4l2_dqbuf,4,VIDEO_CAPTURE_MPLANE
13638.611258,v4l2_dqbuf,0,VIDEO_OUTPUT_MPLANE
13638.624823,v4l2_qbuf,0,VIDEO_OUTPUT_MPLANE
13638.624854,v4l2_qbuf,3,VIDEO_CAPTURE_MPLANE
13638.626981,v4l2_dqbuf,3,VIDEO_CAPTURE_MPLANE
13638.626995,v4l2_dqbuf,0,VIDEO_OUTPUT_MPLANE
13638.641485,v4l2_qbuf,0,VIDEO_OUTPUT_MPLANE
13638.641513,v4l2_qbuf,0,VIDEO_CAPTURE_MPLANE
13638.644672,v4l2_dqbuf,0,VIDEO_CAPTURE_MPLANE
13638.644795,v4l2_dqbuf,0,VIDEO_OUTPUT_MPLANE
13638.658555,v4l2_qbuf,0,VIDEO_OUTPUT_MPLANE
13638.658585,v4l2_qbuf,2,VIDEO_CAPTURE_MPLANE
13638.662345,v4l2_dqbuf,2,VIDEO_CAPTURE_MPLANE
13638.662468,v4l2_dqbuf,0,VIDEO_OUTPUT_MPLANE
13638.674796,v4l2_qbuf,0,VIDEO_OUTPUT_MPLANE
13638.674819,v4l2_qbuf,1,VIDEO_CAPTURE_MPLANE
13638.677961,v4l2_dqbuf,1,VIDEO_CAPTURE_MPLANE
13638.678051,v4l2_dqbuf,0,VIDEO_OUTPUT_MPLANE
13638.691504,v4l2_qbuf,0,VIDEO_OUTPUT_MPLANE
13638.691524,v4l2_qbuf,4,VIDEO_CAPTURE_MPLANE
13638.693667,v4l2_dqbuf,4,VIDEO_CAPTURE_MPLANE
13638.693687,v4l2_dqbuf,0,VIDEO_OUTPUT_MPLANE
13638.708319,v4l2_qbuf,0,VIDEO_OUTPUT_MPLANE
13638.708346,v4l2_qbuf,5,VIDEO_CAPTURE_MPLANE
13638.713148,v4l2_dqbuf,5,VIDEO_CAPTURE_MPLANE
13638.713264,v4l2_dqbuf,0,VIDEO_OUTPUT_MPLANE
13638.726991,v4l2_qbuf,0,VIDEO_OUTPUT_MPLANE
13638.727028,v4l2_qbuf,0,VIDEO_CAPTURE_MPLANE
13638.731329,v4l2_dqbuf,0,VIDEO_CAPTURE_MPLANE
13638.731504,v4l2_dqbuf,0,VIDEO_OUTPUT_MPLANE
13638.741555,v4l2_qbuf,0,VIDEO_OUTPUT_MPLANE
13638.741571,v4l2_qbuf,2,VIDEO_CAPTURE_MPLANE
13638.744672,v4l2_dqbuf,2,VIDEO_CAPTURE_MPLANE
13638.744744,v4l2_dqbuf,0,VIDEO_OUTPUT_MPLANE
13638.758412,v4l2_qbuf,0,VIDEO_OUTPUT_MPLANE
13638.758427,v4l2_qbuf,1,VIDEO_CAPTURE_MPLANE
13638.760577,v4l2_dqbuf,1,VIDEO_CAPTURE_MPLANE
13638.760590,v4l2_dqbuf,0,VIDEO_OUTPUT_MPLANE
13638.775327,v4l2_qbuf,0,VIDEO_OUTPUT_MPLANE
13638.775356,v4l2_qbuf,3,VIDEO_CAPTURE_MPLANE
13638.778526,v4l2_dqbuf,3,VIDEO_CAPTURE_MPLANE
13638.778613,v4l2_dqbuf,0,VIDEO_OUTPUT_MPLANE
13638.791543,v4l2_qbuf,0,VIDEO_OUTPUT_MPLANE
13638.791560,v4l2_qbuf,5,VIDEO_CAPTURE_MPLANE
13638.794855,v4l2_dqbuf,5,VIDEO_CAPTURE_MPLANE
13638.794947,v4l2_dqbuf,0,VIDEO_OUTPUT_MPLANE
13638.808302,v4l2_qbuf,0,VIDEO_OUTPUT_MPLANE
13638.808325,v4l2_qbuf,0,VIDEO_CAPTURE_MPLANE
13638.811614,v4l2_dqbuf,0,VIDEO_CAPTURE_MPLANE
13638.811705,v4l2_dqbuf,0,VIDEO_OUTPUT_MPLANE
13638.825122,v4l2_qbuf,0,VIDEO_OUTPUT_MPLANE
13638.825142,v4l2_qbuf,2,VIDEO_CAPTURE_MPLANE
13638.828749,v4l2_dqbuf,2,VIDEO_CAPTURE_MPLANE
13638.828767,v4l2_dqbuf,0,VIDEO_OUTPUT_MPLANE
13638.842037,v4l2_qbuf,0,VIDEO_OUTPUT_MPLANE
13638.842059,v4l2_qbuf,4,VIDEO_CAPTURE_MPLANE
13638.845351,v4l2_dqbuf,4,VIDEO_CAPTURE_MPLANE
13638.845573,v4l2_dqbuf,0,VIDEO_OUTPUT_MPLANE
13638.858676,v4l2_qbuf,0,VIDEO_OUTPUT_MPLANE
13638.858720,v4l2_qbuf,3,VIDEO_CAPTURE_MPLANE
13638.861869,v4l2_dqbuf,3,VIDEO_CAPTURE_MPLANE
13638.862077,v4l2_dqbuf,0,VIDEO_OUTPUT_MPLANE
13638.874993,v4l2_qbuf,0,VIDEO_OUTPUT_MPLANE
13638.875020,v4l2_qbuf,5,VIDEO_CAPTURE_MPLANE
13638.878138,v4l2_dqbuf,5,VIDEO_CAPTURE_MPLANE
13638.878288,v4l2_dqbuf,0,VIDEO_OUTPUT_MPLANE
13638.891354,v4l2_qbuf,0,VIDEO_OUTPUT_MPLANE
13638.891368,v4l2_qbuf,0,VIDEO_CAPTURE_MPLANE
13638.893489,v4l2_dqbuf,0,VIDEO_CAPTURE_MPLANE
13638.893514,v4l2_dqbuf,0,VIDEO_OUTPUT_MPLANE
13638.908386,v4l2_qbuf,0,VIDEO_OUTPUT_MPLANE
13638.908405,v4l2_qbuf,1,VIDEO_CAPTURE_MPLANE
13638.911566,v4l2_dqbuf,1,VIDEO_CAPTURE_MPLANE
13638.911738,v4l2_dqbuf,0,VIDEO_OUTPUT_MPLANE
13638.924967,v4l2_qbuf,0,VIDEO_OUTPUT_MPLANE
13638.924985,v4l2_qbuf,4,VIDEO_CAPTURE_MPLANE
13638.928640,v4l2_dqbuf,4,VIDEO_CAPTURE_MPLANE
13638.928754,v4l2_dqbuf,0,VIDEO_OUTPUT_MPLANE
13638.941705,v4l2_qbuf,0,VIDEO_OUTPUT_MPLANE
13638.941732,v4l2_qbuf,3,VIDEO_CAPTURE_MPLANE
13638.945081,v4l2_dqbuf,3,VIDEO_CAPTURE_MPLANE
13638.945164,v4l2_dqbuf,0,VIDEO_OUTPUT_MPLANE
13638.958041,v4l2_qbuf,0,VIDEO_OUTPUT_MPLANE
13638.958062,v4l2_qbuf,5,VIDEO_CAPTURE_MPLANE
13638.960147,v4l2_dqbuf,5,VIDEO_CAPTURE_MPLANE
13638.960161,v4l2_dqbuf,0,VIDEO_OUTPUT_MPLANE
13638.974838,v4l2_qbuf,0,VIDEO_OUTPUT_MPLANE
13638.974860,v4l2_qbuf,2,VIDEO_CAPTURE_MPLANE
13638.977978,v4l2_dqbuf,2,VIDEO_CAPTURE_MPLANE
13638.978078,v4l2_dqbuf,0,VIDEO_OUTPUT_MPLANE
13638.991388,v4l2_qbuf,0,VIDEO_OUTPUT_MPLANE
13638.991409,v4l2_qbuf,1,VIDEO_CAPTURE_MPLANE
13638.994684,v4l2_dqbuf,1,VIDEO_CAPTURE_MPLANE
13638.994789,v4l2_dqbuf,0,VIDEO_OUTPUT_MPLANE
13639.008332,v4l2_qbuf,0,VIDEO_OUTPUT_MPLANE
13639.008353,v4l2_qbuf,4,VIDEO_CAPTURE_MPLANE
13639.011972,v4l2_dqbuf,4,VIDEO_CAPTURE_MPLANE
13639.012193,v4l2_dqbuf,0,VIDEO_OUTPUT_MPLANE
13639.025240,v4l2_qbuf,0,VIDEO_OUTPUT_MPLANE
13639.025260,v4l2_qbuf,3,VIDEO_CAPTURE_MPLANE
13639.027474,v4l2_dqbuf,3,VIDEO_CAPTURE_MPLANE
13639.027490,v4l2_dqbuf,0,VIDEO_OUTPUT_MPLANE
13639.042660,v4l2_qbuf,0,VIDEO_OUTPUT_MPLANE
13639.042687,v4l2_qbuf,0,VIDEO_CAPTURE_MPLANE
13639.046660,v4l2_dqbuf,0,VIDEO_CAPTURE_MPLANE
13639.046946,v4l2_dqbuf,0,VIDEO_OUTPUT_MPLANE
13639.058490,v4l2_qbuf,0,VIDEO_OUTPUT_MPLANE
13639.058526,v4l2_qbuf,2,VIDEO_CAPTURE_MPLANE
13639.061882,v4l2_dqbuf,2,VIDEO_CAPTURE_MPLANE
13639.062066,v4l2_dqbuf,0,VIDEO_OUTPUT_MPLANE
13639.075047,v4l2_qbuf,0,VIDEO_OUTPUT_MPLANE
13639.075078,v4l2_qbuf,1,VIDEO_CAPTURE_MPLANE
13639.078164,v4l2_dqbuf,1,VIDEO_CAPTURE_MPLANE
13639.078427,v4l2_dqbuf,0,VIDEO_OUTPUT_MPLANE
13639.091652,v4l2_qbuf,0,VIDEO_OUTPUT_MPLANE
13639.091672,v4l2_qbuf,4,VIDEO_CAPTURE_MPLANE
13639.096231,v4l2_dqbuf,4,VIDEO_CAPTURE_MPLANE
13639.096252,v4l2_dqbuf,0,VIDEO_OUTPUT_MPLANE
13639.108473,v4l2_qbuf,0,VIDEO_OUTPUT_MPLANE
13639.108488,v4l2_qbuf,5,VIDEO_CAPTURE_MPLANE
13639.111615,v4l2_dqbuf,5,VIDEO_CAPTURE_MPLANE
13639.111682,v4l2_dqbuf,0,VIDEO_OUTPUT_MPLANE
13639.125072,v4l2_qbuf,0,VIDEO_OUTPUT_MPLANE
13639.125088,v4l2_qbuf,0,VIDEO_CAPTURE_MPLANE
13639.128390,v4l2_dqbuf,0,VIDEO_CAPTURE_MPLANE
13639.128485,v4l2_dqbuf,0,VIDEO_OUTPUT_MPLANE
13639.141789,v4l2_qbuf,0,VIDEO_OUTPUT_MPLANE
13639.141856,v4l2_qbuf,2,VIDEO_CAPTURE_MPLANE
13639.145212,v4l2_dqbuf,2,VIDEO_CAPTURE_MPLANE
13639.145302,v4l2_dqbuf,0,VIDEO_OUTPUT_MPLANE
13639.158290,v4l2_qbuf,0,VIDEO_OUTPUT_MPLANE
13639.158321,v4l2_qbuf,1,VIDEO_CAPTURE_MPLANE
13639.160526,v4l2_dqbuf,1,VIDEO_CAPTURE_MPLANE
13639.160545,v4l2_dqbuf,0,VIDEO_OUTPUT_MPLANE
13639.175267,v4l2_qbuf,0,VIDEO_OUTPUT_MPLANE
13639.175297,v4l2_qbuf,3,VIDEO_CAPTURE_MPLANE
13639.179756,v4l2_dqbuf,3,VIDEO_CAPTURE_MPLANE
13639.179877,v4l2_dqbuf,0,VIDEO_OUTPUT_MPLANE
13639.191633,v4l2_qbuf,0,VIDEO_OUTPUT_MPLANE
13639.191654,v4l2_qbuf,5,VIDEO_CAPTURE_MPLANE
13639.194855,v4l2_dqbuf,5,VIDEO_CAPTURE_MPLANE
13639.194968,v4l2_dqbuf,0,VIDEO_OUTPUT_MPLANE
13639.208475,v4l2_qbuf,0,VIDEO_OUTPUT_MPLANE
13639.208497,v4l2_qbuf,0,VIDEO_CAPTURE_MPLANE
13639.211633,v4l2_dqbuf,0,VIDEO_CAPTURE_MPLANE
13639.211709,v4l2_dqbuf,0,VIDEO_OUTPUT_MPLANE
13639.225036,v4l2_qbuf,0,VIDEO_OUTPUT_MPLANE
13639.225061,v4l2_qbuf,2,VIDEO_CAPTURE_MPLANE
13639.227309,v4l2_dqbuf,2,VIDEO_CAPTURE_MPLANE
13639.227324,v4l2_dqbuf,0,VIDEO_OUTPUT_MPLANE
13639.258335,v4l2_qbuf,0,VIDEO_OUTPUT_MPLANE
13639.258365,v4l2_qbuf,4,VIDEO_CAPTURE_MPLANE
13639.258566,v4l2_qbuf,1,VIDEO_OUTPUT_MPLANE
13639.258577,v4l2_qbuf,5,VIDEO_CAPTURE_MPLANE
13639.261646,v4l2_dqbuf,4,VIDEO_CAPTURE_MPLANE
13639.261781,v4l2_dqbuf,0,VIDEO_OUTPUT_MPLANE
13639.264794,v4l2_dqbuf,5,VIDEO_CAPTURE_MPLANE
13639.264940,v4l2_dqbuf,1,VIDEO_OUTPUT_MPLANE
13639.276546,v4l2_qbuf,0,VIDEO_OUTPUT_MPLANE
13639.276569,v4l2_qbuf,3,VIDEO_CAPTURE_MPLANE
13639.278702,v4l2_dqbuf,3,VIDEO_CAPTURE_MPLANE
13639.278718,v4l2_dqbuf,0,VIDEO_OUTPUT_MPLANE
13639.293278,v4l2_qbuf,0,VIDEO_OUTPUT_MPLANE
13639.293308,v4l2_qbuf,0,VIDEO_CAPTURE_MPLANE
13639.295598,v4l2_dqbuf,0,VIDEO_CAPTURE_MPLANE
13639.295624,v4l2_dqbuf,0,VIDEO_OUTPUT_MPLANE
13639.308467,v4l2_qbuf,0,VIDEO_OUTPUT_MPLANE
13639.308486,v4l2_qbuf,1,VIDEO_CAPTURE_MPLANE
13639.311933,v4l2_dqbuf,1,VIDEO_CAPTURE_MPLANE
13639.312053,v4l2_dqbuf,0,VIDEO_OUTPUT_MPLANE
13639.325069,v4l2_qbuf,0,VIDEO_OUTPUT_MPLANE
13639.325091,v4l2_qbuf,4,VIDEO_CAPTURE_MPLANE
13639.328591,v4l2_dqbuf,4,VIDEO_CAPTURE_MPLANE
13639.328716,v4l2_dqbuf,0,VIDEO_OUTPUT_MPLANE
13639.341696,v4l2_qbuf,0,VIDEO_OUTPUT_MPLANE
13639.341736,v4l2_qbuf,5,VIDEO_CAPTURE_MPLANE
13639.344991,v4l2_dqbuf,5,VIDEO_CAPTURE_MPLANE
13639.345094,v4l2_dqbuf,0,VIDEO_OUTPUT_MPLANE
13639.358278,v4l2_qbuf,0,VIDEO_OUTPUT_MPLANE
13639.358298,v4l2_qbuf,2,VIDEO_CAPTURE_MPLANE
13639.360632,v4l2_dqbuf,2,VIDEO_CAPTURE_MPLANE
13639.360656,v4l2_dqbuf,0,VIDEO_OUTPUT_MPLANE
13639.375789,v4l2_qbuf,0,VIDEO_OUTPUT_MPLANE
13639.375824,v4l2_qbuf,3,VIDEO_CAPTURE_MPLANE
13639.379304,v4l2_dqbuf,3,VIDEO_CAPTURE_MPLANE
13639.379429,v4l2_dqbuf,0,VIDEO_OUTPUT_MPLANE
13639.391787,v4l2_qbuf,0,VIDEO_OUTPUT_MPLANE
13639.391809,v4l2_qbuf,1,VIDEO_CAPTURE_MPLANE
13639.397055,v4l2_dqbuf,1,VIDEO_CAPTURE_MPLANE
13639.397172,v4l2_dqbuf,0,VIDEO_OUTPUT_MPLANE
13639.408351,v4l2_qbuf,0,VIDEO_OUTPUT_MPLANE
13639.408374,v4l2_qbuf,4,VIDEO_CAPTURE_MPLANE
13639.411763,v4l2_dqbuf,4,VIDEO_CAPTURE_MPLANE
13639.411939,v4l2_dqbuf,0,VIDEO_OUTPUT_MPLANE
13639.425123,v4l2_qbuf,0,VIDEO_OUTPUT_MPLANE
13639.425144,v4l2_qbuf,5,VIDEO_CAPTURE_MPLANE
13639.427457,v4l2_dqbuf,5,VIDEO_CAPTURE_MPLANE
13639.427482,v4l2_dqbuf,0,VIDEO_OUTPUT_MPLANE
13639.441729,v4l2_qbuf,0,VIDEO_OUTPUT_MPLANE
13639.441750,v4l2_qbuf,0,VIDEO_CAPTURE_MPLANE
13639.445093,v4l2_dqbuf,0,VIDEO_CAPTURE_MPLANE
13639.445185,v4l2_dqbuf,0,VIDEO_OUTPUT_MPLANE
13639.458263,v4l2_qbuf,0,VIDEO_OUTPUT_MPLANE
13639.458279,v4l2_qbuf,3,VIDEO_CAPTURE_MPLANE
13639.461673,v4l2_dqbuf,3,VIDEO_CAPTURE_MPLANE
13639.461762,v4l2_dqbuf,0,VIDEO_OUTPUT_MPLANE
13639.475165,v4l2_qbuf,0,VIDEO_OUTPUT_MPLANE
13639.475187,v4l2_qbuf,1,VIDEO_CAPTURE_MPLANE
13639.478440,v4l2_dqbuf,1,VIDEO_CAPTURE_MPLANE
13639.478528,v4l2_dqbuf,0,VIDEO_OUTPUT_MPLANE
13639.491950,v4l2_qbuf,0,VIDEO_OUTPUT_MPLANE
13639.491971,v4l2_qbuf,4,VIDEO_CAPTURE_MPLANE
13639.494225,v4l2_dqbuf,4,VIDEO_CAPTURE_MPLANE
13639.494241,v4l2_dqbuf,0,VIDEO_OUTPUT_MPLANE
13639.508781,v4l2_qbuf,0,VIDEO_OUTPUT_MPLANE
13639.508801,v4l2_qbuf,2,VIDEO_CAPTURE_MPLANE
13639.512125,v4l2_dqbuf,2,VIDEO_CAPTURE_MPLANE
13639.512343,v4l2_dqbuf,0,VIDEO_OUTPUT_MPLANE
13639.524958,v4l2_qbuf,0,VIDEO_OUTPUT_MPLANE
13639.524977,v4l2_qbuf,0,VIDEO_CAPTURE_MPLANE
13639.528221,v4l2_dqbuf,0,VIDEO_CAPTURE_MPLANE
13639.528304,v4l2_dqbuf,0,VIDEO_OUTPUT_MPLANE
13639.542108,v4l2_qbuf,0,VIDEO_OUTPUT_MPLANE
13639.542132,v4l2_qbuf,3,VIDEO_CAPTURE_MPLANE
13639.545472,v4l2_dqbuf,3,VIDEO_CAPTURE_MPLANE
13639.545563,v4l2_dqbuf,0,VIDEO_OUTPUT_MPLANE
13639.558543,v4l2_qbuf,0,VIDEO_OUTPUT_MPLANE
13639.558631,v4l2_qbuf,1,VIDEO_CAPTURE_MPLANE
13639.561073,v4l2_dqbuf,1,VIDEO_CAPTURE_MPLANE
13639.561093,v4l2_dqbuf,0,VIDEO_OUTPUT_MPLANE
13639.575092,v4l2_qbuf,0,VIDEO_OUTPUT_MPLANE
13639.575114,v4l2_qbuf,5,VIDEO_CAPTURE_MPLANE
13639.578455,v4l2_dqbuf,5,VIDEO_CAPTURE_MPLANE
13639.578604,v4l2_dqbuf,0,VIDEO_OUTPUT_MPLANE
13639.592176,v4l2_qbuf,0,VIDEO_OUTPUT_MPLANE
13639.592212,v4l2_qbuf,2,VIDEO_CAPTURE_MPLANE
13639.597354,v4l2_dqbuf,2,VIDEO_CAPTURE_MPLANE
13639.597467,v4l2_dqbuf,0,VIDEO_OUTPUT_MPLANE
13639.608297,v4l2_qbuf,0,VIDEO_OUTPUT_MPLANE
13639.608319,v4l2_qbuf,0,VIDEO_CAPTURE_MPLANE
13639.612042,v4l2_dqbuf,0,VIDEO_CAPTURE_MPLANE
13639.612059,v4l2_dqbuf,0,VIDEO_OUTPUT_MPLANE
13639.625604,v4l2_qbuf,0,VIDEO_OUTPUT_MPLANE
13639.625709,v4l2_qbuf,3,VIDEO_CAPTURE_MPLANE
13639.629202,v4l2_dqbuf,3,VIDEO_CAPTURE_MPLANE
13639.629283,v4l2_dqbuf,0,VIDEO_OUTPUT_MPLANE
13639.641603,v4l2_qbuf,0,VIDEO_OUTPUT_MPLANE
13639.641625,v4l2_qbuf,4,VIDEO_CAPTURE_MPLANE
13639.644918,v4l2_dqbuf,4,VIDEO_CAPTURE_MPLANE
13639.645109,v4l2_dqbuf,0,VIDEO_OUTPUT_MPLANE
13639.658890,v4l2_qbuf,0,VIDEO_OUTPUT_MPLANE
13639.658911,v4l2_qbuf,5,VIDEO_CAPTURE_MPLANE
13639.662105,v4l2_dqbuf,5,VIDEO_CAPTURE_MPLANE
13639.662195,v4l2_dqbuf,0,VIDEO_OUTPUT_MPLANE
13639.674887,v4l2_qbuf,0,VIDEO_OUTPUT_MPLANE
13639.674909,v4l2_qbuf,2,VIDEO_CAPTURE_MPLANE
13639.677144,v4l2_dqbuf,2,VIDEO_CAPTURE_MPLANE
13639.677159,v4l2_dqbuf,0,VIDEO_OUTPUT_MPLANE
13639.691964,v4l2_qbuf,0,VIDEO_OUTPUT_MPLANE
13639.691985,v4l2_qbuf,1,VIDEO_CAPTURE_MPLANE
13639.695289,v4l2_dqbuf,1,VIDEO_CAPTURE_MPLANE
13639.695378,v4l2_dqbuf,0,VIDEO_OUTPUT_MPLANE
13639.708729,v4l2_qbuf,0,VIDEO_OUTPUT_MPLANE
13639.708772,v4l2_qbuf,3,VIDEO_CAPTURE_MPLANE
13639.713644,v4l2_dqbuf,3,VIDEO_CAPTURE_MPLANE
13639.713760,v4l2_dqbuf,0,VIDEO_OUTPUT_MPLANE
13639.725408,v4l2_qbuf,0,VIDEO_OUTPUT_MPLANE
13639.725451,v4l2_qbuf,4,VIDEO_CAPTURE_MPLANE
13639.727872,v4l2_dqbuf,4,VIDEO_CAPTURE_MPLANE
13639.727887,v4l2_dqbuf,0,VIDEO_OUTPUT_MPLANE
13639.741858,v4l2_qbuf,0,VIDEO_OUTPUT_MPLANE
13639.741877,v4l2_qbuf,5,VIDEO_CAPTURE_MPLANE
13639.745104,v4l2_dqbuf,5,VIDEO_CAPTURE_MPLANE
13639.745201,v4l2_dqbuf,0,VIDEO_OUTPUT_MPLANE
13639.758316,v4l2_qbuf,0,VIDEO_OUTPUT_MPLANE
13639.758337,v4l2_qbuf,0,VIDEO_CAPTURE_MPLANE
13639.760722,v4l2_dqbuf,0,VIDEO_CAPTURE_MPLANE
13639.760738,v4l2_dqbuf,0,VIDEO_OUTPUT_MPLANE
13639.774709,v4l2_qbuf,0,VIDEO_OUTPUT_MPLANE
13639.774735,v4l2_qbuf,1,VIDEO_CAPTURE_MPLANE
13639.778133,v4l2_dqbuf,1,VIDEO_CAPTURE_MPLANE
13639.778228,v4l2_dqbuf,0,VIDEO_OUTPUT_MPLANE
13639.791862,v4l2_qbuf,0,VIDEO_OUTPUT_MPLANE
13639.791881,v4l2_qbuf,3,VIDEO_CAPTURE_MPLANE
13639.795112,v4l2_dqbuf,3,VIDEO_CAPTURE_MPLANE
13639.795202,v4l2_dqbuf,0,VIDEO_OUTPUT_MPLANE
13639.809296,v4l2_qbuf,0,VIDEO_OUTPUT_MPLANE
13639.809377,v4l2_qbuf,2,VIDEO_CAPTURE_MPLANE
13639.811901,v4l2_dqbuf,2,VIDEO_CAPTURE_MPLANE
13639.811920,v4l2_dqbuf,0,VIDEO_OUTPUT_MPLANE
13639.825217,v4l2_qbuf,0,VIDEO_OUTPUT_MPLANE
13639.825239,v4l2_qbuf,5,VIDEO_CAPTURE_MPLANE
13639.828652,v4l2_dqbuf,5,VIDEO_CAPTURE_MPLANE
13639.828844,v4l2_dqbuf,0,VIDEO_OUTPUT_MPLANE
13639.841987,v4l2_qbuf,0,VIDEO_OUTPUT_MPLANE
13639.842060,v4l2_qbuf,4,VIDEO_CAPTURE_MPLANE
13639.845286,v4l2_dqbuf,4,VIDEO_CAPTURE_MPLANE
13639.845413,v4l2_dqbuf,0,VIDEO_OUTPUT_MPLANE
13639.858551,v4l2_qbuf,0,VIDEO_OUTPUT_MPLANE
13639.859496,v4l2_qbuf,1,VIDEO_CAPTURE_MPLANE
13639.863307,v4l2_dqbuf,1,VIDEO_CAPTURE_MPLANE
13639.863425,v4l2_dqbuf,0,VIDEO_OUTPUT_MPLANE
13639.874907,v4l2_qbuf,0,VIDEO_OUTPUT_MPLANE
13639.874954,v4l2_qbuf,3,VIDEO_CAPTURE_MPLANE
13639.877211,v4l2_dqbuf,3,VIDEO_CAPTURE_MPLANE
13639.877231,v4l2_dqbuf,0,VIDEO_OUTPUT_MPLANE
13639.894320,v4l2_qbuf,0,VIDEO_OUTPUT_MPLANE
13639.894344,v4l2_qbuf,0,VIDEO_CAPTURE_MPLANE
13639.897743,v4l2_dqbuf,0,VIDEO_CAPTURE_MPLANE
13639.897843,v4l2_dqbuf,0,VIDEO_OUTPUT_MPLANE
13639.908446,v4l2_qbuf,0,VIDEO_OUTPUT_MPLANE
13639.908467,v4l2_qbuf,5,VIDEO_CAPTURE_MPLANE
13639.911478,v4l2_dqbuf,5,VIDEO_CAPTURE_MPLANE
13639.911560,v4l2_dqbuf,0,VIDEO_OUTPUT_MPLANE
13639.927073,v4l2_qbuf,0,VIDEO_OUTPUT_MPLANE
13639.927788,v4l2_qbuf,4,VIDEO_CAPTURE_MPLANE
13639.931184,v4l2_dqbuf,4,VIDEO_CAPTURE_MPLANE
13639.931280,v4l2_dqbuf,0,VIDEO_OUTPUT_MPLANE
13639.941767,v4l2_qbuf,0,VIDEO_OUTPUT_MPLANE
13639.941787,v4l2_qbuf,1,VIDEO_CAPTURE_MPLANE
13639.943941,v4l2_dqbuf,1,VIDEO_CAPTURE_MPLANE
13639.943964,v4l2_dqbuf,0,VIDEO_OUTPUT_MPLANE
13639.958793,v4l2_qbuf,0,VIDEO_OUTPUT_MPLANE
13639.958821,v4l2_qbuf,2,VIDEO_CAPTURE_MPLANE
13639.962255,v4l2_dqbuf,2,VIDEO_CAPTURE_MPLANE
13639.962368,v4l2_dqbuf,0,VIDEO_OUTPUT_MPLANE
13639.975262,v4l2_qbuf,0,VIDEO_OUTPUT_MPLANE
13639.975284,v4l2_qbuf,0,VIDEO_CAPTURE_MPLANE
13639.978416,v4l2_dqbuf,0,VIDEO_CAPTURE_MPLANE
13639.978496,v4l2_dqbuf,0,VIDEO_OUTPUT_MPLANE
13639.992282,v4l2_qbuf,0,VIDEO_OUTPUT_MPLANE
13639.992310,v4l2_qbuf,5,VIDEO_CAPTURE_MPLANE
13639.996018,v4l2_dqbuf,5,VIDEO_CAPTURE_MPLANE
13639.996290,v4l2_dqbuf,0,VIDEO_OUTPUT_MPLANE
13640.008711,v4l2_qbuf,0,VIDEO_OUTPUT_MPLANE
13640.008811,v4l2_qbuf,4,VIDEO_CAPTURE_MPLANE
13640.011168,v4l2_dqbuf,4,VIDEO_CAPTURE_MPLANE
13640.011178,v4l2_dqbuf,0,VIDEO_OUTPUT_MPLANE
13640.025067,v4l2_qbuf,0,VIDEO_OUTPUT_MPLANE
13640.025109,v4l2_qbuf,3,VIDEO_CAPTURE_MPLANE
13640.028436,v4l2_dqbuf,3,VIDEO_CAPTURE_MPLANE
13640.028587,v4l2_dqbuf,0,VIDEO_OUTPUT_MPLANE
13640.041659,v4l2_qbuf,0,VIDEO_OUTPUT_MPLANE
13640.041686,v4l2_qbuf,2,VIDEO_CAPTURE_MPLANE
13640.045028,v4l2_dqbuf,2,VIDEO_CAPTURE_MPLANE
13640.045160,v4l2_dqbuf,0,VIDEO_OUTPUT_MPLANE
13640.058431,v4l2_qbuf,0,VIDEO_OUTPUT_MPLANE
13640.058458,v4l2_qbuf,0,VIDEO_CAPTURE_MPLANE
13640.060709,v4l2_dqbuf,0,VIDEO_CAPTURE_MPLANE
13640.060729,v4l2_dqbuf,0,VIDEO_OUTPUT_MPLANE
13640.074922,v4l2_qbuf,0,VIDEO_OUTPUT_MPLANE
13640.074949,v4l2_qbuf,5,VIDEO_CAPTURE_MPLANE
13640.079291,v4l2_dqbuf,5,VIDEO_CAPTURE_MPLANE
13640.079475,v4l2_dqbuf,0,VIDEO_OUTPUT_MPLANE
13640.091371,v4l2_qbuf,0,VIDEO_OUTPUT_MPLANE
13640.091392,v4l2_qbuf,1,VIDEO_CAPTURE_MPLANE
13640.094396,v4l2_dqbuf,1,VIDEO_CAPTURE_MPLANE
13640.094413,v4l2_dqbuf,0,VIDEO_OUTPUT_MPLANE
13640.108196,v4l2_qbuf,0,VIDEO_OUTPUT_MPLANE
13640.108210,v4l2_qbuf,3,VIDEO_CAPTURE_MPLANE
13640.111287,v4l2_dqbuf,3,VIDEO_CAPTURE_MPLANE
13640.111357,v4l2_dqbuf,0,VIDEO_OUTPUT_MPLANE
13640.124845,v4l2_qbuf,0,VIDEO_OUTPUT_MPLANE
13640.124863,v4l2_qbuf,2,VIDEO_CAPTURE_MPLANE
13640.127993,v4l2_dqbuf,2,VIDEO_CAPTURE_MPLANE
13640.128103,v4l2_dqbuf,0,VIDEO_OUTPUT_MPLANE
13640.141545,v4l2_qbuf,0,VIDEO_OUTPUT_MPLANE
13640.141566,v4l2_qbuf,4,VIDEO_CAPTURE_MPLANE
13640.144847,v4l2_dqbuf,4,VIDEO_CAPTURE_MPLANE
13640.144933,v4l2_dqbuf,0,VIDEO_OUTPUT_MPLANE
13640.157915,v4l2_qbuf,0,VIDEO_OUTPUT_MPLANE
13640.157935,v4l2_qbuf,5,VIDEO_CAPTURE_MPLANE
13640.160113,v4l2_dqbuf,5,VIDEO_CAPTURE_MPLANE
13640.160126,v4l2_dqbuf,0,VIDEO_OUTPUT_MPLANE
13640.176432,v4l2_qbuf,0,VIDEO_OUTPUT_MPLANE
13640.176475,v4l2_qbuf,0,VIDEO_CAPTURE_MPLANE
13640.179778,v4l2_dqbuf,0,VIDEO_CAPTURE_MPLANE
13640.179846,v4l2_dqbuf,0,VIDEO_OUTPUT_MPLANE
13640.193377,v4l2_qbuf,0,VIDEO_OUTPUT_MPLANE
13640.193398,v4l2_qbuf,3,VIDEO_CAPTURE_MPLANE
13640.196828,v4l2_dqbuf,3,VIDEO_CAPTURE_MPLANE
13640.197073,v4l2_dqbuf,0,VIDEO_OUTPUT_MPLANE
13640.208166,v4l2_qbuf,0,VIDEO_OUTPUT_MPLANE
13640.208245,v4l2_qbuf,2,VIDEO_CAPTURE_MPLANE
13640.210603,v4l2_dqbuf,2,VIDEO_CAPTURE_MPLANE
13640.210617,v4l2_dqbuf,0,VIDEO_OUTPUT_MPLANE
13640.224870,v4l2_qbuf,0,VIDEO_OUTPUT_MPLANE
13640.224900,v4l2_qbuf,4,VIDEO_CAPTURE_MPLANE
13640.228136,v4l2_dqbuf,4,VIDEO_CAPTURE_MPLANE
13640.228227,v4l2_dqbuf,0,VIDEO_OUTPUT_MPLANE
13640.241507,v4l2_qbuf,0,VIDEO_OUTPUT_MPLANE
13640.241528,v4l2_qbuf,1,VIDEO_CAPTURE_MPLANE
13640.244749,v4l2_dqbuf,1,VIDEO_CAPTURE_MPLANE
13640.244890,v4l2_dqbuf,0,VIDEO_OUTPUT_MPLANE
13640.258104,v4l2_qbuf,0,VIDEO_OUTPUT_MPLANE
13640.258124,v4l2_qbuf,0,VIDEO_CAPTURE_MPLANE
13640.261412,v4l2_dqbuf,0,VIDEO_CAPTURE_MPLANE
13640.261545,v4l2_dqbuf,0,VIDEO_OUTPUT_MPLANE
13640.275144,v4l2_qbuf,0,VIDEO_OUTPUT_MPLANE
13640.275166,v4l2_qbuf,3,VIDEO_CAPTURE_MPLANE
13640.276965,v4l2_dqbuf,3,VIDEO_CAPTURE_MPLANE
13640.276978,v4l2_dqbuf,0,VIDEO_OUTPUT_MPLANE
13640.291648,v4l2_qbuf,0,VIDEO_OUTPUT_MPLANE
13640.291678,v4l2_qbuf,5,VIDEO_CAPTURE_MPLANE
13640.295449,v4l2_dqbuf,5,VIDEO_CAPTURE_MPLANE
13640.295465,v4l2_dqbuf,0,VIDEO_OUTPUT_MPLANE
13640.308510,v4l2_qbuf,0,VIDEO_OUTPUT_MPLANE
13640.308529,v4l2_qbuf,4,VIDEO_CAPTURE_MPLANE
13640.311756,v4l2_dqbuf,4,VIDEO_CAPTURE_MPLANE
13640.311837,v4l2_dqbuf,0,VIDEO_OUTPUT_MPLANE
13640.325414,v4l2_qbuf,0,VIDEO_OUTPUT_MPLANE
13640.325446,v4l2_qbuf,1,VIDEO_CAPTURE_MPLANE
13640.328619,v4l2_dqbuf,1,VIDEO_CAPTURE_MPLANE
13640.328698,v4l2_dqbuf,0,VIDEO_OUTPUT_MPLANE
13640.341397,v4l2_qbuf,0,VIDEO_OUTPUT_MPLANE
13640.341419,v4l2_qbuf,0,VIDEO_CAPTURE_MPLANE
13640.344483,v4l2_dqbuf,0,VIDEO_CAPTURE_MPLANE
13640.344565,v4l2_dqbuf,0,VIDEO_OUTPUT_MPLANE
13640.358491,v4l2_qbuf,0,VIDEO_OUTPUT_MPLANE
13640.358520,v4l2_qbuf,2,VIDEO_CAPTURE_MPLANE
13640.360761,v4l2_dqbuf,2,VIDEO_CAPTURE_MPLANE
13640.360782,v4l2_dqbuf,0,VIDEO_OUTPUT_MPLANE
13640.375232,v4l2_qbuf,0,VIDEO_OUTPUT_MPLANE
13640.375255,v4l2_qbuf,3,VIDEO_CAPTURE_MPLANE
13640.378505,v4l2_dqbuf,3,VIDEO_CAPTURE_MPLANE
13640.378658,v4l2_dqbuf,0,VIDEO_OUTPUT_MPLANE
13640.392237,v4l2_qbuf,0,VIDEO_OUTPUT_MPLANE
13640.392327,v4l2_qbuf,4,VIDEO_CAPTURE_MPLANE
13640.395736,v4l2_dqbuf,4,VIDEO_CAPTURE_MPLANE
13640.395837,v4l2_dqbuf,0,VIDEO_OUTPUT_MPLANE
13640.408734,v4l2_qbuf,0,VIDEO_OUTPUT_MPLANE
13640.408837,v4l2_qbuf,1,VIDEO_CAPTURE_MPLANE
13640.412082,v4l2_dqbuf,1,VIDEO_CAPTURE_MPLANE
13640.412407,v4l2_dqbuf,0,VIDEO_OUTPUT_MPLANE
13640.425343,v4l2_qbuf,0,VIDEO_OUTPUT_MPLANE
13640.425365,v4l2_qbuf,0,VIDEO_CAPTURE_MPLANE
13640.427773,v4l2_dqbuf,0,VIDEO_CAPTURE_MPLANE
13640.427789,v4l2_dqbuf,0,VIDEO_OUTPUT_MPLANE
13640.441989,v4l2_qbuf,0,VIDEO_OUTPUT_MPLANE
13640.442028,v4l2_qbuf,5,VIDEO_CAPTURE_MPLANE
13640.445112,v4l2_dqbuf,5,VIDEO_CAPTURE_MPLANE
13640.445194,v4l2_dqbuf,0,VIDEO_OUTPUT_MPLANE
13640.458630,v4l2_qbuf,0,VIDEO_OUTPUT_MPLANE
13640.458651,v4l2_qbuf,3,VIDEO_CAPTURE_MPLANE
13640.461783,v4l2_dqbuf,3,VIDEO_CAPTURE_MPLANE
13640.461861,v4l2_dqbuf,0,VIDEO_OUTPUT_MPLANE
13640.475254,v4l2_qbuf,0,VIDEO_OUTPUT_MPLANE
13640.475274,v4l2_qbuf,4,VIDEO_CAPTURE_MPLANE
13640.480233,v4l2_dqbuf,4,VIDEO_CAPTURE_MPLANE
13640.480339,v4l2_dqbuf,0,VIDEO_OUTPUT_MPLANE
13640.491909,v4l2_qbuf,0,VIDEO_OUTPUT_MPLANE
13640.491947,v4l2_qbuf,1,VIDEO_CAPTURE_MPLANE
13640.495178,v4l2_dqbuf,1,VIDEO_CAPTURE_MPLANE
13640.495194,v4l2_dqbuf,0,VIDEO_OUTPUT_MPLANE
13640.508604,v4l2_qbuf,0,VIDEO_OUTPUT_MPLANE
13640.508641,v4l2_qbuf,2,VIDEO_CAPTURE_MPLANE
13640.511940,v4l2_dqbuf,2,VIDEO_CAPTURE_MPLANE
13640.512082,v4l2_dqbuf,0,VIDEO_OUTPUT_MPLANE
13640.525349,v4l2_qbuf,0,VIDEO_OUTPUT_MPLANE
13640.525387,v4l2_qbuf,5,VIDEO_CAPTURE_MPLANE
13640.528627,v4l2_dqbuf,5,VIDEO_CAPTURE_MPLANE
13640.528821,v4l2_dqbuf,0,VIDEO_OUTPUT_MPLANE
13640.542092,v4l2_qbuf,0,VIDEO_OUTPUT_MPLANE
13640.542160,v4l2_qbuf,3,VIDEO_CAPTURE_MPLANE
13640.545617,v4l2_dqbuf,3,VIDEO_CAPTURE_MPLANE
13640.545705,v4l2_dqbuf,0,VIDEO_OUTPUT_MPLANE
13640.559155,v4l2_qbuf,0,VIDEO_OUTPUT_MPLANE
13640.559251,v4l2_qbuf,4,VIDEO_CAPTURE_MPLANE
13640.561627,v4l2_dqbuf,4,VIDEO_CAPTURE_MPLANE
13640.561643,v4l2_dqbuf,0,VIDEO_OUTPUT_MPLANE
13640.575503,v4l2_qbuf,0,VIDEO_OUTPUT_MPLANE
13640.575538,v4l2_qbuf,0,VIDEO_CAPTURE_MPLANE
13640.582235,v4l2_dqbuf,0,VIDEO_CAPTURE_MPLANE
13640.582357,v4l2_dqbuf,0,VIDEO_OUTPUT_MPLANE
13640.592043,v4l2_qbuf,0,VIDEO_OUTPUT_MPLANE
13640.592080,v4l2_qbuf,2,VIDEO_CAPTURE_MPLANE
13640.595701,v4l2_dqbuf,2,VIDEO_CAPTURE_MPLANE
13640.595980,v4l2_dqbuf,0,VIDEO_OUTPUT_MPLANE
13640.608514,v4l2_qbuf,0,VIDEO_OUTPUT_MPLANE
13640.608585,v4l2_qbuf,5,VIDEO_CAPTURE_MPLANE
13640.611821,v4l2_dqbuf,5,VIDEO_CAPTURE_MPLANE
13640.612073,v4l2_dqbuf,0,VIDEO_OUTPUT_MPLANE
13640.624963,v4l2_qbuf,0,VIDEO_OUTPUT_MPLANE
13640.624984,v4l2_qbuf,3,VIDEO_CAPTURE_MPLANE
13640.627176,v4l2_dqbuf,3,VIDEO_CAPTURE_MPLANE
13640.627191,v4l2_dqbuf,0,VIDEO_OUTPUT_MPLANE
13640.641573,v4l2_qbuf,0,VIDEO_OUTPUT_MPLANE
13640.641592,v4l2_qbuf,1,VIDEO_CAPTURE_MPLANE
13640.644904,v4l2_dqbuf,1,VIDEO_CAPTURE_MPLANE
13640.644998,v4l2_dqbuf,0,VIDEO_OUTPUT_MPLANE
13640.658513,v4l2_qbuf,0,VIDEO_OUTPUT_MPLANE
13640.658535,v4l2_qbuf,0,VIDEO_CAPTURE_MPLANE
13640.661724,v4l2_dqbuf,0,VIDEO_CAPTURE_MPLANE
13640.661807,v4l2_dqbuf,0,VIDEO_OUTPUT_MPLANE
13640.674978,v4l2_qbuf,0,VIDEO_OUTPUT_MPLANE
13640.674999,v4l2_qbuf,2,VIDEO_CAPTURE_MPLANE
13640.679985,v4l2_dqbuf,2,VIDEO_CAPTURE_MPLANE
13640.680133,v4l2_dqbuf,0,VIDEO_OUTPUT_MPLANE
13640.691637,v4l2_qbuf,0,VIDEO_OUTPUT_MPLANE
13640.691657,v4l2_qbuf,5,VIDEO_CAPTURE_MPLANE
13640.693962,v4l2_dqbuf,5,VIDEO_CAPTURE_MPLANE
13640.693990,v4l2_dqbuf,0,VIDEO_OUTPUT_MPLANE
13640.708502,v4l2_qbuf,0,VIDEO_OUTPUT_MPLANE
13640.708532,v4l2_qbuf,4,VIDEO_CAPTURE_MPLANE
13640.711778,v4l2_dqbuf,4,VIDEO_CAPTURE_MPLANE
13640.712019,v4l2_dqbuf,0,VIDEO_OUTPUT_MPLANE
13640.725508,v4l2_qbuf,0,VIDEO_OUTPUT_MPLANE
13640.725543,v4l2_qbuf,1,VIDEO_CAPTURE_MPLANE
13640.728854,v4l2_dqbuf,1,VIDEO_CAPTURE_MPLANE
13640.728979,v4l2_dqbuf,0,VIDEO_OUTPUT_MPLANE
13640.741755,v4l2_qbuf,0,VIDEO_OUTPUT_MPLANE
13640.741775,v4l2_qbuf,0,VIDEO_CAPTURE_MPLANE
13640.745119,v4l2_dqbuf,0,VIDEO_CAPTURE_MPLANE
13640.745207,v4l2_dqbuf,0,VIDEO_OUTPUT_MPLANE
13640.758683,v4l2_qbuf,0,VIDEO_OUTPUT_MPLANE
13640.758704,v4l2_qbuf,2,VIDEO_CAPTURE_MPLANE
13640.760879,v4l2_dqbuf,2,VIDEO_CAPTURE_MPLANE
13640.760895,v4l2_dqbuf,0,VIDEO_OUTPUT_MPLANE
13640.775414,v4l2_qbuf,0,VIDEO_OUTPUT_MPLANE
13640.775459,v4l2_qbuf,3,VIDEO_CAPTURE_MPLANE
13640.782089,v4l2_dqbuf,3,VIDEO_CAPTURE_MPLANE
13640.782292,v4l2_dqbuf,0,VIDEO_OUTPUT_MPLANE
13640.791728,v4l2_qbuf,0,VIDEO_OUTPUT_MPLANE
13640.791749,v4l2_qbuf,4,VIDEO_CAPTURE_MPLANE
13640.795113,v4l2_dqbuf,4,VIDEO_CAPTURE_MPLANE
13640.795324,v4l2_dqbuf,0,VIDEO_OUTPUT_MPLANE
13640.808651,v4l2_qbuf,0,VIDEO_OUTPUT_MPLANE
13640.808673,v4l2_qbuf,1,VIDEO_CAPTURE_MPLANE
13640.811780,v4l2_dqbuf,1,VIDEO_CAPTURE_MPLANE
13640.811879,v4l2_dqbuf,0,VIDEO_OUTPUT_MPLANE
13640.825062,v4l2_qbuf,0,VIDEO_OUTPUT_MPLANE
13640.825083,v4l2_qbuf,0,VIDEO_CAPTURE_MPLANE
13640.827380,v4l2_dqbuf,0,VIDEO_CAPTURE_MPLANE
13640.827397,v4l2_dqbuf,0,VIDEO_OUTPUT_MPLANE
13640.841695,v4l2_qbuf,0,VIDEO_OUTPUT_MPLANE
13640.841718,v4l2_qbuf,5,VIDEO_CAPTURE_MPLANE
13640.844893,v4l2_dqbuf,5,VIDEO_CAPTURE_MPLANE
13640.844988,v4l2_dqbuf,0,VIDEO_OUTPUT_MPLANE
13640.858304,v4l2_qbuf,0,VIDEO_OUTPUT_MPLANE
13640.858327,v4l2_qbuf,3,VIDEO_CAPTURE_MPLANE
13640.861645,v4l2_dqbuf,3,VIDEO_CAPTURE_MPLANE
13640.861740,v4l2_dqbuf,0,VIDEO_OUTPUT_MPLANE
13640.875234,v4l2_qbuf,0,VIDEO_OUTPUT_MPLANE
13640.875255,v4l2_qbuf,4,VIDEO_CAPTURE_MPLANE
13640.878471,v4l2_dqbuf,4,VIDEO_CAPTURE_MPLANE
13640.878564,v4l2_dqbuf,0,VIDEO_OUTPUT_MPLANE
13640.892542,v4l2_qbuf,0,VIDEO_OUTPUT_MPLANE
13640.892652,v4l2_qbuf,1,VIDEO_CAPTURE_MPLANE
13640.895148,v4l2_dqbuf,1,VIDEO_CAPTURE_MPLANE
13640.895164,v4l2_dqbuf,0,VIDEO_OUTPUT_MPLANE
13640.908376,v4l2_qbuf,0,VIDEO_OUTPUT_MPLANE
13640.908397,v4l2_qbuf,2,VIDEO_CAPTURE_MPLANE
13640.911452,v4l2_dqbuf,2,VIDEO_CAPTURE_MPLANE
13640.911553,v4l2_dqbuf,0,VIDEO_OUTPUT_MPLANE
13640.925062,v4l2_qbuf,0,VIDEO_OUTPUT_MPLANE
13640.925084,v4l2_qbuf,5,VIDEO_CAPTURE_MPLANE
13640.928205,v4l2_dqbuf,5,VIDEO_CAPTURE_MPLANE
13640.928333,v4l2_dqbuf,0,VIDEO_OUTPUT_MPLANE
13640.942051,v4l2_qbuf,0,VIDEO_OUTPUT_MPLANE
13640.942115,v4l2_qbuf,3,VIDEO_CAPTURE_MPLANE
13640.945732,v4l2_dqbuf,3,VIDEO_CAPTURE_MPLANE
13640.945944,v4l2_dqbuf,0,VIDEO_OUTPUT_MPLANE
13640.959207,v4l2_qbuf,0,VIDEO_OUTPUT_MPLANE
13640.959259,v4l2_qbuf,4,VIDEO_CAPTURE_MPLANE
13640.961669,v4l2_dqbuf,4,VIDEO_CAPTURE_MPLANE
13640.961694,v4l2_dqbuf,0,VIDEO_OUTPUT_MPLANE
13640.974924,v4l2_qbuf,0,VIDEO_OUTPUT_MPLANE
13640.974947,v4l2_qbuf,0,VIDEO_CAPTURE_MPLANE
13640.978250,v4l2_dqbuf,0,VIDEO_CAPTURE_MPLANE
13640.978340,v4l2_dqbuf,0,VIDEO_OUTPUT_MPLANE
13640.991949,v4l2_qbuf,0,VIDEO_OUTPUT_MPLANE
13640.991970,v4l2_qbuf,2,VIDEO_CAPTURE_MPLANE
13640.995174,v4l2_dqbuf,2,VIDEO_CAPTURE_MPLANE
13640.995313,v4l2_dqbuf,0,VIDEO_OUTPUT_MPLANE
13641.008690,v4l2_qbuf,0,VIDEO_OUTPUT_MPLANE
13641.008730,v4l2_qbuf,5,VIDEO_CAPTURE_MPLANE
13641.011994,v4l2_dqbuf,5,VIDEO_CAPTURE_MPLANE
13641.012376,v4l2_dqbuf,0,VIDEO_OUTPUT_MPLANE
13641.025431,v4l2_qbuf,0,VIDEO_OUTPUT_MPLANE
13641.025474,v4l2_qbuf,3,VIDEO_CAPTURE_MPLANE
13641.027860,v4l2_dqbuf,3,VIDEO_CAPTURE_MPLANE
13641.027877,v4l2_dqbuf,0,VIDEO_OUTPUT_MPLANE
13641.042239,v4l2_qbuf,0,VIDEO_OUTPUT_MPLANE
13641.042281,v4l2_qbuf,1,VIDEO_CAPTURE_MPLANE
13641.045618,v4l2_dqbuf,1,VIDEO_CAPTURE_MPLANE
13641.045735,v4l2_dqbuf,0,VIDEO_OUTPUT_MPLANE
13641.058551,v4l2_qbuf,0,VIDEO_OUTPUT_MPLANE
13641.058573,v4l2_qbuf,0,VIDEO_CAPTURE_MPLANE
13641.061929,v4l2_dqbuf,0,VIDEO_CAPTURE_MPLANE
13641.062036,v4l2_dqbuf,0,VIDEO_OUTPUT_MPLANE
13641.075361,v4l2_qbuf,0,VIDEO_OUTPUT_MPLANE
13641.075384,v4l2_qbuf,2,VIDEO_CAPTURE_MPLANE
13641.078685,v4l2_dqbuf,2,VIDEO_CAPTURE_MPLANE
13641.078765,v4l2_dqbuf,0,VIDEO_OUTPUT_MPLANE
13641.092052,v4l2_qbuf,0,VIDEO_OUTPUT_MPLANE
13641.092072,v4l2_qbuf,5,VIDEO_CAPTURE_MPLANE
13641.094407,v4l2_dqbuf,5,VIDEO_CAPTURE_MPLANE
13641.094422,v4l2_dqbuf,0,VIDEO_OUTPUT_MPLANE
13641.108987,v4l2_qbuf,0,VIDEO_OUTPUT_MPLANE
13641.109043,v4l2_qbuf,4,VIDEO_CAPTURE_MPLANE
13641.112157,v4l2_dqbuf,4,VIDEO_CAPTURE_MPLANE
13641.112320,v4l2_dqbuf,0,VIDEO_OUTPUT_MPLANE
13641.125231,v4l2_qbuf,0,VIDEO_OUTPUT_MPLANE
13641.125276,v4l2_qbuf,1,VIDEO_CAPTURE_MPLANE
13641.128516,v4l2_dqbuf,1,VIDEO_CAPTURE_MPLANE
13641.128621,v4l2_dqbuf,0,VIDEO_OUTPUT_MPLANE
13641.142093,v4l2_qbuf,0,VIDEO_OUTPUT_MPLANE
13641.142113,v4l2_qbuf,0,VIDEO_CAPTURE_MPLANE
13641.145349,v4l2_dqbuf,0,VIDEO_CAPTURE_MPLANE
13641.145432,v4l2_dqbuf,0,VIDEO_OUTPUT_MPLANE
13641.157978,v4l2_qbuf,0,VIDEO_OUTPUT_MPLANE
13641.157995,v4l2_qbuf,2,VIDEO_CAPTURE_MPLANE
13641.160143,v4l2_dqbuf,2,VIDEO_CAPTURE_MPLANE
13641.160156,v4l2_dqbuf,0,VIDEO_OUTPUT_MPLANE
13641.174705,v4l2_qbuf,0,VIDEO_OUTPUT_MPLANE
13641.174721,v4l2_qbuf,3,VIDEO_CAPTURE_MPLANE
13641.177791,v4l2_dqbuf,3,VIDEO_CAPTURE_MPLANE
13641.177890,v4l2_dqbuf,0,VIDEO_OUTPUT_MPLANE
13641.191953,v4l2_qbuf,0,VIDEO_OUTPUT_MPLANE
13641.191974,v4l2_qbuf,4,VIDEO_CAPTURE_MPLANE
13641.195210,v4l2_dqbuf,4,VIDEO_CAPTURE_MPLANE
13641.195301,v4l2_dqbuf,0,VIDEO_OUTPUT_MPLANE
13641.208190,v4l2_qbuf,0,VIDEO_OUTPUT_MPLANE
13641.208217,v4l2_qbuf,1,VIDEO_CAPTURE_MPLANE
13641.213528,v4l2_dqbuf,1,VIDEO_CAPTURE_MPLANE
13641.213646,v4l2_dqbuf,0,VIDEO_OUTPUT_MPLANE
13641.224751,v4l2_qbuf,0,VIDEO_OUTPUT_MPLANE
13641.224768,v4l2_qbuf,0,VIDEO_CAPTURE_MPLANE
13641.227156,v4l2_dqbuf,0,VIDEO_CAPTURE_MPLANE
13641.227182,v4l2_dqbuf,0,VIDEO_OUTPUT_MPLANE
13641.241408,v4l2_qbuf,0,VIDEO_OUTPUT_MPLANE
13641.241422,v4l2_qbuf,5,VIDEO_CAPTURE_MPLANE
13641.244433,v4l2_dqbuf,5,VIDEO_CAPTURE_MPLANE
13641.244510,v4l2_dqbuf,0,VIDEO_OUTPUT_MPLANE
13641.258431,v4l2_qbuf,0,VIDEO_OUTPUT_MPLANE
13641.258450,v4l2_qbuf,3,VIDEO_CAPTURE_MPLANE
13641.261643,v4l2_dqbuf,3,VIDEO_CAPTURE_MPLANE
13641.261743,v4l2_dqbuf,0,VIDEO_OUTPUT_MPLANE
13641.274835,v4l2_qbuf,0,VIDEO_OUTPUT_MPLANE
13641.274855,v4l2_qbuf,4,VIDEO_CAPTURE_MPLANE
13641.276747,v4l2_dqbuf,4,VIDEO_CAPTURE_MPLANE
13641.276769,v4l2_dqbuf,0,VIDEO_OUTPUT_MPLANE
13641.291494,v4l2_qbuf,0,VIDEO_OUTPUT_MPLANE
13641.291534,v4l2_qbuf,1,VIDEO_CAPTURE_MPLANE
13641.293618,v4l2_dqbuf,1,VIDEO_CAPTURE_MPLANE
13641.293630,v4l2_dqbuf,0,VIDEO_OUTPUT_MPLANE
13641.308162,v4l2_qbuf,0,VIDEO_OUTPUT_MPLANE
13641.308178,v4l2_qbuf,2,VIDEO_CAPTURE_MPLANE
13641.311658,v4l2_dqbuf,2,VIDEO_CAPTURE_MPLANE
13641.311823,v4l2_dqbuf,0,VIDEO_OUTPUT_MPLANE
13641.325339,v4l2_qbuf,0,VIDEO_OUTPUT_MPLANE
13641.325433,v4l2_qbuf,5,VIDEO_CAPTURE_MPLANE
13641.328503,v4l2_dqbuf,5,VIDEO_CAPTURE_MPLANE
13641.328649,v4l2_dqbuf,0,VIDEO_OUTPUT_MPLANE
13641.341915,v4l2_qbuf,0,VIDEO_OUTPUT_MPLANE
13641.341961,v4l2_qbuf,3,VIDEO_CAPTURE_MPLANE
13641.345290,v4l2_dqbuf,3,VIDEO_CAPTURE_MPLANE
13641.345545,v4l2_dqbuf,0,VIDEO_OUTPUT_MPLANE
13641.358792,v4l2_qbuf,0,VIDEO_OUTPUT_MPLANE
13641.358830,v4l2_qbuf,0,VIDEO_CAPTURE_MPLANE
13641.361263,v4l2_dqbuf,0,VIDEO_CAPTURE_MPLANE
13641.361290,v4l2_dqbuf,0,VIDEO_OUTPUT_MPLANE
13641.375096,v4l2_qbuf,0,VIDEO_OUTPUT_MPLANE
13641.375126,v4l2_qbuf,4,VIDEO_CAPTURE_MPLANE
13641.378395,v4l2_dqbuf,4,VIDEO_CAPTURE_MPLANE
13641.378531,v4l2_dqbuf,0,VIDEO_OUTPUT_MPLANE
13641.391776,v4l2_qbuf,0,VIDEO_OUTPUT_MPLANE
13641.391805,v4l2_qbuf,2,VIDEO_CAPTURE_MPLANE
13641.395021,v4l2_dqbuf,2,VIDEO_CAPTURE_MPLANE
13641.395149,v4l2_dqbuf,0,VIDEO_OUTPUT_MPLANE
13641.408328,v4l2_qbuf,0,VIDEO_OUTPUT_MPLANE
13641.408351,v4l2_qbuf,5,VIDEO_CAPTURE_MPLANE
13641.411510,v4l2_dqbuf,5,VIDEO_CAPTURE_MPLANE
13641.411627,v4l2_dqbuf,0,VIDEO_OUTPUT_MPLANE
13641.425172,v4l2_qbuf,0,VIDEO_OUTPUT_MPLANE
13641.425205,v4l2_qbuf,3,VIDEO_CAPTURE_MPLANE
13641.427491,v4l2_dqbuf,3,VIDEO_CAPTURE_MPLANE
13641.427507,v4l2_dqbuf,0,VIDEO_OUTPUT_MPLANE
13641.441853,v4l2_qbuf,0,VIDEO_OUTPUT_MPLANE
13641.441874,v4l2_qbuf,1,VIDEO_CAPTURE_MPLANE
13641.445106,v4l2_dqbuf,1,VIDEO_CAPTURE_MPLANE
13641.445190,v4l2_dqbuf,0,VIDEO_OUTPUT_MPLANE
13641.458902,v4l2_qbuf,0,VIDEO_OUTPUT_MPLANE
13641.458923,v4l2_qbuf,4,VIDEO_CAPTURE_MPLANE
13641.462114,v4l2_dqbuf,4,VIDEO_CAPTURE_MPLANE
13641.462202,v4l2_dqbuf,0,VIDEO_OUTPUT_MPLANE
13641.476503,v4l2_qbuf,0,VIDEO_OUTPUT_MPLANE
13641.476557,v4l2_qbuf,2,VIDEO_CAPTURE_MPLANE
13641.479897,v4l2_dqbuf,2,VIDEO_CAPTURE_MPLANE
13641.479990,v4l2_dqbuf,0,VIDEO_OUTPUT_MPLANE
13641.491817,v4l2_qbuf,0,VIDEO_OUTPUT_MPLANE
13641.491837,v4l2_qbuf,5,VIDEO_CAPTURE_MPLANE
13641.493959,v4l2_dqbuf,5,VIDEO_CAPTURE_MPLANE
13641.493970,v4l2_dqbuf,0,VIDEO_OUTPUT_MPLANE
13641.510453,v4l2_qbuf,0,VIDEO_OUTPUT_MPLANE
13641.510481,v4l2_qbuf,0,VIDEO_CAPTURE_MPLANE
13641.513756,v4l2_dqbuf,0,VIDEO_CAPTURE_MPLANE
13641.513844,v4l2_dqbuf,0,VIDEO_OUTPUT_MPLANE
13641.524882,v4l2_qbuf,0,VIDEO_OUTPUT_MPLANE
13641.524907,v4l2_qbuf,1,VIDEO_CAPTURE_MPLANE
13641.528029,v4l2_dqbuf,1,VIDEO_CAPTURE_MPLANE
13641.528106,v4l2_dqbuf,0,VIDEO_OUTPUT_MPLANE
13641.544760,v4l2_qbuf,0,VIDEO_OUTPUT_MPLANE
13641.544844,v4l2_qbuf,4,VIDEO_CAPTURE_MPLANE
13641.548305,v4l2_dqbuf,4,VIDEO_CAPTURE_MPLANE
13641.548399,v4l2_dqbuf,0,VIDEO_OUTPUT_MPLANE
13641.561182,v4l2_qbuf,0,VIDEO_OUTPUT_MPLANE
13641.561206,v4l2_qbuf,2,VIDEO_CAPTURE_MPLANE
13641.563441,v4l2_dqbuf,2,VIDEO_CAPTURE_MPLANE
13641.563455,v4l2_dqbuf,0,VIDEO_OUTPUT_MPLANE
13641.577713,v4l2_qbuf,0,VIDEO_OUTPUT_MPLANE
13641.577784,v4l2_qbuf,3,VIDEO_CAPTURE_MPLANE
13641.581033,v4l2_dqbuf,3,VIDEO_CAPTURE_MPLANE
13641.581134,v4l2_dqbuf,0,VIDEO_OUTPUT_MPLANE
13641.594700,v4l2_qbuf,0,VIDEO_OUTPUT_MPLANE
13641.594721,v4l2_qbuf,0,VIDEO_CAPTURE_MPLANE
13641.597934,v4l2_dqbuf,0,VIDEO_CAPTURE_MPLANE
13641.598035,v4l2_dqbuf,0,VIDEO_OUTPUT_MPLANE
13641.611156,v4l2_qbuf,0,VIDEO_OUTPUT_MPLANE
13641.611180,v4l2_qbuf,1,VIDEO_CAPTURE_MPLANE
13641.614294,v4l2_dqbuf,1,VIDEO_CAPTURE_MPLANE
13641.614375,v4l2_dqbuf,0,VIDEO_OUTPUT_MPLANE
13641.628050,v4l2_qbuf,0,VIDEO_OUTPUT_MPLANE
13641.628081,v4l2_qbuf,4,VIDEO_CAPTURE_MPLANE
13641.630304,v4l2_dqbuf,4,VIDEO_CAPTURE_MPLANE
13641.630319,v4l2_dqbuf,0,VIDEO_OUTPUT_MPLANE
13641.644762,v4l2_qbuf,0,VIDEO_OUTPUT_MPLANE
13641.644782,v4l2_qbuf,5,VIDEO_CAPTURE_MPLANE
13641.647998,v4l2_dqbuf,5,VIDEO_CAPTURE_MPLANE
13641.648101,v4l2_dqbuf,0,VIDEO_OUTPUT_MPLANE
13641.662834,v4l2_qbuf,0,VIDEO_OUTPUT_MPLANE
13641.662900,v4l2_qbuf,3,VIDEO_CAPTURE_MPLANE
13641.666153,v4l2_dqbuf,3,VIDEO_CAPTURE_MPLANE
13641.666331,v4l2_dqbuf,0,VIDEO_OUTPUT_MPLANE
13641.678069,v4l2_qbuf,0,VIDEO_OUTPUT_MPLANE
13641.678277,v4l2_qbuf,0,VIDEO_CAPTURE_MPLANE
13641.681523,v4l2_dqbuf,0,VIDEO_CAPTURE_MPLANE
13641.681704,v4l2_dqbuf,0,VIDEO_OUTPUT_MPLANE
13641.696743,v4l2_qbuf,0,VIDEO_OUTPUT_MPLANE
13641.696783,v4l2_qbuf,1,VIDEO_CAPTURE_MPLANE
13641.699112,v4l2_dqbuf,1,VIDEO_CAPTURE_MPLANE
13641.699139,v4l2_dqbuf,0,VIDEO_OUTPUT_MPLANE
13641.713621,v4l2_qbuf,0,VIDEO_OUTPUT_MPLANE
13641.713641,v4l2_qbuf,2,VIDEO_CAPTURE_MPLANE
13641.717102,v4l2_dqbuf,2,VIDEO_CAPTURE_MPLANE
13641.717554,v4l2_dqbuf,0,VIDEO_OUTPUT_MPLANE
13641.730150,v4l2_qbuf,0,VIDEO_OUTPUT_MPLANE
13641.730174,v4l2_qbuf,5,VIDEO_CAPTURE_MPLANE
13641.736211,v4l2_dqbuf,5,VIDEO_CAPTURE_MPLANE
13641.736323,v4l2_dqbuf,0,VIDEO_OUTPUT_MPLANE
13641.746627,v4l2_qbuf,0,VIDEO_OUTPUT_MPLANE
13641.746648,v4l2_qbuf,3,VIDEO_CAPTURE_MPLANE
13641.749853,v4l2_dqbuf,3,VIDEO_CAPTURE_MPLANE
13641.749937,v4l2_dqbuf,0,VIDEO_OUTPUT_MPLANE
13641.764509,v4l2_qbuf,0,VIDEO_OUTPUT_MPLANE
13641.764541,v4l2_qbuf,0,VIDEO_CAPTURE_MPLANE
13641.766771,v4l2_dqbuf,0,VIDEO_CAPTURE_MPLANE
13641.766796,v4l2_dqbuf,0,VIDEO_OUTPUT_MPLANE
13641.779833,v4l2_qbuf,0,VIDEO_OUTPUT_MPLANE
13641.779875,v4l2_qbuf,4,VIDEO_CAPTURE_MPLANE
13641.783041,v4l2_dqbuf,4,VIDEO_CAPTURE_MPLANE
13641.783133,v4l2_dqbuf,0,VIDEO_OUTPUT_MPLANE
13641.796805,v4l2_qbuf,0,VIDEO_OUTPUT_MPLANE
13641.796825,v4l2_qbuf,2,VIDEO_CAPTURE_MPLANE
13641.800132,v4l2_dqbuf,2,VIDEO_CAPTURE_MPLANE
13641.800221,v4l2_dqbuf,0,VIDEO_OUTPUT_MPLANE
13641.813166,v4l2_qbuf,0,VIDEO_OUTPUT_MPLANE
13641.813188,v4l2_qbuf,5,VIDEO_CAPTURE_MPLANE
13641.816362,v4l2_dqbuf,5,VIDEO_CAPTURE_MPLANE
13641.816454,v4l2_dqbuf,0,VIDEO_OUTPUT_MPLANE
13641.830293,v4l2_qbuf,0,VIDEO_OUTPUT_MPLANE
13641.830435,v4l2_qbuf,3,VIDEO_CAPTURE_MPLANE
13641.832722,v4l2_dqbuf,3,VIDEO_CAPTURE_MPLANE
13641.832737,v4l2_dqbuf,0,VIDEO_OUTPUT_MPLANE
13641.846918,v4l2_qbuf,0,VIDEO_OUTPUT_MPLANE
13641.846935,v4l2_qbuf,1,VIDEO_CAPTURE_MPLANE
13641.850144,v4l2_dqbuf,1,VIDEO_CAPTURE_MPLANE
13641.850228,v4l2_dqbuf,0,VIDEO_OUTPUT_MPLANE
13641.863995,v4l2_qbuf,0,VIDEO_OUTPUT_MPLANE
13641.864025,v4l2_qbuf,4,VIDEO_CAPTURE_MPLANE
13641.867211,v4l2_dqbuf,4,VIDEO_CAPTURE_MPLANE
13641.867298,v4l2_dqbuf,0,VIDEO_OUTPUT_MPLANE
13641.880557,v4l2_qbuf,0,VIDEO_OUTPUT_MPLANE
13641.880619,v4l2_qbuf,2,VIDEO_CAPTURE_MPLANE
13641.883848,v4l2_dqbuf,2,VIDEO_CAPTURE_MPLANE
13641.883925,v4l2_dqbuf,0,VIDEO_OUTPUT_MPLANE
13641.896567,v4l2_qbuf,0,VIDEO_OUTPUT_MPLANE
13641.896594,v4l2_qbuf,5,VIDEO_CAPTURE_MPLANE
13641.898792,v4l2_dqbuf,5,VIDEO_CAPTURE_MPLANE
13641.898808,v4l2_dqbuf,0,VIDEO_OUTPUT_MPLANE
13641.913190,v4l2_qbuf,0,VIDEO_OUTPUT_MPLANE
13641.913222,v4l2_qbuf,0,VIDEO_CAPTURE_MPLANE
13641.916467,v4l2_dqbuf,0,VIDEO_CAPTURE_MPLANE
13641.916552,v4l2_dqbuf,0,VIDEO_OUTPUT_MPLANE
13641.930085,v4l2_qbuf,0,VIDEO_OUTPUT_MPLANE
13641.930108,v4l2_qbuf,1,VIDEO_CAPTURE_MPLANE
13641.934138,v4l2_dqbuf,1,VIDEO_CAPTURE_MPLANE
13641.934354,v4l2_dqbuf,0,VIDEO_OUTPUT_MPLANE
13641.947206,v4l2_qbuf,0,VIDEO_OUTPUT_MPLANE
13641.947237,v4l2_qbuf,4,VIDEO_CAPTURE_MPLANE
13641.950509,v4l2_dqbuf,4,VIDEO_CAPTURE_MPLANE
13641.950614,v4l2_dqbuf,0,VIDEO_OUTPUT_MPLANE
13641.963258,v4l2_qbuf,0,VIDEO_OUTPUT_MPLANE
13641.963279,v4l2_qbuf,2,VIDEO_CAPTURE_MPLANE
13641.965504,v4l2_dqbuf,2,VIDEO_CAPTURE_MPLANE
13641.965530,v4l2_dqbuf,0,VIDEO_OUTPUT_MPLANE
13641.979732,v4l2_qbuf,0,VIDEO_OUTPUT_MPLANE
13641.979748,v4l2_qbuf,3,VIDEO_CAPTURE_MPLANE
13641.982918,v4l2_dqbuf,3,VIDEO_CAPTURE_MPLANE
13641.982998,v4l2_dqbuf,0,VIDEO_OUTPUT_MPLANE
13641.999203,v4l2_qbuf,0,VIDEO_OUTPUT_MPLANE
13641.999226,v4l2_qbuf,0,VIDEO_CAPTURE_MPLANE
13642.002514,v4l2_dqbuf,0,VIDEO_CAPTURE_MPLANE
13642.002609,v4l2_dqbuf,0,VIDEO_OUTPUT_MPLANE
13642.014879,v4l2_qbuf,0,VIDEO_OUTPUT_MPLANE
13642.014904,v4l2_qbuf,1,VIDEO_CAPTURE_MPLANE
13642.018107,v4l2_dqbuf,1,VIDEO_CAPTURE_MPLANE
13642.018206,v4l2_dqbuf,0,VIDEO_OUTPUT_MPLANE
13642.033525,v4l2_qbuf,0,VIDEO_OUTPUT_MPLANE
13642.033546,v4l2_qbuf,4,VIDEO_CAPTURE_MPLANE
13642.035851,v4l2_dqbuf,4,VIDEO_CAPTURE_MPLANE
13642.035868,v4l2_dqbuf,0,VIDEO_OUTPUT_MPLANE
13642.051452,v4l2_qbuf,0,VIDEO_OUTPUT_MPLANE
13642.051469,v4l2_qbuf,5,VIDEO_CAPTURE_MPLANE
13642.054631,v4l2_dqbuf,5,VIDEO_CAPTURE_MPLANE
13642.054706,v4l2_dqbuf,0,VIDEO_OUTPUT_MPLANE
13642.066670,v4l2_qbuf,0,VIDEO_OUTPUT_MPLANE
13642.066689,v4l2_qbuf,3,VIDEO_CAPTURE_MPLANE
13642.070297,v4l2_dqbuf,3,VIDEO_CAPTURE_MPLANE
13642.070381,v4l2_dqbuf,0,VIDEO_OUTPUT_MPLANE
13642.083500,v4l2_qbuf,0,VIDEO_OUTPUT_MPLANE
13642.083529,v4l2_qbuf,0,VIDEO_CAPTURE_MPLANE
13642.086674,v4l2_dqbuf,0,VIDEO_CAPTURE_MPLANE
13642.086801,v4l2_dqbuf,0,VIDEO_OUTPUT_MPLANE
13642.100574,v4l2_qbuf,0,VIDEO_OUTPUT_MPLANE
13642.100604,v4l2_qbuf,1,VIDEO_CAPTURE_MPLANE
13642.103017,v4l2_dqbuf,1,VIDEO_CAPTURE_MPLANE
13642.103034,v4l2_dqbuf,0,VIDEO_OUTPUT_MPLANE
13642.117939,v4l2_qbuf,0,VIDEO_OUTPUT_MPLANE
13642.117973,v4l2_qbuf,2,VIDEO_CAPTURE_MPLANE
13642.121361,v4l2_dqbuf,2,VIDEO_CAPTURE_MPLANE
13642.121604,v4l2_dqbuf,0,VIDEO_OUTPUT_MPLANE
13642.133706,v4l2_qbuf,0,VIDEO_OUTPUT_MPLANE
13642.133780,v4l2_qbuf,5,VIDEO_CAPTURE_MPLANE
13642.136888,v4l2_dqbuf,5,VIDEO_CAPTURE_MPLANE
13642.136985,v4l2_dqbuf,0,VIDEO_OUTPUT_MPLANE
13642.150086,v4l2_qbuf,0,VIDEO_OUTPUT_MPLANE
13642.150107,v4l2_qbuf,3,VIDEO_CAPTURE_MPLANE
13642.153288,v4l2_dqbuf,3,VIDEO_CAPTURE_MPLANE
13642.153363,v4l2_dqbuf,0,VIDEO_OUTPUT_MPLANE
13642.166656,v4l2_qbuf,0,VIDEO_OUTPUT_MPLANE
13642.166673,v4l2_qbuf,0,VIDEO_CAPTURE_MPLANE
13642.168837,v4l2_dqbuf,0,VIDEO_CAPTURE_MPLANE
13642.168851,v4l2_dqbuf,0,VIDEO_OUTPUT_MPLANE
13642.183345,v4l2_qbuf,0,VIDEO_OUTPUT_MPLANE
13642.183363,v4l2_qbuf,4,VIDEO_CAPTURE_MPLANE
13642.186760,v4l2_dqbuf,4,VIDEO_CAPTURE_MPLANE
13642.186950,v4l2_dqbuf,0,VIDEO_OUTPUT_MPLANE
13642.200503,v4l2_qbuf,0,VIDEO_OUTPUT_MPLANE
13642.200522,v4l2_qbuf,2,VIDEO_CAPTURE_MPLANE
13642.203843,v4l2_dqbuf,2,VIDEO_CAPTURE_MPLANE
13642.204051,v4l2_dqbuf,0,VIDEO_OUTPUT_MPLANE
13642.216806,v4l2_qbuf,0,VIDEO_OUTPUT_MPLANE
13642.216823,v4l2_qbuf,5,VIDEO_CAPTURE_MPLANE
13642.220105,v4l2_dqbuf,5,VIDEO_CAPTURE_MPLANE
13642.220205,v4l2_dqbuf,0,VIDEO_OUTPUT_MPLANE
13642.236382,v4l2_qbuf,0,VIDEO_OUTPUT_MPLANE
13642.236413,v4l2_qbuf,3,VIDEO_CAPTURE_MPLANE
13642.238733,v4l2_dqbuf,3,VIDEO_CAPTURE_MPLANE
13642.238759,v4l2_dqbuf,0,VIDEO_OUTPUT_MPLANE
13642.250614,v4l2_qbuf,0,VIDEO_OUTPUT_MPLANE
13642.250649,v4l2_qbuf,1,VIDEO_CAPTURE_MPLANE
13642.254316,v4l2_dqbuf,1,VIDEO_CAPTURE_MPLANE
13642.254405,v4l2_dqbuf,0,VIDEO_OUTPUT_MPLANE
13642.267094,v4l2_qbuf,0,VIDEO_OUTPUT_MPLANE
13642.267133,v4l2_qbuf,4,VIDEO_CAPTURE_MPLANE
13642.270367,v4l2_dqbuf,4,VIDEO_CAPTURE_MPLANE
13642.270477,v4l2_dqbuf,0,VIDEO_OUTPUT_MPLANE
13642.284988,v4l2_qbuf,0,VIDEO_OUTPUT_MPLANE
13642.285317,v4l2_qbuf,2,VIDEO_CAPTURE_MPLANE
13642.287275,v4l2_dqbuf,2,VIDEO_CAPTURE_MPLANE
13642.287289,v4l2_dqbuf,0,VIDEO_OUTPUT_MPLANE
13642.299936,v4l2_qbuf,0,VIDEO_OUTPUT_MPLANE
13642.299951,v4l2_qbuf,5,VIDEO_CAPTURE_MPLANE
13642.302208,v4l2_dqbuf,5,VIDEO_CAPTURE_MPLANE
13642.302219,v4l2_dqbuf,0,VIDEO_OUTPUT_MPLANE
13642.319459,v4l2_qbuf,0,VIDEO_OUTPUT_MPLANE
13642.319480,v4l2_qbuf,0,VIDEO_CAPTURE_MPLANE
13642.322637,v4l2_dqbuf,0,VIDEO_CAPTURE_MPLANE
13642.322718,v4l2_dqbuf,0,VIDEO_OUTPUT_MPLANE
13642.336115,v4l2_qbuf,0,VIDEO_OUTPUT_MPLANE
13642.336130,v4l2_qbuf,1,VIDEO_CAPTURE_MPLANE
13642.339462,v4l2_dqbuf,1,VIDEO_CAPTURE_MPLANE
13642.339661,v4l2_dqbuf,0,VIDEO_OUTPUT_MPLANE
13642.352991,v4l2_qbuf,0,VIDEO_OUTPUT_MPLANE
13642.353068,v4l2_qbuf,4,VIDEO_CAPTURE_MPLANE
13642.356181,v4l2_dqbuf,4,VIDEO_CAPTURE_MPLANE
13642.356257,v4l2_dqbuf,0,VIDEO_OUTPUT_MPLANE
13642.369122,v4l2_qbuf,0,VIDEO_OUTPUT_MPLANE
13642.369143,v4l2_qbuf,3,VIDEO_CAPTURE_MPLANE
13642.371260,v4l2_dqbuf,3,VIDEO_CAPTURE_MPLANE
13642.371274,v4l2_dqbuf,0,VIDEO_OUTPUT_MPLANE
13642.385994,v4l2_qbuf,0,VIDEO_OUTPUT_MPLANE
13642.386116,v4l2_qbuf,2,VIDEO_CAPTURE_MPLANE
13642.389272,v4l2_dqbuf,2,VIDEO_CAPTURE_MPLANE
13642.389356,v4l2_dqbuf,0,VIDEO_OUTPUT_MPLANE
13642.402543,v4l2_qbuf,0,VIDEO_OUTPUT_MPLANE
13642.402562,v4l2_qbuf,0,VIDEO_CAPTURE_MPLANE
13642.405958,v4l2_dqbuf,0,VIDEO_CAPTURE_MPLANE
13642.406072,v4l2_dqbuf,0,VIDEO_OUTPUT_MPLANE
13642.419374,v4l2_qbuf,0,VIDEO_OUTPUT_MPLANE
13642.419425,v4l2_qbuf,1,VIDEO_CAPTURE_MPLANE
13642.423052,v4l2_dqbuf,1,VIDEO_CAPTURE_MPLANE
13642.423159,v4l2_dqbuf,0,VIDEO_OUTPUT_MPLANE
13642.436041,v4l2_qbuf,0,VIDEO_OUTPUT_MPLANE
13642.436063,v4l2_qbuf,4,VIDEO_CAPTURE_MPLANE
13642.438268,v4l2_dqbuf,4,VIDEO_CAPTURE_MPLANE
13642.438279,v4l2_dqbuf,0,VIDEO_OUTPUT_MPLANE
13642.452741,v4l2_qbuf,0,VIDEO_OUTPUT_MPLANE
13642.452757,v4l2_qbuf,5,VIDEO_CAPTURE_MPLANE
13642.455971,v4l2_dqbuf,5,VIDEO_CAPTURE_MPLANE
13642.456052,v4l2_dqbuf,0,VIDEO_OUTPUT_MPLANE
13642.469099,v4l2_qbuf,0,VIDEO_OUTPUT_MPLANE
13642.469119,v4l2_qbuf,2,VIDEO_CAPTURE_MPLANE
13642.472405,v4l2_dqbuf,2,VIDEO_CAPTURE_MPLANE
13642.472491,v4l2_dqbuf,0,VIDEO_OUTPUT_MPLANE
13642.485873,v4l2_qbuf,0,VIDEO_OUTPUT_MPLANE
13642.485890,v4l2_qbuf,0,VIDEO_CAPTURE_MPLANE
13642.488908,v4l2_dqbuf,0,VIDEO_CAPTURE_MPLANE
13642.488968,v4l2_dqbuf,0,VIDEO_OUTPUT_MPLANE
13642.505549,v4l2_qbuf,0,VIDEO_OUTPUT_MPLANE
13642.505568,v4l2_qbuf,1,VIDEO_CAPTURE_MPLANE
13642.507730,v4l2_dqbuf,1,VIDEO_CAPTURE_MPLANE
13642.507745,v4l2_dqbuf,0,VIDEO_OUTPUT_MPLANE
13642.519681,v4l2_qbuf,0,VIDEO_OUTPUT_MPLANE
13642.519711,v4l2_qbuf,3,VIDEO_CAPTURE_MPLANE
13642.523081,v4l2_dqbuf,3,VIDEO_CAPTURE_MPLANE
13642.523186,v4l2_dqbuf,0,VIDEO_OUTPUT_MPLANE
13642.536021,v4l2_qbuf,0,VIDEO_OUTPUT_MPLANE
13642.536052,v4l2_qbuf,5,VIDEO_CAPTURE_MPLANE
13642.539250,v4l2_dqbuf,5,VIDEO_CAPTURE_MPLANE
13642.539365,v4l2_dqbuf,0,VIDEO_OUTPUT_MPLANE
13642.554273,v4l2_qbuf,0,VIDEO_OUTPUT_MPLANE
13642.554292,v4l2_qbuf,2,VIDEO_CAPTURE_MPLANE
13642.557538,v4l2_dqbuf,2,VIDEO_CAPTURE_MPLANE
13642.557616,v4l2_dqbuf,0,VIDEO_OUTPUT_MPLANE
13642.571413,v4l2_qbuf,0,VIDEO_OUTPUT_MPLANE
13642.571433,v4l2_qbuf,0,VIDEO_CAPTURE_MPLANE
13642.573799,v4l2_dqbuf,0,VIDEO_CAPTURE_MPLANE
13642.573818,v4l2_dqbuf,0,VIDEO_OUTPUT_MPLANE
13642.587997,v4l2_qbuf,0,VIDEO_OUTPUT_MPLANE
13642.588026,v4l2_qbuf,4,VIDEO_CAPTURE_MPLANE
13642.591279,v4l2_dqbuf,4,VIDEO_CAPTURE_MPLANE
13642.591363,v4l2_dqbuf,0,VIDEO_OUTPUT_MPLANE
13642.605269,v4l2_qbuf,0,VIDEO_OUTPUT_MPLANE
13642.605298,v4l2_qbuf,3,VIDEO_CAPTURE_MPLANE
13642.608526,v4l2_dqbuf,3,VIDEO_CAPTURE_MPLANE
13642.608605,v4l2_dqbuf,0,VIDEO_OUTPUT_MPLANE
13642.621076,v4l2_qbuf,0,VIDEO_OUTPUT_MPLANE
13642.621106,v4l2_qbuf,5,VIDEO_CAPTURE_MPLANE
13642.624347,v4l2_dqbuf,5,VIDEO_CAPTURE_MPLANE
13642.624460,v4l2_dqbuf,0,VIDEO_OUTPUT_MPLANE
13642.637766,v4l2_qbuf,0,VIDEO_OUTPUT_MPLANE
13642.637788,v4l2_qbuf,2,VIDEO_CAPTURE_MPLANE
13642.640042,v4l2_dqbuf,2,VIDEO_CAPTURE_MPLANE
13642.640059,v4l2_dqbuf,0,VIDEO_OUTPUT_MPLANE
13642.654459,v4l2_qbuf,0,VIDEO_OUTPUT_MPLANE
13642.654479,v4l2_qbuf,1,VIDEO_CAPTURE_MPLANE
13642.657824,v4l2_dqbuf,1,VIDEO_CAPTURE_MPLANE
13642.657915,v4l2_dqbuf,0,VIDEO_OUTPUT_MPLANE
13642.671040,v4l2_qbuf,0,VIDEO_OUTPUT_MPLANE
13642.671079,v4l2_qbuf,4,VIDEO_CAPTURE_MPLANE
13642.674444,v4l2_dqbuf,4,VIDEO_CAPTURE_MPLANE
13642.674531,v4l2_dqbuf,0,VIDEO_OUTPUT_MPLANE
13642.687617,v4l2_qbuf,0,VIDEO_OUTPUT_MPLANE
13642.687636,v4l2_qbuf,3,VIDEO_CAPTURE_MPLANE
13642.690681,v4l2_dqbuf,3,VIDEO_CAPTURE_MPLANE
13642.690761,v4l2_dqbuf,0,VIDEO_OUTPUT_MPLANE
13642.704451,v4l2_qbuf,0,VIDEO_OUTPUT_MPLANE
13642.704474,v4l2_qbuf,5,VIDEO_CAPTURE_MPLANE
13642.706616,v4l2_dqbuf,5,VIDEO_CAPTURE_MPLANE
13642.706631,v4l2_dqbuf,0,VIDEO_OUTPUT_MPLANE
13642.720838,v4l2_qbuf,0,VIDEO_OUTPUT_MPLANE
13642.720858,v4l2_qbuf,0,VIDEO_CAPTURE_MPLANE
13642.724127,v4l2_dqbuf,0,VIDEO_CAPTURE_MPLANE
13642.724274,v4l2_dqbuf,0,VIDEO_OUTPUT_MPLANE
13642.737916,v4l2_qbuf,0,VIDEO_OUTPUT_MPLANE
13642.737952,v4l2_qbuf,1,VIDEO_CAPTURE_MPLANE
13642.741388,v4l2_dqbuf,1,VIDEO_CAPTURE_MPLANE
13642.741526,v4l2_dqbuf,0,VIDEO_OUTPUT_MPLANE
13642.754479,v4l2_qbuf,0,VIDEO_OUTPUT_MPLANE
13642.754510,v4l2_qbuf,4,VIDEO_CAPTURE_MPLANE
13642.757827,v4l2_dqbuf,4,VIDEO_CAPTURE_MPLANE
13642.757960,v4l2_dqbuf,0,VIDEO_OUTPUT_MPLANE
13642.771192,v4l2_qbuf,0,VIDEO_OUTPUT_MPLANE
13642.771212,v4l2_qbuf,3,VIDEO_CAPTURE_MPLANE
13642.773583,v4l2_dqbuf,3,VIDEO_CAPTURE_MPLANE
13642.773631,v4l2_dqbuf,0,VIDEO_OUTPUT_MPLANE
13642.788749,v4l2_qbuf,0,VIDEO_OUTPUT_MPLANE
13642.788768,v4l2_qbuf,2,VIDEO_CAPTURE_MPLANE
13642.791993,v4l2_dqbuf,2,VIDEO_CAPTURE_MPLANE
13642.792109,v4l2_dqbuf,0,VIDEO_OUTPUT_MPLANE
13642.804477,v4l2_qbuf,0,VIDEO_OUTPUT_MPLANE
13642.804500,v4l2_qbuf,0,VIDEO_CAPTURE_MPLANE
13642.807899,v4l2_dqbuf,0,VIDEO_CAPTURE_MPLANE
13642.808082,v4l2_dqbuf,0,VIDEO_OUTPUT_MPLANE
13642.821082,v4l2_qbuf,0,VIDEO_OUTPUT_MPLANE
13642.821103,v4l2_qbuf,1,VIDEO_CAPTURE_MPLANE
13642.824454,v4l2_dqbuf,1,VIDEO_CAPTURE_MPLANE
13642.824640,v4l2_dqbuf,0,VIDEO_OUTPUT_MPLANE
13642.837823,v4l2_qbuf,0,VIDEO_OUTPUT_MPLANE
13642.837845,v4l2_qbuf,4,VIDEO_CAPTURE_MPLANE
13642.840264,v4l2_dqbuf,4,VIDEO_CAPTURE_MPLANE
13642.840312,v4l2_dqbuf,0,VIDEO_OUTPUT_MPLANE
13642.854570,v4l2_qbuf,0,VIDEO_OUTPUT_MPLANE
13642.854620,v4l2_qbuf,5,VIDEO_CAPTURE_MPLANE
13642.857885,v4l2_dqbuf,5,VIDEO_CAPTURE_MPLANE
13642.857970,v4l2_dqbuf,0,VIDEO_OUTPUT_MPLANE
13642.871262,v4l2_qbuf,0,VIDEO_OUTPUT_MPLANE
13642.871284,v4l2_qbuf,2,VIDEO_CAPTURE_MPLANE
13642.874458,v4l2_dqbuf,2,VIDEO_CAPTURE_MPLANE
13642.874542,v4l2_dqbuf,0,VIDEO_OUTPUT_MPLANE
13642.887956,v4l2_qbuf,0,VIDEO_OUTPUT_MPLANE
13642.887984,v4l2_qbuf,0,VIDEO_CAPTURE_MPLANE
13642.891289,v4l2_dqbuf,0,VIDEO_CAPTURE_MPLANE
13642.891387,v4l2_dqbuf,0,VIDEO_OUTPUT_MPLANE
13642.904332,v4l2_qbuf,0,VIDEO_OUTPUT_MPLANE
13642.904352,v4l2_qbuf,1,VIDEO_CAPTURE_MPLANE
13642.906647,v4l2_dqbuf,1,VIDEO_CAPTURE_MPLANE
13642.906664,v4l2_dqbuf,0,VIDEO_OUTPUT_MPLANE
13642.920990,v4l2_qbuf,0,VIDEO_OUTPUT_MPLANE
13642.921026,v4l2_qbuf,3,VIDEO_CAPTURE_MPLANE
13642.924269,v4l2_dqbuf,3,VIDEO_CAPTURE_MPLANE
13642.924359,v4l2_dqbuf,0,VIDEO_OUTPUT_MPLANE
13642.937497,v4l2_qbuf,0,VIDEO_OUTPUT_MPLANE
13642.937526,v4l2_qbuf,5,VIDEO_CAPTURE_MPLANE
13642.940807,v4l2_dqbuf,5,VIDEO_CAPTURE_MPLANE
13642.940964,v4l2_dqbuf,0,VIDEO_OUTPUT_MPLANE
13642.954310,v4l2_qbuf,0,VIDEO_OUTPUT_MPLANE
13642.954332,v4l2_qbuf,2,VIDEO_CAPTURE_MPLANE
13642.957546,v4l2_dqbuf,2,VIDEO_CAPTURE_MPLANE
13642.957673,v4l2_dqbuf,0,VIDEO_OUTPUT_MPLANE
13642.971306,v4l2_qbuf,0,VIDEO_OUTPUT_MPLANE
13642.971326,v4l2_qbuf,0,VIDEO_CAPTURE_MPLANE
13642.973592,v4l2_dqbuf,0,VIDEO_CAPTURE_MPLANE
13642.973607,v4l2_dqbuf,0,VIDEO_OUTPUT_MPLANE
13642.987773,v4l2_qbuf,0,VIDEO_OUTPUT_MPLANE
13642.987800,v4l2_qbuf,4,VIDEO_CAPTURE_MPLANE
13642.991064,v4l2_dqbuf,4,VIDEO_CAPTURE_MPLANE
13642.991156,v4l2_dqbuf,0,VIDEO_OUTPUT_MPLANE
13643.004640,v4l2_qbuf,0,VIDEO_OUTPUT_MPLANE
13643.004662,v4l2_qbuf,3,VIDEO_CAPTURE_MPLANE
13643.007993,v4l2_dqbuf,3,VIDEO_CAPTURE_MPLANE
13643.008092,v4l2_dqbuf,0,VIDEO_OUTPUT_MPLANE
13643.021348,v4l2_qbuf,0,VIDEO_OUTPUT_MPLANE
13643.021370,v4l2_qbuf,5,VIDEO_CAPTURE_MPLANE
13643.024586,v4l2_dqbuf,5,VIDEO_CAPTURE_MPLANE
13643.024682,v4l2_dqbuf,0,VIDEO_OUTPUT_MPLANE
13643.037728,v4l2_qbuf,0,VIDEO_OUTPUT_MPLANE
13643.037750,v4l2_qbuf,2,VIDEO_CAPTURE_MPLANE
13643.039963,v4l2_dqbuf,2,VIDEO_CAPTURE_MPLANE
13643.039978,v4l2_dqbuf,0,VIDEO_OUTPUT_MPLANE
13643.054522,v4l2_qbuf,0,VIDEO_OUTPUT_MPLANE
13643.054543,v4l2_qbuf,1,VIDEO_CAPTURE_MPLANE
13643.057829,v4l2_dqbuf,1,VIDEO_CAPTURE_MPLANE
13643.057918,v4l2_dqbuf,0,VIDEO_OUTPUT_MPLANE
13643.071163,v4l2_qbuf,0,VIDEO_OUTPUT_MPLANE
13643.071194,v4l2_qbuf,4,VIDEO_CAPTURE_MPLANE
13643.074465,v4l2_dqbuf,4,VIDEO_CAPTURE_MPLANE
13643.074697,v4l2_dqbuf,0,VIDEO_OUTPUT_MPLANE
13643.088172,v4l2_qbuf,0,VIDEO_OUTPUT_MPLANE
13643.088200,v4l2_qbuf,3,VIDEO_CAPTURE_MPLANE
13643.091356,v4l2_dqbuf,3,VIDEO_CAPTURE_MPLANE
13643.091451,v4l2_dqbuf,0,VIDEO_OUTPUT_MPLANE
13643.104496,v4l2_qbuf,0,VIDEO_OUTPUT_MPLANE
13643.104516,v4l2_qbuf,5,VIDEO_CAPTURE_MPLANE
13643.106895,v4l2_dqbuf,5,VIDEO_CAPTURE_MPLANE
13643.106913,v4l2_dqbuf,0,VIDEO_OUTPUT_MPLANE
13643.121292,v4l2_qbuf,0,VIDEO_OUTPUT_MPLANE
13643.121333,v4l2_qbuf,0,VIDEO_CAPTURE_MPLANE
13643.124738,v4l2_dqbuf,0,VIDEO_CAPTURE_MPLANE
13643.124823,v4l2_dqbuf,0,VIDEO_OUTPUT_MPLANE
13643.138386,v4l2_qbuf,0,VIDEO_OUTPUT_MPLANE
13643.138426,v4l2_qbuf,1,VIDEO_CAPTURE_MPLANE
13643.141729,v4l2_dqbuf,1,VIDEO_CAPTURE_MPLANE
13643.141811,v4l2_dqbuf,0,VIDEO_OUTPUT_MPLANE
13643.154295,v4l2_qbuf,0,VIDEO_OUTPUT_MPLANE
13643.154316,v4l2_qbuf,4,VIDEO_CAPTURE_MPLANE
13643.157598,v4l2_dqbuf,4,VIDEO_CAPTURE_MPLANE
13643.157688,v4l2_dqbuf,0,VIDEO_OUTPUT_MPLANE
13643.171177,v4l2_qbuf,0,VIDEO_OUTPUT_MPLANE
13643.171198,v4l2_qbuf,3,VIDEO_CAPTURE_MPLANE
13643.173415,v4l2_dqbuf,3,VIDEO_CAPTURE_MPLANE
13643.173430,v4l2_dqbuf,0,VIDEO_OUTPUT_MPLANE
13643.188434,v4l2_qbuf,0,VIDEO_OUTPUT_MPLANE
13643.188462,v4l2_qbuf,2,VIDEO_CAPTURE_MPLANE
13643.191807,v4l2_dqbuf,2,VIDEO_CAPTURE_MPLANE
13643.191899,v4l2_dqbuf,0,VIDEO_OUTPUT_MPLANE
13643.204426,v4l2_qbuf,0,VIDEO_OUTPUT_MPLANE
13643.204454,v4l2_qbuf,0,VIDEO_CAPTURE_MPLANE
13643.207877,v4l2_dqbuf,0,VIDEO_CAPTURE_MPLANE
13643.207976,v4l2_dqbuf,0,VIDEO_OUTPUT_MPLANE
13643.221229,v4l2_qbuf,0,VIDEO_OUTPUT_MPLANE
13643.221250,v4l2_qbuf,1,VIDEO_CAPTURE_MPLANE
13643.224635,v4l2_dqbuf,1,VIDEO_CAPTURE_MPLANE
13643.224732,v4l2_dqbuf,0,VIDEO_OUTPUT_MPLANE
13643.237932,v4l2_qbuf,0,VIDEO_OUTPUT_MPLANE
13643.237969,v4l2_qbuf,4,VIDEO_CAPTURE_MPLANE
13643.240258,v4l2_dqbuf,4,VIDEO_CAPTURE_MPLANE
13643.240273,v4l2_dqbuf,0,VIDEO_OUTPUT_MPLANE
13643.254526,v4l2_qbuf,0,VIDEO_OUTPUT_MPLANE
13643.254548,v4l2_qbuf,5,VIDEO_CAPTURE_MPLANE
13643.257794,v4l2_dqbuf,5,VIDEO_CAPTURE_MPLANE
13643.257881,v4l2_dqbuf,0,VIDEO_OUTPUT_MPLANE
13643.271101,v4l2_qbuf,0,VIDEO_OUTPUT_MPLANE
13643.271130,v4l2_qbuf,2,VIDEO_CAPTURE_MPLANE
13643.274453,v4l2_dqbuf,2,VIDEO_CAPTURE_MPLANE
13643.274591,v4l2_dqbuf,0,VIDEO_OUTPUT_MPLANE
13643.287609,v4l2_qbuf,0,VIDEO_OUTPUT_MPLANE
13643.287653,v4l2_qbuf,0,VIDEO_CAPTURE_MPLANE
13643.289603,v4l2_dqbuf,0,VIDEO_CAPTURE_MPLANE
13643.289618,v4l2_dqbuf,0,VIDEO_OUTPUT_MPLANE
13643.304441,v4l2_qbuf,0,VIDEO_OUTPUT_MPLANE
13643.304461,v4l2_qbuf,1,VIDEO_CAPTURE_MPLANE
13643.306768,v4l2_dqbuf,1,VIDEO_CAPTURE_MPLANE
13643.306782,v4l2_dqbuf,0,VIDEO_OUTPUT_MPLANE
13643.321189,v4l2_qbuf,0,VIDEO_OUTPUT_MPLANE
13643.321212,v4l2_qbuf,3,VIDEO_CAPTURE_MPLANE
13643.324529,v4l2_dqbuf,3,VIDEO_CAPTURE_MPLANE
13643.324700,v4l2_dqbuf,0,VIDEO_OUTPUT_MPLANE
13643.338063,v4l2_qbuf,0,VIDEO_OUTPUT_MPLANE
13643.338085,v4l2_qbuf,5,VIDEO_CAPTURE_MPLANE
13643.341607,v4l2_dqbuf,5,VIDEO_CAPTURE_MPLANE
13643.341701,v4l2_dqbuf,0,VIDEO_OUTPUT_MPLANE
13643.354835,v4l2_qbuf,0,VIDEO_OUTPUT_MPLANE
13643.354858,v4l2_qbuf,2,VIDEO_CAPTURE_MPLANE
13643.357941,v4l2_dqbuf,2,VIDEO_CAPTURE_MPLANE
13643.358046,v4l2_dqbuf,0,VIDEO_OUTPUT_MPLANE
13643.371385,v4l2_qbuf,0,VIDEO_OUTPUT_MPLANE
13643.371404,v4l2_qbuf,4,VIDEO_CAPTURE_MPLANE
13643.373547,v4l2_dqbuf,4,VIDEO_CAPTURE_MPLANE
13643.373563,v4l2_dqbuf,0,VIDEO_OUTPUT_MPLANE
13643.387602,v4l2_qbuf,0,VIDEO_OUTPUT_MPLANE
13643.387626,v4l2_qbuf,0,VIDEO_CAPTURE_MPLANE
13643.390907,v4l2_dqbuf,0,VIDEO_CAPTURE_MPLANE
13643.390992,v4l2_dqbuf,0,VIDEO_OUTPUT_MPLANE
13643.404948,v4l2_qbuf,0,VIDEO_OUTPUT_MPLANE
13643.404984,v4l2_qbuf,3,VIDEO_CAPTURE_MPLANE
13643.408420,v4l2_dqbuf,3,VIDEO_CAPTURE_MPLANE
13643.408578,v4l2_dqbuf,0,VIDEO_OUTPUT_MPLANE
13643.421261,v4l2_qbuf,0,VIDEO_OUTPUT_MPLANE
13643.421293,v4l2_qbuf,5,VIDEO_CAPTURE_MPLANE
13643.424702,v4l2_dqbuf,5,VIDEO_CAPTURE_MPLANE
13643.424910,v4l2_dqbuf,0,VIDEO_OUTPUT_MPLANE
13643.437924,v4l2_qbuf,0,VIDEO_OUTPUT_MPLANE
13643.437958,v4l2_qbuf,2,VIDEO_CAPTURE_MPLANE
13643.440405,v4l2_dqbuf,2,VIDEO_CAPTURE_MPLANE
13643.440420,v4l2_dqbuf,0,VIDEO_OUTPUT_MPLANE
13643.454374,v4l2_qbuf,0,VIDEO_OUTPUT_MPLANE
13643.454395,v4l2_qbuf,1,VIDEO_CAPTURE_MPLANE
13643.457683,v4l2_dqbuf,1,VIDEO_CAPTURE_MPLANE
13643.457774,v4l2_dqbuf,0,VIDEO_OUTPUT_MPLANE
13643.470870,v4l2_qbuf,0,VIDEO_OUTPUT_MPLANE
13643.470885,v4l2_qbuf,0,VIDEO_CAPTURE_MPLANE
13643.474048,v4l2_dqbuf,0,VIDEO_CAPTURE_MPLANE
13643.474122,v4l2_dqbuf,0,VIDEO_OUTPUT_MPLANE
13643.487886,v4l2_qbuf,0,VIDEO_OUTPUT_MPLANE
13643.487911,v4l2_qbuf,3,VIDEO_CAPTURE_MPLANE
13643.491146,v4l2_dqbuf,3,VIDEO_CAPTURE_MPLANE
13643.491289,v4l2_dqbuf,0,VIDEO_OUTPUT_MPLANE
13643.504501,v4l2_qbuf,0,VIDEO_OUTPUT_MPLANE
13643.504520,v4l2_qbuf,5,VIDEO_CAPTURE_MPLANE
13643.506764,v4l2_dqbuf,5,VIDEO_CAPTURE_MPLANE
13643.506779,v4l2_dqbuf,0,VIDEO_OUTPUT_MPLANE
13643.520811,v4l2_qbuf,0,VIDEO_OUTPUT_MPLANE
13643.520829,v4l2_qbuf,4,VIDEO_CAPTURE_MPLANE
13643.524164,v4l2_dqbuf,4,VIDEO_CAPTURE_MPLANE
13643.524228,v4l2_dqbuf,0,VIDEO_OUTPUT_MPLANE
13643.537339,v4l2_qbuf,0,VIDEO_OUTPUT_MPLANE
13643.537356,v4l2_qbuf,1,VIDEO_CAPTURE_MPLANE
13643.540548,v4l2_dqbuf,1,VIDEO_CAPTURE_MPLANE
13643.540707,v4l2_dqbuf,0,VIDEO_OUTPUT_MPLANE
13643.554144,v4l2_qbuf,0,VIDEO_OUTPUT_MPLANE
13643.554169,v4l2_qbuf,0,VIDEO_CAPTURE_MPLANE
13643.557084,v4l2_dqbuf,0,VIDEO_CAPTURE_MPLANE
13643.557171,v4l2_dqbuf,0,VIDEO_OUTPUT_MPLANE
13643.572219,v4l2_qbuf,0,VIDEO_OUTPUT_MPLANE
13643.572241,v4l2_qbuf,3,VIDEO_CAPTURE_MPLANE
13643.574474,v4l2_dqbuf,3,VIDEO_CAPTURE_MPLANE
13643.574490,v4l2_dqbuf,0,VIDEO_OUTPUT_MPLANE
13643.587671,v4l2_qbuf,0,VIDEO_OUTPUT_MPLANE
13643.587692,v4l2_qbuf,2,VIDEO_CAPTURE_MPLANE
13643.590881,v4l2_dqbuf,2,VIDEO_CAPTURE_MPLANE
13643.590959,v4l2_dqbuf,0,VIDEO_OUTPUT_MPLANE
13643.604385,v4l2_qbuf,0,VIDEO_OUTPUT_MPLANE
13643.604405,v4l2_qbuf,4,VIDEO_CAPTURE_MPLANE
13643.607592,v4l2_dqbuf,4,VIDEO_CAPTURE_MPLANE
13643.607679,v4l2_dqbuf,0,VIDEO_OUTPUT_MPLANE
13643.621066,v4l2_qbuf,0,VIDEO_OUTPUT_MPLANE
13643.621087,v4l2_qbuf,1,VIDEO_CAPTURE_MPLANE
13643.624347,v4l2_dqbuf,1,VIDEO_CAPTURE_MPLANE
13643.624493,v4l2_dqbuf,0,VIDEO_OUTPUT_MPLANE
13643.638232,v4l2_qbuf,0,VIDEO_OUTPUT_MPLANE
13643.638272,v4l2_qbuf,0,VIDEO_CAPTURE_MPLANE
13643.640555,v4l2_dqbuf,0,VIDEO_CAPTURE_MPLANE
13643.640572,v4l2_dqbuf,0,VIDEO_OUTPUT_MPLANE
13643.654963,v4l2_qbuf,0,VIDEO_OUTPUT_MPLANE
13643.654983,v4l2_qbuf,5,VIDEO_CAPTURE_MPLANE
13643.658161,v4l2_dqbuf,5,VIDEO_CAPTURE_MPLANE
13643.658254,v4l2_dqbuf,0,VIDEO_OUTPUT_MPLANE
13643.671791,v4l2_qbuf,0,VIDEO_OUTPUT_MPLANE
13643.671812,v4l2_qbuf,2,VIDEO_CAPTURE_MPLANE
13643.674902,v4l2_dqbuf,2,VIDEO_CAPTURE_MPLANE
13643.674986,v4l2_dqbuf,0,VIDEO_OUTPUT_MPLANE
13643.689690,v4l2_qbuf,0,VIDEO_OUTPUT_MPLANE
13643.689712,v4l2_qbuf,4,VIDEO_CAPTURE_MPLANE
13643.689868,v4l2_qbuf,1,VIDEO_OUTPUT_MPLANE
13643.689878,v4l2_qbuf,5,VIDEO_CAPTURE_MPLANE
13643.693121,v4l2_dqbuf,4,VIDEO_CAPTURE_MPLANE
13643.693282,v4l2_dqbuf,0,VIDEO_OUTPUT_MPLANE
13643.695149,v4l2_qbuf,0,VIDEO_OUTPUT_MPLANE
13643.695167,v4l2_qbuf,1,VIDEO_CAPTURE_MPLANE
13643.695253,v4l2_dqbuf,5,VIDEO_CAPTURE_MPLANE
13643.695282,v4l2_dqbuf,1,VIDEO_OUTPUT_MPLANE
13643.695408,v4l2_qbuf,1,VIDEO_OUTPUT_MPLANE
13643.695418,v4l2_qbuf,3,VIDEO_CAPTURE_MPLANE
13643.698501,v4l2_dqbuf,1,VIDEO_CAPTURE_MPLANE
13643.698608,v4l2_dqbuf,0,VIDEO_OUTPUT_MPLANE
13643.701562,v4l2_dqbuf,3,VIDEO_CAPTURE_MPLANE
13643.701661,v4l2_dqbuf,1,VIDEO_OUTPUT_MPLANE
13643.722896,v4l2_qbuf,0,VIDEO_OUTPUT_MPLANE
13643.722928,v4l2_qbuf,2,VIDEO_CAPTURE_MPLANE
13643.726295,v4l2_dqbuf,2,VIDEO_CAPTURE_MPLANE
13643.726452,v4l2_dqbuf,0,VIDEO_OUTPUT_MPLANE
13643.739778,v4l2_qbuf,0,VIDEO_OUTPUT_MPLANE
13643.739807,v4l2_qbuf,4,VIDEO_CAPTURE_MPLANE
13643.742123,v4l2_dqbuf,4,VIDEO_CAPTURE_MPLANE
13643.742153,v4l2_dqbuf,0,VIDEO_OUTPUT_MPLANE
13643.757284,v4l2_qbuf,0,VIDEO_OUTPUT_MPLANE
13643.757317,v4l2_qbuf,0,VIDEO_CAPTURE_MPLANE
13643.760704,v4l2_dqbuf,0,VIDEO_CAPTURE_MPLANE
13643.760851,v4l2_dqbuf,0,VIDEO_OUTPUT_MPLANE
13643.772908,v4l2_qbuf,0,VIDEO_OUTPUT_MPLANE
13643.772931,v4l2_qbuf,1,VIDEO_CAPTURE_MPLANE
13643.776208,v4l2_dqbuf,1,VIDEO_CAPTURE_MPLANE
13643.776367,v4l2_dqbuf,0,VIDEO_OUTPUT_MPLANE
13643.789716,v4l2_qbuf,0,VIDEO_OUTPUT_MPLANE
13643.789746,v4l2_qbuf,3,VIDEO_CAPTURE_MPLANE
13643.791982,v4l2_dqbuf,3,VIDEO_CAPTURE_MPLANE
13643.791996,v4l2_dqbuf,0,VIDEO_OUTPUT_MPLANE
13643.806507,v4l2_qbuf,0,VIDEO_OUTPUT_MPLANE
13643.806537,v4l2_qbuf,2,VIDEO_CAPTURE_MPLANE
13643.809733,v4l2_dqbuf,2,VIDEO_CAPTURE_MPLANE
13643.809874,v4l2_dqbuf,0,VIDEO_OUTPUT_MPLANE
13643.822963,v4l2_qbuf,0,VIDEO_OUTPUT_MPLANE
13643.822986,v4l2_qbuf,5,VIDEO_CAPTURE_MPLANE
13643.826253,v4l2_dqbuf,5,VIDEO_CAPTURE_MPLANE
13643.826340,v4l2_dqbuf,0,VIDEO_OUTPUT_MPLANE
13643.839586,v4l2_qbuf,0,VIDEO_OUTPUT_MPLANE
13643.839606,v4l2_qbuf,0,VIDEO_CAPTURE_MPLANE
13643.842736,v4l2_dqbuf,0,VIDEO_CAPTURE_MPLANE
13643.842811,v4l2_dqbuf,0,VIDEO_OUTPUT_MPLANE
13643.856357,v4l2_qbuf,0,VIDEO_OUTPUT_MPLANE
13643.856377,v4l2_qbuf,1,VIDEO_CAPTURE_MPLANE
13643.858596,v4l2_dqbuf,1,VIDEO_CAPTURE_MPLANE
13643.858611,v4l2_dqbuf,0,VIDEO_OUTPUT_MPLANE
13643.873220,v4l2_qbuf,0,VIDEO_OUTPUT_MPLANE
13643.873242,v4l2_qbuf,4,VIDEO_CAPTURE_MPLANE
13643.876477,v4l2_dqbuf,4,VIDEO_CAPTURE_MPLANE
13643.876577,v4l2_dqbuf,0,VIDEO_OUTPUT_MPLANE
13643.889546,v4l2_qbuf,0,VIDEO_OUTPUT_MPLANE
13643.889565,v4l2_qbuf,2,VIDEO_CAPTURE_MPLANE
13643.892696,v4l2_dqbuf,2,VIDEO_CAPTURE_MPLANE
13643.892792,v4l2_dqbuf,0,VIDEO_OUTPUT_MPLANE
13643.906614,v4l2_qbuf,0,VIDEO_OUTPUT_MPLANE
13643.906635,v4l2_qbuf,5,VIDEO_CAPTURE_MPLANE
13643.910031,v4l2_dqbuf,5,VIDEO_CAPTURE_MPLANE
13643.910120,v4l2_dqbuf,0,VIDEO_OUTPUT_MPLANE
13643.923111,v4l2_qbuf,0,VIDEO_OUTPUT_MPLANE
13643.923144,v4l2_qbuf,0,VIDEO_CAPTURE_MPLANE
13643.925502,v4l2_dqbuf,0,VIDEO_CAPTURE_MPLANE
13643.925534,v4l2_dqbuf,0,VIDEO_OUTPUT_MPLANE
13643.939377,v4l2_qbuf,0,VIDEO_OUTPUT_MPLANE
13643.939397,v4l2_qbuf,3,VIDEO_CAPTURE_MPLANE
13643.942962,v4l2_dqbuf,3,VIDEO_CAPTURE_MPLANE
13643.943252,v4l2_dqbuf,0,VIDEO_OUTPUT_MPLANE
13643.956490,v4l2_qbuf,0,VIDEO_OUTPUT_MPLANE
13643.956511,v4l2_qbuf,4,VIDEO_CAPTURE_MPLANE
13643.959893,v4l2_dqbuf,4,VIDEO_CAPTURE_MPLANE
13643.960104,v4l2_dqbuf,0,VIDEO_OUTPUT_MPLANE
13643.972924,v4l2_qbuf,0,VIDEO_OUTPUT_MPLANE
13643.972944,v4l2_qbuf,2,VIDEO_CAPTURE_MPLANE
13643.976270,v4l2_dqbuf,2,VIDEO_CAPTURE_MPLANE
13643.976359,v4l2_dqbuf,0,VIDEO_OUTPUT_MPLANE
13643.989732,v4l2_qbuf,0,VIDEO_OUTPUT_MPLANE
13643.989758,v4l2_qbuf,5,VIDEO_CAPTURE_MPLANE
13643.992133,v4l2_dqbuf,5,VIDEO_CAPTURE_MPLANE
13643.992149,v4l2_dqbuf,0,VIDEO_OUTPUT_MPLANE
13644.006149,v4l2_qbuf,0,VIDEO_OUTPUT_MPLANE
13644.006171,v4l2_qbuf,1,VIDEO_CAPTURE_MPLANE
13644.009656,v4l2_dqbuf,1,VIDEO_CAPTURE_MPLANE
13644.009741,v4l2_dqbuf,0,VIDEO_OUTPUT_MPLANE
13644.023273,v4l2_qbuf,0,VIDEO_OUTPUT_MPLANE
13644.023296,v4l2_qbuf,3,VIDEO_CAPTURE_MPLANE
13644.026628,v4l2_dqbuf,3,VIDEO_CAPTURE_MPLANE
13644.026715,v4l2_dqbuf,0,VIDEO_OUTPUT_MPLANE
13644.039841,v4l2_qbuf,0,VIDEO_OUTPUT_MPLANE
13644.039879,v4l2_qbuf,4,VIDEO_CAPTURE_MPLANE
13644.043158,v4l2_dqbuf,4,VIDEO_CAPTURE_MPLANE
13644.043248,v4l2_dqbuf,0,VIDEO_OUTPUT_MPLANE
13644.056506,v4l2_qbuf,0,VIDEO_OUTPUT_MPLANE
13644.056526,v4l2_qbuf,2,VIDEO_CAPTURE_MPLANE
13644.058747,v4l2_dqbuf,2,VIDEO_CAPTURE_MPLANE
13644.058762,v4l2_dqbuf,0,VIDEO_OUTPUT_MPLANE
13644.073080,v4l2_qbuf,0,VIDEO_OUTPUT_MPLANE
13644.073102,v4l2_qbuf,0,VIDEO_CAPTURE_MPLANE
13644.076476,v4l2_dqbuf,0,VIDEO_CAPTURE_MPLANE
13644.076654,v4l2_dqbuf,0,VIDEO_OUTPUT_MPLANE
13644.089802,v4l2_qbuf,0,VIDEO_OUTPUT_MPLANE
13644.089831,v4l2_qbuf,1,VIDEO_CAPTURE_MPLANE
13644.093073,v4l2_dqbuf,1,VIDEO_CAPTURE_MPLANE
13644.093165,v4l2_dqbuf,0,VIDEO_OUTPUT_MPLANE
13644.106947,v4l2_qbuf,0,VIDEO_OUTPUT_MPLANE
13644.106969,v4l2_qbuf,3,VIDEO_CAPTURE_MPLANE
13644.110014,v4l2_dqbuf,3,VIDEO_CAPTURE_MPLANE
13644.110107,v4l2_dqbuf,0,VIDEO_OUTPUT_MPLANE
13644.123373,v4l2_qbuf,0,VIDEO_OUTPUT_MPLANE
13644.123418,v4l2_qbuf,4,VIDEO_CAPTURE_MPLANE
13644.125757,v4l2_dqbuf,4,VIDEO_CAPTURE_MPLANE
13644.125776,v4l2_dqbuf,0,VIDEO_OUTPUT_MPLANE
13644.139583,v4l2_qbuf,0,VIDEO_OUTPUT_MPLANE
13644.139606,v4l2_qbuf,5,VIDEO_CAPTURE_MPLANE
13644.142879,v4l2_dqbuf,5,VIDEO_CAPTURE_MPLANE
13644.142987,v4l2_dqbuf,0,VIDEO_OUTPUT_MPLANE
13644.157957,v4l2_qbuf,0,VIDEO_OUTPUT_MPLANE
13644.158042,v4l2_qbuf,0,VIDEO_CAPTURE_MPLANE
13644.161534,v4l2_dqbuf,0,VIDEO_CAPTURE_MPLANE
13644.161724,v4l2_dqbuf,0,VIDEO_OUTPUT_MPLANE
13644.173020,v4l2_qbuf,0,VIDEO_OUTPUT_MPLANE
13644.173042,v4l2_qbuf,1,VIDEO_CAPTURE_MPLANE
13644.177221,v4l2_dqbuf,1,VIDEO_CAPTURE_MPLANE
13644.177392,v4l2_dqbuf,0,VIDEO_OUTPUT_MPLANE
13644.189974,v4l2_qbuf,0,VIDEO_OUTPUT_MPLANE
13644.190026,v4l2_qbuf,3,VIDEO_CAPTURE_MPLANE
13644.192285,v4l2_dqbuf,3,VIDEO_CAPTURE_MPLANE
13644.192299,v4l2_dqbuf,0,VIDEO_OUTPUT_MPLANE
13644.206594,v4l2_qbuf,0,VIDEO_OUTPUT_MPLANE
13644.206650,v4l2_qbuf,2,VIDEO_CAPTURE_MPLANE
13644.209925,v4l2_dqbuf,2,VIDEO_CAPTURE_MPLANE
13644.210232,v4l2_dqbuf,0,VIDEO_OUTPUT_MPLANE
13644.222950,v4l2_qbuf,0,VIDEO_OUTPUT_MPLANE
13644.222966,v4l2_qbuf,5,VIDEO_CAPTURE_MPLANE
13644.226159,v4l2_dqbuf,5,VIDEO_CAPTURE_MPLANE
13644.226227,v4l2_dqbuf,0,VIDEO_OUTPUT_MPLANE
13644.239600,v4l2_qbuf,0,VIDEO_OUTPUT_MPLANE
13644.239622,v4l2_qbuf,0,VIDEO_CAPTURE_MPLANE
13644.242752,v4l2_dqbuf,0,VIDEO_CAPTURE_MPLANE
13644.242867,v4l2_dqbuf,0,VIDEO_OUTPUT_MPLANE
13644.256380,v4l2_qbuf,0,VIDEO_OUTPUT_MPLANE
13644.256401,v4l2_qbuf,1,VIDEO_CAPTURE_MPLANE
13644.258205,v4l2_dqbuf,1,VIDEO_CAPTURE_MPLANE
13644.258216,v4l2_dqbuf,0,VIDEO_OUTPUT_MPLANE
13644.272846,v4l2_qbuf,0,VIDEO_OUTPUT_MPLANE
13644.272861,v4l2_qbuf,4,VIDEO_CAPTURE_MPLANE
13644.274968,v4l2_dqbuf,4,VIDEO_CAPTURE_MPLANE
13644.274979,v4l2_dqbuf,0,VIDEO_OUTPUT_MPLANE
13644.289548,v4l2_qbuf,0,VIDEO_OUTPUT_MPLANE
13644.289576,v4l2_qbuf,2,VIDEO_CAPTURE_MPLANE
13644.292723,v4l2_dqbuf,2,VIDEO_CAPTURE_MPLANE
13644.292873,v4l2_dqbuf,0,VIDEO_OUTPUT_MPLANE
13644.305913,v4l2_qbuf,0,VIDEO_OUTPUT_MPLANE
13644.305952,v4l2_qbuf,5,VIDEO_CAPTURE_MPLANE
13644.309251,v4l2_dqbuf,5,VIDEO_CAPTURE_MPLANE
13644.309407,v4l2_dqbuf,0,VIDEO_OUTPUT_MPLANE
13644.323161,v4l2_qbuf,0,VIDEO_OUTPUT_MPLANE
13644.323195,v4l2_qbuf,0,VIDEO_CAPTURE_MPLANE
13644.325586,v4l2_dqbuf,0,VIDEO_CAPTURE_MPLANE
13644.325605,v4l2_dqbuf,0,VIDEO_OUTPUT_MPLANE
13644.339630,v4l2_qbuf,0,VIDEO_OUTPUT_MPLANE
13644.339650,v4l2_qbuf,3,VIDEO_CAPTURE_MPLANE
13644.342386,v4l2_dqbuf,3,VIDEO_CAPTURE_MPLANE
13644.342479,v4l2_dqbuf,0,VIDEO_OUTPUT_MPLANE
13644.356507,v4l2_qbuf,0,VIDEO_OUTPUT_MPLANE
13644.356529,v4l2_qbuf,1,VIDEO_CAPTURE_MPLANE
13644.359697,v4l2_dqbuf,1,VIDEO_CAPTURE_MPLANE
13644.359829,v4l2_dqbuf,0,VIDEO_OUTPUT_MPLANE
13644.373162,v4l2_qbuf,0,VIDEO_OUTPUT_MPLANE
13644.373194,v4l2_qbuf,2,VIDEO_CAPTURE_MPLANE
13644.376439,v4l2_dqbuf,2,VIDEO_CAPTURE_MPLANE
13644.376526,v4l2_dqbuf,0,VIDEO_OUTPUT_MPLANE
13644.389436,v4l2_qbuf,0,VIDEO_OUTPUT_MPLANE
13644.389455,v4l2_qbuf,5,VIDEO_CAPTURE_MPLANE
13644.391622,v4l2_dqbuf,5,VIDEO_CAPTURE_MPLANE
13644.391636,v4l2_dqbuf,0,VIDEO_OUTPUT_MPLANE
13644.406265,v4l2_qbuf,0,VIDEO_OUTPUT_MPLANE
13644.406286,v4l2_qbuf,4,VIDEO_CAPTURE_MPLANE
13644.409404,v4l2_dqbuf,4,VIDEO_CAPTURE_MPLANE
13644.409491,v4l2_dqbuf,0,VIDEO_OUTPUT_MPLANE
13644.423055,v4l2_qbuf,0,VIDEO_OUTPUT_MPLANE
13644.423088,v4l2_qbuf,3,VIDEO_CAPTURE_MPLANE
13644.427876,v4l2_dqbuf,3,VIDEO_CAPTURE_MPLANE
13644.427986,v4l2_dqbuf,0,VIDEO_OUTPUT_MPLANE
13644.440128,v4l2_qbuf,0,VIDEO_OUTPUT_MPLANE
13644.440170,v4l2_qbuf,1,VIDEO_CAPTURE_MPLANE
13644.443556,v4l2_dqbuf,1,VIDEO_CAPTURE_MPLANE
13644.443725,v4l2_dqbuf,0,VIDEO_OUTPUT_MPLANE
13644.457720,v4l2_qbuf,0,VIDEO_OUTPUT_MPLANE
13644.457742,v4l2_qbuf,2,VIDEO_CAPTURE_MPLANE
13644.459993,v4l2_dqbuf,2,VIDEO_CAPTURE_MPLANE
13644.460033,v4l2_dqbuf,0,VIDEO_OUTPUT_MPLANE
13644.472923,v4l2_qbuf,0,VIDEO_OUTPUT_MPLANE
13644.472957,v4l2_qbuf,0,VIDEO_CAPTURE_MPLANE
13644.476025,v4l2_dqbuf,0,VIDEO_CAPTURE_MPLANE
13644.476167,v4l2_dqbuf,0,VIDEO_OUTPUT_MPLANE
13644.489727,v4l2_qbuf,0,VIDEO_OUTPUT_MPLANE
13644.489740,v4l2_qbuf,4,VIDEO_CAPTURE_MPLANE
13644.492950,v4l2_dqbuf,4,VIDEO_CAPTURE_MPLANE
13644.493023,v4l2_dqbuf,0,VIDEO_OUTPUT_MPLANE
13644.506151,v4l2_qbuf,0,VIDEO_OUTPUT_MPLANE
13644.506168,v4l2_qbuf,3,VIDEO_CAPTURE_MPLANE
13644.509418,v4l2_dqbuf,3,VIDEO_CAPTURE_MPLANE
13644.509482,v4l2_dqbuf,0,VIDEO_OUTPUT_MPLANE
13644.523013,v4l2_qbuf,0,VIDEO_OUTPUT_MPLANE
13644.523030,v4l2_qbuf,1,VIDEO_CAPTURE_MPLANE
13644.525368,v4l2_dqbuf,1,VIDEO_CAPTURE_MPLANE
13644.525382,v4l2_dqbuf,0,VIDEO_OUTPUT_MPLANE
13644.539763,v4l2_qbuf,0,VIDEO_OUTPUT_MPLANE
13644.539781,v4l2_qbuf,5,VIDEO_CAPTURE_MPLANE
13644.542905,v4l2_dqbuf,5,VIDEO_CAPTURE_MPLANE
13644.543043,v4l2_dqbuf,0,VIDEO_OUTPUT_MPLANE
13644.556512,v4l2_qbuf,0,VIDEO_OUTPUT_MPLANE
13644.556536,v4l2_qbuf,0,VIDEO_CAPTURE_MPLANE
13644.559819,v4l2_dqbuf,0,VIDEO_CAPTURE_MPLANE
13644.559967,v4l2_dqbuf,0,VIDEO_OUTPUT_MPLANE
13644.573220,v4l2_qbuf,0,VIDEO_OUTPUT_MPLANE
13644.573238,v4l2_qbuf,4,VIDEO_CAPTURE_MPLANE
13644.575609,v4l2_dqbuf,4,VIDEO_CAPTURE_MPLANE
13644.575624,v4l2_dqbuf,0,VIDEO_OUTPUT_MPLANE
13644.589279,v4l2_qbuf,0,VIDEO_OUTPUT_MPLANE
13644.589300,v4l2_qbuf,3,VIDEO_CAPTURE_MPLANE
13644.592219,v4l2_dqbuf,3,VIDEO_CAPTURE_MPLANE
13644.592314,v4l2_dqbuf,0,VIDEO_OUTPUT_MPLANE
13644.606183,v4l2_qbuf,0,VIDEO_OUTPUT_MPLANE
13644.606210,v4l2_qbuf,2,VIDEO_CAPTURE_MPLANE
13644.609330,v4l2_dqbuf,2,VIDEO_CAPTURE_MPLANE
13644.609401,v4l2_dqbuf,0,VIDEO_OUTPUT_MPLANE
13644.622666,v4l2_qbuf,0,VIDEO_OUTPUT_MPLANE
13644.622691,v4l2_qbuf,5,VIDEO_CAPTURE_MPLANE
13644.625746,v4l2_dqbuf,5,VIDEO_CAPTURE_MPLANE
13644.625910,v4l2_dqbuf,0,VIDEO_OUTPUT_MPLANE
13644.639311,v4l2_qbuf,0,VIDEO_OUTPUT_MPLANE
13644.639325,v4l2_qbuf,0,VIDEO_CAPTURE_MPLANE
13644.641446,v4l2_dqbuf,0,VIDEO_CAPTURE_MPLANE
13644.641470,v4l2_dqbuf,0,VIDEO_OUTPUT_MPLANE
13644.656122,v4l2_qbuf,0,VIDEO_OUTPUT_MPLANE
13644.656154,v4l2_qbuf,1,VIDEO_CAPTURE_MPLANE
13644.659434,v4l2_dqbuf,1,VIDEO_CAPTURE_MPLANE
13644.659582,v4l2_dqbuf,0,VIDEO_OUTPUT_MPLANE
13644.672739,v4l2_qbuf,0,VIDEO_OUTPUT_MPLANE
13644.672755,v4l2_qbuf,3,VIDEO_CAPTURE_MPLANE
13644.675713,v4l2_dqbuf,3,VIDEO_CAPTURE_MPLANE
13644.675795,v4l2_dqbuf,0,VIDEO_OUTPUT_MPLANE
13644.689370,v4l2_qbuf,0,VIDEO_OUTPUT_MPLANE
13644.689416,v4l2_qbuf,2,VIDEO_CAPTURE_MPLANE
13644.691686,v4l2_dqbuf,2,VIDEO_CAPTURE_MPLANE
13644.691699,v4l2_dqbuf,0,VIDEO_OUTPUT_MPLANE
13644.706111,v4l2_qbuf,0,VIDEO_OUTPUT_MPLANE
13644.706152,v4l2_qbuf,5,VIDEO_CAPTURE_MPLANE
13644.709300,v4l2_dqbuf,5,VIDEO_CAPTURE_MPLANE
13644.709398,v4l2_dqbuf,0,VIDEO_OUTPUT_MPLANE
13644.722927,v4l2_qbuf,0,VIDEO_OUTPUT_MPLANE
13644.722943,v4l2_qbuf,4,VIDEO_CAPTURE_MPLANE
13644.726266,v4l2_dqbuf,4,VIDEO_CAPTURE_MPLANE
13644.726436,v4l2_dqbuf,0,VIDEO_OUTPUT_MPLANE
13644.739588,v4l2_qbuf,0,VIDEO_OUTPUT_MPLANE
13644.739618,v4l2_qbuf,1,VIDEO_CAPTURE_MPLANE
13644.742639,v4l2_dqbuf,1,VIDEO_CAPTURE_MPLANE
13644.742803,v4l2_dqbuf,0,VIDEO_OUTPUT_MPLANE
13644.755930,v4l2_qbuf,0,VIDEO_OUTPUT_MPLANE
13644.755944,v4l2_qbuf,3,VIDEO_CAPTURE_MPLANE
13644.758076,v4l2_dqbuf,3,VIDEO_CAPTURE_MPLANE
13644.758086,v4l2_dqbuf,0,VIDEO_OUTPUT_MPLANE
13644.772929,v4l2_qbuf,0,VIDEO_OUTPUT_MPLANE
13644.772945,v4l2_qbuf,0,VIDEO_CAPTURE_MPLANE
13644.776279,v4l2_dqbuf,0,VIDEO_CAPTURE_MPLANE
13644.776349,v4l2_dqbuf,0,VIDEO_OUTPUT_MPLANE
13644.789802,v4l2_qbuf,0,VIDEO_OUTPUT_MPLANE
13644.789832,v4l2_qbuf,5,VIDEO_CAPTURE_MPLANE
13644.792919,v4l2_dqbuf,5,VIDEO_CAPTURE_MPLANE
13644.793227,v4l2_dqbuf,0,VIDEO_OUTPUT_MPLANE
13644.806553,v4l2_qbuf,0,VIDEO_OUTPUT_MPLANE
13644.806588,v4l2_qbuf,4,VIDEO_CAPTURE_MPLANE
13644.808814,v4l2_dqbuf,4,VIDEO_CAPTURE_MPLANE
13644.808826,v4l2_dqbuf,0,VIDEO_OUTPUT_MPLANE
13644.823307,v4l2_qbuf,0,VIDEO_OUTPUT_MPLANE
13644.823410,v4l2_qbuf,1,VIDEO_CAPTURE_MPLANE
13644.826519,v4l2_dqbuf,1,VIDEO_CAPTURE_MPLANE
13644.826612,v4l2_dqbuf,0,VIDEO_OUTPUT_MPLANE
13644.839920,v4l2_qbuf,0,VIDEO_OUTPUT_MPLANE
13644.839949,v4l2_qbuf,2,VIDEO_CAPTURE_MPLANE
13644.843183,v4l2_dqbuf,2,VIDEO_CAPTURE_MPLANE
13644.843380,v4l2_dqbuf,0,VIDEO_OUTPUT_MPLANE
13644.856517,v4l2_qbuf,0,VIDEO_OUTPUT_MPLANE
13644.856556,v4l2_qbuf,0,VIDEO_CAPTURE_MPLANE
13644.859787,v4l2_dqbuf,0,VIDEO_CAPTURE_MPLANE
13644.859922,v4l2_dqbuf,0,VIDEO_OUTPUT_MPLANE
13644.873407,v4l2_qbuf,0,VIDEO_OUTPUT_MPLANE
13644.873448,v4l2_qbuf,5,VIDEO_CAPTURE_MPLANE
13644.876054,v4l2_dqbuf,5,VIDEO_CAPTURE_MPLANE
13644.876116,v4l2_dqbuf,0,VIDEO_OUTPUT_MPLANE
13644.889726,v4l2_qbuf,0,VIDEO_OUTPUT_MPLANE
13644.889748,v4l2_qbuf,3,VIDEO_CAPTURE_MPLANE
13644.892974,v4l2_dqbuf,3,VIDEO_CAPTURE_MPLANE
13644.893072,v4l2_dqbuf,0,VIDEO_OUTPUT_MPLANE
13644.906609,v4l2_qbuf,0,VIDEO_OUTPUT_MPLANE
13644.906632,v4l2_qbuf,1,VIDEO_CAPTURE_MPLANE
13644.909934,v4l2_dqbuf,1,VIDEO_CAPTURE_MPLANE
13644.910057,v4l2_dqbuf,0,VIDEO_OUTPUT_MPLANE
13644.923141,v4l2_qbuf,0,VIDEO_OUTPUT_MPLANE
13644.923160,v4l2_qbuf,2,VIDEO_CAPTURE_MPLANE
13644.926328,v4l2_dqbuf,2,VIDEO_CAPTURE_MPLANE
13644.926415,v4l2_dqbuf,0,VIDEO_OUTPUT_MPLANE
13644.939662,v4l2_qbuf,0,VIDEO_OUTPUT_MPLANE
13644.939682,v4l2_qbuf,0,VIDEO_CAPTURE_MPLANE
13644.942024,v4l2_dqbuf,0,VIDEO_CAPTURE_MPLANE
13644.942043,v4l2_dqbuf,0,VIDEO_OUTPUT_MPLANE
13644.956264,v4l2_qbuf,0,VIDEO_OUTPUT_MPLANE
13644.956287,v4l2_qbuf,4,VIDEO_CAPTURE_MPLANE
13644.959499,v4l2_dqbuf,4,VIDEO_CAPTURE_MPLANE
13644.959608,v4l2_dqbuf,0,VIDEO_OUTPUT_MPLANE
13644.973093,v4l2_qbuf,0,VIDEO_OUTPUT_MPLANE
13644.973126,v4l2_qbuf,3,VIDEO_CAPTURE_MPLANE
13644.976499,v4l2_dqbuf,3,VIDEO_CAPTURE_MPLANE
13644.976654,v4l2_dqbuf,0,VIDEO_OUTPUT_MPLANE
13644.989769,v4l2_qbuf,0,VIDEO_OUTPUT_MPLANE
13644.989802,v4l2_qbuf,1,VIDEO_CAPTURE_MPLANE
13644.992218,v4l2_dqbuf,1,VIDEO_CAPTURE_MPLANE
13644.992248,v4l2_dqbuf,0,VIDEO_OUTPUT_MPLANE
13645.006555,v4l2_qbuf,0,VIDEO_OUTPUT_MPLANE
13645.006595,v4l2_qbuf,2,VIDEO_CAPTURE_MPLANE
13645.009931,v4l2_dqbuf,2,VIDEO_CAPTURE_MPLANE
13645.010139,v4l2_dqbuf,0,VIDEO_OUTPUT_MPLANE
13645.023344,v4l2_qbuf,0,VIDEO_OUTPUT_MPLANE
13645.023386,v4l2_qbuf,5,VIDEO_CAPTURE_MPLANE
13645.026707,v4l2_dqbuf,5,VIDEO_CAPTURE_MPLANE
13645.026860,v4l2_dqbuf,0,VIDEO_OUTPUT_MPLANE
13645.039899,v4l2_qbuf,0,VIDEO_OUTPUT_MPLANE
13645.039933,v4l2_qbuf,4,VIDEO_CAPTURE_MPLANE
13645.043125,v4l2_dqbuf,4,VIDEO_CAPTURE_MPLANE
13645.043269,v4l2_dqbuf,0,VIDEO_OUTPUT_MPLANE
13645.056343,v4l2_qbuf,0,VIDEO_OUTPUT_MPLANE
13645.056371,v4l2_qbuf,3,VIDEO_CAPTURE_MPLANE
13645.058661,v4l2_dqbuf,3,VIDEO_CAPTURE_MPLANE
13645.058677,v4l2_dqbuf,0,VIDEO_OUTPUT_MPLANE
13645.072696,v4l2_qbuf,0,VIDEO_OUTPUT_MPLANE
13645.072725,v4l2_qbuf,0,VIDEO_CAPTURE_MPLANE
13645.075846,v4l2_dqbuf,0,VIDEO_CAPTURE_MPLANE
13645.075935,v4l2_dqbuf,0,VIDEO_OUTPUT_MPLANE
13645.089599,v4l2_qbuf,0,VIDEO_OUTPUT_MPLANE
13645.089629,v4l2_qbuf,2,VIDEO_CAPTURE_MPLANE
13645.092830,v4l2_dqbuf,2,VIDEO_CAPTURE_MPLANE
13645.092958,v4l2_dqbuf,0,VIDEO_OUTPUT_MPLANE
13645.106419,v4l2_qbuf,0,VIDEO_OUTPUT_MPLANE
13645.106456,v4l2_qbuf,5,VIDEO_CAPTURE_MPLANE
13645.109707,v4l2_dqbuf,5,VIDEO_CAPTURE_MPLANE
13645.109796,v4l2_dqbuf,0,VIDEO_OUTPUT_MPLANE
13645.123194,v4l2_qbuf,0,VIDEO_OUTPUT_MPLANE
13645.123229,v4l2_qbuf,4,VIDEO_CAPTURE_MPLANE
13645.125663,v4l2_dqbuf,4,VIDEO_CAPTURE_MPLANE
13645.125692,v4l2_dqbuf,0,VIDEO_OUTPUT_MPLANE
13645.139650,v4l2_qbuf,0,VIDEO_OUTPUT_MPLANE
13645.139671,v4l2_qbuf,1,VIDEO_CAPTURE_MPLANE
13645.144681,v4l2_dqbuf,1,VIDEO_CAPTURE_MPLANE
13645.144810,v4l2_dqbuf,0,VIDEO_OUTPUT_MPLANE
13645.156318,v4l2_qbuf,0,VIDEO_OUTPUT_MPLANE
13645.156338,v4l2_qbuf,0,VIDEO_CAPTURE_MPLANE
13645.159466,v4l2_dqbuf,0,VIDEO_CAPTURE_MPLANE
13645.159561,v4l2_dqbuf,0,VIDEO_OUTPUT_MPLANE
13645.173070,v4l2_qbuf,0,VIDEO_OUTPUT_MPLANE
13645.173093,v4l2_qbuf,2,VIDEO_CAPTURE_MPLANE
13645.176348,v4l2_dqbuf,2,VIDEO_CAPTURE_MPLANE
13645.176436,v4l2_dqbuf,0,VIDEO_OUTPUT_MPLANE
13645.189612,v4l2_qbuf,0,VIDEO_OUTPUT_MPLANE
13645.189632,v4l2_qbuf,5,VIDEO_CAPTURE_MPLANE
13645.191944,v4l2_dqbuf,5,VIDEO_CAPTURE_MPLANE
13645.191961,v4l2_dqbuf,0,VIDEO_OUTPUT_MPLANE
13645.206417,v4l2_qbuf,0,VIDEO_OUTPUT_MPLANE
13645.206439,v4l2_qbuf,3,VIDEO_CAPTURE_MPLANE
13645.209771,v4l2_dqbuf,3,VIDEO_CAPTURE_MPLANE
13645.209861,v4l2_dqbuf,0,VIDEO_OUTPUT_MPLANE
13645.223086,v4l2_qbuf,0,VIDEO_OUTPUT_MPLANE
13645.223108,v4l2_qbuf,1,VIDEO_CAPTURE_MPLANE
13645.226325,v4l2_dqbuf,1,VIDEO_CAPTURE_MPLANE
13645.226464,v4l2_dqbuf,0,VIDEO_OUTPUT_MPLANE
13645.239699,v4l2_qbuf,0,VIDEO_OUTPUT_MPLANE
13645.239729,v4l2_qbuf,0,VIDEO_CAPTURE_MPLANE
13645.241954,v4l2_dqbuf,0,VIDEO_CAPTURE_MPLANE
13645.242122,v4l2_dqbuf,0,VIDEO_OUTPUT_MPLANE
13645.256232,v4l2_qbuf,0,VIDEO_OUTPUT_MPLANE
13645.256305,v4l2_qbuf,2,VIDEO_CAPTURE_MPLANE
13645.258278,v4l2_dqbuf,2,VIDEO_CAPTURE_MPLANE
13645.258290,v4l2_dqbuf,0,VIDEO_OUTPUT_MPLANE
13645.272798,v4l2_qbuf,0,VIDEO_OUTPUT_MPLANE
13645.272817,v4l2_qbuf,4,VIDEO_CAPTURE_MPLANE
13645.275021,v4l2_dqbuf,4,VIDEO_CAPTURE_MPLANE
13645.275033,v4l2_dqbuf,0,VIDEO_OUTPUT_MPLANE
13645.289304,v4l2_qbuf,0,VIDEO_OUTPUT_MPLANE
13645.289324,v4l2_qbuf,3,VIDEO_CAPTURE_MPLANE
13645.292363,v4l2_dqbuf,3,VIDEO_CAPTURE_MPLANE
13645.292445,v4l2_dqbuf,0,VIDEO_OUTPUT_MPLANE
13645.306531,v4l2_qbuf,0,VIDEO_OUTPUT_MPLANE
13645.306551,v4l2_qbuf,1,VIDEO_CAPTURE_MPLANE
13645.309850,v4l2_dqbuf,1,VIDEO_CAPTURE_MPLANE
13645.310529,v4l2_dqbuf,0,VIDEO_OUTPUT_MPLANE
13645.322888,v4l2_qbuf,0,VIDEO_OUTPUT_MPLANE
13645.322909,v4l2_qbuf,5,VIDEO_CAPTURE_MPLANE
13645.325172,v4l2_dqbuf,5,VIDEO_CAPTURE_MPLANE
13645.325188,v4l2_dqbuf,0,VIDEO_OUTPUT_MPLANE
13645.340045,v4l2_qbuf,0,VIDEO_OUTPUT_MPLANE
13645.340088,v4l2_qbuf,0,VIDEO_CAPTURE_MPLANE
13645.343351,v4l2_dqbuf,0,VIDEO_CAPTURE_MPLANE
13645.343495,v4l2_dqbuf,0,VIDEO_OUTPUT_MPLANE
13645.356609,v4l2_qbuf,0,VIDEO_OUTPUT_MPLANE
13645.356651,v4l2_qbuf,2,VIDEO_CAPTURE_MPLANE
13645.359168,v4l2_dqbuf,2,VIDEO_CAPTURE_MPLANE
13645.359192,v4l2_dqbuf,0,VIDEO_OUTPUT_MPLANE
13645.373027,v4l2_qbuf,0,VIDEO_OUTPUT_MPLANE
13645.373063,v4l2_qbuf,3,VIDEO_CAPTURE_MPLANE
13645.376330,v4l2_dqbuf,3,VIDEO_CAPTURE_MPLANE
13645.376470,v4l2_dqbuf,0,VIDEO_OUTPUT_MPLANE
13645.389761,v4l2_qbuf,0,VIDEO_OUTPUT_MPLANE
13645.389798,v4l2_qbuf,1,VIDEO_CAPTURE_MPLANE
13645.393059,v4l2_dqbuf,1,VIDEO_CAPTURE_MPLANE
13645.393189,v4l2_dqbuf,0,VIDEO_OUTPUT_MPLANE
13645.406531,v4l2_qbuf,0,VIDEO_OUTPUT_MPLANE
13645.406575,v4l2_qbuf,4,VIDEO_CAPTURE_MPLANE
13645.408831,v4l2_dqbuf,4,VIDEO_CAPTURE_MPLANE
13645.408845,v4l2_dqbuf,0,VIDEO_OUTPUT_MPLANE
13645.423049,v4l2_qbuf,0,VIDEO_OUTPUT_MPLANE
13645.423072,v4l2_qbuf,0,VIDEO_CAPTURE_MPLANE
13645.426257,v4l2_dqbuf,0,VIDEO_CAPTURE_MPLANE
13645.426351,v4l2_dqbuf,0,VIDEO_OUTPUT_MPLANE
13645.439811,v4l2_qbuf,0,VIDEO_OUTPUT_MPLANE
13645.439832,v4l2_qbuf,5,VIDEO_CAPTURE_MPLANE
13645.442808,v4l2_dqbuf,5,VIDEO_CAPTURE_MPLANE
13645.442901,v4l2_dqbuf,0,VIDEO_OUTPUT_MPLANE
13645.456521,v4l2_qbuf,0,VIDEO_OUTPUT_MPLANE
13645.456556,v4l2_qbuf,3,VIDEO_CAPTURE_MPLANE
13645.459716,v4l2_dqbuf,3,VIDEO_CAPTURE_MPLANE
13645.459807,v4l2_dqbuf,0,VIDEO_OUTPUT_MPLANE
13645.473197,v4l2_qbuf,0,VIDEO_OUTPUT_MPLANE
13645.473221,v4l2_qbuf,1,VIDEO_CAPTURE_MPLANE
13645.475620,v4l2_dqbuf,1,VIDEO_CAPTURE_MPLANE
13645.475636,v4l2_dqbuf,0,VIDEO_OUTPUT_MPLANE
13645.489558,v4l2_qbuf,0,VIDEO_OUTPUT_MPLANE
13645.489582,v4l2_qbuf,2,VIDEO_CAPTURE_MPLANE
13645.492776,v4l2_dqbuf,2,VIDEO_CAPTURE_MPLANE
13645.492866,v4l2_dqbuf,0,VIDEO_OUTPUT_MPLANE
13645.506135,v4l2_qbuf,0,VIDEO_OUTPUT_MPLANE
13645.506153,v4l2_qbuf,0,VIDEO_CAPTURE_MPLANE
13645.509245,v4l2_dqbuf,0,VIDEO_CAPTURE_MPLANE
13645.509339,v4l2_dqbuf,0,VIDEO_OUTPUT_MPLANE
13645.522642,v4l2_qbuf,0,VIDEO_OUTPUT_MPLANE
13645.522663,v4l2_qbuf,5,VIDEO_CAPTURE_MPLANE
13645.525767,v4l2_dqbuf,5,VIDEO_CAPTURE_MPLANE
13645.525862,v4l2_dqbuf,0,VIDEO_OUTPUT_MPLANE
13645.539623,v4l2_qbuf,0,VIDEO_OUTPUT_MPLANE
13645.539645,v4l2_qbuf,3,VIDEO_CAPTURE_MPLANE
13645.541915,v4l2_dqbuf,3,VIDEO_CAPTURE_MPLANE
13645.541931,v4l2_dqbuf,0,VIDEO_OUTPUT_MPLANE
13645.556316,v4l2_qbuf,0,VIDEO_OUTPUT_MPLANE
13645.556337,v4l2_qbuf,4,VIDEO_CAPTURE_MPLANE
13645.559559,v4l2_dqbuf,4,VIDEO_CAPTURE_MPLANE
13645.559660,v4l2_dqbuf,0,VIDEO_OUTPUT_MPLANE
13645.572738,v4l2_qbuf,0,VIDEO_OUTPUT_MPLANE
13645.572757,v4l2_qbuf,2,VIDEO_CAPTURE_MPLANE
13645.574965,v4l2_dqbuf,2,VIDEO_CAPTURE_MPLANE
13645.574980,v4l2_dqbuf,0,VIDEO_OUTPUT_MPLANE
13645.589606,v4l2_qbuf,0,VIDEO_OUTPUT_MPLANE
13645.589638,v4l2_qbuf,0,VIDEO_CAPTURE_MPLANE
13645.592744,v4l2_dqbuf,0,VIDEO_CAPTURE_MPLANE
13645.592841,v4l2_dqbuf,0,VIDEO_OUTPUT_MPLANE
13645.606291,v4l2_qbuf,0,VIDEO_OUTPUT_MPLANE
13645.606314,v4l2_qbuf,5,VIDEO_CAPTURE_MPLANE
13645.611326,v4l2_dqbuf,5,VIDEO_CAPTURE_MPLANE
13645.611446,v4l2_dqbuf,0,VIDEO_OUTPUT_MPLANE
13645.623030,v4l2_qbuf,0,VIDEO_OUTPUT_MPLANE
13645.623050,v4l2_qbuf,1,VIDEO_CAPTURE_MPLANE
13645.626180,v4l2_dqbuf,1,VIDEO_CAPTURE_MPLANE
13645.626352,v4l2_dqbuf,0,VIDEO_OUTPUT_MPLANE
13645.639646,v4l2_qbuf,0,VIDEO_OUTPUT_MPLANE
13645.639669,v4l2_qbuf,4,VIDEO_CAPTURE_MPLANE
13645.641886,v4l2_dqbuf,4,VIDEO_CAPTURE_MPLANE
13645.641900,v4l2_dqbuf,0,VIDEO_OUTPUT_MPLANE
13645.656306,v4l2_qbuf,0,VIDEO_OUTPUT_MPLANE
13645.656328,v4l2_qbuf,3,VIDEO_CAPTURE_MPLANE
13645.659591,v4l2_dqbuf,3,VIDEO_CAPTURE_MPLANE
13645.659686,v4l2_dqbuf,0,VIDEO_OUTPUT_MPLANE
13645.672991,v4l2_qbuf,0,VIDEO_OUTPUT_MPLANE
13645.673023,v4l2_qbuf,0,VIDEO_CAPTURE_MPLANE
13645.676343,v4l2_dqbuf,0,VIDEO_CAPTURE_MPLANE
13645.676438,v4l2_dqbuf,0,VIDEO_OUTPUT_MPLANE
13645.689660,v4l2_qbuf,0,VIDEO_OUTPUT_MPLANE
13645.689682,v4l2_qbuf,5,VIDEO_CAPTURE_MPLANE
13645.692944,v4l2_dqbuf,5,VIDEO_CAPTURE_MPLANE
13645.693041,v4l2_dqbuf,0,VIDEO_OUTPUT_MPLANE
13645.706546,v4l2_qbuf,0,VIDEO_OUTPUT_MPLANE
13645.706567,v4l2_qbuf,1,VIDEO_CAPTURE_MPLANE
13645.708866,v4l2_dqbuf,1,VIDEO_CAPTURE_MPLANE
13645.708881,v4l2_dqbuf,0,VIDEO_OUTPUT_MPLANE
13645.722984,v4l2_qbuf,0,VIDEO_OUTPUT_MPLANE
13645.723013,v4l2_qbuf,2,VIDEO_CAPTURE_MPLANE
13645.728016,v4l2_dqbuf,2,VIDEO_CAPTURE_MPLANE
13645.728138,v4l2_dqbuf,0,VIDEO_OUTPUT_MPLANE
13645.739359,v4l2_qbuf,0,VIDEO_OUTPUT_MPLANE
13645.739379,v4l2_qbuf,3,VIDEO_CAPTURE_MPLANE
13645.742437,v4l2_dqbuf,3,VIDEO_CAPTURE_MPLANE
13645.742524,v4l2_dqbuf,0,VIDEO_OUTPUT_MPLANE
13645.756147,v4l2_qbuf,0,VIDEO_OUTPUT_MPLANE
13645.756168,v4l2_qbuf,0,VIDEO_CAPTURE_MPLANE
13645.759386,v4l2_dqbuf,0,VIDEO_CAPTURE_MPLANE
13645.759471,v4l2_dqbuf,0,VIDEO_OUTPUT_MPLANE
13645.772561,v4l2_qbuf,0,VIDEO_OUTPUT_MPLANE
13645.772583,v4l2_qbuf,5,VIDEO_CAPTURE_MPLANE
13645.774719,v4l2_dqbuf,5,VIDEO_CAPTURE_MPLANE
13645.774734,v4l2_dqbuf,0,VIDEO_OUTPUT_MPLANE
13645.789375,v4l2_qbuf,0,VIDEO_OUTPUT_MPLANE
13645.789390,v4l2_qbuf,4,VIDEO_CAPTURE_MPLANE
13645.792553,v4l2_dqbuf,4,VIDEO_CAPTURE_MPLANE
13645.792641,v4l2_dqbuf,0,VIDEO_OUTPUT_MPLANE
13645.806185,v4l2_qbuf,0,VIDEO_OUTPUT_MPLANE
13645.806220,v4l2_qbuf,2,VIDEO_CAPTURE_MPLANE
13645.809480,v4l2_dqbuf,2,VIDEO_CAPTURE_MPLANE
13645.809568,v4l2_dqbuf,0,VIDEO_OUTPUT_MPLANE
13645.822742,v4l2_qbuf,0,VIDEO_OUTPUT_MPLANE
13645.822761,v4l2_qbuf,3,VIDEO_CAPTURE_MPLANE
13645.825882,v4l2_dqbuf,3,VIDEO_CAPTURE_MPLANE
13645.826029,v4l2_dqbuf,0,VIDEO_OUTPUT_MPLANE
13645.839428,v4l2_qbuf,0,VIDEO_OUTPUT_MPLANE
13645.839442,v4l2_qbuf,0,VIDEO_CAPTURE_MPLANE
13645.841538,v4l2_dqbuf,0,VIDEO_CAPTURE_MPLANE
13645.841552,v4l2_dqbuf,0,VIDEO_OUTPUT_MPLANE
13645.856729,v4l2_qbuf,0,VIDEO_OUTPUT_MPLANE
13645.856774,v4l2_qbuf,1,VIDEO_CAPTURE_MPLANE
13645.859975,v4l2_dqbuf,1,VIDEO_CAPTURE_MPLANE
13645.860293,v4l2_dqbuf,0,VIDEO_OUTPUT_MPLANE
13645.872908,v4l2_qbuf,0,VIDEO_OUTPUT_MPLANE
13645.872940,v4l2_qbuf,4,VIDEO_CAPTURE_MPLANE
13645.876183,v4l2_dqbuf,4,VIDEO_CAPTURE_MPLANE
13645.876315,v4l2_dqbuf,0,VIDEO_OUTPUT_MPLANE
13645.889536,v4l2_qbuf,0,VIDEO_OUTPUT_MPLANE
13645.889553,v4l2_qbuf,2,VIDEO_CAPTURE_MPLANE
13645.892914,v4l2_dqbuf,2,VIDEO_CAPTURE_MPLANE
13645.893060,v4l2_dqbuf,0,VIDEO_OUTPUT_MPLANE
13645.906359,v4l2_qbuf,0,VIDEO_OUTPUT_MPLANE
13645.906379,v4l2_qbuf,3,VIDEO_CAPTURE_MPLANE
13645.908747,v4l2_dqbuf,3,VIDEO_CAPTURE_MPLANE
13645.908774,v4l2_dqbuf,0,VIDEO_OUTPUT_MPLANE
13645.922924,v4l2_qbuf,0,VIDEO_OUTPUT_MPLANE
13645.922945,v4l2_qbuf,5,VIDEO_CAPTURE_MPLANE
13645.926510,v4l2_dqbuf,5,VIDEO_CAPTURE_MPLANE
13645.926611,v4l2_dqbuf,0,VIDEO_OUTPUT_MPLANE
13645.939613,v4l2_qbuf,0,VIDEO_OUTPUT_MPLANE
13645.939632,v4l2_qbuf,1,VIDEO_CAPTURE_MPLANE
13645.942718,v4l2_dqbuf,1,VIDEO_CAPTURE_MPLANE
13645.942809,v4l2_dqbuf,0,VIDEO_OUTPUT_MPLANE
13645.956242,v4l2_qbuf,0,VIDEO_OUTPUT_MPLANE
13645.956266,v4l2_qbuf,4,VIDEO_CAPTURE_MPLANE
13645.959566,v4l2_dqbuf,4,VIDEO_CAPTURE_MPLANE
13645.959651,v4l2_dqbuf,0,VIDEO_OUTPUT_MPLANE
13645.973477,v4l2_qbuf,0,VIDEO_OUTPUT_MPLANE
13645.973589,v4l2_qbuf,2,VIDEO_CAPTURE_MPLANE
13645.976074,v4l2_dqbuf,2,VIDEO_CAPTURE_MPLANE
13645.976099,v4l2_dqbuf,0,VIDEO_OUTPUT_MPLANE
13645.990281,v4l2_qbuf,0,VIDEO_OUTPUT_MPLANE
13645.990319,v4l2_qbuf,0,VIDEO_CAPTURE_MPLANE
13645.993683,v4l2_dqbuf,0,VIDEO_CAPTURE_MPLANE
13645.993764,v4l2_dqbuf,0,VIDEO_OUTPUT_MPLANE
13646.006433,v4l2_qbuf,0,VIDEO_OUTPUT_MPLANE
13646.006456,v4l2_qbuf,5,VIDEO_CAPTURE_MPLANE
13646.009660,v4l2_dqbuf,5,VIDEO_CAPTURE_MPLANE
13646.009742,v4l2_dqbuf,0,VIDEO_OUTPUT_MPLANE
13646.023293,v4l2_qbuf,0,VIDEO_OUTPUT_MPLANE
13646.023326,v4l2_qbuf,1,VIDEO_CAPTURE_MPLANE
13646.028480,v4l2_dqbuf,1,VIDEO_CAPTURE_MPLANE
13646.028604,v4l2_dqbuf,0,VIDEO_OUTPUT_MPLANE
13646.039357,v4l2_qbuf,0,VIDEO_OUTPUT_MPLANE
13646.039390,v4l2_qbuf,4,VIDEO_CAPTURE_MPLANE
13646.041658,v4l2_dqbuf,4,VIDEO_CAPTURE_MPLANE
13646.041682,v4l2_dqbuf,0,VIDEO_OUTPUT_MPLANE
13646.056356,v4l2_qbuf,0,VIDEO_OUTPUT_MPLANE
13646.056378,v4l2_qbuf,3,VIDEO_CAPTURE_MPLANE
13646.059699,v4l2_dqbuf,3,VIDEO_CAPTURE_MPLANE
13646.059885,v4l2_dqbuf,0,VIDEO_OUTPUT_MPLANE
13646.072956,v4l2_qbuf,0,VIDEO_OUTPUT_MPLANE
13646.072993,v4l2_qbuf,0,VIDEO_CAPTURE_MPLANE
13646.076255,v4l2_dqbuf,0,VIDEO_CAPTURE_MPLANE
13646.076391,v4l2_dqbuf,0,VIDEO_OUTPUT_MPLANE
13646.089704,v4l2_qbuf,0,VIDEO_OUTPUT_MPLANE
13646.089732,v4l2_qbuf,5,VIDEO_CAPTURE_MPLANE
13646.093028,v4l2_dqbuf,5,VIDEO_CAPTURE_MPLANE
13646.093171,v4l2_dqbuf,0,VIDEO_OUTPUT_MPLANE
13646.106291,v4l2_qbuf,0,VIDEO_OUTPUT_MPLANE
13646.106320,v4l2_qbuf,1,VIDEO_CAPTURE_MPLANE
13646.108622,v4l2_dqbuf,1,VIDEO_CAPTURE_MPLANE
13646.108643,v4l2_dqbuf,0,VIDEO_OUTPUT_MPLANE
13646.124102,v4l2_qbuf,0,VIDEO_OUTPUT_MPLANE
13646.124172,v4l2_qbuf,2,VIDEO_CAPTURE_MPLANE
13646.127587,v4l2_dqbuf,2,VIDEO_CAPTURE_MPLANE
13646.127691,v4l2_dqbuf,0,VIDEO_OUTPUT_MPLANE
13646.142265,v4l2_qbuf,0,VIDEO_OUTPUT_MPLANE
13646.142290,v4l2_qbuf,3,VIDEO_CAPTURE_MPLANE
13646.145655,v4l2_dqbuf,3,VIDEO_CAPTURE_MPLANE
13646.145731,v4l2_dqbuf,0,VIDEO_OUTPUT_MPLANE
13646.156073,v4l2_qbuf,0,VIDEO_OUTPUT_MPLANE
13646.156094,v4l2_qbuf,0,VIDEO_CAPTURE_MPLANE
13646.159223,v4l2_dqbuf,0,VIDEO_CAPTURE_MPLANE
13646.159308,v4l2_dqbuf,0,VIDEO_OUTPUT_MPLANE
13646.174775,v4l2_qbuf,0,VIDEO_OUTPUT_MPLANE
13646.174804,v4l2_qbuf,5,VIDEO_CAPTURE_MPLANE
13646.177087,v4l2_dqbuf,5,VIDEO_CAPTURE_MPLANE
13646.177101,v4l2_dqbuf,0,VIDEO_OUTPUT_MPLANE
13646.191553,v4l2_qbuf,0,VIDEO_OUTPUT_MPLANE
13646.191573,v4l2_qbuf,4,VIDEO_CAPTURE_MPLANE
13646.194576,v4l2_dqbuf,4,VIDEO_CAPTURE_MPLANE
13646.194657,v4l2_dqbuf,0,VIDEO_OUTPUT_MPLANE
13646.208504,v4l2_qbuf,0,VIDEO_OUTPUT_MPLANE
13646.208526,v4l2_qbuf,2,VIDEO_CAPTURE_MPLANE
13646.211840,v4l2_dqbuf,2,VIDEO_CAPTURE_MPLANE
13646.211930,v4l2_dqbuf,0,VIDEO_OUTPUT_MPLANE
13646.225000,v4l2_qbuf,0,VIDEO_OUTPUT_MPLANE
13646.225064,v4l2_qbuf,3,VIDEO_CAPTURE_MPLANE
13646.228303,v4l2_dqbuf,3,VIDEO_CAPTURE_MPLANE
13646.228390,v4l2_dqbuf,0,VIDEO_OUTPUT_MPLANE
13646.241663,v4l2_qbuf,0,VIDEO_OUTPUT_MPLANE
13646.241704,v4l2_qbuf,0,VIDEO_CAPTURE_MPLANE
13646.243926,v4l2_dqbuf,0,VIDEO_CAPTURE_MPLANE
13646.244028,v4l2_dqbuf,0,VIDEO_OUTPUT_MPLANE
