time,event,index,type
13575.833553,v4l2_qbuf,0,VIDEO_OUTPUT_MPLANE
13575.833563,v4l2_qbuf,0,VIDEO_CAPTURE_MPLANE
13575.834057,v4l2_qbuf,1,VIDEO_OUTPUT_MPLANE
13575.834063,v4l2_qbuf,1,VIDEO_CAPTURE_MPLANE
13575.834300,v4l2_qbuf,2,VIDEO_OUTPUT_MPLANE
13575.834305,v4l2_qbuf,2,VIDEO_CAPTURE_MPLANE
13575.834576,v4l2_qbuf,3,VIDEO_OUTPUT_MPLANE
13575.834580,v4l2_qbuf,3,VIDEO_CAPTURE_MPLANE
13575.834781,v4l2_qbuf,4,VIDEO_OUTPUT_MPLANE
13575.834787,v4l2_qbuf,4,VIDEO_CAPTURE_MPLANE
13575.835023,v4l2_qbuf,5,VIDEO_OUTPUT_MPLANE
13575.835027,v4l2_qbuf,5,VIDEO_CAPTURE_MPLANE
13575.835598,v4l2_dqbuf,0,VIDEO_CAPTURE_MPLANE
13575.835775,v4l2_dqbuf,0,VIDEO_OUTPUT_MPLANE
13575.837969,v4l2_dqbuf,1,VIDEO_CAPTURE_MPLANE
13575.837994,v4l2_dqbuf,1,VIDEO_OUTPUT_MPLANE
13575.841111,v4l2_dqbuf,2,VIDEO_CAPTURE_MPLANE
13575.841129,v4l2_dqbuf,2,VIDEO_OUTPUT_MPLANE
13575.844580,v4l2_dqbuf,3,VIDEO_CAPTURE_MPLANE
13575.844728,v4l2_dqbuf,3,VIDEO_OUTPUT_MPLANE
13575.847849,v4l2_dqbuf,4,VIDEO_CAPTURE_MPLANE
13575.847955,v4l2_dqbuf,4,VIDEO_OUTPUT_MPLANE
13575.850266,v4l2_dqbuf,5,VIDEO_CAPTURE_MPLANE
13575.850280,v4l2_dqbuf,5,VIDEO_OUTPUT_MPLANE
13575.873795,v4l2_qbuf,0,VIDEO_OUTPUT_MPLANE
13575.873810,v4l2_qbuf,3,VIDEO_CAPTURE_MPLANE
13575.877223,v4l2_dqbuf,3,VIDEO_CAPTURE_MPLANE
13575.877241,v4l2_dqbuf,0,VIDEO_OUTPUT_MPLANE
13575.877342,v4l2_qbuf,0,VIDEO_OUTPUT_MPLANE
13575.877355,v4l2_qbuf,0,VIDEO_CAPTURE_MPLANE
13575.880737,v4l2_dqbuf,0,VIDEO_CAPTURE_MPLANE
13575.880800,v4l2_dqbuf,0,VIDEO_OUTPUT_MPLANE
13575.890607,v4l2_qbuf,0,VIDEO_OUTPUT_MPLANE
13575.890622,v4l2_qbuf,2,VIDEO_CAPTURE_MPLANE
13575.893876,v4l2_dqbuf,2,VIDEO_CAPTURE_MPLANE
13575.893886,v4l2_dqbuf,0,VIDEO_OUTPUT_MPLANE
13575.907674,v4l2_qbuf,0,VIDEO_OUTPUT_MPLANE
13575.907689,v4l2_qbuf,4,VIDEO_CAPTURE_MPLANE
13575.909970,v4l2_dqbuf,4,VIDEO_CAPTURE_MPLANE
13575.909982,v4l2_dqbuf,0,VIDEO_OUTPUT_MPLANE
13575.940895,v4l2_qbuf,0,VIDEO_OUTPUT_MPLANE
13575.940924,v4l2_qbuf,0,VIDEO_CAPTURE_MPLANE
13575.944545,v4l2_dqbuf,0,VIDEO_CAPTURE_MPLANE
13575.944567,v4l2_dqbuf,0,VIDEO_OUTPUT_MPLANE
13575.944689,v4l2_qbuf,0,VIDEO_OUTPUT_MPLANE
13575.944731,v4l2_qbuf,1,VIDEO_CAPTURE_MPLANE
13575.947935,v4l2_dqbuf,1,VIDEO_CAPTURE_MPLANE
13575.948024,v4l2_dqbuf,0,VIDEO_OUTPUT_MPLANE
13575.961559,v4l2_qbuf,0,VIDEO_OUTPUT_MPLANE
13575.961577,v4l2_qbuf,3,VIDEO_CAPTURE_MPLANE
13575.964724,v4l2_dqbuf,3,VIDEO_CAPTURE_MPLANE
13575.964738,v4l2_dqbuf,0,VIDEO_OUTPUT_MPLANE
13575.974494,v4l2_qbuf,0,VIDEO_OUTPUT_MPLANE
13575.974513,v4l2_qbuf,2,VIDEO_CAPTURE_MPLANE
13575.976629,v4l2_dqbuf,2,VIDEO_CAPTURE_MPLANE
13575.976641,v4l2_dqbuf,0,VIDEO_OUTPUT_MPLANE
13576.007326,v4l2_qbuf,0,VIDEO_OUTPUT_MPLANE
13576.007343,v4l2_qbuf,1,VIDEO_CAPTURE_MPLANE
13576.010504,v4l2_dqbuf,1,VIDEO_CAPTURE_MPLANE
13576.010529,v4l2_dqbuf,0,VIDEO_OUTPUT_MPLANE
13576.010653,v4l2_qbuf,0,VIDEO_OUTPUT_MPLANE
13576.010670,v4l2_qbuf,5,VIDEO_CAPTURE_MPLANE
13576.014265,v4l2_dqbuf,5,VIDEO_CAPTURE_MPLANE
13576.014437,v4l2_dqbuf,0,VIDEO_OUTPUT_MPLANE
13576.024096,v4l2_qbuf,0,VIDEO_OUTPUT_MPLANE
13576.024126,v4l2_qbuf,0,VIDEO_CAPTURE_MPLANE
13576.027447,v4l2_dqbuf,0,VIDEO_CAPTURE_MPLANE
13576.027460,v4l2_dqbuf,0,VIDEO_OUTPUT_MPLANE
13576.040695,v4l2_qbuf,0,VIDEO_OUTPUT_MPLANE
13576.040727,v4l2_qbuf,3,VIDEO_CAPTURE_MPLANE
13576.042912,v4l2_dqbuf,3,VIDEO_CAPTURE_MPLANE
13576.042933,v4l2_dqbuf,0,VIDEO_OUTPUT_MPLANE
13576.074103,v4l2_qbuf,0,VIDEO_OUTPUT_MPLANE
13576.074123,v4l2_qbuf,5,VIDEO_CAPTURE_MPLANE
13576.077175,v4l2_dqbuf,5,VIDEO_CAPTURE_MPLANE
13576.077198,v4l2_dqbuf,0,VIDEO_OUTPUT_MPLANE
13576.077322,v4l2_qbuf,0,VIDEO_OUTPUT_MPLANE
13576.077340,v4l2_qbuf,4,VIDEO_CAPTURE_MPLANE
13576.080722,v4l2_dqbuf,4,VIDEO_CAPTURE_MPLANE
13576.080817,v4l2_dqbuf,0,VIDEO_OUTPUT_MPLANE
13576.090951,v4l2_qbuf,0,VIDEO_OUTPUT_MPLANE
13576.090966,v4l2_qbuf,1,VIDEO_CAPTURE_MPLANE
13576.095620,v4l2_dqbuf,1,VIDEO_CAPTURE_MPLANE
13576.095654,v4l2_dqbuf,0,VIDEO_OUTPUT_MPLANE
13576.107309,v4l2_qbuf,0,VIDEO_OUTPUT_MPLANE
13576.107329,v4l2_qbuf,0,VIDEO_CAPTURE_MPLANE
13576.109635,v4l2_dqbuf,0,VIDEO_CAPTURE_MPLANE
13576.109663,v4l2_dqbuf,0,VIDEO_OUTPUT_MPLANE
13576.140761,v4l2_qbuf,0,VIDEO_OUTPUT_MPLANE
13576.140781,v4l2_qbuf,4,VIDEO_CAPTURE_MPLANE
13576.143927,v4l2_dqbuf,4,VIDEO_CAPTURE_MPLANE
13576.143946,v4l2_dqbuf,0,VIDEO_OUTPUT_MPLANE
13576.144073,v4l2_qbuf,0,VIDEO_OUTPUT_MPLANE
13576.144089,v4l2_qbuf,2,VIDEO_CAPTURE_MPLANE
13576.147204,v4l2_dqbuf,2,VIDEO_CAPTURE_MPLANE
13576.147275,v4l2_dqbuf,0,VIDEO_OUTPUT_MPLANE
13576.157686,v4l2_qbuf,0,VIDEO_OUTPUT_MPLANE
13576.157706,v4l2_qbuf,5,VIDEO_CAPTURE_MPLANE
13576.160965,v4l2_dqbuf,5,VIDEO_CAPTURE_MPLANE
13576.160977,v4l2_dqbuf,0,VIDEO_OUTPUT_MPLANE
13576.174375,v4l2_qbuf,0,VIDEO_OUTPUT_MPLANE
13576.174391,v4l2_qbuf,1,VIDEO_CAPTURE_MPLANE
13576.176602,v4l2_dqbuf,1,VIDEO_CAPTURE_MPLANE
13576.176615,v4l2_dqbuf,0,VIDEO_OUTPUT_MPLANE
13576.207557,v4l2_qbuf,0,VIDEO_OUTPUT_MPLANE
13576.207578,v4l2_qbuf,2,VIDEO_CAPTURE_MPLANE
13576.210708,v4l2_dqbuf,2,VIDEO_CAPTURE_MPLANE
13576.210729,v4l2_dqbuf,0,VIDEO_OUTPUT_MPLANE
13576.210828,v4l2_qbuf,0,VIDEO_OUTPUT_MPLANE
13576.210841,v4l2_qbuf,3,VIDEO_CAPTURE_MPLANE
13576.214054,v4l2_dqbuf,3,VIDEO_CAPTURE_MPLANE
13576.214137,v4l2_dqbuf,0,VIDEO_OUTPUT_MPLANE
13576.230888,v4l2_qbuf,0,VIDEO_OUTPUT_MPLANE
13576.230907,v4l2_qbuf,4,VIDEO_CAPTURE_MPLANE
13576.234087,v4l2_dqbuf,4,VIDEO_CAPTURE_MPLANE
13576.234101,v4l2_dqbuf,0,VIDEO_OUTPUT_MPLANE
13576.240669,v4l2_qbuf,0,VIDEO_OUTPUT_MPLANE
13576.240693,v4l2_qbuf,5,VIDEO_CAPTURE_MPLANE
13576.242884,v4l2_dqbuf,5,VIDEO_CAPTURE_MPLANE
13576.242906,v4l2_dqbuf,0,VIDEO_OUTPUT_MPLANE
13576.274410,v4l2_qbuf,0,VIDEO_OUTPUT_MPLANE
13576.274427,v4l2_qbuf,3,VIDEO_CAPTURE_MPLANE
13576.277666,v4l2_dqbuf,3,VIDEO_CAPTURE_MPLANE
13576.277713,v4l2_dqbuf,0,VIDEO_OUTPUT_MPLANE
13576.277937,v4l2_qbuf,0,VIDEO_OUTPUT_MPLANE
13576.277968,v4l2_qbuf,0,VIDEO_CAPTURE_MPLANE
13576.281365,v4l2_dqbuf,0,VIDEO_CAPTURE_MPLANE
13576.281460,v4l2_dqbuf,0,VIDEO_OUTPUT_MPLANE
13576.290786,v4l2_qbuf,0,VIDEO_OUTPUT_MPLANE
13576.290801,v4l2_qbuf,2,VIDEO_CAPTURE_MPLANE
13576.295631,v4l2_dqbuf,2,VIDEO_CAPTURE_MPLANE
13576.295643,v4l2_dqbuf,0,VIDEO_OUTPUT_MPLANE
13576.307338,v4l2_qbuf,0,VIDEO_OUTPUT_MPLANE
13576.307355,v4l2_qbuf,4,VIDEO_CAPTURE_MPLANE
13576.309542,v4l2_dqbuf,4,VIDEO_CAPTURE_MPLANE
13576.309553,v4l2_dqbuf,0,VIDEO_OUTPUT_MPLANE
13576.341039,v4l2_qbuf,0,VIDEO_OUTPUT_MPLANE
13576.341080,v4l2_qbuf,0,VIDEO_CAPTURE_MPLANE
13576.344346,v4l2_dqbuf,0,VIDEO_CAPTURE_MPLANE
13576.344369,v4l2_dqbuf,0,VIDEO_OUTPUT_MPLANE
13576.344492,v4l2_qbuf,0,VIDEO_OUTPUT_MPLANE
13576.344507,v4l2_qbuf,1,VIDEO_CAPTURE_MPLANE
13576.348987,v4l2_dqbuf,1,VIDEO_CAPTURE_MPLANE
13576.349116,v4l2_dqbuf,0,VIDEO_OUTPUT_MPLANE
13576.364339,v4l2_qbuf,0,VIDEO_OUTPUT_MPLANE
13576.364417,v4l2_qbuf,3,VIDEO_CAPTURE_MPLANE
13576.367761,v4l2_dqbuf,3,VIDEO_CAPTURE_MPLANE
13576.367777,v4l2_dqbuf,0,VIDEO_OUTPUT_MPLANE
13576.374070,v4l2_qbuf,0,VIDEO_OUTPUT_MPLANE
13576.374091,v4l2_qbuf,2,VIDEO_CAPTURE_MPLANE
13576.376485,v4l2_dqbuf,2,VIDEO_CAPTURE_MPLANE
13576.376516,v4l2_dqbuf,0,VIDEO_OUTPUT_MPLANE
13576.408579,v4l2_qbuf,0,VIDEO_OUTPUT_MPLANE
13576.408626,v4l2_qbuf,1,VIDEO_CAPTURE_MPLANE
13576.411973,v4l2_dqbuf,1,VIDEO_CAPTURE_MPLANE
13576.411996,v4l2_dqbuf,0,VIDEO_OUTPUT_MPLANE
13576.412156,v4l2_qbuf,0,VIDEO_OUTPUT_MPLANE
13576.412177,v4l2_qbuf,5,VIDEO_CAPTURE_MPLANE
13576.415604,v4l2_dqbuf,5,VIDEO_CAPTURE_MPLANE
13576.415728,v4l2_dqbuf,0,VIDEO_OUTPUT_MPLANE
13576.424093,v4l2_qbuf,0,VIDEO_OUTPUT_MPLANE
13576.424107,v4l2_qbuf,0,VIDEO_CAPTURE_MPLANE
13576.427458,v4l2_dqbuf,0,VIDEO_CAPTURE_MPLANE
13576.427471,v4l2_dqbuf,0,VIDEO_OUTPUT_MPLANE
13576.441028,v4l2_qbuf,0,VIDEO_OUTPUT_MPLANE
13576.441051,v4l2_qbuf,3,VIDEO_CAPTURE_MPLANE
13576.443466,v4l2_dqbuf,3,VIDEO_CAPTURE_MPLANE
13576.443478,v4l2_dqbuf,0,VIDEO_OUTPUT_MPLANE
13576.474579,v4l2_qbuf,0,VIDEO_OUTPUT_MPLANE
13576.474610,v4l2_qbuf,5,VIDEO_CAPTURE_MPLANE
13576.479817,v4l2_dqbuf,5,VIDEO_CAPTURE_MPLANE
13576.479888,v4l2_dqbuf,0,VIDEO_OUTPUT_MPLANE
13576.480206,v4l2_qbuf,0,VIDEO_OUTPUT_MPLANE
13576.480242,v4l2_qbuf,1,VIDEO_CAPTURE_MPLANE
13576.480704,v4l2_qbuf,1,VIDEO_OUTPUT_MPLANE
13576.480729,v4l2_qbuf,4,VIDEO_CAPTURE_MPLANE
13576.483552,v4l2_dqbuf,1,VIDEO_CAPTURE_MPLANE
13576.483664,v4l2_dqbuf,0,VIDEO_OUTPUT_MPLANE
13576.486696,v4l2_dqbuf,4,VIDEO_CAPTURE_MPLANE
13576.486708,v4l2_dqbuf,1,VIDEO_OUTPUT_MPLANE
13576.507149,v4l2_qbuf,0,VIDEO_OUTPUT_MPLANE
13576.507162,v4l2_qbuf,0,VIDEO_CAPTURE_MPLANE
13576.509215,v4l2_dqbuf,0,VIDEO_CAPTURE_MPLANE
13576.509225,v4l2_dqbuf,0,VIDEO_OUTPUT_MPLANE
13576.525676,v4l2_qbuf,0,VIDEO_OUTPUT_MPLANE
13576.525690,v4l2_qbuf,1,VIDEO_CAPTURE_MPLANE
13576.528696,v4l2_dqbuf,1,VIDEO_CAPTURE_MPLANE
13576.528709,v4l2_dqbuf,0,VIDEO_OUTPUT_MPLANE
13576.542547,v4l2_qbuf,0,VIDEO_OUTPUT_MPLANE
13576.542565,v4l2_qbuf,2,VIDEO_CAPTURE_MPLANE
13576.545771,v4l2_dqbuf,2,VIDEO_CAPTURE_MPLANE
13576.545927,v4l2_dqbuf,0,VIDEO_OUTPUT_MPLANE
13576.559148,v4l2_qbuf,0,VIDEO_OUTPUT_MPLANE
13576.559166,v4l2_qbuf,5,VIDEO_CAPTURE_MPLANE
13576.562295,v4l2_dqbuf,5,VIDEO_CAPTURE_MPLANE
13576.562318,v4l2_dqbuf,0,VIDEO_OUTPUT_MPLANE
13576.576234,v4l2_qbuf,0,VIDEO_OUTPUT_MPLANE
13576.576266,v4l2_qbuf,4,VIDEO_CAPTURE_MPLANE
13576.578610,v4l2_dqbuf,4,VIDEO_CAPTURE_MPLANE
13576.578621,v4l2_dqbuf,0,VIDEO_OUTPUT_MPLANE
13576.609548,v4l2_qbuf,0,VIDEO_OUTPUT_MPLANE
13576.609588,v4l2_qbuf,2,VIDEO_CAPTURE_MPLANE
13576.612897,v4l2_dqbuf,2,VIDEO_CAPTURE_MPLANE
13576.612949,v4l2_dqbuf,0,VIDEO_OUTPUT_MPLANE
13576.613243,v4l2_qbuf,0,VIDEO_OUTPUT_MPLANE
13576.613280,v4l2_qbuf,3,VIDEO_CAPTURE_MPLANE
13576.616442,v4l2_dqbuf,3,VIDEO_CAPTURE_MPLANE
13576.616524,v4l2_dqbuf,0,VIDEO_OUTPUT_MPLANE
13576.629237,v4l2_qbuf,0,VIDEO_OUTPUT_MPLANE
13576.629258,v4l2_qbuf,1,VIDEO_CAPTURE_MPLANE
13576.632534,v4l2_dqbuf,1,VIDEO_CAPTURE_MPLANE
13576.632548,v4l2_dqbuf,0,VIDEO_OUTPUT_MPLANE
13576.642488,v4l2_qbuf,0,VIDEO_OUTPUT_MPLANE
13576.642517,v4l2_qbuf,5,VIDEO_CAPTURE_MPLANE
13576.644714,v4l2_dqbuf,5,VIDEO_CAPTURE_MPLANE
13576.644736,v4l2_dqbuf,0,VIDEO_OUTPUT_MPLANE
13576.692931,v4l2_qbuf,0,VIDEO_OUTPUT_MPLANE
13576.692965,v4l2_qbuf,3,VIDEO_CAPTURE_MPLANE
13576.696092,v4l2_dqbuf,3,VIDEO_CAPTURE_MPLANE
13576.696118,v4l2_dqbuf,0,VIDEO_OUTPUT_MPLANE
13576.696241,v4l2_qbuf,0,VIDEO_OUTPUT_MPLANE
13576.696305,v4l2_qbuf,0,VIDEO_CAPTURE_MPLANE
13576.699586,v4l2_dqbuf,0,VIDEO_CAPTURE_MPLANE
13576.699669,v4l2_dqbuf,0,VIDEO_OUTPUT_MPLANE
13576.699797,v4l2_qbuf,0,VIDEO_OUTPUT_MPLANE
13576.699815,v4l2_qbuf,2,VIDEO_CAPTURE_MPLANE
13576.703152,v4l2_dqbuf,2,VIDEO_CAPTURE_MPLANE
13576.703162,v4l2_dqbuf,0,VIDEO_OUTPUT_MPLANE
13576.712403,v4l2_qbuf,0,VIDEO_OUTPUT_MPLANE
13576.712495,v4l2_qbuf,1,VIDEO_CAPTURE_MPLANE
13576.714806,v4l2_dqbuf,1,VIDEO_CAPTURE_MPLANE
13576.714819,v4l2_dqbuf,0,VIDEO_OUTPUT_MPLANE
13576.745602,v4l2_qbuf,0,VIDEO_OUTPUT_MPLANE
13576.745621,v4l2_qbuf,0,VIDEO_CAPTURE_MPLANE
13576.748708,v4l2_dqbuf,0,VIDEO_CAPTURE_MPLANE
13576.748727,v4l2_dqbuf,0,VIDEO_OUTPUT_MPLANE
13576.748833,v4l2_qbuf,0,VIDEO_OUTPUT_MPLANE
13576.748856,v4l2_qbuf,4,VIDEO_CAPTURE_MPLANE
13576.752114,v4l2_dqbuf,4,VIDEO_CAPTURE_MPLANE
13576.752240,v4l2_dqbuf,0,VIDEO_OUTPUT_MPLANE
13576.762479,v4l2_qbuf,0,VIDEO_OUTPUT_MPLANE
13576.762497,v4l2_qbuf,3,VIDEO_CAPTURE_MPLANE
13576.764375,v4l2_dqbuf,3,VIDEO_CAPTURE_MPLANE
13576.764387,v4l2_dqbuf,0,VIDEO_OUTPUT_MPLANE
13576.779158,v4l2_qbuf,0,VIDEO_OUTPUT_MPLANE
13576.779178,v4l2_qbuf,2,VIDEO_CAPTURE_MPLANE
13576.781412,v4l2_dqbuf,2,VIDEO_CAPTURE_MPLANE
13576.781427,v4l2_dqbuf,0,VIDEO_OUTPUT_MPLANE
13576.796942,v4l2_qbuf,0,VIDEO_OUTPUT_MPLANE
13576.796967,v4l2_qbuf,5,VIDEO_CAPTURE_MPLANE
13576.800098,v4l2_dqbuf,5,VIDEO_CAPTURE_MPLANE
13576.800109,v4l2_dqbuf,0,VIDEO_OUTPUT_MPLANE
13576.812284,v4l2_qbuf,0,VIDEO_OUTPUT_MPLANE
13576.812304,v4l2_qbuf,0,VIDEO_CAPTURE_MPLANE
13576.815501,v4l2_dqbuf,0,VIDEO_CAPTURE_MPLANE
13576.815585,v4l2_dqbuf,0,VIDEO_OUTPUT_MPLANE
13576.828871,v4l2_qbuf,0,VIDEO_OUTPUT_MPLANE
13576.828885,v4l2_qbuf,4,VIDEO_CAPTURE_MPLANE
13576.832243,v4l2_dqbuf,4,VIDEO_CAPTURE_MPLANE
13576.832255,v4l2_dqbuf,0,VIDEO_OUTPUT_MPLANE
13576.846837,v4l2_qbuf,0,VIDEO_OUTPUT_MPLANE
13576.846878,v4l2_qbuf,1,VIDEO_CAPTURE_MPLANE
13576.849316,v4l2_dqbuf,1,VIDEO_CAPTURE_MPLANE
13576.849332,v4l2_dqbuf,0,VIDEO_OUTPUT_MPLANE
13576.879068,v4l2_qbuf,0,VIDEO_OUTPUT_MPLANE
13576.879089,v4l2_qbuf,0,VIDEO_CAPTURE_MPLANE
13576.882367,v4l2_dqbuf,0,VIDEO_CAPTURE_MPLANE
13576.882391,v4l2_dqbuf,0,VIDEO_OUTPUT_MPLANE
13576.882534,v4l2_qbuf,0,VIDEO_OUTPUT_MPLANE
13576.882552,v4l2_qbuf,3,VIDEO_CAPTURE_MPLANE
13576.885841,v4l2_dqbuf,3,VIDEO_CAPTURE_MPLANE
13576.885929,v4l2_dqbuf,0,VIDEO_OUTPUT_MPLANE
13576.900111,v4l2_qbuf,0,VIDEO_OUTPUT_MPLANE
13576.900130,v4l2_qbuf,5,VIDEO_CAPTURE_MPLANE
13576.903584,v4l2_dqbuf,5,VIDEO_CAPTURE_MPLANE
13576.903598,v4l2_dqbuf,0,VIDEO_OUTPUT_MPLANE
13576.912074,v4l2_qbuf,0,VIDEO_OUTPUT_MPLANE
13576.912091,v4l2_qbuf,4,VIDEO_CAPTURE_MPLANE
13576.914196,v4l2_dqbuf,4,VIDEO_CAPTURE_MPLANE
13576.914209,v4l2_dqbuf,0,VIDEO_OUTPUT_MPLANE
13576.962454,v4l2_qbuf,0,VIDEO_OUTPUT_MPLANE
13576.962490,v4l2_qbuf,3,VIDEO_CAPTURE_MPLANE
13576.966022,v4l2_dqbuf,3,VIDEO_CAPTURE_MPLANE
13576.966052,v4l2_dqbuf,0,VIDEO_OUTPUT_MPLANE
13576.966177,v4l2_qbuf,0,VIDEO_OUTPUT_MPLANE
13576.966195,v4l2_qbuf,0,VIDEO_CAPTURE_MPLANE
13576.966340,v4l2_qbuf,1,VIDEO_OUTPUT_MPLANE
13576.966348,v4l2_qbuf,2,VIDEO_CAPTURE_MPLANE
13576.969383,v4l2_dqbuf,0,VIDEO_CAPTURE_MPLANE
13576.969530,v4l2_dqbuf,0,VIDEO_OUTPUT_MPLANE
13576.972498,v4l2_dqbuf,2,VIDEO_CAPTURE_MPLANE
13576.972510,v4l2_dqbuf,1,VIDEO_OUTPUT_MPLANE
13576.996305,v4l2_qbuf,0,VIDEO_OUTPUT_MPLANE
13576.996338,v4l2_qbuf,5,VIDEO_CAPTURE_MPLANE
13576.998627,v4l2_dqbuf,5,VIDEO_CAPTURE_MPLANE
13576.998644,v4l2_dqbuf,0,VIDEO_OUTPUT_MPLANE
13577.031160,v4l2_qbuf,0,VIDEO_OUTPUT_MPLANE
13577.031221,v4l2_qbuf,0,VIDEO_CAPTURE_MPLANE
13577.035019,v4l2_dqbuf,0,VIDEO_CAPTURE_MPLANE
13577.035050,v4l2_dqbuf,0,VIDEO_OUTPUT_MPLANE
13577.035172,v4l2_qbuf,0,VIDEO_OUTPUT_MPLANE
13577.035189,v4l2_qbuf,1,VIDEO_CAPTURE_MPLANE
13577.035711,v4l2_qbuf,1,VIDEO_OUTPUT_MPLANE
13577.035723,v4l2_qbuf,3,VIDEO_CAPTURE_MPLANE
13577.038416,v4l2_dqbuf,1,VIDEO_CAPTURE_MPLANE
13577.038556,v4l2_dqbuf,0,VIDEO_OUTPUT_MPLANE
13577.041564,v4l2_dqbuf,3,VIDEO_CAPTURE_MPLANE
13577.041578,v4l2_dqbuf,1,VIDEO_OUTPUT_MPLANE
13577.047584,v4l2_qbuf,0,VIDEO_OUTPUT_MPLANE
13577.047607,v4l2_qbuf,2,VIDEO_CAPTURE_MPLANE
13577.050017,v4l2_dqbuf,2,VIDEO_CAPTURE_MPLANE
13577.050034,v4l2_dqbuf,0,VIDEO_OUTPUT_MPLANE
13577.093765,v4l2_qbuf,0,VIDEO_OUTPUT_MPLANE
13577.093783,v4l2_qbuf,1,VIDEO_CAPTURE_MPLANE
13577.096954,v4l2_dqbuf,1,VIDEO_CAPTURE_MPLANE
13577.096977,v4l2_dqbuf,0,VIDEO_OUTPUT_MPLANE
13577.097110,v4l2_qbuf,0,VIDEO_OUTPUT_MPLANE
13577.097128,v4l2_qbuf,4,VIDEO_CAPTURE_MPLANE
13577.100212,v4l2_dqbuf,4,VIDEO_CAPTURE_MPLANE
13577.100311,v4l2_dqbuf,0,VIDEO_OUTPUT_MPLANE
13577.108184,v4l2_qbuf,0,VIDEO_OUTPUT_MPLANE
13577.108205,v4l2_qbuf,0,VIDEO_CAPTURE_MPLANE
13577.111230,v4l2_dqbuf,0,VIDEO_CAPTURE_MPLANE
13577.111253,v4l2_dqbuf,0,VIDEO_OUTPUT_MPLANE
13577.141670,v4l2_qbuf,0,VIDEO_OUTPUT_MPLANE
13577.141697,v4l2_qbuf,3,VIDEO_CAPTURE_MPLANE
13577.143894,v4l2_dqbuf,3,VIDEO_CAPTURE_MPLANE
13577.143913,v4l2_dqbuf,0,VIDEO_OUTPUT_MPLANE
13577.158281,v4l2_qbuf,0,VIDEO_OUTPUT_MPLANE
13577.158300,v4l2_qbuf,4,VIDEO_CAPTURE_MPLANE
13577.165094,v4l2_dqbuf,4,VIDEO_CAPTURE_MPLANE
13577.165147,v4l2_dqbuf,0,VIDEO_OUTPUT_MPLANE
13577.165346,v4l2_qbuf,0,VIDEO_OUTPUT_MPLANE
13577.165387,v4l2_qbuf,5,VIDEO_CAPTURE_MPLANE
13577.168704,v4l2_dqbuf,5,VIDEO_CAPTURE_MPLANE
13577.168867,v4l2_dqbuf,0,VIDEO_OUTPUT_MPLANE
13577.175035,v4l2_qbuf,0,VIDEO_OUTPUT_MPLANE
13577.175067,v4l2_qbuf,1,VIDEO_CAPTURE_MPLANE
13577.178922,v4l2_dqbuf,1,VIDEO_CAPTURE_MPLANE
13577.178937,v4l2_dqbuf,0,VIDEO_OUTPUT_MPLANE
13577.191427,v4l2_qbuf,0,VIDEO_OUTPUT_MPLANE
13577.191447,v4l2_qbuf,0,VIDEO_CAPTURE_MPLANE
13577.193648,v4l2_dqbuf,0,VIDEO_CAPTURE_MPLANE
13577.193662,v4l2_dqbuf,0,VIDEO_OUTPUT_MPLANE
13577.225257,v4l2_qbuf,0,VIDEO_OUTPUT_MPLANE
13577.225275,v4l2_qbuf,5,VIDEO_CAPTURE_MPLANE
13577.228467,v4l2_dqbuf,5,VIDEO_CAPTURE_MPLANE
13577.228484,v4l2_dqbuf,0,VIDEO_OUTPUT_MPLANE
13577.228569,v4l2_qbuf,0,VIDEO_OUTPUT_MPLANE
13577.228579,v4l2_qbuf,2,VIDEO_CAPTURE_MPLANE
13577.231524,v4l2_dqbuf,2,VIDEO_CAPTURE_MPLANE
13577.231597,v4l2_dqbuf,0,VIDEO_OUTPUT_MPLANE
13577.247603,v4l2_qbuf,0,VIDEO_OUTPUT_MPLANE
13577.247620,v4l2_qbuf,4,VIDEO_CAPTURE_MPLANE
13577.250879,v4l2_dqbuf,4,VIDEO_CAPTURE_MPLANE
13577.250890,v4l2_dqbuf,0,VIDEO_OUTPUT_MPLANE
13577.259418,v4l2_qbuf,0,VIDEO_OUTPUT_MPLANE
13577.259439,v4l2_qbuf,1,VIDEO_CAPTURE_MPLANE
13577.265058,v4l2_dqbuf,1,VIDEO_CAPTURE_MPLANE
13577.265073,v4l2_dqbuf,0,VIDEO_OUTPUT_MPLANE
13577.291504,v4l2_qbuf,0,VIDEO_OUTPUT_MPLANE
13577.291522,v4l2_qbuf,2,VIDEO_CAPTURE_MPLANE
13577.294624,v4l2_dqbuf,2,VIDEO_CAPTURE_MPLANE
13577.294656,v4l2_dqbuf,0,VIDEO_OUTPUT_MPLANE
13577.294826,v4l2_qbuf,0,VIDEO_OUTPUT_MPLANE
13577.294847,v4l2_qbuf,3,VIDEO_CAPTURE_MPLANE
13577.297971,v4l2_dqbuf,3,VIDEO_CAPTURE_MPLANE
13577.298114,v4l2_dqbuf,0,VIDEO_OUTPUT_MPLANE
13577.308146,v4l2_qbuf,0,VIDEO_OUTPUT_MPLANE
13577.308174,v4l2_qbuf,5,VIDEO_CAPTURE_MPLANE
13577.311329,v4l2_dqbuf,5,VIDEO_CAPTURE_MPLANE
13577.311346,v4l2_dqbuf,0,VIDEO_OUTPUT_MPLANE
13577.325257,v4l2_qbuf,0,VIDEO_OUTPUT_MPLANE
13577.325291,v4l2_qbuf,4,VIDEO_CAPTURE_MPLANE
13577.327533,v4l2_dqbuf,4,VIDEO_CAPTURE_MPLANE
13577.327554,v4l2_dqbuf,0,VIDEO_OUTPUT_MPLANE
13577.358259,v4l2_qbuf,0,VIDEO_OUTPUT_MPLANE
13577.358278,v4l2_qbuf,3,VIDEO_CAPTURE_MPLANE
13577.361480,v4l2_dqbuf,3,VIDEO_CAPTURE_MPLANE
13577.361501,v4l2_dqbuf,0,VIDEO_OUTPUT_MPLANE
13577.361603,v4l2_qbuf,0,VIDEO_OUTPUT_MPLANE
13577.361644,v4l2_qbuf,0,VIDEO_CAPTURE_MPLANE
13577.364792,v4l2_dqbuf,0,VIDEO_CAPTURE_MPLANE
13577.364891,v4l2_dqbuf,0,VIDEO_OUTPUT_MPLANE
13577.376296,v4l2_qbuf,0,VIDEO_OUTPUT_MPLANE
13577.376315,v4l2_qbuf,2,VIDEO_CAPTURE_MPLANE
13577.379492,v4l2_dqbuf,2,VIDEO_CAPTURE_MPLANE
13577.379507,v4l2_dqbuf,0,VIDEO_OUTPUT_MPLANE
13577.391543,v4l2_qbuf,0,VIDEO_OUTPUT_MPLANE
13577.391570,v4l2_qbuf,5,VIDEO_CAPTURE_MPLANE
13577.393813,v4l2_dqbuf,5,VIDEO_CAPTURE_MPLANE
13577.393824,v4l2_dqbuf,0,VIDEO_OUTPUT_MPLANE
13577.426528,v4l2_qbuf,0,VIDEO_OUTPUT_MPLANE
13577.426543,v4l2_qbuf,0,VIDEO_CAPTURE_MPLANE
13577.430300,v4l2_dqbuf,0,VIDEO_CAPTURE_MPLANE
13577.430355,v4l2_dqbuf,0,VIDEO_OUTPUT_MPLANE
13577.430580,v4l2_qbuf,0,VIDEO_OUTPUT_MPLANE
13577.430616,v4l2_qbuf,1,VIDEO_CAPTURE_MPLANE
13577.433733,v4l2_dqbuf,1,VIDEO_CAPTURE_MPLANE
13577.433815,v4l2_dqbuf,0,VIDEO_OUTPUT_MPLANE
13577.443298,v4l2_qbuf,0,VIDEO_OUTPUT_MPLANE
13577.443311,v4l2_qbuf,3,VIDEO_CAPTURE_MPLANE
13577.446523,v4l2_dqbuf,3,VIDEO_CAPTURE_MPLANE
13577.446588,v4l2_dqbuf,0,VIDEO_OUTPUT_MPLANE
13577.460759,v4l2_qbuf,0,VIDEO_OUTPUT_MPLANE
13577.460780,v4l2_qbuf,2,VIDEO_CAPTURE_MPLANE
13577.462943,v4l2_dqbuf,2,VIDEO_CAPTURE_MPLANE
13577.462955,v4l2_dqbuf,0,VIDEO_OUTPUT_MPLANE
13577.493317,v4l2_qbuf,0,VIDEO_OUTPUT_MPLANE
13577.493346,v4l2_qbuf,1,VIDEO_CAPTURE_MPLANE
13577.496502,v4l2_dqbuf,1,VIDEO_CAPTURE_MPLANE
13577.496522,v4l2_dqbuf,0,VIDEO_OUTPUT_MPLANE
13577.496629,v4l2_qbuf,0,VIDEO_OUTPUT_MPLANE
13577.496644,v4l2_qbuf,4,VIDEO_CAPTURE_MPLANE
13577.502094,v4l2_dqbuf,4,VIDEO_CAPTURE_MPLANE
13577.502292,v4l2_dqbuf,0,VIDEO_OUTPUT_MPLANE
13577.513344,v4l2_qbuf,0,VIDEO_OUTPUT_MPLANE
13577.513387,v4l2_qbuf,0,VIDEO_CAPTURE_MPLANE
13577.516579,v4l2_dqbuf,0,VIDEO_CAPTURE_MPLANE
13577.516592,v4l2_dqbuf,0,VIDEO_OUTPUT_MPLANE
13577.526766,v4l2_qbuf,0,VIDEO_OUTPUT_MPLANE
13577.526782,v4l2_qbuf,3,VIDEO_CAPTURE_MPLANE
13577.529433,v4l2_dqbuf,3,VIDEO_CAPTURE_MPLANE
13577.529447,v4l2_dqbuf,0,VIDEO_OUTPUT_MPLANE
13577.560331,v4l2_qbuf,0,VIDEO_OUTPUT_MPLANE
13577.560365,v4l2_qbuf,4,VIDEO_CAPTURE_MPLANE
13577.563484,v4l2_dqbuf,4,VIDEO_CAPTURE_MPLANE
13577.563503,v4l2_dqbuf,0,VIDEO_OUTPUT_MPLANE
13577.563610,v4l2_qbuf,0,VIDEO_OUTPUT_MPLANE
13577.563625,v4l2_qbuf,5,VIDEO_CAPTURE_MPLANE
13577.566737,v4l2_dqbuf,5,VIDEO_CAPTURE_MPLANE
13577.566812,v4l2_dqbuf,0,VIDEO_OUTPUT_MPLANE
13577.576491,v4l2_qbuf,0,VIDEO_OUTPUT_MPLANE
13577.576510,v4l2_qbuf,1,VIDEO_CAPTURE_MPLANE
13577.579771,v4l2_dqbuf,1,VIDEO_CAPTURE_MPLANE
13577.579791,v4l2_dqbuf,0,VIDEO_OUTPUT_MPLANE
13577.593816,v4l2_qbuf,0,VIDEO_OUTPUT_MPLANE
13577.593837,v4l2_qbuf,0,VIDEO_CAPTURE_MPLANE
13577.596139,v4l2_dqbuf,0,VIDEO_CAPTURE_MPLANE
13577.596155,v4l2_dqbuf,0,VIDEO_OUTPUT_MPLANE
13577.627142,v4l2_qbuf,0,VIDEO_OUTPUT_MPLANE
13577.627162,v4l2_qbuf,5,VIDEO_CAPTURE_MPLANE
13577.630865,v4l2_dqbuf,5,VIDEO_CAPTURE_MPLANE
13577.630893,v4l2_dqbuf,0,VIDEO_OUTPUT_MPLANE
13577.631071,v4l2_qbuf,0,VIDEO_OUTPUT_MPLANE
13577.631093,v4l2_qbuf,2,VIDEO_CAPTURE_MPLANE
13577.634206,v4l2_dqbuf,2,VIDEO_CAPTURE_MPLANE
13577.634282,v4l2_dqbuf,0,VIDEO_OUTPUT_MPLANE
13577.652201,v4l2_qbuf,0,VIDEO_OUTPUT_MPLANE
13577.652253,v4l2_qbuf,4,VIDEO_CAPTURE_MPLANE
13577.655576,v4l2_dqbuf,4,VIDEO_CAPTURE_MPLANE
13577.655591,v4l2_dqbuf,0,VIDEO_OUTPUT_MPLANE
13577.663331,v4l2_qbuf,0,VIDEO_OUTPUT_MPLANE
13577.663370,v4l2_qbuf,1,VIDEO_CAPTURE_MPLANE
13577.665708,v4l2_dqbuf,1,VIDEO_CAPTURE_MPLANE
13577.665719,v4l2_dqbuf,0,VIDEO_OUTPUT_MPLANE
13577.693759,v4l2_qbuf,0,VIDEO_OUTPUT_MPLANE
13577.693779,v4l2_qbuf,2,VIDEO_CAPTURE_MPLANE
13577.697068,v4l2_dqbuf,2,VIDEO_CAPTURE_MPLANE
13577.697090,v4l2_dqbuf,0,VIDEO_OUTPUT_MPLANE
13577.697202,v4l2_qbuf,0,VIDEO_OUTPUT_MPLANE
13577.697219,v4l2_qbuf,3,VIDEO_CAPTURE_MPLANE
13577.700439,v4l2_dqbuf,3,VIDEO_CAPTURE_MPLANE
13577.700518,v4l2_dqbuf,0,VIDEO_OUTPUT_MPLANE
13577.704795,v4l2_qbuf,0,VIDEO_OUTPUT_MPLANE
13577.704816,v4l2_qbuf,5,VIDEO_CAPTURE_MPLANE
13577.707793,v4l2_dqbuf,5,VIDEO_CAPTURE_MPLANE
13577.707805,v4l2_dqbuf,0,VIDEO_OUTPUT_MPLANE
13577.738429,v4l2_qbuf,0,VIDEO_OUTPUT_MPLANE
13577.738480,v4l2_qbuf,4,VIDEO_CAPTURE_MPLANE
13577.740818,v4l2_dqbuf,4,VIDEO_CAPTURE_MPLANE
13577.740837,v4l2_dqbuf,0,VIDEO_OUTPUT_MPLANE
13577.771565,v4l2_qbuf,0,VIDEO_OUTPUT_MPLANE
13577.771594,v4l2_qbuf,3,VIDEO_CAPTURE_MPLANE
13577.774826,v4l2_dqbuf,3,VIDEO_CAPTURE_MPLANE
13577.774846,v4l2_dqbuf,0,VIDEO_OUTPUT_MPLANE
13577.774961,v4l2_qbuf,0,VIDEO_OUTPUT_MPLANE
13577.774976,v4l2_qbuf,0,VIDEO_CAPTURE_MPLANE
13577.778198,v4l2_dqbuf,0,VIDEO_CAPTURE_MPLANE
13577.778346,v4l2_dqbuf,0,VIDEO_OUTPUT_MPLANE
13577.791900,v4l2_qbuf,0,VIDEO_OUTPUT_MPLANE
13577.791932,v4l2_qbuf,2,VIDEO_CAPTURE_MPLANE
13577.793823,v4l2_dqbuf,2,VIDEO_CAPTURE_MPLANE
13577.793840,v4l2_dqbuf,0,VIDEO_OUTPUT_MPLANE
13577.804987,v4l2_qbuf,0,VIDEO_OUTPUT_MPLANE
13577.805062,v4l2_qbuf,5,VIDEO_CAPTURE_MPLANE
13577.807197,v4l2_dqbuf,5,VIDEO_CAPTURE_MPLANE
13577.807217,v4l2_dqbuf,0,VIDEO_OUTPUT_MPLANE
13577.821782,v4l2_qbuf,0,VIDEO_OUTPUT_MPLANE
13577.821820,v4l2_qbuf,1,VIDEO_CAPTURE_MPLANE
13577.825138,v4l2_dqbuf,1,VIDEO_CAPTURE_MPLANE
13577.825163,v4l2_dqbuf,0,VIDEO_OUTPUT_MPLANE
13577.838438,v4l2_qbuf,0,VIDEO_OUTPUT_MPLANE
13577.838464,v4l2_qbuf,3,VIDEO_CAPTURE_MPLANE
13577.841717,v4l2_dqbuf,3,VIDEO_CAPTURE_MPLANE
13577.841819,v4l2_dqbuf,0,VIDEO_OUTPUT_MPLANE
13577.855058,v4l2_qbuf,0,VIDEO_OUTPUT_MPLANE
13577.855075,v4l2_qbuf,0,VIDEO_CAPTURE_MPLANE
13577.858361,v4l2_dqbuf,0,VIDEO_CAPTURE_MPLANE
13577.858390,v4l2_dqbuf,0,VIDEO_OUTPUT_MPLANE
13577.871561,v4l2_qbuf,0,VIDEO_OUTPUT_MPLANE
13577.871588,v4l2_qbuf,4,VIDEO_CAPTURE_MPLANE
13577.873808,v4l2_dqbuf,4,VIDEO_CAPTURE_MPLANE
13577.873830,v4l2_dqbuf,0,VIDEO_OUTPUT_MPLANE
13577.906892,v4l2_qbuf,0,VIDEO_OUTPUT_MPLANE
13577.906918,v4l2_qbuf,3,VIDEO_CAPTURE_MPLANE
13577.910121,v4l2_dqbuf,3,VIDEO_CAPTURE_MPLANE
13577.910142,v4l2_dqbuf,0,VIDEO_OUTPUT_MPLANE
13577.910247,v4l2_qbuf,0,VIDEO_OUTPUT_MPLANE
13577.910261,v4l2_qbuf,2,VIDEO_CAPTURE_MPLANE
13577.913587,v4l2_dqbuf,2,VIDEO_CAPTURE_MPLANE
13577.913668,v4l2_dqbuf,0,VIDEO_OUTPUT_MPLANE
13577.922568,v4l2_qbuf,0,VIDEO_OUTPUT_MPLANE
13577.922608,v4l2_qbuf,1,VIDEO_CAPTURE_MPLANE
13577.925900,v4l2_dqbuf,1,VIDEO_CAPTURE_MPLANE
13577.925924,v4l2_dqbuf,0,VIDEO_OUTPUT_MPLANE
13577.938381,v4l2_qbuf,0,VIDEO_OUTPUT_MPLANE
13577.938412,v4l2_qbuf,0,VIDEO_CAPTURE_MPLANE
13577.940658,v4l2_dqbuf,0,VIDEO_CAPTURE_MPLANE
13577.940682,v4l2_dqbuf,0,VIDEO_OUTPUT_MPLANE
13577.971652,v4l2_qbuf,0,VIDEO_OUTPUT_MPLANE
13577.971666,v4l2_qbuf,2,VIDEO_CAPTURE_MPLANE
13577.974974,v4l2_dqbuf,2,VIDEO_CAPTURE_MPLANE
13577.974995,v4l2_dqbuf,0,VIDEO_OUTPUT_MPLANE
13577.975102,v4l2_qbuf,0,VIDEO_OUTPUT_MPLANE
13577.975114,v4l2_qbuf,3,VIDEO_CAPTURE_MPLANE
13577.975235,v4l2_qbuf,1,VIDEO_OUTPUT_MPLANE
13577.975243,v4l2_qbuf,5,VIDEO_CAPTURE_MPLANE
13577.978360,v4l2_dqbuf,3,VIDEO_CAPTURE_MPLANE
13577.978573,v4l2_dqbuf,0,VIDEO_OUTPUT_MPLANE
13577.981416,v4l2_dqbuf,5,VIDEO_CAPTURE_MPLANE
13577.981431,v4l2_dqbuf,1,VIDEO_OUTPUT_MPLANE
13578.004823,v4l2_qbuf,0,VIDEO_OUTPUT_MPLANE
13578.004837,v4l2_qbuf,1,VIDEO_CAPTURE_MPLANE
13578.006986,v4l2_dqbuf,1,VIDEO_CAPTURE_MPLANE
13578.006995,v4l2_dqbuf,0,VIDEO_OUTPUT_MPLANE
13578.038508,v4l2_qbuf,0,VIDEO_OUTPUT_MPLANE
13578.038538,v4l2_qbuf,3,VIDEO_CAPTURE_MPLANE
13578.041725,v4l2_dqbuf,3,VIDEO_CAPTURE_MPLANE
13578.041770,v4l2_dqbuf,0,VIDEO_OUTPUT_MPLANE
13578.041991,v4l2_qbuf,0,VIDEO_OUTPUT_MPLANE
13578.042033,v4l2_qbuf,2,VIDEO_CAPTURE_MPLANE
13578.042439,v4l2_qbuf,1,VIDEO_OUTPUT_MPLANE
13578.042488,v4l2_qbuf,4,VIDEO_CAPTURE_MPLANE
13578.045280,v4l2_dqbuf,2,VIDEO_CAPTURE_MPLANE
13578.045564,v4l2_dqbuf,0,VIDEO_OUTPUT_MPLANE
13578.048493,v4l2_dqbuf,4,VIDEO_CAPTURE_MPLANE
13578.048511,v4l2_dqbuf,1,VIDEO_OUTPUT_MPLANE
13578.071799,v4l2_qbuf,0,VIDEO_OUTPUT_MPLANE
13578.071818,v4l2_qbuf,5,VIDEO_CAPTURE_MPLANE
13578.074085,v4l2_dqbuf,5,VIDEO_CAPTURE_MPLANE
13578.074107,v4l2_dqbuf,0,VIDEO_OUTPUT_MPLANE
13578.105641,v4l2_qbuf,0,VIDEO_OUTPUT_MPLANE
13578.105678,v4l2_qbuf,2,VIDEO_CAPTURE_MPLANE
13578.108782,v4l2_dqbuf,2,VIDEO_CAPTURE_MPLANE
13578.108806,v4l2_dqbuf,0,VIDEO_OUTPUT_MPLANE
13578.108933,v4l2_qbuf,0,VIDEO_OUTPUT_MPLANE
13578.108949,v4l2_qbuf,0,VIDEO_CAPTURE_MPLANE
13578.109102,v4l2_qbuf,1,VIDEO_OUTPUT_MPLANE
13578.109110,v4l2_qbuf,3,VIDEO_CAPTURE_MPLANE
13578.112099,v4l2_dqbuf,0,VIDEO_CAPTURE_MPLANE
13578.112293,v4l2_dqbuf,0,VIDEO_OUTPUT_MPLANE
13578.115295,v4l2_dqbuf,3,VIDEO_CAPTURE_MPLANE
13578.115312,v4l2_dqbuf,1,VIDEO_OUTPUT_MPLANE
13578.138225,v4l2_qbuf,0,VIDEO_OUTPUT_MPLANE
13578.138253,v4l2_qbuf,4,VIDEO_CAPTURE_MPLANE
13578.140477,v4l2_dqbuf,4,VIDEO_CAPTURE_MPLANE
13578.140496,v4l2_dqbuf,0,VIDEO_OUTPUT_MPLANE
13578.171568,v4l2_qbuf,0,VIDEO_OUTPUT_MPLANE
13578.171588,v4l2_qbuf,0,VIDEO_CAPTURE_MPLANE
13578.174760,v4l2_dqbuf,0,VIDEO_CAPTURE_MPLANE
13578.174783,v4l2_dqbuf,0,VIDEO_OUTPUT_MPLANE
13578.174902,v4l2_qbuf,0,VIDEO_OUTPUT_MPLANE
13578.174918,v4l2_qbuf,1,VIDEO_CAPTURE_MPLANE
13578.178137,v4l2_dqbuf,1,VIDEO_CAPTURE_MPLANE
13578.178215,v4l2_dqbuf,0,VIDEO_OUTPUT_MPLANE
13578.188842,v4l2_qbuf,0,VIDEO_OUTPUT_MPLANE
13578.188868,v4l2_qbuf,2,VIDEO_CAPTURE_MPLANE
13578.192191,v4l2_dqbuf,2,VIDEO_CAPTURE_MPLANE
13578.192214,v4l2_dqbuf,0,VIDEO_OUTPUT_MPLANE
13578.204798,v4l2_qbuf,0,VIDEO_OUTPUT_MPLANE
13578.204816,v4l2_qbuf,3,VIDEO_CAPTURE_MPLANE
13578.207023,v4l2_dqbuf,3,VIDEO_CAPTURE_MPLANE
13578.207050,v4l2_dqbuf,0,VIDEO_OUTPUT_MPLANE
13578.238217,v4l2_qbuf,0,VIDEO_OUTPUT_MPLANE
13578.238233,v4l2_qbuf,1,VIDEO_CAPTURE_MPLANE
13578.241440,v4l2_dqbuf,1,VIDEO_CAPTURE_MPLANE
13578.241480,v4l2_dqbuf,0,VIDEO_OUTPUT_MPLANE
13578.241702,v4l2_qbuf,0,VIDEO_OUTPUT_MPLANE
13578.241728,v4l2_qbuf,5,VIDEO_CAPTURE_MPLANE
13578.245108,v4l2_dqbuf,5,VIDEO_CAPTURE_MPLANE
13578.245241,v4l2_dqbuf,0,VIDEO_OUTPUT_MPLANE
13578.254641,v4l2_qbuf,0,VIDEO_OUTPUT_MPLANE
13578.254656,v4l2_qbuf,0,VIDEO_CAPTURE_MPLANE
13578.257782,v4l2_dqbuf,0,VIDEO_CAPTURE_MPLANE
13578.257791,v4l2_dqbuf,0,VIDEO_OUTPUT_MPLANE
13578.271382,v4l2_qbuf,0,VIDEO_OUTPUT_MPLANE
13578.271399,v4l2_qbuf,2,VIDEO_CAPTURE_MPLANE
13578.273622,v4l2_dqbuf,2,VIDEO_CAPTURE_MPLANE
13578.273646,v4l2_dqbuf,0,VIDEO_OUTPUT_MPLANE
13578.304792,v4l2_qbuf,0,VIDEO_OUTPUT_MPLANE
13578.304808,v4l2_qbuf,5,VIDEO_CAPTURE_MPLANE
13578.308051,v4l2_dqbuf,5,VIDEO_CAPTURE_MPLANE
13578.308070,v4l2_dqbuf,0,VIDEO_OUTPUT_MPLANE
13578.308165,v4l2_qbuf,0,VIDEO_OUTPUT_MPLANE
13578.308177,v4l2_qbuf,4,VIDEO_CAPTURE_MPLANE
13578.312092,v4l2_dqbuf,4,VIDEO_CAPTURE_MPLANE
13578.312189,v4l2_dqbuf,0,VIDEO_OUTPUT_MPLANE
13578.321465,v4l2_qbuf,0,VIDEO_OUTPUT_MPLANE
13578.321489,v4l2_qbuf,1,VIDEO_CAPTURE_MPLANE
13578.324583,v4l2_dqbuf,1,VIDEO_CAPTURE_MPLANE
13578.324595,v4l2_dqbuf,0,VIDEO_OUTPUT_MPLANE
13578.338863,v4l2_qbuf,0,VIDEO_OUTPUT_MPLANE
13578.338888,v4l2_qbuf,0,VIDEO_CAPTURE_MPLANE
13578.341827,v4l2_dqbuf,0,VIDEO_CAPTURE_MPLANE
13578.341841,v4l2_dqbuf,0,VIDEO_OUTPUT_MPLANE
13578.371333,v4l2_qbuf,0,VIDEO_OUTPUT_MPLANE
13578.371346,v4l2_qbuf,4,VIDEO_CAPTURE_MPLANE
13578.374509,v4l2_dqbuf,4,VIDEO_CAPTURE_MPLANE
13578.374544,v4l2_dqbuf,0,VIDEO_OUTPUT_MPLANE
13578.374716,v4l2_qbuf,0,VIDEO_OUTPUT_MPLANE
13578.374739,v4l2_qbuf,3,VIDEO_CAPTURE_MPLANE
13578.377853,v4l2_dqbuf,3,VIDEO_CAPTURE_MPLANE
13578.377968,v4l2_dqbuf,0,VIDEO_OUTPUT_MPLANE
13578.388238,v4l2_qbuf,0,VIDEO_OUTPUT_MPLANE
13578.388280,v4l2_qbuf,5,VIDEO_CAPTURE_MPLANE
13578.391690,v4l2_dqbuf,5,VIDEO_CAPTURE_MPLANE
13578.391701,v4l2_dqbuf,0,VIDEO_OUTPUT_MPLANE
13578.405040,v4l2_qbuf,0,VIDEO_OUTPUT_MPLANE
13578.405055,v4l2_qbuf,1,VIDEO_CAPTURE_MPLANE
13578.407386,v4l2_dqbuf,1,VIDEO_CAPTURE_MPLANE
13578.407398,v4l2_dqbuf,0,VIDEO_OUTPUT_MPLANE
13578.438382,v4l2_qbuf,0,VIDEO_OUTPUT_MPLANE
13578.438410,v4l2_qbuf,3,VIDEO_CAPTURE_MPLANE
13578.441803,v4l2_dqbuf,3,VIDEO_CAPTURE_MPLANE
13578.441842,v4l2_dqbuf,0,VIDEO_OUTPUT_MPLANE
13578.442059,v4l2_qbuf,0,VIDEO_OUTPUT_MPLANE
13578.442085,v4l2_qbuf,2,VIDEO_CAPTURE_MPLANE
13578.445342,v4l2_dqbuf,2,VIDEO_CAPTURE_MPLANE
13578.445419,v4l2_dqbuf,0,VIDEO_OUTPUT_MPLANE
13578.455210,v4l2_qbuf,0,VIDEO_OUTPUT_MPLANE
13578.455239,v4l2_qbuf,4,VIDEO_CAPTURE_MPLANE
13578.458461,v4l2_dqbuf,4,VIDEO_CAPTURE_MPLANE
13578.458472,v4l2_dqbuf,0,VIDEO_OUTPUT_MPLANE
13578.471507,v4l2_qbuf,0,VIDEO_OUTPUT_MPLANE
13578.471538,v4l2_qbuf,5,VIDEO_CAPTURE_MPLANE
13578.473733,v4l2_dqbuf,5,VIDEO_CAPTURE_MPLANE
13578.473758,v4l2_dqbuf,0,VIDEO_OUTPUT_MPLANE
13578.504657,v4l2_qbuf,0,VIDEO_OUTPUT_MPLANE
13578.504677,v4l2_qbuf,2,VIDEO_CAPTURE_MPLANE
13578.507813,v4l2_dqbuf,2,VIDEO_CAPTURE_MPLANE
13578.507829,v4l2_dqbuf,0,VIDEO_OUTPUT_MPLANE
13578.507921,v4l2_qbuf,0,VIDEO_OUTPUT_MPLANE
13578.507932,v4l2_qbuf,0,VIDEO_CAPTURE_MPLANE
13578.511019,v4l2_dqbuf,0,VIDEO_CAPTURE_MPLANE
13578.511110,v4l2_dqbuf,0,VIDEO_OUTPUT_MPLANE
13578.523101,v4l2_qbuf,0,VIDEO_OUTPUT_MPLANE
13578.523122,v4l2_qbuf,3,VIDEO_CAPTURE_MPLANE
13578.526515,v4l2_dqbuf,3,VIDEO_CAPTURE_MPLANE
13578.526524,v4l2_dqbuf,0,VIDEO_OUTPUT_MPLANE
13578.538095,v4l2_qbuf,0,VIDEO_OUTPUT_MPLANE
13578.538109,v4l2_qbuf,4,VIDEO_CAPTURE_MPLANE
13578.540349,v4l2_dqbuf,4,VIDEO_CAPTURE_MPLANE
13578.540359,v4l2_dqbuf,0,VIDEO_OUTPUT_MPLANE
13578.571432,v4l2_qbuf,0,VIDEO_OUTPUT_MPLANE
13578.571452,v4l2_qbuf,0,VIDEO_CAPTURE_MPLANE
13578.574839,v4l2_dqbuf,0,VIDEO_CAPTURE_MPLANE
13578.574863,v4l2_dqbuf,0,VIDEO_OUTPUT_MPLANE
13578.574987,v4l2_qbuf,0,VIDEO_OUTPUT_MPLANE
13578.575021,v4l2_qbuf,1,VIDEO_CAPTURE_MPLANE
13578.578324,v4l2_dqbuf,1,VIDEO_CAPTURE_MPLANE
13578.578401,v4l2_dqbuf,0,VIDEO_OUTPUT_MPLANE
13578.588381,v4l2_qbuf,0,VIDEO_OUTPUT_MPLANE
13578.588404,v4l2_qbuf,2,VIDEO_CAPTURE_MPLANE
13578.591706,v4l2_dqbuf,2,VIDEO_CAPTURE_MPLANE
13578.591723,v4l2_dqbuf,0,VIDEO_OUTPUT_MPLANE
13578.604832,v4l2_qbuf,0,VIDEO_OUTPUT_MPLANE
13578.604847,v4l2_qbuf,3,VIDEO_CAPTURE_MPLANE
13578.607172,v4l2_dqbuf,3,VIDEO_CAPTURE_MPLANE
13578.607188,v4l2_dqbuf,0,VIDEO_OUTPUT_MPLANE
13578.638438,v4l2_qbuf,0,VIDEO_OUTPUT_MPLANE
13578.638455,v4l2_qbuf,1,VIDEO_CAPTURE_MPLANE
13578.641643,v4l2_dqbuf,1,VIDEO_CAPTURE_MPLANE
13578.641667,v4l2_dqbuf,0,VIDEO_OUTPUT_MPLANE
13578.641781,v4l2_qbuf,0,VIDEO_OUTPUT_MPLANE
13578.641798,v4l2_qbuf,5,VIDEO_CAPTURE_MPLANE
13578.645012,v4l2_dqbuf,5,VIDEO_CAPTURE_MPLANE
13578.645095,v4l2_dqbuf,0,VIDEO_OUTPUT_MPLANE
13578.654765,v4l2_qbuf,0,VIDEO_OUTPUT_MPLANE
13578.654788,v4l2_qbuf,0,VIDEO_CAPTURE_MPLANE
13578.658084,v4l2_dqbuf,0,VIDEO_CAPTURE_MPLANE
13578.658100,v4l2_dqbuf,0,VIDEO_OUTPUT_MPLANE
13578.671517,v4l2_qbuf,0,VIDEO_OUTPUT_MPLANE
13578.671539,v4l2_qbuf,2,VIDEO_CAPTURE_MPLANE
13578.673745,v4l2_dqbuf,2,VIDEO_CAPTURE_MPLANE
13578.673759,v4l2_dqbuf,0,VIDEO_OUTPUT_MPLANE
13578.705243,v4l2_qbuf,0,VIDEO_OUTPUT_MPLANE
13578.705260,v4l2_qbuf,5,VIDEO_CAPTURE_MPLANE
13578.708633,v4l2_dqbuf,5,VIDEO_CAPTURE_MPLANE
13578.708665,v4l2_dqbuf,0,VIDEO_OUTPUT_MPLANE
13578.708785,v4l2_qbuf,0,VIDEO_OUTPUT_MPLANE
13578.708802,v4l2_qbuf,4,VIDEO_CAPTURE_MPLANE
13578.712543,v4l2_dqbuf,4,VIDEO_CAPTURE_MPLANE
13578.712793,v4l2_dqbuf,0,VIDEO_OUTPUT_MPLANE
13578.729036,v4l2_qbuf,0,VIDEO_OUTPUT_MPLANE
13578.729052,v4l2_qbuf,1,VIDEO_CAPTURE_MPLANE
13578.732300,v4l2_dqbuf,1,VIDEO_CAPTURE_MPLANE
13578.732314,v4l2_dqbuf,0,VIDEO_OUTPUT_MPLANE
13578.737967,v4l2_qbuf,0,VIDEO_OUTPUT_MPLANE
13578.737982,v4l2_qbuf,0,VIDEO_CAPTURE_MPLANE
13578.740075,v4l2_dqbuf,0,VIDEO_CAPTURE_MPLANE
13578.740086,v4l2_dqbuf,0,VIDEO_OUTPUT_MPLANE
13578.771700,v4l2_qbuf,0,VIDEO_OUTPUT_MPLANE
13578.771729,v4l2_qbuf,4,VIDEO_CAPTURE_MPLANE
13578.775063,v4l2_dqbuf,4,VIDEO_CAPTURE_MPLANE
13578.775082,v4l2_dqbuf,0,VIDEO_OUTPUT_MPLANE
13578.775180,v4l2_qbuf,0,VIDEO_OUTPUT_MPLANE
13578.775192,v4l2_qbuf,3,VIDEO_CAPTURE_MPLANE
13578.778377,v4l2_dqbuf,3,VIDEO_CAPTURE_MPLANE
13578.778518,v4l2_dqbuf,0,VIDEO_OUTPUT_MPLANE
13578.788104,v4l2_qbuf,0,VIDEO_OUTPUT_MPLANE
13578.788124,v4l2_qbuf,5,VIDEO_CAPTURE_MPLANE
13578.789946,v4l2_dqbuf,5,VIDEO_CAPTURE_MPLANE
13578.789959,v4l2_dqbuf,0,VIDEO_OUTPUT_MPLANE
13578.804611,v4l2_qbuf,0,VIDEO_OUTPUT_MPLANE
13578.804628,v4l2_qbuf,1,VIDEO_CAPTURE_MPLANE
13578.806722,v4l2_dqbuf,1,VIDEO_CAPTURE_MPLANE
13578.806743,v4l2_dqbuf,0,VIDEO_OUTPUT_MPLANE
13578.821619,v4l2_qbuf,0,VIDEO_OUTPUT_MPLANE
13578.821648,v4l2_qbuf,2,VIDEO_CAPTURE_MPLANE
13578.824947,v4l2_dqbuf,2,VIDEO_CAPTURE_MPLANE
13578.824968,v4l2_dqbuf,0,VIDEO_OUTPUT_MPLANE
13578.838335,v4l2_qbuf,0,VIDEO_OUTPUT_MPLANE
13578.838363,v4l2_qbuf,4,VIDEO_CAPTURE_MPLANE
13578.841518,v4l2_dqbuf,4,VIDEO_CAPTURE_MPLANE
13578.841650,v4l2_dqbuf,0,VIDEO_OUTPUT_MPLANE
13578.855053,v4l2_qbuf,0,VIDEO_OUTPUT_MPLANE
13578.855072,v4l2_qbuf,3,VIDEO_CAPTURE_MPLANE
13578.858288,v4l2_dqbuf,3,VIDEO_CAPTURE_MPLANE
13578.858320,v4l2_dqbuf,0,VIDEO_OUTPUT_MPLANE
13578.871710,v4l2_qbuf,0,VIDEO_OUTPUT_MPLANE
13578.871729,v4l2_qbuf,0,VIDEO_CAPTURE_MPLANE
13578.873856,v4l2_dqbuf,0,VIDEO_CAPTURE_MPLANE
13578.873870,v4l2_dqbuf,0,VIDEO_OUTPUT_MPLANE
13578.905209,v4l2_qbuf,0,VIDEO_OUTPUT_MPLANE
13578.905239,v4l2_qbuf,4,VIDEO_CAPTURE_MPLANE
13578.908646,v4l2_dqbuf,4,VIDEO_CAPTURE_MPLANE
13578.908666,v4l2_dqbuf,0,VIDEO_OUTPUT_MPLANE
13578.908774,v4l2_qbuf,0,VIDEO_OUTPUT_MPLANE
13578.908789,v4l2_qbuf,5,VIDEO_CAPTURE_MPLANE
13578.912266,v4l2_dqbuf,5,VIDEO_CAPTURE_MPLANE
13578.912377,v4l2_dqbuf,0,VIDEO_OUTPUT_MPLANE
13578.929063,v4l2_qbuf,0,VIDEO_OUTPUT_MPLANE
13578.929084,v4l2_qbuf,2,VIDEO_CAPTURE_MPLANE
13578.932560,v4l2_dqbuf,2,VIDEO_CAPTURE_MPLANE
13578.932573,v4l2_dqbuf,0,VIDEO_OUTPUT_MPLANE
13578.938388,v4l2_qbuf,0,VIDEO_OUTPUT_MPLANE
13578.938418,v4l2_qbuf,3,VIDEO_CAPTURE_MPLANE
13578.940556,v4l2_dqbuf,3,VIDEO_CAPTURE_MPLANE
13578.940571,v4l2_dqbuf,0,VIDEO_OUTPUT_MPLANE
13578.971982,v4l2_qbuf,0,VIDEO_OUTPUT_MPLANE
13578.972141,v4l2_qbuf,5,VIDEO_CAPTURE_MPLANE
13578.975576,v4l2_dqbuf,5,VIDEO_CAPTURE_MPLANE
13578.975600,v4l2_dqbuf,0,VIDEO_OUTPUT_MPLANE
13578.975723,v4l2_qbuf,0,VIDEO_OUTPUT_MPLANE
13578.975740,v4l2_qbuf,1,VIDEO_CAPTURE_MPLANE
13578.979101,v4l2_dqbuf,1,VIDEO_CAPTURE_MPLANE
13578.979568,v4l2_dqbuf,0,VIDEO_OUTPUT_MPLANE
13578.988275,v4l2_qbuf,0,VIDEO_OUTPUT_MPLANE
13578.988296,v4l2_qbuf,4,VIDEO_CAPTURE_MPLANE
13578.991582,v4l2_dqbuf,4,VIDEO_CAPTURE_MPLANE
13578.991597,v4l2_dqbuf,0,VIDEO_OUTPUT_MPLANE
13579.005092,v4l2_qbuf,0,VIDEO_OUTPUT_MPLANE
13579.005112,v4l2_qbuf,2,VIDEO_CAPTURE_MPLANE
13579.007263,v4l2_dqbuf,2,VIDEO_CAPTURE_MPLANE
13579.007276,v4l2_dqbuf,0,VIDEO_OUTPUT_MPLANE
13579.040216,v4l2_qbuf,0,VIDEO_OUTPUT_MPLANE
13579.040240,v4l2_qbuf,1,VIDEO_CAPTURE_MPLANE
13579.043617,v4l2_dqbuf,1,VIDEO_CAPTURE_MPLANE
13579.043647,v4l2_dqbuf,0,VIDEO_OUTPUT_MPLANE
13579.043807,v4l2_qbuf,0,VIDEO_OUTPUT_MPLANE
13579.043826,v4l2_qbuf,0,VIDEO_CAPTURE_MPLANE
13579.048137,v4l2_dqbuf,0,VIDEO_CAPTURE_MPLANE
13579.048256,v4l2_dqbuf,0,VIDEO_OUTPUT_MPLANE
13579.059710,v4l2_qbuf,0,VIDEO_OUTPUT_MPLANE
13579.059728,v4l2_qbuf,5,VIDEO_CAPTURE_MPLANE
13579.063055,v4l2_dqbuf,5,VIDEO_CAPTURE_MPLANE
13579.063078,v4l2_dqbuf,0,VIDEO_OUTPUT_MPLANE
13579.072035,v4l2_qbuf,0,VIDEO_OUTPUT_MPLANE
13579.072064,v4l2_qbuf,4,VIDEO_CAPTURE_MPLANE
13579.074475,v4l2_dqbuf,4,VIDEO_CAPTURE_MPLANE
13579.074501,v4l2_dqbuf,0,VIDEO_OUTPUT_MPLANE
13579.104915,v4l2_qbuf,0,VIDEO_OUTPUT_MPLANE
13579.104936,v4l2_qbuf,0,VIDEO_CAPTURE_MPLANE
13579.108248,v4l2_dqbuf,0,VIDEO_CAPTURE_MPLANE
13579.108270,v4l2_dqbuf,0,VIDEO_OUTPUT_MPLANE
13579.108373,v4l2_qbuf,0,VIDEO_OUTPUT_MPLANE
13579.108387,v4l2_qbuf,3,VIDEO_CAPTURE_MPLANE
13579.111508,v4l2_dqbuf,3,VIDEO_CAPTURE_MPLANE
13579.111581,v4l2_dqbuf,0,VIDEO_OUTPUT_MPLANE
13579.122038,v4l2_qbuf,0,VIDEO_OUTPUT_MPLANE
13579.122074,v4l2_qbuf,1,VIDEO_CAPTURE_MPLANE
13579.125455,v4l2_dqbuf,1,VIDEO_CAPTURE_MPLANE
13579.125477,v4l2_dqbuf,0,VIDEO_OUTPUT_MPLANE
13579.138111,v4l2_qbuf,0,VIDEO_OUTPUT_MPLANE
13579.138133,v4l2_qbuf,5,VIDEO_CAPTURE_MPLANE
13579.140332,v4l2_dqbuf,5,VIDEO_CAPTURE_MPLANE
13579.140345,v4l2_dqbuf,0,VIDEO_OUTPUT_MPLANE
13579.171818,v4l2_qbuf,0,VIDEO_OUTPUT_MPLANE
13579.171838,v4l2_qbuf,3,VIDEO_CAPTURE_MPLANE
13579.175101,v4l2_dqbuf,3,VIDEO_CAPTURE_MPLANE
13579.175125,v4l2_dqbuf,0,VIDEO_OUTPUT_MPLANE
13579.175245,v4l2_qbuf,0,VIDEO_OUTPUT_MPLANE
13579.175263,v4l2_qbuf,2,VIDEO_CAPTURE_MPLANE
13579.178673,v4l2_dqbuf,2,VIDEO_CAPTURE_MPLANE
13579.178792,v4l2_dqbuf,0,VIDEO_OUTPUT_MPLANE
13579.188570,v4l2_qbuf,0,VIDEO_OUTPUT_MPLANE
13579.188607,v4l2_qbuf,0,VIDEO_CAPTURE_MPLANE
13579.192070,v4l2_dqbuf,0,VIDEO_CAPTURE_MPLANE
13579.192108,v4l2_dqbuf,0,VIDEO_OUTPUT_MPLANE
13579.205088,v4l2_qbuf,0,VIDEO_OUTPUT_MPLANE
13579.205115,v4l2_qbuf,1,VIDEO_CAPTURE_MPLANE
13579.207355,v4l2_dqbuf,1,VIDEO_CAPTURE_MPLANE
13579.207377,v4l2_dqbuf,0,VIDEO_OUTPUT_MPLANE
13579.238086,v4l2_qbuf,0,VIDEO_OUTPUT_MPLANE
13579.238117,v4l2_qbuf,2,VIDEO_CAPTURE_MPLANE
13579.241288,v4l2_dqbuf,2,VIDEO_CAPTURE_MPLANE
13579.241312,v4l2_dqbuf,0,VIDEO_OUTPUT_MPLANE
13579.241440,v4l2_qbuf,0,VIDEO_OUTPUT_MPLANE
13579.241457,v4l2_qbuf,4,VIDEO_CAPTURE_MPLANE
13579.244642,v4l2_dqbuf,4,VIDEO_CAPTURE_MPLANE
13579.244709,v4l2_dqbuf,0,VIDEO_OUTPUT_MPLANE
13579.254889,v4l2_qbuf,0,VIDEO_OUTPUT_MPLANE
13579.254943,v4l2_qbuf,3,VIDEO_CAPTURE_MPLANE
13579.258194,v4l2_dqbuf,3,VIDEO_CAPTURE_MPLANE
13579.258207,v4l2_dqbuf,0,VIDEO_OUTPUT_MPLANE
13579.271407,v4l2_qbuf,0,VIDEO_OUTPUT_MPLANE
13579.271427,v4l2_qbuf,0,VIDEO_CAPTURE_MPLANE
13579.273580,v4l2_dqbuf,0,VIDEO_CAPTURE_MPLANE
13579.273594,v4l2_dqbuf,0,VIDEO_OUTPUT_MPLANE
13579.304982,v4l2_qbuf,0,VIDEO_OUTPUT_MPLANE
13579.305015,v4l2_qbuf,4,VIDEO_CAPTURE_MPLANE
13579.308377,v4l2_dqbuf,4,VIDEO_CAPTURE_MPLANE
13579.308397,v4l2_dqbuf,0,VIDEO_OUTPUT_MPLANE
13579.308505,v4l2_qbuf,0,VIDEO_OUTPUT_MPLANE
13579.308523,v4l2_qbuf,5,VIDEO_CAPTURE_MPLANE
13579.311930,v4l2_dqbuf,5,VIDEO_CAPTURE_MPLANE
13579.312029,v4l2_dqbuf,0,VIDEO_OUTPUT_MPLANE
13579.325835,v4l2_qbuf,0,VIDEO_OUTPUT_MPLANE
13579.325852,v4l2_qbuf,2,VIDEO_CAPTURE_MPLANE
13579.329080,v4l2_dqbuf,2,VIDEO_CAPTURE_MPLANE
13579.329096,v4l2_dqbuf,0,VIDEO_OUTPUT_MPLANE
13579.338369,v4l2_qbuf,0,VIDEO_OUTPUT_MPLANE
13579.338385,v4l2_qbuf,3,VIDEO_CAPTURE_MPLANE
13579.340586,v4l2_dqbuf,3,VIDEO_CAPTURE_MPLANE
13579.340599,v4l2_dqbuf,0,VIDEO_OUTPUT_MPLANE
13579.387921,v4l2_qbuf,0,VIDEO_OUTPUT_MPLANE
13579.387936,v4l2_qbuf,5,VIDEO_CAPTURE_MPLANE
13579.391010,v4l2_dqbuf,5,VIDEO_CAPTURE_MPLANE
13579.391026,v4l2_dqbuf,0,VIDEO_OUTPUT_MPLANE
13579.391117,v4l2_qbuf,0,VIDEO_OUTPUT_MPLANE
13579.391129,v4l2_qbuf,1,VIDEO_CAPTURE_MPLANE
13579.394112,v4l2_dqbuf,1,VIDEO_CAPTURE_MPLANE
13579.394171,v4l2_dqbuf,0,VIDEO_OUTPUT_MPLANE
13579.408708,v4l2_qbuf,0,VIDEO_OUTPUT_MPLANE
13579.408724,v4l2_qbuf,4,VIDEO_CAPTURE_MPLANE
13579.412098,v4l2_dqbuf,4,VIDEO_CAPTURE_MPLANE
13579.412109,v4l2_dqbuf,0,VIDEO_OUTPUT_MPLANE
13579.421664,v4l2_qbuf,0,VIDEO_OUTPUT_MPLANE
13579.421692,v4l2_qbuf,2,VIDEO_CAPTURE_MPLANE
13579.424013,v4l2_dqbuf,2,VIDEO_CAPTURE_MPLANE
13579.424036,v4l2_dqbuf,0,VIDEO_OUTPUT_MPLANE
13579.454937,v4l2_qbuf,0,VIDEO_OUTPUT_MPLANE
13579.454969,v4l2_qbuf,1,VIDEO_CAPTURE_MPLANE
13579.458324,v4l2_dqbuf,1,VIDEO_CAPTURE_MPLANE
13579.458360,v4l2_dqbuf,0,VIDEO_OUTPUT_MPLANE
13579.458535,v4l2_qbuf,0,VIDEO_OUTPUT_MPLANE
13579.458558,v4l2_qbuf,0,VIDEO_CAPTURE_MPLANE
13579.461708,v4l2_dqbuf,0,VIDEO_CAPTURE_MPLANE
13579.461780,v4l2_dqbuf,0,VIDEO_OUTPUT_MPLANE
13579.465186,v4l2_qbuf,0,VIDEO_OUTPUT_MPLANE
13579.465207,v4l2_qbuf,5,VIDEO_CAPTURE_MPLANE
13579.469063,v4l2_dqbuf,5,VIDEO_CAPTURE_MPLANE
13579.469079,v4l2_dqbuf,0,VIDEO_OUTPUT_MPLANE
13579.482115,v4l2_qbuf,0,VIDEO_OUTPUT_MPLANE
13579.482174,v4l2_qbuf,4,VIDEO_CAPTURE_MPLANE
13579.484421,v4l2_dqbuf,4,VIDEO_CAPTURE_MPLANE
13579.484435,v4l2_dqbuf,0,VIDEO_OUTPUT_MPLANE
13579.515418,v4l2_qbuf,0,VIDEO_OUTPUT_MPLANE
13579.515449,v4l2_qbuf,0,VIDEO_CAPTURE_MPLANE
13579.518706,v4l2_dqbuf,0,VIDEO_CAPTURE_MPLANE
13579.518724,v4l2_dqbuf,0,VIDEO_OUTPUT_MPLANE
13579.518841,v4l2_qbuf,0,VIDEO_OUTPUT_MPLANE
13579.518854,v4l2_qbuf,3,VIDEO_CAPTURE_MPLANE
13579.521913,v4l2_dqbuf,3,VIDEO_CAPTURE_MPLANE
13579.521987,v4l2_dqbuf,0,VIDEO_OUTPUT_MPLANE
13579.532463,v4l2_qbuf,0,VIDEO_OUTPUT_MPLANE
13579.532494,v4l2_qbuf,1,VIDEO_CAPTURE_MPLANE
13579.535861,v4l2_dqbuf,1,VIDEO_CAPTURE_MPLANE
13579.535880,v4l2_dqbuf,0,VIDEO_OUTPUT_MPLANE
13579.548781,v4l2_qbuf,0,VIDEO_OUTPUT_MPLANE
13579.548800,v4l2_qbuf,5,VIDEO_CAPTURE_MPLANE
13579.552350,v4l2_dqbuf,5,VIDEO_CAPTURE_MPLANE
13579.552367,v4l2_dqbuf,0,VIDEO_OUTPUT_MPLANE
13579.582987,v4l2_qbuf,0,VIDEO_OUTPUT_MPLANE
13579.583019,v4l2_qbuf,3,VIDEO_CAPTURE_MPLANE
13579.586216,v4l2_dqbuf,3,VIDEO_CAPTURE_MPLANE
13579.586245,v4l2_dqbuf,0,VIDEO_OUTPUT_MPLANE
13579.586404,v4l2_qbuf,0,VIDEO_OUTPUT_MPLANE
13579.586422,v4l2_qbuf,2,VIDEO_CAPTURE_MPLANE
13579.589514,v4l2_dqbuf,2,VIDEO_CAPTURE_MPLANE
13579.589598,v4l2_dqbuf,0,VIDEO_OUTPUT_MPLANE
13579.595752,v4l2_qbuf,0,VIDEO_OUTPUT_MPLANE
13579.595770,v4l2_qbuf,0,VIDEO_CAPTURE_MPLANE
13579.599032,v4l2_dqbuf,0,VIDEO_CAPTURE_MPLANE
13579.599043,v4l2_dqbuf,0,VIDEO_OUTPUT_MPLANE
13579.600463,v4l2_qbuf,0,VIDEO_OUTPUT_MPLANE
13579.600477,v4l2_qbuf,1,VIDEO_CAPTURE_MPLANE
13579.602639,v4l2_dqbuf,1,VIDEO_CAPTURE_MPLANE
13579.602653,v4l2_dqbuf,0,VIDEO_OUTPUT_MPLANE
13579.654322,v4l2_qbuf,0,VIDEO_OUTPUT_MPLANE
13579.654340,v4l2_qbuf,2,VIDEO_CAPTURE_MPLANE
13579.657575,v4l2_dqbuf,2,VIDEO_CAPTURE_MPLANE
13579.657592,v4l2_dqbuf,0,VIDEO_OUTPUT_MPLANE
13579.657679,v4l2_qbuf,0,VIDEO_OUTPUT_MPLANE
13579.657689,v4l2_qbuf,4,VIDEO_CAPTURE_MPLANE
13579.660715,v4l2_dqbuf,4,VIDEO_CAPTURE_MPLANE
13579.660901,v4l2_dqbuf,0,VIDEO_OUTPUT_MPLANE
13579.669963,v4l2_qbuf,0,VIDEO_OUTPUT_MPLANE
13579.669991,v4l2_qbuf,3,VIDEO_CAPTURE_MPLANE
13579.673160,v4l2_dqbuf,3,VIDEO_CAPTURE_MPLANE
13579.673185,v4l2_dqbuf,0,VIDEO_OUTPUT_MPLANE
13579.686277,v4l2_qbuf,0,VIDEO_OUTPUT_MPLANE
13579.686306,v4l2_qbuf,0,VIDEO_CAPTURE_MPLANE
13579.688487,v4l2_dqbuf,0,VIDEO_CAPTURE_MPLANE
13579.688506,v4l2_dqbuf,0,VIDEO_OUTPUT_MPLANE
13579.719322,v4l2_qbuf,0,VIDEO_OUTPUT_MPLANE
13579.719338,v4l2_qbuf,4,VIDEO_CAPTURE_MPLANE
13579.722495,v4l2_dqbuf,4,VIDEO_CAPTURE_MPLANE
13579.722512,v4l2_dqbuf,0,VIDEO_OUTPUT_MPLANE
13579.722606,v4l2_qbuf,0,VIDEO_OUTPUT_MPLANE
13579.722617,v4l2_qbuf,5,VIDEO_CAPTURE_MPLANE
13579.728115,v4l2_dqbuf,5,VIDEO_CAPTURE_MPLANE
13579.728222,v4l2_dqbuf,0,VIDEO_OUTPUT_MPLANE
13579.735879,v4l2_qbuf,0,VIDEO_OUTPUT_MPLANE
13579.735895,v4l2_qbuf,2,VIDEO_CAPTURE_MPLANE
13579.739044,v4l2_dqbuf,2,VIDEO_CAPTURE_MPLANE
13579.739064,v4l2_dqbuf,0,VIDEO_OUTPUT_MPLANE
13579.753486,v4l2_qbuf,0,VIDEO_OUTPUT_MPLANE
13579.753519,v4l2_qbuf,3,VIDEO_CAPTURE_MPLANE
13579.755745,v4l2_dqbuf,3,VIDEO_CAPTURE_MPLANE
13579.755770,v4l2_dqbuf,0,VIDEO_OUTPUT_MPLANE
13579.786533,v4l2_qbuf,0,VIDEO_OUTPUT_MPLANE
13579.786563,v4l2_qbuf,5,VIDEO_CAPTURE_MPLANE
13579.789794,v4l2_dqbuf,5,VIDEO_CAPTURE_MPLANE
13579.789812,v4l2_dqbuf,0,VIDEO_OUTPUT_MPLANE
13579.789892,v4l2_qbuf,0,VIDEO_OUTPUT_MPLANE
13579.789904,v4l2_qbuf,1,VIDEO_CAPTURE_MPLANE
13579.793240,v4l2_dqbuf,1,VIDEO_CAPTURE_MPLANE
13579.793538,v4l2_dqbuf,0,VIDEO_OUTPUT_MPLANE
13579.802867,v4l2_qbuf,0,VIDEO_OUTPUT_MPLANE
13579.802884,v4l2_qbuf,4,VIDEO_CAPTURE_MPLANE
13579.804835,v4l2_dqbuf,4,VIDEO_CAPTURE_MPLANE
13579.804856,v4l2_dqbuf,0,VIDEO_OUTPUT_MPLANE
13579.819581,v4l2_qbuf,0,VIDEO_OUTPUT_MPLANE
13579.819617,v4l2_qbuf,2,VIDEO_CAPTURE_MPLANE
13579.821812,v4l2_dqbuf,2,VIDEO_CAPTURE_MPLANE
13579.821834,v4l2_dqbuf,0,VIDEO_OUTPUT_MPLANE
13579.836039,v4l2_qbuf,0,VIDEO_OUTPUT_MPLANE
13579.836066,v4l2_qbuf,0,VIDEO_CAPTURE_MPLANE
13579.839107,v4l2_dqbuf,0,VIDEO_CAPTURE_MPLANE
13579.839122,v4l2_dqbuf,0,VIDEO_OUTPUT_MPLANE
13579.852734,v4l2_qbuf,0,VIDEO_OUTPUT_MPLANE
13579.852762,v4l2_qbuf,5,VIDEO_CAPTURE_MPLANE
13579.857098,v4l2_dqbuf,5,VIDEO_CAPTURE_MPLANE
13579.857135,v4l2_dqbuf,0,VIDEO_OUTPUT_MPLANE
13579.869337,v4l2_qbuf,0,VIDEO_OUTPUT_MPLANE
13579.869359,v4l2_qbuf,1,VIDEO_CAPTURE_MPLANE
13579.872387,v4l2_dqbuf,1,VIDEO_CAPTURE_MPLANE
13579.872396,v4l2_dqbuf,0,VIDEO_OUTPUT_MPLANE
13579.886314,v4l2_qbuf,0,VIDEO_OUTPUT_MPLANE
13579.886342,v4l2_qbuf,3,VIDEO_CAPTURE_MPLANE
13579.889661,v4l2_dqbuf,3,VIDEO_CAPTURE_MPLANE
13579.889897,v4l2_dqbuf,0,VIDEO_OUTPUT_MPLANE
13579.902901,v4l2_qbuf,0,VIDEO_OUTPUT_MPLANE
13579.902915,v4l2_qbuf,4,VIDEO_CAPTURE_MPLANE
13579.905950,v4l2_dqbuf,4,VIDEO_CAPTURE_MPLANE
13579.905960,v4l2_dqbuf,0,VIDEO_OUTPUT_MPLANE
13579.919458,v4l2_qbuf,0,VIDEO_OUTPUT_MPLANE
13579.919501,v4l2_qbuf,0,VIDEO_CAPTURE_MPLANE
13579.921646,v4l2_dqbuf,0,VIDEO_CAPTURE_MPLANE
13579.921659,v4l2_dqbuf,0,VIDEO_OUTPUT_MPLANE
13579.952964,v4l2_qbuf,0,VIDEO_OUTPUT_MPLANE
13579.952982,v4l2_qbuf,3,VIDEO_CAPTURE_MPLANE
13579.956238,v4l2_dqbuf,3,VIDEO_CAPTURE_MPLANE
13579.956280,v4l2_dqbuf,0,VIDEO_OUTPUT_MPLANE
13579.956488,v4l2_qbuf,0,VIDEO_OUTPUT_MPLANE
13579.956516,v4l2_qbuf,2,VIDEO_CAPTURE_MPLANE
13579.959773,v4l2_dqbuf,2,VIDEO_CAPTURE_MPLANE
13579.959923,v4l2_dqbuf,0,VIDEO_OUTPUT_MPLANE
13579.969253,v4l2_qbuf,0,VIDEO_OUTPUT_MPLANE
13579.969271,v4l2_qbuf,1,VIDEO_CAPTURE_MPLANE
13579.972552,v4l2_dqbuf,1,VIDEO_CAPTURE_MPLANE
13579.972562,v4l2_dqbuf,0,VIDEO_OUTPUT_MPLANE
13579.985841,v4l2_qbuf,0,VIDEO_OUTPUT_MPLANE
13579.985864,v4l2_qbuf,4,VIDEO_CAPTURE_MPLANE
13579.988047,v4l2_dqbuf,4,VIDEO_CAPTURE_MPLANE
13579.988061,v4l2_dqbuf,0,VIDEO_OUTPUT_MPLANE
13580.019358,v4l2_qbuf,0,VIDEO_OUTPUT_MPLANE
13580.019377,v4l2_qbuf,2,VIDEO_CAPTURE_MPLANE
13580.022398,v4l2_dqbuf,2,VIDEO_CAPTURE_MPLANE
13580.022414,v4l2_dqbuf,0,VIDEO_OUTPUT_MPLANE
13580.022496,v4l2_qbuf,0,VIDEO_OUTPUT_MPLANE
13580.022508,v4l2_qbuf,5,VIDEO_CAPTURE_MPLANE
13580.025721,v4l2_dqbuf,5,VIDEO_CAPTURE_MPLANE
13580.025784,v4l2_dqbuf,0,VIDEO_OUTPUT_MPLANE
13580.036579,v4l2_qbuf,0,VIDEO_OUTPUT_MPLANE
13580.036606,v4l2_qbuf,3,VIDEO_CAPTURE_MPLANE
13580.039770,v4l2_dqbuf,3,VIDEO_CAPTURE_MPLANE
13580.039783,v4l2_dqbuf,0,VIDEO_OUTPUT_MPLANE
13580.053095,v4l2_qbuf,0,VIDEO_OUTPUT_MPLANE
13580.053120,v4l2_qbuf,1,VIDEO_CAPTURE_MPLANE
13580.055285,v4l2_dqbuf,1,VIDEO_CAPTURE_MPLANE
13580.055297,v4l2_dqbuf,0,VIDEO_OUTPUT_MPLANE
13580.085964,v4l2_qbuf,0,VIDEO_OUTPUT_MPLANE
13580.086014,v4l2_qbuf,5,VIDEO_CAPTURE_MPLANE
13580.089294,v4l2_dqbuf,5,VIDEO_CAPTURE_MPLANE
13580.089319,v4l2_dqbuf,0,VIDEO_OUTPUT_MPLANE
13580.089443,v4l2_qbuf,0,VIDEO_OUTPUT_MPLANE
13580.089460,v4l2_qbuf,0,VIDEO_CAPTURE_MPLANE
13580.092552,v4l2_dqbuf,0,VIDEO_CAPTURE_MPLANE
13580.092630,v4l2_dqbuf,0,VIDEO_OUTPUT_MPLANE
13580.102724,v4l2_qbuf,0,VIDEO_OUTPUT_MPLANE
13580.102743,v4l2_qbuf,2,VIDEO_CAPTURE_MPLANE
13580.105994,v4l2_dqbuf,2,VIDEO_CAPTURE_MPLANE
13580.106020,v4l2_dqbuf,0,VIDEO_OUTPUT_MPLANE
13580.119559,v4l2_qbuf,0,VIDEO_OUTPUT_MPLANE
13580.119577,v4l2_qbuf,3,VIDEO_CAPTURE_MPLANE
13580.121808,v4l2_dqbuf,3,VIDEO_CAPTURE_MPLANE
13580.121819,v4l2_dqbuf,0,VIDEO_OUTPUT_MPLANE
13580.153036,v4l2_qbuf,0,VIDEO_OUTPUT_MPLANE
13580.153057,v4l2_qbuf,0,VIDEO_CAPTURE_MPLANE
13580.156173,v4l2_dqbuf,0,VIDEO_CAPTURE_MPLANE
13580.156222,v4l2_dqbuf,0,VIDEO_OUTPUT_MPLANE
13580.156452,v4l2_qbuf,0,VIDEO_OUTPUT_MPLANE
13580.156483,v4l2_qbuf,4,VIDEO_CAPTURE_MPLANE
13580.159683,v4l2_dqbuf,4,VIDEO_CAPTURE_MPLANE
13580.159838,v4l2_dqbuf,0,VIDEO_OUTPUT_MPLANE
13580.169712,v4l2_qbuf,0,VIDEO_OUTPUT_MPLANE
13580.169808,v4l2_qbuf,5,VIDEO_CAPTURE_MPLANE
13580.173070,v4l2_dqbuf,5,VIDEO_CAPTURE_MPLANE
13580.173103,v4l2_dqbuf,0,VIDEO_OUTPUT_MPLANE
13580.188310,v4l2_qbuf,0,VIDEO_OUTPUT_MPLANE
13580.188341,v4l2_qbuf,2,VIDEO_CAPTURE_MPLANE
13580.190599,v4l2_dqbuf,2,VIDEO_CAPTURE_MPLANE
13580.190621,v4l2_dqbuf,0,VIDEO_OUTPUT_MPLANE
13580.222106,v4l2_qbuf,0,VIDEO_OUTPUT_MPLANE
13580.222148,v4l2_qbuf,4,VIDEO_CAPTURE_MPLANE
13580.225391,v4l2_dqbuf,4,VIDEO_CAPTURE_MPLANE
13580.225438,v4l2_dqbuf,0,VIDEO_OUTPUT_MPLANE
13580.225666,v4l2_qbuf,0,VIDEO_OUTPUT_MPLANE
13580.225700,v4l2_qbuf,1,VIDEO_CAPTURE_MPLANE
13580.228820,v4l2_dqbuf,1,VIDEO_CAPTURE_MPLANE
13580.228991,v4l2_dqbuf,0,VIDEO_OUTPUT_MPLANE
13580.238690,v4l2_qbuf,0,VIDEO_OUTPUT_MPLANE
13580.238711,v4l2_qbuf,0,VIDEO_CAPTURE_MPLANE
13580.241999,v4l2_dqbuf,0,VIDEO_CAPTURE_MPLANE
13580.242019,v4l2_dqbuf,0,VIDEO_OUTPUT_MPLANE
13580.254828,v4l2_qbuf,0,VIDEO_OUTPUT_MPLANE
13580.254855,v4l2_qbuf,5,VIDEO_CAPTURE_MPLANE
13580.257229,v4l2_dqbuf,5,VIDEO_CAPTURE_MPLANE
13580.257247,v4l2_dqbuf,0,VIDEO_OUTPUT_MPLANE
13580.288478,v4l2_qbuf,0,VIDEO_OUTPUT_MPLANE
13580.288522,v4l2_qbuf,1,VIDEO_CAPTURE_MPLANE
13580.291745,v4l2_dqbuf,1,VIDEO_CAPTURE_MPLANE
13580.291776,v4l2_dqbuf,0,VIDEO_OUTPUT_MPLANE
13580.291929,v4l2_qbuf,0,VIDEO_OUTPUT_MPLANE
13580.291949,v4l2_qbuf,3,VIDEO_CAPTURE_MPLANE
13580.296574,v4l2_dqbuf,3,VIDEO_CAPTURE_MPLANE
13580.296677,v4l2_dqbuf,0,VIDEO_OUTPUT_MPLANE
13580.305129,v4l2_qbuf,0,VIDEO_OUTPUT_MPLANE
13580.305158,v4l2_qbuf,4,VIDEO_CAPTURE_MPLANE
13580.308424,v4l2_dqbuf,4,VIDEO_CAPTURE_MPLANE
13580.308454,v4l2_dqbuf,0,VIDEO_OUTPUT_MPLANE
13580.321636,v4l2_qbuf,0,VIDEO_OUTPUT_MPLANE
13580.321663,v4l2_qbuf,0,VIDEO_CAPTURE_MPLANE
13580.323864,v4l2_dqbuf,0,VIDEO_CAPTURE_MPLANE
13580.323885,v4l2_dqbuf,0,VIDEO_OUTPUT_MPLANE
13580.355198,v4l2_qbuf,0,VIDEO_OUTPUT_MPLANE
13580.355239,v4l2_qbuf,3,VIDEO_CAPTURE_MPLANE
13580.358426,v4l2_dqbuf,3,VIDEO_CAPTURE_MPLANE
13580.358465,v4l2_dqbuf,0,VIDEO_OUTPUT_MPLANE
13580.358648,v4l2_qbuf,0,VIDEO_OUTPUT_MPLANE
13580.358678,v4l2_qbuf,2,VIDEO_CAPTURE_MPLANE
13580.361731,v4l2_dqbuf,2,VIDEO_CAPTURE_MPLANE
13580.361743,v4l2_dqbuf,0,VIDEO_OUTPUT_MPLANE
13580.371601,v4l2_qbuf,0,VIDEO_OUTPUT_MPLANE
13580.371635,v4l2_qbuf,1,VIDEO_CAPTURE_MPLANE
13580.373785,v4l2_dqbuf,1,VIDEO_CAPTURE_MPLANE
13580.373799,v4l2_dqbuf,0,VIDEO_OUTPUT_MPLANE
13580.388629,v4l2_qbuf,0,VIDEO_OUTPUT_MPLANE
13580.388715,v4l2_qbuf,4,VIDEO_CAPTURE_MPLANE
13580.391915,v4l2_dqbuf,4,VIDEO_CAPTURE_MPLANE
13580.391929,v4l2_dqbuf,0,VIDEO_OUTPUT_MPLANE
13580.404812,v4l2_qbuf,0,VIDEO_OUTPUT_MPLANE
13580.404830,v4l2_qbuf,5,VIDEO_CAPTURE_MPLANE
13580.407921,v4l2_dqbuf,5,VIDEO_CAPTURE_MPLANE
13580.407990,v4l2_dqbuf,0,VIDEO_OUTPUT_MPLANE
13580.421797,v4l2_qbuf,0,VIDEO_OUTPUT_MPLANE
13580.421817,v4l2_qbuf,3,VIDEO_CAPTURE_MPLANE
13580.424985,v4l2_dqbuf,3,VIDEO_CAPTURE_MPLANE
13580.425014,v4l2_dqbuf,0,VIDEO_OUTPUT_MPLANE
13580.438538,v4l2_qbuf,0,VIDEO_OUTPUT_MPLANE
13580.438576,v4l2_qbuf,2,VIDEO_CAPTURE_MPLANE
13580.440929,v4l2_dqbuf,2,VIDEO_CAPTURE_MPLANE
13580.440945,v4l2_dqbuf,0,VIDEO_OUTPUT_MPLANE
13580.471715,v4l2_qbuf,0,VIDEO_OUTPUT_MPLANE
13580.471746,v4l2_qbuf,5,VIDEO_CAPTURE_MPLANE
13580.474968,v4l2_dqbuf,5,VIDEO_CAPTURE_MPLANE
13580.474998,v4l2_dqbuf,0,VIDEO_OUTPUT_MPLANE
13580.475153,v4l2_qbuf,0,VIDEO_OUTPUT_MPLANE
13580.475173,v4l2_qbuf,0,VIDEO_CAPTURE_MPLANE
13580.480107,v4l2_dqbuf,0,VIDEO_CAPTURE_MPLANE
13580.480340,v4l2_dqbuf,0,VIDEO_OUTPUT_MPLANE
13580.488175,v4l2_qbuf,0,VIDEO_OUTPUT_MPLANE
13580.488193,v4l2_qbuf,4,VIDEO_CAPTURE_MPLANE
13580.491430,v4l2_dqbuf,4,VIDEO_CAPTURE_MPLANE
13580.491449,v4l2_dqbuf,0,VIDEO_OUTPUT_MPLANE
13580.516297,v4l2_qbuf,0,VIDEO_OUTPUT_MPLANE
13580.516317,v4l2_qbuf,3,VIDEO_CAPTURE_MPLANE
13580.519077,v4l2_dqbuf,3,VIDEO_CAPTURE_MPLANE
13580.519106,v4l2_dqbuf,0,VIDEO_OUTPUT_MPLANE
13580.554990,v4l2_qbuf,0,VIDEO_OUTPUT_MPLANE
13580.555037,v4l2_qbuf,0,VIDEO_CAPTURE_MPLANE
13580.558284,v4l2_dqbuf,0,VIDEO_CAPTURE_MPLANE
13580.558325,v4l2_dqbuf,0,VIDEO_OUTPUT_MPLANE
13580.558504,v4l2_qbuf,0,VIDEO_OUTPUT_MPLANE
13580.558527,v4l2_qbuf,1,VIDEO_CAPTURE_MPLANE
13580.558742,v4l2_qbuf,1,VIDEO_OUTPUT_MPLANE
13580.558753,v4l2_qbuf,5,VIDEO_CAPTURE_MPLANE
13580.561743,v4l2_dqbuf,1,VIDEO_CAPTURE_MPLANE
13580.561859,v4l2_dqbuf,0,VIDEO_OUTPUT_MPLANE
13580.565223,v4l2_dqbuf,5,VIDEO_CAPTURE_MPLANE
13580.565238,v4l2_dqbuf,1,VIDEO_OUTPUT_MPLANE
13580.571867,v4l2_qbuf,0,VIDEO_OUTPUT_MPLANE
13580.571893,v4l2_qbuf,4,VIDEO_CAPTURE_MPLANE
13580.574134,v4l2_dqbuf,4,VIDEO_CAPTURE_MPLANE
13580.574170,v4l2_dqbuf,0,VIDEO_OUTPUT_MPLANE
13580.588358,v4l2_qbuf,0,VIDEO_OUTPUT_MPLANE
13580.588388,v4l2_qbuf,2,VIDEO_CAPTURE_MPLANE
13580.591586,v4l2_dqbuf,2,VIDEO_CAPTURE_MPLANE
13580.591605,v4l2_dqbuf,0,VIDEO_OUTPUT_MPLANE
13580.605079,v4l2_qbuf,0,VIDEO_OUTPUT_MPLANE
13580.605105,v4l2_qbuf,1,VIDEO_CAPTURE_MPLANE
13580.607259,v4l2_dqbuf,1,VIDEO_CAPTURE_MPLANE
13580.607278,v4l2_dqbuf,0,VIDEO_OUTPUT_MPLANE
13580.638203,v4l2_qbuf,0,VIDEO_OUTPUT_MPLANE
13580.638217,v4l2_qbuf,5,VIDEO_CAPTURE_MPLANE
13580.641306,v4l2_dqbuf,5,VIDEO_CAPTURE_MPLANE
13580.641323,v4l2_dqbuf,0,VIDEO_OUTPUT_MPLANE
13580.641413,v4l2_qbuf,0,VIDEO_OUTPUT_MPLANE
13580.641424,v4l2_qbuf,0,VIDEO_CAPTURE_MPLANE
13580.644492,v4l2_dqbuf,0,VIDEO_CAPTURE_MPLANE
13580.644617,v4l2_dqbuf,0,VIDEO_OUTPUT_MPLANE
13580.654906,v4l2_qbuf,0,VIDEO_OUTPUT_MPLANE
13580.654922,v4l2_qbuf,3,VIDEO_CAPTURE_MPLANE
13580.658026,v4l2_dqbuf,3,VIDEO_CAPTURE_MPLANE
13580.658064,v4l2_dqbuf,0,VIDEO_OUTPUT_MPLANE
13580.671506,v4l2_qbuf,0,VIDEO_OUTPUT_MPLANE
13580.671526,v4l2_qbuf,2,VIDEO_CAPTURE_MPLANE
13580.673686,v4l2_dqbuf,2,VIDEO_CAPTURE_MPLANE
13580.673696,v4l2_dqbuf,0,VIDEO_OUTPUT_MPLANE
13580.705076,v4l2_qbuf,0,VIDEO_OUTPUT_MPLANE
13580.705096,v4l2_qbuf,0,VIDEO_CAPTURE_MPLANE
13580.708230,v4l2_dqbuf,0,VIDEO_CAPTURE_MPLANE
13580.708253,v4l2_dqbuf,0,VIDEO_OUTPUT_MPLANE
13580.708376,v4l2_qbuf,0,VIDEO_OUTPUT_MPLANE
13580.708392,v4l2_qbuf,4,VIDEO_CAPTURE_MPLANE
13580.711382,v4l2_dqbuf,4,VIDEO_CAPTURE_MPLANE
13580.711391,v4l2_dqbuf,0,VIDEO_OUTPUT_MPLANE
13580.728817,v4l2_qbuf,0,VIDEO_OUTPUT_MPLANE
13580.728838,v4l2_qbuf,5,VIDEO_CAPTURE_MPLANE
13580.731131,v4l2_dqbuf,5,VIDEO_CAPTURE_MPLANE
13580.731147,v4l2_dqbuf,0,VIDEO_OUTPUT_MPLANE
13580.738144,v4l2_qbuf,0,VIDEO_OUTPUT_MPLANE
13580.738164,v4l2_qbuf,3,VIDEO_CAPTURE_MPLANE
13580.741224,v4l2_dqbuf,3,VIDEO_CAPTURE_MPLANE
13580.741240,v4l2_dqbuf,0,VIDEO_OUTPUT_MPLANE
13580.755035,v4l2_qbuf,0,VIDEO_OUTPUT_MPLANE
13580.755057,v4l2_qbuf,1,VIDEO_CAPTURE_MPLANE
13580.758335,v4l2_dqbuf,1,VIDEO_CAPTURE_MPLANE
13580.758430,v4l2_dqbuf,0,VIDEO_OUTPUT_MPLANE
13580.771669,v4l2_qbuf,0,VIDEO_OUTPUT_MPLANE
13580.771686,v4l2_qbuf,0,VIDEO_CAPTURE_MPLANE
13580.774942,v4l2_dqbuf,0,VIDEO_CAPTURE_MPLANE
13580.774953,v4l2_dqbuf,0,VIDEO_OUTPUT_MPLANE
13580.788442,v4l2_qbuf,0,VIDEO_OUTPUT_MPLANE
13580.788477,v4l2_qbuf,4,VIDEO_CAPTURE_MPLANE
13580.790608,v4l2_dqbuf,4,VIDEO_CAPTURE_MPLANE
13580.790661,v4l2_dqbuf,0,VIDEO_OUTPUT_MPLANE
13580.805378,v4l2_qbuf,0,VIDEO_OUTPUT_MPLANE
13580.805393,v4l2_qbuf,2,VIDEO_CAPTURE_MPLANE
13580.807421,v4l2_dqbuf,2,VIDEO_CAPTURE_MPLANE
13580.807449,v4l2_dqbuf,0,VIDEO_OUTPUT_MPLANE
13580.822139,v4l2_qbuf,0,VIDEO_OUTPUT_MPLANE
13580.822181,v4l2_qbuf,1,VIDEO_CAPTURE_MPLANE
13580.824390,v4l2_dqbuf,1,VIDEO_CAPTURE_MPLANE
13580.824411,v4l2_dqbuf,0,VIDEO_OUTPUT_MPLANE
13580.838351,v4l2_qbuf,0,VIDEO_OUTPUT_MPLANE
13580.838426,v4l2_qbuf,3,VIDEO_CAPTURE_MPLANE
13580.841792,v4l2_dqbuf,3,VIDEO_CAPTURE_MPLANE
13580.841807,v4l2_dqbuf,0,VIDEO_OUTPUT_MPLANE
13580.855595,v4l2_qbuf,0,VIDEO_OUTPUT_MPLANE
13580.855733,v4l2_qbuf,0,VIDEO_CAPTURE_MPLANE
13580.859165,v4l2_dqbuf,0,VIDEO_CAPTURE_MPLANE
13580.859180,v4l2_dqbuf,0,VIDEO_OUTPUT_MPLANE
13580.871915,v4l2_qbuf,0,VIDEO_OUTPUT_MPLANE
13580.871934,v4l2_qbuf,5,VIDEO_CAPTURE_MPLANE
13580.874188,v4l2_dqbuf,5,VIDEO_CAPTURE_MPLANE
13580.874203,v4l2_dqbuf,0,VIDEO_OUTPUT_MPLANE
13580.888476,v4l2_qbuf,0,VIDEO_OUTPUT_MPLANE
13580.888501,v4l2_qbuf,4,VIDEO_CAPTURE_MPLANE
13580.891711,v4l2_dqbuf,4,VIDEO_CAPTURE_MPLANE
13580.891735,v4l2_dqbuf,0,VIDEO_OUTPUT_MPLANE
13580.904783,v4l2_qbuf,0,VIDEO_OUTPUT_MPLANE
13580.904812,v4l2_qbuf,2,VIDEO_CAPTURE_MPLANE
13580.908151,v4l2_dqbuf,2,VIDEO_CAPTURE_MPLANE
13580.908167,v4l2_dqbuf,0,VIDEO_OUTPUT_MPLANE
13580.921760,v4l2_qbuf,0,VIDEO_OUTPUT_MPLANE
13580.921780,v4l2_qbuf,3,VIDEO_CAPTURE_MPLANE
13580.924941,v4l2_dqbuf,3,VIDEO_CAPTURE_MPLANE
13580.924959,v4l2_dqbuf,0,VIDEO_OUTPUT_MPLANE
13580.938391,v4l2_qbuf,0,VIDEO_OUTPUT_MPLANE
13580.938410,v4l2_qbuf,0,VIDEO_CAPTURE_MPLANE
13580.941734,v4l2_dqbuf,0,VIDEO_CAPTURE_MPLANE
13580.941751,v4l2_dqbuf,0,VIDEO_OUTPUT_MPLANE
13580.955210,v4l2_qbuf,0,VIDEO_OUTPUT_MPLANE
13580.955232,v4l2_qbuf,1,VIDEO_CAPTURE_MPLANE
13580.958453,v4l2_dqbuf,1,VIDEO_CAPTURE_MPLANE
13580.958467,v4l2_dqbuf,0,VIDEO_OUTPUT_MPLANE
13580.971363,v4l2_qbuf,0,VIDEO_OUTPUT_MPLANE
13580.971382,v4l2_qbuf,4,VIDEO_CAPTURE_MPLANE
13580.973468,v4l2_dqbuf,4,VIDEO_CAPTURE_MPLANE
13580.973484,v4l2_dqbuf,0,VIDEO_OUTPUT_MPLANE
13580.988539,v4l2_qbuf,0,VIDEO_OUTPUT_MPLANE
13580.988569,v4l2_qbuf,2,VIDEO_CAPTURE_MPLANE
13580.991837,v4l2_dqbuf,2,VIDEO_CAPTURE_MPLANE
13580.991871,v4l2_dqbuf,0,VIDEO_OUTPUT_MPLANE
13581.004984,v4l2_qbuf,0,VIDEO_OUTPUT_MPLANE
13581.004999,v4l2_qbuf,5,VIDEO_CAPTURE_MPLANE
13581.008134,v4l2_dqbuf,5,VIDEO_CAPTURE_MPLANE
13581.008204,v4l2_dqbuf,0,VIDEO_OUTPUT_MPLANE
13581.021726,v4l2_qbuf,0,VIDEO_OUTPUT_MPLANE
13581.021744,v4l2_qbuf,0,VIDEO_CAPTURE_MPLANE
13581.024981,v4l2_dqbuf,0,VIDEO_CAPTURE_MPLANE
13581.024997,v4l2_dqbuf,0,VIDEO_OUTPUT_MPLANE
13581.038585,v4l2_qbuf,0,VIDEO_OUTPUT_MPLANE
13581.038606,v4l2_qbuf,1,VIDEO_CAPTURE_MPLANE
13581.041026,v4l2_dqbuf,1,VIDEO_CAPTURE_MPLANE
13581.041061,v4l2_dqbuf,0,VIDEO_OUTPUT_MPLANE
13581.071789,v4l2_qbuf,0,VIDEO_OUTPUT_MPLANE
13581.071811,v4l2_qbuf,5,VIDEO_CAPTURE_MPLANE
13581.074999,v4l2_dqbuf,5,VIDEO_CAPTURE_MPLANE
13581.075033,v4l2_dqbuf,0,VIDEO_OUTPUT_MPLANE
13581.075157,v4l2_qbuf,0,VIDEO_OUTPUT_MPLANE
13581.075174,v4l2_qbuf,3,VIDEO_CAPTURE_MPLANE
13581.078360,v4l2_dqbuf,3,VIDEO_CAPTURE_MPLANE
13581.078443,v4l2_dqbuf,0,VIDEO_OUTPUT_MPLANE
13581.088372,v4l2_qbuf,0,VIDEO_OUTPUT_MPLANE
13581.088394,v4l2_qbuf,2,VIDEO_CAPTURE_MPLANE
13581.091596,v4l2_dqbuf,2,VIDEO_CAPTURE_MPLANE
13581.091608,v4l2_dqbuf,0,VIDEO_OUTPUT_MPLANE
13581.104981,v4l2_qbuf,0,VIDEO_OUTPUT_MPLANE
13581.105020,v4l2_qbuf,0,VIDEO_CAPTURE_MPLANE
13581.107176,v4l2_dqbuf,0,VIDEO_CAPTURE_MPLANE
13581.107190,v4l2_dqbuf,0,VIDEO_OUTPUT_MPLANE
13581.138613,v4l2_qbuf,0,VIDEO_OUTPUT_MPLANE
13581.138742,v4l2_qbuf,3,VIDEO_CAPTURE_MPLANE
13581.142041,v4l2_dqbuf,3,VIDEO_CAPTURE_MPLANE
13581.142083,v4l2_dqbuf,0,VIDEO_OUTPUT_MPLANE
13581.142335,v4l2_qbuf,0,VIDEO_OUTPUT_MPLANE
13581.142371,v4l2_qbuf,4,VIDEO_CAPTURE_MPLANE
13581.145527,v4l2_dqbuf,4,VIDEO_CAPTURE_MPLANE
13581.145703,v4l2_dqbuf,0,VIDEO_OUTPUT_MPLANE
13581.156556,v4l2_qbuf,0,VIDEO_OUTPUT_MPLANE
13581.156577,v4l2_qbuf,5,VIDEO_CAPTURE_MPLANE
13581.159769,v4l2_dqbuf,5,VIDEO_CAPTURE_MPLANE
13581.159783,v4l2_dqbuf,0,VIDEO_OUTPUT_MPLANE
13581.172026,v4l2_qbuf,0,VIDEO_OUTPUT_MPLANE
13581.172072,v4l2_qbuf,2,VIDEO_CAPTURE_MPLANE
13581.174441,v4l2_dqbuf,2,VIDEO_CAPTURE_MPLANE
13581.174455,v4l2_dqbuf,0,VIDEO_OUTPUT_MPLANE
13581.208556,v4l2_qbuf,0,VIDEO_OUTPUT_MPLANE
13581.208593,v4l2_qbuf,4,VIDEO_CAPTURE_MPLANE
13581.214078,v4l2_dqbuf,4,VIDEO_CAPTURE_MPLANE
13581.214106,v4l2_dqbuf,0,VIDEO_OUTPUT_MPLANE
13581.214233,v4l2_qbuf,0,VIDEO_OUTPUT_MPLANE
13581.214253,v4l2_qbuf,1,VIDEO_CAPTURE_MPLANE
13581.217395,v4l2_dqbuf,1,VIDEO_CAPTURE_MPLANE
13581.217498,v4l2_dqbuf,0,VIDEO_OUTPUT_MPLANE
13581.230607,v4l2_qbuf,0,VIDEO_OUTPUT_MPLANE
13581.230639,v4l2_qbuf,3,VIDEO_CAPTURE_MPLANE
13581.233829,v4l2_dqbuf,3,VIDEO_CAPTURE_MPLANE
13581.233855,v4l2_dqbuf,0,VIDEO_OUTPUT_MPLANE
13581.241466,v4l2_qbuf,0,VIDEO_OUTPUT_MPLANE
13581.241498,v4l2_qbuf,5,VIDEO_CAPTURE_MPLANE
13581.243729,v4l2_dqbuf,5,VIDEO_CAPTURE_MPLANE
13581.243741,v4l2_dqbuf,0,VIDEO_OUTPUT_MPLANE
13581.275454,v4l2_qbuf,0,VIDEO_OUTPUT_MPLANE
13581.275492,v4l2_qbuf,1,VIDEO_CAPTURE_MPLANE
13581.278856,v4l2_dqbuf,1,VIDEO_CAPTURE_MPLANE
13581.278897,v4l2_dqbuf,0,VIDEO_OUTPUT_MPLANE
13581.279107,v4l2_qbuf,0,VIDEO_OUTPUT_MPLANE
13581.279142,v4l2_qbuf,0,VIDEO_CAPTURE_MPLANE
13581.284729,v4l2_dqbuf,0,VIDEO_CAPTURE_MPLANE
13581.284848,v4l2_dqbuf,0,VIDEO_OUTPUT_MPLANE
13581.291799,v4l2_qbuf,0,VIDEO_OUTPUT_MPLANE
13581.291845,v4l2_qbuf,4,VIDEO_CAPTURE_MPLANE
13581.295126,v4l2_dqbuf,4,VIDEO_CAPTURE_MPLANE
13581.295168,v4l2_dqbuf,0,VIDEO_OUTPUT_MPLANE
13581.308555,v4l2_qbuf,0,VIDEO_OUTPUT_MPLANE
13581.308594,v4l2_qbuf,3,VIDEO_CAPTURE_MPLANE
13581.310980,v4l2_dqbuf,3,VIDEO_CAPTURE_MPLANE
13581.311051,v4l2_dqbuf,0,VIDEO_OUTPUT_MPLANE
13581.342117,v4l2_qbuf,0,VIDEO_OUTPUT_MPLANE
13581.342143,v4l2_qbuf,0,VIDEO_CAPTURE_MPLANE
13581.346197,v4l2_dqbuf,0,VIDEO_CAPTURE_MPLANE
13581.346224,v4l2_dqbuf,0,VIDEO_OUTPUT_MPLANE
13581.346346,v4l2_qbuf,0,VIDEO_OUTPUT_MPLANE
13581.346410,v4l2_qbuf,2,VIDEO_CAPTURE_MPLANE
13581.349670,v4l2_dqbuf,2,VIDEO_CAPTURE_MPLANE
13581.349776,v4l2_dqbuf,0,VIDEO_OUTPUT_MPLANE
13581.362856,v4l2_qbuf,0,VIDEO_OUTPUT_MPLANE
13581.362883,v4l2_qbuf,1,VIDEO_CAPTURE_MPLANE
13581.366128,v4l2_dqbuf,1,VIDEO_CAPTURE_MPLANE
13581.366146,v4l2_dqbuf,0,VIDEO_OUTPUT_MPLANE
13581.374691,v4l2_qbuf,0,VIDEO_OUTPUT_MPLANE
13581.374721,v4l2_qbuf,4,VIDEO_CAPTURE_MPLANE
13581.376954,v4l2_dqbuf,4,VIDEO_CAPTURE_MPLANE
13581.377053,v4l2_dqbuf,0,VIDEO_OUTPUT_MPLANE
13581.425335,v4l2_qbuf,0,VIDEO_OUTPUT_MPLANE
13581.425387,v4l2_qbuf,2,VIDEO_CAPTURE_MPLANE
13581.428657,v4l2_dqbuf,2,VIDEO_CAPTURE_MPLANE
13581.428682,v4l2_dqbuf,0,VIDEO_OUTPUT_MPLANE
13581.428812,v4l2_qbuf,0,VIDEO_OUTPUT_MPLANE
13581.428849,v4l2_qbuf,5,VIDEO_CAPTURE_MPLANE
13581.432066,v4l2_dqbuf,5,VIDEO_CAPTURE_MPLANE
13581.432164,v4l2_dqbuf,0,VIDEO_OUTPUT_MPLANE
13581.445477,v4l2_qbuf,0,VIDEO_OUTPUT_MPLANE
13581.445498,v4l2_qbuf,0,VIDEO_CAPTURE_MPLANE
13581.448771,v4l2_dqbuf,0,VIDEO_CAPTURE_MPLANE
13581.448790,v4l2_dqbuf,0,VIDEO_OUTPUT_MPLANE
13581.458634,v4l2_qbuf,0,VIDEO_OUTPUT_MPLANE
13581.458674,v4l2_qbuf,1,VIDEO_CAPTURE_MPLANE
13581.460902,v4l2_dqbuf,1,VIDEO_CAPTURE_MPLANE
13581.460934,v4l2_dqbuf,0,VIDEO_OUTPUT_MPLANE
13581.491988,v4l2_qbuf,0,VIDEO_OUTPUT_MPLANE
13581.492056,v4l2_qbuf,5,VIDEO_CAPTURE_MPLANE
13581.495357,v4l2_dqbuf,5,VIDEO_CAPTURE_MPLANE
13581.495395,v4l2_dqbuf,0,VIDEO_OUTPUT_MPLANE
13581.495562,v4l2_qbuf,0,VIDEO_OUTPUT_MPLANE
13581.495585,v4l2_qbuf,3,VIDEO_CAPTURE_MPLANE
13581.499031,v4l2_dqbuf,3,VIDEO_CAPTURE_MPLANE
13581.499275,v4l2_dqbuf,0,VIDEO_OUTPUT_MPLANE
13581.514705,v4l2_qbuf,0,VIDEO_OUTPUT_MPLANE
13581.514734,v4l2_qbuf,2,VIDEO_CAPTURE_MPLANE
13581.517977,v4l2_dqbuf,2,VIDEO_CAPTURE_MPLANE
13581.517992,v4l2_dqbuf,0,VIDEO_OUTPUT_MPLANE
13581.525584,v4l2_qbuf,0,VIDEO_OUTPUT_MPLANE
13581.525621,v4l2_qbuf,0,VIDEO_CAPTURE_MPLANE
13581.527809,v4l2_dqbuf,0,VIDEO_CAPTURE_MPLANE
13581.527824,v4l2_dqbuf,0,VIDEO_OUTPUT_MPLANE
13581.558554,v4l2_qbuf,0,VIDEO_OUTPUT_MPLANE
13581.558593,v4l2_qbuf,3,VIDEO_CAPTURE_MPLANE
13581.561897,v4l2_dqbuf,3,VIDEO_CAPTURE_MPLANE
13581.561940,v4l2_dqbuf,0,VIDEO_OUTPUT_MPLANE
13581.562192,v4l2_qbuf,0,VIDEO_OUTPUT_MPLANE
13581.562227,v4l2_qbuf,4,VIDEO_CAPTURE_MPLANE
13581.565446,v4l2_dqbuf,4,VIDEO_CAPTURE_MPLANE
13581.565561,v4l2_dqbuf,0,VIDEO_OUTPUT_MPLANE
13581.580205,v4l2_qbuf,0,VIDEO_OUTPUT_MPLANE
13581.580234,v4l2_qbuf,5,VIDEO_CAPTURE_MPLANE
13581.584769,v4l2_dqbuf,5,VIDEO_CAPTURE_MPLANE
13581.584787,v4l2_dqbuf,0,VIDEO_OUTPUT_MPLANE
13581.591421,v4l2_qbuf,0,VIDEO_OUTPUT_MPLANE
13581.591442,v4l2_qbuf,2,VIDEO_CAPTURE_MPLANE
13581.593609,v4l2_dqbuf,2,VIDEO_CAPTURE_MPLANE
13581.593636,v4l2_dqbuf,0,VIDEO_OUTPUT_MPLANE
13581.625076,v4l2_qbuf,0,VIDEO_OUTPUT_MPLANE
13581.625103,v4l2_qbuf,4,VIDEO_CAPTURE_MPLANE
13581.628365,v4l2_dqbuf,4,VIDEO_CAPTURE_MPLANE
13581.628392,v4l2_dqbuf,0,VIDEO_OUTPUT_MPLANE
13581.628521,v4l2_qbuf,0,VIDEO_OUTPUT_MPLANE
13581.630157,v4l2_qbuf,1,VIDEO_CAPTURE_MPLANE
13581.633344,v4l2_dqbuf,1,VIDEO_CAPTURE_MPLANE
13581.633452,v4l2_dqbuf,0,VIDEO_OUTPUT_MPLANE
13581.641912,v4l2_qbuf,0,VIDEO_OUTPUT_MPLANE
13581.641932,v4l2_qbuf,3,VIDEO_CAPTURE_MPLANE
13581.645312,v4l2_dqbuf,3,VIDEO_CAPTURE_MPLANE
13581.645331,v4l2_dqbuf,0,VIDEO_OUTPUT_MPLANE
13581.657970,v4l2_qbuf,0,VIDEO_OUTPUT_MPLANE
13581.657996,v4l2_qbuf,5,VIDEO_CAPTURE_MPLANE
13581.660135,v4l2_dqbuf,5,VIDEO_CAPTURE_MPLANE
13581.660158,v4l2_dqbuf,0,VIDEO_OUTPUT_MPLANE
13581.691598,v4l2_qbuf,0,VIDEO_OUTPUT_MPLANE
13581.691630,v4l2_qbuf,1,VIDEO_CAPTURE_MPLANE
13581.694800,v4l2_dqbuf,1,VIDEO_CAPTURE_MPLANE
13581.694821,v4l2_dqbuf,0,VIDEO_OUTPUT_MPLANE
13581.694923,v4l2_qbuf,0,VIDEO_OUTPUT_MPLANE
13581.694935,v4l2_qbuf,0,VIDEO_CAPTURE_MPLANE
13581.698061,v4l2_dqbuf,0,VIDEO_CAPTURE_MPLANE
13581.698135,v4l2_dqbuf,0,VIDEO_OUTPUT_MPLANE
13581.702642,v4l2_qbuf,0,VIDEO_OUTPUT_MPLANE
13581.702661,v4l2_qbuf,4,VIDEO_CAPTURE_MPLANE
13581.705724,v4l2_dqbuf,4,VIDEO_CAPTURE_MPLANE
13581.705747,v4l2_dqbuf,0,VIDEO_OUTPUT_MPLANE
13581.719186,v4l2_qbuf,0,VIDEO_OUTPUT_MPLANE
13581.719206,v4l2_qbuf,3,VIDEO_CAPTURE_MPLANE
13581.721337,v4l2_dqbuf,3,VIDEO_CAPTURE_MPLANE
13581.721352,v4l2_dqbuf,0,VIDEO_OUTPUT_MPLANE
13581.752721,v4l2_qbuf,0,VIDEO_OUTPUT_MPLANE
13581.752735,v4l2_qbuf,0,VIDEO_CAPTURE_MPLANE
13581.755898,v4l2_dqbuf,0,VIDEO_CAPTURE_MPLANE
13581.755918,v4l2_dqbuf,0,VIDEO_OUTPUT_MPLANE
13581.756053,v4l2_qbuf,0,VIDEO_OUTPUT_MPLANE
13581.756067,v4l2_qbuf,2,VIDEO_CAPTURE_MPLANE
13581.759200,v4l2_dqbuf,2,VIDEO_CAPTURE_MPLANE
13581.759278,v4l2_dqbuf,0,VIDEO_OUTPUT_MPLANE
13581.772094,v4l2_qbuf,0,VIDEO_OUTPUT_MPLANE
13581.772113,v4l2_qbuf,1,VIDEO_CAPTURE_MPLANE
13581.775286,v4l2_dqbuf,1,VIDEO_CAPTURE_MPLANE
13581.775299,v4l2_dqbuf,0,VIDEO_OUTPUT_MPLANE
13581.788778,v4l2_qbuf,0,VIDEO_OUTPUT_MPLANE
13581.788794,v4l2_qbuf,4,VIDEO_CAPTURE_MPLANE
13581.790869,v4l2_dqbuf,4,VIDEO_CAPTURE_MPLANE
13581.790894,v4l2_dqbuf,0,VIDEO_OUTPUT_MPLANE
13581.805554,v4l2_qbuf,0,VIDEO_OUTPUT_MPLANE
13581.805571,v4l2_qbuf,5,VIDEO_CAPTURE_MPLANE
13581.808812,v4l2_dqbuf,5,VIDEO_CAPTURE_MPLANE
13581.808910,v4l2_dqbuf,0,VIDEO_OUTPUT_MPLANE
13581.822431,v4l2_qbuf,0,VIDEO_OUTPUT_MPLANE
13581.822450,v4l2_qbuf,2,VIDEO_CAPTURE_MPLANE
13581.824298,v4l2_dqbuf,2,VIDEO_CAPTURE_MPLANE
13581.824311,v4l2_dqbuf,0,VIDEO_OUTPUT_MPLANE
13581.839282,v4l2_qbuf,0,VIDEO_OUTPUT_MPLANE
13581.839302,v4l2_qbuf,0,VIDEO_CAPTURE_MPLANE
13581.841401,v4l2_dqbuf,0,VIDEO_CAPTURE_MPLANE
13581.841412,v4l2_dqbuf,0,VIDEO_OUTPUT_MPLANE
13581.855937,v4l2_qbuf,0,VIDEO_OUTPUT_MPLANE
13581.855958,v4l2_qbuf,1,VIDEO_CAPTURE_MPLANE
13581.859173,v4l2_dqbuf,1,VIDEO_CAPTURE_MPLANE
13581.859187,v4l2_dqbuf,0,VIDEO_OUTPUT_MPLANE
13581.872892,v4l2_qbuf,0,VIDEO_OUTPUT_MPLANE
13581.872915,v4l2_qbuf,3,VIDEO_CAPTURE_MPLANE
13581.876196,v4l2_dqbuf,3,VIDEO_CAPTURE_MPLANE
13581.876287,v4l2_dqbuf,0,VIDEO_OUTPUT_MPLANE
13581.889324,v4l2_qbuf,0,VIDEO_OUTPUT_MPLANE
13581.889359,v4l2_qbuf,5,VIDEO_CAPTURE_MPLANE
13581.892816,v4l2_dqbuf,5,VIDEO_CAPTURE_MPLANE
13581.892830,v4l2_dqbuf,0,VIDEO_OUTPUT_MPLANE
13581.905822,v4l2_qbuf,0,VIDEO_OUTPUT_MPLANE
13581.905867,v4l2_qbuf,4,VIDEO_CAPTURE_MPLANE
13581.908239,v4l2_dqbuf,4,VIDEO_CAPTURE_MPLANE
13581.908252,v4l2_dqbuf,0,VIDEO_OUTPUT_MPLANE
13581.938974,v4l2_qbuf,0,VIDEO_OUTPUT_MPLANE
13581.938991,v4l2_qbuf,3,VIDEO_CAPTURE_MPLANE
13581.942197,v4l2_dqbuf,3,VIDEO_CAPTURE_MPLANE
13581.942220,v4l2_dqbuf,0,VIDEO_OUTPUT_MPLANE
13581.942331,v4l2_qbuf,0,VIDEO_OUTPUT_MPLANE
13581.942348,v4l2_qbuf,2,VIDEO_CAPTURE_MPLANE
13581.945522,v4l2_dqbuf,2,VIDEO_CAPTURE_MPLANE
13581.945609,v4l2_dqbuf,0,VIDEO_OUTPUT_MPLANE
13581.960641,v4l2_qbuf,0,VIDEO_OUTPUT_MPLANE
13581.960661,v4l2_qbuf,1,VIDEO_CAPTURE_MPLANE
13581.963843,v4l2_dqbuf,1,VIDEO_CAPTURE_MPLANE
13581.963857,v4l2_dqbuf,0,VIDEO_OUTPUT_MPLANE
13581.972218,v4l2_qbuf,0,VIDEO_OUTPUT_MPLANE
13581.972243,v4l2_qbuf,5,VIDEO_CAPTURE_MPLANE
13581.974347,v4l2_dqbuf,5,VIDEO_CAPTURE_MPLANE
13581.974357,v4l2_dqbuf,0,VIDEO_OUTPUT_MPLANE
13582.005791,v4l2_qbuf,0,VIDEO_OUTPUT_MPLANE
13582.005819,v4l2_qbuf,2,VIDEO_CAPTURE_MPLANE
13582.009098,v4l2_dqbuf,2,VIDEO_CAPTURE_MPLANE
13582.009131,v4l2_dqbuf,0,VIDEO_OUTPUT_MPLANE
13582.009303,v4l2_qbuf,0,VIDEO_OUTPUT_MPLANE
13582.009325,v4l2_qbuf,0,VIDEO_CAPTURE_MPLANE
13582.012872,v4l2_dqbuf,0,VIDEO_CAPTURE_MPLANE
13582.013011,v4l2_dqbuf,0,VIDEO_OUTPUT_MPLANE
13582.022669,v4l2_qbuf,0,VIDEO_OUTPUT_MPLANE
13582.022702,v4l2_qbuf,3,VIDEO_CAPTURE_MPLANE
13582.025953,v4l2_dqbuf,3,VIDEO_CAPTURE_MPLANE
13582.025968,v4l2_dqbuf,0,VIDEO_OUTPUT_MPLANE
13582.039319,v4l2_qbuf,0,VIDEO_OUTPUT_MPLANE
13582.039339,v4l2_qbuf,1,VIDEO_CAPTURE_MPLANE
13582.041612,v4l2_dqbuf,1,VIDEO_CAPTURE_MPLANE
13582.041627,v4l2_dqbuf,0,VIDEO_OUTPUT_MPLANE
13582.073060,v4l2_qbuf,0,VIDEO_OUTPUT_MPLANE
13582.073111,v4l2_qbuf,0,VIDEO_CAPTURE_MPLANE
13582.076510,v4l2_dqbuf,0,VIDEO_CAPTURE_MPLANE
13582.076550,v4l2_dqbuf,0,VIDEO_OUTPUT_MPLANE
13582.076750,v4l2_qbuf,0,VIDEO_OUTPUT_MPLANE
13582.076787,v4l2_qbuf,4,VIDEO_CAPTURE_MPLANE
13582.080119,v4l2_dqbuf,4,VIDEO_CAPTURE_MPLANE
13582.080275,v4l2_dqbuf,0,VIDEO_OUTPUT_MPLANE
13582.093824,v4l2_qbuf,0,VIDEO_OUTPUT_MPLANE
13582.093869,v4l2_qbuf,2,VIDEO_CAPTURE_MPLANE
13582.097296,v4l2_dqbuf,2,VIDEO_CAPTURE_MPLANE
13582.097315,v4l2_dqbuf,0,VIDEO_OUTPUT_MPLANE
13582.107689,v4l2_qbuf,0,VIDEO_OUTPUT_MPLANE
13582.107718,v4l2_qbuf,3,VIDEO_CAPTURE_MPLANE
13582.111122,v4l2_dqbuf,3,VIDEO_CAPTURE_MPLANE
13582.111141,v4l2_dqbuf,0,VIDEO_OUTPUT_MPLANE
13582.143463,v4l2_qbuf,0,VIDEO_OUTPUT_MPLANE
13582.143490,v4l2_qbuf,4,VIDEO_CAPTURE_MPLANE
13582.146924,v4l2_dqbuf,4,VIDEO_CAPTURE_MPLANE
13582.146952,v4l2_dqbuf,0,VIDEO_OUTPUT_MPLANE
13582.147096,v4l2_qbuf,0,VIDEO_OUTPUT_MPLANE
13582.147115,v4l2_qbuf,5,VIDEO_CAPTURE_MPLANE
13582.151263,v4l2_dqbuf,5,VIDEO_CAPTURE_MPLANE
13582.151387,v4l2_dqbuf,0,VIDEO_OUTPUT_MPLANE
13582.158096,v4l2_qbuf,0,VIDEO_OUTPUT_MPLANE
13582.158115,v4l2_qbuf,0,VIDEO_CAPTURE_MPLANE
13582.161425,v4l2_dqbuf,0,VIDEO_CAPTURE_MPLANE
13582.161441,v4l2_dqbuf,0,VIDEO_OUTPUT_MPLANE
13582.174963,v4l2_qbuf,0,VIDEO_OUTPUT_MPLANE
13582.174982,v4l2_qbuf,2,VIDEO_CAPTURE_MPLANE
13582.177235,v4l2_dqbuf,2,VIDEO_CAPTURE_MPLANE
13582.177253,v4l2_dqbuf,0,VIDEO_OUTPUT_MPLANE
13582.208217,v4l2_qbuf,0,VIDEO_OUTPUT_MPLANE
13582.208259,v4l2_qbuf,5,VIDEO_CAPTURE_MPLANE
13582.211580,v4l2_dqbuf,5,VIDEO_CAPTURE_MPLANE
13582.211605,v4l2_dqbuf,0,VIDEO_OUTPUT_MPLANE
13582.211725,v4l2_qbuf,0,VIDEO_OUTPUT_MPLANE
13582.211742,v4l2_qbuf,1,VIDEO_CAPTURE_MPLANE
13582.215119,v4l2_dqbuf,1,VIDEO_CAPTURE_MPLANE
13582.215355,v4l2_dqbuf,0,VIDEO_OUTPUT_MPLANE
13582.233985,v4l2_qbuf,0,VIDEO_OUTPUT_MPLANE
13582.234023,v4l2_qbuf,4,VIDEO_CAPTURE_MPLANE
13582.237355,v4l2_dqbuf,4,VIDEO_CAPTURE_MPLANE
13582.237370,v4l2_dqbuf,0,VIDEO_OUTPUT_MPLANE
13582.241140,v4l2_qbuf,0,VIDEO_OUTPUT_MPLANE
13582.241159,v4l2_qbuf,0,VIDEO_CAPTURE_MPLANE
13582.243396,v4l2_dqbuf,0,VIDEO_CAPTURE_MPLANE
13582.243408,v4l2_dqbuf,0,VIDEO_OUTPUT_MPLANE
13582.274852,v4l2_qbuf,0,VIDEO_OUTPUT_MPLANE
13582.274873,v4l2_qbuf,1,VIDEO_CAPTURE_MPLANE
13582.278269,v4l2_dqbuf,1,VIDEO_CAPTURE_MPLANE
13582.278292,v4l2_dqbuf,0,VIDEO_OUTPUT_MPLANE
13582.278404,v4l2_qbuf,0,VIDEO_OUTPUT_MPLANE
13582.278421,v4l2_qbuf,3,VIDEO_CAPTURE_MPLANE
13582.281765,v4l2_dqbuf,3,VIDEO_CAPTURE_MPLANE
13582.281852,v4l2_dqbuf,0,VIDEO_OUTPUT_MPLANE
13582.291752,v4l2_qbuf,0,VIDEO_OUTPUT_MPLANE
13582.291771,v4l2_qbuf,5,VIDEO_CAPTURE_MPLANE
13582.295291,v4l2_dqbuf,5,VIDEO_CAPTURE_MPLANE
13582.295312,v4l2_dqbuf,0,VIDEO_OUTPUT_MPLANE
13582.308382,v4l2_qbuf,0,VIDEO_OUTPUT_MPLANE
13582.308402,v4l2_qbuf,4,VIDEO_CAPTURE_MPLANE
13582.310718,v4l2_dqbuf,4,VIDEO_CAPTURE_MPLANE
13582.310733,v4l2_dqbuf,0,VIDEO_OUTPUT_MPLANE
13582.341317,v4l2_qbuf,0,VIDEO_OUTPUT_MPLANE
13582.341337,v4l2_qbuf,3,VIDEO_CAPTURE_MPLANE
13582.344561,v4l2_dqbuf,3,VIDEO_CAPTURE_MPLANE
13582.344585,v4l2_dqbuf,0,VIDEO_OUTPUT_MPLANE
13582.344708,v4l2_qbuf,0,VIDEO_OUTPUT_MPLANE
13582.344725,v4l2_qbuf,2,VIDEO_CAPTURE_MPLANE
13582.347997,v4l2_dqbuf,2,VIDEO_CAPTURE_MPLANE
13582.348111,v4l2_dqbuf,0,VIDEO_OUTPUT_MPLANE
13582.358106,v4l2_qbuf,0,VIDEO_OUTPUT_MPLANE
13582.358144,v4l2_qbuf,1,VIDEO_CAPTURE_MPLANE
13582.362068,v4l2_dqbuf,1,VIDEO_CAPTURE_MPLANE
13582.362085,v4l2_dqbuf,0,VIDEO_OUTPUT_MPLANE
13582.374710,v4l2_qbuf,0,VIDEO_OUTPUT_MPLANE
13582.374729,v4l2_qbuf,5,VIDEO_CAPTURE_MPLANE
13582.377122,v4l2_dqbuf,5,VIDEO_CAPTURE_MPLANE
13582.377207,v4l2_dqbuf,0,VIDEO_OUTPUT_MPLANE
13582.408136,v4l2_qbuf,0,VIDEO_OUTPUT_MPLANE
13582.408158,v4l2_qbuf,2,VIDEO_CAPTURE_MPLANE
13582.411663,v4l2_dqbuf,2,VIDEO_CAPTURE_MPLANE
13582.411698,v4l2_dqbuf,0,VIDEO_OUTPUT_MPLANE
13582.411893,v4l2_qbuf,0,VIDEO_OUTPUT_MPLANE
13582.411917,v4l2_qbuf,0,VIDEO_CAPTURE_MPLANE
13582.415164,v4l2_dqbuf,0,VIDEO_CAPTURE_MPLANE
13582.415291,v4l2_dqbuf,0,VIDEO_OUTPUT_MPLANE
13582.424669,v4l2_qbuf,0,VIDEO_OUTPUT_MPLANE
13582.424689,v4l2_qbuf,3,VIDEO_CAPTURE_MPLANE
13582.428015,v4l2_dqbuf,3,VIDEO_CAPTURE_MPLANE
13582.428037,v4l2_dqbuf,0,VIDEO_OUTPUT_MPLANE
13582.441792,v4l2_qbuf,0,VIDEO_OUTPUT_MPLANE
13582.441830,v4l2_qbuf,1,VIDEO_CAPTURE_MPLANE
13582.444028,v4l2_dqbuf,1,VIDEO_CAPTURE_MPLANE
13582.444047,v4l2_dqbuf,0,VIDEO_OUTPUT_MPLANE
13582.474809,v4l2_qbuf,0,VIDEO_OUTPUT_MPLANE
13582.474831,v4l2_qbuf,0,VIDEO_CAPTURE_MPLANE
13582.478388,v4l2_dqbuf,0,VIDEO_CAPTURE_MPLANE
13582.478417,v4l2_dqbuf,0,VIDEO_OUTPUT_MPLANE
13582.478547,v4l2_qbuf,0,VIDEO_OUTPUT_MPLANE
13582.478566,v4l2_qbuf,4,VIDEO_CAPTURE_MPLANE
13582.481963,v4l2_dqbuf,4,VIDEO_CAPTURE_MPLANE
13582.482076,v4l2_dqbuf,0,VIDEO_OUTPUT_MPLANE
13582.491790,v4l2_qbuf,0,VIDEO_OUTPUT_MPLANE
13582.491838,v4l2_qbuf,2,VIDEO_CAPTURE_MPLANE
13582.495167,v4l2_dqbuf,2,VIDEO_CAPTURE_MPLANE
13582.495187,v4l2_dqbuf,0,VIDEO_OUTPUT_MPLANE
13582.508076,v4l2_qbuf,0,VIDEO_OUTPUT_MPLANE
13582.508097,v4l2_qbuf,3,VIDEO_CAPTURE_MPLANE
13582.510193,v4l2_dqbuf,3,VIDEO_CAPTURE_MPLANE
13582.510205,v4l2_dqbuf,0,VIDEO_OUTPUT_MPLANE
13582.541260,v4l2_qbuf,0,VIDEO_OUTPUT_MPLANE
13582.541280,v4l2_qbuf,4,VIDEO_CAPTURE_MPLANE
13582.544428,v4l2_dqbuf,4,VIDEO_CAPTURE_MPLANE
13582.544449,v4l2_dqbuf,0,VIDEO_OUTPUT_MPLANE
13582.544560,v4l2_qbuf,0,VIDEO_OUTPUT_MPLANE
13582.544576,v4l2_qbuf,5,VIDEO_CAPTURE_MPLANE
13582.547751,v4l2_dqbuf,5,VIDEO_CAPTURE_MPLANE
13582.547834,v4l2_dqbuf,0,VIDEO_OUTPUT_MPLANE
13582.557833,v4l2_qbuf,0,VIDEO_OUTPUT_MPLANE
13582.557850,v4l2_qbuf,0,VIDEO_CAPTURE_MPLANE
13582.561153,v4l2_dqbuf,0,VIDEO_CAPTURE_MPLANE
13582.561169,v4l2_dqbuf,0,VIDEO_OUTPUT_MPLANE
13582.574477,v4l2_qbuf,0,VIDEO_OUTPUT_MPLANE
13582.574499,v4l2_qbuf,2,VIDEO_CAPTURE_MPLANE
13582.576798,v4l2_dqbuf,2,VIDEO_CAPTURE_MPLANE
13582.576814,v4l2_dqbuf,0,VIDEO_OUTPUT_MPLANE
13582.608213,v4l2_qbuf,0,VIDEO_OUTPUT_MPLANE
13582.608233,v4l2_qbuf,5,VIDEO_CAPTURE_MPLANE
13582.611487,v4l2_dqbuf,5,VIDEO_CAPTURE_MPLANE
13582.611510,v4l2_dqbuf,0,VIDEO_OUTPUT_MPLANE
13582.611621,v4l2_qbuf,0,VIDEO_OUTPUT_MPLANE
13582.611637,v4l2_qbuf,1,VIDEO_CAPTURE_MPLANE
13582.614940,v4l2_dqbuf,1,VIDEO_CAPTURE_MPLANE
13582.615044,v4l2_dqbuf,0,VIDEO_OUTPUT_MPLANE
13582.630950,v4l2_qbuf,0,VIDEO_OUTPUT_MPLANE
13582.630976,v4l2_qbuf,4,VIDEO_CAPTURE_MPLANE
13582.634455,v4l2_dqbuf,4,VIDEO_CAPTURE_MPLANE
13582.634469,v4l2_dqbuf,0,VIDEO_OUTPUT_MPLANE
13582.641212,v4l2_qbuf,0,VIDEO_OUTPUT_MPLANE
13582.641245,v4l2_qbuf,0,VIDEO_CAPTURE_MPLANE
13582.643370,v4l2_dqbuf,0,VIDEO_CAPTURE_MPLANE
13582.643392,v4l2_dqbuf,0,VIDEO_OUTPUT_MPLANE
13582.674595,v4l2_qbuf,0,VIDEO_OUTPUT_MPLANE
13582.674616,v4l2_qbuf,1,VIDEO_CAPTURE_MPLANE
13582.677883,v4l2_dqbuf,1,VIDEO_CAPTURE_MPLANE
13582.677906,v4l2_dqbuf,0,VIDEO_OUTPUT_MPLANE
13582.678044,v4l2_qbuf,0,VIDEO_OUTPUT_MPLANE
13582.678060,v4l2_qbuf,3,VIDEO_CAPTURE_MPLANE
13582.681316,v4l2_dqbuf,3,VIDEO_CAPTURE_MPLANE
13582.681395,v4l2_dqbuf,0,VIDEO_OUTPUT_MPLANE
13582.691300,v4l2_qbuf,0,VIDEO_OUTPUT_MPLANE
13582.691320,v4l2_qbuf,5,VIDEO_CAPTURE_MPLANE
13582.694640,v4l2_dqbuf,5,VIDEO_CAPTURE_MPLANE
13582.694654,v4l2_dqbuf,0,VIDEO_OUTPUT_MPLANE
13582.708251,v4l2_qbuf,0,VIDEO_OUTPUT_MPLANE
13582.708286,v4l2_qbuf,4,VIDEO_CAPTURE_MPLANE
13582.710577,v4l2_dqbuf,4,VIDEO_CAPTURE_MPLANE
13582.710604,v4l2_dqbuf,0,VIDEO_OUTPUT_MPLANE
13582.741351,v4l2_qbuf,0,VIDEO_OUTPUT_MPLANE
13582.741370,v4l2_qbuf,3,VIDEO_CAPTURE_MPLANE
13582.745269,v4l2_dqbuf,3,VIDEO_CAPTURE_MPLANE
13582.745297,v4l2_dqbuf,0,VIDEO_OUTPUT_MPLANE
13582.745448,v4l2_qbuf,0,VIDEO_OUTPUT_MPLANE
13582.745475,v4l2_qbuf,2,VIDEO_CAPTURE_MPLANE
13582.748856,v4l2_dqbuf,2,VIDEO_CAPTURE_MPLANE
13582.748960,v4l2_dqbuf,0,VIDEO_OUTPUT_MPLANE
13582.766146,v4l2_qbuf,0,VIDEO_OUTPUT_MPLANE
13582.766177,v4l2_qbuf,1,VIDEO_CAPTURE_MPLANE
13582.770129,v4l2_dqbuf,1,VIDEO_CAPTURE_MPLANE
13582.770147,v4l2_dqbuf,0,VIDEO_OUTPUT_MPLANE
13582.774635,v4l2_qbuf,0,VIDEO_OUTPUT_MPLANE
13582.774662,v4l2_qbuf,5,VIDEO_CAPTURE_MPLANE
13582.776856,v4l2_dqbuf,5,VIDEO_CAPTURE_MPLANE
13582.776870,v4l2_dqbuf,0,VIDEO_OUTPUT_MPLANE
13582.808191,v4l2_qbuf,0,VIDEO_OUTPUT_MPLANE
13582.808210,v4l2_qbuf,2,VIDEO_CAPTURE_MPLANE
13582.811478,v4l2_dqbuf,2,VIDEO_CAPTURE_MPLANE
13582.811500,v4l2_dqbuf,0,VIDEO_OUTPUT_MPLANE
13582.811610,v4l2_qbuf,0,VIDEO_OUTPUT_MPLANE
13582.811627,v4l2_qbuf,0,VIDEO_CAPTURE_MPLANE
13582.814925,v4l2_dqbuf,0,VIDEO_CAPTURE_MPLANE
13582.815109,v4l2_dqbuf,0,VIDEO_OUTPUT_MPLANE
13582.824520,v4l2_qbuf,0,VIDEO_OUTPUT_MPLANE
13582.824539,v4l2_qbuf,3,VIDEO_CAPTURE_MPLANE
13582.826430,v4l2_dqbuf,3,VIDEO_CAPTURE_MPLANE
13582.826448,v4l2_dqbuf,0,VIDEO_OUTPUT_MPLANE
13582.841190,v4l2_qbuf,0,VIDEO_OUTPUT_MPLANE
13582.841216,v4l2_qbuf,1,VIDEO_CAPTURE_MPLANE
13582.844552,v4l2_dqbuf,1,VIDEO_CAPTURE_MPLANE
13582.844569,v4l2_dqbuf,0,VIDEO_OUTPUT_MPLANE
13582.857726,v4l2_qbuf,0,VIDEO_OUTPUT_MPLANE
13582.857744,v4l2_qbuf,4,VIDEO_CAPTURE_MPLANE
13582.861022,v4l2_dqbuf,4,VIDEO_CAPTURE_MPLANE
13582.861035,v4l2_dqbuf,0,VIDEO_OUTPUT_MPLANE
13582.874566,v4l2_qbuf,0,VIDEO_OUTPUT_MPLANE
13582.874586,v4l2_qbuf,2,VIDEO_CAPTURE_MPLANE
13582.877937,v4l2_dqbuf,2,VIDEO_CAPTURE_MPLANE
13582.878019,v4l2_dqbuf,0,VIDEO_OUTPUT_MPLANE
13582.891654,v4l2_qbuf,0,VIDEO_OUTPUT_MPLANE
13582.891674,v4l2_qbuf,0,VIDEO_CAPTURE_MPLANE
13582.894776,v4l2_dqbuf,0,VIDEO_CAPTURE_MPLANE
13582.894791,v4l2_dqbuf,0,VIDEO_OUTPUT_MPLANE
13582.907939,v4l2_qbuf,0,VIDEO_OUTPUT_MPLANE
13582.907980,v4l2_qbuf,5,VIDEO_CAPTURE_MPLANE
13582.910222,v4l2_dqbuf,5,VIDEO_CAPTURE_MPLANE
13582.910251,v4l2_dqbuf,0,VIDEO_OUTPUT_MPLANE
13582.941283,v4l2_qbuf,0,VIDEO_OUTPUT_MPLANE
13582.941318,v4l2_qbuf,2,VIDEO_CAPTURE_MPLANE
13582.944561,v4l2_dqbuf,2,VIDEO_CAPTURE_MPLANE
13582.944584,v4l2_dqbuf,0,VIDEO_OUTPUT_MPLANE
13582.944698,v4l2_qbuf,0,VIDEO_OUTPUT_MPLANE
13582.944714,v4l2_qbuf,3,VIDEO_CAPTURE_MPLANE
13582.949512,v4l2_dqbuf,3,VIDEO_CAPTURE_MPLANE
13582.949634,v4l2_dqbuf,0,VIDEO_OUTPUT_MPLANE
13582.957607,v4l2_qbuf,0,VIDEO_OUTPUT_MPLANE
13582.957626,v4l2_qbuf,4,VIDEO_CAPTURE_MPLANE
13582.960848,v4l2_dqbuf,4,VIDEO_CAPTURE_MPLANE
13582.960860,v4l2_dqbuf,0,VIDEO_OUTPUT_MPLANE
13582.974416,v4l2_qbuf,0,VIDEO_OUTPUT_MPLANE
13582.974434,v4l2_qbuf,0,VIDEO_CAPTURE_MPLANE
13582.976582,v4l2_dqbuf,0,VIDEO_CAPTURE_MPLANE
13582.976601,v4l2_dqbuf,0,VIDEO_OUTPUT_MPLANE
13583.008054,v4l2_qbuf,0,VIDEO_OUTPUT_MPLANE
13583.008089,v4l2_qbuf,3,VIDEO_CAPTURE_MPLANE
13583.011382,v4l2_dqbuf,3,VIDEO_CAPTURE_MPLANE
13583.011425,v4l2_dqbuf,0,VIDEO_OUTPUT_MPLANE
13583.011623,v4l2_qbuf,0,VIDEO_OUTPUT_MPLANE
13583.011649,v4l2_qbuf,1,VIDEO_CAPTURE_MPLANE
13583.014897,v4l2_dqbuf,1,VIDEO_CAPTURE_MPLANE
13583.014968,v4l2_dqbuf,0,VIDEO_OUTPUT_MPLANE
13583.024790,v4l2_qbuf,0,VIDEO_OUTPUT_MPLANE
13583.024810,v4l2_qbuf,2,VIDEO_CAPTURE_MPLANE
13583.028143,v4l2_dqbuf,2,VIDEO_CAPTURE_MPLANE
13583.028166,v4l2_dqbuf,0,VIDEO_OUTPUT_MPLANE
13583.041444,v4l2_qbuf,0,VIDEO_OUTPUT_MPLANE
13583.041464,v4l2_qbuf,4,VIDEO_CAPTURE_MPLANE
13583.043695,v4l2_dqbuf,4,VIDEO_CAPTURE_MPLANE
13583.043721,v4l2_dqbuf,0,VIDEO_OUTPUT_MPLANE
13583.074996,v4l2_qbuf,0,VIDEO_OUTPUT_MPLANE
13583.075028,v4l2_qbuf,1,VIDEO_CAPTURE_MPLANE
13583.078225,v4l2_dqbuf,1,VIDEO_CAPTURE_MPLANE
13583.078248,v4l2_dqbuf,0,VIDEO_OUTPUT_MPLANE
13583.078367,v4l2_qbuf,0,VIDEO_OUTPUT_MPLANE
13583.078401,v4l2_qbuf,5,VIDEO_CAPTURE_MPLANE
13583.081681,v4l2_dqbuf,5,VIDEO_CAPTURE_MPLANE
13583.081782,v4l2_dqbuf,0,VIDEO_OUTPUT_MPLANE
13583.091758,v4l2_qbuf,0,VIDEO_OUTPUT_MPLANE
13583.091778,v4l2_qbuf,3,VIDEO_CAPTURE_MPLANE
13583.095221,v4l2_dqbuf,3,VIDEO_CAPTURE_MPLANE
13583.095237,v4l2_dqbuf,0,VIDEO_OUTPUT_MPLANE
13583.107676,v4l2_qbuf,0,VIDEO_OUTPUT_MPLANE
13583.107696,v4l2_qbuf,2,VIDEO_CAPTURE_MPLANE
13583.109850,v4l2_dqbuf,2,VIDEO_CAPTURE_MPLANE
13583.109870,v4l2_dqbuf,0,VIDEO_OUTPUT_MPLANE
13583.158564,v4l2_qbuf,0,VIDEO_OUTPUT_MPLANE
13583.158584,v4l2_qbuf,5,VIDEO_CAPTURE_MPLANE
13583.161911,v4l2_dqbuf,5,VIDEO_CAPTURE_MPLANE
13583.161945,v4l2_dqbuf,0,VIDEO_OUTPUT_MPLANE
13583.162171,v4l2_qbuf,0,VIDEO_OUTPUT_MPLANE
13583.162204,v4l2_qbuf,0,VIDEO_CAPTURE_MPLANE
13583.165619,v4l2_dqbuf,0,VIDEO_CAPTURE_MPLANE
13583.165723,v4l2_dqbuf,0,VIDEO_OUTPUT_MPLANE
13583.175262,v4l2_qbuf,0,VIDEO_OUTPUT_MPLANE
13583.175282,v4l2_qbuf,1,VIDEO_CAPTURE_MPLANE
13583.181170,v4l2_dqbuf,1,VIDEO_CAPTURE_MPLANE
13583.181185,v4l2_dqbuf,0,VIDEO_OUTPUT_MPLANE
13583.191358,v4l2_qbuf,0,VIDEO_OUTPUT_MPLANE
13583.191378,v4l2_qbuf,3,VIDEO_CAPTURE_MPLANE
13583.196149,v4l2_dqbuf,3,VIDEO_CAPTURE_MPLANE
13583.196167,v4l2_dqbuf,0,VIDEO_OUTPUT_MPLANE
13583.224827,v4l2_qbuf,0,VIDEO_OUTPUT_MPLANE
13583.224879,v4l2_qbuf,0,VIDEO_CAPTURE_MPLANE
13583.228274,v4l2_dqbuf,0,VIDEO_CAPTURE_MPLANE
13583.228397,v4l2_dqbuf,0,VIDEO_OUTPUT_MPLANE
13583.228637,v4l2_qbuf,0,VIDEO_OUTPUT_MPLANE
13583.228658,v4l2_qbuf,4,VIDEO_CAPTURE_MPLANE
13583.232186,v4l2_dqbuf,4,VIDEO_CAPTURE_MPLANE
13583.232373,v4l2_dqbuf,0,VIDEO_OUTPUT_MPLANE
13583.241624,v4l2_qbuf,0,VIDEO_OUTPUT_MPLANE
13583.241665,v4l2_qbuf,5,VIDEO_CAPTURE_MPLANE
13583.245155,v4l2_dqbuf,5,VIDEO_CAPTURE_MPLANE
13583.245168,v4l2_dqbuf,0,VIDEO_OUTPUT_MPLANE
13583.258255,v4l2_qbuf,0,VIDEO_OUTPUT_MPLANE
13583.258281,v4l2_qbuf,1,VIDEO_CAPTURE_MPLANE
13583.260489,v4l2_dqbuf,1,VIDEO_CAPTURE_MPLANE
13583.260503,v4l2_dqbuf,0,VIDEO_OUTPUT_MPLANE
13583.292547,v4l2_qbuf,0,VIDEO_OUTPUT_MPLANE
13583.292595,v4l2_qbuf,4,VIDEO_CAPTURE_MPLANE
13583.295999,v4l2_dqbuf,4,VIDEO_CAPTURE_MPLANE
13583.296033,v4l2_dqbuf,0,VIDEO_OUTPUT_MPLANE
13583.296156,v4l2_qbuf,0,VIDEO_OUTPUT_MPLANE
13583.296173,v4l2_qbuf,2,VIDEO_CAPTURE_MPLANE
13583.301213,v4l2_dqbuf,2,VIDEO_CAPTURE_MPLANE
13583.301475,v4l2_dqbuf,0,VIDEO_OUTPUT_MPLANE
13583.315761,v4l2_qbuf,0,VIDEO_OUTPUT_MPLANE
13583.315781,v4l2_qbuf,0,VIDEO_CAPTURE_MPLANE
13583.319098,v4l2_dqbuf,0,VIDEO_CAPTURE_MPLANE
13583.319110,v4l2_dqbuf,0,VIDEO_OUTPUT_MPLANE
13583.324458,v4l2_qbuf,0,VIDEO_OUTPUT_MPLANE
13583.324487,v4l2_qbuf,5,VIDEO_CAPTURE_MPLANE
13583.327041,v4l2_dqbuf,5,VIDEO_CAPTURE_MPLANE
13583.327062,v4l2_dqbuf,0,VIDEO_OUTPUT_MPLANE
13583.360066,v4l2_qbuf,0,VIDEO_OUTPUT_MPLANE
13583.360112,v4l2_qbuf,2,VIDEO_CAPTURE_MPLANE
13583.363646,v4l2_dqbuf,2,VIDEO_CAPTURE_MPLANE
13583.363669,v4l2_dqbuf,0,VIDEO_OUTPUT_MPLANE
13583.363797,v4l2_qbuf,0,VIDEO_OUTPUT_MPLANE
13583.363811,v4l2_qbuf,3,VIDEO_CAPTURE_MPLANE
13583.367221,v4l2_dqbuf,3,VIDEO_CAPTURE_MPLANE
13583.367242,v4l2_dqbuf,0,VIDEO_OUTPUT_MPLANE
13583.381211,v4l2_qbuf,0,VIDEO_OUTPUT_MPLANE
13583.381251,v4l2_qbuf,4,VIDEO_CAPTURE_MPLANE
13583.383506,v4l2_dqbuf,4,VIDEO_CAPTURE_MPLANE
13583.383519,v4l2_dqbuf,0,VIDEO_OUTPUT_MPLANE
13583.392690,v4l2_qbuf,0,VIDEO_OUTPUT_MPLANE
13583.392709,v4l2_qbuf,0,VIDEO_CAPTURE_MPLANE
13583.395868,v4l2_dqbuf,0,VIDEO_CAPTURE_MPLANE
13583.395884,v4l2_dqbuf,0,VIDEO_OUTPUT_MPLANE
13583.410011,v4l2_qbuf,0,VIDEO_OUTPUT_MPLANE
13583.410030,v4l2_qbuf,1,VIDEO_CAPTURE_MPLANE
13583.413362,v4l2_dqbuf,1,VIDEO_CAPTURE_MPLANE
13583.413452,v4l2_dqbuf,0,VIDEO_OUTPUT_MPLANE
13583.426230,v4l2_qbuf,0,VIDEO_OUTPUT_MPLANE
13583.426254,v4l2_qbuf,2,VIDEO_CAPTURE_MPLANE
13583.429530,v4l2_dqbuf,2,VIDEO_CAPTURE_MPLANE
13583.429552,v4l2_dqbuf,0,VIDEO_OUTPUT_MPLANE
13583.443450,v4l2_qbuf,0,VIDEO_OUTPUT_MPLANE
13583.443490,v4l2_qbuf,3,VIDEO_CAPTURE_MPLANE
13583.445835,v4l2_dqbuf,3,VIDEO_CAPTURE_MPLANE
13583.445858,v4l2_dqbuf,0,VIDEO_OUTPUT_MPLANE
13583.476705,v4l2_qbuf,0,VIDEO_OUTPUT_MPLANE
13583.476741,v4l2_qbuf,1,VIDEO_CAPTURE_MPLANE
13583.479842,v4l2_dqbuf,1,VIDEO_CAPTURE_MPLANE
13583.479866,v4l2_dqbuf,0,VIDEO_OUTPUT_MPLANE
13583.479986,v4l2_qbuf,0,VIDEO_OUTPUT_MPLANE
13583.480012,v4l2_qbuf,5,VIDEO_CAPTURE_MPLANE
13583.483040,v4l2_dqbuf,5,VIDEO_CAPTURE_MPLANE
13583.483113,v4l2_dqbuf,0,VIDEO_OUTPUT_MPLANE
13583.503181,v4l2_qbuf,0,VIDEO_OUTPUT_MPLANE
13583.503203,v4l2_qbuf,0,VIDEO_CAPTURE_MPLANE
13583.506662,v4l2_dqbuf,0,VIDEO_CAPTURE_MPLANE
13583.506706,v4l2_dqbuf,0,VIDEO_OUTPUT_MPLANE
13583.509718,v4l2_qbuf,0,VIDEO_OUTPUT_MPLANE
13583.509756,v4l2_qbuf,2,VIDEO_CAPTURE_MPLANE
13583.511930,v4l2_dqbuf,2,VIDEO_CAPTURE_MPLANE
13583.511943,v4l2_dqbuf,0,VIDEO_OUTPUT_MPLANE
13583.543353,v4l2_qbuf,0,VIDEO_OUTPUT_MPLANE
13583.543387,v4l2_qbuf,5,VIDEO_CAPTURE_MPLANE
13583.546723,v4l2_dqbuf,5,VIDEO_CAPTURE_MPLANE
13583.546747,v4l2_dqbuf,0,VIDEO_OUTPUT_MPLANE
13583.546865,v4l2_qbuf,0,VIDEO_OUTPUT_MPLANE
13583.546883,v4l2_qbuf,4,VIDEO_CAPTURE_MPLANE
13583.550100,v4l2_dqbuf,4,VIDEO_CAPTURE_MPLANE
13583.550113,v4l2_dqbuf,0,VIDEO_OUTPUT_MPLANE
13583.563534,v4l2_qbuf,0,VIDEO_OUTPUT_MPLANE
13583.563560,v4l2_qbuf,1,VIDEO_CAPTURE_MPLANE
13583.565770,v4l2_dqbuf,1,VIDEO_CAPTURE_MPLANE
13583.565784,v4l2_dqbuf,0,VIDEO_OUTPUT_MPLANE
13583.576237,v4l2_qbuf,0,VIDEO_OUTPUT_MPLANE
13583.576263,v4l2_qbuf,0,VIDEO_CAPTURE_MPLANE
13583.579622,v4l2_dqbuf,0,VIDEO_CAPTURE_MPLANE
13583.579647,v4l2_dqbuf,0,VIDEO_OUTPUT_MPLANE
13583.596036,v4l2_qbuf,0,VIDEO_OUTPUT_MPLANE
13583.596056,v4l2_qbuf,3,VIDEO_CAPTURE_MPLANE
13583.599201,v4l2_dqbuf,3,VIDEO_CAPTURE_MPLANE
13583.599289,v4l2_dqbuf,0,VIDEO_OUTPUT_MPLANE
13583.609576,v4l2_qbuf,0,VIDEO_OUTPUT_MPLANE
13583.609594,v4l2_qbuf,5,VIDEO_CAPTURE_MPLANE
13583.613068,v4l2_dqbuf,5,VIDEO_CAPTURE_MPLANE
13583.613091,v4l2_dqbuf,0,VIDEO_OUTPUT_MPLANE
13583.626553,v4l2_qbuf,0,VIDEO_OUTPUT_MPLANE
13583.626596,v4l2_qbuf,4,VIDEO_CAPTURE_MPLANE
13583.628877,v4l2_dqbuf,4,VIDEO_CAPTURE_MPLANE
13583.628892,v4l2_dqbuf,0,VIDEO_OUTPUT_MPLANE
13583.643065,v4l2_qbuf,0,VIDEO_OUTPUT_MPLANE
13583.643099,v4l2_qbuf,2,VIDEO_CAPTURE_MPLANE
13583.646646,v4l2_dqbuf,2,VIDEO_CAPTURE_MPLANE
13583.646661,v4l2_dqbuf,0,VIDEO_OUTPUT_MPLANE
13583.659588,v4l2_qbuf,0,VIDEO_OUTPUT_MPLANE
13583.659622,v4l2_qbuf,3,VIDEO_CAPTURE_MPLANE
13583.661874,v4l2_dqbuf,3,VIDEO_CAPTURE_MPLANE
13583.661895,v4l2_dqbuf,0,VIDEO_OUTPUT_MPLANE
13583.693481,v4l2_qbuf,0,VIDEO_OUTPUT_MPLANE
13583.693512,v4l2_qbuf,5,VIDEO_CAPTURE_MPLANE
13583.696836,v4l2_dqbuf,5,VIDEO_CAPTURE_MPLANE
13583.696856,v4l2_dqbuf,0,VIDEO_OUTPUT_MPLANE
13583.696957,v4l2_qbuf,0,VIDEO_OUTPUT_MPLANE
13583.696981,v4l2_qbuf,0,VIDEO_CAPTURE_MPLANE
13583.700140,v4l2_dqbuf,0,VIDEO_CAPTURE_MPLANE
13583.700309,v4l2_dqbuf,0,VIDEO_OUTPUT_MPLANE
13583.716505,v4l2_qbuf,0,VIDEO_OUTPUT_MPLANE
13583.716537,v4l2_qbuf,1,VIDEO_CAPTURE_MPLANE
13583.719771,v4l2_dqbuf,1,VIDEO_CAPTURE_MPLANE
13583.719795,v4l2_dqbuf,0,VIDEO_OUTPUT_MPLANE
13583.729068,v4l2_qbuf,0,VIDEO_OUTPUT_MPLANE
13583.729125,v4l2_qbuf,2,VIDEO_CAPTURE_MPLANE
13583.731423,v4l2_dqbuf,2,VIDEO_CAPTURE_MPLANE
13583.731453,v4l2_dqbuf,0,VIDEO_OUTPUT_MPLANE
13583.759697,v4l2_qbuf,0,VIDEO_OUTPUT_MPLANE
13583.759791,v4l2_qbuf,0,VIDEO_CAPTURE_MPLANE
13583.763303,v4l2_dqbuf,0,VIDEO_CAPTURE_MPLANE
13583.763391,v4l2_dqbuf,0,VIDEO_OUTPUT_MPLANE
13583.763648,v4l2_qbuf,0,VIDEO_OUTPUT_MPLANE
13583.763676,v4l2_qbuf,4,VIDEO_CAPTURE_MPLANE
13583.768102,v4l2_dqbuf,4,VIDEO_CAPTURE_MPLANE
13583.768215,v4l2_dqbuf,0,VIDEO_OUTPUT_MPLANE
13583.783707,v4l2_qbuf,0,VIDEO_OUTPUT_MPLANE
13583.783727,v4l2_qbuf,5,VIDEO_CAPTURE_MPLANE
13583.787035,v4l2_dqbuf,5,VIDEO_CAPTURE_MPLANE
13583.787050,v4l2_dqbuf,0,VIDEO_OUTPUT_MPLANE
13583.793071,v4l2_qbuf,0,VIDEO_OUTPUT_MPLANE
13583.793093,v4l2_qbuf,1,VIDEO_CAPTURE_MPLANE
13583.795241,v4l2_dqbuf,1,VIDEO_CAPTURE_MPLANE
13583.795254,v4l2_dqbuf,0,VIDEO_OUTPUT_MPLANE
13583.826289,v4l2_qbuf,0,VIDEO_OUTPUT_MPLANE
13583.826310,v4l2_qbuf,4,VIDEO_CAPTURE_MPLANE
13583.830058,v4l2_dqbuf,4,VIDEO_CAPTURE_MPLANE
13583.830083,v4l2_dqbuf,0,VIDEO_OUTPUT_MPLANE
13583.830207,v4l2_qbuf,0,VIDEO_OUTPUT_MPLANE
13583.830224,v4l2_qbuf,3,VIDEO_CAPTURE_MPLANE
13583.833674,v4l2_dqbuf,3,VIDEO_CAPTURE_MPLANE
13583.833785,v4l2_dqbuf,0,VIDEO_OUTPUT_MPLANE
13583.844054,v4l2_qbuf,0,VIDEO_OUTPUT_MPLANE
13583.844077,v4l2_qbuf,0,VIDEO_CAPTURE_MPLANE
13583.845992,v4l2_dqbuf,0,VIDEO_CAPTURE_MPLANE
13583.846017,v4l2_dqbuf,0,VIDEO_OUTPUT_MPLANE
13583.859362,v4l2_qbuf,0,VIDEO_OUTPUT_MPLANE
13583.859382,v4l2_qbuf,5,VIDEO_CAPTURE_MPLANE
13583.861572,v4l2_dqbuf,5,VIDEO_CAPTURE_MPLANE
13583.861585,v4l2_dqbuf,0,VIDEO_OUTPUT_MPLANE
13583.876424,v4l2_qbuf,0,VIDEO_OUTPUT_MPLANE
13583.876444,v4l2_qbuf,2,VIDEO_CAPTURE_MPLANE
13583.879612,v4l2_dqbuf,2,VIDEO_CAPTURE_MPLANE
13583.879625,v4l2_dqbuf,0,VIDEO_OUTPUT_MPLANE
13583.893334,v4l2_qbuf,0,VIDEO_OUTPUT_MPLANE
13583.893355,v4l2_qbuf,4,VIDEO_CAPTURE_MPLANE
13583.896510,v4l2_dqbuf,4,VIDEO_CAPTURE_MPLANE
13583.896588,v4l2_dqbuf,0,VIDEO_OUTPUT_MPLANE
13583.909804,v4l2_qbuf,0,VIDEO_OUTPUT_MPLANE
13583.909826,v4l2_qbuf,3,VIDEO_CAPTURE_MPLANE
13583.914143,v4l2_dqbuf,3,VIDEO_CAPTURE_MPLANE
13583.914158,v4l2_dqbuf,0,VIDEO_OUTPUT_MPLANE
13583.926270,v4l2_qbuf,0,VIDEO_OUTPUT_MPLANE
13583.926291,v4l2_qbuf,1,VIDEO_CAPTURE_MPLANE
13583.930120,v4l2_dqbuf,1,VIDEO_CAPTURE_MPLANE
13583.930136,v4l2_dqbuf,0,VIDEO_OUTPUT_MPLANE
13583.959450,v4l2_qbuf,0,VIDEO_OUTPUT_MPLANE
13583.959471,v4l2_qbuf,4,VIDEO_CAPTURE_MPLANE
13583.962680,v4l2_dqbuf,4,VIDEO_CAPTURE_MPLANE
13583.962700,v4l2_dqbuf,0,VIDEO_OUTPUT_MPLANE
13583.962804,v4l2_qbuf,0,VIDEO_OUTPUT_MPLANE
13583.962817,v4l2_qbuf,0,VIDEO_CAPTURE_MPLANE
13583.965933,v4l2_dqbuf,0,VIDEO_CAPTURE_MPLANE
13583.966036,v4l2_dqbuf,0,VIDEO_OUTPUT_MPLANE
13583.972453,v4l2_qbuf,0,VIDEO_OUTPUT_MPLANE
13583.972472,v4l2_qbuf,2,VIDEO_CAPTURE_MPLANE
13583.975855,v4l2_dqbuf,2,VIDEO_CAPTURE_MPLANE
13583.975867,v4l2_dqbuf,0,VIDEO_OUTPUT_MPLANE
13583.978322,v4l2_qbuf,0,VIDEO_OUTPUT_MPLANE
13583.978358,v4l2_qbuf,3,VIDEO_CAPTURE_MPLANE
13583.980761,v4l2_dqbuf,3,VIDEO_CAPTURE_MPLANE
13583.980790,v4l2_dqbuf,0,VIDEO_OUTPUT_MPLANE
13584.028890,v4l2_qbuf,0,VIDEO_OUTPUT_MPLANE
13584.028911,v4l2_qbuf,0,VIDEO_CAPTURE_MPLANE
13584.032285,v4l2_dqbuf,0,VIDEO_CAPTURE_MPLANE
13584.032311,v4l2_dqbuf,0,VIDEO_OUTPUT_MPLANE
13584.032421,v4l2_qbuf,0,VIDEO_OUTPUT_MPLANE
13584.032436,v4l2_qbuf,5,VIDEO_CAPTURE_MPLANE
13584.035607,v4l2_dqbuf,5,VIDEO_CAPTURE_MPLANE
13584.035618,v4l2_dqbuf,0,VIDEO_OUTPUT_MPLANE
13584.045022,v4l2_qbuf,0,VIDEO_OUTPUT_MPLANE
13584.045036,v4l2_qbuf,4,VIDEO_CAPTURE_MPLANE
13584.047322,v4l2_dqbuf,4,VIDEO_CAPTURE_MPLANE
13584.047337,v4l2_dqbuf,0,VIDEO_OUTPUT_MPLANE
13584.061291,v4l2_qbuf,0,VIDEO_OUTPUT_MPLANE
13584.061330,v4l2_qbuf,2,VIDEO_CAPTURE_MPLANE
13584.064415,v4l2_dqbuf,2,VIDEO_CAPTURE_MPLANE
13584.064426,v4l2_dqbuf,0,VIDEO_OUTPUT_MPLANE
13584.078136,v4l2_qbuf,0,VIDEO_OUTPUT_MPLANE
13584.078166,v4l2_qbuf,1,VIDEO_CAPTURE_MPLANE
13584.080352,v4l2_dqbuf,1,VIDEO_CAPTURE_MPLANE
13584.080371,v4l2_dqbuf,0,VIDEO_OUTPUT_MPLANE
13584.114855,v4l2_qbuf,0,VIDEO_OUTPUT_MPLANE
13584.114886,v4l2_qbuf,5,VIDEO_CAPTURE_MPLANE
13584.118062,v4l2_dqbuf,5,VIDEO_CAPTURE_MPLANE
13584.118095,v4l2_dqbuf,0,VIDEO_OUTPUT_MPLANE
13584.118247,v4l2_qbuf,0,VIDEO_OUTPUT_MPLANE
13584.118269,v4l2_qbuf,0,VIDEO_CAPTURE_MPLANE
13584.121452,v4l2_dqbuf,0,VIDEO_CAPTURE_MPLANE
13584.121594,v4l2_dqbuf,0,VIDEO_OUTPUT_MPLANE
13584.128449,v4l2_qbuf,0,VIDEO_OUTPUT_MPLANE
13584.128494,v4l2_qbuf,3,VIDEO_CAPTURE_MPLANE
13584.131693,v4l2_dqbuf,3,VIDEO_CAPTURE_MPLANE
13584.131714,v4l2_dqbuf,0,VIDEO_OUTPUT_MPLANE
13584.144603,v4l2_qbuf,0,VIDEO_OUTPUT_MPLANE
13584.144640,v4l2_qbuf,2,VIDEO_CAPTURE_MPLANE
13584.146822,v4l2_dqbuf,2,VIDEO_CAPTURE_MPLANE
13584.146836,v4l2_dqbuf,0,VIDEO_OUTPUT_MPLANE
13584.178354,v4l2_qbuf,0,VIDEO_OUTPUT_MPLANE
13584.178405,v4l2_qbuf,0,VIDEO_CAPTURE_MPLANE
13584.181677,v4l2_dqbuf,0,VIDEO_CAPTURE_MPLANE
13584.181804,v4l2_dqbuf,0,VIDEO_OUTPUT_MPLANE
13584.181939,v4l2_qbuf,0,VIDEO_OUTPUT_MPLANE
13584.181957,v4l2_qbuf,4,VIDEO_CAPTURE_MPLANE
13584.185180,v4l2_dqbuf,4,VIDEO_CAPTURE_MPLANE
13584.185313,v4l2_dqbuf,0,VIDEO_OUTPUT_MPLANE
13584.194668,v4l2_qbuf,0,VIDEO_OUTPUT_MPLANE
13584.194707,v4l2_qbuf,5,VIDEO_CAPTURE_MPLANE
13584.197923,v4l2_dqbuf,5,VIDEO_CAPTURE_MPLANE
13584.197945,v4l2_dqbuf,0,VIDEO_OUTPUT_MPLANE
13584.214853,v4l2_qbuf,0,VIDEO_OUTPUT_MPLANE
13584.214869,v4l2_qbuf,3,VIDEO_CAPTURE_MPLANE
13584.217050,v4l2_dqbuf,3,VIDEO_CAPTURE_MPLANE
13584.217062,v4l2_dqbuf,0,VIDEO_OUTPUT_MPLANE
13584.244717,v4l2_qbuf,0,VIDEO_OUTPUT_MPLANE
13584.244736,v4l2_qbuf,4,VIDEO_CAPTURE_MPLANE
13584.247764,v4l2_dqbuf,4,VIDEO_CAPTURE_MPLANE
13584.247784,v4l2_dqbuf,0,VIDEO_OUTPUT_MPLANE
13584.247890,v4l2_qbuf,0,VIDEO_OUTPUT_MPLANE
13584.247906,v4l2_qbuf,1,VIDEO_CAPTURE_MPLANE
13584.253252,v4l2_dqbuf,1,VIDEO_CAPTURE_MPLANE
13584.253363,v4l2_dqbuf,0,VIDEO_OUTPUT_MPLANE
13584.261563,v4l2_qbuf,0,VIDEO_OUTPUT_MPLANE
13584.261584,v4l2_qbuf,0,VIDEO_CAPTURE_MPLANE
13584.264795,v4l2_dqbuf,0,VIDEO_CAPTURE_MPLANE
13584.264887,v4l2_dqbuf,0,VIDEO_OUTPUT_MPLANE
13584.278209,v4l2_qbuf,0,VIDEO_OUTPUT_MPLANE
13584.278241,v4l2_qbuf,5,VIDEO_CAPTURE_MPLANE
13584.283231,v4l2_dqbuf,5,VIDEO_CAPTURE_MPLANE
13584.283251,v4l2_dqbuf,0,VIDEO_OUTPUT_MPLANE
13584.312986,v4l2_qbuf,0,VIDEO_OUTPUT_MPLANE
13584.313021,v4l2_qbuf,1,VIDEO_CAPTURE_MPLANE
13584.316096,v4l2_dqbuf,1,VIDEO_CAPTURE_MPLANE
13584.316117,v4l2_dqbuf,0,VIDEO_OUTPUT_MPLANE
13584.316229,v4l2_qbuf,0,VIDEO_OUTPUT_MPLANE
13584.316244,v4l2_qbuf,2,VIDEO_CAPTURE_MPLANE
13584.319381,v4l2_dqbuf,2,VIDEO_CAPTURE_MPLANE
13584.319481,v4l2_dqbuf,0,VIDEO_OUTPUT_MPLANE
13584.328106,v4l2_qbuf,0,VIDEO_OUTPUT_MPLANE
13584.328132,v4l2_qbuf,4,VIDEO_CAPTURE_MPLANE
13584.331335,v4l2_dqbuf,4,VIDEO_CAPTURE_MPLANE
13584.331350,v4l2_dqbuf,0,VIDEO_OUTPUT_MPLANE
13584.347612,v4l2_qbuf,0,VIDEO_OUTPUT_MPLANE
13584.347633,v4l2_qbuf,0,VIDEO_CAPTURE_MPLANE
13584.350066,v4l2_dqbuf,0,VIDEO_CAPTURE_MPLANE
13584.350099,v4l2_dqbuf,0,VIDEO_OUTPUT_MPLANE
13584.380656,v4l2_qbuf,0,VIDEO_OUTPUT_MPLANE
13584.380686,v4l2_qbuf,2,VIDEO_CAPTURE_MPLANE
13584.383993,v4l2_dqbuf,2,VIDEO_CAPTURE_MPLANE
13584.384042,v4l2_dqbuf,0,VIDEO_OUTPUT_MPLANE
13584.384171,v4l2_qbuf,0,VIDEO_OUTPUT_MPLANE
13584.384189,v4l2_qbuf,3,VIDEO_CAPTURE_MPLANE
13584.387379,v4l2_dqbuf,3,VIDEO_CAPTURE_MPLANE
13584.387488,v4l2_dqbuf,0,VIDEO_OUTPUT_MPLANE
13584.399209,v4l2_qbuf,0,VIDEO_OUTPUT_MPLANE
13584.399287,v4l2_qbuf,1,VIDEO_CAPTURE_MPLANE
13584.402622,v4l2_dqbuf,1,VIDEO_CAPTURE_MPLANE
13584.402636,v4l2_dqbuf,0,VIDEO_OUTPUT_MPLANE
13584.414098,v4l2_qbuf,0,VIDEO_OUTPUT_MPLANE
13584.414168,v4l2_qbuf,4,VIDEO_CAPTURE_MPLANE
13584.416386,v4l2_dqbuf,4,VIDEO_CAPTURE_MPLANE
13584.416401,v4l2_dqbuf,0,VIDEO_OUTPUT_MPLANE
13584.450427,v4l2_qbuf,0,VIDEO_OUTPUT_MPLANE
13584.450471,v4l2_qbuf,3,VIDEO_CAPTURE_MPLANE
13584.453636,v4l2_dqbuf,3,VIDEO_CAPTURE_MPLANE
13584.453660,v4l2_dqbuf,0,VIDEO_OUTPUT_MPLANE
13584.453779,v4l2_qbuf,0,VIDEO_OUTPUT_MPLANE
13584.453795,v4l2_qbuf,5,VIDEO_CAPTURE_MPLANE
13584.456971,v4l2_dqbuf,5,VIDEO_CAPTURE_MPLANE
13584.457156,v4l2_dqbuf,0,VIDEO_OUTPUT_MPLANE
13584.468887,v4l2_qbuf,0,VIDEO_OUTPUT_MPLANE
13584.468912,v4l2_qbuf,2,VIDEO_CAPTURE_MPLANE
13584.471984,v4l2_dqbuf,2,VIDEO_CAPTURE_MPLANE
13584.471998,v4l2_dqbuf,0,VIDEO_OUTPUT_MPLANE
13584.484125,v4l2_qbuf,0,VIDEO_OUTPUT_MPLANE
13584.484150,v4l2_qbuf,1,VIDEO_CAPTURE_MPLANE
13584.486356,v4l2_dqbuf,1,VIDEO_CAPTURE_MPLANE
13584.486370,v4l2_dqbuf,0,VIDEO_OUTPUT_MPLANE
13584.519985,v4l2_qbuf,0,VIDEO_OUTPUT_MPLANE
13584.520020,v4l2_qbuf,5,VIDEO_CAPTURE_MPLANE
13584.523319,v4l2_dqbuf,5,VIDEO_CAPTURE_MPLANE
13584.523343,v4l2_dqbuf,0,VIDEO_OUTPUT_MPLANE
13584.523454,v4l2_qbuf,0,VIDEO_OUTPUT_MPLANE
13584.523471,v4l2_qbuf,0,VIDEO_CAPTURE_MPLANE
13584.527873,v4l2_dqbuf,0,VIDEO_CAPTURE_MPLANE
13584.527994,v4l2_dqbuf,0,VIDEO_OUTPUT_MPLANE
13584.536491,v4l2_qbuf,0,VIDEO_OUTPUT_MPLANE
13584.536511,v4l2_qbuf,3,VIDEO_CAPTURE_MPLANE
13584.539599,v4l2_dqbuf,3,VIDEO_CAPTURE_MPLANE
13584.539611,v4l2_dqbuf,0,VIDEO_OUTPUT_MPLANE
13584.554642,v4l2_qbuf,0,VIDEO_OUTPUT_MPLANE
13584.554670,v4l2_qbuf,2,VIDEO_CAPTURE_MPLANE
13584.556811,v4l2_dqbuf,2,VIDEO_CAPTURE_MPLANE
13584.556827,v4l2_dqbuf,0,VIDEO_OUTPUT_MPLANE
13584.586621,v4l2_qbuf,0,VIDEO_OUTPUT_MPLANE
13584.586641,v4l2_qbuf,0,VIDEO_CAPTURE_MPLANE
13584.589777,v4l2_dqbuf,0,VIDEO_CAPTURE_MPLANE
13584.589805,v4l2_dqbuf,0,VIDEO_OUTPUT_MPLANE
13584.589935,v4l2_qbuf,0,VIDEO_OUTPUT_MPLANE
13584.589952,v4l2_qbuf,4,VIDEO_CAPTURE_MPLANE
13584.593264,v4l2_dqbuf,4,VIDEO_CAPTURE_MPLANE
13584.593361,v4l2_dqbuf,0,VIDEO_OUTPUT_MPLANE
13584.603276,v4l2_qbuf,0,VIDEO_OUTPUT_MPLANE
13584.603315,v4l2_qbuf,5,VIDEO_CAPTURE_MPLANE
13584.606513,v4l2_dqbuf,5,VIDEO_CAPTURE_MPLANE
13584.606528,v4l2_dqbuf,0,VIDEO_OUTPUT_MPLANE
13584.619970,v4l2_qbuf,0,VIDEO_OUTPUT_MPLANE
13584.620021,v4l2_qbuf,3,VIDEO_CAPTURE_MPLANE
13584.622240,v4l2_dqbuf,3,VIDEO_CAPTURE_MPLANE
13584.622262,v4l2_dqbuf,0,VIDEO_OUTPUT_MPLANE
13584.653738,v4l2_qbuf,0,VIDEO_OUTPUT_MPLANE
13584.653766,v4l2_qbuf,4,VIDEO_CAPTURE_MPLANE
13584.656895,v4l2_dqbuf,4,VIDEO_CAPTURE_MPLANE
13584.656923,v4l2_dqbuf,0,VIDEO_OUTPUT_MPLANE
13584.657051,v4l2_qbuf,0,VIDEO_OUTPUT_MPLANE
13584.657069,v4l2_qbuf,1,VIDEO_CAPTURE_MPLANE
13584.660305,v4l2_dqbuf,1,VIDEO_CAPTURE_MPLANE
13584.660399,v4l2_dqbuf,0,VIDEO_OUTPUT_MPLANE
13584.670263,v4l2_qbuf,0,VIDEO_OUTPUT_MPLANE
13584.670284,v4l2_qbuf,0,VIDEO_CAPTURE_MPLANE
13584.673386,v4l2_dqbuf,0,VIDEO_CAPTURE_MPLANE
13584.673397,v4l2_dqbuf,0,VIDEO_OUTPUT_MPLANE
13584.686724,v4l2_qbuf,0,VIDEO_OUTPUT_MPLANE
13584.686743,v4l2_qbuf,5,VIDEO_CAPTURE_MPLANE
13584.688927,v4l2_dqbuf,5,VIDEO_CAPTURE_MPLANE
13584.688944,v4l2_dqbuf,0,VIDEO_OUTPUT_MPLANE
13584.719946,v4l2_qbuf,0,VIDEO_OUTPUT_MPLANE
13584.719965,v4l2_qbuf,1,VIDEO_CAPTURE_MPLANE
13584.723166,v4l2_dqbuf,1,VIDEO_CAPTURE_MPLANE
13584.723188,v4l2_dqbuf,0,VIDEO_OUTPUT_MPLANE
13584.723293,v4l2_qbuf,0,VIDEO_OUTPUT_MPLANE
13584.723308,v4l2_qbuf,2,VIDEO_CAPTURE_MPLANE
13584.727679,v4l2_dqbuf,2,VIDEO_CAPTURE_MPLANE
13584.727807,v4l2_dqbuf,0,VIDEO_OUTPUT_MPLANE
13584.736591,v4l2_qbuf,0,VIDEO_OUTPUT_MPLANE
13584.736612,v4l2_qbuf,4,VIDEO_CAPTURE_MPLANE
13584.739788,v4l2_dqbuf,4,VIDEO_CAPTURE_MPLANE
13584.739802,v4l2_dqbuf,0,VIDEO_OUTPUT_MPLANE
13584.754325,v4l2_qbuf,0,VIDEO_OUTPUT_MPLANE
13584.754344,v4l2_qbuf,0,VIDEO_CAPTURE_MPLANE
13584.756661,v4l2_dqbuf,0,VIDEO_CAPTURE_MPLANE
13584.756677,v4l2_dqbuf,0,VIDEO_OUTPUT_MPLANE
13584.787150,v4l2_qbuf,0,VIDEO_OUTPUT_MPLANE
13584.787172,v4l2_qbuf,2,VIDEO_CAPTURE_MPLANE
13584.790280,v4l2_dqbuf,2,VIDEO_CAPTURE_MPLANE
13584.790308,v4l2_dqbuf,0,VIDEO_OUTPUT_MPLANE
13584.790420,v4l2_qbuf,0,VIDEO_OUTPUT_MPLANE
13584.790436,v4l2_qbuf,3,VIDEO_CAPTURE_MPLANE
13584.793746,v4l2_dqbuf,3,VIDEO_CAPTURE_MPLANE
13584.793910,v4l2_dqbuf,0,VIDEO_OUTPUT_MPLANE
13584.803211,v4l2_qbuf,0,VIDEO_OUTPUT_MPLANE
13584.803233,v4l2_qbuf,1,VIDEO_CAPTURE_MPLANE
13584.806556,v4l2_dqbuf,1,VIDEO_CAPTURE_MPLANE
13584.806580,v4l2_dqbuf,0,VIDEO_OUTPUT_MPLANE
13584.819780,v4l2_qbuf,0,VIDEO_OUTPUT_MPLANE
13584.819800,v4l2_qbuf,4,VIDEO_CAPTURE_MPLANE
13584.821899,v4l2_dqbuf,4,VIDEO_CAPTURE_MPLANE
13584.821912,v4l2_dqbuf,0,VIDEO_OUTPUT_MPLANE
13584.838467,v4l2_qbuf,0,VIDEO_OUTPUT_MPLANE
13584.838495,v4l2_qbuf,5,VIDEO_CAPTURE_MPLANE
13584.841940,v4l2_dqbuf,5,VIDEO_CAPTURE_MPLANE
13584.842392,v4l2_dqbuf,0,VIDEO_OUTPUT_MPLANE
13584.853684,v4l2_qbuf,0,VIDEO_OUTPUT_MPLANE
13584.853704,v4l2_qbuf,3,VIDEO_CAPTURE_MPLANE
13584.855891,v4l2_dqbuf,3,VIDEO_CAPTURE_MPLANE
13584.855905,v4l2_dqbuf,0,VIDEO_OUTPUT_MPLANE
13584.872129,v4l2_qbuf,0,VIDEO_OUTPUT_MPLANE
13584.872163,v4l2_qbuf,2,VIDEO_CAPTURE_MPLANE
13584.874397,v4l2_dqbuf,2,VIDEO_CAPTURE_MPLANE
13584.874419,v4l2_dqbuf,0,VIDEO_OUTPUT_MPLANE
13584.890651,v4l2_qbuf,0,VIDEO_OUTPUT_MPLANE
13584.890684,v4l2_qbuf,1,VIDEO_CAPTURE_MPLANE
13584.893984,v4l2_dqbuf,1,VIDEO_CAPTURE_MPLANE
13584.894017,v4l2_dqbuf,0,VIDEO_OUTPUT_MPLANE
13584.905036,v4l2_qbuf,0,VIDEO_OUTPUT_MPLANE
13584.905053,v4l2_qbuf,0,VIDEO_CAPTURE_MPLANE
13584.908126,v4l2_dqbuf,0,VIDEO_CAPTURE_MPLANE
13584.908138,v4l2_dqbuf,0,VIDEO_OUTPUT_MPLANE
13584.921825,v4l2_qbuf,0,VIDEO_OUTPUT_MPLANE
13584.921845,v4l2_qbuf,5,VIDEO_CAPTURE_MPLANE
13584.924230,v4l2_dqbuf,5,VIDEO_CAPTURE_MPLANE
13584.924256,v4l2_dqbuf,0,VIDEO_OUTPUT_MPLANE
13584.939307,v4l2_qbuf,0,VIDEO_OUTPUT_MPLANE
13584.939341,v4l2_qbuf,4,VIDEO_CAPTURE_MPLANE
13584.942469,v4l2_dqbuf,4,VIDEO_CAPTURE_MPLANE
13584.942494,v4l2_dqbuf,0,VIDEO_OUTPUT_MPLANE
13584.957081,v4l2_qbuf,0,VIDEO_OUTPUT_MPLANE
13584.957160,v4l2_qbuf,3,VIDEO_CAPTURE_MPLANE
13584.960673,v4l2_dqbuf,3,VIDEO_CAPTURE_MPLANE
13584.960801,v4l2_dqbuf,0,VIDEO_OUTPUT_MPLANE
13584.971624,v4l2_qbuf,0,VIDEO_OUTPUT_MPLANE
13584.971639,v4l2_qbuf,1,VIDEO_CAPTURE_MPLANE
13584.974759,v4l2_dqbuf,1,VIDEO_CAPTURE_MPLANE
13584.974785,v4l2_dqbuf,0,VIDEO_OUTPUT_MPLANE
13584.990544,v4l2_qbuf,0,VIDEO_OUTPUT_MPLANE
13584.990581,v4l2_qbuf,0,VIDEO_CAPTURE_MPLANE
13584.992947,v4l2_dqbuf,0,VIDEO_CAPTURE_MPLANE
13584.992970,v4l2_dqbuf,0,VIDEO_OUTPUT_MPLANE
13585.006893,v4l2_qbuf,0,VIDEO_OUTPUT_MPLANE
13585.006928,v4l2_qbuf,2,VIDEO_CAPTURE_MPLANE
13585.010274,v4l2_dqbuf,2,VIDEO_CAPTURE_MPLANE
13585.010300,v4l2_dqbuf,0,VIDEO_OUTPUT_MPLANE
13585.024052,v4l2_qbuf,0,VIDEO_OUTPUT_MPLANE
13585.024086,v4l2_qbuf,3,VIDEO_CAPTURE_MPLANE
13585.026320,v4l2_dqbuf,3,VIDEO_CAPTURE_MPLANE
13585.026334,v4l2_dqbuf,0,VIDEO_OUTPUT_MPLANE
13585.057147,v4l2_qbuf,0,VIDEO_OUTPUT_MPLANE
13585.057179,v4l2_qbuf,1,VIDEO_CAPTURE_MPLANE
13585.060315,v4l2_dqbuf,1,VIDEO_CAPTURE_MPLANE
13585.060350,v4l2_dqbuf,0,VIDEO_OUTPUT_MPLANE
13585.060518,v4l2_qbuf,0,VIDEO_OUTPUT_MPLANE
13585.060542,v4l2_qbuf,4,VIDEO_CAPTURE_MPLANE
13585.063685,v4l2_dqbuf,4,VIDEO_CAPTURE_MPLANE
13585.063876,v4l2_dqbuf,0,VIDEO_OUTPUT_MPLANE
13585.073397,v4l2_qbuf,0,VIDEO_OUTPUT_MPLANE
13585.073414,v4l2_qbuf,5,VIDEO_CAPTURE_MPLANE
13585.076686,v4l2_dqbuf,5,VIDEO_CAPTURE_MPLANE
13585.076697,v4l2_dqbuf,0,VIDEO_OUTPUT_MPLANE
13585.090130,v4l2_qbuf,0,VIDEO_OUTPUT_MPLANE
13585.090148,v4l2_qbuf,2,VIDEO_CAPTURE_MPLANE
13585.092267,v4l2_dqbuf,2,VIDEO_CAPTURE_MPLANE
13585.092278,v4l2_dqbuf,0,VIDEO_OUTPUT_MPLANE
13585.123779,v4l2_qbuf,0,VIDEO_OUTPUT_MPLANE
13585.123812,v4l2_qbuf,4,VIDEO_CAPTURE_MPLANE
13585.127046,v4l2_dqbuf,4,VIDEO_CAPTURE_MPLANE
13585.127081,v4l2_dqbuf,0,VIDEO_OUTPUT_MPLANE
13585.127251,v4l2_qbuf,0,VIDEO_OUTPUT_MPLANE
13585.127273,v4l2_qbuf,0,VIDEO_CAPTURE_MPLANE
13585.132065,v4l2_dqbuf,0,VIDEO_CAPTURE_MPLANE
13585.132168,v4l2_dqbuf,0,VIDEO_OUTPUT_MPLANE
13585.139948,v4l2_qbuf,0,VIDEO_OUTPUT_MPLANE
13585.139962,v4l2_qbuf,1,VIDEO_CAPTURE_MPLANE
13585.143113,v4l2_dqbuf,1,VIDEO_CAPTURE_MPLANE
13585.143124,v4l2_dqbuf,0,VIDEO_OUTPUT_MPLANE
13585.156612,v4l2_qbuf,0,VIDEO_OUTPUT_MPLANE
13585.156631,v4l2_qbuf,5,VIDEO_CAPTURE_MPLANE
13585.158833,v4l2_dqbuf,5,VIDEO_CAPTURE_MPLANE
13585.158847,v4l2_dqbuf,0,VIDEO_OUTPUT_MPLANE
13585.190181,v4l2_qbuf,0,VIDEO_OUTPUT_MPLANE
13585.190203,v4l2_qbuf,0,VIDEO_CAPTURE_MPLANE
13585.193424,v4l2_dqbuf,0,VIDEO_CAPTURE_MPLANE
13585.193472,v4l2_dqbuf,0,VIDEO_OUTPUT_MPLANE
13585.193662,v4l2_qbuf,0,VIDEO_OUTPUT_MPLANE
13585.193683,v4l2_qbuf,3,VIDEO_CAPTURE_MPLANE
13585.196895,v4l2_dqbuf,3,VIDEO_CAPTURE_MPLANE
13585.197066,v4l2_dqbuf,0,VIDEO_OUTPUT_MPLANE
13585.206650,v4l2_qbuf,0,VIDEO_OUTPUT_MPLANE
13585.206664,v4l2_qbuf,4,VIDEO_CAPTURE_MPLANE
13585.209857,v4l2_dqbuf,4,VIDEO_CAPTURE_MPLANE
13585.209881,v4l2_dqbuf,0,VIDEO_OUTPUT_MPLANE
13585.223496,v4l2_qbuf,0,VIDEO_OUTPUT_MPLANE
13585.223536,v4l2_qbuf,1,VIDEO_CAPTURE_MPLANE
13585.225791,v4l2_dqbuf,1,VIDEO_CAPTURE_MPLANE
13585.225813,v4l2_dqbuf,0,VIDEO_OUTPUT_MPLANE
13585.257153,v4l2_qbuf,0,VIDEO_OUTPUT_MPLANE
13585.257186,v4l2_qbuf,3,VIDEO_CAPTURE_MPLANE
13585.260547,v4l2_dqbuf,3,VIDEO_CAPTURE_MPLANE
13585.260580,v4l2_dqbuf,0,VIDEO_OUTPUT_MPLANE
13585.260716,v4l2_qbuf,0,VIDEO_OUTPUT_MPLANE
13585.260735,v4l2_qbuf,2,VIDEO_CAPTURE_MPLANE
13585.263910,v4l2_dqbuf,2,VIDEO_CAPTURE_MPLANE
13585.264027,v4l2_dqbuf,0,VIDEO_OUTPUT_MPLANE
13585.273806,v4l2_qbuf,0,VIDEO_OUTPUT_MPLANE
13585.273825,v4l2_qbuf,0,VIDEO_CAPTURE_MPLANE
13585.276936,v4l2_dqbuf,0,VIDEO_CAPTURE_MPLANE
13585.276950,v4l2_dqbuf,0,VIDEO_OUTPUT_MPLANE
13585.290161,v4l2_qbuf,0,VIDEO_OUTPUT_MPLANE
13585.290178,v4l2_qbuf,4,VIDEO_CAPTURE_MPLANE
13585.292401,v4l2_dqbuf,4,VIDEO_CAPTURE_MPLANE
13585.292424,v4l2_dqbuf,0,VIDEO_OUTPUT_MPLANE
13585.324491,v4l2_qbuf,0,VIDEO_OUTPUT_MPLANE
13585.324566,v4l2_qbuf,2,VIDEO_CAPTURE_MPLANE
13585.327921,v4l2_dqbuf,2,VIDEO_CAPTURE_MPLANE
13585.327947,v4l2_dqbuf,0,VIDEO_OUTPUT_MPLANE
13585.328072,v4l2_qbuf,0,VIDEO_OUTPUT_MPLANE
13585.328086,v4l2_qbuf,5,VIDEO_CAPTURE_MPLANE
13585.331824,v4l2_dqbuf,5,VIDEO_CAPTURE_MPLANE
13585.332094,v4l2_dqbuf,0,VIDEO_OUTPUT_MPLANE
13585.340149,v4l2_qbuf,0,VIDEO_OUTPUT_MPLANE
13585.340170,v4l2_qbuf,3,VIDEO_CAPTURE_MPLANE
13585.343348,v4l2_dqbuf,3,VIDEO_CAPTURE_MPLANE
13585.343363,v4l2_dqbuf,0,VIDEO_OUTPUT_MPLANE
13585.357138,v4l2_qbuf,0,VIDEO_OUTPUT_MPLANE
13585.357157,v4l2_qbuf,0,VIDEO_CAPTURE_MPLANE
13585.359440,v4l2_dqbuf,0,VIDEO_CAPTURE_MPLANE
13585.359453,v4l2_dqbuf,0,VIDEO_OUTPUT_MPLANE
13585.390688,v4l2_qbuf,0,VIDEO_OUTPUT_MPLANE
13585.390709,v4l2_qbuf,5,VIDEO_CAPTURE_MPLANE
13585.393867,v4l2_dqbuf,5,VIDEO_CAPTURE_MPLANE
13585.393885,v4l2_dqbuf,0,VIDEO_OUTPUT_MPLANE
13585.393974,v4l2_qbuf,0,VIDEO_OUTPUT_MPLANE
13585.393985,v4l2_qbuf,1,VIDEO_CAPTURE_MPLANE
13585.397188,v4l2_dqbuf,1,VIDEO_CAPTURE_MPLANE
13585.397275,v4l2_dqbuf,0,VIDEO_OUTPUT_MPLANE
13585.406672,v4l2_qbuf,0,VIDEO_OUTPUT_MPLANE
13585.406694,v4l2_qbuf,2,VIDEO_CAPTURE_MPLANE
13585.409984,v4l2_dqbuf,2,VIDEO_CAPTURE_MPLANE
13585.410050,v4l2_dqbuf,0,VIDEO_OUTPUT_MPLANE
13585.423639,v4l2_qbuf,0,VIDEO_OUTPUT_MPLANE
13585.423723,v4l2_qbuf,3,VIDEO_CAPTURE_MPLANE
13585.426166,v4l2_dqbuf,3,VIDEO_CAPTURE_MPLANE
13585.426195,v4l2_dqbuf,0,VIDEO_OUTPUT_MPLANE
13585.457195,v4l2_qbuf,0,VIDEO_OUTPUT_MPLANE
13585.457224,v4l2_qbuf,1,VIDEO_CAPTURE_MPLANE
13585.460413,v4l2_dqbuf,1,VIDEO_CAPTURE_MPLANE
13585.460442,v4l2_dqbuf,0,VIDEO_OUTPUT_MPLANE
13585.460571,v4l2_qbuf,0,VIDEO_OUTPUT_MPLANE
13585.460593,v4l2_qbuf,4,VIDEO_CAPTURE_MPLANE
13585.463847,v4l2_dqbuf,4,VIDEO_CAPTURE_MPLANE
13585.463933,v4l2_dqbuf,0,VIDEO_OUTPUT_MPLANE
13585.473765,v4l2_qbuf,0,VIDEO_OUTPUT_MPLANE
13585.473792,v4l2_qbuf,5,VIDEO_CAPTURE_MPLANE
13585.477012,v4l2_dqbuf,5,VIDEO_CAPTURE_MPLANE
13585.477026,v4l2_dqbuf,0,VIDEO_OUTPUT_MPLANE
13585.490417,v4l2_qbuf,0,VIDEO_OUTPUT_MPLANE
13585.490436,v4l2_qbuf,2,VIDEO_CAPTURE_MPLANE
13585.492573,v4l2_dqbuf,2,VIDEO_CAPTURE_MPLANE
13585.492585,v4l2_dqbuf,0,VIDEO_OUTPUT_MPLANE
13585.523432,v4l2_qbuf,0,VIDEO_OUTPUT_MPLANE
13585.523458,v4l2_qbuf,4,VIDEO_CAPTURE_MPLANE
13585.526751,v4l2_dqbuf,4,VIDEO_CAPTURE_MPLANE
13585.526774,v4l2_dqbuf,0,VIDEO_OUTPUT_MPLANE
13585.526896,v4l2_qbuf,0,VIDEO_OUTPUT_MPLANE
13585.526913,v4l2_qbuf,0,VIDEO_CAPTURE_MPLANE
13585.530013,v4l2_dqbuf,0,VIDEO_CAPTURE_MPLANE
13585.530099,v4l2_dqbuf,0,VIDEO_OUTPUT_MPLANE
13585.540567,v4l2_qbuf,0,VIDEO_OUTPUT_MPLANE
13585.540585,v4l2_qbuf,1,VIDEO_CAPTURE_MPLANE
13585.543827,v4l2_dqbuf,1,VIDEO_CAPTURE_MPLANE
13585.543842,v4l2_dqbuf,0,VIDEO_OUTPUT_MPLANE
13585.556869,v4l2_qbuf,0,VIDEO_OUTPUT_MPLANE
13585.556899,v4l2_qbuf,5,VIDEO_CAPTURE_MPLANE
13585.559047,v4l2_dqbuf,5,VIDEO_CAPTURE_MPLANE
13585.559068,v4l2_dqbuf,0,VIDEO_OUTPUT_MPLANE
13585.590482,v4l2_qbuf,0,VIDEO_OUTPUT_MPLANE
13585.590520,v4l2_qbuf,0,VIDEO_CAPTURE_MPLANE
13585.593848,v4l2_dqbuf,0,VIDEO_CAPTURE_MPLANE
13585.593897,v4l2_dqbuf,0,VIDEO_OUTPUT_MPLANE
13585.594112,v4l2_qbuf,0,VIDEO_OUTPUT_MPLANE
13585.594143,v4l2_qbuf,3,VIDEO_CAPTURE_MPLANE
13585.597438,v4l2_dqbuf,3,VIDEO_CAPTURE_MPLANE
13585.597550,v4l2_dqbuf,0,VIDEO_OUTPUT_MPLANE
13585.607110,v4l2_qbuf,0,VIDEO_OUTPUT_MPLANE
13585.607138,v4l2_qbuf,4,VIDEO_CAPTURE_MPLANE
13585.610441,v4l2_dqbuf,4,VIDEO_CAPTURE_MPLANE
13585.610468,v4l2_dqbuf,0,VIDEO_OUTPUT_MPLANE
13585.623898,v4l2_qbuf,0,VIDEO_OUTPUT_MPLANE
13585.623936,v4l2_qbuf,1,VIDEO_CAPTURE_MPLANE
13585.626333,v4l2_dqbuf,1,VIDEO_CAPTURE_MPLANE
13585.626359,v4l2_dqbuf,0,VIDEO_OUTPUT_MPLANE
13585.657222,v4l2_qbuf,0,VIDEO_OUTPUT_MPLANE
13585.657243,v4l2_qbuf,3,VIDEO_CAPTURE_MPLANE
13585.660427,v4l2_dqbuf,3,VIDEO_CAPTURE_MPLANE
13585.660450,v4l2_dqbuf,0,VIDEO_OUTPUT_MPLANE
13585.660566,v4l2_qbuf,0,VIDEO_OUTPUT_MPLANE
13585.660582,v4l2_qbuf,2,VIDEO_CAPTURE_MPLANE
13585.663852,v4l2_dqbuf,2,VIDEO_CAPTURE_MPLANE
13585.663962,v4l2_dqbuf,0,VIDEO_OUTPUT_MPLANE
13585.673829,v4l2_qbuf,0,VIDEO_OUTPUT_MPLANE
13585.673848,v4l2_qbuf,0,VIDEO_CAPTURE_MPLANE
13585.677086,v4l2_dqbuf,0,VIDEO_CAPTURE_MPLANE
13585.677101,v4l2_dqbuf,0,VIDEO_OUTPUT_MPLANE
13585.690486,v4l2_qbuf,0,VIDEO_OUTPUT_MPLANE
13585.690519,v4l2_qbuf,4,VIDEO_CAPTURE_MPLANE
13585.692736,v4l2_dqbuf,4,VIDEO_CAPTURE_MPLANE
13585.692753,v4l2_dqbuf,0,VIDEO_OUTPUT_MPLANE
13585.723996,v4l2_qbuf,0,VIDEO_OUTPUT_MPLANE
13585.724029,v4l2_qbuf,2,VIDEO_CAPTURE_MPLANE
13585.727266,v4l2_dqbuf,2,VIDEO_CAPTURE_MPLANE
13585.727314,v4l2_dqbuf,0,VIDEO_OUTPUT_MPLANE
13585.727521,v4l2_qbuf,0,VIDEO_OUTPUT_MPLANE
13585.727543,v4l2_qbuf,5,VIDEO_CAPTURE_MPLANE
13585.730805,v4l2_dqbuf,5,VIDEO_CAPTURE_MPLANE
13585.730873,v4l2_dqbuf,0,VIDEO_OUTPUT_MPLANE
13585.740262,v4l2_qbuf,0,VIDEO_OUTPUT_MPLANE
13585.740281,v4l2_qbuf,3,VIDEO_CAPTURE_MPLANE
13585.743609,v4l2_dqbuf,3,VIDEO_CAPTURE_MPLANE
13585.743624,v4l2_dqbuf,0,VIDEO_OUTPUT_MPLANE
13585.756778,v4l2_qbuf,0,VIDEO_OUTPUT_MPLANE
13585.756799,v4l2_qbuf,0,VIDEO_CAPTURE_MPLANE
13585.758970,v4l2_dqbuf,0,VIDEO_CAPTURE_MPLANE
13585.758984,v4l2_dqbuf,0,VIDEO_OUTPUT_MPLANE
13585.790318,v4l2_qbuf,0,VIDEO_OUTPUT_MPLANE
13585.790338,v4l2_qbuf,5,VIDEO_CAPTURE_MPLANE
13585.793660,v4l2_dqbuf,5,VIDEO_CAPTURE_MPLANE
13585.793690,v4l2_dqbuf,0,VIDEO_OUTPUT_MPLANE
13585.793817,v4l2_qbuf,0,VIDEO_OUTPUT_MPLANE
13585.793834,v4l2_qbuf,1,VIDEO_CAPTURE_MPLANE
13585.796995,v4l2_dqbuf,1,VIDEO_CAPTURE_MPLANE
13585.797111,v4l2_dqbuf,0,VIDEO_OUTPUT_MPLANE
13585.806956,v4l2_qbuf,0,VIDEO_OUTPUT_MPLANE
13585.806975,v4l2_qbuf,2,VIDEO_CAPTURE_MPLANE
13585.810167,v4l2_dqbuf,2,VIDEO_CAPTURE_MPLANE
13585.810185,v4l2_dqbuf,0,VIDEO_OUTPUT_MPLANE
13585.823784,v4l2_qbuf,0,VIDEO_OUTPUT_MPLANE
13585.823838,v4l2_qbuf,3,VIDEO_CAPTURE_MPLANE
13585.826143,v4l2_dqbuf,3,VIDEO_CAPTURE_MPLANE
13585.826160,v4l2_dqbuf,0,VIDEO_OUTPUT_MPLANE
13585.840277,v4l2_qbuf,0,VIDEO_OUTPUT_MPLANE
13585.840421,v4l2_qbuf,4,VIDEO_CAPTURE_MPLANE
13585.843762,v4l2_dqbuf,4,VIDEO_CAPTURE_MPLANE
13585.843935,v4l2_dqbuf,0,VIDEO_OUTPUT_MPLANE
13585.856953,v4l2_qbuf,0,VIDEO_OUTPUT_MPLANE
13585.856973,v4l2_qbuf,1,VIDEO_CAPTURE_MPLANE
13585.858945,v4l2_dqbuf,1,VIDEO_CAPTURE_MPLANE
13585.858956,v4l2_dqbuf,0,VIDEO_OUTPUT_MPLANE
13585.873727,v4l2_qbuf,0,VIDEO_OUTPUT_MPLANE
13585.873746,v4l2_qbuf,5,VIDEO_CAPTURE_MPLANE
13585.875850,v4l2_dqbuf,5,VIDEO_CAPTURE_MPLANE
13585.875863,v4l2_dqbuf,0,VIDEO_OUTPUT_MPLANE
13585.890672,v4l2_qbuf,0,VIDEO_OUTPUT_MPLANE
13585.890710,v4l2_qbuf,2,VIDEO_CAPTURE_MPLANE
13585.893939,v4l2_dqbuf,2,VIDEO_CAPTURE_MPLANE
13585.893955,v4l2_dqbuf,0,VIDEO_OUTPUT_MPLANE
13585.906899,v4l2_qbuf,0,VIDEO_OUTPUT_MPLANE
13585.906994,v4l2_qbuf,0,VIDEO_CAPTURE_MPLANE
13585.910237,v4l2_dqbuf,0,VIDEO_CAPTURE_MPLANE
13585.910331,v4l2_dqbuf,0,VIDEO_OUTPUT_MPLANE
13585.923692,v4l2_qbuf,0,VIDEO_OUTPUT_MPLANE
13585.923762,v4l2_qbuf,4,VIDEO_CAPTURE_MPLANE
13585.927069,v4l2_dqbuf,4,VIDEO_CAPTURE_MPLANE
13585.927081,v4l2_dqbuf,0,VIDEO_OUTPUT_MPLANE
13585.940432,v4l2_qbuf,0,VIDEO_OUTPUT_MPLANE
13585.940478,v4l2_qbuf,3,VIDEO_CAPTURE_MPLANE
13585.942790,v4l2_dqbuf,3,VIDEO_CAPTURE_MPLANE
13585.942804,v4l2_dqbuf,0,VIDEO_OUTPUT_MPLANE
13585.973787,v4l2_qbuf,0,VIDEO_OUTPUT_MPLANE
13585.973810,v4l2_qbuf,0,VIDEO_CAPTURE_MPLANE
13585.978479,v4l2_dqbuf,0,VIDEO_CAPTURE_MPLANE
13585.978557,v4l2_dqbuf,0,VIDEO_OUTPUT_MPLANE
13585.978776,v4l2_qbuf,0,VIDEO_OUTPUT_MPLANE
13585.978840,v4l2_qbuf,1,VIDEO_CAPTURE_MPLANE
13585.982076,v4l2_dqbuf,1,VIDEO_CAPTURE_MPLANE
13585.982179,v4l2_dqbuf,0,VIDEO_OUTPUT_MPLANE
13585.990498,v4l2_qbuf,0,VIDEO_OUTPUT_MPLANE
13585.990514,v4l2_qbuf,2,VIDEO_CAPTURE_MPLANE
13585.993574,v4l2_dqbuf,2,VIDEO_CAPTURE_MPLANE
13585.993585,v4l2_dqbuf,0,VIDEO_OUTPUT_MPLANE
13586.006927,v4l2_qbuf,0,VIDEO_OUTPUT_MPLANE
13586.006954,v4l2_qbuf,4,VIDEO_CAPTURE_MPLANE
13586.009110,v4l2_dqbuf,4,VIDEO_CAPTURE_MPLANE
13586.009124,v4l2_dqbuf,0,VIDEO_OUTPUT_MPLANE
13586.040263,v4l2_qbuf,0,VIDEO_OUTPUT_MPLANE
13586.040283,v4l2_qbuf,1,VIDEO_CAPTURE_MPLANE
13586.043396,v4l2_dqbuf,1,VIDEO_CAPTURE_MPLANE
13586.043421,v4l2_dqbuf,0,VIDEO_OUTPUT_MPLANE
13586.043543,v4l2_qbuf,0,VIDEO_OUTPUT_MPLANE
13586.043559,v4l2_qbuf,5,VIDEO_CAPTURE_MPLANE
13586.048217,v4l2_dqbuf,5,VIDEO_CAPTURE_MPLANE
13586.048324,v4l2_dqbuf,0,VIDEO_OUTPUT_MPLANE
13586.057341,v4l2_qbuf,0,VIDEO_OUTPUT_MPLANE
13586.057362,v4l2_qbuf,0,VIDEO_CAPTURE_MPLANE
13586.060574,v4l2_dqbuf,0,VIDEO_CAPTURE_MPLANE
13586.060588,v4l2_dqbuf,0,VIDEO_OUTPUT_MPLANE
13586.073972,v4l2_qbuf,0,VIDEO_OUTPUT_MPLANE
13586.074036,v4l2_qbuf,2,VIDEO_CAPTURE_MPLANE
13586.076364,v4l2_dqbuf,2,VIDEO_CAPTURE_MPLANE
13586.076387,v4l2_dqbuf,0,VIDEO_OUTPUT_MPLANE
13586.107262,v4l2_qbuf,0,VIDEO_OUTPUT_MPLANE
13586.107283,v4l2_qbuf,5,VIDEO_CAPTURE_MPLANE
13586.110580,v4l2_dqbuf,5,VIDEO_CAPTURE_MPLANE
13586.110604,v4l2_dqbuf,0,VIDEO_OUTPUT_MPLANE
13586.110723,v4l2_qbuf,0,VIDEO_OUTPUT_MPLANE
13586.110739,v4l2_qbuf,3,VIDEO_CAPTURE_MPLANE
13586.113975,v4l2_dqbuf,3,VIDEO_CAPTURE_MPLANE
13586.114076,v4l2_dqbuf,0,VIDEO_OUTPUT_MPLANE
13586.123461,v4l2_qbuf,0,VIDEO_OUTPUT_MPLANE
13586.123481,v4l2_qbuf,1,VIDEO_CAPTURE_MPLANE
13586.126790,v4l2_dqbuf,1,VIDEO_CAPTURE_MPLANE
13586.126805,v4l2_dqbuf,0,VIDEO_OUTPUT_MPLANE
13586.140225,v4l2_qbuf,0,VIDEO_OUTPUT_MPLANE
13586.140245,v4l2_qbuf,0,VIDEO_CAPTURE_MPLANE
13586.142534,v4l2_dqbuf,0,VIDEO_CAPTURE_MPLANE
13586.142551,v4l2_dqbuf,0,VIDEO_OUTPUT_MPLANE
13586.190358,v4l2_qbuf,0,VIDEO_OUTPUT_MPLANE
13586.190392,v4l2_qbuf,3,VIDEO_CAPTURE_MPLANE
13586.193687,v4l2_dqbuf,3,VIDEO_CAPTURE_MPLANE
13586.193884,v4l2_dqbuf,0,VIDEO_OUTPUT_MPLANE
13586.193990,v4l2_qbuf,0,VIDEO_OUTPUT_MPLANE
13586.194022,v4l2_qbuf,4,VIDEO_CAPTURE_MPLANE
13586.197302,v4l2_dqbuf,4,VIDEO_CAPTURE_MPLANE
13586.197384,v4l2_dqbuf,0,VIDEO_OUTPUT_MPLANE
13586.207094,v4l2_qbuf,0,VIDEO_OUTPUT_MPLANE
13586.207136,v4l2_qbuf,5,VIDEO_CAPTURE_MPLANE
13586.210529,v4l2_dqbuf,5,VIDEO_CAPTURE_MPLANE
13586.210542,v4l2_dqbuf,0,VIDEO_OUTPUT_MPLANE
13586.223812,v4l2_qbuf,0,VIDEO_OUTPUT_MPLANE
13586.223847,v4l2_qbuf,1,VIDEO_CAPTURE_MPLANE
13586.226163,v4l2_dqbuf,1,VIDEO_CAPTURE_MPLANE
13586.226178,v4l2_dqbuf,0,VIDEO_OUTPUT_MPLANE
13586.256973,v4l2_qbuf,0,VIDEO_OUTPUT_MPLANE
13586.257036,v4l2_qbuf,4,VIDEO_CAPTURE_MPLANE
13586.263172,v4l2_dqbuf,4,VIDEO_CAPTURE_MPLANE
13586.263214,v4l2_dqbuf,0,VIDEO_OUTPUT_MPLANE
13586.263407,v4l2_qbuf,0,VIDEO_OUTPUT_MPLANE
13586.263465,v4l2_qbuf,2,VIDEO_CAPTURE_MPLANE
13586.266800,v4l2_dqbuf,2,VIDEO_CAPTURE_MPLANE
13586.266875,v4l2_dqbuf,0,VIDEO_OUTPUT_MPLANE
13586.278929,v4l2_qbuf,0,VIDEO_OUTPUT_MPLANE
13586.278948,v4l2_qbuf,3,VIDEO_CAPTURE_MPLANE
13586.282215,v4l2_dqbuf,3,VIDEO_CAPTURE_MPLANE
13586.282237,v4l2_dqbuf,0,VIDEO_OUTPUT_MPLANE
13586.290294,v4l2_qbuf,0,VIDEO_OUTPUT_MPLANE
13586.290315,v4l2_qbuf,5,VIDEO_CAPTURE_MPLANE
13586.292491,v4l2_dqbuf,5,VIDEO_CAPTURE_MPLANE
13586.292514,v4l2_dqbuf,0,VIDEO_OUTPUT_MPLANE
13586.323553,v4l2_qbuf,0,VIDEO_OUTPUT_MPLANE
13586.323619,v4l2_qbuf,2,VIDEO_CAPTURE_MPLANE
13586.326834,v4l2_dqbuf,2,VIDEO_CAPTURE_MPLANE
13586.326852,v4l2_dqbuf,0,VIDEO_OUTPUT_MPLANE
13586.326951,v4l2_qbuf,0,VIDEO_OUTPUT_MPLANE
13586.326964,v4l2_qbuf,0,VIDEO_CAPTURE_MPLANE
13586.331016,v4l2_dqbuf,0,VIDEO_CAPTURE_MPLANE
13586.331129,v4l2_dqbuf,0,VIDEO_OUTPUT_MPLANE
13586.345995,v4l2_qbuf,0,VIDEO_OUTPUT_MPLANE
13586.346076,v4l2_qbuf,4,VIDEO_CAPTURE_MPLANE
13586.349450,v4l2_dqbuf,4,VIDEO_CAPTURE_MPLANE
13586.349464,v4l2_dqbuf,0,VIDEO_OUTPUT_MPLANE
13586.356724,v4l2_qbuf,0,VIDEO_OUTPUT_MPLANE
13586.356745,v4l2_qbuf,3,VIDEO_CAPTURE_MPLANE
13586.358922,v4l2_dqbuf,3,VIDEO_CAPTURE_MPLANE
13586.358943,v4l2_dqbuf,0,VIDEO_OUTPUT_MPLANE
13586.395064,v4l2_qbuf,0,VIDEO_OUTPUT_MPLANE
13586.395084,v4l2_qbuf,0,VIDEO_CAPTURE_MPLANE
13586.398337,v4l2_dqbuf,0,VIDEO_CAPTURE_MPLANE
13586.398377,v4l2_dqbuf,0,VIDEO_OUTPUT_MPLANE
13586.398564,v4l2_qbuf,0,VIDEO_OUTPUT_MPLANE
13586.398587,v4l2_qbuf,1,VIDEO_CAPTURE_MPLANE
13586.401911,v4l2_dqbuf,1,VIDEO_CAPTURE_MPLANE
13586.402066,v4l2_dqbuf,0,VIDEO_OUTPUT_MPLANE
13586.411153,v4l2_qbuf,0,VIDEO_OUTPUT_MPLANE
13586.411182,v4l2_qbuf,2,VIDEO_CAPTURE_MPLANE
13586.414367,v4l2_dqbuf,2,VIDEO_CAPTURE_MPLANE
13586.414385,v4l2_dqbuf,0,VIDEO_OUTPUT_MPLANE
13586.424827,v4l2_qbuf,0,VIDEO_OUTPUT_MPLANE
13586.424842,v4l2_qbuf,4,VIDEO_CAPTURE_MPLANE
13586.427072,v4l2_dqbuf,4,VIDEO_CAPTURE_MPLANE
13586.427093,v4l2_dqbuf,0,VIDEO_OUTPUT_MPLANE
13586.458330,v4l2_qbuf,0,VIDEO_OUTPUT_MPLANE
13586.458346,v4l2_qbuf,1,VIDEO_CAPTURE_MPLANE
13586.461834,v4l2_dqbuf,1,VIDEO_CAPTURE_MPLANE
13586.461880,v4l2_dqbuf,0,VIDEO_OUTPUT_MPLANE
13586.462122,v4l2_qbuf,0,VIDEO_OUTPUT_MPLANE
13586.462150,v4l2_qbuf,5,VIDEO_CAPTURE_MPLANE
13586.465333,v4l2_dqbuf,5,VIDEO_CAPTURE_MPLANE
13586.465439,v4l2_dqbuf,0,VIDEO_OUTPUT_MPLANE
13586.475075,v4l2_qbuf,0,VIDEO_OUTPUT_MPLANE
13586.475095,v4l2_qbuf,0,VIDEO_CAPTURE_MPLANE
13586.478593,v4l2_dqbuf,0,VIDEO_CAPTURE_MPLANE
13586.478609,v4l2_dqbuf,0,VIDEO_OUTPUT_MPLANE
13586.491702,v4l2_qbuf,0,VIDEO_OUTPUT_MPLANE
13586.491721,v4l2_qbuf,2,VIDEO_CAPTURE_MPLANE
13586.493839,v4l2_dqbuf,2,VIDEO_CAPTURE_MPLANE
13586.493855,v4l2_dqbuf,0,VIDEO_OUTPUT_MPLANE
13586.527175,v4l2_qbuf,0,VIDEO_OUTPUT_MPLANE
13586.527204,v4l2_qbuf,5,VIDEO_CAPTURE_MPLANE
13586.530648,v4l2_dqbuf,5,VIDEO_CAPTURE_MPLANE
13586.530674,v4l2_dqbuf,0,VIDEO_OUTPUT_MPLANE
13586.530803,v4l2_qbuf,0,VIDEO_OUTPUT_MPLANE
13586.530822,v4l2_qbuf,3,VIDEO_CAPTURE_MPLANE
13586.535102,v4l2_dqbuf,3,VIDEO_CAPTURE_MPLANE
13586.535236,v4l2_dqbuf,0,VIDEO_OUTPUT_MPLANE
13586.547742,v4l2_qbuf,0,VIDEO_OUTPUT_MPLANE
13586.547783,v4l2_qbuf,1,VIDEO_CAPTURE_MPLANE
13586.551195,v4l2_dqbuf,1,VIDEO_CAPTURE_MPLANE
13586.551206,v4l2_dqbuf,0,VIDEO_OUTPUT_MPLANE
13586.558617,v4l2_qbuf,0,VIDEO_OUTPUT_MPLANE
13586.558639,v4l2_qbuf,0,VIDEO_CAPTURE_MPLANE
13586.560884,v4l2_dqbuf,0,VIDEO_CAPTURE_MPLANE
13586.560915,v4l2_dqbuf,0,VIDEO_OUTPUT_MPLANE
13586.591810,v4l2_qbuf,0,VIDEO_OUTPUT_MPLANE
13586.591831,v4l2_qbuf,3,VIDEO_CAPTURE_MPLANE
13586.595035,v4l2_dqbuf,3,VIDEO_CAPTURE_MPLANE
13586.595058,v4l2_dqbuf,0,VIDEO_OUTPUT_MPLANE
13586.595173,v4l2_qbuf,0,VIDEO_OUTPUT_MPLANE
13586.595189,v4l2_qbuf,4,VIDEO_CAPTURE_MPLANE
13586.598364,v4l2_dqbuf,4,VIDEO_CAPTURE_MPLANE
13586.598452,v4l2_dqbuf,0,VIDEO_OUTPUT_MPLANE
13586.615556,v4l2_qbuf,0,VIDEO_OUTPUT_MPLANE
13586.615576,v4l2_qbuf,5,VIDEO_CAPTURE_MPLANE
13586.619016,v4l2_dqbuf,5,VIDEO_CAPTURE_MPLANE
13586.619032,v4l2_dqbuf,0,VIDEO_OUTPUT_MPLANE
13586.625017,v4l2_qbuf,0,VIDEO_OUTPUT_MPLANE
13586.625045,v4l2_qbuf,1,VIDEO_CAPTURE_MPLANE
13586.627275,v4l2_dqbuf,1,VIDEO_CAPTURE_MPLANE
13586.627289,v4l2_dqbuf,0,VIDEO_OUTPUT_MPLANE
13586.659056,v4l2_qbuf,0,VIDEO_OUTPUT_MPLANE
13586.659101,v4l2_qbuf,4,VIDEO_CAPTURE_MPLANE
13586.665115,v4l2_dqbuf,4,VIDEO_CAPTURE_MPLANE
13586.665175,v4l2_dqbuf,0,VIDEO_OUTPUT_MPLANE
13586.665431,v4l2_qbuf,0,VIDEO_OUTPUT_MPLANE
13586.665471,v4l2_qbuf,2,VIDEO_CAPTURE_MPLANE
13586.668764,v4l2_dqbuf,2,VIDEO_CAPTURE_MPLANE
13586.668859,v4l2_dqbuf,0,VIDEO_OUTPUT_MPLANE
13586.681785,v4l2_qbuf,0,VIDEO_OUTPUT_MPLANE
13586.681805,v4l2_qbuf,3,VIDEO_CAPTURE_MPLANE
13586.685174,v4l2_dqbuf,3,VIDEO_CAPTURE_MPLANE
13586.685188,v4l2_dqbuf,0,VIDEO_OUTPUT_MPLANE
13586.691677,v4l2_qbuf,0,VIDEO_OUTPUT_MPLANE
13586.691704,v4l2_qbuf,5,VIDEO_CAPTURE_MPLANE
13586.694000,v4l2_dqbuf,5,VIDEO_CAPTURE_MPLANE
13586.694022,v4l2_dqbuf,0,VIDEO_OUTPUT_MPLANE
13586.725304,v4l2_qbuf,0,VIDEO_OUTPUT_MPLANE
13586.725326,v4l2_qbuf,2,VIDEO_CAPTURE_MPLANE
13586.728713,v4l2_dqbuf,2,VIDEO_CAPTURE_MPLANE
13586.728750,v4l2_dqbuf,0,VIDEO_OUTPUT_MPLANE
13586.729055,v4l2_qbuf,0,VIDEO_OUTPUT_MPLANE
13586.729076,v4l2_qbuf,0,VIDEO_CAPTURE_MPLANE
13586.732243,v4l2_dqbuf,0,VIDEO_CAPTURE_MPLANE
13586.732363,v4l2_dqbuf,0,VIDEO_OUTPUT_MPLANE
13586.745654,v4l2_qbuf,0,VIDEO_OUTPUT_MPLANE
13586.745717,v4l2_qbuf,4,VIDEO_CAPTURE_MPLANE
13586.749170,v4l2_dqbuf,4,VIDEO_CAPTURE_MPLANE
13586.749214,v4l2_dqbuf,0,VIDEO_OUTPUT_MPLANE
13586.758912,v4l2_qbuf,0,VIDEO_OUTPUT_MPLANE
13586.758933,v4l2_qbuf,3,VIDEO_CAPTURE_MPLANE
13586.761373,v4l2_dqbuf,3,VIDEO_CAPTURE_MPLANE
13586.761391,v4l2_dqbuf,0,VIDEO_OUTPUT_MPLANE
13586.792143,v4l2_qbuf,0,VIDEO_OUTPUT_MPLANE
13586.792164,v4l2_qbuf,0,VIDEO_CAPTURE_MPLANE
13586.795576,v4l2_dqbuf,0,VIDEO_CAPTURE_MPLANE
13586.795598,v4l2_dqbuf,0,VIDEO_OUTPUT_MPLANE
13586.795722,v4l2_qbuf,0,VIDEO_OUTPUT_MPLANE
13586.795739,v4l2_qbuf,1,VIDEO_CAPTURE_MPLANE
13586.799221,v4l2_dqbuf,1,VIDEO_CAPTURE_MPLANE
13586.799330,v4l2_dqbuf,0,VIDEO_OUTPUT_MPLANE
13586.808603,v4l2_qbuf,0,VIDEO_OUTPUT_MPLANE
13586.808623,v4l2_qbuf,2,VIDEO_CAPTURE_MPLANE
13586.811864,v4l2_dqbuf,2,VIDEO_CAPTURE_MPLANE
13586.811878,v4l2_dqbuf,0,VIDEO_OUTPUT_MPLANE
13586.826252,v4l2_qbuf,0,VIDEO_OUTPUT_MPLANE
13586.826281,v4l2_qbuf,4,VIDEO_CAPTURE_MPLANE
13586.828597,v4l2_dqbuf,4,VIDEO_CAPTURE_MPLANE
13586.828615,v4l2_dqbuf,0,VIDEO_OUTPUT_MPLANE
13586.858779,v4l2_qbuf,0,VIDEO_OUTPUT_MPLANE
13586.858801,v4l2_qbuf,1,VIDEO_CAPTURE_MPLANE
13586.862183,v4l2_dqbuf,1,VIDEO_CAPTURE_MPLANE
13586.862206,v4l2_dqbuf,0,VIDEO_OUTPUT_MPLANE
13586.862322,v4l2_qbuf,0,VIDEO_OUTPUT_MPLANE
13586.862338,v4l2_qbuf,5,VIDEO_CAPTURE_MPLANE
13586.865641,v4l2_dqbuf,5,VIDEO_CAPTURE_MPLANE
13586.865765,v4l2_dqbuf,0,VIDEO_OUTPUT_MPLANE
13586.883788,v4l2_qbuf,0,VIDEO_OUTPUT_MPLANE
13586.883813,v4l2_qbuf,0,VIDEO_CAPTURE_MPLANE
13586.885806,v4l2_dqbuf,0,VIDEO_CAPTURE_MPLANE
13586.885820,v4l2_dqbuf,0,VIDEO_OUTPUT_MPLANE
13586.891920,v4l2_qbuf,0,VIDEO_OUTPUT_MPLANE
13586.891940,v4l2_qbuf,2,VIDEO_CAPTURE_MPLANE
13586.894118,v4l2_dqbuf,2,VIDEO_CAPTURE_MPLANE
13586.894133,v4l2_dqbuf,0,VIDEO_OUTPUT_MPLANE
13586.908785,v4l2_qbuf,0,VIDEO_OUTPUT_MPLANE
13586.908804,v4l2_qbuf,3,VIDEO_CAPTURE_MPLANE
13586.912171,v4l2_dqbuf,3,VIDEO_CAPTURE_MPLANE
13586.912184,v4l2_dqbuf,0,VIDEO_OUTPUT_MPLANE
13586.925556,v4l2_qbuf,0,VIDEO_OUTPUT_MPLANE
13586.925601,v4l2_qbuf,1,VIDEO_CAPTURE_MPLANE
13586.929040,v4l2_dqbuf,1,VIDEO_CAPTURE_MPLANE
13586.929132,v4l2_dqbuf,0,VIDEO_OUTPUT_MPLANE
13586.942235,v4l2_qbuf,0,VIDEO_OUTPUT_MPLANE
13586.942293,v4l2_qbuf,5,VIDEO_CAPTURE_MPLANE
13586.945706,v4l2_dqbuf,5,VIDEO_CAPTURE_MPLANE
13586.945729,v4l2_dqbuf,0,VIDEO_OUTPUT_MPLANE
13586.958659,v4l2_qbuf,0,VIDEO_OUTPUT_MPLANE
13586.958697,v4l2_qbuf,4,VIDEO_CAPTURE_MPLANE
13586.961014,v4l2_dqbuf,4,VIDEO_CAPTURE_MPLANE
13586.961095,v4l2_dqbuf,0,VIDEO_OUTPUT_MPLANE
13586.991876,v4l2_qbuf,0,VIDEO_OUTPUT_MPLANE
13586.991911,v4l2_qbuf,1,VIDEO_CAPTURE_MPLANE
13586.995353,v4l2_dqbuf,1,VIDEO_CAPTURE_MPLANE
13586.995377,v4l2_dqbuf,0,VIDEO_OUTPUT_MPLANE
13586.995484,v4l2_qbuf,0,VIDEO_OUTPUT_MPLANE
13586.995502,v4l2_qbuf,0,VIDEO_CAPTURE_MPLANE
13586.998660,v4l2_dqbuf,0,VIDEO_CAPTURE_MPLANE
13586.998738,v4l2_dqbuf,0,VIDEO_OUTPUT_MPLANE
13587.012842,v4l2_qbuf,0,VIDEO_OUTPUT_MPLANE
13587.012859,v4l2_qbuf,3,VIDEO_CAPTURE_MPLANE
13587.016234,v4l2_dqbuf,3,VIDEO_CAPTURE_MPLANE
13587.016255,v4l2_dqbuf,0,VIDEO_OUTPUT_MPLANE
13587.025275,v4l2_qbuf,0,VIDEO_OUTPUT_MPLANE
13587.025296,v4l2_qbuf,5,VIDEO_CAPTURE_MPLANE
13587.027699,v4l2_dqbuf,5,VIDEO_CAPTURE_MPLANE
13587.027715,v4l2_dqbuf,0,VIDEO_OUTPUT_MPLANE
13587.058541,v4l2_qbuf,0,VIDEO_OUTPUT_MPLANE
13587.058561,v4l2_qbuf,0,VIDEO_CAPTURE_MPLANE
13587.061972,v4l2_dqbuf,0,VIDEO_CAPTURE_MPLANE
13587.061994,v4l2_dqbuf,0,VIDEO_OUTPUT_MPLANE
13587.062125,v4l2_qbuf,0,VIDEO_OUTPUT_MPLANE
13587.062142,v4l2_qbuf,2,VIDEO_CAPTURE_MPLANE
13587.065405,v4l2_dqbuf,2,VIDEO_CAPTURE_MPLANE
13587.065488,v4l2_dqbuf,0,VIDEO_OUTPUT_MPLANE
13587.075030,v4l2_qbuf,0,VIDEO_OUTPUT_MPLANE
13587.075052,v4l2_qbuf,1,VIDEO_CAPTURE_MPLANE
13587.078271,v4l2_dqbuf,1,VIDEO_CAPTURE_MPLANE
13587.078286,v4l2_dqbuf,0,VIDEO_OUTPUT_MPLANE
13587.091801,v4l2_qbuf,0,VIDEO_OUTPUT_MPLANE
13587.091820,v4l2_qbuf,3,VIDEO_CAPTURE_MPLANE
13587.094077,v4l2_dqbuf,3,VIDEO_CAPTURE_MPLANE
13587.094092,v4l2_dqbuf,0,VIDEO_OUTPUT_MPLANE
13587.125370,v4l2_qbuf,0,VIDEO_OUTPUT_MPLANE
13587.125390,v4l2_qbuf,2,VIDEO_CAPTURE_MPLANE
13587.128691,v4l2_dqbuf,2,VIDEO_CAPTURE_MPLANE
13587.128713,v4l2_dqbuf,0,VIDEO_OUTPUT_MPLANE
13587.128850,v4l2_qbuf,0,VIDEO_OUTPUT_MPLANE
13587.128878,v4l2_qbuf,4,VIDEO_CAPTURE_MPLANE
13587.132164,v4l2_dqbuf,4,VIDEO_CAPTURE_MPLANE
13587.132265,v4l2_dqbuf,0,VIDEO_OUTPUT_MPLANE
13587.147746,v4l2_qbuf,0,VIDEO_OUTPUT_MPLANE
13587.147763,v4l2_qbuf,0,VIDEO_CAPTURE_MPLANE
13587.151167,v4l2_dqbuf,0,VIDEO_CAPTURE_MPLANE
13587.151183,v4l2_dqbuf,0,VIDEO_OUTPUT_MPLANE
13587.158550,v4l2_qbuf,0,VIDEO_OUTPUT_MPLANE
13587.158589,v4l2_qbuf,1,VIDEO_CAPTURE_MPLANE
13587.161313,v4l2_dqbuf,1,VIDEO_CAPTURE_MPLANE
13587.161347,v4l2_dqbuf,0,VIDEO_OUTPUT_MPLANE
13587.192169,v4l2_qbuf,0,VIDEO_OUTPUT_MPLANE
13587.192213,v4l2_qbuf,4,VIDEO_CAPTURE_MPLANE
13587.195524,v4l2_dqbuf,4,VIDEO_CAPTURE_MPLANE
13587.195561,v4l2_dqbuf,0,VIDEO_OUTPUT_MPLANE
13587.195724,v4l2_qbuf,0,VIDEO_OUTPUT_MPLANE
13587.195749,v4l2_qbuf,5,VIDEO_CAPTURE_MPLANE
13587.199115,v4l2_dqbuf,5,VIDEO_CAPTURE_MPLANE
13587.199289,v4l2_dqbuf,0,VIDEO_OUTPUT_MPLANE
13587.208598,v4l2_qbuf,0,VIDEO_OUTPUT_MPLANE
13587.208634,v4l2_qbuf,2,VIDEO_CAPTURE_MPLANE
13587.211940,v4l2_dqbuf,2,VIDEO_CAPTURE_MPLANE
13587.211965,v4l2_dqbuf,0,VIDEO_OUTPUT_MPLANE
13587.225412,v4l2_qbuf,0,VIDEO_OUTPUT_MPLANE
13587.225453,v4l2_qbuf,0,VIDEO_CAPTURE_MPLANE
13587.227830,v4l2_dqbuf,0,VIDEO_CAPTURE_MPLANE
13587.227850,v4l2_dqbuf,0,VIDEO_OUTPUT_MPLANE
13587.258945,v4l2_qbuf,0,VIDEO_OUTPUT_MPLANE
13587.258988,v4l2_qbuf,5,VIDEO_CAPTURE_MPLANE
13587.263103,v4l2_dqbuf,5,VIDEO_CAPTURE_MPLANE
13587.263134,v4l2_dqbuf,0,VIDEO_OUTPUT_MPLANE
13587.263269,v4l2_qbuf,0,VIDEO_OUTPUT_MPLANE
13587.263287,v4l2_qbuf,3,VIDEO_CAPTURE_MPLANE
13587.266568,v4l2_dqbuf,3,VIDEO_CAPTURE_MPLANE
13587.266667,v4l2_dqbuf,0,VIDEO_OUTPUT_MPLANE
13587.279398,v4l2_qbuf,0,VIDEO_OUTPUT_MPLANE
13587.279420,v4l2_qbuf,4,VIDEO_CAPTURE_MPLANE
13587.282796,v4l2_dqbuf,4,VIDEO_CAPTURE_MPLANE
13587.282810,v4l2_dqbuf,0,VIDEO_OUTPUT_MPLANE
13587.291774,v4l2_qbuf,0,VIDEO_OUTPUT_MPLANE
13587.291788,v4l2_qbuf,2,VIDEO_CAPTURE_MPLANE
13587.294140,v4l2_dqbuf,2,VIDEO_CAPTURE_MPLANE
13587.294237,v4l2_dqbuf,0,VIDEO_OUTPUT_MPLANE
13587.325483,v4l2_qbuf,0,VIDEO_OUTPUT_MPLANE
13587.325499,v4l2_qbuf,3,VIDEO_CAPTURE_MPLANE
13587.328929,v4l2_dqbuf,3,VIDEO_CAPTURE_MPLANE
13587.328980,v4l2_dqbuf,0,VIDEO_OUTPUT_MPLANE
13587.329269,v4l2_qbuf,0,VIDEO_OUTPUT_MPLANE
13587.329307,v4l2_qbuf,1,VIDEO_CAPTURE_MPLANE
13587.333483,v4l2_dqbuf,1,VIDEO_CAPTURE_MPLANE
13587.333686,v4l2_dqbuf,0,VIDEO_OUTPUT_MPLANE
13587.341986,v4l2_qbuf,0,VIDEO_OUTPUT_MPLANE
13587.342034,v4l2_qbuf,5,VIDEO_CAPTURE_MPLANE
13587.345109,v4l2_dqbuf,5,VIDEO_CAPTURE_MPLANE
13587.345128,v4l2_dqbuf,0,VIDEO_OUTPUT_MPLANE
13587.358466,v4l2_qbuf,0,VIDEO_OUTPUT_MPLANE
13587.358493,v4l2_qbuf,4,VIDEO_CAPTURE_MPLANE
13587.360827,v4l2_dqbuf,4,VIDEO_CAPTURE_MPLANE
13587.360848,v4l2_dqbuf,0,VIDEO_OUTPUT_MPLANE
13587.391963,v4l2_qbuf,0,VIDEO_OUTPUT_MPLANE
13587.391982,v4l2_qbuf,1,VIDEO_CAPTURE_MPLANE
13587.395156,v4l2_dqbuf,1,VIDEO_CAPTURE_MPLANE
13587.395195,v4l2_dqbuf,0,VIDEO_OUTPUT_MPLANE
13587.395394,v4l2_qbuf,0,VIDEO_OUTPUT_MPLANE
13587.395421,v4l2_qbuf,0,VIDEO_CAPTURE_MPLANE
13587.398894,v4l2_dqbuf,0,VIDEO_CAPTURE_MPLANE
13587.399136,v4l2_dqbuf,0,VIDEO_OUTPUT_MPLANE
13587.408554,v4l2_qbuf,0,VIDEO_OUTPUT_MPLANE
13587.408569,v4l2_qbuf,3,VIDEO_CAPTURE_MPLANE
13587.411798,v4l2_dqbuf,3,VIDEO_CAPTURE_MPLANE
13587.411810,v4l2_dqbuf,0,VIDEO_OUTPUT_MPLANE
13587.424928,v4l2_qbuf,0,VIDEO_OUTPUT_MPLANE
13587.424958,v4l2_qbuf,5,VIDEO_CAPTURE_MPLANE
13587.427225,v4l2_dqbuf,5,VIDEO_CAPTURE_MPLANE
13587.427245,v4l2_dqbuf,0,VIDEO_OUTPUT_MPLANE
13587.458462,v4l2_qbuf,0,VIDEO_OUTPUT_MPLANE
13587.458538,v4l2_qbuf,0,VIDEO_CAPTURE_MPLANE
13587.463479,v4l2_dqbuf,0,VIDEO_CAPTURE_MPLANE
13587.463507,v4l2_dqbuf,0,VIDEO_OUTPUT_MPLANE
13587.463630,v4l2_qbuf,0,VIDEO_OUTPUT_MPLANE
13587.463684,v4l2_qbuf,2,VIDEO_CAPTURE_MPLANE
13587.466806,v4l2_dqbuf,2,VIDEO_CAPTURE_MPLANE
13587.466905,v4l2_dqbuf,0,VIDEO_OUTPUT_MPLANE
13587.474978,v4l2_qbuf,0,VIDEO_OUTPUT_MPLANE
13587.474992,v4l2_qbuf,1,VIDEO_CAPTURE_MPLANE
13587.478283,v4l2_dqbuf,1,VIDEO_CAPTURE_MPLANE
13587.478300,v4l2_dqbuf,0,VIDEO_OUTPUT_MPLANE
13587.491574,v4l2_qbuf,0,VIDEO_OUTPUT_MPLANE
13587.491608,v4l2_qbuf,3,VIDEO_CAPTURE_MPLANE
13587.493749,v4l2_dqbuf,3,VIDEO_CAPTURE_MPLANE
13587.493760,v4l2_dqbuf,0,VIDEO_OUTPUT_MPLANE
13587.525240,v4l2_qbuf,0,VIDEO_OUTPUT_MPLANE
13587.525271,v4l2_qbuf,2,VIDEO_CAPTURE_MPLANE
13587.528573,v4l2_dqbuf,2,VIDEO_CAPTURE_MPLANE
13587.528595,v4l2_dqbuf,0,VIDEO_OUTPUT_MPLANE
13587.528703,v4l2_qbuf,0,VIDEO_OUTPUT_MPLANE
13587.528718,v4l2_qbuf,4,VIDEO_CAPTURE_MPLANE
13587.532663,v4l2_dqbuf,4,VIDEO_CAPTURE_MPLANE
13587.532784,v4l2_dqbuf,0,VIDEO_OUTPUT_MPLANE
13587.548716,v4l2_qbuf,0,VIDEO_OUTPUT_MPLANE
13587.548744,v4l2_qbuf,0,VIDEO_CAPTURE_MPLANE
13587.552037,v4l2_dqbuf,0,VIDEO_CAPTURE_MPLANE
13587.552052,v4l2_dqbuf,0,VIDEO_OUTPUT_MPLANE
13587.558521,v4l2_qbuf,0,VIDEO_OUTPUT_MPLANE
13587.558540,v4l2_qbuf,1,VIDEO_CAPTURE_MPLANE
13587.560813,v4l2_dqbuf,1,VIDEO_CAPTURE_MPLANE
13587.560824,v4l2_dqbuf,0,VIDEO_OUTPUT_MPLANE
13587.591842,v4l2_qbuf,0,VIDEO_OUTPUT_MPLANE
13587.591871,v4l2_qbuf,4,VIDEO_CAPTURE_MPLANE
13587.595171,v4l2_dqbuf,4,VIDEO_CAPTURE_MPLANE
13587.595209,v4l2_dqbuf,0,VIDEO_OUTPUT_MPLANE
13587.595402,v4l2_qbuf,0,VIDEO_OUTPUT_MPLANE
13587.595428,v4l2_qbuf,5,VIDEO_CAPTURE_MPLANE
13587.598504,v4l2_dqbuf,5,VIDEO_CAPTURE_MPLANE
13587.598616,v4l2_dqbuf,0,VIDEO_OUTPUT_MPLANE
13587.608628,v4l2_qbuf,0,VIDEO_OUTPUT_MPLANE
13587.608648,v4l2_qbuf,2,VIDEO_CAPTURE_MPLANE
13587.611866,v4l2_dqbuf,2,VIDEO_CAPTURE_MPLANE
13587.611895,v4l2_dqbuf,0,VIDEO_OUTPUT_MPLANE
13587.625243,v4l2_qbuf,0,VIDEO_OUTPUT_MPLANE
13587.625262,v4l2_qbuf,0,VIDEO_CAPTURE_MPLANE
13587.627504,v4l2_dqbuf,0,VIDEO_CAPTURE_MPLANE
13587.627531,v4l2_dqbuf,0,VIDEO_OUTPUT_MPLANE
13587.658538,v4l2_qbuf,0,VIDEO_OUTPUT_MPLANE
13587.658559,v4l2_qbuf,5,VIDEO_CAPTURE_MPLANE
13587.663617,v4l2_dqbuf,5,VIDEO_CAPTURE_MPLANE
13587.663643,v4l2_dqbuf,0,VIDEO_OUTPUT_MPLANE
13587.663773,v4l2_qbuf,0,VIDEO_OUTPUT_MPLANE
13587.663799,v4l2_qbuf,3,VIDEO_CAPTURE_MPLANE
13587.666976,v4l2_dqbuf,3,VIDEO_CAPTURE_MPLANE
13587.667089,v4l2_dqbuf,0,VIDEO_OUTPUT_MPLANE
13587.675330,v4l2_qbuf,0,VIDEO_OUTPUT_MPLANE
13587.675350,v4l2_qbuf,4,VIDEO_CAPTURE_MPLANE
13587.678715,v4l2_dqbuf,4,VIDEO_CAPTURE_MPLANE
13587.678731,v4l2_dqbuf,0,VIDEO_OUTPUT_MPLANE
13587.692091,v4l2_qbuf,0,VIDEO_OUTPUT_MPLANE
13587.692177,v4l2_qbuf,2,VIDEO_CAPTURE_MPLANE
13587.694564,v4l2_dqbuf,2,VIDEO_CAPTURE_MPLANE
13587.694593,v4l2_dqbuf,0,VIDEO_OUTPUT_MPLANE
13587.741702,v4l2_qbuf,0,VIDEO_OUTPUT_MPLANE
13587.741722,v4l2_qbuf,3,VIDEO_CAPTURE_MPLANE
13587.744831,v4l2_dqbuf,3,VIDEO_CAPTURE_MPLANE
13587.744854,v4l2_dqbuf,0,VIDEO_OUTPUT_MPLANE
13587.744971,v4l2_qbuf,0,VIDEO_OUTPUT_MPLANE
13587.744989,v4l2_qbuf,1,VIDEO_CAPTURE_MPLANE
13587.748296,v4l2_dqbuf,1,VIDEO_CAPTURE_MPLANE
13587.748399,v4l2_dqbuf,0,VIDEO_OUTPUT_MPLANE
13587.758552,v4l2_qbuf,0,VIDEO_OUTPUT_MPLANE
13587.758571,v4l2_qbuf,5,VIDEO_CAPTURE_MPLANE
13587.761911,v4l2_dqbuf,5,VIDEO_CAPTURE_MPLANE
13587.761925,v4l2_dqbuf,0,VIDEO_OUTPUT_MPLANE
13587.774848,v4l2_qbuf,0,VIDEO_OUTPUT_MPLANE
13587.774865,v4l2_qbuf,4,VIDEO_CAPTURE_MPLANE
13587.777192,v4l2_dqbuf,4,VIDEO_CAPTURE_MPLANE
13587.777206,v4l2_dqbuf,0,VIDEO_OUTPUT_MPLANE
13587.808547,v4l2_qbuf,0,VIDEO_OUTPUT_MPLANE
13587.808578,v4l2_qbuf,1,VIDEO_CAPTURE_MPLANE
13587.811766,v4l2_dqbuf,1,VIDEO_CAPTURE_MPLANE
13587.811799,v4l2_dqbuf,0,VIDEO_OUTPUT_MPLANE
13587.811970,v4l2_qbuf,0,VIDEO_OUTPUT_MPLANE
13587.811994,v4l2_qbuf,0,VIDEO_CAPTURE_MPLANE
13587.817241,v4l2_dqbuf,0,VIDEO_CAPTURE_MPLANE
13587.817375,v4l2_dqbuf,0,VIDEO_OUTPUT_MPLANE
13587.829570,v4l2_qbuf,0,VIDEO_OUTPUT_MPLANE
13587.829601,v4l2_qbuf,3,VIDEO_CAPTURE_MPLANE
13587.832928,v4l2_dqbuf,3,VIDEO_CAPTURE_MPLANE
13587.832943,v4l2_dqbuf,0,VIDEO_OUTPUT_MPLANE
13587.836498,v4l2_qbuf,0,VIDEO_OUTPUT_MPLANE
13587.836529,v4l2_qbuf,5,VIDEO_CAPTURE_MPLANE
13587.838691,v4l2_dqbuf,5,VIDEO_CAPTURE_MPLANE
13587.838719,v4l2_dqbuf,0,VIDEO_OUTPUT_MPLANE
13587.869681,v4l2_qbuf,0,VIDEO_OUTPUT_MPLANE
13587.869709,v4l2_qbuf,0,VIDEO_CAPTURE_MPLANE
13587.872844,v4l2_dqbuf,0,VIDEO_CAPTURE_MPLANE
13587.872879,v4l2_dqbuf,0,VIDEO_OUTPUT_MPLANE
13587.873097,v4l2_qbuf,0,VIDEO_OUTPUT_MPLANE
13587.873122,v4l2_qbuf,2,VIDEO_CAPTURE_MPLANE
13587.876237,v4l2_dqbuf,2,VIDEO_CAPTURE_MPLANE
13587.876399,v4l2_dqbuf,0,VIDEO_OUTPUT_MPLANE
13587.888123,v4l2_qbuf,0,VIDEO_OUTPUT_MPLANE
13587.888148,v4l2_qbuf,1,VIDEO_CAPTURE_MPLANE
13587.889976,v4l2_dqbuf,1,VIDEO_CAPTURE_MPLANE
13587.889991,v4l2_dqbuf,0,VIDEO_OUTPUT_MPLANE
13587.903058,v4l2_qbuf,0,VIDEO_OUTPUT_MPLANE
13587.903087,v4l2_qbuf,3,VIDEO_CAPTURE_MPLANE
13587.905253,v4l2_dqbuf,3,VIDEO_CAPTURE_MPLANE
13587.905265,v4l2_dqbuf,0,VIDEO_OUTPUT_MPLANE
13587.920094,v4l2_qbuf,0,VIDEO_OUTPUT_MPLANE
13587.920121,v4l2_qbuf,4,VIDEO_CAPTURE_MPLANE
13587.923129,v4l2_dqbuf,4,VIDEO_CAPTURE_MPLANE
13587.923143,v4l2_dqbuf,0,VIDEO_OUTPUT_MPLANE
13587.936346,v4l2_qbuf,0,VIDEO_OUTPUT_MPLANE
13587.936366,v4l2_qbuf,0,VIDEO_CAPTURE_MPLANE
13587.939508,v4l2_dqbuf,0,VIDEO_CAPTURE_MPLANE
13587.939663,v4l2_dqbuf,0,VIDEO_OUTPUT_MPLANE
13587.953170,v4l2_qbuf,0,VIDEO_OUTPUT_MPLANE
13587.953188,v4l2_qbuf,2,VIDEO_CAPTURE_MPLANE
13587.956447,v4l2_dqbuf,2,VIDEO_CAPTURE_MPLANE
13587.956463,v4l2_dqbuf,0,VIDEO_OUTPUT_MPLANE
13587.971876,v4l2_qbuf,0,VIDEO_OUTPUT_MPLANE
13587.971900,v4l2_qbuf,5,VIDEO_CAPTURE_MPLANE
13587.974123,v4l2_dqbuf,5,VIDEO_CAPTURE_MPLANE
13587.974139,v4l2_dqbuf,0,VIDEO_OUTPUT_MPLANE
13588.003047,v4l2_qbuf,0,VIDEO_OUTPUT_MPLANE
13588.003069,v4l2_qbuf,0,VIDEO_CAPTURE_MPLANE
13588.006294,v4l2_dqbuf,0,VIDEO_CAPTURE_MPLANE
13588.006319,v4l2_dqbuf,0,VIDEO_OUTPUT_MPLANE
13588.006437,v4l2_qbuf,0,VIDEO_OUTPUT_MPLANE
13588.006453,v4l2_qbuf,1,VIDEO_CAPTURE_MPLANE
13588.009664,v4l2_dqbuf,1,VIDEO_CAPTURE_MPLANE
13588.009745,v4l2_dqbuf,0,VIDEO_OUTPUT_MPLANE
13588.020186,v4l2_qbuf,0,VIDEO_OUTPUT_MPLANE
13588.020218,v4l2_qbuf,4,VIDEO_CAPTURE_MPLANE
13588.023638,v4l2_dqbuf,4,VIDEO_CAPTURE_MPLANE
13588.023651,v4l2_dqbuf,0,VIDEO_OUTPUT_MPLANE
13588.038284,v4l2_qbuf,0,VIDEO_OUTPUT_MPLANE
13588.038305,v4l2_qbuf,2,VIDEO_CAPTURE_MPLANE
13588.040486,v4l2_dqbuf,2,VIDEO_CAPTURE_MPLANE
13588.040501,v4l2_dqbuf,0,VIDEO_OUTPUT_MPLANE
13588.071861,v4l2_qbuf,0,VIDEO_OUTPUT_MPLANE
13588.071883,v4l2_qbuf,1,VIDEO_CAPTURE_MPLANE
13588.075068,v4l2_dqbuf,1,VIDEO_CAPTURE_MPLANE
13588.075096,v4l2_dqbuf,0,VIDEO_OUTPUT_MPLANE
13588.075230,v4l2_qbuf,0,VIDEO_OUTPUT_MPLANE
13588.075247,v4l2_qbuf,3,VIDEO_CAPTURE_MPLANE
13588.078604,v4l2_dqbuf,3,VIDEO_CAPTURE_MPLANE
13588.078708,v4l2_dqbuf,0,VIDEO_OUTPUT_MPLANE
13588.088399,v4l2_qbuf,0,VIDEO_OUTPUT_MPLANE
13588.088434,v4l2_qbuf,0,VIDEO_CAPTURE_MPLANE
13588.091784,v4l2_dqbuf,0,VIDEO_CAPTURE_MPLANE
13588.091800,v4l2_dqbuf,0,VIDEO_OUTPUT_MPLANE
13588.104817,v4l2_qbuf,0,VIDEO_OUTPUT_MPLANE
13588.104838,v4l2_qbuf,4,VIDEO_CAPTURE_MPLANE
13588.107070,v4l2_dqbuf,4,VIDEO_CAPTURE_MPLANE
13588.107084,v4l2_dqbuf,0,VIDEO_OUTPUT_MPLANE
13588.138510,v4l2_qbuf,0,VIDEO_OUTPUT_MPLANE
13588.138550,v4l2_qbuf,3,VIDEO_CAPTURE_MPLANE
13588.141809,v4l2_dqbuf,3,VIDEO_CAPTURE_MPLANE
13588.141859,v4l2_dqbuf,0,VIDEO_OUTPUT_MPLANE
13588.142131,v4l2_qbuf,0,VIDEO_OUTPUT_MPLANE
13588.142166,v4l2_qbuf,5,VIDEO_CAPTURE_MPLANE
13588.145593,v4l2_dqbuf,5,VIDEO_CAPTURE_MPLANE
13588.145775,v4l2_dqbuf,0,VIDEO_OUTPUT_MPLANE
13588.155341,v4l2_qbuf,0,VIDEO_OUTPUT_MPLANE
13588.155381,v4l2_qbuf,1,VIDEO_CAPTURE_MPLANE
13588.158721,v4l2_dqbuf,1,VIDEO_CAPTURE_MPLANE
13588.158742,v4l2_dqbuf,0,VIDEO_OUTPUT_MPLANE
13588.171655,v4l2_qbuf,0,VIDEO_OUTPUT_MPLANE
13588.171697,v4l2_qbuf,0,VIDEO_CAPTURE_MPLANE
13588.174059,v4l2_dqbuf,0,VIDEO_CAPTURE_MPLANE
13588.174083,v4l2_dqbuf,0,VIDEO_OUTPUT_MPLANE
13588.204841,v4l2_qbuf,0,VIDEO_OUTPUT_MPLANE
13588.204860,v4l2_qbuf,5,VIDEO_CAPTURE_MPLANE
13588.208034,v4l2_dqbuf,5,VIDEO_CAPTURE_MPLANE
13588.208059,v4l2_dqbuf,0,VIDEO_OUTPUT_MPLANE
13588.208174,v4l2_qbuf,0,VIDEO_OUTPUT_MPLANE
13588.208190,v4l2_qbuf,2,VIDEO_CAPTURE_MPLANE
13588.211407,v4l2_dqbuf,2,VIDEO_CAPTURE_MPLANE
13588.211511,v4l2_dqbuf,0,VIDEO_OUTPUT_MPLANE
13588.221741,v4l2_qbuf,0,VIDEO_OUTPUT_MPLANE
13588.221762,v4l2_qbuf,3,VIDEO_CAPTURE_MPLANE
13588.224800,v4l2_dqbuf,3,VIDEO_CAPTURE_MPLANE
13588.224813,v4l2_dqbuf,0,VIDEO_OUTPUT_MPLANE
13588.238342,v4l2_qbuf,0,VIDEO_OUTPUT_MPLANE
13588.238363,v4l2_qbuf,1,VIDEO_CAPTURE_MPLANE
13588.240762,v4l2_dqbuf,1,VIDEO_CAPTURE_MPLANE
13588.240776,v4l2_dqbuf,0,VIDEO_OUTPUT_MPLANE
13588.272372,v4l2_qbuf,0,VIDEO_OUTPUT_MPLANE
13588.272427,v4l2_qbuf,2,VIDEO_CAPTURE_MPLANE
13588.275648,v4l2_dqbuf,2,VIDEO_CAPTURE_MPLANE
13588.275667,v4l2_dqbuf,0,VIDEO_OUTPUT_MPLANE
13588.275755,v4l2_qbuf,0,VIDEO_OUTPUT_MPLANE
13588.275769,v4l2_qbuf,4,VIDEO_CAPTURE_MPLANE
13588.278990,v4l2_dqbuf,4,VIDEO_CAPTURE_MPLANE
13588.279100,v4l2_dqbuf,0,VIDEO_OUTPUT_MPLANE
13588.288387,v4l2_qbuf,0,VIDEO_OUTPUT_MPLANE
13588.288425,v4l2_qbuf,5,VIDEO_CAPTURE_MPLANE
13588.291770,v4l2_dqbuf,5,VIDEO_CAPTURE_MPLANE
13588.291790,v4l2_dqbuf,0,VIDEO_OUTPUT_MPLANE
13588.305188,v4l2_qbuf,0,VIDEO_OUTPUT_MPLANE
13588.305208,v4l2_qbuf,3,VIDEO_CAPTURE_MPLANE
13588.307421,v4l2_dqbuf,3,VIDEO_CAPTURE_MPLANE
13588.307437,v4l2_dqbuf,0,VIDEO_OUTPUT_MPLANE
13588.338304,v4l2_qbuf,0,VIDEO_OUTPUT_MPLANE
13588.338324,v4l2_qbuf,4,VIDEO_CAPTURE_MPLANE
13588.341528,v4l2_dqbuf,4,VIDEO_CAPTURE_MPLANE
13588.341556,v4l2_dqbuf,0,VIDEO_OUTPUT_MPLANE
13588.341689,v4l2_qbuf,0,VIDEO_OUTPUT_MPLANE
13588.341707,v4l2_qbuf,0,VIDEO_CAPTURE_MPLANE
13588.344847,v4l2_dqbuf,0,VIDEO_CAPTURE_MPLANE
13588.344953,v4l2_dqbuf,0,VIDEO_OUTPUT_MPLANE
13588.355341,v4l2_qbuf,0,VIDEO_OUTPUT_MPLANE
13588.355358,v4l2_qbuf,2,VIDEO_CAPTURE_MPLANE
13588.358488,v4l2_dqbuf,2,VIDEO_CAPTURE_MPLANE
13588.358504,v4l2_dqbuf,0,VIDEO_OUTPUT_MPLANE
13588.371540,v4l2_qbuf,0,VIDEO_OUTPUT_MPLANE
13588.371556,v4l2_qbuf,5,VIDEO_CAPTURE_MPLANE
13588.373779,v4l2_dqbuf,5,VIDEO_CAPTURE_MPLANE
13588.373792,v4l2_dqbuf,0,VIDEO_OUTPUT_MPLANE
13588.405482,v4l2_qbuf,0,VIDEO_OUTPUT_MPLANE
13588.405500,v4l2_qbuf,0,VIDEO_CAPTURE_MPLANE
13588.408786,v4l2_dqbuf,0,VIDEO_CAPTURE_MPLANE
13588.408809,v4l2_dqbuf,0,VIDEO_OUTPUT_MPLANE
13588.408921,v4l2_qbuf,0,VIDEO_OUTPUT_MPLANE
13588.408937,v4l2_qbuf,1,VIDEO_CAPTURE_MPLANE
13588.412200,v4l2_dqbuf,1,VIDEO_CAPTURE_MPLANE
13588.412343,v4l2_dqbuf,0,VIDEO_OUTPUT_MPLANE
13588.421885,v4l2_qbuf,0,VIDEO_OUTPUT_MPLANE
13588.421917,v4l2_qbuf,4,VIDEO_CAPTURE_MPLANE
13588.425279,v4l2_dqbuf,4,VIDEO_CAPTURE_MPLANE
13588.425290,v4l2_dqbuf,0,VIDEO_OUTPUT_MPLANE
13588.438295,v4l2_qbuf,0,VIDEO_OUTPUT_MPLANE
13588.438311,v4l2_qbuf,2,VIDEO_CAPTURE_MPLANE
13588.440513,v4l2_dqbuf,2,VIDEO_CAPTURE_MPLANE
13588.440525,v4l2_dqbuf,0,VIDEO_OUTPUT_MPLANE
13588.471499,v4l2_qbuf,0,VIDEO_OUTPUT_MPLANE
13588.471520,v4l2_qbuf,1,VIDEO_CAPTURE_MPLANE
13588.474770,v4l2_dqbuf,1,VIDEO_CAPTURE_MPLANE
13588.474793,v4l2_dqbuf,0,VIDEO_OUTPUT_MPLANE
13588.474902,v4l2_qbuf,0,VIDEO_OUTPUT_MPLANE
13588.474919,v4l2_qbuf,3,VIDEO_CAPTURE_MPLANE
13588.478087,v4l2_dqbuf,3,VIDEO_CAPTURE_MPLANE
13588.478168,v4l2_dqbuf,0,VIDEO_OUTPUT_MPLANE
13588.489826,v4l2_qbuf,0,VIDEO_OUTPUT_MPLANE
13588.489845,v4l2_qbuf,0,VIDEO_CAPTURE_MPLANE
13588.493036,v4l2_dqbuf,0,VIDEO_CAPTURE_MPLANE
13588.493050,v4l2_dqbuf,0,VIDEO_OUTPUT_MPLANE
13588.505182,v4l2_qbuf,0,VIDEO_OUTPUT_MPLANE
13588.505201,v4l2_qbuf,4,VIDEO_CAPTURE_MPLANE
13588.507407,v4l2_dqbuf,4,VIDEO_CAPTURE_MPLANE
13588.507422,v4l2_dqbuf,0,VIDEO_OUTPUT_MPLANE
13588.537917,v4l2_qbuf,0,VIDEO_OUTPUT_MPLANE
13588.537932,v4l2_qbuf,3,VIDEO_CAPTURE_MPLANE
13588.541020,v4l2_dqbuf,3,VIDEO_CAPTURE_MPLANE
13588.541039,v4l2_dqbuf,0,VIDEO_OUTPUT_MPLANE
13588.541142,v4l2_qbuf,0,VIDEO_OUTPUT_MPLANE
13588.541155,v4l2_qbuf,5,VIDEO_CAPTURE_MPLANE
13588.546305,v4l2_dqbuf,5,VIDEO_CAPTURE_MPLANE
13588.546437,v4l2_dqbuf,0,VIDEO_OUTPUT_MPLANE
13588.554901,v4l2_qbuf,0,VIDEO_OUTPUT_MPLANE
13588.554927,v4l2_qbuf,1,VIDEO_CAPTURE_MPLANE
13588.558100,v4l2_dqbuf,1,VIDEO_CAPTURE_MPLANE
13588.558117,v4l2_dqbuf,0,VIDEO_OUTPUT_MPLANE
13588.571440,v4l2_qbuf,0,VIDEO_OUTPUT_MPLANE
13588.571469,v4l2_qbuf,0,VIDEO_CAPTURE_MPLANE
13588.573513,v4l2_dqbuf,0,VIDEO_CAPTURE_MPLANE
13588.573526,v4l2_dqbuf,0,VIDEO_OUTPUT_MPLANE
13588.605055,v4l2_qbuf,0,VIDEO_OUTPUT_MPLANE
13588.605075,v4l2_qbuf,5,VIDEO_CAPTURE_MPLANE
13588.608236,v4l2_dqbuf,5,VIDEO_CAPTURE_MPLANE
13588.608253,v4l2_dqbuf,0,VIDEO_OUTPUT_MPLANE
13588.608386,v4l2_qbuf,0,VIDEO_OUTPUT_MPLANE
13588.608397,v4l2_qbuf,2,VIDEO_CAPTURE_MPLANE
13588.611451,v4l2_dqbuf,2,VIDEO_CAPTURE_MPLANE
13588.611537,v4l2_dqbuf,0,VIDEO_OUTPUT_MPLANE
13588.621463,v4l2_qbuf,0,VIDEO_OUTPUT_MPLANE
13588.621483,v4l2_qbuf,3,VIDEO_CAPTURE_MPLANE
13588.624646,v4l2_dqbuf,3,VIDEO_CAPTURE_MPLANE
13588.624656,v4l2_dqbuf,0,VIDEO_OUTPUT_MPLANE
13588.638348,v4l2_qbuf,0,VIDEO_OUTPUT_MPLANE
13588.638379,v4l2_qbuf,1,VIDEO_CAPTURE_MPLANE
13588.640517,v4l2_dqbuf,1,VIDEO_CAPTURE_MPLANE
13588.640528,v4l2_dqbuf,0,VIDEO_OUTPUT_MPLANE
13588.671275,v4l2_qbuf,0,VIDEO_OUTPUT_MPLANE
13588.671306,v4l2_qbuf,2,VIDEO_CAPTURE_MPLANE
13588.674295,v4l2_dqbuf,2,VIDEO_CAPTURE_MPLANE
13588.674308,v4l2_dqbuf,0,VIDEO_OUTPUT_MPLANE
13588.674376,v4l2_qbuf,0,VIDEO_OUTPUT_MPLANE
13588.674385,v4l2_qbuf,4,VIDEO_CAPTURE_MPLANE
13588.677411,v4l2_dqbuf,4,VIDEO_CAPTURE_MPLANE
13588.677460,v4l2_dqbuf,0,VIDEO_OUTPUT_MPLANE
13588.688266,v4l2_qbuf,0,VIDEO_OUTPUT_MPLANE
13588.688282,v4l2_qbuf,5,VIDEO_CAPTURE_MPLANE
13588.691550,v4l2_dqbuf,5,VIDEO_CAPTURE_MPLANE
13588.691560,v4l2_dqbuf,0,VIDEO_OUTPUT_MPLANE
13588.705054,v4l2_qbuf,0,VIDEO_OUTPUT_MPLANE
13588.705069,v4l2_qbuf,3,VIDEO_CAPTURE_MPLANE
13588.707321,v4l2_dqbuf,3,VIDEO_CAPTURE_MPLANE
13588.707335,v4l2_dqbuf,0,VIDEO_OUTPUT_MPLANE
13588.738724,v4l2_qbuf,0,VIDEO_OUTPUT_MPLANE
13588.738757,v4l2_qbuf,4,VIDEO_CAPTURE_MPLANE
13588.743918,v4l2_dqbuf,4,VIDEO_CAPTURE_MPLANE
13588.743949,v4l2_dqbuf,0,VIDEO_OUTPUT_MPLANE
13588.744103,v4l2_qbuf,0,VIDEO_OUTPUT_MPLANE
13588.744123,v4l2_qbuf,0,VIDEO_CAPTURE_MPLANE
13588.747307,v4l2_dqbuf,0,VIDEO_CAPTURE_MPLANE
13588.747492,v4l2_dqbuf,0,VIDEO_OUTPUT_MPLANE
13588.754945,v4l2_qbuf,0,VIDEO_OUTPUT_MPLANE
13588.754975,v4l2_qbuf,2,VIDEO_CAPTURE_MPLANE
13588.758100,v4l2_dqbuf,2,VIDEO_CAPTURE_MPLANE
13588.758122,v4l2_dqbuf,0,VIDEO_OUTPUT_MPLANE
13588.772188,v4l2_qbuf,0,VIDEO_OUTPUT_MPLANE
13588.772207,v4l2_qbuf,5,VIDEO_CAPTURE_MPLANE
13588.774483,v4l2_dqbuf,5,VIDEO_CAPTURE_MPLANE
13588.774513,v4l2_dqbuf,0,VIDEO_OUTPUT_MPLANE
13588.805382,v4l2_qbuf,0,VIDEO_OUTPUT_MPLANE
13588.805420,v4l2_qbuf,0,VIDEO_CAPTURE_MPLANE
13588.808607,v4l2_dqbuf,0,VIDEO_CAPTURE_MPLANE
13588.808647,v4l2_dqbuf,0,VIDEO_OUTPUT_MPLANE
13588.808852,v4l2_qbuf,0,VIDEO_OUTPUT_MPLANE
13588.808881,v4l2_qbuf,1,VIDEO_CAPTURE_MPLANE
13588.815096,v4l2_dqbuf,1,VIDEO_CAPTURE_MPLANE
13588.815295,v4l2_dqbuf,0,VIDEO_OUTPUT_MPLANE
13588.821890,v4l2_qbuf,0,VIDEO_OUTPUT_MPLANE
13588.821928,v4l2_qbuf,4,VIDEO_CAPTURE_MPLANE
13588.825435,v4l2_dqbuf,4,VIDEO_CAPTURE_MPLANE
13588.825460,v4l2_dqbuf,0,VIDEO_OUTPUT_MPLANE
13588.838329,v4l2_qbuf,0,VIDEO_OUTPUT_MPLANE
13588.838363,v4l2_qbuf,2,VIDEO_CAPTURE_MPLANE
13588.840527,v4l2_dqbuf,2,VIDEO_CAPTURE_MPLANE
13588.840540,v4l2_dqbuf,0,VIDEO_OUTPUT_MPLANE
13588.871754,v4l2_qbuf,0,VIDEO_OUTPUT_MPLANE
13588.871779,v4l2_qbuf,1,VIDEO_CAPTURE_MPLANE
13588.875082,v4l2_dqbuf,1,VIDEO_CAPTURE_MPLANE
13588.875110,v4l2_dqbuf,0,VIDEO_OUTPUT_MPLANE
13588.875244,v4l2_qbuf,0,VIDEO_OUTPUT_MPLANE
13588.875261,v4l2_qbuf,3,VIDEO_CAPTURE_MPLANE
13588.878511,v4l2_dqbuf,3,VIDEO_CAPTURE_MPLANE
13588.878694,v4l2_dqbuf,0,VIDEO_OUTPUT_MPLANE
13588.888287,v4l2_qbuf,0,VIDEO_OUTPUT_MPLANE
13588.888306,v4l2_qbuf,0,VIDEO_CAPTURE_MPLANE
13588.890098,v4l2_dqbuf,0,VIDEO_CAPTURE_MPLANE
13588.890110,v4l2_dqbuf,0,VIDEO_OUTPUT_MPLANE
13588.904837,v4l2_qbuf,0,VIDEO_OUTPUT_MPLANE
13588.904862,v4l2_qbuf,4,VIDEO_CAPTURE_MPLANE
13588.907097,v4l2_dqbuf,4,VIDEO_CAPTURE_MPLANE
13588.907109,v4l2_dqbuf,0,VIDEO_OUTPUT_MPLANE
13588.921692,v4l2_qbuf,0,VIDEO_OUTPUT_MPLANE
13588.921731,v4l2_qbuf,5,VIDEO_CAPTURE_MPLANE
13588.924833,v4l2_dqbuf,5,VIDEO_CAPTURE_MPLANE
13588.924851,v4l2_dqbuf,0,VIDEO_OUTPUT_MPLANE
13588.938451,v4l2_qbuf,0,VIDEO_OUTPUT_MPLANE
13588.938470,v4l2_qbuf,1,VIDEO_CAPTURE_MPLANE
13588.941670,v4l2_dqbuf,1,VIDEO_CAPTURE_MPLANE
13588.941747,v4l2_dqbuf,0,VIDEO_OUTPUT_MPLANE
13588.955097,v4l2_qbuf,0,VIDEO_OUTPUT_MPLANE
13588.955128,v4l2_qbuf,3,VIDEO_CAPTURE_MPLANE
13588.958230,v4l2_dqbuf,3,VIDEO_CAPTURE_MPLANE
13588.958242,v4l2_dqbuf,0,VIDEO_OUTPUT_MPLANE
13588.972254,v4l2_qbuf,0,VIDEO_OUTPUT_MPLANE
13588.972282,v4l2_qbuf,2,VIDEO_CAPTURE_MPLANE
13588.974813,v4l2_dqbuf,2,VIDEO_CAPTURE_MPLANE
13588.974831,v4l2_dqbuf,0,VIDEO_OUTPUT_MPLANE
13589.005041,v4l2_qbuf,0,VIDEO_OUTPUT_MPLANE
13589.005067,v4l2_qbuf,1,VIDEO_CAPTURE_MPLANE
13589.008088,v4l2_dqbuf,1,VIDEO_CAPTURE_MPLANE
13589.008107,v4l2_dqbuf,0,VIDEO_OUTPUT_MPLANE
13589.008210,v4l2_qbuf,0,VIDEO_OUTPUT_MPLANE
13589.008226,v4l2_qbuf,0,VIDEO_CAPTURE_MPLANE
13589.011321,v4l2_dqbuf,0,VIDEO_CAPTURE_MPLANE
13589.011408,v4l2_dqbuf,0,VIDEO_OUTPUT_MPLANE
13589.021553,v4l2_qbuf,0,VIDEO_OUTPUT_MPLANE
13589.021587,v4l2_qbuf,5,VIDEO_CAPTURE_MPLANE
13589.024826,v4l2_dqbuf,5,VIDEO_CAPTURE_MPLANE
13589.024845,v4l2_dqbuf,0,VIDEO_OUTPUT_MPLANE
13589.038207,v4l2_qbuf,0,VIDEO_OUTPUT_MPLANE
13589.038236,v4l2_qbuf,3,VIDEO_CAPTURE_MPLANE
13589.040384,v4l2_dqbuf,3,VIDEO_CAPTURE_MPLANE
13589.040402,v4l2_dqbuf,0,VIDEO_OUTPUT_MPLANE
13589.071954,v4l2_qbuf,0,VIDEO_OUTPUT_MPLANE
13589.071976,v4l2_qbuf,0,VIDEO_CAPTURE_MPLANE
13589.075174,v4l2_dqbuf,0,VIDEO_CAPTURE_MPLANE
13589.075199,v4l2_dqbuf,0,VIDEO_OUTPUT_MPLANE
13589.075312,v4l2_qbuf,0,VIDEO_OUTPUT_MPLANE
13589.075329,v4l2_qbuf,4,VIDEO_CAPTURE_MPLANE
13589.078630,v4l2_dqbuf,4,VIDEO_CAPTURE_MPLANE
13589.078737,v4l2_dqbuf,0,VIDEO_OUTPUT_MPLANE
13589.088255,v4l2_qbuf,0,VIDEO_OUTPUT_MPLANE
13589.088275,v4l2_qbuf,1,VIDEO_CAPTURE_MPLANE
13589.091439,v4l2_dqbuf,1,VIDEO_CAPTURE_MPLANE
13589.091458,v4l2_dqbuf,0,VIDEO_OUTPUT_MPLANE
13589.104916,v4l2_qbuf,0,VIDEO_OUTPUT_MPLANE
13589.104934,v4l2_qbuf,5,VIDEO_CAPTURE_MPLANE
13589.107203,v4l2_dqbuf,5,VIDEO_CAPTURE_MPLANE
13589.107218,v4l2_dqbuf,0,VIDEO_OUTPUT_MPLANE
13589.138596,v4l2_qbuf,0,VIDEO_OUTPUT_MPLANE
13589.138691,v4l2_qbuf,4,VIDEO_CAPTURE_MPLANE
13589.141922,v4l2_dqbuf,4,VIDEO_CAPTURE_MPLANE
13589.141941,v4l2_dqbuf,0,VIDEO_OUTPUT_MPLANE
13589.142048,v4l2_qbuf,0,VIDEO_OUTPUT_MPLANE
13589.142062,v4l2_qbuf,2,VIDEO_CAPTURE_MPLANE
13589.145432,v4l2_dqbuf,2,VIDEO_CAPTURE_MPLANE
13589.145622,v4l2_dqbuf,0,VIDEO_OUTPUT_MPLANE
13589.155047,v4l2_qbuf,0,VIDEO_OUTPUT_MPLANE
13589.155084,v4l2_qbuf,0,VIDEO_CAPTURE_MPLANE
13589.158317,v4l2_dqbuf,0,VIDEO_CAPTURE_MPLANE
13589.158337,v4l2_dqbuf,0,VIDEO_OUTPUT_MPLANE
13589.171539,v4l2_qbuf,0,VIDEO_OUTPUT_MPLANE
13589.171561,v4l2_qbuf,1,VIDEO_CAPTURE_MPLANE
13589.173672,v4l2_dqbuf,1,VIDEO_CAPTURE_MPLANE
13589.173687,v4l2_dqbuf,0,VIDEO_OUTPUT_MPLANE
13589.221543,v4l2_qbuf,0,VIDEO_OUTPUT_MPLANE
13589.221562,v4l2_qbuf,2,VIDEO_CAPTURE_MPLANE
13589.224709,v4l2_dqbuf,2,VIDEO_CAPTURE_MPLANE
13589.224731,v4l2_dqbuf,0,VIDEO_OUTPUT_MPLANE
13589.224853,v4l2_qbuf,0,VIDEO_OUTPUT_MPLANE
13589.224868,v4l2_qbuf,3,VIDEO_CAPTURE_MPLANE
13589.228084,v4l2_dqbuf,3,VIDEO_CAPTURE_MPLANE
13589.228168,v4l2_dqbuf,0,VIDEO_OUTPUT_MPLANE
13589.238334,v4l2_qbuf,0,VIDEO_OUTPUT_MPLANE
13589.238359,v4l2_qbuf,4,VIDEO_CAPTURE_MPLANE
13589.241627,v4l2_dqbuf,4,VIDEO_CAPTURE_MPLANE
13589.241643,v4l2_dqbuf,0,VIDEO_OUTPUT_MPLANE
13589.255514,v4l2_qbuf,0,VIDEO_OUTPUT_MPLANE
13589.255540,v4l2_qbuf,0,VIDEO_CAPTURE_MPLANE
13589.257797,v4l2_dqbuf,0,VIDEO_CAPTURE_MPLANE
13589.257812,v4l2_dqbuf,0,VIDEO_OUTPUT_MPLANE
13589.288253,v4l2_qbuf,0,VIDEO_OUTPUT_MPLANE
13589.288273,v4l2_qbuf,3,VIDEO_CAPTURE_MPLANE
13589.291429,v4l2_dqbuf,3,VIDEO_CAPTURE_MPLANE
13589.291451,v4l2_dqbuf,0,VIDEO_OUTPUT_MPLANE
13589.291562,v4l2_qbuf,0,VIDEO_OUTPUT_MPLANE
13589.291577,v4l2_qbuf,5,VIDEO_CAPTURE_MPLANE
13589.294640,v4l2_dqbuf,5,VIDEO_CAPTURE_MPLANE
13589.294711,v4l2_dqbuf,0,VIDEO_OUTPUT_MPLANE
13589.304797,v4l2_qbuf,0,VIDEO_OUTPUT_MPLANE
13589.304817,v4l2_qbuf,2,VIDEO_CAPTURE_MPLANE
13589.307955,v4l2_dqbuf,2,VIDEO_CAPTURE_MPLANE
13589.307965,v4l2_dqbuf,0,VIDEO_OUTPUT_MPLANE
13589.321972,v4l2_qbuf,0,VIDEO_OUTPUT_MPLANE
13589.321994,v4l2_qbuf,4,VIDEO_CAPTURE_MPLANE
13589.324325,v4l2_dqbuf,4,VIDEO_CAPTURE_MPLANE
13589.324348,v4l2_dqbuf,0,VIDEO_OUTPUT_MPLANE
13589.355570,v4l2_qbuf,0,VIDEO_OUTPUT_MPLANE
13589.355613,v4l2_qbuf,5,VIDEO_CAPTURE_MPLANE
13589.358843,v4l2_dqbuf,5,VIDEO_CAPTURE_MPLANE
13589.358867,v4l2_dqbuf,0,VIDEO_OUTPUT_MPLANE
13589.358978,v4l2_qbuf,0,VIDEO_OUTPUT_MPLANE
13589.358994,v4l2_qbuf,1,VIDEO_CAPTURE_MPLANE
13589.362070,v4l2_dqbuf,1,VIDEO_CAPTURE_MPLANE
13589.362142,v4l2_dqbuf,0,VIDEO_OUTPUT_MPLANE
13589.381724,v4l2_qbuf,0,VIDEO_OUTPUT_MPLANE
13589.381743,v4l2_qbuf,3,VIDEO_CAPTURE_MPLANE
13589.385020,v4l2_dqbuf,3,VIDEO_CAPTURE_MPLANE
13589.385034,v4l2_dqbuf,0,VIDEO_OUTPUT_MPLANE
13589.388088,v4l2_qbuf,0,VIDEO_OUTPUT_MPLANE
13589.388109,v4l2_qbuf,2,VIDEO_CAPTURE_MPLANE
13589.390235,v4l2_dqbuf,2,VIDEO_CAPTURE_MPLANE
13589.390248,v4l2_dqbuf,0,VIDEO_OUTPUT_MPLANE
13589.421720,v4l2_qbuf,0,VIDEO_OUTPUT_MPLANE
13589.421740,v4l2_qbuf,1,VIDEO_CAPTURE_MPLANE
13589.424935,v4l2_dqbuf,1,VIDEO_CAPTURE_MPLANE
13589.424959,v4l2_dqbuf,0,VIDEO_OUTPUT_MPLANE
13589.425092,v4l2_qbuf,0,VIDEO_OUTPUT_MPLANE
13589.425107,v4l2_qbuf,0,VIDEO_CAPTURE_MPLANE
13589.428337,v4l2_dqbuf,0,VIDEO_CAPTURE_MPLANE
13589.428429,v4l2_dqbuf,0,VIDEO_OUTPUT_MPLANE
13589.444076,v4l2_qbuf,0,VIDEO_OUTPUT_MPLANE
13589.444094,v4l2_qbuf,5,VIDEO_CAPTURE_MPLANE
13589.447288,v4l2_dqbuf,5,VIDEO_CAPTURE_MPLANE
13589.447301,v4l2_dqbuf,0,VIDEO_OUTPUT_MPLANE
13589.455251,v4l2_qbuf,0,VIDEO_OUTPUT_MPLANE
13589.455293,v4l2_qbuf,3,VIDEO_CAPTURE_MPLANE
13589.457700,v4l2_dqbuf,3,VIDEO_CAPTURE_MPLANE
13589.457733,v4l2_dqbuf,0,VIDEO_OUTPUT_MPLANE
13589.488473,v4l2_qbuf,0,VIDEO_OUTPUT_MPLANE
13589.488494,v4l2_qbuf,0,VIDEO_CAPTURE_MPLANE
13589.491775,v4l2_dqbuf,0,VIDEO_CAPTURE_MPLANE
13589.491796,v4l2_dqbuf,0,VIDEO_OUTPUT_MPLANE
13589.491903,v4l2_qbuf,0,VIDEO_OUTPUT_MPLANE
13589.491943,v4l2_qbuf,4,VIDEO_CAPTURE_MPLANE
13589.495194,v4l2_dqbuf,4,VIDEO_CAPTURE_MPLANE
13589.495296,v4l2_dqbuf,0,VIDEO_OUTPUT_MPLANE
13589.505079,v4l2_qbuf,0,VIDEO_OUTPUT_MPLANE
13589.505093,v4l2_qbuf,1,VIDEO_CAPTURE_MPLANE
13589.508213,v4l2_dqbuf,1,VIDEO_CAPTURE_MPLANE
13589.508224,v4l2_dqbuf,0,VIDEO_OUTPUT_MPLANE
13589.522108,v4l2_qbuf,0,VIDEO_OUTPUT_MPLANE
13589.522125,v4l2_qbuf,5,VIDEO_CAPTURE_MPLANE
13589.524429,v4l2_dqbuf,5,VIDEO_CAPTURE_MPLANE
13589.524441,v4l2_dqbuf,0,VIDEO_OUTPUT_MPLANE
13589.554980,v4l2_qbuf,0,VIDEO_OUTPUT_MPLANE
13589.554998,v4l2_qbuf,4,VIDEO_CAPTURE_MPLANE
13589.558217,v4l2_dqbuf,4,VIDEO_CAPTURE_MPLANE
13589.558236,v4l2_dqbuf,0,VIDEO_OUTPUT_MPLANE
13589.558339,v4l2_qbuf,0,VIDEO_OUTPUT_MPLANE
13589.558353,v4l2_qbuf,2,VIDEO_CAPTURE_MPLANE
13589.561607,v4l2_dqbuf,2,VIDEO_CAPTURE_MPLANE
13589.561673,v4l2_dqbuf,0,VIDEO_OUTPUT_MPLANE
13589.571559,v4l2_qbuf,0,VIDEO_OUTPUT_MPLANE
13589.571577,v4l2_qbuf,0,VIDEO_CAPTURE_MPLANE
13589.574859,v4l2_dqbuf,0,VIDEO_CAPTURE_MPLANE
13589.574871,v4l2_dqbuf,0,VIDEO_OUTPUT_MPLANE
13589.588397,v4l2_qbuf,0,VIDEO_OUTPUT_MPLANE
13589.588416,v4l2_qbuf,1,VIDEO_CAPTURE_MPLANE
13589.590734,v4l2_dqbuf,1,VIDEO_CAPTURE_MPLANE
13589.590761,v4l2_dqbuf,0,VIDEO_OUTPUT_MPLANE
13589.621726,v4l2_qbuf,0,VIDEO_OUTPUT_MPLANE
13589.621757,v4l2_qbuf,2,VIDEO_CAPTURE_MPLANE
13589.624909,v4l2_dqbuf,2,VIDEO_CAPTURE_MPLANE
13589.624932,v4l2_dqbuf,0,VIDEO_OUTPUT_MPLANE
13589.625055,v4l2_qbuf,0,VIDEO_OUTPUT_MPLANE
13589.625070,v4l2_qbuf,3,VIDEO_CAPTURE_MPLANE
13589.628221,v4l2_dqbuf,3,VIDEO_CAPTURE_MPLANE
13589.628343,v4l2_dqbuf,0,VIDEO_OUTPUT_MPLANE
13589.645659,v4l2_qbuf,0,VIDEO_OUTPUT_MPLANE
13589.645693,v4l2_qbuf,4,VIDEO_CAPTURE_MPLANE
13589.649695,v4l2_dqbuf,4,VIDEO_CAPTURE_MPLANE
13589.649711,v4l2_dqbuf,0,VIDEO_OUTPUT_MPLANE
13589.654958,v4l2_qbuf,0,VIDEO_OUTPUT_MPLANE
13589.654975,v4l2_qbuf,0,VIDEO_CAPTURE_MPLANE
13589.657277,v4l2_dqbuf,0,VIDEO_CAPTURE_MPLANE
13589.657291,v4l2_dqbuf,0,VIDEO_OUTPUT_MPLANE
13589.688123,v4l2_qbuf,0,VIDEO_OUTPUT_MPLANE
13589.688140,v4l2_qbuf,3,VIDEO_CAPTURE_MPLANE
13589.691372,v4l2_dqbuf,3,VIDEO_CAPTURE_MPLANE
13589.691391,v4l2_dqbuf,0,VIDEO_OUTPUT_MPLANE
13589.691518,v4l2_qbuf,0,VIDEO_OUTPUT_MPLANE
13589.691531,v4l2_qbuf,5,VIDEO_CAPTURE_MPLANE
13589.695016,v4l2_dqbuf,5,VIDEO_CAPTURE_MPLANE
13589.695114,v4l2_dqbuf,0,VIDEO_OUTPUT_MPLANE
13589.711078,v4l2_qbuf,0,VIDEO_OUTPUT_MPLANE
13589.711099,v4l2_qbuf,2,VIDEO_CAPTURE_MPLANE
13589.714368,v4l2_dqbuf,2,VIDEO_CAPTURE_MPLANE
13589.714384,v4l2_dqbuf,0,VIDEO_OUTPUT_MPLANE
13589.721304,v4l2_qbuf,0,VIDEO_OUTPUT_MPLANE
13589.721324,v4l2_qbuf,4,VIDEO_CAPTURE_MPLANE
13589.723414,v4l2_dqbuf,4,VIDEO_CAPTURE_MPLANE
13589.723426,v4l2_dqbuf,0,VIDEO_OUTPUT_MPLANE
13589.754979,v4l2_qbuf,0,VIDEO_OUTPUT_MPLANE
13589.755048,v4l2_qbuf,5,VIDEO_CAPTURE_MPLANE
13589.758330,v4l2_dqbuf,5,VIDEO_CAPTURE_MPLANE
13589.758349,v4l2_dqbuf,0,VIDEO_OUTPUT_MPLANE
13589.758459,v4l2_qbuf,0,VIDEO_OUTPUT_MPLANE
13589.758472,v4l2_qbuf,1,VIDEO_CAPTURE_MPLANE
13589.761654,v4l2_dqbuf,1,VIDEO_CAPTURE_MPLANE
13589.761728,v4l2_dqbuf,0,VIDEO_OUTPUT_MPLANE
13589.771407,v4l2_qbuf,0,VIDEO_OUTPUT_MPLANE
13589.771426,v4l2_qbuf,3,VIDEO_CAPTURE_MPLANE
13589.774577,v4l2_dqbuf,3,VIDEO_CAPTURE_MPLANE
13589.774589,v4l2_dqbuf,0,VIDEO_OUTPUT_MPLANE
13589.788286,v4l2_qbuf,0,VIDEO_OUTPUT_MPLANE
13589.788310,v4l2_qbuf,2,VIDEO_CAPTURE_MPLANE
13589.790445,v4l2_dqbuf,2,VIDEO_CAPTURE_MPLANE
13589.790466,v4l2_dqbuf,0,VIDEO_OUTPUT_MPLANE
13589.822068,v4l2_qbuf,0,VIDEO_OUTPUT_MPLANE
13589.822089,v4l2_qbuf,1,VIDEO_CAPTURE_MPLANE
13589.825299,v4l2_dqbuf,1,VIDEO_CAPTURE_MPLANE
13589.825326,v4l2_dqbuf,0,VIDEO_OUTPUT_MPLANE
13589.825462,v4l2_qbuf,0,VIDEO_OUTPUT_MPLANE
13589.825482,v4l2_qbuf,0,VIDEO_CAPTURE_MPLANE
13589.828550,v4l2_dqbuf,0,VIDEO_CAPTURE_MPLANE
13589.828634,v4l2_dqbuf,0,VIDEO_OUTPUT_MPLANE
13589.842681,v4l2_qbuf,0,VIDEO_OUTPUT_MPLANE
13589.842736,v4l2_qbuf,5,VIDEO_CAPTURE_MPLANE
13589.846038,v4l2_dqbuf,5,VIDEO_CAPTURE_MPLANE
13589.846046,v4l2_dqbuf,0,VIDEO_OUTPUT_MPLANE
13589.855151,v4l2_qbuf,0,VIDEO_OUTPUT_MPLANE
13589.855184,v4l2_qbuf,3,VIDEO_CAPTURE_MPLANE
13589.857335,v4l2_dqbuf,3,VIDEO_CAPTURE_MPLANE
13589.857350,v4l2_dqbuf,0,VIDEO_OUTPUT_MPLANE
13589.888625,v4l2_qbuf,0,VIDEO_OUTPUT_MPLANE
13589.888651,v4l2_qbuf,0,VIDEO_CAPTURE_MPLANE
13589.891773,v4l2_dqbuf,0,VIDEO_CAPTURE_MPLANE
13589.891795,v4l2_dqbuf,0,VIDEO_OUTPUT_MPLANE
13589.891910,v4l2_qbuf,0,VIDEO_OUTPUT_MPLANE
13589.891926,v4l2_qbuf,4,VIDEO_CAPTURE_MPLANE
13589.895521,v4l2_dqbuf,4,VIDEO_CAPTURE_MPLANE
13589.895677,v4l2_dqbuf,0,VIDEO_OUTPUT_MPLANE
13589.905181,v4l2_qbuf,0,VIDEO_OUTPUT_MPLANE
13589.905202,v4l2_qbuf,1,VIDEO_CAPTURE_MPLANE
13589.907053,v4l2_dqbuf,1,VIDEO_CAPTURE_MPLANE
13589.907066,v4l2_dqbuf,0,VIDEO_OUTPUT_MPLANE
13589.921807,v4l2_qbuf,0,VIDEO_OUTPUT_MPLANE
13589.921828,v4l2_qbuf,5,VIDEO_CAPTURE_MPLANE
13589.924043,v4l2_dqbuf,5,VIDEO_CAPTURE_MPLANE
13589.924057,v4l2_dqbuf,0,VIDEO_OUTPUT_MPLANE
13589.938613,v4l2_qbuf,0,VIDEO_OUTPUT_MPLANE
13589.938638,v4l2_qbuf,2,VIDEO_CAPTURE_MPLANE
13589.941991,v4l2_dqbuf,2,VIDEO_CAPTURE_MPLANE
13589.942026,v4l2_dqbuf,0,VIDEO_OUTPUT_MPLANE
13589.954905,v4l2_qbuf,0,VIDEO_OUTPUT_MPLANE
13589.954927,v4l2_qbuf,0,VIDEO_CAPTURE_MPLANE
13589.958148,v4l2_dqbuf,0,VIDEO_CAPTURE_MPLANE
13589.958251,v4l2_dqbuf,0,VIDEO_OUTPUT_MPLANE
13589.973750,v4l2_qbuf,0,VIDEO_OUTPUT_MPLANE
13589.973794,v4l2_qbuf,4,VIDEO_CAPTURE_MPLANE
13589.977202,v4l2_dqbuf,4,VIDEO_CAPTURE_MPLANE
13589.977215,v4l2_dqbuf,0,VIDEO_OUTPUT_MPLANE
13589.990032,v4l2_qbuf,0,VIDEO_OUTPUT_MPLANE
13589.990052,v4l2_qbuf,3,VIDEO_CAPTURE_MPLANE
13589.992313,v4l2_dqbuf,3,VIDEO_CAPTURE_MPLANE
13589.992340,v4l2_dqbuf,0,VIDEO_OUTPUT_MPLANE
13590.023373,v4l2_qbuf,0,VIDEO_OUTPUT_MPLANE
13590.023392,v4l2_qbuf,0,VIDEO_CAPTURE_MPLANE
13590.026649,v4l2_dqbuf,0,VIDEO_CAPTURE_MPLANE
13590.026689,v4l2_dqbuf,0,VIDEO_OUTPUT_MPLANE
13590.026870,v4l2_qbuf,0,VIDEO_OUTPUT_MPLANE
13590.026893,v4l2_qbuf,1,VIDEO_CAPTURE_MPLANE
13590.030123,v4l2_dqbuf,1,VIDEO_CAPTURE_MPLANE
13590.030244,v4l2_dqbuf,0,VIDEO_OUTPUT_MPLANE
13590.039952,v4l2_qbuf,0,VIDEO_OUTPUT_MPLANE
13590.039972,v4l2_qbuf,2,VIDEO_CAPTURE_MPLANE
13590.043236,v4l2_dqbuf,2,VIDEO_CAPTURE_MPLANE
13590.043250,v4l2_dqbuf,0,VIDEO_OUTPUT_MPLANE
13590.056837,v4l2_qbuf,0,VIDEO_OUTPUT_MPLANE
13590.056866,v4l2_qbuf,4,VIDEO_CAPTURE_MPLANE
13590.059061,v4l2_dqbuf,4,VIDEO_CAPTURE_MPLANE
13590.059077,v4l2_dqbuf,0,VIDEO_OUTPUT_MPLANE
13590.090259,v4l2_qbuf,0,VIDEO_OUTPUT_MPLANE
13590.090293,v4l2_qbuf,1,VIDEO_CAPTURE_MPLANE
13590.093666,v4l2_dqbuf,1,VIDEO_CAPTURE_MPLANE
13590.093697,v4l2_dqbuf,0,VIDEO_OUTPUT_MPLANE
13590.093841,v4l2_qbuf,0,VIDEO_OUTPUT_MPLANE
13590.093862,v4l2_qbuf,5,VIDEO_CAPTURE_MPLANE
13590.097217,v4l2_dqbuf,5,VIDEO_CAPTURE_MPLANE
13590.097321,v4l2_dqbuf,0,VIDEO_OUTPUT_MPLANE
13590.106950,v4l2_qbuf,0,VIDEO_OUTPUT_MPLANE
13590.106989,v4l2_qbuf,0,VIDEO_CAPTURE_MPLANE
13590.111252,v4l2_dqbuf,0,VIDEO_CAPTURE_MPLANE
13590.111266,v4l2_dqbuf,0,VIDEO_OUTPUT_MPLANE
13590.123394,v4l2_qbuf,0,VIDEO_OUTPUT_MPLANE
13590.123428,v4l2_qbuf,2,VIDEO_CAPTURE_MPLANE
13590.125633,v4l2_dqbuf,2,VIDEO_CAPTURE_MPLANE
13590.125654,v4l2_dqbuf,0,VIDEO_OUTPUT_MPLANE
13590.156902,v4l2_qbuf,0,VIDEO_OUTPUT_MPLANE
13590.156921,v4l2_qbuf,5,VIDEO_CAPTURE_MPLANE
13590.160382,v4l2_dqbuf,5,VIDEO_CAPTURE_MPLANE
13590.160422,v4l2_dqbuf,0,VIDEO_OUTPUT_MPLANE
13590.160646,v4l2_qbuf,0,VIDEO_OUTPUT_MPLANE
13590.160668,v4l2_qbuf,1,VIDEO_CAPTURE_MPLANE
13590.160872,v4l2_qbuf,1,VIDEO_OUTPUT_MPLANE
13590.160888,v4l2_qbuf,3,VIDEO_CAPTURE_MPLANE
13590.163942,v4l2_dqbuf,1,VIDEO_CAPTURE_MPLANE
13590.164079,v4l2_dqbuf,0,VIDEO_OUTPUT_MPLANE
13590.167182,v4l2_dqbuf,3,VIDEO_CAPTURE_MPLANE
13590.167206,v4l2_dqbuf,1,VIDEO_OUTPUT_MPLANE
13590.189866,v4l2_qbuf,0,VIDEO_OUTPUT_MPLANE
13590.189940,v4l2_qbuf,0,VIDEO_CAPTURE_MPLANE
13590.192194,v4l2_dqbuf,0,VIDEO_CAPTURE_MPLANE
13590.192210,v4l2_dqbuf,0,VIDEO_OUTPUT_MPLANE
13590.223678,v4l2_qbuf,0,VIDEO_OUTPUT_MPLANE
13590.223716,v4l2_qbuf,1,VIDEO_CAPTURE_MPLANE
13590.227114,v4l2_dqbuf,1,VIDEO_CAPTURE_MPLANE
13590.227132,v4l2_dqbuf,0,VIDEO_OUTPUT_MPLANE
13590.227219,v4l2_qbuf,0,VIDEO_OUTPUT_MPLANE
13590.227232,v4l2_qbuf,4,VIDEO_CAPTURE_MPLANE
13590.230530,v4l2_dqbuf,4,VIDEO_CAPTURE_MPLANE
13590.230749,v4l2_dqbuf,0,VIDEO_OUTPUT_MPLANE
13590.240235,v4l2_qbuf,0,VIDEO_OUTPUT_MPLANE
13590.240255,v4l2_qbuf,5,VIDEO_CAPTURE_MPLANE
13590.243521,v4l2_dqbuf,5,VIDEO_CAPTURE_MPLANE
13590.243549,v4l2_dqbuf,0,VIDEO_OUTPUT_MPLANE
13590.256881,v4l2_qbuf,0,VIDEO_OUTPUT_MPLANE
13590.256920,v4l2_qbuf,3,VIDEO_CAPTURE_MPLANE
13590.259439,v4l2_dqbuf,3,VIDEO_CAPTURE_MPLANE
13590.259468,v4l2_dqbuf,0,VIDEO_OUTPUT_MPLANE
13590.290267,v4l2_qbuf,0,VIDEO_OUTPUT_MPLANE
13590.290287,v4l2_qbuf,4,VIDEO_CAPTURE_MPLANE
13590.293596,v4l2_dqbuf,4,VIDEO_CAPTURE_MPLANE
13590.293644,v4l2_dqbuf,0,VIDEO_OUTPUT_MPLANE
13590.293883,v4l2_qbuf,0,VIDEO_OUTPUT_MPLANE
13590.293907,v4l2_qbuf,2,VIDEO_CAPTURE_MPLANE
13590.297237,v4l2_dqbuf,2,VIDEO_CAPTURE_MPLANE
13590.297400,v4l2_dqbuf,0,VIDEO_OUTPUT_MPLANE
13590.307505,v4l2_qbuf,0,VIDEO_OUTPUT_MPLANE
13590.307526,v4l2_qbuf,1,VIDEO_CAPTURE_MPLANE
13590.310878,v4l2_dqbuf,1,VIDEO_CAPTURE_MPLANE
13590.310905,v4l2_dqbuf,0,VIDEO_OUTPUT_MPLANE
13590.323123,v4l2_qbuf,0,VIDEO_OUTPUT_MPLANE
13590.323150,v4l2_qbuf,5,VIDEO_CAPTURE_MPLANE
13590.325318,v4l2_dqbuf,5,VIDEO_CAPTURE_MPLANE
13590.325331,v4l2_dqbuf,0,VIDEO_OUTPUT_MPLANE
13590.357854,v4l2_qbuf,0,VIDEO_OUTPUT_MPLANE
13590.357875,v4l2_qbuf,2,VIDEO_CAPTURE_MPLANE
13590.361751,v4l2_dqbuf,2,VIDEO_CAPTURE_MPLANE
13590.361798,v4l2_dqbuf,0,VIDEO_OUTPUT_MPLANE
13590.362088,v4l2_qbuf,0,VIDEO_OUTPUT_MPLANE
13590.362162,v4l2_qbuf,0,VIDEO_CAPTURE_MPLANE
13590.365531,v4l2_dqbuf,0,VIDEO_CAPTURE_MPLANE
13590.365772,v4l2_dqbuf,0,VIDEO_OUTPUT_MPLANE
13590.373665,v4l2_qbuf,0,VIDEO_OUTPUT_MPLANE
13590.373706,v4l2_qbuf,4,VIDEO_CAPTURE_MPLANE
13590.377034,v4l2_dqbuf,4,VIDEO_CAPTURE_MPLANE
13590.377057,v4l2_dqbuf,0,VIDEO_OUTPUT_MPLANE
13590.390213,v4l2_qbuf,0,VIDEO_OUTPUT_MPLANE
13590.390258,v4l2_qbuf,1,VIDEO_CAPTURE_MPLANE
13590.392539,v4l2_dqbuf,1,VIDEO_CAPTURE_MPLANE
13590.392563,v4l2_dqbuf,0,VIDEO_OUTPUT_MPLANE
13590.423693,v4l2_qbuf,0,VIDEO_OUTPUT_MPLANE
13590.423732,v4l2_qbuf,0,VIDEO_CAPTURE_MPLANE
13590.427036,v4l2_dqbuf,0,VIDEO_CAPTURE_MPLANE
13590.427072,v4l2_dqbuf,0,VIDEO_OUTPUT_MPLANE
13590.427246,v4l2_qbuf,0,VIDEO_OUTPUT_MPLANE
13590.427269,v4l2_qbuf,3,VIDEO_CAPTURE_MPLANE
13590.430629,v4l2_dqbuf,3,VIDEO_CAPTURE_MPLANE
13590.430788,v4l2_dqbuf,0,VIDEO_OUTPUT_MPLANE
13590.445251,v4l2_qbuf,0,VIDEO_OUTPUT_MPLANE
13590.445311,v4l2_qbuf,2,VIDEO_CAPTURE_MPLANE
13590.448718,v4l2_dqbuf,2,VIDEO_CAPTURE_MPLANE
13590.448746,v4l2_dqbuf,0,VIDEO_OUTPUT_MPLANE
13590.456868,v4l2_qbuf,0,VIDEO_OUTPUT_MPLANE
13590.456890,v4l2_qbuf,4,VIDEO_CAPTURE_MPLANE
13590.459341,v4l2_dqbuf,4,VIDEO_CAPTURE_MPLANE
13590.459367,v4l2_dqbuf,0,VIDEO_OUTPUT_MPLANE
13590.490159,v4l2_qbuf,0,VIDEO_OUTPUT_MPLANE
13590.490180,v4l2_qbuf,3,VIDEO_CAPTURE_MPLANE
13590.495244,v4l2_dqbuf,3,VIDEO_CAPTURE_MPLANE
13590.495298,v4l2_dqbuf,0,VIDEO_OUTPUT_MPLANE
13590.495558,v4l2_qbuf,0,VIDEO_OUTPUT_MPLANE
13590.495597,v4l2_qbuf,5,VIDEO_CAPTURE_MPLANE
13590.498834,v4l2_dqbuf,5,VIDEO_CAPTURE_MPLANE
13590.499000,v4l2_dqbuf,0,VIDEO_OUTPUT_MPLANE
13590.506622,v4l2_qbuf,0,VIDEO_OUTPUT_MPLANE
13590.506648,v4l2_qbuf,0,VIDEO_CAPTURE_MPLANE
13590.509857,v4l2_dqbuf,0,VIDEO_CAPTURE_MPLANE
13590.509880,v4l2_dqbuf,0,VIDEO_OUTPUT_MPLANE
13590.523455,v4l2_qbuf,0,VIDEO_OUTPUT_MPLANE
13590.523486,v4l2_qbuf,2,VIDEO_CAPTURE_MPLANE
13590.525770,v4l2_dqbuf,2,VIDEO_CAPTURE_MPLANE
13590.525786,v4l2_dqbuf,0,VIDEO_OUTPUT_MPLANE
13590.556668,v4l2_qbuf,0,VIDEO_OUTPUT_MPLANE
13590.556691,v4l2_qbuf,5,VIDEO_CAPTURE_MPLANE
13590.560076,v4l2_dqbuf,5,VIDEO_CAPTURE_MPLANE
13590.560098,v4l2_dqbuf,0,VIDEO_OUTPUT_MPLANE
13590.560218,v4l2_qbuf,0,VIDEO_OUTPUT_MPLANE
13590.560235,v4l2_qbuf,1,VIDEO_CAPTURE_MPLANE
13590.565082,v4l2_dqbuf,1,VIDEO_CAPTURE_MPLANE
13590.565265,v4l2_dqbuf,0,VIDEO_OUTPUT_MPLANE
13590.573254,v4l2_qbuf,0,VIDEO_OUTPUT_MPLANE
13590.573275,v4l2_qbuf,3,VIDEO_CAPTURE_MPLANE
13590.576552,v4l2_dqbuf,3,VIDEO_CAPTURE_MPLANE
13590.576567,v4l2_dqbuf,0,VIDEO_OUTPUT_MPLANE
13590.589915,v4l2_qbuf,0,VIDEO_OUTPUT_MPLANE
13590.589936,v4l2_qbuf,0,VIDEO_CAPTURE_MPLANE
13590.593127,v4l2_dqbuf,0,VIDEO_CAPTURE_MPLANE
13590.593144,v4l2_dqbuf,0,VIDEO_OUTPUT_MPLANE
13590.623573,v4l2_qbuf,0,VIDEO_OUTPUT_MPLANE
13590.623594,v4l2_qbuf,1,VIDEO_CAPTURE_MPLANE
13590.626573,v4l2_dqbuf,1,VIDEO_CAPTURE_MPLANE
13590.626597,v4l2_dqbuf,0,VIDEO_OUTPUT_MPLANE
13590.626716,v4l2_qbuf,0,VIDEO_OUTPUT_MPLANE
13590.626731,v4l2_qbuf,4,VIDEO_CAPTURE_MPLANE
13590.629834,v4l2_dqbuf,4,VIDEO_CAPTURE_MPLANE
13590.629917,v4l2_dqbuf,0,VIDEO_OUTPUT_MPLANE
13590.640270,v4l2_qbuf,0,VIDEO_OUTPUT_MPLANE
13590.640293,v4l2_qbuf,5,VIDEO_CAPTURE_MPLANE
13590.643757,v4l2_dqbuf,5,VIDEO_CAPTURE_MPLANE
13590.643771,v4l2_dqbuf,0,VIDEO_OUTPUT_MPLANE
13590.656752,v4l2_qbuf,0,VIDEO_OUTPUT_MPLANE
13590.656771,v4l2_qbuf,3,VIDEO_CAPTURE_MPLANE
13590.658925,v4l2_dqbuf,3,VIDEO_CAPTURE_MPLANE
13590.658939,v4l2_dqbuf,0,VIDEO_OUTPUT_MPLANE
13590.689946,v4l2_qbuf,0,VIDEO_OUTPUT_MPLANE
13590.689976,v4l2_qbuf,4,VIDEO_CAPTURE_MPLANE
13590.693383,v4l2_dqbuf,4,VIDEO_CAPTURE_MPLANE
13590.693408,v4l2_dqbuf,0,VIDEO_OUTPUT_MPLANE
13590.693533,v4l2_qbuf,0,VIDEO_OUTPUT_MPLANE
13590.693551,v4l2_qbuf,2,VIDEO_CAPTURE_MPLANE
13590.696795,v4l2_dqbuf,2,VIDEO_CAPTURE_MPLANE
13590.696893,v4l2_dqbuf,0,VIDEO_OUTPUT_MPLANE
13590.712955,v4l2_qbuf,0,VIDEO_OUTPUT_MPLANE
13590.712975,v4l2_qbuf,1,VIDEO_CAPTURE_MPLANE
13590.716266,v4l2_dqbuf,1,VIDEO_CAPTURE_MPLANE
13590.716278,v4l2_dqbuf,0,VIDEO_OUTPUT_MPLANE
13590.723142,v4l2_qbuf,0,VIDEO_OUTPUT_MPLANE
13590.723162,v4l2_qbuf,5,VIDEO_CAPTURE_MPLANE
13590.725373,v4l2_dqbuf,5,VIDEO_CAPTURE_MPLANE
13590.725387,v4l2_dqbuf,0,VIDEO_OUTPUT_MPLANE
13590.773588,v4l2_qbuf,0,VIDEO_OUTPUT_MPLANE
13590.773622,v4l2_qbuf,2,VIDEO_CAPTURE_MPLANE
13590.777940,v4l2_dqbuf,2,VIDEO_CAPTURE_MPLANE
13590.777966,v4l2_dqbuf,0,VIDEO_OUTPUT_MPLANE
13590.778112,v4l2_qbuf,0,VIDEO_OUTPUT_MPLANE
13590.778132,v4l2_qbuf,0,VIDEO_CAPTURE_MPLANE
13590.781376,v4l2_dqbuf,0,VIDEO_CAPTURE_MPLANE
13590.781461,v4l2_dqbuf,0,VIDEO_OUTPUT_MPLANE
13590.790268,v4l2_qbuf,0,VIDEO_OUTPUT_MPLANE
13590.790300,v4l2_qbuf,4,VIDEO_CAPTURE_MPLANE
13590.793607,v4l2_dqbuf,4,VIDEO_CAPTURE_MPLANE
13590.793632,v4l2_dqbuf,0,VIDEO_OUTPUT_MPLANE
13590.806606,v4l2_qbuf,0,VIDEO_OUTPUT_MPLANE
13590.806626,v4l2_qbuf,1,VIDEO_CAPTURE_MPLANE
13590.808868,v4l2_dqbuf,1,VIDEO_CAPTURE_MPLANE
13590.808883,v4l2_dqbuf,0,VIDEO_OUTPUT_MPLANE
13590.839682,v4l2_qbuf,0,VIDEO_OUTPUT_MPLANE
13590.839711,v4l2_qbuf,0,VIDEO_CAPTURE_MPLANE
13590.842963,v4l2_dqbuf,0,VIDEO_CAPTURE_MPLANE
13590.842998,v4l2_dqbuf,0,VIDEO_OUTPUT_MPLANE
13590.843195,v4l2_qbuf,0,VIDEO_OUTPUT_MPLANE
13590.843220,v4l2_qbuf,3,VIDEO_CAPTURE_MPLANE
13590.846485,v4l2_dqbuf,3,VIDEO_CAPTURE_MPLANE
13590.846631,v4l2_dqbuf,0,VIDEO_OUTPUT_MPLANE
13590.850567,v4l2_qbuf,0,VIDEO_OUTPUT_MPLANE
13590.850593,v4l2_qbuf,2,VIDEO_CAPTURE_MPLANE
13590.853767,v4l2_dqbuf,2,VIDEO_CAPTURE_MPLANE
13590.853789,v4l2_dqbuf,0,VIDEO_OUTPUT_MPLANE
13590.867887,v4l2_qbuf,0,VIDEO_OUTPUT_MPLANE
13590.868033,v4l2_qbuf,4,VIDEO_CAPTURE_MPLANE
13590.870370,v4l2_dqbuf,4,VIDEO_CAPTURE_MPLANE
13590.870383,v4l2_dqbuf,0,VIDEO_OUTPUT_MPLANE
13590.901486,v4l2_qbuf,0,VIDEO_OUTPUT_MPLANE
13590.901503,v4l2_qbuf,3,VIDEO_CAPTURE_MPLANE
13590.904864,v4l2_dqbuf,3,VIDEO_CAPTURE_MPLANE
13590.904880,v4l2_dqbuf,0,VIDEO_OUTPUT_MPLANE
13590.904967,v4l2_qbuf,0,VIDEO_OUTPUT_MPLANE
13590.904978,v4l2_qbuf,5,VIDEO_CAPTURE_MPLANE
13590.908210,v4l2_dqbuf,5,VIDEO_CAPTURE_MPLANE
13590.908295,v4l2_dqbuf,0,VIDEO_OUTPUT_MPLANE
13590.917875,v4l2_qbuf,0,VIDEO_OUTPUT_MPLANE
13590.917896,v4l2_qbuf,0,VIDEO_CAPTURE_MPLANE
13590.919729,v4l2_dqbuf,0,VIDEO_CAPTURE_MPLANE
13590.919739,v4l2_dqbuf,0,VIDEO_OUTPUT_MPLANE
13590.934048,v4l2_qbuf,0,VIDEO_OUTPUT_MPLANE
13590.934067,v4l2_qbuf,2,VIDEO_CAPTURE_MPLANE
13590.936328,v4l2_dqbuf,2,VIDEO_CAPTURE_MPLANE
13590.936337,v4l2_dqbuf,0,VIDEO_OUTPUT_MPLANE
13590.951019,v4l2_qbuf,0,VIDEO_OUTPUT_MPLANE
13590.951054,v4l2_qbuf,1,VIDEO_CAPTURE_MPLANE
13590.954319,v4l2_dqbuf,1,VIDEO_CAPTURE_MPLANE
13590.954338,v4l2_dqbuf,0,VIDEO_OUTPUT_MPLANE
13590.967355,v4l2_qbuf,0,VIDEO_OUTPUT_MPLANE
13590.967383,v4l2_qbuf,3,VIDEO_CAPTURE_MPLANE
13590.970689,v4l2_dqbuf,3,VIDEO_CAPTURE_MPLANE
13590.970817,v4l2_dqbuf,0,VIDEO_OUTPUT_MPLANE
13590.984249,v4l2_qbuf,0,VIDEO_OUTPUT_MPLANE
13590.984276,v4l2_qbuf,5,VIDEO_CAPTURE_MPLANE
13590.987500,v4l2_dqbuf,5,VIDEO_CAPTURE_MPLANE
13590.987521,v4l2_dqbuf,0,VIDEO_OUTPUT_MPLANE
13591.002716,v4l2_qbuf,0,VIDEO_OUTPUT_MPLANE
13591.002742,v4l2_qbuf,4,VIDEO_CAPTURE_MPLANE
13591.005041,v4l2_dqbuf,4,VIDEO_CAPTURE_MPLANE
13591.005057,v4l2_dqbuf,0,VIDEO_OUTPUT_MPLANE
13591.036564,v4l2_qbuf,0,VIDEO_OUTPUT_MPLANE
13591.036602,v4l2_qbuf,3,VIDEO_CAPTURE_MPLANE
13591.040203,v4l2_dqbuf,3,VIDEO_CAPTURE_MPLANE
13591.040266,v4l2_dqbuf,0,VIDEO_OUTPUT_MPLANE
13591.040488,v4l2_qbuf,0,VIDEO_OUTPUT_MPLANE
13591.040510,v4l2_qbuf,0,VIDEO_CAPTURE_MPLANE
13591.043766,v4l2_dqbuf,0,VIDEO_CAPTURE_MPLANE
13591.043949,v4l2_dqbuf,0,VIDEO_OUTPUT_MPLANE
13591.057589,v4l2_qbuf,0,VIDEO_OUTPUT_MPLANE
13591.057629,v4l2_qbuf,1,VIDEO_CAPTURE_MPLANE
13591.062448,v4l2_dqbuf,1,VIDEO_CAPTURE_MPLANE
13591.062464,v4l2_dqbuf,0,VIDEO_OUTPUT_MPLANE
13591.069481,v4l2_qbuf,0,VIDEO_OUTPUT_MPLANE
13591.069501,v4l2_qbuf,5,VIDEO_CAPTURE_MPLANE
13591.071883,v4l2_dqbuf,5,VIDEO_CAPTURE_MPLANE
13591.071898,v4l2_dqbuf,0,VIDEO_OUTPUT_MPLANE
13591.103680,v4l2_qbuf,0,VIDEO_OUTPUT_MPLANE
13591.103706,v4l2_qbuf,0,VIDEO_CAPTURE_MPLANE
13591.106930,v4l2_dqbuf,0,VIDEO_CAPTURE_MPLANE
13591.106956,v4l2_dqbuf,0,VIDEO_OUTPUT_MPLANE
13591.107096,v4l2_qbuf,0,VIDEO_OUTPUT_MPLANE
13591.107113,v4l2_qbuf,2,VIDEO_CAPTURE_MPLANE
13591.110405,v4l2_dqbuf,2,VIDEO_CAPTURE_MPLANE
13591.110511,v4l2_dqbuf,0,VIDEO_OUTPUT_MPLANE
13591.124214,v4l2_qbuf,0,VIDEO_OUTPUT_MPLANE
13591.124233,v4l2_qbuf,3,VIDEO_CAPTURE_MPLANE
13591.127308,v4l2_dqbuf,3,VIDEO_CAPTURE_MPLANE
13591.127321,v4l2_dqbuf,0,VIDEO_OUTPUT_MPLANE
13591.135793,v4l2_qbuf,0,VIDEO_OUTPUT_MPLANE
13591.135819,v4l2_qbuf,1,VIDEO_CAPTURE_MPLANE
13591.138157,v4l2_dqbuf,1,VIDEO_CAPTURE_MPLANE
13591.138174,v4l2_dqbuf,0,VIDEO_OUTPUT_MPLANE
13591.169688,v4l2_qbuf,0,VIDEO_OUTPUT_MPLANE
13591.169709,v4l2_qbuf,2,VIDEO_CAPTURE_MPLANE
13591.173172,v4l2_dqbuf,2,VIDEO_CAPTURE_MPLANE
13591.173197,v4l2_dqbuf,0,VIDEO_OUTPUT_MPLANE
13591.173325,v4l2_qbuf,0,VIDEO_OUTPUT_MPLANE
13591.173341,v4l2_qbuf,4,VIDEO_CAPTURE_MPLANE
13591.177853,v4l2_dqbuf,4,VIDEO_CAPTURE_MPLANE
13591.177978,v4l2_dqbuf,0,VIDEO_OUTPUT_MPLANE
13591.186506,v4l2_qbuf,0,VIDEO_OUTPUT_MPLANE
13591.186553,v4l2_qbuf,0,VIDEO_CAPTURE_MPLANE
13591.189861,v4l2_dqbuf,0,VIDEO_CAPTURE_MPLANE
13591.189881,v4l2_dqbuf,0,VIDEO_OUTPUT_MPLANE
13591.205221,v4l2_qbuf,0,VIDEO_OUTPUT_MPLANE
13591.205242,v4l2_qbuf,3,VIDEO_CAPTURE_MPLANE
13591.207403,v4l2_dqbuf,3,VIDEO_CAPTURE_MPLANE
13591.207419,v4l2_dqbuf,0,VIDEO_OUTPUT_MPLANE
13591.237838,v4l2_qbuf,0,VIDEO_OUTPUT_MPLANE
13591.237878,v4l2_qbuf,4,VIDEO_CAPTURE_MPLANE
13591.241423,v4l2_dqbuf,4,VIDEO_CAPTURE_MPLANE
13591.241449,v4l2_dqbuf,0,VIDEO_OUTPUT_MPLANE
13591.241568,v4l2_qbuf,0,VIDEO_OUTPUT_MPLANE
13591.241586,v4l2_qbuf,5,VIDEO_CAPTURE_MPLANE
13591.244956,v4l2_dqbuf,5,VIDEO_CAPTURE_MPLANE
13591.245060,v4l2_dqbuf,0,VIDEO_OUTPUT_MPLANE
13591.260892,v4l2_qbuf,0,VIDEO_OUTPUT_MPLANE
13591.260913,v4l2_qbuf,2,VIDEO_CAPTURE_MPLANE
13591.264229,v4l2_dqbuf,2,VIDEO_CAPTURE_MPLANE
13591.264244,v4l2_dqbuf,0,VIDEO_OUTPUT_MPLANE
13591.270836,v4l2_qbuf,0,VIDEO_OUTPUT_MPLANE
13591.270858,v4l2_qbuf,0,VIDEO_CAPTURE_MPLANE
13591.273179,v4l2_dqbuf,0,VIDEO_CAPTURE_MPLANE
13591.273195,v4l2_dqbuf,0,VIDEO_OUTPUT_MPLANE
13591.304305,v4l2_qbuf,0,VIDEO_OUTPUT_MPLANE
13591.304376,v4l2_qbuf,5,VIDEO_CAPTURE_MPLANE
13591.307767,v4l2_dqbuf,5,VIDEO_CAPTURE_MPLANE
13591.307805,v4l2_dqbuf,0,VIDEO_OUTPUT_MPLANE
13591.308046,v4l2_qbuf,0,VIDEO_OUTPUT_MPLANE
13591.308079,v4l2_qbuf,1,VIDEO_CAPTURE_MPLANE
13591.311359,v4l2_dqbuf,1,VIDEO_CAPTURE_MPLANE
13591.311463,v4l2_dqbuf,0,VIDEO_OUTPUT_MPLANE
13591.320676,v4l2_qbuf,0,VIDEO_OUTPUT_MPLANE
13591.320694,v4l2_qbuf,4,VIDEO_CAPTURE_MPLANE
13591.324130,v4l2_dqbuf,4,VIDEO_CAPTURE_MPLANE
13591.324147,v4l2_dqbuf,0,VIDEO_OUTPUT_MPLANE
13591.337810,v4l2_qbuf,0,VIDEO_OUTPUT_MPLANE
13591.337833,v4l2_qbuf,2,VIDEO_CAPTURE_MPLANE
13591.340140,v4l2_dqbuf,2,VIDEO_CAPTURE_MPLANE
13591.340154,v4l2_dqbuf,0,VIDEO_OUTPUT_MPLANE
13591.370957,v4l2_qbuf,0,VIDEO_OUTPUT_MPLANE
13591.370986,v4l2_qbuf,1,VIDEO_CAPTURE_MPLANE
13591.375490,v4l2_dqbuf,1,VIDEO_CAPTURE_MPLANE
13591.375516,v4l2_dqbuf,0,VIDEO_OUTPUT_MPLANE
13591.375641,v4l2_qbuf,0,VIDEO_OUTPUT_MPLANE
13591.375703,v4l2_qbuf,3,VIDEO_CAPTURE_MPLANE
13591.379115,v4l2_dqbuf,3,VIDEO_CAPTURE_MPLANE
13591.379226,v4l2_dqbuf,0,VIDEO_OUTPUT_MPLANE
13591.388230,v4l2_qbuf,0,VIDEO_OUTPUT_MPLANE
13591.388252,v4l2_qbuf,5,VIDEO_CAPTURE_MPLANE
13591.391645,v4l2_dqbuf,5,VIDEO_CAPTURE_MPLANE
13591.391661,v4l2_dqbuf,0,VIDEO_OUTPUT_MPLANE
13591.404566,v4l2_qbuf,0,VIDEO_OUTPUT_MPLANE
13591.404616,v4l2_qbuf,4,VIDEO_CAPTURE_MPLANE
13591.407010,v4l2_dqbuf,4,VIDEO_CAPTURE_MPLANE
13591.407025,v4l2_dqbuf,0,VIDEO_OUTPUT_MPLANE
13591.437451,v4l2_qbuf,0,VIDEO_OUTPUT_MPLANE
13591.437488,v4l2_qbuf,3,VIDEO_CAPTURE_MPLANE
13591.440665,v4l2_dqbuf,3,VIDEO_CAPTURE_MPLANE
13591.440699,v4l2_dqbuf,0,VIDEO_OUTPUT_MPLANE
13591.440859,v4l2_qbuf,0,VIDEO_OUTPUT_MPLANE
13591.440880,v4l2_qbuf,0,VIDEO_CAPTURE_MPLANE
13591.444263,v4l2_dqbuf,0,VIDEO_CAPTURE_MPLANE
13591.444451,v4l2_dqbuf,0,VIDEO_OUTPUT_MPLANE
13591.454336,v4l2_qbuf,0,VIDEO_OUTPUT_MPLANE
13591.454488,v4l2_qbuf,1,VIDEO_CAPTURE_MPLANE
13591.457804,v4l2_dqbuf,1,VIDEO_CAPTURE_MPLANE
13591.457822,v4l2_dqbuf,0,VIDEO_OUTPUT_MPLANE
13591.470726,v4l2_qbuf,0,VIDEO_OUTPUT_MPLANE
13591.470749,v4l2_qbuf,5,VIDEO_CAPTURE_MPLANE
13591.473173,v4l2_dqbuf,5,VIDEO_CAPTURE_MPLANE
13591.473189,v4l2_dqbuf,0,VIDEO_OUTPUT_MPLANE
13591.504286,v4l2_qbuf,0,VIDEO_OUTPUT_MPLANE
13591.504309,v4l2_qbuf,0,VIDEO_CAPTURE_MPLANE
13591.507525,v4l2_dqbuf,0,VIDEO_CAPTURE_MPLANE
13591.507546,v4l2_dqbuf,0,VIDEO_OUTPUT_MPLANE
13591.507652,v4l2_qbuf,0,VIDEO_OUTPUT_MPLANE
13591.507667,v4l2_qbuf,2,VIDEO_CAPTURE_MPLANE
13591.510542,v4l2_dqbuf,2,VIDEO_CAPTURE_MPLANE
13591.510687,v4l2_dqbuf,0,VIDEO_OUTPUT_MPLANE
13591.544690,v4l2_qbuf,0,VIDEO_OUTPUT_MPLANE
13591.544726,v4l2_qbuf,3,VIDEO_CAPTURE_MPLANE
13591.545359,v4l2_qbuf,1,VIDEO_OUTPUT_MPLANE
13591.545375,v4l2_qbuf,1,VIDEO_CAPTURE_MPLANE
13591.548093,v4l2_dqbuf,3,VIDEO_CAPTURE_MPLANE
13591.548194,v4l2_dqbuf,0,VIDEO_OUTPUT_MPLANE
13591.550269,v4l2_dqbuf,1,VIDEO_CAPTURE_MPLANE
13591.550283,v4l2_dqbuf,1,VIDEO_OUTPUT_MPLANE
13591.585435,v4l2_qbuf,0,VIDEO_OUTPUT_MPLANE
13591.585457,v4l2_qbuf,2,VIDEO_CAPTURE_MPLANE
13591.588657,v4l2_dqbuf,2,VIDEO_CAPTURE_MPLANE
13591.588757,v4l2_dqbuf,0,VIDEO_OUTPUT_MPLANE
13591.588879,v4l2_qbuf,0,VIDEO_OUTPUT_MPLANE
13591.588896,v4l2_qbuf,0,VIDEO_CAPTURE_MPLANE
13591.589081,v4l2_qbuf,1,VIDEO_OUTPUT_MPLANE
13591.589089,v4l2_qbuf,4,VIDEO_CAPTURE_MPLANE
13591.592255,v4l2_dqbuf,0,VIDEO_CAPTURE_MPLANE
13591.592505,v4l2_dqbuf,0,VIDEO_OUTPUT_MPLANE
13591.595437,v4l2_dqbuf,4,VIDEO_CAPTURE_MPLANE
13591.595453,v4l2_dqbuf,1,VIDEO_OUTPUT_MPLANE
13591.602595,v4l2_qbuf,0,VIDEO_OUTPUT_MPLANE
13591.602621,v4l2_qbuf,3,VIDEO_CAPTURE_MPLANE
13591.604886,v4l2_dqbuf,3,VIDEO_CAPTURE_MPLANE
13591.604913,v4l2_dqbuf,0,VIDEO_OUTPUT_MPLANE
13591.635941,v4l2_qbuf,0,VIDEO_OUTPUT_MPLANE
13591.635975,v4l2_qbuf,0,VIDEO_CAPTURE_MPLANE
13591.639194,v4l2_dqbuf,0,VIDEO_CAPTURE_MPLANE
13591.639226,v4l2_dqbuf,0,VIDEO_OUTPUT_MPLANE
13591.639376,v4l2_qbuf,0,VIDEO_OUTPUT_MPLANE
13591.639398,v4l2_qbuf,5,VIDEO_CAPTURE_MPLANE
13591.642477,v4l2_dqbuf,5,VIDEO_CAPTURE_MPLANE
13591.642555,v4l2_dqbuf,0,VIDEO_OUTPUT_MPLANE
13591.654230,v4l2_qbuf,0,VIDEO_OUTPUT_MPLANE
13591.654252,v4l2_qbuf,2,VIDEO_CAPTURE_MPLANE
13591.657478,v4l2_dqbuf,2,VIDEO_CAPTURE_MPLANE
13591.657495,v4l2_dqbuf,0,VIDEO_OUTPUT_MPLANE
13591.669605,v4l2_qbuf,0,VIDEO_OUTPUT_MPLANE
13591.669679,v4l2_qbuf,4,VIDEO_CAPTURE_MPLANE
13591.672052,v4l2_dqbuf,4,VIDEO_CAPTURE_MPLANE
13591.672071,v4l2_dqbuf,0,VIDEO_OUTPUT_MPLANE
13591.704393,v4l2_qbuf,0,VIDEO_OUTPUT_MPLANE
13591.704431,v4l2_qbuf,5,VIDEO_CAPTURE_MPLANE
13591.707881,v4l2_dqbuf,5,VIDEO_CAPTURE_MPLANE
13591.707929,v4l2_dqbuf,0,VIDEO_OUTPUT_MPLANE
13591.708155,v4l2_qbuf,0,VIDEO_OUTPUT_MPLANE
13591.708181,v4l2_qbuf,1,VIDEO_CAPTURE_MPLANE
13591.711466,v4l2_dqbuf,1,VIDEO_CAPTURE_MPLANE
13591.711661,v4l2_dqbuf,0,VIDEO_OUTPUT_MPLANE
13591.721224,v4l2_qbuf,0,VIDEO_OUTPUT_MPLANE
13591.721266,v4l2_qbuf,0,VIDEO_CAPTURE_MPLANE
13591.724684,v4l2_dqbuf,0,VIDEO_CAPTURE_MPLANE
13591.724710,v4l2_dqbuf,0,VIDEO_OUTPUT_MPLANE
13591.737415,v4l2_qbuf,0,VIDEO_OUTPUT_MPLANE
13591.737445,v4l2_qbuf,2,VIDEO_CAPTURE_MPLANE
13591.739609,v4l2_dqbuf,2,VIDEO_CAPTURE_MPLANE
13591.739626,v4l2_dqbuf,0,VIDEO_OUTPUT_MPLANE
13591.771048,v4l2_qbuf,0,VIDEO_OUTPUT_MPLANE
13591.771069,v4l2_qbuf,1,VIDEO_CAPTURE_MPLANE
13591.774361,v4l2_dqbuf,1,VIDEO_CAPTURE_MPLANE
13591.774390,v4l2_dqbuf,0,VIDEO_OUTPUT_MPLANE
13591.774514,v4l2_qbuf,0,VIDEO_OUTPUT_MPLANE
13591.774531,v4l2_qbuf,3,VIDEO_CAPTURE_MPLANE
13591.777657,v4l2_dqbuf,3,VIDEO_CAPTURE_MPLANE
13591.777769,v4l2_dqbuf,0,VIDEO_OUTPUT_MPLANE
13591.787724,v4l2_qbuf,0,VIDEO_OUTPUT_MPLANE
13591.787757,v4l2_qbuf,5,VIDEO_CAPTURE_MPLANE
13591.790854,v4l2_dqbuf,5,VIDEO_CAPTURE_MPLANE
13591.790876,v4l2_dqbuf,0,VIDEO_OUTPUT_MPLANE
13591.804548,v4l2_qbuf,0,VIDEO_OUTPUT_MPLANE
13591.804581,v4l2_qbuf,0,VIDEO_CAPTURE_MPLANE
13591.806917,v4l2_dqbuf,0,VIDEO_CAPTURE_MPLANE
13591.806935,v4l2_dqbuf,0,VIDEO_OUTPUT_MPLANE
13591.837705,v4l2_qbuf,0,VIDEO_OUTPUT_MPLANE
13591.837725,v4l2_qbuf,3,VIDEO_CAPTURE_MPLANE
13591.840787,v4l2_dqbuf,3,VIDEO_CAPTURE_MPLANE
13591.840820,v4l2_dqbuf,0,VIDEO_OUTPUT_MPLANE
13591.840985,v4l2_qbuf,0,VIDEO_OUTPUT_MPLANE
13591.841021,v4l2_qbuf,4,VIDEO_CAPTURE_MPLANE
13591.844192,v4l2_dqbuf,4,VIDEO_CAPTURE_MPLANE
13591.844278,v4l2_dqbuf,0,VIDEO_OUTPUT_MPLANE
13591.854350,v4l2_qbuf,0,VIDEO_OUTPUT_MPLANE
13591.854382,v4l2_qbuf,1,VIDEO_CAPTURE_MPLANE
13591.857635,v4l2_dqbuf,1,VIDEO_CAPTURE_MPLANE
13591.857649,v4l2_dqbuf,0,VIDEO_OUTPUT_MPLANE
13591.870740,v4l2_qbuf,0,VIDEO_OUTPUT_MPLANE
13591.870755,v4l2_qbuf,5,VIDEO_CAPTURE_MPLANE
13591.873019,v4l2_dqbuf,5,VIDEO_CAPTURE_MPLANE
13591.873051,v4l2_dqbuf,0,VIDEO_OUTPUT_MPLANE
13591.904294,v4l2_qbuf,0,VIDEO_OUTPUT_MPLANE
13591.904315,v4l2_qbuf,4,VIDEO_CAPTURE_MPLANE
13591.907492,v4l2_dqbuf,4,VIDEO_CAPTURE_MPLANE
13591.907523,v4l2_dqbuf,0,VIDEO_OUTPUT_MPLANE
13591.907685,v4l2_qbuf,0,VIDEO_OUTPUT_MPLANE
13591.907706,v4l2_qbuf,2,VIDEO_CAPTURE_MPLANE
13591.911071,v4l2_dqbuf,2,VIDEO_CAPTURE_MPLANE
13591.911218,v4l2_dqbuf,0,VIDEO_OUTPUT_MPLANE
13591.921261,v4l2_qbuf,0,VIDEO_OUTPUT_MPLANE
13591.921294,v4l2_qbuf,3,VIDEO_CAPTURE_MPLANE
13591.923266,v4l2_dqbuf,3,VIDEO_CAPTURE_MPLANE
13591.923286,v4l2_dqbuf,0,VIDEO_OUTPUT_MPLANE
13591.938030,v4l2_qbuf,0,VIDEO_OUTPUT_MPLANE
13591.938062,v4l2_qbuf,1,VIDEO_CAPTURE_MPLANE
13591.940229,v4l2_dqbuf,1,VIDEO_CAPTURE_MPLANE
13591.940248,v4l2_dqbuf,0,VIDEO_OUTPUT_MPLANE
13591.954334,v4l2_qbuf,0,VIDEO_OUTPUT_MPLANE
13591.954398,v4l2_qbuf,0,VIDEO_CAPTURE_MPLANE
13591.957523,v4l2_dqbuf,0,VIDEO_CAPTURE_MPLANE
13591.957538,v4l2_dqbuf,0,VIDEO_OUTPUT_MPLANE
13591.970798,v4l2_qbuf,0,VIDEO_OUTPUT_MPLANE
13591.970818,v4l2_qbuf,4,VIDEO_CAPTURE_MPLANE
13591.973982,v4l2_dqbuf,4,VIDEO_CAPTURE_MPLANE
13591.974083,v4l2_dqbuf,0,VIDEO_OUTPUT_MPLANE
13591.987777,v4l2_qbuf,0,VIDEO_OUTPUT_MPLANE
13591.987812,v4l2_qbuf,2,VIDEO_CAPTURE_MPLANE
13591.991010,v4l2_dqbuf,2,VIDEO_CAPTURE_MPLANE
13591.991024,v4l2_dqbuf,0,VIDEO_OUTPUT_MPLANE
13592.003998,v4l2_qbuf,0,VIDEO_OUTPUT_MPLANE
13592.004034,v4l2_qbuf,5,VIDEO_CAPTURE_MPLANE
13592.006077,v4l2_dqbuf,5,VIDEO_CAPTURE_MPLANE
13592.006086,v4l2_dqbuf,0,VIDEO_OUTPUT_MPLANE
13592.037650,v4l2_qbuf,0,VIDEO_OUTPUT_MPLANE
13592.037665,v4l2_qbuf,4,VIDEO_CAPTURE_MPLANE
13592.040849,v4l2_dqbuf,4,VIDEO_CAPTURE_MPLANE
13592.040873,v4l2_dqbuf,0,VIDEO_OUTPUT_MPLANE
13592.040993,v4l2_qbuf,0,VIDEO_OUTPUT_MPLANE
13592.041017,v4l2_qbuf,3,VIDEO_CAPTURE_MPLANE
13592.044242,v4l2_dqbuf,3,VIDEO_CAPTURE_MPLANE
13592.044320,v4l2_dqbuf,0,VIDEO_OUTPUT_MPLANE
13592.054251,v4l2_qbuf,0,VIDEO_OUTPUT_MPLANE
13592.054292,v4l2_qbuf,0,VIDEO_CAPTURE_MPLANE
13592.057419,v4l2_dqbuf,0,VIDEO_CAPTURE_MPLANE
13592.057430,v4l2_dqbuf,0,VIDEO_OUTPUT_MPLANE
13592.070973,v4l2_qbuf,0,VIDEO_OUTPUT_MPLANE
13592.070993,v4l2_qbuf,2,VIDEO_CAPTURE_MPLANE
13592.073238,v4l2_dqbuf,2,VIDEO_CAPTURE_MPLANE
13592.073266,v4l2_dqbuf,0,VIDEO_OUTPUT_MPLANE
13592.104172,v4l2_qbuf,0,VIDEO_OUTPUT_MPLANE
13592.104191,v4l2_qbuf,3,VIDEO_CAPTURE_MPLANE
13592.106908,v4l2_dqbuf,3,VIDEO_CAPTURE_MPLANE
13592.106929,v4l2_dqbuf,0,VIDEO_OUTPUT_MPLANE
13592.107041,v4l2_qbuf,0,VIDEO_OUTPUT_MPLANE
13592.107055,v4l2_qbuf,1,VIDEO_CAPTURE_MPLANE
13592.110136,v4l2_dqbuf,1,VIDEO_CAPTURE_MPLANE
13592.110209,v4l2_dqbuf,0,VIDEO_OUTPUT_MPLANE
13592.120773,v4l2_qbuf,0,VIDEO_OUTPUT_MPLANE
13592.120795,v4l2_qbuf,4,VIDEO_CAPTURE_MPLANE
13592.124019,v4l2_dqbuf,4,VIDEO_CAPTURE_MPLANE
13592.124032,v4l2_dqbuf,0,VIDEO_OUTPUT_MPLANE
13592.137795,v4l2_qbuf,0,VIDEO_OUTPUT_MPLANE
13592.137826,v4l2_qbuf,0,VIDEO_CAPTURE_MPLANE
13592.140183,v4l2_dqbuf,0,VIDEO_CAPTURE_MPLANE
13592.140204,v4l2_dqbuf,0,VIDEO_OUTPUT_MPLANE
13592.171164,v4l2_qbuf,0,VIDEO_OUTPUT_MPLANE
13592.171183,v4l2_qbuf,1,VIDEO_CAPTURE_MPLANE
13592.174190,v4l2_dqbuf,1,VIDEO_CAPTURE_MPLANE
13592.174224,v4l2_dqbuf,0,VIDEO_OUTPUT_MPLANE
13592.174396,v4l2_qbuf,0,VIDEO_OUTPUT_MPLANE
13592.174419,v4l2_qbuf,5,VIDEO_CAPTURE_MPLANE
13592.178333,v4l2_dqbuf,5,VIDEO_CAPTURE_MPLANE
13592.178500,v4l2_dqbuf,0,VIDEO_OUTPUT_MPLANE
13592.187568,v4l2_qbuf,0,VIDEO_OUTPUT_MPLANE
13592.187603,v4l2_qbuf,3,VIDEO_CAPTURE_MPLANE
13592.191120,v4l2_dqbuf,3,VIDEO_CAPTURE_MPLANE
13592.191136,v4l2_dqbuf,0,VIDEO_OUTPUT_MPLANE
13592.204751,v4l2_qbuf,0,VIDEO_OUTPUT_MPLANE
13592.204771,v4l2_qbuf,4,VIDEO_CAPTURE_MPLANE
13592.207323,v4l2_dqbuf,4,VIDEO_CAPTURE_MPLANE
13592.207340,v4l2_dqbuf,0,VIDEO_OUTPUT_MPLANE
13592.238081,v4l2_qbuf,0,VIDEO_OUTPUT_MPLANE
13592.238118,v4l2_qbuf,2,VIDEO_CAPTURE_MPLANE
13592.241502,v4l2_dqbuf,2,VIDEO_CAPTURE_MPLANE
13592.241517,v4l2_dqbuf,0,VIDEO_OUTPUT_MPLANE
13592.254070,v4l2_qbuf,0,VIDEO_OUTPUT_MPLANE
13592.254181,v4l2_qbuf,5,VIDEO_CAPTURE_MPLANE
13592.256434,v4l2_dqbuf,5,VIDEO_CAPTURE_MPLANE
13592.256451,v4l2_dqbuf,0,VIDEO_OUTPUT_MPLANE
13592.287482,v4l2_qbuf,0,VIDEO_OUTPUT_MPLANE
13592.287505,v4l2_qbuf,3,VIDEO_CAPTURE_MPLANE
13592.290763,v4l2_dqbuf,3,VIDEO_CAPTURE_MPLANE
13592.290780,v4l2_dqbuf,0,VIDEO_OUTPUT_MPLANE
13592.290869,v4l2_qbuf,0,VIDEO_OUTPUT_MPLANE
13592.290882,v4l2_qbuf,1,VIDEO_CAPTURE_MPLANE
13592.293957,v4l2_dqbuf,1,VIDEO_CAPTURE_MPLANE
13592.294095,v4l2_dqbuf,0,VIDEO_OUTPUT_MPLANE
13592.304775,v4l2_qbuf,0,VIDEO_OUTPUT_MPLANE
13592.304814,v4l2_qbuf,0,VIDEO_CAPTURE_MPLANE
13592.308050,v4l2_dqbuf,0,VIDEO_CAPTURE_MPLANE
13592.308071,v4l2_dqbuf,0,VIDEO_OUTPUT_MPLANE
13592.321604,v4l2_qbuf,0,VIDEO_OUTPUT_MPLANE
13592.321642,v4l2_qbuf,2,VIDEO_CAPTURE_MPLANE
13592.323827,v4l2_dqbuf,2,VIDEO_CAPTURE_MPLANE
13592.323847,v4l2_dqbuf,0,VIDEO_OUTPUT_MPLANE
13592.355684,v4l2_qbuf,0,VIDEO_OUTPUT_MPLANE
13592.355734,v4l2_qbuf,1,VIDEO_CAPTURE_MPLANE
13592.358951,v4l2_dqbuf,1,VIDEO_CAPTURE_MPLANE
13592.358967,v4l2_dqbuf,0,VIDEO_OUTPUT_MPLANE
13592.359069,v4l2_qbuf,0,VIDEO_OUTPUT_MPLANE
13592.359079,v4l2_qbuf,4,VIDEO_CAPTURE_MPLANE
13592.362262,v4l2_dqbuf,4,VIDEO_CAPTURE_MPLANE
13592.362323,v4l2_dqbuf,0,VIDEO_OUTPUT_MPLANE
13592.375522,v4l2_qbuf,0,VIDEO_OUTPUT_MPLANE
13592.375535,v4l2_qbuf,3,VIDEO_CAPTURE_MPLANE
13592.378663,v4l2_dqbuf,3,VIDEO_CAPTURE_MPLANE
13592.378671,v4l2_dqbuf,0,VIDEO_OUTPUT_MPLANE
13592.387575,v4l2_qbuf,0,VIDEO_OUTPUT_MPLANE
13592.387590,v4l2_qbuf,0,VIDEO_CAPTURE_MPLANE
13592.389798,v4l2_dqbuf,0,VIDEO_CAPTURE_MPLANE
13592.389820,v4l2_dqbuf,0,VIDEO_OUTPUT_MPLANE
13592.421446,v4l2_qbuf,0,VIDEO_OUTPUT_MPLANE
13592.421482,v4l2_qbuf,4,VIDEO_CAPTURE_MPLANE
13592.424803,v4l2_dqbuf,4,VIDEO_CAPTURE_MPLANE
13592.424841,v4l2_dqbuf,0,VIDEO_OUTPUT_MPLANE
13592.425060,v4l2_qbuf,0,VIDEO_OUTPUT_MPLANE
13592.425088,v4l2_qbuf,5,VIDEO_CAPTURE_MPLANE
13592.428442,v4l2_dqbuf,5,VIDEO_CAPTURE_MPLANE
13592.428557,v4l2_dqbuf,0,VIDEO_OUTPUT_MPLANE
13592.439336,v4l2_qbuf,0,VIDEO_OUTPUT_MPLANE
13592.439358,v4l2_qbuf,1,VIDEO_CAPTURE_MPLANE
13592.442524,v4l2_dqbuf,1,VIDEO_CAPTURE_MPLANE
13592.442537,v4l2_dqbuf,0,VIDEO_OUTPUT_MPLANE
13592.454917,v4l2_qbuf,0,VIDEO_OUTPUT_MPLANE
13592.454936,v4l2_qbuf,3,VIDEO_CAPTURE_MPLANE
13592.457306,v4l2_dqbuf,3,VIDEO_CAPTURE_MPLANE
13592.457321,v4l2_dqbuf,0,VIDEO_OUTPUT_MPLANE
13592.488222,v4l2_qbuf,0,VIDEO_OUTPUT_MPLANE
13592.488258,v4l2_qbuf,5,VIDEO_CAPTURE_MPLANE
13592.491326,v4l2_dqbuf,5,VIDEO_CAPTURE_MPLANE
13592.491359,v4l2_dqbuf,0,VIDEO_OUTPUT_MPLANE
13592.491524,v4l2_qbuf,0,VIDEO_OUTPUT_MPLANE
13592.491545,v4l2_qbuf,2,VIDEO_CAPTURE_MPLANE
13592.494736,v4l2_dqbuf,2,VIDEO_CAPTURE_MPLANE
13592.494845,v4l2_dqbuf,0,VIDEO_OUTPUT_MPLANE
13592.508460,v4l2_qbuf,0,VIDEO_OUTPUT_MPLANE
13592.508498,v4l2_qbuf,4,VIDEO_CAPTURE_MPLANE
13592.512145,v4l2_dqbuf,4,VIDEO_CAPTURE_MPLANE
13592.512176,v4l2_dqbuf,0,VIDEO_OUTPUT_MPLANE
13592.520871,v4l2_qbuf,0,VIDEO_OUTPUT_MPLANE
13592.520900,v4l2_qbuf,1,VIDEO_CAPTURE_MPLANE
13592.523101,v4l2_dqbuf,1,VIDEO_CAPTURE_MPLANE
13592.523122,v4l2_dqbuf,0,VIDEO_OUTPUT_MPLANE
13592.555442,v4l2_qbuf,0,VIDEO_OUTPUT_MPLANE
13592.555486,v4l2_qbuf,2,VIDEO_CAPTURE_MPLANE
13592.558682,v4l2_dqbuf,2,VIDEO_CAPTURE_MPLANE
13592.558702,v4l2_dqbuf,0,VIDEO_OUTPUT_MPLANE
13592.558795,v4l2_qbuf,0,VIDEO_OUTPUT_MPLANE
13592.558807,v4l2_qbuf,0,VIDEO_CAPTURE_MPLANE
13592.561987,v4l2_dqbuf,0,VIDEO_CAPTURE_MPLANE
13592.562038,v4l2_dqbuf,0,VIDEO_OUTPUT_MPLANE
13592.577193,v4l2_qbuf,0,VIDEO_OUTPUT_MPLANE
13592.577234,v4l2_qbuf,5,VIDEO_CAPTURE_MPLANE
13592.579751,v4l2_dqbuf,5,VIDEO_CAPTURE_MPLANE
13592.579786,v4l2_dqbuf,0,VIDEO_OUTPUT_MPLANE
13592.587535,v4l2_qbuf,0,VIDEO_OUTPUT_MPLANE
13592.587559,v4l2_qbuf,4,VIDEO_CAPTURE_MPLANE
13592.590886,v4l2_dqbuf,4,VIDEO_CAPTURE_MPLANE
13592.590917,v4l2_dqbuf,0,VIDEO_OUTPUT_MPLANE
13592.605769,v4l2_qbuf,0,VIDEO_OUTPUT_MPLANE
13592.605786,v4l2_qbuf,3,VIDEO_CAPTURE_MPLANE
13592.609164,v4l2_dqbuf,3,VIDEO_CAPTURE_MPLANE
13592.609367,v4l2_dqbuf,0,VIDEO_OUTPUT_MPLANE
13592.621160,v4l2_qbuf,0,VIDEO_OUTPUT_MPLANE
13592.621205,v4l2_qbuf,2,VIDEO_CAPTURE_MPLANE
13592.624498,v4l2_dqbuf,2,VIDEO_CAPTURE_MPLANE
13592.624513,v4l2_dqbuf,0,VIDEO_OUTPUT_MPLANE
13592.637439,v4l2_qbuf,0,VIDEO_OUTPUT_MPLANE
13592.637462,v4l2_qbuf,0,VIDEO_CAPTURE_MPLANE
13592.639713,v4l2_dqbuf,0,VIDEO_CAPTURE_MPLANE
13592.639727,v4l2_dqbuf,0,VIDEO_OUTPUT_MPLANE
13592.670786,v4l2_qbuf,0,VIDEO_OUTPUT_MPLANE
13592.670801,v4l2_qbuf,3,VIDEO_CAPTURE_MPLANE
13592.673953,v4l2_dqbuf,3,VIDEO_CAPTURE_MPLANE
13592.673976,v4l2_dqbuf,0,VIDEO_OUTPUT_MPLANE
13592.674116,v4l2_qbuf,0,VIDEO_OUTPUT_MPLANE
13592.674133,v4l2_qbuf,1,VIDEO_CAPTURE_MPLANE
13592.677287,v4l2_dqbuf,1,VIDEO_CAPTURE_MPLANE
13592.677298,v4l2_dqbuf,0,VIDEO_OUTPUT_MPLANE
13592.688066,v4l2_qbuf,0,VIDEO_OUTPUT_MPLANE
13592.688175,v4l2_qbuf,4,VIDEO_CAPTURE_MPLANE
13592.690616,v4l2_dqbuf,4,VIDEO_CAPTURE_MPLANE
13592.690646,v4l2_dqbuf,0,VIDEO_OUTPUT_MPLANE
13592.704427,v4l2_qbuf,0,VIDEO_OUTPUT_MPLANE
13592.704448,v4l2_qbuf,2,VIDEO_CAPTURE_MPLANE
13592.707629,v4l2_dqbuf,2,VIDEO_CAPTURE_MPLANE
13592.707645,v4l2_dqbuf,0,VIDEO_OUTPUT_MPLANE
13592.721149,v4l2_qbuf,0,VIDEO_OUTPUT_MPLANE
13592.721168,v4l2_qbuf,5,VIDEO_CAPTURE_MPLANE
13592.724282,v4l2_dqbuf,5,VIDEO_CAPTURE_MPLANE
13592.724364,v4l2_dqbuf,0,VIDEO_OUTPUT_MPLANE
13592.737667,v4l2_qbuf,0,VIDEO_OUTPUT_MPLANE
13592.737685,v4l2_qbuf,3,VIDEO_CAPTURE_MPLANE
13592.741053,v4l2_dqbuf,3,VIDEO_CAPTURE_MPLANE
13592.741068,v4l2_dqbuf,0,VIDEO_OUTPUT_MPLANE
13592.754216,v4l2_qbuf,0,VIDEO_OUTPUT_MPLANE
13592.754234,v4l2_qbuf,1,VIDEO_CAPTURE_MPLANE
13592.756502,v4l2_dqbuf,1,VIDEO_CAPTURE_MPLANE
13592.756517,v4l2_dqbuf,0,VIDEO_OUTPUT_MPLANE
13592.789666,v4l2_qbuf,0,VIDEO_OUTPUT_MPLANE
13592.789697,v4l2_qbuf,5,VIDEO_CAPTURE_MPLANE
13592.793038,v4l2_dqbuf,5,VIDEO_CAPTURE_MPLANE
13592.793059,v4l2_dqbuf,0,VIDEO_OUTPUT_MPLANE
13592.793155,v4l2_qbuf,0,VIDEO_OUTPUT_MPLANE
13592.793170,v4l2_qbuf,0,VIDEO_CAPTURE_MPLANE
13592.796257,v4l2_dqbuf,0,VIDEO_CAPTURE_MPLANE
13592.796364,v4l2_dqbuf,0,VIDEO_OUTPUT_MPLANE
13592.810361,v4l2_qbuf,0,VIDEO_OUTPUT_MPLANE
13592.810387,v4l2_qbuf,2,VIDEO_CAPTURE_MPLANE
13592.813570,v4l2_dqbuf,2,VIDEO_CAPTURE_MPLANE
13592.813590,v4l2_dqbuf,0,VIDEO_OUTPUT_MPLANE
13592.822987,v4l2_qbuf,0,VIDEO_OUTPUT_MPLANE
13592.823054,v4l2_qbuf,3,VIDEO_CAPTURE_MPLANE
13592.825536,v4l2_dqbuf,3,VIDEO_CAPTURE_MPLANE
13592.825565,v4l2_dqbuf,0,VIDEO_OUTPUT_MPLANE
13592.839231,v4l2_qbuf,0,VIDEO_OUTPUT_MPLANE
13592.839255,v4l2_qbuf,4,VIDEO_CAPTURE_MPLANE
13592.842538,v4l2_dqbuf,4,VIDEO_CAPTURE_MPLANE
13592.842553,v4l2_dqbuf,0,VIDEO_OUTPUT_MPLANE
13592.855625,v4l2_qbuf,0,VIDEO_OUTPUT_MPLANE
13592.855640,v4l2_qbuf,0,VIDEO_CAPTURE_MPLANE
13592.857830,v4l2_dqbuf,0,VIDEO_CAPTURE_MPLANE
13592.857841,v4l2_dqbuf,0,VIDEO_OUTPUT_MPLANE
13592.889575,v4l2_qbuf,0,VIDEO_OUTPUT_MPLANE
13592.889613,v4l2_qbuf,2,VIDEO_CAPTURE_MPLANE
13592.892945,v4l2_dqbuf,2,VIDEO_CAPTURE_MPLANE
13592.892964,v4l2_dqbuf,0,VIDEO_OUTPUT_MPLANE
13592.893075,v4l2_qbuf,0,VIDEO_OUTPUT_MPLANE
13592.893091,v4l2_qbuf,5,VIDEO_CAPTURE_MPLANE
13592.896363,v4l2_dqbuf,5,VIDEO_CAPTURE_MPLANE
13592.896445,v4l2_dqbuf,0,VIDEO_OUTPUT_MPLANE
13592.909881,v4l2_qbuf,0,VIDEO_OUTPUT_MPLANE
13592.909915,v4l2_qbuf,1,VIDEO_CAPTURE_MPLANE
13592.913580,v4l2_dqbuf,1,VIDEO_CAPTURE_MPLANE
13592.913596,v4l2_dqbuf,0,VIDEO_OUTPUT_MPLANE
13592.922617,v4l2_qbuf,0,VIDEO_OUTPUT_MPLANE
13592.922646,v4l2_qbuf,4,VIDEO_CAPTURE_MPLANE
13592.924829,v4l2_dqbuf,4,VIDEO_CAPTURE_MPLANE
13592.924900,v4l2_dqbuf,0,VIDEO_OUTPUT_MPLANE
13592.939600,v4l2_qbuf,0,VIDEO_OUTPUT_MPLANE
13592.939629,v4l2_qbuf,3,VIDEO_CAPTURE_MPLANE
13592.941678,v4l2_dqbuf,3,VIDEO_CAPTURE_MPLANE
13592.941695,v4l2_dqbuf,0,VIDEO_OUTPUT_MPLANE
13592.956434,v4l2_qbuf,0,VIDEO_OUTPUT_MPLANE
13592.956477,v4l2_qbuf,5,VIDEO_CAPTURE_MPLANE
13592.958662,v4l2_dqbuf,5,VIDEO_CAPTURE_MPLANE
13592.958672,v4l2_dqbuf,0,VIDEO_OUTPUT_MPLANE
13592.972523,v4l2_qbuf,0,VIDEO_OUTPUT_MPLANE
13592.972542,v4l2_qbuf,2,VIDEO_CAPTURE_MPLANE
13592.975629,v4l2_dqbuf,2,VIDEO_CAPTURE_MPLANE
13592.975644,v4l2_dqbuf,0,VIDEO_OUTPUT_MPLANE
13592.989834,v4l2_qbuf,0,VIDEO_OUTPUT_MPLANE
13592.989880,v4l2_qbuf,1,VIDEO_CAPTURE_MPLANE
13592.993272,v4l2_dqbuf,1,VIDEO_CAPTURE_MPLANE
13592.993303,v4l2_dqbuf,0,VIDEO_OUTPUT_MPLANE
13593.006248,v4l2_qbuf,0,VIDEO_OUTPUT_MPLANE
13593.006265,v4l2_qbuf,0,VIDEO_CAPTURE_MPLANE
13593.008410,v4l2_dqbuf,0,VIDEO_CAPTURE_MPLANE
13593.008437,v4l2_dqbuf,0,VIDEO_OUTPUT_MPLANE
13593.022963,v4l2_qbuf,0,VIDEO_OUTPUT_MPLANE
13593.023031,v4l2_qbuf,4,VIDEO_CAPTURE_MPLANE
13593.026289,v4l2_dqbuf,4,VIDEO_CAPTURE_MPLANE
13593.026319,v4l2_dqbuf,0,VIDEO_OUTPUT_MPLANE
13593.039324,v4l2_qbuf,0,VIDEO_OUTPUT_MPLANE
13593.039343,v4l2_qbuf,3,VIDEO_CAPTURE_MPLANE
13593.042625,v4l2_dqbuf,3,VIDEO_CAPTURE_MPLANE
13593.042639,v4l2_dqbuf,0,VIDEO_OUTPUT_MPLANE
13593.055969,v4l2_qbuf,0,VIDEO_OUTPUT_MPLANE
13593.056015,v4l2_qbuf,2,VIDEO_CAPTURE_MPLANE
13593.058166,v4l2_dqbuf,2,VIDEO_CAPTURE_MPLANE
13593.058179,v4l2_dqbuf,0,VIDEO_OUTPUT_MPLANE
13593.072602,v4l2_qbuf,0,VIDEO_OUTPUT_MPLANE
13593.072627,v4l2_qbuf,1,VIDEO_CAPTURE_MPLANE
13593.075768,v4l2_dqbuf,1,VIDEO_CAPTURE_MPLANE
13593.075790,v4l2_dqbuf,0,VIDEO_OUTPUT_MPLANE
13593.089447,v4l2_qbuf,0,VIDEO_OUTPUT_MPLANE
13593.089488,v4l2_qbuf,5,VIDEO_CAPTURE_MPLANE
13593.092895,v4l2_dqbuf,5,VIDEO_CAPTURE_MPLANE
13593.092907,v4l2_dqbuf,0,VIDEO_OUTPUT_MPLANE
13593.105781,v4l2_qbuf,0,VIDEO_OUTPUT_MPLANE
13593.105812,v4l2_qbuf,4,VIDEO_CAPTURE_MPLANE
13593.107998,v4l2_dqbuf,4,VIDEO_CAPTURE_MPLANE
13593.108016,v4l2_dqbuf,0,VIDEO_OUTPUT_MPLANE
13593.122429,v4l2_qbuf,0,VIDEO_OUTPUT_MPLANE
13593.122449,v4l2_qbuf,3,VIDEO_CAPTURE_MPLANE
13593.125481,v4l2_dqbuf,3,VIDEO_CAPTURE_MPLANE
13593.125496,v4l2_dqbuf,0,VIDEO_OUTPUT_MPLANE
13593.139247,v4l2_qbuf,0,VIDEO_OUTPUT_MPLANE
13593.139277,v4l2_qbuf,0,VIDEO_CAPTURE_MPLANE
13593.142379,v4l2_dqbuf,0,VIDEO_CAPTURE_MPLANE
13593.142522,v4l2_dqbuf,0,VIDEO_OUTPUT_MPLANE
13593.158203,v4l2_qbuf,0,VIDEO_OUTPUT_MPLANE
13593.158228,v4l2_qbuf,1,VIDEO_CAPTURE_MPLANE
13593.161530,v4l2_dqbuf,1,VIDEO_CAPTURE_MPLANE
13593.161545,v4l2_dqbuf,0,VIDEO_OUTPUT_MPLANE
13593.172562,v4l2_qbuf,0,VIDEO_OUTPUT_MPLANE
13593.172581,v4l2_qbuf,5,VIDEO_CAPTURE_MPLANE
13593.174719,v4l2_dqbuf,5,VIDEO_CAPTURE_MPLANE
13593.174733,v4l2_dqbuf,0,VIDEO_OUTPUT_MPLANE
13593.207875,v4l2_qbuf,0,VIDEO_OUTPUT_MPLANE
13593.207889,v4l2_qbuf,0,VIDEO_CAPTURE_MPLANE
13593.211119,v4l2_dqbuf,0,VIDEO_CAPTURE_MPLANE
13593.211136,v4l2_dqbuf,0,VIDEO_OUTPUT_MPLANE
13593.211244,v4l2_qbuf,0,VIDEO_OUTPUT_MPLANE
13593.211255,v4l2_qbuf,2,VIDEO_CAPTURE_MPLANE
13593.214441,v4l2_dqbuf,2,VIDEO_CAPTURE_MPLANE
13593.214509,v4l2_dqbuf,0,VIDEO_OUTPUT_MPLANE
13593.228567,v4l2_qbuf,0,VIDEO_OUTPUT_MPLANE
13593.228582,v4l2_qbuf,3,VIDEO_CAPTURE_MPLANE
13593.231792,v4l2_dqbuf,3,VIDEO_CAPTURE_MPLANE
13593.231816,v4l2_dqbuf,0,VIDEO_OUTPUT_MPLANE
13593.241225,v4l2_qbuf,0,VIDEO_OUTPUT_MPLANE
13593.241241,v4l2_qbuf,1,VIDEO_CAPTURE_MPLANE
13593.243551,v4l2_dqbuf,1,VIDEO_CAPTURE_MPLANE
13593.243562,v4l2_dqbuf,0,VIDEO_OUTPUT_MPLANE
13593.275285,v4l2_qbuf,0,VIDEO_OUTPUT_MPLANE
13593.275357,v4l2_qbuf,2,VIDEO_CAPTURE_MPLANE
13593.278589,v4l2_dqbuf,2,VIDEO_CAPTURE_MPLANE
13593.278669,v4l2_dqbuf,0,VIDEO_OUTPUT_MPLANE
13593.278944,v4l2_qbuf,0,VIDEO_OUTPUT_MPLANE
13593.278962,v4l2_qbuf,4,VIDEO_CAPTURE_MPLANE
13593.282104,v4l2_dqbuf,4,VIDEO_CAPTURE_MPLANE
13593.282211,v4l2_dqbuf,0,VIDEO_OUTPUT_MPLANE
13593.296971,v4l2_qbuf,0,VIDEO_OUTPUT_MPLANE
13593.297034,v4l2_qbuf,0,VIDEO_CAPTURE_MPLANE
13593.300684,v4l2_dqbuf,0,VIDEO_CAPTURE_MPLANE
13593.300711,v4l2_dqbuf,0,VIDEO_OUTPUT_MPLANE
13593.308206,v4l2_qbuf,0,VIDEO_OUTPUT_MPLANE
13593.308239,v4l2_qbuf,3,VIDEO_CAPTURE_MPLANE
13593.310538,v4l2_dqbuf,3,VIDEO_CAPTURE_MPLANE
13593.310561,v4l2_dqbuf,0,VIDEO_OUTPUT_MPLANE
13593.341477,v4l2_qbuf,0,VIDEO_OUTPUT_MPLANE
13593.341499,v4l2_qbuf,4,VIDEO_CAPTURE_MPLANE
13593.344697,v4l2_dqbuf,4,VIDEO_CAPTURE_MPLANE
13593.344720,v4l2_dqbuf,0,VIDEO_OUTPUT_MPLANE
13593.344850,v4l2_qbuf,0,VIDEO_OUTPUT_MPLANE
13593.344880,v4l2_qbuf,5,VIDEO_CAPTURE_MPLANE
13593.348204,v4l2_dqbuf,5,VIDEO_CAPTURE_MPLANE
13593.348311,v4l2_dqbuf,0,VIDEO_OUTPUT_MPLANE
13593.358104,v4l2_qbuf,0,VIDEO_OUTPUT_MPLANE
13593.358137,v4l2_qbuf,2,VIDEO_CAPTURE_MPLANE
13593.361390,v4l2_dqbuf,2,VIDEO_CAPTURE_MPLANE
13593.361401,v4l2_dqbuf,0,VIDEO_OUTPUT_MPLANE
13593.375074,v4l2_qbuf,0,VIDEO_OUTPUT_MPLANE
13593.375173,v4l2_qbuf,0,VIDEO_CAPTURE_MPLANE
13593.377452,v4l2_dqbuf,0,VIDEO_CAPTURE_MPLANE
13593.377504,v4l2_dqbuf,0,VIDEO_OUTPUT_MPLANE
13593.408406,v4l2_qbuf,0,VIDEO_OUTPUT_MPLANE
13593.408441,v4l2_qbuf,5,VIDEO_CAPTURE_MPLANE
13593.411790,v4l2_dqbuf,5,VIDEO_CAPTURE_MPLANE
13593.411845,v4l2_dqbuf,0,VIDEO_OUTPUT_MPLANE
13593.412040,v4l2_qbuf,0,VIDEO_OUTPUT_MPLANE
13593.412066,v4l2_qbuf,1,VIDEO_CAPTURE_MPLANE
13593.417170,v4l2_dqbuf,1,VIDEO_CAPTURE_MPLANE
13593.417293,v4l2_dqbuf,0,VIDEO_OUTPUT_MPLANE
13593.433554,v4l2_qbuf,0,VIDEO_OUTPUT_MPLANE
13593.433583,v4l2_qbuf,4,VIDEO_CAPTURE_MPLANE
13593.436893,v4l2_dqbuf,4,VIDEO_CAPTURE_MPLANE
13593.436908,v4l2_dqbuf,0,VIDEO_OUTPUT_MPLANE
13593.441411,v4l2_qbuf,0,VIDEO_OUTPUT_MPLANE
13593.441430,v4l2_qbuf,2,VIDEO_CAPTURE_MPLANE
13593.443717,v4l2_dqbuf,2,VIDEO_CAPTURE_MPLANE
13593.443730,v4l2_dqbuf,0,VIDEO_OUTPUT_MPLANE
13593.475892,v4l2_qbuf,0,VIDEO_OUTPUT_MPLANE
13593.475965,v4l2_qbuf,1,VIDEO_CAPTURE_MPLANE
13593.479335,v4l2_dqbuf,1,VIDEO_CAPTURE_MPLANE
13593.479358,v4l2_dqbuf,0,VIDEO_OUTPUT_MPLANE
13593.479484,v4l2_qbuf,0,VIDEO_OUTPUT_MPLANE
13593.479502,v4l2_qbuf,3,VIDEO_CAPTURE_MPLANE
13593.482800,v4l2_dqbuf,3,VIDEO_CAPTURE_MPLANE
13593.482906,v4l2_dqbuf,0,VIDEO_OUTPUT_MPLANE
13593.491554,v4l2_qbuf,0,VIDEO_OUTPUT_MPLANE
13593.491576,v4l2_qbuf,5,VIDEO_CAPTURE_MPLANE
13593.494858,v4l2_dqbuf,5,VIDEO_CAPTURE_MPLANE
13593.494873,v4l2_dqbuf,0,VIDEO_OUTPUT_MPLANE
13593.508228,v4l2_qbuf,0,VIDEO_OUTPUT_MPLANE
13593.508250,v4l2_qbuf,4,VIDEO_CAPTURE_MPLANE
13593.510536,v4l2_dqbuf,4,VIDEO_CAPTURE_MPLANE
13593.510560,v4l2_dqbuf,0,VIDEO_OUTPUT_MPLANE
13593.541695,v4l2_qbuf,0,VIDEO_OUTPUT_MPLANE
13593.541729,v4l2_qbuf,3,VIDEO_CAPTURE_MPLANE
13593.545021,v4l2_dqbuf,3,VIDEO_CAPTURE_MPLANE
13593.545044,v4l2_dqbuf,0,VIDEO_OUTPUT_MPLANE
13593.545163,v4l2_qbuf,0,VIDEO_OUTPUT_MPLANE
13593.545179,v4l2_qbuf,0,VIDEO_CAPTURE_MPLANE
13593.548549,v4l2_dqbuf,0,VIDEO_CAPTURE_MPLANE
13593.548671,v4l2_dqbuf,0,VIDEO_OUTPUT_MPLANE
13593.558081,v4l2_qbuf,0,VIDEO_OUTPUT_MPLANE
13593.558101,v4l2_qbuf,1,VIDEO_CAPTURE_MPLANE
13593.561286,v4l2_dqbuf,1,VIDEO_CAPTURE_MPLANE
13593.561301,v4l2_dqbuf,0,VIDEO_OUTPUT_MPLANE
13593.574801,v4l2_qbuf,0,VIDEO_OUTPUT_MPLANE
13593.574821,v4l2_qbuf,5,VIDEO_CAPTURE_MPLANE
13593.577889,v4l2_dqbuf,5,VIDEO_CAPTURE_MPLANE
13593.577904,v4l2_dqbuf,0,VIDEO_OUTPUT_MPLANE
13593.608424,v4l2_qbuf,0,VIDEO_OUTPUT_MPLANE
13593.608443,v4l2_qbuf,0,VIDEO_CAPTURE_MPLANE
13593.611812,v4l2_dqbuf,0,VIDEO_CAPTURE_MPLANE
13593.611857,v4l2_dqbuf,0,VIDEO_OUTPUT_MPLANE
13593.612090,v4l2_qbuf,0,VIDEO_OUTPUT_MPLANE
13593.612118,v4l2_qbuf,2,VIDEO_CAPTURE_MPLANE
13593.615437,v4l2_dqbuf,2,VIDEO_CAPTURE_MPLANE
13593.615526,v4l2_dqbuf,0,VIDEO_OUTPUT_MPLANE
13593.625248,v4l2_qbuf,0,VIDEO_OUTPUT_MPLANE
13593.625282,v4l2_qbuf,3,VIDEO_CAPTURE_MPLANE
13593.628636,v4l2_dqbuf,3,VIDEO_CAPTURE_MPLANE
13593.628651,v4l2_dqbuf,0,VIDEO_OUTPUT_MPLANE
13593.641870,v4l2_qbuf,0,VIDEO_OUTPUT_MPLANE
13593.641907,v4l2_qbuf,1,VIDEO_CAPTURE_MPLANE
13593.644187,v4l2_dqbuf,1,VIDEO_CAPTURE_MPLANE
13593.644207,v4l2_dqbuf,0,VIDEO_OUTPUT_MPLANE
13593.674885,v4l2_qbuf,0,VIDEO_OUTPUT_MPLANE
13593.674913,v4l2_qbuf,2,VIDEO_CAPTURE_MPLANE
13593.678161,v4l2_dqbuf,2,VIDEO_CAPTURE_MPLANE
13593.678195,v4l2_dqbuf,0,VIDEO_OUTPUT_MPLANE
13593.678397,v4l2_qbuf,0,VIDEO_OUTPUT_MPLANE
13593.678464,v4l2_qbuf,4,VIDEO_CAPTURE_MPLANE
13593.682270,v4l2_dqbuf,4,VIDEO_CAPTURE_MPLANE
13593.682399,v4l2_dqbuf,0,VIDEO_OUTPUT_MPLANE
13593.691501,v4l2_qbuf,0,VIDEO_OUTPUT_MPLANE
13593.691519,v4l2_qbuf,0,VIDEO_CAPTURE_MPLANE
13593.694754,v4l2_dqbuf,0,VIDEO_CAPTURE_MPLANE
13593.694779,v4l2_dqbuf,0,VIDEO_OUTPUT_MPLANE
13593.708463,v4l2_qbuf,0,VIDEO_OUTPUT_MPLANE
13593.708538,v4l2_qbuf,3,VIDEO_CAPTURE_MPLANE
13593.710777,v4l2_dqbuf,3,VIDEO_CAPTURE_MPLANE
13593.710792,v4l2_dqbuf,0,VIDEO_OUTPUT_MPLANE
13593.741640,v4l2_qbuf,0,VIDEO_OUTPUT_MPLANE
13593.741679,v4l2_qbuf,4,VIDEO_CAPTURE_MPLANE
13593.745059,v4l2_dqbuf,4,VIDEO_CAPTURE_MPLANE
13593.745096,v4l2_dqbuf,0,VIDEO_OUTPUT_MPLANE
13593.745266,v4l2_qbuf,0,VIDEO_OUTPUT_MPLANE
13593.745289,v4l2_qbuf,5,VIDEO_CAPTURE_MPLANE
13593.748605,v4l2_dqbuf,5,VIDEO_CAPTURE_MPLANE
13593.748731,v4l2_dqbuf,0,VIDEO_OUTPUT_MPLANE
13593.758046,v4l2_qbuf,0,VIDEO_OUTPUT_MPLANE
13593.758132,v4l2_qbuf,2,VIDEO_CAPTURE_MPLANE
13593.761346,v4l2_dqbuf,2,VIDEO_CAPTURE_MPLANE
13593.761365,v4l2_dqbuf,0,VIDEO_OUTPUT_MPLANE
13593.774973,v4l2_qbuf,0,VIDEO_OUTPUT_MPLANE
13593.775034,v4l2_qbuf,0,VIDEO_CAPTURE_MPLANE
13593.777248,v4l2_dqbuf,0,VIDEO_CAPTURE_MPLANE
13593.777271,v4l2_dqbuf,0,VIDEO_OUTPUT_MPLANE
13593.808188,v4l2_qbuf,0,VIDEO_OUTPUT_MPLANE
13593.808206,v4l2_qbuf,5,VIDEO_CAPTURE_MPLANE
13593.811444,v4l2_dqbuf,5,VIDEO_CAPTURE_MPLANE
13593.811466,v4l2_dqbuf,0,VIDEO_OUTPUT_MPLANE
13593.811575,v4l2_qbuf,0,VIDEO_OUTPUT_MPLANE
13593.811585,v4l2_qbuf,1,VIDEO_CAPTURE_MPLANE
13593.814770,v4l2_dqbuf,1,VIDEO_CAPTURE_MPLANE
13593.814870,v4l2_dqbuf,0,VIDEO_OUTPUT_MPLANE
13593.826915,v4l2_qbuf,0,VIDEO_OUTPUT_MPLANE
13593.826935,v4l2_qbuf,4,VIDEO_CAPTURE_MPLANE
13593.830167,v4l2_dqbuf,4,VIDEO_CAPTURE_MPLANE
13593.830180,v4l2_dqbuf,0,VIDEO_OUTPUT_MPLANE
13593.841287,v4l2_qbuf,0,VIDEO_OUTPUT_MPLANE
13593.841306,v4l2_qbuf,2,VIDEO_CAPTURE_MPLANE
13593.843380,v4l2_dqbuf,2,VIDEO_CAPTURE_MPLANE
13593.843393,v4l2_dqbuf,0,VIDEO_OUTPUT_MPLANE
13593.875237,v4l2_qbuf,0,VIDEO_OUTPUT_MPLANE
13593.875258,v4l2_qbuf,1,VIDEO_CAPTURE_MPLANE
13593.878516,v4l2_dqbuf,1,VIDEO_CAPTURE_MPLANE
13593.878535,v4l2_dqbuf,0,VIDEO_OUTPUT_MPLANE
13593.878636,v4l2_qbuf,0,VIDEO_OUTPUT_MPLANE
13593.878650,v4l2_qbuf,3,VIDEO_CAPTURE_MPLANE
13593.881825,v4l2_dqbuf,3,VIDEO_CAPTURE_MPLANE
13593.881897,v4l2_dqbuf,0,VIDEO_OUTPUT_MPLANE
13593.891392,v4l2_qbuf,0,VIDEO_OUTPUT_MPLANE
13593.891414,v4l2_qbuf,5,VIDEO_CAPTURE_MPLANE
13593.894671,v4l2_dqbuf,5,VIDEO_CAPTURE_MPLANE
13593.894683,v4l2_dqbuf,0,VIDEO_OUTPUT_MPLANE
13593.908063,v4l2_qbuf,0,VIDEO_OUTPUT_MPLANE
13593.908104,v4l2_qbuf,4,VIDEO_CAPTURE_MPLANE
13593.910420,v4l2_dqbuf,4,VIDEO_CAPTURE_MPLANE
13593.910434,v4l2_dqbuf,0,VIDEO_OUTPUT_MPLANE
13593.925159,v4l2_qbuf,0,VIDEO_OUTPUT_MPLANE
13593.925181,v4l2_qbuf,0,VIDEO_CAPTURE_MPLANE
13593.928432,v4l2_dqbuf,0,VIDEO_CAPTURE_MPLANE
13593.928548,v4l2_dqbuf,0,VIDEO_OUTPUT_MPLANE
13593.941625,v4l2_qbuf,0,VIDEO_OUTPUT_MPLANE
13593.941654,v4l2_qbuf,3,VIDEO_CAPTURE_MPLANE
13593.943610,v4l2_dqbuf,3,VIDEO_CAPTURE_MPLANE
13593.943632,v4l2_dqbuf,0,VIDEO_OUTPUT_MPLANE
13593.958313,v4l2_qbuf,0,VIDEO_OUTPUT_MPLANE
13593.958348,v4l2_qbuf,1,VIDEO_CAPTURE_MPLANE
13593.961544,v4l2_dqbuf,1,VIDEO_CAPTURE_MPLANE
13593.961556,v4l2_dqbuf,0,VIDEO_OUTPUT_MPLANE
13593.975043,v4l2_qbuf,0,VIDEO_OUTPUT_MPLANE
13593.975071,v4l2_qbuf,5,VIDEO_CAPTURE_MPLANE
13593.978276,v4l2_dqbuf,5,VIDEO_CAPTURE_MPLANE
13593.978295,v4l2_dqbuf,0,VIDEO_OUTPUT_MPLANE
13593.991745,v4l2_qbuf,0,VIDEO_OUTPUT_MPLANE
13593.991781,v4l2_qbuf,2,VIDEO_CAPTURE_MPLANE
13593.995209,v4l2_dqbuf,2,VIDEO_CAPTURE_MPLANE
13593.995383,v4l2_dqbuf,0,VIDEO_OUTPUT_MPLANE
13594.008159,v4l2_qbuf,0,VIDEO_OUTPUT_MPLANE
13594.008232,v4l2_qbuf,0,VIDEO_CAPTURE_MPLANE
13594.011416,v4l2_dqbuf,0,VIDEO_CAPTURE_MPLANE
13594.011434,v4l2_dqbuf,0,VIDEO_OUTPUT_MPLANE
13594.024662,v4l2_qbuf,0,VIDEO_OUTPUT_MPLANE
13594.024680,v4l2_qbuf,4,VIDEO_CAPTURE_MPLANE
13594.026769,v4l2_dqbuf,4,VIDEO_CAPTURE_MPLANE
13594.026782,v4l2_dqbuf,0,VIDEO_OUTPUT_MPLANE
13594.058100,v4l2_qbuf,0,VIDEO_OUTPUT_MPLANE
13594.058118,v4l2_qbuf,2,VIDEO_CAPTURE_MPLANE
13594.061395,v4l2_dqbuf,2,VIDEO_CAPTURE_MPLANE
13594.061417,v4l2_dqbuf,0,VIDEO_OUTPUT_MPLANE
13594.061533,v4l2_qbuf,0,VIDEO_OUTPUT_MPLANE
13594.061548,v4l2_qbuf,3,VIDEO_CAPTURE_MPLANE
13594.064937,v4l2_dqbuf,3,VIDEO_CAPTURE_MPLANE
13594.065071,v4l2_dqbuf,0,VIDEO_OUTPUT_MPLANE
13594.074494,v4l2_qbuf,0,VIDEO_OUTPUT_MPLANE
13594.074516,v4l2_qbuf,5,VIDEO_CAPTURE_MPLANE
13594.077782,v4l2_dqbuf,5,VIDEO_CAPTURE_MPLANE
13594.077806,v4l2_dqbuf,0,VIDEO_OUTPUT_MPLANE
13594.091458,v4l2_qbuf,0,VIDEO_OUTPUT_MPLANE
13594.091486,v4l2_qbuf,0,VIDEO_CAPTURE_MPLANE
13594.093813,v4l2_dqbuf,0,VIDEO_CAPTURE_MPLANE
13594.093834,v4l2_dqbuf,0,VIDEO_OUTPUT_MPLANE
13594.124894,v4l2_qbuf,0,VIDEO_OUTPUT_MPLANE
13594.124926,v4l2_qbuf,3,VIDEO_CAPTURE_MPLANE
13594.129344,v4l2_dqbuf,3,VIDEO_CAPTURE_MPLANE
13594.129370,v4l2_dqbuf,0,VIDEO_OUTPUT_MPLANE
13594.129499,v4l2_qbuf,0,VIDEO_OUTPUT_MPLANE
13594.129518,v4l2_qbuf,1,VIDEO_CAPTURE_MPLANE
13594.132708,v4l2_dqbuf,1,VIDEO_CAPTURE_MPLANE
13594.132815,v4l2_dqbuf,0,VIDEO_OUTPUT_MPLANE
13594.141509,v4l2_qbuf,0,VIDEO_OUTPUT_MPLANE
13594.141540,v4l2_qbuf,2,VIDEO_CAPTURE_MPLANE
13594.144779,v4l2_dqbuf,2,VIDEO_CAPTURE_MPLANE
13594.144807,v4l2_dqbuf,0,VIDEO_OUTPUT_MPLANE
13594.157865,v4l2_qbuf,0,VIDEO_OUTPUT_MPLANE
13594.157880,v4l2_qbuf,5,VIDEO_CAPTURE_MPLANE
13594.159978,v4l2_dqbuf,5,VIDEO_CAPTURE_MPLANE
13594.159989,v4l2_dqbuf,0,VIDEO_OUTPUT_MPLANE
13594.191549,v4l2_qbuf,0,VIDEO_OUTPUT_MPLANE
13594.191572,v4l2_qbuf,1,VIDEO_CAPTURE_MPLANE
13594.194795,v4l2_dqbuf,1,VIDEO_CAPTURE_MPLANE
13594.194815,v4l2_dqbuf,0,VIDEO_OUTPUT_MPLANE
13594.194926,v4l2_qbuf,0,VIDEO_OUTPUT_MPLANE
13594.194940,v4l2_qbuf,4,VIDEO_CAPTURE_MPLANE
13594.200137,v4l2_dqbuf,4,VIDEO_CAPTURE_MPLANE
13594.200254,v4l2_dqbuf,0,VIDEO_OUTPUT_MPLANE
13594.208090,v4l2_qbuf,0,VIDEO_OUTPUT_MPLANE
13594.208108,v4l2_qbuf,3,VIDEO_CAPTURE_MPLANE
13594.211300,v4l2_dqbuf,3,VIDEO_CAPTURE_MPLANE
13594.211311,v4l2_dqbuf,0,VIDEO_OUTPUT_MPLANE
13594.224604,v4l2_qbuf,0,VIDEO_OUTPUT_MPLANE
13594.224623,v4l2_qbuf,2,VIDEO_CAPTURE_MPLANE
13594.226800,v4l2_dqbuf,2,VIDEO_CAPTURE_MPLANE
13594.226813,v4l2_dqbuf,0,VIDEO_OUTPUT_MPLANE
13594.257919,v4l2_qbuf,0,VIDEO_OUTPUT_MPLANE
13594.257939,v4l2_qbuf,4,VIDEO_CAPTURE_MPLANE
13594.261111,v4l2_dqbuf,4,VIDEO_CAPTURE_MPLANE
13594.261134,v4l2_dqbuf,0,VIDEO_OUTPUT_MPLANE
13594.261250,v4l2_qbuf,0,VIDEO_OUTPUT_MPLANE
13594.261266,v4l2_qbuf,0,VIDEO_CAPTURE_MPLANE
13594.264454,v4l2_dqbuf,0,VIDEO_CAPTURE_MPLANE
13594.264546,v4l2_dqbuf,0,VIDEO_OUTPUT_MPLANE
13594.274538,v4l2_qbuf,0,VIDEO_OUTPUT_MPLANE
13594.274562,v4l2_qbuf,1,VIDEO_CAPTURE_MPLANE
13594.277686,v4l2_dqbuf,1,VIDEO_CAPTURE_MPLANE
13594.277700,v4l2_dqbuf,0,VIDEO_OUTPUT_MPLANE
13594.291180,v4l2_qbuf,0,VIDEO_OUTPUT_MPLANE
13594.291207,v4l2_qbuf,3,VIDEO_CAPTURE_MPLANE
13594.293584,v4l2_dqbuf,3,VIDEO_CAPTURE_MPLANE
13594.293599,v4l2_dqbuf,0,VIDEO_OUTPUT_MPLANE
13594.324654,v4l2_qbuf,0,VIDEO_OUTPUT_MPLANE
13594.324681,v4l2_qbuf,0,VIDEO_CAPTURE_MPLANE
13594.327897,v4l2_dqbuf,0,VIDEO_CAPTURE_MPLANE
13594.327920,v4l2_dqbuf,0,VIDEO_OUTPUT_MPLANE
13594.328054,v4l2_qbuf,0,VIDEO_OUTPUT_MPLANE
13594.328071,v4l2_qbuf,5,VIDEO_CAPTURE_MPLANE
13594.331101,v4l2_dqbuf,5,VIDEO_CAPTURE_MPLANE
13594.331177,v4l2_dqbuf,0,VIDEO_OUTPUT_MPLANE
13594.347599,v4l2_qbuf,0,VIDEO_OUTPUT_MPLANE
13594.347631,v4l2_qbuf,4,VIDEO_CAPTURE_MPLANE
13594.351037,v4l2_dqbuf,4,VIDEO_CAPTURE_MPLANE
13594.351048,v4l2_dqbuf,0,VIDEO_OUTPUT_MPLANE
13594.358878,v4l2_qbuf,0,VIDEO_OUTPUT_MPLANE
13594.358905,v4l2_qbuf,1,VIDEO_CAPTURE_MPLANE
13594.361276,v4l2_dqbuf,1,VIDEO_CAPTURE_MPLANE
13594.361291,v4l2_dqbuf,0,VIDEO_OUTPUT_MPLANE
13594.391161,v4l2_qbuf,0,VIDEO_OUTPUT_MPLANE
13594.391237,v4l2_qbuf,5,VIDEO_CAPTURE_MPLANE
13594.394443,v4l2_dqbuf,5,VIDEO_CAPTURE_MPLANE
13594.394475,v4l2_dqbuf,0,VIDEO_OUTPUT_MPLANE
13594.394631,v4l2_qbuf,0,VIDEO_OUTPUT_MPLANE
13594.394651,v4l2_qbuf,2,VIDEO_CAPTURE_MPLANE
13594.397732,v4l2_dqbuf,2,VIDEO_CAPTURE_MPLANE
13594.397837,v4l2_dqbuf,0,VIDEO_OUTPUT_MPLANE
13594.408259,v4l2_qbuf,0,VIDEO_OUTPUT_MPLANE
13594.408289,v4l2_qbuf,0,VIDEO_CAPTURE_MPLANE
13594.411609,v4l2_dqbuf,0,VIDEO_CAPTURE_MPLANE
13594.411621,v4l2_dqbuf,0,VIDEO_OUTPUT_MPLANE
13594.424875,v4l2_qbuf,0,VIDEO_OUTPUT_MPLANE
13594.424906,v4l2_qbuf,4,VIDEO_CAPTURE_MPLANE
13594.427185,v4l2_dqbuf,4,VIDEO_CAPTURE_MPLANE
13594.427205,v4l2_dqbuf,0,VIDEO_OUTPUT_MPLANE
13594.458591,v4l2_qbuf,0,VIDEO_OUTPUT_MPLANE
13594.458643,v4l2_qbuf,2,VIDEO_CAPTURE_MPLANE
13594.461991,v4l2_dqbuf,2,VIDEO_CAPTURE_MPLANE
13594.462024,v4l2_dqbuf,0,VIDEO_OUTPUT_MPLANE
13594.462143,v4l2_qbuf,0,VIDEO_OUTPUT_MPLANE
13594.462155,v4l2_qbuf,3,VIDEO_CAPTURE_MPLANE
13594.465439,v4l2_dqbuf,3,VIDEO_CAPTURE_MPLANE
13594.465520,v4l2_dqbuf,0,VIDEO_OUTPUT_MPLANE
13594.480154,v4l2_qbuf,0,VIDEO_OUTPUT_MPLANE
13594.480171,v4l2_qbuf,5,VIDEO_CAPTURE_MPLANE
13594.483460,v4l2_dqbuf,5,VIDEO_CAPTURE_MPLANE
13594.483472,v4l2_dqbuf,0,VIDEO_OUTPUT_MPLANE
13594.491978,v4l2_qbuf,0,VIDEO_OUTPUT_MPLANE
13594.491997,v4l2_qbuf,0,VIDEO_CAPTURE_MPLANE
13594.494252,v4l2_dqbuf,0,VIDEO_CAPTURE_MPLANE
13594.494266,v4l2_dqbuf,0,VIDEO_OUTPUT_MPLANE
13594.541640,v4l2_qbuf,0,VIDEO_OUTPUT_MPLANE
13594.541701,v4l2_qbuf,3,VIDEO_CAPTURE_MPLANE
13594.546236,v4l2_dqbuf,3,VIDEO_CAPTURE_MPLANE
13594.546273,v4l2_dqbuf,0,VIDEO_OUTPUT_MPLANE
13594.546401,v4l2_qbuf,0,VIDEO_OUTPUT_MPLANE
13594.546420,v4l2_qbuf,1,VIDEO_CAPTURE_MPLANE
13594.549576,v4l2_dqbuf,1,VIDEO_CAPTURE_MPLANE
13594.549682,v4l2_dqbuf,0,VIDEO_OUTPUT_MPLANE
13594.563944,v4l2_qbuf,0,VIDEO_OUTPUT_MPLANE
13594.563964,v4l2_qbuf,2,VIDEO_CAPTURE_MPLANE
13594.567432,v4l2_dqbuf,2,VIDEO_CAPTURE_MPLANE
13594.567447,v4l2_dqbuf,0,VIDEO_OUTPUT_MPLANE
13594.574761,v4l2_qbuf,0,VIDEO_OUTPUT_MPLANE
13594.574781,v4l2_qbuf,5,VIDEO_CAPTURE_MPLANE
13594.576954,v4l2_dqbuf,5,VIDEO_CAPTURE_MPLANE
13594.576968,v4l2_dqbuf,0,VIDEO_OUTPUT_MPLANE
13594.607890,v4l2_qbuf,0,VIDEO_OUTPUT_MPLANE
13594.607909,v4l2_qbuf,1,VIDEO_CAPTURE_MPLANE
13594.611339,v4l2_dqbuf,1,VIDEO_CAPTURE_MPLANE
13594.611362,v4l2_dqbuf,0,VIDEO_OUTPUT_MPLANE
13594.611484,v4l2_qbuf,0,VIDEO_OUTPUT_MPLANE
13594.611500,v4l2_qbuf,4,VIDEO_CAPTURE_MPLANE
13594.616452,v4l2_dqbuf,4,VIDEO_CAPTURE_MPLANE
13594.616573,v4l2_dqbuf,0,VIDEO_OUTPUT_MPLANE
13594.631313,v4l2_qbuf,0,VIDEO_OUTPUT_MPLANE
13594.631336,v4l2_qbuf,3,VIDEO_CAPTURE_MPLANE
13594.634725,v4l2_dqbuf,3,VIDEO_CAPTURE_MPLANE
13594.634741,v4l2_dqbuf,0,VIDEO_OUTPUT_MPLANE
13594.641335,v4l2_qbuf,0,VIDEO_OUTPUT_MPLANE
13594.641358,v4l2_qbuf,2,VIDEO_CAPTURE_MPLANE
13594.643518,v4l2_dqbuf,2,VIDEO_CAPTURE_MPLANE
13594.643532,v4l2_dqbuf,0,VIDEO_OUTPUT_MPLANE
13594.675374,v4l2_qbuf,0,VIDEO_OUTPUT_MPLANE
13594.675435,v4l2_qbuf,4,VIDEO_CAPTURE_MPLANE
13594.678785,v4l2_dqbuf,4,VIDEO_CAPTURE_MPLANE
13594.678893,v4l2_dqbuf,0,VIDEO_OUTPUT_MPLANE
13594.679182,v4l2_qbuf,0,VIDEO_OUTPUT_MPLANE
13594.679218,v4l2_qbuf,0,VIDEO_CAPTURE_MPLANE
13594.682528,v4l2_dqbuf,0,VIDEO_CAPTURE_MPLANE
13594.682662,v4l2_dqbuf,0,VIDEO_OUTPUT_MPLANE
13594.696231,v4l2_qbuf,0,VIDEO_OUTPUT_MPLANE
13594.696250,v4l2_qbuf,1,VIDEO_CAPTURE_MPLANE
13594.699509,v4l2_dqbuf,1,VIDEO_CAPTURE_MPLANE
13594.699524,v4l2_dqbuf,0,VIDEO_OUTPUT_MPLANE
13594.702667,v4l2_qbuf,0,VIDEO_OUTPUT_MPLANE
13594.702711,v4l2_qbuf,3,VIDEO_CAPTURE_MPLANE
13594.705050,v4l2_dqbuf,3,VIDEO_CAPTURE_MPLANE
13594.705067,v4l2_dqbuf,0,VIDEO_OUTPUT_MPLANE
13594.735040,v4l2_qbuf,0,VIDEO_OUTPUT_MPLANE
13594.735064,v4l2_qbuf,0,VIDEO_CAPTURE_MPLANE
13594.738405,v4l2_dqbuf,0,VIDEO_CAPTURE_MPLANE
13594.738445,v4l2_dqbuf,0,VIDEO_OUTPUT_MPLANE
13594.738639,v4l2_qbuf,0,VIDEO_OUTPUT_MPLANE
13594.738668,v4l2_qbuf,5,VIDEO_CAPTURE_MPLANE
13594.742136,v4l2_dqbuf,5,VIDEO_CAPTURE_MPLANE
13594.742288,v4l2_dqbuf,0,VIDEO_OUTPUT_MPLANE
13594.752278,v4l2_qbuf,0,VIDEO_OUTPUT_MPLANE
13594.752315,v4l2_qbuf,4,VIDEO_CAPTURE_MPLANE
13594.755744,v4l2_dqbuf,4,VIDEO_CAPTURE_MPLANE
13594.755767,v4l2_dqbuf,0,VIDEO_OUTPUT_MPLANE
13594.768889,v4l2_qbuf,0,VIDEO_OUTPUT_MPLANE
13594.768927,v4l2_qbuf,1,VIDEO_CAPTURE_MPLANE
13594.771317,v4l2_dqbuf,1,VIDEO_CAPTURE_MPLANE
13594.771341,v4l2_dqbuf,0,VIDEO_OUTPUT_MPLANE
13594.802115,v4l2_qbuf,0,VIDEO_OUTPUT_MPLANE
13594.802146,v4l2_qbuf,5,VIDEO_CAPTURE_MPLANE
13594.805513,v4l2_dqbuf,5,VIDEO_CAPTURE_MPLANE
13594.805541,v4l2_dqbuf,0,VIDEO_OUTPUT_MPLANE
13594.805668,v4l2_qbuf,0,VIDEO_OUTPUT_MPLANE
13594.805689,v4l2_qbuf,2,VIDEO_CAPTURE_MPLANE
13594.808931,v4l2_dqbuf,2,VIDEO_CAPTURE_MPLANE
13594.809057,v4l2_dqbuf,0,VIDEO_OUTPUT_MPLANE
13594.818039,v4l2_qbuf,0,VIDEO_OUTPUT_MPLANE
13594.818066,v4l2_qbuf,0,VIDEO_CAPTURE_MPLANE
13594.821261,v4l2_qbuf,1,VIDEO_OUTPUT_MPLANE
13594.821274,v4l2_qbuf,4,VIDEO_CAPTURE_MPLANE
13594.821563,v4l2_dqbuf,0,VIDEO_CAPTURE_MPLANE
13594.821679,v4l2_dqbuf,0,VIDEO_OUTPUT_MPLANE
13594.823750,v4l2_dqbuf,4,VIDEO_CAPTURE_MPLANE
13594.823783,v4l2_dqbuf,1,VIDEO_OUTPUT_MPLANE
13594.871550,v4l2_qbuf,0,VIDEO_OUTPUT_MPLANE
13594.871588,v4l2_qbuf,2,VIDEO_CAPTURE_MPLANE
13594.874992,v4l2_dqbuf,2,VIDEO_CAPTURE_MPLANE
13594.875061,v4l2_dqbuf,0,VIDEO_OUTPUT_MPLANE
13594.875264,v4l2_qbuf,0,VIDEO_OUTPUT_MPLANE
13594.875296,v4l2_qbuf,3,VIDEO_CAPTURE_MPLANE
13594.878574,v4l2_dqbuf,3,VIDEO_CAPTURE_MPLANE
13594.878724,v4l2_dqbuf,0,VIDEO_OUTPUT_MPLANE
13594.888484,v4l2_qbuf,0,VIDEO_OUTPUT_MPLANE
13594.888525,v4l2_qbuf,5,VIDEO_CAPTURE_MPLANE
13594.891926,v4l2_dqbuf,5,VIDEO_CAPTURE_MPLANE
13594.891958,v4l2_dqbuf,0,VIDEO_OUTPUT_MPLANE
13594.904712,v4l2_qbuf,0,VIDEO_OUTPUT_MPLANE
13594.904733,v4l2_qbuf,0,VIDEO_CAPTURE_MPLANE
13594.906940,v4l2_dqbuf,0,VIDEO_CAPTURE_MPLANE
13594.906953,v4l2_dqbuf,0,VIDEO_OUTPUT_MPLANE
13594.937800,v4l2_qbuf,0,VIDEO_OUTPUT_MPLANE
13594.937822,v4l2_qbuf,3,VIDEO_CAPTURE_MPLANE
13594.941242,v4l2_dqbuf,3,VIDEO_CAPTURE_MPLANE
13594.941265,v4l2_dqbuf,0,VIDEO_OUTPUT_MPLANE
13594.941380,v4l2_qbuf,0,VIDEO_OUTPUT_MPLANE
13594.941396,v4l2_qbuf,1,VIDEO_CAPTURE_MPLANE
13594.945342,v4l2_dqbuf,1,VIDEO_CAPTURE_MPLANE
13594.945493,v4l2_dqbuf,0,VIDEO_OUTPUT_MPLANE
13594.954815,v4l2_qbuf,0,VIDEO_OUTPUT_MPLANE
13594.954835,v4l2_qbuf,2,VIDEO_CAPTURE_MPLANE
13594.956803,v4l2_dqbuf,2,VIDEO_CAPTURE_MPLANE
13594.956813,v4l2_dqbuf,0,VIDEO_OUTPUT_MPLANE
13594.971865,v4l2_qbuf,0,VIDEO_OUTPUT_MPLANE
13594.971886,v4l2_qbuf,5,VIDEO_CAPTURE_MPLANE
13594.973949,v4l2_dqbuf,5,VIDEO_CAPTURE_MPLANE
13594.973962,v4l2_dqbuf,0,VIDEO_OUTPUT_MPLANE
13594.988354,v4l2_qbuf,0,VIDEO_OUTPUT_MPLANE
13594.988383,v4l2_qbuf,4,VIDEO_CAPTURE_MPLANE
13594.991588,v4l2_dqbuf,4,VIDEO_CAPTURE_MPLANE
13594.991605,v4l2_dqbuf,0,VIDEO_OUTPUT_MPLANE
13595.004740,v4l2_qbuf,0,VIDEO_OUTPUT_MPLANE
13595.004759,v4l2_qbuf,3,VIDEO_CAPTURE_MPLANE
13595.008055,v4l2_dqbuf,3,VIDEO_CAPTURE_MPLANE
13595.008146,v4l2_dqbuf,0,VIDEO_OUTPUT_MPLANE
13595.021428,v4l2_qbuf,0,VIDEO_OUTPUT_MPLANE
13595.021449,v4l2_qbuf,1,VIDEO_CAPTURE_MPLANE
13595.024651,v4l2_dqbuf,1,VIDEO_CAPTURE_MPLANE
13595.024667,v4l2_dqbuf,0,VIDEO_OUTPUT_MPLANE
13595.038156,v4l2_qbuf,0,VIDEO_OUTPUT_MPLANE
13595.038175,v4l2_qbuf,0,VIDEO_CAPTURE_MPLANE
13595.040448,v4l2_dqbuf,0,VIDEO_CAPTURE_MPLANE
13595.040473,v4l2_dqbuf,0,VIDEO_OUTPUT_MPLANE
13595.071588,v4l2_qbuf,0,VIDEO_OUTPUT_MPLANE
13595.071625,v4l2_qbuf,3,VIDEO_CAPTURE_MPLANE
13595.074894,v4l2_dqbuf,3,VIDEO_CAPTURE_MPLANE
13595.074934,v4l2_dqbuf,0,VIDEO_OUTPUT_MPLANE
13595.075149,v4l2_qbuf,0,VIDEO_OUTPUT_MPLANE
13595.075179,v4l2_qbuf,2,VIDEO_CAPTURE_MPLANE
13595.078388,v4l2_dqbuf,2,VIDEO_CAPTURE_MPLANE
13595.078533,v4l2_dqbuf,0,VIDEO_OUTPUT_MPLANE
13595.088050,v4l2_qbuf,0,VIDEO_OUTPUT_MPLANE
13595.088094,v4l2_qbuf,4,VIDEO_CAPTURE_MPLANE
13595.091463,v4l2_dqbuf,4,VIDEO_CAPTURE_MPLANE
13595.091486,v4l2_dqbuf,0,VIDEO_OUTPUT_MPLANE
13595.104576,v4l2_qbuf,0,VIDEO_OUTPUT_MPLANE
13595.104605,v4l2_qbuf,1,VIDEO_CAPTURE_MPLANE
13595.106866,v4l2_dqbuf,1,VIDEO_CAPTURE_MPLANE
13595.106966,v4l2_dqbuf,0,VIDEO_OUTPUT_MPLANE
13595.137776,v4l2_qbuf,0,VIDEO_OUTPUT_MPLANE
13595.137802,v4l2_qbuf,2,VIDEO_CAPTURE_MPLANE
13595.140988,v4l2_dqbuf,2,VIDEO_CAPTURE_MPLANE
13595.141021,v4l2_dqbuf,0,VIDEO_OUTPUT_MPLANE
13595.141132,v4l2_qbuf,0,VIDEO_OUTPUT_MPLANE
13595.141148,v4l2_qbuf,5,VIDEO_CAPTURE_MPLANE
13595.144353,v4l2_dqbuf,5,VIDEO_CAPTURE_MPLANE
13595.144444,v4l2_dqbuf,0,VIDEO_OUTPUT_MPLANE
13595.154794,v4l2_qbuf,0,VIDEO_OUTPUT_MPLANE
13595.154813,v4l2_qbuf,3,VIDEO_CAPTURE_MPLANE
13595.157814,v4l2_dqbuf,3,VIDEO_CAPTURE_MPLANE
13595.157831,v4l2_dqbuf,0,VIDEO_OUTPUT_MPLANE
13595.171540,v4l2_qbuf,0,VIDEO_OUTPUT_MPLANE
13595.171559,v4l2_qbuf,4,VIDEO_CAPTURE_MPLANE
13595.173763,v4l2_dqbuf,4,VIDEO_CAPTURE_MPLANE
13595.173781,v4l2_dqbuf,0,VIDEO_OUTPUT_MPLANE
13595.204617,v4l2_qbuf,0,VIDEO_OUTPUT_MPLANE
13595.204648,v4l2_qbuf,5,VIDEO_CAPTURE_MPLANE
13595.208025,v4l2_dqbuf,5,VIDEO_CAPTURE_MPLANE
13595.208058,v4l2_dqbuf,0,VIDEO_OUTPUT_MPLANE
13595.208207,v4l2_qbuf,0,VIDEO_OUTPUT_MPLANE
13595.208226,v4l2_qbuf,0,VIDEO_CAPTURE_MPLANE
13595.213099,v4l2_dqbuf,0,VIDEO_CAPTURE_MPLANE
13595.213299,v4l2_dqbuf,0,VIDEO_OUTPUT_MPLANE
13595.221327,v4l2_qbuf,0,VIDEO_OUTPUT_MPLANE
13595.221347,v4l2_qbuf,2,VIDEO_CAPTURE_MPLANE
13595.224497,v4l2_dqbuf,2,VIDEO_CAPTURE_MPLANE
13595.224509,v4l2_dqbuf,0,VIDEO_OUTPUT_MPLANE
13595.238568,v4l2_qbuf,0,VIDEO_OUTPUT_MPLANE
13595.238589,v4l2_qbuf,3,VIDEO_CAPTURE_MPLANE
13595.240770,v4l2_dqbuf,3,VIDEO_CAPTURE_MPLANE
13595.240786,v4l2_dqbuf,0,VIDEO_OUTPUT_MPLANE
13595.271856,v4l2_qbuf,0,VIDEO_OUTPUT_MPLANE
13595.271872,v4l2_qbuf,0,VIDEO_CAPTURE_MPLANE
13595.275178,v4l2_dqbuf,0,VIDEO_CAPTURE_MPLANE
13595.275203,v4l2_dqbuf,0,VIDEO_OUTPUT_MPLANE
13595.275309,v4l2_qbuf,0,VIDEO_OUTPUT_MPLANE
13595.275323,v4l2_qbuf,1,VIDEO_CAPTURE_MPLANE
13595.278718,v4l2_dqbuf,1,VIDEO_CAPTURE_MPLANE
13595.278819,v4l2_dqbuf,0,VIDEO_OUTPUT_MPLANE
13595.287878,v4l2_qbuf,0,VIDEO_OUTPUT_MPLANE
13595.287899,v4l2_qbuf,5,VIDEO_CAPTURE_MPLANE
13595.291033,v4l2_dqbuf,5,VIDEO_CAPTURE_MPLANE
13595.291053,v4l2_dqbuf,0,VIDEO_OUTPUT_MPLANE
13595.304617,v4l2_qbuf,0,VIDEO_OUTPUT_MPLANE
13595.304633,v4l2_qbuf,2,VIDEO_CAPTURE_MPLANE
13595.306833,v4l2_dqbuf,2,VIDEO_CAPTURE_MPLANE
13595.306846,v4l2_dqbuf,0,VIDEO_OUTPUT_MPLANE
13595.337876,v4l2_qbuf,0,VIDEO_OUTPUT_MPLANE
13595.337894,v4l2_qbuf,1,VIDEO_CAPTURE_MPLANE
13595.340936,v4l2_dqbuf,1,VIDEO_CAPTURE_MPLANE
13595.340953,v4l2_dqbuf,0,VIDEO_OUTPUT_MPLANE
13595.341048,v4l2_qbuf,0,VIDEO_OUTPUT_MPLANE
13595.341061,v4l2_qbuf,4,VIDEO_CAPTURE_MPLANE
13595.344113,v4l2_dqbuf,4,VIDEO_CAPTURE_MPLANE
13595.344175,v4l2_dqbuf,0,VIDEO_OUTPUT_MPLANE
13595.354666,v4l2_qbuf,0,VIDEO_OUTPUT_MPLANE
13595.354701,v4l2_qbuf,0,VIDEO_CAPTURE_MPLANE
13595.357954,v4l2_dqbuf,0,VIDEO_CAPTURE_MPLANE
13595.357975,v4l2_dqbuf,0,VIDEO_OUTPUT_MPLANE
13595.371309,v4l2_qbuf,0,VIDEO_OUTPUT_MPLANE
13595.371323,v4l2_qbuf,5,VIDEO_CAPTURE_MPLANE
13595.373485,v4l2_dqbuf,5,VIDEO_CAPTURE_MPLANE
13595.373496,v4l2_dqbuf,0,VIDEO_OUTPUT_MPLANE
13595.404545,v4l2_qbuf,0,VIDEO_OUTPUT_MPLANE
13595.404632,v4l2_qbuf,4,VIDEO_CAPTURE_MPLANE
13595.407774,v4l2_dqbuf,4,VIDEO_CAPTURE_MPLANE
13595.407805,v4l2_dqbuf,0,VIDEO_OUTPUT_MPLANE
13595.407895,v4l2_qbuf,0,VIDEO_OUTPUT_MPLANE
13595.407910,v4l2_qbuf,3,VIDEO_CAPTURE_MPLANE
13595.410950,v4l2_dqbuf,3,VIDEO_CAPTURE_MPLANE
13595.411030,v4l2_dqbuf,0,VIDEO_OUTPUT_MPLANE
13595.421460,v4l2_qbuf,0,VIDEO_OUTPUT_MPLANE
13595.421483,v4l2_qbuf,1,VIDEO_CAPTURE_MPLANE
13595.424838,v4l2_dqbuf,1,VIDEO_CAPTURE_MPLANE
13595.424853,v4l2_dqbuf,0,VIDEO_OUTPUT_MPLANE
13595.438137,v4l2_qbuf,0,VIDEO_OUTPUT_MPLANE
13595.438155,v4l2_qbuf,0,VIDEO_CAPTURE_MPLANE
13595.440314,v4l2_dqbuf,0,VIDEO_CAPTURE_MPLANE
13595.440328,v4l2_dqbuf,0,VIDEO_OUTPUT_MPLANE
13595.471091,v4l2_qbuf,0,VIDEO_OUTPUT_MPLANE
13595.471106,v4l2_qbuf,3,VIDEO_CAPTURE_MPLANE
13595.473989,v4l2_dqbuf,3,VIDEO_CAPTURE_MPLANE
13595.474021,v4l2_dqbuf,0,VIDEO_OUTPUT_MPLANE
13595.474105,v4l2_qbuf,0,VIDEO_OUTPUT_MPLANE
13595.474115,v4l2_qbuf,2,VIDEO_CAPTURE_MPLANE
13595.477117,v4l2_dqbuf,2,VIDEO_CAPTURE_MPLANE
13595.477192,v4l2_dqbuf,0,VIDEO_OUTPUT_MPLANE
13595.487889,v4l2_qbuf,0,VIDEO_OUTPUT_MPLANE
13595.487907,v4l2_qbuf,4,VIDEO_CAPTURE_MPLANE
13595.491101,v4l2_dqbuf,4,VIDEO_CAPTURE_MPLANE
13595.491133,v4l2_dqbuf,0,VIDEO_OUTPUT_MPLANE
13595.504436,v4l2_qbuf,0,VIDEO_OUTPUT_MPLANE
13595.504457,v4l2_qbuf,1,VIDEO_CAPTURE_MPLANE
13595.506703,v4l2_dqbuf,1,VIDEO_CAPTURE_MPLANE
13595.506719,v4l2_dqbuf,0,VIDEO_OUTPUT_MPLANE
13595.538030,v4l2_qbuf,0,VIDEO_OUTPUT_MPLANE
13595.538044,v4l2_qbuf,2,VIDEO_CAPTURE_MPLANE
13595.541329,v4l2_dqbuf,2,VIDEO_CAPTURE_MPLANE
13595.541366,v4l2_dqbuf,0,VIDEO_OUTPUT_MPLANE
13595.541538,v4l2_qbuf,0,VIDEO_OUTPUT_MPLANE
13595.541559,v4l2_qbuf,5,VIDEO_CAPTURE_MPLANE
13595.544648,v4l2_dqbuf,5,VIDEO_CAPTURE_MPLANE
13595.544660,v4l2_dqbuf,0,VIDEO_OUTPUT_MPLANE
13595.554869,v4l2_qbuf,0,VIDEO_OUTPUT_MPLANE
13595.554898,v4l2_qbuf,3,VIDEO_CAPTURE_MPLANE
13595.557113,v4l2_dqbuf,3,VIDEO_CAPTURE_MPLANE
13595.557132,v4l2_dqbuf,0,VIDEO_OUTPUT_MPLANE
13595.571415,v4l2_qbuf,0,VIDEO_OUTPUT_MPLANE
13595.571441,v4l2_qbuf,4,VIDEO_CAPTURE_MPLANE
13595.574656,v4l2_dqbuf,4,VIDEO_CAPTURE_MPLANE
13595.574678,v4l2_dqbuf,0,VIDEO_OUTPUT_MPLANE
13595.588407,v4l2_qbuf,0,VIDEO_OUTPUT_MPLANE
13595.588434,v4l2_qbuf,0,VIDEO_CAPTURE_MPLANE
13595.591760,v4l2_dqbuf,0,VIDEO_CAPTURE_MPLANE
13595.591931,v4l2_dqbuf,0,VIDEO_OUTPUT_MPLANE
13595.604737,v4l2_qbuf,0,VIDEO_OUTPUT_MPLANE
13595.604763,v4l2_qbuf,2,VIDEO_CAPTURE_MPLANE
13595.608012,v4l2_dqbuf,2,VIDEO_CAPTURE_MPLANE
13595.608029,v4l2_dqbuf,0,VIDEO_OUTPUT_MPLANE
13595.621735,v4l2_qbuf,0,VIDEO_OUTPUT_MPLANE
13595.621755,v4l2_qbuf,5,VIDEO_CAPTURE_MPLANE
13595.624056,v4l2_dqbuf,5,VIDEO_CAPTURE_MPLANE
13595.624090,v4l2_dqbuf,0,VIDEO_OUTPUT_MPLANE
13595.654572,v4l2_qbuf,0,VIDEO_OUTPUT_MPLANE
13595.654592,v4l2_qbuf,0,VIDEO_CAPTURE_MPLANE
13595.657761,v4l2_dqbuf,0,VIDEO_CAPTURE_MPLANE
13595.657783,v4l2_dqbuf,0,VIDEO_OUTPUT_MPLANE
13595.657896,v4l2_qbuf,0,VIDEO_OUTPUT_MPLANE
13595.657913,v4l2_qbuf,1,VIDEO_CAPTURE_MPLANE
13595.661021,v4l2_dqbuf,1,VIDEO_CAPTURE_MPLANE
13595.661135,v4l2_dqbuf,0,VIDEO_OUTPUT_MPLANE
13595.671543,v4l2_qbuf,0,VIDEO_OUTPUT_MPLANE
13595.671561,v4l2_qbuf,4,VIDEO_CAPTURE_MPLANE
13595.674744,v4l2_dqbuf,4,VIDEO_CAPTURE_MPLANE
13595.674758,v4l2_dqbuf,0,VIDEO_OUTPUT_MPLANE
13595.704981,v4l2_qbuf,0,VIDEO_OUTPUT_MPLANE
13595.705077,v4l2_qbuf,2,VIDEO_CAPTURE_MPLANE
13595.707370,v4l2_dqbuf,2,VIDEO_CAPTURE_MPLANE
13595.707392,v4l2_dqbuf,0,VIDEO_OUTPUT_MPLANE
13595.721318,v4l2_qbuf,0,VIDEO_OUTPUT_MPLANE
13595.721335,v4l2_qbuf,1,VIDEO_CAPTURE_MPLANE
13595.724651,v4l2_dqbuf,1,VIDEO_CAPTURE_MPLANE
13595.724672,v4l2_dqbuf,0,VIDEO_OUTPUT_MPLANE
13595.724786,v4l2_qbuf,0,VIDEO_OUTPUT_MPLANE
13595.724803,v4l2_qbuf,3,VIDEO_CAPTURE_MPLANE
13595.728139,v4l2_dqbuf,3,VIDEO_CAPTURE_MPLANE
13595.728220,v4l2_dqbuf,0,VIDEO_OUTPUT_MPLANE
13595.737972,v4l2_qbuf,0,VIDEO_OUTPUT_MPLANE
13595.737991,v4l2_qbuf,0,VIDEO_CAPTURE_MPLANE
13595.741353,v4l2_dqbuf,0,VIDEO_CAPTURE_MPLANE
13595.741362,v4l2_dqbuf,0,VIDEO_OUTPUT_MPLANE
13595.754953,v4l2_qbuf,0,VIDEO_OUTPUT_MPLANE
13595.754974,v4l2_qbuf,4,VIDEO_CAPTURE_MPLANE
13595.757358,v4l2_dqbuf,4,VIDEO_CAPTURE_MPLANE
13595.757373,v4l2_dqbuf,0,VIDEO_OUTPUT_MPLANE
13595.787876,v4l2_qbuf,0,VIDEO_OUTPUT_MPLANE
13595.788109,v4l2_qbuf,3,VIDEO_CAPTURE_MPLANE
13595.791295,v4l2_dqbuf,3,VIDEO_CAPTURE_MPLANE
13595.791316,v4l2_dqbuf,0,VIDEO_OUTPUT_MPLANE
13595.791420,v4l2_qbuf,0,VIDEO_OUTPUT_MPLANE
13595.791436,v4l2_qbuf,5,VIDEO_CAPTURE_MPLANE
13595.794539,v4l2_dqbuf,5,VIDEO_CAPTURE_MPLANE
13595.794608,v4l2_dqbuf,0,VIDEO_OUTPUT_MPLANE
13595.805086,v4l2_qbuf,0,VIDEO_OUTPUT_MPLANE
13595.805105,v4l2_qbuf,1,VIDEO_CAPTURE_MPLANE
13595.808400,v4l2_dqbuf,1,VIDEO_CAPTURE_MPLANE
13595.808412,v4l2_dqbuf,0,VIDEO_OUTPUT_MPLANE
13595.821314,v4l2_qbuf,0,VIDEO_OUTPUT_MPLANE
13595.821332,v4l2_qbuf,0,VIDEO_CAPTURE_MPLANE
13595.823562,v4l2_dqbuf,0,VIDEO_CAPTURE_MPLANE
13595.823577,v4l2_dqbuf,0,VIDEO_OUTPUT_MPLANE
13595.838275,v4l2_qbuf,0,VIDEO_OUTPUT_MPLANE
13595.838293,v4l2_qbuf,2,VIDEO_CAPTURE_MPLANE
13595.841600,v4l2_dqbuf,2,VIDEO_CAPTURE_MPLANE
13595.841610,v4l2_dqbuf,0,VIDEO_OUTPUT_MPLANE
13595.854423,v4l2_qbuf,0,VIDEO_OUTPUT_MPLANE
13595.854443,v4l2_qbuf,5,VIDEO_CAPTURE_MPLANE
13595.856690,v4l2_dqbuf,5,VIDEO_CAPTURE_MPLANE
13595.856709,v4l2_dqbuf,0,VIDEO_OUTPUT_MPLANE
13595.887877,v4l2_qbuf,0,VIDEO_OUTPUT_MPLANE
13595.887908,v4l2_qbuf,1,VIDEO_CAPTURE_MPLANE
13595.891171,v4l2_dqbuf,1,VIDEO_CAPTURE_MPLANE
13595.891222,v4l2_dqbuf,0,VIDEO_OUTPUT_MPLANE
13595.891464,v4l2_qbuf,0,VIDEO_OUTPUT_MPLANE
13595.891499,v4l2_qbuf,3,VIDEO_CAPTURE_MPLANE
13595.894713,v4l2_dqbuf,3,VIDEO_CAPTURE_MPLANE
13595.894902,v4l2_dqbuf,0,VIDEO_OUTPUT_MPLANE
13595.904710,v4l2_qbuf,0,VIDEO_OUTPUT_MPLANE
13595.904736,v4l2_qbuf,4,VIDEO_CAPTURE_MPLANE
13595.908065,v4l2_dqbuf,4,VIDEO_CAPTURE_MPLANE
13595.908088,v4l2_dqbuf,0,VIDEO_OUTPUT_MPLANE
13595.921232,v4l2_qbuf,0,VIDEO_OUTPUT_MPLANE
13595.921262,v4l2_qbuf,2,VIDEO_CAPTURE_MPLANE
13595.923314,v4l2_dqbuf,2,VIDEO_CAPTURE_MPLANE
13595.923334,v4l2_dqbuf,0,VIDEO_OUTPUT_MPLANE
13595.954958,v4l2_qbuf,0,VIDEO_OUTPUT_MPLANE
13595.954978,v4l2_qbuf,0,VIDEO_CAPTURE_MPLANE
13595.958248,v4l2_dqbuf,0,VIDEO_CAPTURE_MPLANE
13595.958360,v4l2_dqbuf,0,VIDEO_OUTPUT_MPLANE
13595.971847,v4l2_qbuf,0,VIDEO_OUTPUT_MPLANE
13595.971865,v4l2_qbuf,3,VIDEO_CAPTURE_MPLANE
13595.973869,v4l2_dqbuf,3,VIDEO_CAPTURE_MPLANE
13595.973882,v4l2_dqbuf,0,VIDEO_OUTPUT_MPLANE
13595.988203,v4l2_qbuf,0,VIDEO_OUTPUT_MPLANE
13595.988226,v4l2_qbuf,1,VIDEO_CAPTURE_MPLANE
13595.990295,v4l2_dqbuf,1,VIDEO_CAPTURE_MPLANE
13595.990309,v4l2_dqbuf,0,VIDEO_OUTPUT_MPLANE
13596.004862,v4l2_qbuf,0,VIDEO_OUTPUT_MPLANE
13596.004882,v4l2_qbuf,4,VIDEO_CAPTURE_MPLANE
13596.008210,v4l2_dqbuf,4,VIDEO_CAPTURE_MPLANE
13596.008225,v4l2_dqbuf,0,VIDEO_OUTPUT_MPLANE
13596.021370,v4l2_qbuf,0,VIDEO_OUTPUT_MPLANE
13596.021390,v4l2_qbuf,5,VIDEO_CAPTURE_MPLANE
13596.023731,v4l2_dqbuf,5,VIDEO_CAPTURE_MPLANE
13596.023757,v4l2_dqbuf,0,VIDEO_OUTPUT_MPLANE
13596.038251,v4l2_qbuf,0,VIDEO_OUTPUT_MPLANE
13596.038314,v4l2_qbuf,0,VIDEO_CAPTURE_MPLANE
13596.041651,v4l2_dqbuf,0,VIDEO_CAPTURE_MPLANE
13596.041664,v4l2_dqbuf,0,VIDEO_OUTPUT_MPLANE
13596.054803,v4l2_qbuf,0,VIDEO_OUTPUT_MPLANE
13596.054823,v4l2_qbuf,2,VIDEO_CAPTURE_MPLANE
13596.057041,v4l2_dqbuf,2,VIDEO_CAPTURE_MPLANE
13596.057062,v4l2_dqbuf,0,VIDEO_OUTPUT_MPLANE
13596.088214,v4l2_qbuf,0,VIDEO_OUTPUT_MPLANE
13596.088236,v4l2_qbuf,4,VIDEO_CAPTURE_MPLANE
13596.091447,v4l2_dqbuf,4,VIDEO_CAPTURE_MPLANE
13596.091474,v4l2_dqbuf,0,VIDEO_OUTPUT_MPLANE
13596.091637,v4l2_qbuf,0,VIDEO_OUTPUT_MPLANE
13596.091654,v4l2_qbuf,3,VIDEO_CAPTURE_MPLANE
13596.094941,v4l2_dqbuf,3,VIDEO_CAPTURE_MPLANE
13596.095128,v4l2_dqbuf,0,VIDEO_OUTPUT_MPLANE
13596.104752,v4l2_qbuf,0,VIDEO_OUTPUT_MPLANE
13596.104772,v4l2_qbuf,1,VIDEO_CAPTURE_MPLANE
13596.108020,v4l2_dqbuf,1,VIDEO_CAPTURE_MPLANE
13596.108049,v4l2_dqbuf,0,VIDEO_OUTPUT_MPLANE
13596.121244,v4l2_qbuf,0,VIDEO_OUTPUT_MPLANE
13596.121266,v4l2_qbuf,0,VIDEO_CAPTURE_MPLANE
13596.123433,v4l2_dqbuf,0,VIDEO_CAPTURE_MPLANE
13596.123458,v4l2_dqbuf,0,VIDEO_OUTPUT_MPLANE
13596.155182,v4l2_qbuf,0,VIDEO_OUTPUT_MPLANE
13596.155219,v4l2_qbuf,3,VIDEO_CAPTURE_MPLANE
13596.158581,v4l2_dqbuf,3,VIDEO_CAPTURE_MPLANE
13596.158619,v4l2_dqbuf,0,VIDEO_OUTPUT_MPLANE
13596.158831,v4l2_qbuf,0,VIDEO_OUTPUT_MPLANE
13596.158860,v4l2_qbuf,5,VIDEO_CAPTURE_MPLANE
13596.162141,v4l2_dqbuf,5,VIDEO_CAPTURE_MPLANE
13596.162157,v4l2_dqbuf,0,VIDEO_OUTPUT_MPLANE
13596.171458,v4l2_qbuf,0,VIDEO_OUTPUT_MPLANE
13596.171477,v4l2_qbuf,4,VIDEO_CAPTURE_MPLANE
13596.173522,v4l2_dqbuf,4,VIDEO_CAPTURE_MPLANE
13596.173535,v4l2_dqbuf,0,VIDEO_OUTPUT_MPLANE
13596.188373,v4l2_qbuf,0,VIDEO_OUTPUT_MPLANE
13596.188402,v4l2_qbuf,1,VIDEO_CAPTURE_MPLANE
13596.191631,v4l2_dqbuf,1,VIDEO_CAPTURE_MPLANE
13596.191647,v4l2_dqbuf,0,VIDEO_OUTPUT_MPLANE
13596.204813,v4l2_qbuf,0,VIDEO_OUTPUT_MPLANE
13596.204831,v4l2_qbuf,2,VIDEO_CAPTURE_MPLANE
13596.207125,v4l2_dqbuf,2,VIDEO_CAPTURE_MPLANE
13596.207142,v4l2_dqbuf,0,VIDEO_OUTPUT_MPLANE
13596.238656,v4l2_qbuf,0,VIDEO_OUTPUT_MPLANE
13596.238684,v4l2_qbuf,5,VIDEO_CAPTURE_MPLANE
13596.242032,v4l2_dqbuf,5,VIDEO_CAPTURE_MPLANE
13596.242056,v4l2_dqbuf,0,VIDEO_OUTPUT_MPLANE
13596.242196,v4l2_qbuf,0,VIDEO_OUTPUT_MPLANE
13596.242213,v4l2_qbuf,3,VIDEO_CAPTURE_MPLANE
13596.245361,v4l2_dqbuf,3,VIDEO_CAPTURE_MPLANE
13596.245498,v4l2_dqbuf,0,VIDEO_OUTPUT_MPLANE
13596.260149,v4l2_qbuf,0,VIDEO_OUTPUT_MPLANE
13596.260166,v4l2_qbuf,0,VIDEO_CAPTURE_MPLANE
13596.263484,v4l2_dqbuf,0,VIDEO_CAPTURE_MPLANE
13596.263507,v4l2_dqbuf,0,VIDEO_OUTPUT_MPLANE
13596.271568,v4l2_qbuf,0,VIDEO_OUTPUT_MPLANE
13596.271602,v4l2_qbuf,1,VIDEO_CAPTURE_MPLANE
13596.273919,v4l2_dqbuf,1,VIDEO_CAPTURE_MPLANE
13596.273933,v4l2_dqbuf,0,VIDEO_OUTPUT_MPLANE
13596.306423,v4l2_qbuf,0,VIDEO_OUTPUT_MPLANE
13596.306465,v4l2_qbuf,3,VIDEO_CAPTURE_MPLANE
13596.309813,v4l2_dqbuf,3,VIDEO_CAPTURE_MPLANE
13596.309863,v4l2_dqbuf,0,VIDEO_OUTPUT_MPLANE
13596.310064,v4l2_qbuf,0,VIDEO_OUTPUT_MPLANE
13596.310090,v4l2_qbuf,4,VIDEO_CAPTURE_MPLANE
13596.313535,v4l2_dqbuf,4,VIDEO_CAPTURE_MPLANE
13596.313862,v4l2_dqbuf,0,VIDEO_OUTPUT_MPLANE
13596.330322,v4l2_qbuf,0,VIDEO_OUTPUT_MPLANE
13596.330361,v4l2_qbuf,5,VIDEO_CAPTURE_MPLANE
13596.333534,v4l2_dqbuf,5,VIDEO_CAPTURE_MPLANE
13596.333547,v4l2_dqbuf,0,VIDEO_OUTPUT_MPLANE
13596.337962,v4l2_qbuf,0,VIDEO_OUTPUT_MPLANE
13596.337983,v4l2_qbuf,0,VIDEO_CAPTURE_MPLANE
13596.340258,v4l2_dqbuf,0,VIDEO_CAPTURE_MPLANE
13596.340273,v4l2_dqbuf,0,VIDEO_OUTPUT_MPLANE
13596.358473,v4l2_qbuf,0,VIDEO_OUTPUT_MPLANE
13596.358505,v4l2_qbuf,2,VIDEO_CAPTURE_MPLANE
13596.362008,v4l2_dqbuf,2,VIDEO_CAPTURE_MPLANE
13596.362040,v4l2_dqbuf,0,VIDEO_OUTPUT_MPLANE
13596.371701,v4l2_qbuf,0,VIDEO_OUTPUT_MPLANE
13596.371734,v4l2_qbuf,4,VIDEO_CAPTURE_MPLANE
13596.374025,v4l2_dqbuf,4,VIDEO_CAPTURE_MPLANE
13596.374041,v4l2_dqbuf,0,VIDEO_OUTPUT_MPLANE
13596.388395,v4l2_qbuf,0,VIDEO_OUTPUT_MPLANE
13596.388420,v4l2_qbuf,3,VIDEO_CAPTURE_MPLANE
13596.391785,v4l2_dqbuf,3,VIDEO_CAPTURE_MPLANE
13596.391799,v4l2_dqbuf,0,VIDEO_OUTPUT_MPLANE
13596.404713,v4l2_qbuf,0,VIDEO_OUTPUT_MPLANE
13596.404729,v4l2_qbuf,5,VIDEO_CAPTURE_MPLANE
13596.406921,v4l2_dqbuf,5,VIDEO_CAPTURE_MPLANE
13596.406933,v4l2_dqbuf,0,VIDEO_OUTPUT_MPLANE
13596.440047,v4l2_qbuf,0,VIDEO_OUTPUT_MPLANE
13596.440065,v4l2_qbuf,2,VIDEO_CAPTURE_MPLANE
13596.443464,v4l2_dqbuf,2,VIDEO_CAPTURE_MPLANE
13596.443506,v4l2_dqbuf,0,VIDEO_OUTPUT_MPLANE
13596.443726,v4l2_qbuf,0,VIDEO_OUTPUT_MPLANE
13596.443754,v4l2_qbuf,1,VIDEO_CAPTURE_MPLANE
13596.448262,v4l2_dqbuf,1,VIDEO_CAPTURE_MPLANE
13596.448359,v4l2_dqbuf,0,VIDEO_OUTPUT_MPLANE
13596.467307,v4l2_qbuf,0,VIDEO_OUTPUT_MPLANE
13596.467324,v4l2_qbuf,0,VIDEO_CAPTURE_MPLANE
13596.470578,v4l2_dqbuf,0,VIDEO_CAPTURE_MPLANE
13596.470591,v4l2_dqbuf,0,VIDEO_OUTPUT_MPLANE
13596.472660,v4l2_qbuf,0,VIDEO_OUTPUT_MPLANE
13596.472674,v4l2_qbuf,3,VIDEO_CAPTURE_MPLANE
13596.474846,v4l2_dqbuf,3,VIDEO_CAPTURE_MPLANE
13596.474855,v4l2_dqbuf,0,VIDEO_OUTPUT_MPLANE
13596.506471,v4l2_qbuf,0,VIDEO_OUTPUT_MPLANE
13596.506545,v4l2_qbuf,1,VIDEO_CAPTURE_MPLANE
13596.509956,v4l2_dqbuf,1,VIDEO_CAPTURE_MPLANE
13596.509984,v4l2_dqbuf,0,VIDEO_OUTPUT_MPLANE
13596.510123,v4l2_qbuf,0,VIDEO_OUTPUT_MPLANE
13596.510141,v4l2_qbuf,4,VIDEO_CAPTURE_MPLANE
13596.513445,v4l2_dqbuf,4,VIDEO_CAPTURE_MPLANE
13596.513536,v4l2_dqbuf,0,VIDEO_OUTPUT_MPLANE
13596.530240,v4l2_qbuf,0,VIDEO_OUTPUT_MPLANE
13596.530261,v4l2_qbuf,2,VIDEO_CAPTURE_MPLANE
13596.533677,v4l2_dqbuf,2,VIDEO_CAPTURE_MPLANE
13596.533690,v4l2_dqbuf,0,VIDEO_OUTPUT_MPLANE
13596.539740,v4l2_qbuf,0,VIDEO_OUTPUT_MPLANE
13596.539770,v4l2_qbuf,0,VIDEO_CAPTURE_MPLANE
13596.542051,v4l2_dqbuf,0,VIDEO_CAPTURE_MPLANE
13596.542075,v4l2_dqbuf,0,VIDEO_OUTPUT_MPLANE
13596.573107,v4l2_qbuf,0,VIDEO_OUTPUT_MPLANE
13596.573139,v4l2_qbuf,4,VIDEO_CAPTURE_MPLANE
13596.576396,v4l2_dqbuf,4,VIDEO_CAPTURE_MPLANE
13596.576430,v4l2_dqbuf,0,VIDEO_OUTPUT_MPLANE
13596.576606,v4l2_qbuf,0,VIDEO_OUTPUT_MPLANE
13596.576628,v4l2_qbuf,5,VIDEO_CAPTURE_MPLANE
13596.579889,v4l2_dqbuf,5,VIDEO_CAPTURE_MPLANE
13596.580139,v4l2_dqbuf,0,VIDEO_OUTPUT_MPLANE
13596.589600,v4l2_qbuf,0,VIDEO_OUTPUT_MPLANE
13596.589616,v4l2_qbuf,1,VIDEO_CAPTURE_MPLANE
13596.592984,v4l2_dqbuf,1,VIDEO_CAPTURE_MPLANE
13596.593018,v4l2_dqbuf,0,VIDEO_OUTPUT_MPLANE
13596.606304,v4l2_qbuf,0,VIDEO_OUTPUT_MPLANE
13596.606339,v4l2_qbuf,2,VIDEO_CAPTURE_MPLANE
13596.608464,v4l2_dqbuf,2,VIDEO_CAPTURE_MPLANE
13596.608477,v4l2_dqbuf,0,VIDEO_OUTPUT_MPLANE
13596.639820,v4l2_qbuf,0,VIDEO_OUTPUT_MPLANE
13596.639849,v4l2_qbuf,5,VIDEO_CAPTURE_MPLANE
13596.643152,v4l2_dqbuf,5,VIDEO_CAPTURE_MPLANE
13596.643173,v4l2_dqbuf,0,VIDEO_OUTPUT_MPLANE
13596.643286,v4l2_qbuf,0,VIDEO_OUTPUT_MPLANE
13596.643301,v4l2_qbuf,3,VIDEO_CAPTURE_MPLANE
13596.646487,v4l2_dqbuf,3,VIDEO_CAPTURE_MPLANE
13596.646565,v4l2_dqbuf,0,VIDEO_OUTPUT_MPLANE
13596.656200,v4l2_qbuf,0,VIDEO_OUTPUT_MPLANE
13596.656218,v4l2_qbuf,4,VIDEO_CAPTURE_MPLANE
13596.659508,v4l2_dqbuf,4,VIDEO_CAPTURE_MPLANE
13596.659529,v4l2_dqbuf,0,VIDEO_OUTPUT_MPLANE
13596.673060,v4l2_qbuf,0,VIDEO_OUTPUT_MPLANE
13596.673076,v4l2_qbuf,1,VIDEO_CAPTURE_MPLANE
13596.675406,v4l2_dqbuf,1,VIDEO_CAPTURE_MPLANE
13596.675420,v4l2_dqbuf,0,VIDEO_OUTPUT_MPLANE
13596.706492,v4l2_qbuf,0,VIDEO_OUTPUT_MPLANE
13596.706511,v4l2_qbuf,3,VIDEO_CAPTURE_MPLANE
13596.709611,v4l2_dqbuf,3,VIDEO_CAPTURE_MPLANE
13596.709649,v4l2_dqbuf,0,VIDEO_OUTPUT_MPLANE
13596.709810,v4l2_qbuf,0,VIDEO_OUTPUT_MPLANE
13596.709830,v4l2_qbuf,0,VIDEO_CAPTURE_MPLANE
13596.712865,v4l2_dqbuf,0,VIDEO_CAPTURE_MPLANE
13596.712971,v4l2_dqbuf,0,VIDEO_OUTPUT_MPLANE
13596.729443,v4l2_qbuf,0,VIDEO_OUTPUT_MPLANE
13596.729474,v4l2_qbuf,5,VIDEO_CAPTURE_MPLANE
13596.732585,v4l2_dqbuf,5,VIDEO_CAPTURE_MPLANE
13596.732598,v4l2_dqbuf,0,VIDEO_OUTPUT_MPLANE
13596.739694,v4l2_qbuf,0,VIDEO_OUTPUT_MPLANE
13596.739716,v4l2_qbuf,4,VIDEO_CAPTURE_MPLANE
13596.741815,v4l2_dqbuf,4,VIDEO_CAPTURE_MPLANE
13596.741829,v4l2_dqbuf,0,VIDEO_OUTPUT_MPLANE
13596.773412,v4l2_qbuf,0,VIDEO_OUTPUT_MPLANE
13596.773447,v4l2_qbuf,0,VIDEO_CAPTURE_MPLANE
13596.776723,v4l2_dqbuf,0,VIDEO_CAPTURE_MPLANE
13596.776765,v4l2_dqbuf,0,VIDEO_OUTPUT_MPLANE
13596.776980,v4l2_qbuf,0,VIDEO_OUTPUT_MPLANE
13596.777027,v4l2_qbuf,2,VIDEO_CAPTURE_MPLANE
13596.780290,v4l2_dqbuf,2,VIDEO_CAPTURE_MPLANE
13596.780305,v4l2_dqbuf,0,VIDEO_OUTPUT_MPLANE
13596.789735,v4l2_qbuf,0,VIDEO_OUTPUT_MPLANE
13596.789752,v4l2_qbuf,3,VIDEO_CAPTURE_MPLANE
13596.792087,v4l2_dqbuf,3,VIDEO_CAPTURE_MPLANE
13596.792103,v4l2_dqbuf,0,VIDEO_OUTPUT_MPLANE
13596.806813,v4l2_qbuf,0,VIDEO_OUTPUT_MPLANE
13596.806834,v4l2_qbuf,5,VIDEO_CAPTURE_MPLANE
13596.811153,v4l2_dqbuf,5,VIDEO_CAPTURE_MPLANE
13596.811172,v4l2_dqbuf,0,VIDEO_OUTPUT_MPLANE
13596.823077,v4l2_qbuf,0,VIDEO_OUTPUT_MPLANE
13596.823092,v4l2_qbuf,1,VIDEO_CAPTURE_MPLANE
13596.826235,v4l2_dqbuf,1,VIDEO_CAPTURE_MPLANE
13596.826322,v4l2_dqbuf,0,VIDEO_OUTPUT_MPLANE
13596.840117,v4l2_qbuf,0,VIDEO_OUTPUT_MPLANE
13596.840138,v4l2_qbuf,0,VIDEO_CAPTURE_MPLANE
13596.843440,v4l2_dqbuf,0,VIDEO_CAPTURE_MPLANE
13596.843454,v4l2_dqbuf,0,VIDEO_OUTPUT_MPLANE
13596.856525,v4l2_qbuf,0,VIDEO_OUTPUT_MPLANE
13596.856556,v4l2_qbuf,2,VIDEO_CAPTURE_MPLANE
13596.859036,v4l2_dqbuf,2,VIDEO_CAPTURE_MPLANE
13596.859060,v4l2_dqbuf,0,VIDEO_OUTPUT_MPLANE
13596.891992,v4l2_qbuf,0,VIDEO_OUTPUT_MPLANE
13596.892045,v4l2_qbuf,1,VIDEO_CAPTURE_MPLANE
13596.895274,v4l2_dqbuf,1,VIDEO_CAPTURE_MPLANE
13596.895303,v4l2_dqbuf,0,VIDEO_OUTPUT_MPLANE
13596.895420,v4l2_qbuf,0,VIDEO_OUTPUT_MPLANE
13596.895436,v4l2_qbuf,4,VIDEO_CAPTURE_MPLANE
13596.895578,v4l2_qbuf,1,VIDEO_OUTPUT_MPLANE
13596.895586,v4l2_qbuf,5,VIDEO_CAPTURE_MPLANE
13596.898715,v4l2_dqbuf,4,VIDEO_CAPTURE_MPLANE
13596.898882,v4l2_dqbuf,0,VIDEO_OUTPUT_MPLANE
13596.901978,v4l2_dqbuf,5,VIDEO_CAPTURE_MPLANE
13596.901991,v4l2_dqbuf,1,VIDEO_OUTPUT_MPLANE
13596.922892,v4l2_qbuf,0,VIDEO_OUTPUT_MPLANE
13596.922909,v4l2_qbuf,0,VIDEO_CAPTURE_MPLANE
13596.925201,v4l2_dqbuf,0,VIDEO_CAPTURE_MPLANE
13596.925213,v4l2_dqbuf,0,VIDEO_OUTPUT_MPLANE
13596.956422,v4l2_qbuf,0,VIDEO_OUTPUT_MPLANE
13596.956452,v4l2_qbuf,4,VIDEO_CAPTURE_MPLANE
13596.959860,v4l2_dqbuf,4,VIDEO_CAPTURE_MPLANE
13596.959902,v4l2_dqbuf,0,VIDEO_OUTPUT_MPLANE
13596.960137,v4l2_qbuf,0,VIDEO_OUTPUT_MPLANE
13596.960167,v4l2_qbuf,3,VIDEO_CAPTURE_MPLANE
13596.963379,v4l2_dqbuf,3,VIDEO_CAPTURE_MPLANE
13596.963515,v4l2_dqbuf,0,VIDEO_OUTPUT_MPLANE
13596.973530,v4l2_qbuf,0,VIDEO_OUTPUT_MPLANE
13596.973571,v4l2_qbuf,1,VIDEO_CAPTURE_MPLANE
13596.975606,v4l2_dqbuf,1,VIDEO_CAPTURE_MPLANE
13596.975630,v4l2_dqbuf,0,VIDEO_OUTPUT_MPLANE
13596.989846,v4l2_qbuf,0,VIDEO_OUTPUT_MPLANE
13596.989881,v4l2_qbuf,5,VIDEO_CAPTURE_MPLANE
13596.992109,v4l2_dqbuf,5,VIDEO_CAPTURE_MPLANE
13596.992130,v4l2_dqbuf,0,VIDEO_OUTPUT_MPLANE
13597.006316,v4l2_qbuf,0,VIDEO_OUTPUT_MPLANE
13597.006346,v4l2_qbuf,2,VIDEO_CAPTURE_MPLANE
13597.009597,v4l2_dqbuf,2,VIDEO_CAPTURE_MPLANE
13597.009619,v4l2_dqbuf,0,VIDEO_OUTPUT_MPLANE
13597.023254,v4l2_qbuf,0,VIDEO_OUTPUT_MPLANE
13597.023294,v4l2_qbuf,4,VIDEO_CAPTURE_MPLANE
13597.028476,v4l2_dqbuf,4,VIDEO_CAPTURE_MPLANE
13597.028495,v4l2_dqbuf,0,VIDEO_OUTPUT_MPLANE
13597.039846,v4l2_qbuf,0,VIDEO_OUTPUT_MPLANE
13597.039865,v4l2_qbuf,3,VIDEO_CAPTURE_MPLANE
13597.042108,v4l2_dqbuf,3,VIDEO_CAPTURE_MPLANE
13597.042123,v4l2_dqbuf,0,VIDEO_OUTPUT_MPLANE
13597.056423,v4l2_qbuf,0,VIDEO_OUTPUT_MPLANE
13597.056442,v4l2_qbuf,0,VIDEO_CAPTURE_MPLANE
13597.059687,v4l2_dqbuf,0,VIDEO_CAPTURE_MPLANE
13597.059714,v4l2_dqbuf,0,VIDEO_OUTPUT_MPLANE
13597.073149,v4l2_qbuf,0,VIDEO_OUTPUT_MPLANE
13597.073170,v4l2_qbuf,1,VIDEO_CAPTURE_MPLANE
13597.076623,v4l2_dqbuf,1,VIDEO_CAPTURE_MPLANE
13597.076817,v4l2_dqbuf,0,VIDEO_OUTPUT_MPLANE
13597.089831,v4l2_qbuf,0,VIDEO_OUTPUT_MPLANE
13597.089850,v4l2_qbuf,2,VIDEO_CAPTURE_MPLANE
13597.093300,v4l2_dqbuf,2,VIDEO_CAPTURE_MPLANE
13597.093331,v4l2_dqbuf,0,VIDEO_OUTPUT_MPLANE
13597.106265,v4l2_qbuf,0,VIDEO_OUTPUT_MPLANE
13597.106289,v4l2_qbuf,4,VIDEO_CAPTURE_MPLANE
13597.108580,v4l2_dqbuf,4,VIDEO_CAPTURE_MPLANE
13597.108595,v4l2_dqbuf,0,VIDEO_OUTPUT_MPLANE
13597.122900,v4l2_qbuf,0,VIDEO_OUTPUT_MPLANE
13597.122927,v4l2_qbuf,5,VIDEO_CAPTURE_MPLANE
13597.126232,v4l2_dqbuf,5,VIDEO_CAPTURE_MPLANE
13597.126253,v4l2_dqbuf,0,VIDEO_OUTPUT_MPLANE
13597.140052,v4l2_qbuf,0,VIDEO_OUTPUT_MPLANE
13597.140073,v4l2_qbuf,1,VIDEO_CAPTURE_MPLANE
13597.142322,v4l2_dqbuf,1,VIDEO_CAPTURE_MPLANE
13597.142339,v4l2_dqbuf,0,VIDEO_OUTPUT_MPLANE
13597.173232,v4l2_qbuf,0,VIDEO_OUTPUT_MPLANE
13597.173266,v4l2_qbuf,2,VIDEO_CAPTURE_MPLANE
13597.176483,v4l2_dqbuf,2,VIDEO_CAPTURE_MPLANE
13597.176508,v4l2_dqbuf,0,VIDEO_OUTPUT_MPLANE
13597.176668,v4l2_qbuf,0,VIDEO_OUTPUT_MPLANE
13597.176687,v4l2_qbuf,0,VIDEO_CAPTURE_MPLANE
13597.180102,v4l2_dqbuf,0,VIDEO_CAPTURE_MPLANE
13597.180248,v4l2_dqbuf,0,VIDEO_OUTPUT_MPLANE
13597.189263,v4l2_qbuf,0,VIDEO_OUTPUT_MPLANE
13597.189279,v4l2_qbuf,3,VIDEO_CAPTURE_MPLANE
13597.192538,v4l2_dqbuf,3,VIDEO_CAPTURE_MPLANE
13597.192562,v4l2_dqbuf,0,VIDEO_OUTPUT_MPLANE
13597.206182,v4l2_qbuf,0,VIDEO_OUTPUT_MPLANE
13597.206197,v4l2_qbuf,5,VIDEO_CAPTURE_MPLANE
13597.208452,v4l2_dqbuf,5,VIDEO_CAPTURE_MPLANE
13597.208476,v4l2_dqbuf,0,VIDEO_OUTPUT_MPLANE
13597.240129,v4l2_qbuf,0,VIDEO_OUTPUT_MPLANE
13597.240239,v4l2_qbuf,0,VIDEO_CAPTURE_MPLANE
13597.243412,v4l2_dqbuf,0,VIDEO_CAPTURE_MPLANE
13597.243433,v4l2_dqbuf,0,VIDEO_OUTPUT_MPLANE
13597.243534,v4l2_qbuf,0,VIDEO_OUTPUT_MPLANE
13597.243551,v4l2_qbuf,4,VIDEO_CAPTURE_MPLANE
13597.247478,v4l2_dqbuf,4,VIDEO_CAPTURE_MPLANE
13597.247574,v4l2_dqbuf,0,VIDEO_OUTPUT_MPLANE
13597.256721,v4l2_qbuf,0,VIDEO_OUTPUT_MPLANE
13597.256743,v4l2_qbuf,2,VIDEO_CAPTURE_MPLANE
13597.259999,v4l2_dqbuf,2,VIDEO_CAPTURE_MPLANE
13597.260024,v4l2_dqbuf,0,VIDEO_OUTPUT_MPLANE
13597.273610,v4l2_qbuf,0,VIDEO_OUTPUT_MPLANE
13597.273652,v4l2_qbuf,3,VIDEO_CAPTURE_MPLANE
13597.275889,v4l2_dqbuf,3,VIDEO_CAPTURE_MPLANE
13597.275918,v4l2_dqbuf,0,VIDEO_OUTPUT_MPLANE
13597.307072,v4l2_qbuf,0,VIDEO_OUTPUT_MPLANE
13597.307132,v4l2_qbuf,4,VIDEO_CAPTURE_MPLANE
13597.310331,v4l2_dqbuf,4,VIDEO_CAPTURE_MPLANE
13597.310354,v4l2_dqbuf,0,VIDEO_OUTPUT_MPLANE
13597.310455,v4l2_qbuf,0,VIDEO_OUTPUT_MPLANE
13597.310471,v4l2_qbuf,1,VIDEO_CAPTURE_MPLANE
13597.313586,v4l2_dqbuf,1,VIDEO_CAPTURE_MPLANE
13597.313760,v4l2_dqbuf,0,VIDEO_OUTPUT_MPLANE
13597.328794,v4l2_qbuf,0,VIDEO_OUTPUT_MPLANE
13597.328840,v4l2_qbuf,0,VIDEO_CAPTURE_MPLANE
13597.332373,v4l2_dqbuf,0,VIDEO_CAPTURE_MPLANE
13597.332395,v4l2_dqbuf,0,VIDEO_OUTPUT_MPLANE
13597.339994,v4l2_qbuf,0,VIDEO_OUTPUT_MPLANE
13597.340038,v4l2_qbuf,2,VIDEO_CAPTURE_MPLANE
13597.342360,v4l2_dqbuf,2,VIDEO_CAPTURE_MPLANE
13597.342376,v4l2_dqbuf,0,VIDEO_OUTPUT_MPLANE
13597.374353,v4l2_qbuf,0,VIDEO_OUTPUT_MPLANE
13597.374373,v4l2_qbuf,1,VIDEO_CAPTURE_MPLANE
13597.377487,v4l2_dqbuf,1,VIDEO_CAPTURE_MPLANE
13597.377508,v4l2_dqbuf,0,VIDEO_OUTPUT_MPLANE
13597.377625,v4l2_qbuf,0,VIDEO_OUTPUT_MPLANE
13597.377641,v4l2_qbuf,5,VIDEO_CAPTURE_MPLANE
13597.381615,v4l2_dqbuf,5,VIDEO_CAPTURE_MPLANE
13597.381787,v4l2_dqbuf,0,VIDEO_OUTPUT_MPLANE
13597.389609,v4l2_qbuf,0,VIDEO_OUTPUT_MPLANE
13597.389632,v4l2_qbuf,4,VIDEO_CAPTURE_MPLANE
13597.392856,v4l2_dqbuf,4,VIDEO_CAPTURE_MPLANE
13597.392876,v4l2_dqbuf,0,VIDEO_OUTPUT_MPLANE
13597.406273,v4l2_qbuf,0,VIDEO_OUTPUT_MPLANE
13597.406287,v4l2_qbuf,0,VIDEO_CAPTURE_MPLANE
13597.408488,v4l2_dqbuf,0,VIDEO_CAPTURE_MPLANE
13597.408499,v4l2_dqbuf,0,VIDEO_OUTPUT_MPLANE
13597.439620,v4l2_qbuf,0,VIDEO_OUTPUT_MPLANE
13597.439639,v4l2_qbuf,5,VIDEO_CAPTURE_MPLANE
13597.442702,v4l2_dqbuf,5,VIDEO_CAPTURE_MPLANE
13597.442723,v4l2_dqbuf,0,VIDEO_OUTPUT_MPLANE
13597.442835,v4l2_qbuf,0,VIDEO_OUTPUT_MPLANE
13597.442851,v4l2_qbuf,3,VIDEO_CAPTURE_MPLANE
13597.445908,v4l2_dqbuf,3,VIDEO_CAPTURE_MPLANE
13597.445992,v4l2_dqbuf,0,VIDEO_OUTPUT_MPLANE
13597.456395,v4l2_qbuf,0,VIDEO_OUTPUT_MPLANE
13597.456418,v4l2_qbuf,1,VIDEO_CAPTURE_MPLANE
13597.459788,v4l2_dqbuf,1,VIDEO_CAPTURE_MPLANE
13597.459807,v4l2_dqbuf,0,VIDEO_OUTPUT_MPLANE
13597.472919,v4l2_qbuf,0,VIDEO_OUTPUT_MPLANE
13597.472939,v4l2_qbuf,4,VIDEO_CAPTURE_MPLANE
13597.475115,v4l2_dqbuf,4,VIDEO_CAPTURE_MPLANE
13597.475127,v4l2_dqbuf,0,VIDEO_OUTPUT_MPLANE
13597.506746,v4l2_qbuf,0,VIDEO_OUTPUT_MPLANE
13597.506791,v4l2_qbuf,3,VIDEO_CAPTURE_MPLANE
13597.510027,v4l2_dqbuf,3,VIDEO_CAPTURE_MPLANE
13597.510069,v4l2_dqbuf,0,VIDEO_OUTPUT_MPLANE
13597.510259,v4l2_qbuf,0,VIDEO_OUTPUT_MPLANE
13597.510287,v4l2_qbuf,2,VIDEO_CAPTURE_MPLANE
13597.513473,v4l2_dqbuf,2,VIDEO_CAPTURE_MPLANE
13597.513571,v4l2_dqbuf,0,VIDEO_OUTPUT_MPLANE
13597.522748,v4l2_qbuf,0,VIDEO_OUTPUT_MPLANE
13597.522768,v4l2_qbuf,5,VIDEO_CAPTURE_MPLANE
13597.525885,v4l2_dqbuf,5,VIDEO_CAPTURE_MPLANE
13597.525898,v4l2_dqbuf,0,VIDEO_OUTPUT_MPLANE
13597.539437,v4l2_qbuf,0,VIDEO_OUTPUT_MPLANE
13597.539461,v4l2_qbuf,1,VIDEO_CAPTURE_MPLANE
13597.541553,v4l2_dqbuf,1,VIDEO_CAPTURE_MPLANE
13597.541571,v4l2_dqbuf,0,VIDEO_OUTPUT_MPLANE
13597.573169,v4l2_qbuf,0,VIDEO_OUTPUT_MPLANE
13597.573203,v4l2_qbuf,2,VIDEO_CAPTURE_MPLANE
13597.576423,v4l2_dqbuf,2,VIDEO_CAPTURE_MPLANE
13597.576454,v4l2_dqbuf,0,VIDEO_OUTPUT_MPLANE
13597.576608,v4l2_qbuf,0,VIDEO_OUTPUT_MPLANE
13597.576630,v4l2_qbuf,0,VIDEO_CAPTURE_MPLANE
13597.579748,v4l2_dqbuf,0,VIDEO_CAPTURE_MPLANE
13597.579916,v4l2_dqbuf,0,VIDEO_OUTPUT_MPLANE
13597.593526,v4l2_qbuf,0,VIDEO_OUTPUT_MPLANE
13597.593569,v4l2_qbuf,3,VIDEO_CAPTURE_MPLANE
13597.597858,v4l2_dqbuf,3,VIDEO_CAPTURE_MPLANE
13597.597874,v4l2_dqbuf,0,VIDEO_OUTPUT_MPLANE
13597.606129,v4l2_qbuf,0,VIDEO_OUTPUT_MPLANE
13597.606150,v4l2_qbuf,5,VIDEO_CAPTURE_MPLANE
13597.608431,v4l2_dqbuf,5,VIDEO_CAPTURE_MPLANE
13597.608462,v4l2_dqbuf,0,VIDEO_OUTPUT_MPLANE
13597.639496,v4l2_qbuf,0,VIDEO_OUTPUT_MPLANE
13597.639513,v4l2_qbuf,0,VIDEO_CAPTURE_MPLANE
13597.642679,v4l2_dqbuf,0,VIDEO_CAPTURE_MPLANE
13597.642701,v4l2_dqbuf,0,VIDEO_OUTPUT_MPLANE
13597.642812,v4l2_qbuf,0,VIDEO_OUTPUT_MPLANE
13597.642827,v4l2_qbuf,4,VIDEO_CAPTURE_MPLANE
13597.646024,v4l2_dqbuf,4,VIDEO_CAPTURE_MPLANE
13597.646102,v4l2_dqbuf,0,VIDEO_OUTPUT_MPLANE
13597.656433,v4l2_qbuf,0,VIDEO_OUTPUT_MPLANE
13597.656452,v4l2_qbuf,2,VIDEO_CAPTURE_MPLANE
13597.659830,v4l2_dqbuf,2,VIDEO_CAPTURE_MPLANE
13597.659853,v4l2_dqbuf,0,VIDEO_OUTPUT_MPLANE
13597.672923,v4l2_qbuf,0,VIDEO_OUTPUT_MPLANE
13597.672941,v4l2_qbuf,3,VIDEO_CAPTURE_MPLANE
13597.675238,v4l2_dqbuf,3,VIDEO_CAPTURE_MPLANE
13597.675252,v4l2_dqbuf,0,VIDEO_OUTPUT_MPLANE
13597.706155,v4l2_qbuf,0,VIDEO_OUTPUT_MPLANE
13597.706186,v4l2_qbuf,4,VIDEO_CAPTURE_MPLANE
13597.709391,v4l2_dqbuf,4,VIDEO_CAPTURE_MPLANE
13597.709413,v4l2_dqbuf,0,VIDEO_OUTPUT_MPLANE
13597.709526,v4l2_qbuf,0,VIDEO_OUTPUT_MPLANE
13597.709542,v4l2_qbuf,1,VIDEO_CAPTURE_MPLANE
13597.712781,v4l2_dqbuf,1,VIDEO_CAPTURE_MPLANE
13597.712972,v4l2_dqbuf,0,VIDEO_OUTPUT_MPLANE
13597.722857,v4l2_qbuf,0,VIDEO_OUTPUT_MPLANE
13597.722887,v4l2_qbuf,0,VIDEO_CAPTURE_MPLANE
13597.727195,v4l2_dqbuf,0,VIDEO_CAPTURE_MPLANE
13597.727212,v4l2_dqbuf,0,VIDEO_OUTPUT_MPLANE
13597.739575,v4l2_qbuf,0,VIDEO_OUTPUT_MPLANE
13597.739594,v4l2_qbuf,2,VIDEO_CAPTURE_MPLANE
13597.741643,v4l2_dqbuf,2,VIDEO_CAPTURE_MPLANE
13597.741657,v4l2_dqbuf,0,VIDEO_OUTPUT_MPLANE
13597.789576,v4l2_qbuf,0,VIDEO_OUTPUT_MPLANE
13597.789598,v4l2_qbuf,1,VIDEO_CAPTURE_MPLANE
13597.792787,v4l2_dqbuf,1,VIDEO_CAPTURE_MPLANE
13597.792823,v4l2_dqbuf,0,VIDEO_OUTPUT_MPLANE
13597.793021,v4l2_qbuf,0,VIDEO_OUTPUT_MPLANE
13597.793045,v4l2_qbuf,5,VIDEO_CAPTURE_MPLANE
13597.796787,v4l2_dqbuf,5,VIDEO_CAPTURE_MPLANE
13597.796911,v4l2_dqbuf,0,VIDEO_OUTPUT_MPLANE
13597.808657,v4l2_qbuf,0,VIDEO_OUTPUT_MPLANE
13597.808689,v4l2_qbuf,4,VIDEO_CAPTURE_MPLANE
13597.811980,v4l2_dqbuf,4,VIDEO_CAPTURE_MPLANE
13597.811991,v4l2_dqbuf,0,VIDEO_OUTPUT_MPLANE
13597.822949,v4l2_qbuf,0,VIDEO_OUTPUT_MPLANE
13597.822981,v4l2_qbuf,0,VIDEO_CAPTURE_MPLANE
13597.825223,v4l2_dqbuf,0,VIDEO_CAPTURE_MPLANE
13597.825266,v4l2_dqbuf,0,VIDEO_OUTPUT_MPLANE
13597.856697,v4l2_qbuf,0,VIDEO_OUTPUT_MPLANE
13597.856729,v4l2_qbuf,5,VIDEO_CAPTURE_MPLANE
13597.860053,v4l2_dqbuf,5,VIDEO_CAPTURE_MPLANE
13597.860092,v4l2_dqbuf,0,VIDEO_OUTPUT_MPLANE
13597.860289,v4l2_qbuf,0,VIDEO_OUTPUT_MPLANE
13597.860320,v4l2_qbuf,3,VIDEO_CAPTURE_MPLANE
13597.863552,v4l2_dqbuf,3,VIDEO_CAPTURE_MPLANE
13597.863629,v4l2_dqbuf,0,VIDEO_OUTPUT_MPLANE
13597.878714,v4l2_qbuf,0,VIDEO_OUTPUT_MPLANE
13597.878734,v4l2_qbuf,1,VIDEO_CAPTURE_MPLANE
13597.881945,v4l2_dqbuf,1,VIDEO_CAPTURE_MPLANE
13597.881957,v4l2_dqbuf,0,VIDEO_OUTPUT_MPLANE
13597.889851,v4l2_qbuf,0,VIDEO_OUTPUT_MPLANE
13597.889880,v4l2_qbuf,4,VIDEO_CAPTURE_MPLANE
13597.892210,v4l2_dqbuf,4,VIDEO_CAPTURE_MPLANE
13597.892234,v4l2_dqbuf,0,VIDEO_OUTPUT_MPLANE
13597.922976,v4l2_qbuf,0,VIDEO_OUTPUT_MPLANE
13597.923030,v4l2_qbuf,3,VIDEO_CAPTURE_MPLANE
13597.927441,v4l2_dqbuf,3,VIDEO_CAPTURE_MPLANE
13597.927478,v4l2_dqbuf,0,VIDEO_OUTPUT_MPLANE
13597.927582,v4l2_qbuf,0,VIDEO_OUTPUT_MPLANE
13597.927596,v4l2_qbuf,2,VIDEO_CAPTURE_MPLANE
13597.930830,v4l2_dqbuf,2,VIDEO_CAPTURE_MPLANE
13597.930920,v4l2_dqbuf,0,VIDEO_OUTPUT_MPLANE
13597.933867,v4l2_qbuf,0,VIDEO_OUTPUT_MPLANE
13597.933886,v4l2_qbuf,5,VIDEO_CAPTURE_MPLANE
13597.937020,v4l2_dqbuf,5,VIDEO_CAPTURE_MPLANE
13597.937032,v4l2_dqbuf,0,VIDEO_OUTPUT_MPLANE
13597.950464,v4l2_qbuf,0,VIDEO_OUTPUT_MPLANE
13597.950484,v4l2_qbuf,1,VIDEO_CAPTURE_MPLANE
13597.953243,v4l2_dqbuf,1,VIDEO_CAPTURE_MPLANE
13597.953256,v4l2_dqbuf,0,VIDEO_OUTPUT_MPLANE
13597.968564,v4l2_qbuf,0,VIDEO_OUTPUT_MPLANE
13597.968586,v4l2_qbuf,0,VIDEO_CAPTURE_MPLANE
13597.971832,v4l2_dqbuf,0,VIDEO_CAPTURE_MPLANE
13597.971961,v4l2_dqbuf,0,VIDEO_OUTPUT_MPLANE
13597.984942,v4l2_qbuf,0,VIDEO_OUTPUT_MPLANE
13597.984965,v4l2_qbuf,2,VIDEO_CAPTURE_MPLANE
13597.986871,v4l2_dqbuf,2,VIDEO_CAPTURE_MPLANE
13597.986882,v4l2_dqbuf,0,VIDEO_OUTPUT_MPLANE
13598.001040,v4l2_qbuf,0,VIDEO_OUTPUT_MPLANE
13598.001065,v4l2_qbuf,3,VIDEO_CAPTURE_MPLANE
13598.003410,v4l2_dqbuf,3,VIDEO_CAPTURE_MPLANE
13598.003428,v4l2_dqbuf,0,VIDEO_OUTPUT_MPLANE
13598.017702,v4l2_qbuf,0,VIDEO_OUTPUT_MPLANE
13598.017735,v4l2_qbuf,5,VIDEO_CAPTURE_MPLANE
13598.020827,v4l2_dqbuf,5,VIDEO_CAPTURE_MPLANE
13598.020840,v4l2_dqbuf,0,VIDEO_OUTPUT_MPLANE
13598.034311,v4l2_qbuf,0,VIDEO_OUTPUT_MPLANE
13598.034333,v4l2_qbuf,4,VIDEO_CAPTURE_MPLANE
13598.037619,v4l2_dqbuf,4,VIDEO_CAPTURE_MPLANE
13598.037712,v4l2_dqbuf,0,VIDEO_OUTPUT_MPLANE
13598.053162,v4l2_qbuf,0,VIDEO_OUTPUT_MPLANE
13598.053183,v4l2_qbuf,0,VIDEO_CAPTURE_MPLANE
13598.056420,v4l2_dqbuf,0,VIDEO_CAPTURE_MPLANE
13598.056438,v4l2_dqbuf,0,VIDEO_OUTPUT_MPLANE
13598.068524,v4l2_qbuf,0,VIDEO_OUTPUT_MPLANE
13598.068546,v4l2_qbuf,1,VIDEO_CAPTURE_MPLANE
13598.070758,v4l2_dqbuf,1,VIDEO_CAPTURE_MPLANE
13598.070774,v4l2_dqbuf,0,VIDEO_OUTPUT_MPLANE
13598.103509,v4l2_qbuf,0,VIDEO_OUTPUT_MPLANE
13598.103529,v4l2_qbuf,4,VIDEO_CAPTURE_MPLANE
13598.106790,v4l2_dqbuf,4,VIDEO_CAPTURE_MPLANE
13598.106811,v4l2_dqbuf,0,VIDEO_OUTPUT_MPLANE
13598.106928,v4l2_qbuf,0,VIDEO_OUTPUT_MPLANE
13598.106945,v4l2_qbuf,2,VIDEO_CAPTURE_MPLANE
13598.110186,v4l2_dqbuf,2,VIDEO_CAPTURE_MPLANE
13598.110268,v4l2_dqbuf,0,VIDEO_OUTPUT_MPLANE
13598.120040,v4l2_qbuf,0,VIDEO_OUTPUT_MPLANE
13598.120059,v4l2_qbuf,5,VIDEO_CAPTURE_MPLANE
13598.123339,v4l2_dqbuf,5,VIDEO_CAPTURE_MPLANE
13598.123351,v4l2_dqbuf,0,VIDEO_OUTPUT_MPLANE
13598.136929,v4l2_qbuf,0,VIDEO_OUTPUT_MPLANE
13598.136948,v4l2_qbuf,0,VIDEO_CAPTURE_MPLANE
13598.139157,v4l2_dqbuf,0,VIDEO_CAPTURE_MPLANE
13598.139172,v4l2_dqbuf,0,VIDEO_OUTPUT_MPLANE
13598.170194,v4l2_qbuf,0,VIDEO_OUTPUT_MPLANE
13598.170221,v4l2_qbuf,2,VIDEO_CAPTURE_MPLANE
13598.173568,v4l2_dqbuf,2,VIDEO_CAPTURE_MPLANE
13598.173610,v4l2_dqbuf,0,VIDEO_OUTPUT_MPLANE
13598.173821,v4l2_qbuf,0,VIDEO_OUTPUT_MPLANE
13598.173848,v4l2_qbuf,3,VIDEO_CAPTURE_MPLANE
13598.177082,v4l2_dqbuf,3,VIDEO_CAPTURE_MPLANE
13598.177236,v4l2_dqbuf,0,VIDEO_OUTPUT_MPLANE
13598.186700,v4l2_qbuf,0,VIDEO_OUTPUT_MPLANE
13598.186719,v4l2_qbuf,4,VIDEO_CAPTURE_MPLANE
13598.189964,v4l2_dqbuf,4,VIDEO_CAPTURE_MPLANE
13598.189988,v4l2_dqbuf,0,VIDEO_OUTPUT_MPLANE
13598.203581,v4l2_qbuf,0,VIDEO_OUTPUT_MPLANE
13598.203609,v4l2_qbuf,5,VIDEO_CAPTURE_MPLANE
13598.205786,v4l2_dqbuf,5,VIDEO_CAPTURE_MPLANE
13598.205805,v4l2_dqbuf,0,VIDEO_OUTPUT_MPLANE
13598.236890,v4l2_qbuf,0,VIDEO_OUTPUT_MPLANE
13598.236913,v4l2_qbuf,3,VIDEO_CAPTURE_MPLANE
13598.240030,v4l2_dqbuf,3,VIDEO_CAPTURE_MPLANE
13598.240050,v4l2_dqbuf,0,VIDEO_OUTPUT_MPLANE
13598.240151,v4l2_qbuf,0,VIDEO_OUTPUT_MPLANE
13598.240165,v4l2_qbuf,1,VIDEO_CAPTURE_MPLANE
13598.243319,v4l2_dqbuf,1,VIDEO_CAPTURE_MPLANE
13598.243391,v4l2_dqbuf,0,VIDEO_OUTPUT_MPLANE
13598.253723,v4l2_qbuf,0,VIDEO_OUTPUT_MPLANE
13598.253743,v4l2_qbuf,2,VIDEO_CAPTURE_MPLANE
13598.256906,v4l2_dqbuf,2,VIDEO_CAPTURE_MPLANE
13598.256920,v4l2_dqbuf,0,VIDEO_OUTPUT_MPLANE
13598.270280,v4l2_qbuf,0,VIDEO_OUTPUT_MPLANE
13598.270307,v4l2_qbuf,4,VIDEO_CAPTURE_MPLANE
13598.272545,v4l2_dqbuf,4,VIDEO_CAPTURE_MPLANE
13598.272562,v4l2_dqbuf,0,VIDEO_OUTPUT_MPLANE
13598.303193,v4l2_qbuf,0,VIDEO_OUTPUT_MPLANE
13598.303214,v4l2_qbuf,1,VIDEO_CAPTURE_MPLANE
13598.306363,v4l2_dqbuf,1,VIDEO_CAPTURE_MPLANE
13598.306383,v4l2_dqbuf,0,VIDEO_OUTPUT_MPLANE
13598.306501,v4l2_qbuf,0,VIDEO_OUTPUT_MPLANE
13598.306516,v4l2_qbuf,0,VIDEO_CAPTURE_MPLANE
13598.309704,v4l2_dqbuf,0,VIDEO_CAPTURE_MPLANE
13598.309835,v4l2_dqbuf,0,VIDEO_OUTPUT_MPLANE
13598.320255,v4l2_qbuf,0,VIDEO_OUTPUT_MPLANE
13598.320288,v4l2_qbuf,3,VIDEO_CAPTURE_MPLANE
13598.323509,v4l2_dqbuf,3,VIDEO_CAPTURE_MPLANE
13598.323527,v4l2_dqbuf,0,VIDEO_OUTPUT_MPLANE
13598.336720,v4l2_qbuf,0,VIDEO_OUTPUT_MPLANE
13598.336747,v4l2_qbuf,2,VIDEO_CAPTURE_MPLANE
13598.338950,v4l2_dqbuf,2,VIDEO_CAPTURE_MPLANE
13598.338970,v4l2_dqbuf,0,VIDEO_OUTPUT_MPLANE
13598.370143,v4l2_qbuf,0,VIDEO_OUTPUT_MPLANE
13598.370182,v4l2_qbuf,0,VIDEO_CAPTURE_MPLANE
13598.373609,v4l2_dqbuf,0,VIDEO_CAPTURE_MPLANE
13598.373650,v4l2_dqbuf,0,VIDEO_OUTPUT_MPLANE
13598.373839,v4l2_qbuf,0,VIDEO_OUTPUT_MPLANE
13598.373865,v4l2_qbuf,1,VIDEO_CAPTURE_MPLANE
13598.374113,v4l2_qbuf,1,VIDEO_OUTPUT_MPLANE
13598.374126,v4l2_qbuf,5,VIDEO_CAPTURE_MPLANE
13598.377201,v4l2_dqbuf,1,VIDEO_CAPTURE_MPLANE
13598.377491,v4l2_dqbuf,0,VIDEO_OUTPUT_MPLANE
13598.380415,v4l2_dqbuf,5,VIDEO_CAPTURE_MPLANE
13598.380429,v4l2_dqbuf,1,VIDEO_OUTPUT_MPLANE
13598.403419,v4l2_qbuf,0,VIDEO_OUTPUT_MPLANE
13598.403439,v4l2_qbuf,3,VIDEO_CAPTURE_MPLANE
13598.405517,v4l2_dqbuf,3,VIDEO_CAPTURE_MPLANE
13598.405530,v4l2_dqbuf,0,VIDEO_OUTPUT_MPLANE
13598.436835,v4l2_qbuf,0,VIDEO_OUTPUT_MPLANE
13598.436869,v4l2_qbuf,1,VIDEO_CAPTURE_MPLANE
13598.440223,v4l2_dqbuf,1,VIDEO_CAPTURE_MPLANE
13598.440269,v4l2_dqbuf,0,VIDEO_OUTPUT_MPLANE
13598.440480,v4l2_qbuf,0,VIDEO_OUTPUT_MPLANE
13598.440519,v4l2_qbuf,4,VIDEO_CAPTURE_MPLANE
13598.443742,v4l2_dqbuf,4,VIDEO_CAPTURE_MPLANE
13598.443898,v4l2_dqbuf,0,VIDEO_OUTPUT_MPLANE
13598.454126,v4l2_qbuf,0,VIDEO_OUTPUT_MPLANE
13598.454148,v4l2_qbuf,0,VIDEO_CAPTURE_MPLANE
13598.457420,v4l2_dqbuf,0,VIDEO_CAPTURE_MPLANE
13598.457437,v4l2_dqbuf,0,VIDEO_OUTPUT_MPLANE
13598.470092,v4l2_qbuf,0,VIDEO_OUTPUT_MPLANE
13598.470119,v4l2_qbuf,5,VIDEO_CAPTURE_MPLANE
13598.472379,v4l2_dqbuf,5,VIDEO_CAPTURE_MPLANE
13598.472395,v4l2_dqbuf,0,VIDEO_OUTPUT_MPLANE
13598.503834,v4l2_qbuf,0,VIDEO_OUTPUT_MPLANE
13598.503856,v4l2_qbuf,4,VIDEO_CAPTURE_MPLANE
13598.507150,v4l2_dqbuf,4,VIDEO_CAPTURE_MPLANE
13598.507185,v4l2_dqbuf,0,VIDEO_OUTPUT_MPLANE
13598.507378,v4l2_qbuf,0,VIDEO_OUTPUT_MPLANE
13598.507411,v4l2_qbuf,2,VIDEO_CAPTURE_MPLANE
13598.510770,v4l2_dqbuf,2,VIDEO_CAPTURE_MPLANE
13598.510965,v4l2_dqbuf,0,VIDEO_OUTPUT_MPLANE
13598.525980,v4l2_qbuf,0,VIDEO_OUTPUT_MPLANE
13598.526075,v4l2_qbuf,1,VIDEO_CAPTURE_MPLANE
13598.529303,v4l2_dqbuf,1,VIDEO_CAPTURE_MPLANE
13598.529317,v4l2_dqbuf,0,VIDEO_OUTPUT_MPLANE
13598.536759,v4l2_qbuf,0,VIDEO_OUTPUT_MPLANE
13598.536778,v4l2_qbuf,0,VIDEO_CAPTURE_MPLANE
13598.539010,v4l2_dqbuf,0,VIDEO_CAPTURE_MPLANE
13598.539025,v4l2_dqbuf,0,VIDEO_OUTPUT_MPLANE
13598.569997,v4l2_qbuf,0,VIDEO_OUTPUT_MPLANE
13598.570048,v4l2_qbuf,2,VIDEO_CAPTURE_MPLANE
13598.573278,v4l2_dqbuf,2,VIDEO_CAPTURE_MPLANE
13598.573302,v4l2_dqbuf,0,VIDEO_OUTPUT_MPLANE
13598.573421,v4l2_qbuf,0,VIDEO_OUTPUT_MPLANE
13598.573438,v4l2_qbuf,3,VIDEO_CAPTURE_MPLANE
13598.576715,v4l2_dqbuf,3,VIDEO_CAPTURE_MPLANE
13598.576811,v4l2_dqbuf,0,VIDEO_OUTPUT_MPLANE
13598.586615,v4l2_qbuf,0,VIDEO_OUTPUT_MPLANE
13598.586637,v4l2_qbuf,4,VIDEO_CAPTURE_MPLANE
13598.590070,v4l2_dqbuf,4,VIDEO_CAPTURE_MPLANE
13598.590086,v4l2_dqbuf,0,VIDEO_OUTPUT_MPLANE
13598.603829,v4l2_qbuf,0,VIDEO_OUTPUT_MPLANE
13598.603934,v4l2_qbuf,1,VIDEO_CAPTURE_MPLANE
13598.606281,v4l2_dqbuf,1,VIDEO_CAPTURE_MPLANE
13598.606329,v4l2_dqbuf,0,VIDEO_OUTPUT_MPLANE
13598.637239,v4l2_qbuf,0,VIDEO_OUTPUT_MPLANE
13598.637283,v4l2_qbuf,3,VIDEO_CAPTURE_MPLANE
13598.640741,v4l2_dqbuf,3,VIDEO_CAPTURE_MPLANE
13598.640765,v4l2_dqbuf,0,VIDEO_OUTPUT_MPLANE
13598.640877,v4l2_qbuf,0,VIDEO_OUTPUT_MPLANE
13598.640894,v4l2_qbuf,5,VIDEO_CAPTURE_MPLANE
13598.644096,v4l2_dqbuf,5,VIDEO_CAPTURE_MPLANE
13598.644177,v4l2_dqbuf,0,VIDEO_OUTPUT_MPLANE
13598.658193,v4l2_qbuf,0,VIDEO_OUTPUT_MPLANE
13598.658214,v4l2_qbuf,2,VIDEO_CAPTURE_MPLANE
13598.661583,v4l2_dqbuf,2,VIDEO_CAPTURE_MPLANE
13598.661605,v4l2_dqbuf,0,VIDEO_OUTPUT_MPLANE
13598.671381,v4l2_qbuf,0,VIDEO_OUTPUT_MPLANE
13598.671425,v4l2_qbuf,4,VIDEO_CAPTURE_MPLANE
13598.673733,v4l2_dqbuf,4,VIDEO_CAPTURE_MPLANE
13598.673763,v4l2_dqbuf,0,VIDEO_OUTPUT_MPLANE
13598.703884,v4l2_qbuf,0,VIDEO_OUTPUT_MPLANE
13598.703917,v4l2_qbuf,5,VIDEO_CAPTURE_MPLANE
13598.707377,v4l2_dqbuf,5,VIDEO_CAPTURE_MPLANE
13598.707415,v4l2_dqbuf,0,VIDEO_OUTPUT_MPLANE
13598.707595,v4l2_qbuf,0,VIDEO_OUTPUT_MPLANE
13598.707623,v4l2_qbuf,0,VIDEO_CAPTURE_MPLANE
13598.710858,v4l2_dqbuf,0,VIDEO_CAPTURE_MPLANE
13598.710966,v4l2_dqbuf,0,VIDEO_OUTPUT_MPLANE
13598.719949,v4l2_qbuf,0,VIDEO_OUTPUT_MPLANE
13598.719966,v4l2_qbuf,3,VIDEO_CAPTURE_MPLANE
13598.723380,v4l2_dqbuf,3,VIDEO_CAPTURE_MPLANE
13598.723392,v4l2_dqbuf,0,VIDEO_OUTPUT_MPLANE
13598.736936,v4l2_qbuf,0,VIDEO_OUTPUT_MPLANE
13598.736956,v4l2_qbuf,2,VIDEO_CAPTURE_MPLANE
13598.739310,v4l2_dqbuf,2,VIDEO_CAPTURE_MPLANE
13598.739338,v4l2_dqbuf,0,VIDEO_OUTPUT_MPLANE
13598.770462,v4l2_qbuf,0,VIDEO_OUTPUT_MPLANE
13598.770535,v4l2_qbuf,0,VIDEO_CAPTURE_MPLANE
13598.773864,v4l2_dqbuf,0,VIDEO_CAPTURE_MPLANE
13598.773886,v4l2_dqbuf,0,VIDEO_OUTPUT_MPLANE
13598.774017,v4l2_qbuf,0,VIDEO_OUTPUT_MPLANE
13598.774035,v4l2_qbuf,1,VIDEO_CAPTURE_MPLANE
13598.777431,v4l2_dqbuf,1,VIDEO_CAPTURE_MPLANE
13598.777532,v4l2_dqbuf,0,VIDEO_OUTPUT_MPLANE
13598.786619,v4l2_qbuf,0,VIDEO_OUTPUT_MPLANE
13598.786645,v4l2_qbuf,5,VIDEO_CAPTURE_MPLANE
13598.789877,v4l2_dqbuf,5,VIDEO_CAPTURE_MPLANE
13598.789892,v4l2_dqbuf,0,VIDEO_OUTPUT_MPLANE
13598.803693,v4l2_qbuf,0,VIDEO_OUTPUT_MPLANE
13598.803712,v4l2_qbuf,3,VIDEO_CAPTURE_MPLANE
13598.806040,v4l2_dqbuf,3,VIDEO_CAPTURE_MPLANE
13598.806056,v4l2_dqbuf,0,VIDEO_OUTPUT_MPLANE
13598.836828,v4l2_qbuf,0,VIDEO_OUTPUT_MPLANE
13598.836855,v4l2_qbuf,1,VIDEO_CAPTURE_MPLANE
13598.840151,v4l2_dqbuf,1,VIDEO_CAPTURE_MPLANE
13598.840186,v4l2_dqbuf,0,VIDEO_OUTPUT_MPLANE
13598.840350,v4l2_qbuf,0,VIDEO_OUTPUT_MPLANE
13598.840374,v4l2_qbuf,4,VIDEO_CAPTURE_MPLANE
13598.843431,v4l2_dqbuf,4,VIDEO_CAPTURE_MPLANE
13598.843555,v4l2_dqbuf,0,VIDEO_OUTPUT_MPLANE
13598.853262,v4l2_qbuf,0,VIDEO_OUTPUT_MPLANE
13598.853290,v4l2_qbuf,0,VIDEO_CAPTURE_MPLANE
13598.856511,v4l2_dqbuf,0,VIDEO_CAPTURE_MPLANE
13598.856522,v4l2_dqbuf,0,VIDEO_OUTPUT_MPLANE
13598.870081,v4l2_qbuf,0,VIDEO_OUTPUT_MPLANE
13598.870098,v4l2_qbuf,5,VIDEO_CAPTURE_MPLANE
13598.872530,v4l2_dqbuf,5,VIDEO_CAPTURE_MPLANE
13598.872544,v4l2_dqbuf,0,VIDEO_OUTPUT_MPLANE
13598.903890,v4l2_qbuf,0,VIDEO_OUTPUT_MPLANE
13598.903919,v4l2_qbuf,4,VIDEO_CAPTURE_MPLANE
13598.907273,v4l2_dqbuf,4,VIDEO_CAPTURE_MPLANE
13598.907296,v4l2_dqbuf,0,VIDEO_OUTPUT_MPLANE
13598.907416,v4l2_qbuf,0,VIDEO_OUTPUT_MPLANE
13598.907432,v4l2_qbuf,2,VIDEO_CAPTURE_MPLANE
13598.910600,v4l2_dqbuf,2,VIDEO_CAPTURE_MPLANE
13598.910689,v4l2_dqbuf,0,VIDEO_OUTPUT_MPLANE
13598.923173,v4l2_qbuf,0,VIDEO_OUTPUT_MPLANE
13598.923202,v4l2_qbuf,1,VIDEO_CAPTURE_MPLANE
13598.926443,v4l2_dqbuf,1,VIDEO_CAPTURE_MPLANE
13598.926461,v4l2_dqbuf,0,VIDEO_OUTPUT_MPLANE
13598.936784,v4l2_qbuf,0,VIDEO_OUTPUT_MPLANE
13598.936804,v4l2_qbuf,0,VIDEO_CAPTURE_MPLANE
13598.938956,v4l2_dqbuf,0,VIDEO_CAPTURE_MPLANE
13598.938970,v4l2_dqbuf,0,VIDEO_OUTPUT_MPLANE
13598.969988,v4l2_qbuf,0,VIDEO_OUTPUT_MPLANE
13598.970019,v4l2_qbuf,2,VIDEO_CAPTURE_MPLANE
13598.973292,v4l2_dqbuf,2,VIDEO_CAPTURE_MPLANE
13598.973313,v4l2_dqbuf,0,VIDEO_OUTPUT_MPLANE
13598.973424,v4l2_qbuf,0,VIDEO_OUTPUT_MPLANE
13598.973442,v4l2_qbuf,3,VIDEO_CAPTURE_MPLANE
13598.977496,v4l2_dqbuf,3,VIDEO_CAPTURE_MPLANE
13598.977647,v4l2_dqbuf,0,VIDEO_OUTPUT_MPLANE
13598.986846,v4l2_qbuf,0,VIDEO_OUTPUT_MPLANE
13598.986872,v4l2_qbuf,4,VIDEO_CAPTURE_MPLANE
13598.988794,v4l2_dqbuf,4,VIDEO_CAPTURE_MPLANE
13598.988806,v4l2_dqbuf,0,VIDEO_OUTPUT_MPLANE
13599.003550,v4l2_qbuf,0,VIDEO_OUTPUT_MPLANE
13599.003570,v4l2_qbuf,1,VIDEO_CAPTURE_MPLANE
13599.005752,v4l2_dqbuf,1,VIDEO_CAPTURE_MPLANE
13599.005767,v4l2_dqbuf,0,VIDEO_OUTPUT_MPLANE
13599.020083,v4l2_qbuf,0,VIDEO_OUTPUT_MPLANE
13599.020111,v4l2_qbuf,5,VIDEO_CAPTURE_MPLANE
13599.023449,v4l2_dqbuf,5,VIDEO_CAPTURE_MPLANE
13599.023463,v4l2_dqbuf,0,VIDEO_OUTPUT_MPLANE
13599.036719,v4l2_qbuf,0,VIDEO_OUTPUT_MPLANE
13599.036739,v4l2_qbuf,2,VIDEO_CAPTURE_MPLANE
13599.040117,v4l2_dqbuf,2,VIDEO_CAPTURE_MPLANE
13599.040218,v4l2_dqbuf,0,VIDEO_OUTPUT_MPLANE
13599.053126,v4l2_qbuf,0,VIDEO_OUTPUT_MPLANE
13599.053146,v4l2_qbuf,3,VIDEO_CAPTURE_MPLANE
13599.056377,v4l2_dqbuf,3,VIDEO_CAPTURE_MPLANE
13599.056390,v4l2_dqbuf,0,VIDEO_OUTPUT_MPLANE
13599.070079,v4l2_qbuf,0,VIDEO_OUTPUT_MPLANE
13599.070100,v4l2_qbuf,0,VIDEO_CAPTURE_MPLANE
13599.072309,v4l2_dqbuf,0,VIDEO_CAPTURE_MPLANE
13599.072323,v4l2_dqbuf,0,VIDEO_OUTPUT_MPLANE
13599.105113,v4l2_qbuf,0,VIDEO_OUTPUT_MPLANE
13599.105135,v4l2_qbuf,2,VIDEO_CAPTURE_MPLANE
13599.108472,v4l2_dqbuf,2,VIDEO_CAPTURE_MPLANE
13599.108494,v4l2_dqbuf,0,VIDEO_OUTPUT_MPLANE
13599.108619,v4l2_qbuf,0,VIDEO_OUTPUT_MPLANE
13599.108636,v4l2_qbuf,4,VIDEO_CAPTURE_MPLANE
13599.111952,v4l2_dqbuf,4,VIDEO_CAPTURE_MPLANE
13599.112180,v4l2_dqbuf,0,VIDEO_OUTPUT_MPLANE
13599.124253,v4l2_qbuf,0,VIDEO_OUTPUT_MPLANE
13599.124273,v4l2_qbuf,5,VIDEO_CAPTURE_MPLANE
13599.127526,v4l2_dqbuf,5,VIDEO_CAPTURE_MPLANE
13599.127540,v4l2_dqbuf,0,VIDEO_OUTPUT_MPLANE
13599.136575,v4l2_qbuf,0,VIDEO_OUTPUT_MPLANE
13599.136597,v4l2_qbuf,3,VIDEO_CAPTURE_MPLANE
13599.139074,v4l2_dqbuf,3,VIDEO_CAPTURE_MPLANE
13599.139090,v4l2_dqbuf,0,VIDEO_OUTPUT_MPLANE
13599.186891,v4l2_qbuf,0,VIDEO_OUTPUT_MPLANE
13599.186911,v4l2_qbuf,4,VIDEO_CAPTURE_MPLANE
13599.190149,v4l2_dqbuf,4,VIDEO_CAPTURE_MPLANE
13599.190172,v4l2_dqbuf,0,VIDEO_OUTPUT_MPLANE
13599.190281,v4l2_qbuf,0,VIDEO_OUTPUT_MPLANE
13599.190298,v4l2_qbuf,1,VIDEO_CAPTURE_MPLANE
13599.193624,v4l2_dqbuf,1,VIDEO_CAPTURE_MPLANE
13599.193788,v4l2_dqbuf,0,VIDEO_OUTPUT_MPLANE
13599.215064,v4l2_qbuf,0,VIDEO_OUTPUT_MPLANE
13599.215167,v4l2_qbuf,2,VIDEO_CAPTURE_MPLANE
13599.218661,v4l2_dqbuf,2,VIDEO_CAPTURE_MPLANE
13599.218675,v4l2_dqbuf,0,VIDEO_OUTPUT_MPLANE
13599.220813,v4l2_qbuf,0,VIDEO_OUTPUT_MPLANE
13599.220834,v4l2_qbuf,5,VIDEO_CAPTURE_MPLANE
13599.223049,v4l2_dqbuf,5,VIDEO_CAPTURE_MPLANE
13599.223066,v4l2_dqbuf,0,VIDEO_OUTPUT_MPLANE
13599.253234,v4l2_qbuf,0,VIDEO_OUTPUT_MPLANE
13599.253256,v4l2_qbuf,1,VIDEO_CAPTURE_MPLANE
13599.256504,v4l2_dqbuf,1,VIDEO_CAPTURE_MPLANE
13599.256526,v4l2_dqbuf,0,VIDEO_OUTPUT_MPLANE
13599.256648,v4l2_qbuf,0,VIDEO_OUTPUT_MPLANE
13599.256664,v4l2_qbuf,0,VIDEO_CAPTURE_MPLANE
13599.259971,v4l2_dqbuf,0,VIDEO_CAPTURE_MPLANE
13599.260072,v4l2_dqbuf,0,VIDEO_OUTPUT_MPLANE
13599.265210,v4l2_qbuf,0,VIDEO_OUTPUT_MPLANE
13599.265229,v4l2_qbuf,4,VIDEO_CAPTURE_MPLANE
13599.268674,v4l2_dqbuf,4,VIDEO_CAPTURE_MPLANE
13599.268689,v4l2_dqbuf,0,VIDEO_OUTPUT_MPLANE
13599.271398,v4l2_qbuf,0,VIDEO_OUTPUT_MPLANE
13599.271429,v4l2_qbuf,2,VIDEO_CAPTURE_MPLANE
13599.273664,v4l2_dqbuf,2,VIDEO_CAPTURE_MPLANE
13599.273684,v4l2_dqbuf,0,VIDEO_OUTPUT_MPLANE
13599.321095,v4l2_qbuf,0,VIDEO_OUTPUT_MPLANE
13599.321114,v4l2_qbuf,0,VIDEO_CAPTURE_MPLANE
13599.324273,v4l2_dqbuf,0,VIDEO_CAPTURE_MPLANE
13599.324302,v4l2_dqbuf,0,VIDEO_OUTPUT_MPLANE
13599.324447,v4l2_qbuf,0,VIDEO_OUTPUT_MPLANE
13599.324463,v4l2_qbuf,3,VIDEO_CAPTURE_MPLANE
13599.327928,v4l2_dqbuf,3,VIDEO_CAPTURE_MPLANE
13599.328178,v4l2_dqbuf,0,VIDEO_OUTPUT_MPLANE
13599.337722,v4l2_qbuf,0,VIDEO_OUTPUT_MPLANE
13599.337741,v4l2_qbuf,1,VIDEO_CAPTURE_MPLANE
13599.340985,v4l2_dqbuf,1,VIDEO_CAPTURE_MPLANE
13599.341000,v4l2_dqbuf,0,VIDEO_OUTPUT_MPLANE
13599.354388,v4l2_qbuf,0,VIDEO_OUTPUT_MPLANE
13599.354407,v4l2_qbuf,4,VIDEO_CAPTURE_MPLANE
13599.356602,v4l2_dqbuf,4,VIDEO_CAPTURE_MPLANE
13599.356623,v4l2_dqbuf,0,VIDEO_OUTPUT_MPLANE
13599.387814,v4l2_qbuf,0,VIDEO_OUTPUT_MPLANE
13599.387845,v4l2_qbuf,3,VIDEO_CAPTURE_MPLANE
13599.390954,v4l2_dqbuf,3,VIDEO_CAPTURE_MPLANE
13599.390987,v4l2_dqbuf,0,VIDEO_OUTPUT_MPLANE
13599.391153,v4l2_qbuf,0,VIDEO_OUTPUT_MPLANE
13599.391175,v4l2_qbuf,5,VIDEO_CAPTURE_MPLANE
13599.394409,v4l2_dqbuf,5,VIDEO_CAPTURE_MPLANE
13599.394545,v4l2_dqbuf,0,VIDEO_OUTPUT_MPLANE
13599.404472,v4l2_qbuf,0,VIDEO_OUTPUT_MPLANE
13599.404494,v4l2_qbuf,0,VIDEO_CAPTURE_MPLANE
13599.407848,v4l2_dqbuf,0,VIDEO_CAPTURE_MPLANE
13599.407862,v4l2_dqbuf,0,VIDEO_OUTPUT_MPLANE
13599.420958,v4l2_qbuf,0,VIDEO_OUTPUT_MPLANE
13599.420976,v4l2_qbuf,1,VIDEO_CAPTURE_MPLANE
13599.423194,v4l2_dqbuf,1,VIDEO_CAPTURE_MPLANE
13599.423211,v4l2_dqbuf,0,VIDEO_OUTPUT_MPLANE
13599.454423,v4l2_qbuf,0,VIDEO_OUTPUT_MPLANE
13599.454461,v4l2_qbuf,5,VIDEO_CAPTURE_MPLANE
13599.457905,v4l2_dqbuf,5,VIDEO_CAPTURE_MPLANE
13599.457934,v4l2_dqbuf,0,VIDEO_OUTPUT_MPLANE
13599.458080,v4l2_qbuf,0,VIDEO_OUTPUT_MPLANE
13599.458098,v4l2_qbuf,2,VIDEO_CAPTURE_MPLANE
13599.461966,v4l2_dqbuf,2,VIDEO_CAPTURE_MPLANE
13599.462097,v4l2_dqbuf,0,VIDEO_OUTPUT_MPLANE
13599.471317,v4l2_qbuf,0,VIDEO_OUTPUT_MPLANE
13599.471336,v4l2_qbuf,3,VIDEO_CAPTURE_MPLANE
13599.474575,v4l2_dqbuf,3,VIDEO_CAPTURE_MPLANE
13599.474588,v4l2_dqbuf,0,VIDEO_OUTPUT_MPLANE
13599.487886,v4l2_qbuf,0,VIDEO_OUTPUT_MPLANE
13599.487907,v4l2_qbuf,0,VIDEO_CAPTURE_MPLANE
13599.490204,v4l2_dqbuf,0,VIDEO_CAPTURE_MPLANE
13599.490230,v4l2_dqbuf,0,VIDEO_OUTPUT_MPLANE
13599.521496,v4l2_qbuf,0,VIDEO_OUTPUT_MPLANE
13599.521529,v4l2_qbuf,2,VIDEO_CAPTURE_MPLANE
13599.524622,v4l2_dqbuf,2,VIDEO_CAPTURE_MPLANE
13599.524664,v4l2_dqbuf,0,VIDEO_OUTPUT_MPLANE
13599.524871,v4l2_qbuf,0,VIDEO_OUTPUT_MPLANE
13599.524902,v4l2_qbuf,4,VIDEO_CAPTURE_MPLANE
13599.528278,v4l2_dqbuf,4,VIDEO_CAPTURE_MPLANE
13599.528426,v4l2_dqbuf,0,VIDEO_OUTPUT_MPLANE
13599.538062,v4l2_qbuf,0,VIDEO_OUTPUT_MPLANE
13599.538095,v4l2_qbuf,5,VIDEO_CAPTURE_MPLANE
13599.541445,v4l2_dqbuf,5,VIDEO_CAPTURE_MPLANE
13599.541457,v4l2_dqbuf,0,VIDEO_OUTPUT_MPLANE
13599.554385,v4l2_qbuf,0,VIDEO_OUTPUT_MPLANE
13599.554406,v4l2_qbuf,3,VIDEO_CAPTURE_MPLANE
13599.556706,v4l2_dqbuf,3,VIDEO_CAPTURE_MPLANE
13599.556727,v4l2_dqbuf,0,VIDEO_OUTPUT_MPLANE
13599.587994,v4l2_qbuf,0,VIDEO_OUTPUT_MPLANE
13599.588031,v4l2_qbuf,4,VIDEO_CAPTURE_MPLANE
13599.591215,v4l2_dqbuf,4,VIDEO_CAPTURE_MPLANE
13599.591240,v4l2_dqbuf,0,VIDEO_OUTPUT_MPLANE
13599.591358,v4l2_qbuf,0,VIDEO_OUTPUT_MPLANE
13599.591374,v4l2_qbuf,1,VIDEO_CAPTURE_MPLANE
13599.594428,v4l2_dqbuf,1,VIDEO_CAPTURE_MPLANE
13599.594536,v4l2_dqbuf,0,VIDEO_OUTPUT_MPLANE
13599.604518,v4l2_qbuf,0,VIDEO_OUTPUT_MPLANE
13599.604539,v4l2_qbuf,2,VIDEO_CAPTURE_MPLANE
13599.607675,v4l2_dqbuf,2,VIDEO_CAPTURE_MPLANE
13599.607693,v4l2_dqbuf,0,VIDEO_OUTPUT_MPLANE
13599.621319,v4l2_qbuf,0,VIDEO_OUTPUT_MPLANE
13599.621343,v4l2_qbuf,5,VIDEO_CAPTURE_MPLANE
13599.623682,v4l2_dqbuf,5,VIDEO_CAPTURE_MPLANE
13599.623710,v4l2_dqbuf,0,VIDEO_OUTPUT_MPLANE
13599.654349,v4l2_qbuf,0,VIDEO_OUTPUT_MPLANE
13599.654371,v4l2_qbuf,1,VIDEO_CAPTURE_MPLANE
13599.657575,v4l2_dqbuf,1,VIDEO_CAPTURE_MPLANE
13599.657609,v4l2_dqbuf,0,VIDEO_OUTPUT_MPLANE
13599.657763,v4l2_qbuf,0,VIDEO_OUTPUT_MPLANE
13599.657784,v4l2_qbuf,0,VIDEO_CAPTURE_MPLANE
13599.660841,v4l2_dqbuf,0,VIDEO_CAPTURE_MPLANE
13599.660945,v4l2_dqbuf,0,VIDEO_OUTPUT_MPLANE
13599.670840,v4l2_qbuf,0,VIDEO_OUTPUT_MPLANE
13599.670865,v4l2_qbuf,4,VIDEO_CAPTURE_MPLANE
13599.674189,v4l2_dqbuf,4,VIDEO_CAPTURE_MPLANE
13599.674208,v4l2_dqbuf,0,VIDEO_OUTPUT_MPLANE
13599.688616,v4l2_qbuf,0,VIDEO_OUTPUT_MPLANE
13599.688630,v4l2_qbuf,2,VIDEO_CAPTURE_MPLANE
13599.690725,v4l2_dqbuf,2,VIDEO_CAPTURE_MPLANE
13599.690737,v4l2_dqbuf,0,VIDEO_OUTPUT_MPLANE
13599.720867,v4l2_qbuf,0,VIDEO_OUTPUT_MPLANE
13599.720883,v4l2_qbuf,0,VIDEO_CAPTURE_MPLANE
13599.724114,v4l2_dqbuf,0,VIDEO_CAPTURE_MPLANE
13599.724128,v4l2_dqbuf,0,VIDEO_OUTPUT_MPLANE
13599.724210,v4l2_qbuf,0,VIDEO_OUTPUT_MPLANE
13599.724220,v4l2_qbuf,3,VIDEO_CAPTURE_MPLANE
13599.727298,v4l2_dqbuf,3,VIDEO_CAPTURE_MPLANE
13599.727373,v4l2_dqbuf,0,VIDEO_OUTPUT_MPLANE
13599.738578,v4l2_qbuf,0,VIDEO_OUTPUT_MPLANE
13599.738598,v4l2_qbuf,1,VIDEO_CAPTURE_MPLANE
13599.741909,v4l2_dqbuf,1,VIDEO_CAPTURE_MPLANE
13599.741934,v4l2_dqbuf,0,VIDEO_OUTPUT_MPLANE
13599.754432,v4l2_qbuf,0,VIDEO_OUTPUT_MPLANE
13599.754458,v4l2_qbuf,4,VIDEO_CAPTURE_MPLANE
13599.756655,v4l2_dqbuf,4,VIDEO_CAPTURE_MPLANE
13599.756679,v4l2_dqbuf,0,VIDEO_OUTPUT_MPLANE
13599.787788,v4l2_qbuf,0,VIDEO_OUTPUT_MPLANE
13599.787822,v4l2_qbuf,3,VIDEO_CAPTURE_MPLANE
13599.790878,v4l2_dqbuf,3,VIDEO_CAPTURE_MPLANE
13599.790896,v4l2_dqbuf,0,VIDEO_OUTPUT_MPLANE
13599.790987,v4l2_qbuf,0,VIDEO_OUTPUT_MPLANE
13599.791019,v4l2_qbuf,5,VIDEO_CAPTURE_MPLANE
13599.794019,v4l2_dqbuf,5,VIDEO_CAPTURE_MPLANE
13599.794094,v4l2_dqbuf,0,VIDEO_OUTPUT_MPLANE
13599.804540,v4l2_qbuf,0,VIDEO_OUTPUT_MPLANE
13599.804572,v4l2_qbuf,0,VIDEO_CAPTURE_MPLANE
13599.807897,v4l2_dqbuf,0,VIDEO_CAPTURE_MPLANE
13599.807916,v4l2_dqbuf,0,VIDEO_OUTPUT_MPLANE
13599.821350,v4l2_qbuf,0,VIDEO_OUTPUT_MPLANE
13599.821378,v4l2_qbuf,1,VIDEO_CAPTURE_MPLANE
13599.823559,v4l2_dqbuf,1,VIDEO_CAPTURE_MPLANE
13599.823577,v4l2_dqbuf,0,VIDEO_OUTPUT_MPLANE
13599.854545,v4l2_qbuf,0,VIDEO_OUTPUT_MPLANE
13599.854567,v4l2_qbuf,5,VIDEO_CAPTURE_MPLANE
13599.857691,v4l2_dqbuf,5,VIDEO_CAPTURE_MPLANE
13599.857710,v4l2_dqbuf,0,VIDEO_OUTPUT_MPLANE
13599.857803,v4l2_qbuf,0,VIDEO_OUTPUT_MPLANE
13599.857816,v4l2_qbuf,2,VIDEO_CAPTURE_MPLANE
13599.860931,v4l2_dqbuf,2,VIDEO_CAPTURE_MPLANE
13599.861034,v4l2_dqbuf,0,VIDEO_OUTPUT_MPLANE
13599.872871,v4l2_qbuf,0,VIDEO_OUTPUT_MPLANE
13599.872907,v4l2_qbuf,3,VIDEO_CAPTURE_MPLANE
13599.876213,v4l2_dqbuf,3,VIDEO_CAPTURE_MPLANE
13599.876231,v4l2_dqbuf,0,VIDEO_OUTPUT_MPLANE
13599.887820,v4l2_qbuf,0,VIDEO_OUTPUT_MPLANE
13599.887840,v4l2_qbuf,0,VIDEO_CAPTURE_MPLANE
13599.889969,v4l2_dqbuf,0,VIDEO_CAPTURE_MPLANE
13599.889985,v4l2_dqbuf,0,VIDEO_OUTPUT_MPLANE
13599.921392,v4l2_qbuf,0,VIDEO_OUTPUT_MPLANE
13599.921409,v4l2_qbuf,2,VIDEO_CAPTURE_MPLANE
13599.924708,v4l2_dqbuf,2,VIDEO_CAPTURE_MPLANE
13599.924750,v4l2_dqbuf,0,VIDEO_OUTPUT_MPLANE
13599.924942,v4l2_qbuf,0,VIDEO_OUTPUT_MPLANE
13599.924969,v4l2_qbuf,4,VIDEO_CAPTURE_MPLANE
13599.928366,v4l2_dqbuf,4,VIDEO_CAPTURE_MPLANE
13599.928380,v4l2_dqbuf,0,VIDEO_OUTPUT_MPLANE
13599.937515,v4l2_qbuf,0,VIDEO_OUTPUT_MPLANE
13599.937535,v4l2_qbuf,5,VIDEO_CAPTURE_MPLANE
13599.939674,v4l2_dqbuf,5,VIDEO_CAPTURE_MPLANE
13599.939688,v4l2_dqbuf,0,VIDEO_OUTPUT_MPLANE
13599.954305,v4l2_qbuf,0,VIDEO_OUTPUT_MPLANE
13599.954323,v4l2_qbuf,3,VIDEO_CAPTURE_MPLANE
13599.957551,v4l2_dqbuf,3,VIDEO_CAPTURE_MPLANE
13599.957574,v4l2_dqbuf,0,VIDEO_OUTPUT_MPLANE
13599.971238,v4l2_qbuf,0,VIDEO_OUTPUT_MPLANE
13599.971272,v4l2_qbuf,1,VIDEO_CAPTURE_MPLANE
13599.974375,v4l2_dqbuf,1,VIDEO_CAPTURE_MPLANE
13599.974536,v4l2_dqbuf,0,VIDEO_OUTPUT_MPLANE
13599.987694,v4l2_qbuf,0,VIDEO_OUTPUT_MPLANE
13599.987708,v4l2_qbuf,2,VIDEO_CAPTURE_MPLANE
13599.990797,v4l2_dqbuf,2,VIDEO_CAPTURE_MPLANE
13599.990904,v4l2_dqbuf,0,VIDEO_OUTPUT_MPLANE
13600.004402,v4l2_qbuf,0,VIDEO_OUTPUT_MPLANE
13600.004433,v4l2_qbuf,4,VIDEO_CAPTURE_MPLANE
13600.006284,v4l2_dqbuf,4,VIDEO_CAPTURE_MPLANE
13600.006302,v4l2_dqbuf,0,VIDEO_OUTPUT_MPLANE
13600.021072,v4l2_qbuf,0,VIDEO_OUTPUT_MPLANE
13600.021090,v4l2_qbuf,0,VIDEO_CAPTURE_MPLANE
13600.023288,v4l2_dqbuf,0,VIDEO_CAPTURE_MPLANE
13600.023301,v4l2_dqbuf,0,VIDEO_OUTPUT_MPLANE
13600.037516,v4l2_qbuf,0,VIDEO_OUTPUT_MPLANE
13600.037533,v4l2_qbuf,1,VIDEO_CAPTURE_MPLANE
13600.040663,v4l2_dqbuf,1,VIDEO_CAPTURE_MPLANE
13600.040681,v4l2_dqbuf,0,VIDEO_OUTPUT_MPLANE
13600.054204,v4l2_qbuf,0,VIDEO_OUTPUT_MPLANE
13600.054235,v4l2_qbuf,3,VIDEO_CAPTURE_MPLANE
13600.057417,v4l2_dqbuf,3,VIDEO_CAPTURE_MPLANE
13600.057572,v4l2_dqbuf,0,VIDEO_OUTPUT_MPLANE
13600.071149,v4l2_qbuf,0,VIDEO_OUTPUT_MPLANE
13600.071175,v4l2_qbuf,2,VIDEO_CAPTURE_MPLANE
13600.074611,v4l2_dqbuf,2,VIDEO_CAPTURE_MPLANE
13600.074637,v4l2_dqbuf,0,VIDEO_OUTPUT_MPLANE
13600.087618,v4l2_qbuf,0,VIDEO_OUTPUT_MPLANE
13600.087633,v4l2_qbuf,5,VIDEO_CAPTURE_MPLANE
13600.089865,v4l2_dqbuf,5,VIDEO_CAPTURE_MPLANE
13600.089880,v4l2_dqbuf,0,VIDEO_OUTPUT_MPLANE
13600.120933,v4l2_qbuf,0,VIDEO_OUTPUT_MPLANE
13600.120959,v4l2_qbuf,3,VIDEO_CAPTURE_MPLANE
13600.124184,v4l2_dqbuf,3,VIDEO_CAPTURE_MPLANE
13600.124216,v4l2_dqbuf,0,VIDEO_OUTPUT_MPLANE
13600.124373,v4l2_qbuf,0,VIDEO_OUTPUT_MPLANE
13600.124393,v4l2_qbuf,4,VIDEO_CAPTURE_MPLANE
13600.127467,v4l2_dqbuf,4,VIDEO_CAPTURE_MPLANE
13600.127571,v4l2_dqbuf,0,VIDEO_OUTPUT_MPLANE
13600.137517,v4l2_qbuf,0,VIDEO_OUTPUT_MPLANE
13600.137540,v4l2_qbuf,1,VIDEO_CAPTURE_MPLANE
13600.140699,v4l2_dqbuf,1,VIDEO_CAPTURE_MPLANE
13600.140715,v4l2_dqbuf,0,VIDEO_OUTPUT_MPLANE
13600.154988,v4l2_qbuf,0,VIDEO_OUTPUT_MPLANE
13600.155013,v4l2_qbuf,2,VIDEO_CAPTURE_MPLANE
13600.157444,v4l2_dqbuf,2,VIDEO_CAPTURE_MPLANE
13600.157469,v4l2_dqbuf,0,VIDEO_OUTPUT_MPLANE
13600.188117,v4l2_qbuf,0,VIDEO_OUTPUT_MPLANE
13600.188153,v4l2_qbuf,4,VIDEO_CAPTURE_MPLANE
13600.191846,v4l2_dqbuf,4,VIDEO_CAPTURE_MPLANE
13600.191878,v4l2_dqbuf,0,VIDEO_OUTPUT_MPLANE
13600.192060,v4l2_qbuf,0,VIDEO_OUTPUT_MPLANE
13600.192083,v4l2_qbuf,0,VIDEO_CAPTURE_MPLANE
13600.195453,v4l2_dqbuf,0,VIDEO_CAPTURE_MPLANE
13600.195628,v4l2_dqbuf,0,VIDEO_OUTPUT_MPLANE
13600.204923,v4l2_qbuf,0,VIDEO_OUTPUT_MPLANE
13600.204949,v4l2_qbuf,3,VIDEO_CAPTURE_MPLANE
13600.208291,v4l2_dqbuf,3,VIDEO_CAPTURE_MPLANE
13600.208326,v4l2_dqbuf,0,VIDEO_OUTPUT_MPLANE
13600.221106,v4l2_qbuf,0,VIDEO_OUTPUT_MPLANE
13600.221124,v4l2_qbuf,1,VIDEO_CAPTURE_MPLANE
13600.223360,v4l2_dqbuf,1,VIDEO_CAPTURE_MPLANE
13600.223373,v4l2_dqbuf,0,VIDEO_OUTPUT_MPLANE
13600.254887,v4l2_qbuf,0,VIDEO_OUTPUT_MPLANE
13600.254982,v4l2_qbuf,0,VIDEO_CAPTURE_MPLANE
13600.258322,v4l2_dqbuf,0,VIDEO_CAPTURE_MPLANE
13600.258386,v4l2_dqbuf,0,VIDEO_OUTPUT_MPLANE
13600.258632,v4l2_qbuf,0,VIDEO_OUTPUT_MPLANE
13600.258666,v4l2_qbuf,5,VIDEO_CAPTURE_MPLANE
13600.261975,v4l2_dqbuf,5,VIDEO_CAPTURE_MPLANE
13600.262130,v4l2_dqbuf,0,VIDEO_OUTPUT_MPLANE
13600.271382,v4l2_qbuf,0,VIDEO_OUTPUT_MPLANE
13600.271418,v4l2_qbuf,4,VIDEO_CAPTURE_MPLANE
13600.274721,v4l2_dqbuf,4,VIDEO_CAPTURE_MPLANE
13600.274746,v4l2_dqbuf,0,VIDEO_OUTPUT_MPLANE
13600.287764,v4l2_qbuf,0,VIDEO_OUTPUT_MPLANE
13600.287791,v4l2_qbuf,3,VIDEO_CAPTURE_MPLANE
13600.290078,v4l2_dqbuf,3,VIDEO_CAPTURE_MPLANE
13600.290098,v4l2_dqbuf,0,VIDEO_OUTPUT_MPLANE
13600.321160,v4l2_qbuf,0,VIDEO_OUTPUT_MPLANE
13600.321181,v4l2_qbuf,5,VIDEO_CAPTURE_MPLANE
13600.324410,v4l2_dqbuf,5,VIDEO_CAPTURE_MPLANE
13600.324432,v4l2_dqbuf,0,VIDEO_OUTPUT_MPLANE
13600.324542,v4l2_qbuf,0,VIDEO_OUTPUT_MPLANE
13600.324558,v4l2_qbuf,2,VIDEO_CAPTURE_MPLANE
13600.327843,v4l2_dqbuf,2,VIDEO_CAPTURE_MPLANE
13600.327949,v4l2_dqbuf,0,VIDEO_OUTPUT_MPLANE
13600.337836,v4l2_qbuf,0,VIDEO_OUTPUT_MPLANE
13600.337856,v4l2_qbuf,0,VIDEO_CAPTURE_MPLANE
13600.340883,v4l2_dqbuf,0,VIDEO_CAPTURE_MPLANE
13600.340896,v4l2_dqbuf,0,VIDEO_OUTPUT_MPLANE
13600.354208,v4l2_qbuf,0,VIDEO_OUTPUT_MPLANE
13600.354227,v4l2_qbuf,4,VIDEO_CAPTURE_MPLANE
13600.356479,v4l2_dqbuf,4,VIDEO_CAPTURE_MPLANE
13600.356493,v4l2_dqbuf,0,VIDEO_OUTPUT_MPLANE
13600.388078,v4l2_qbuf,0,VIDEO_OUTPUT_MPLANE
13600.388117,v4l2_qbuf,2,VIDEO_CAPTURE_MPLANE
13600.391428,v4l2_dqbuf,2,VIDEO_CAPTURE_MPLANE
13600.391449,v4l2_dqbuf,0,VIDEO_OUTPUT_MPLANE
13600.391595,v4l2_qbuf,0,VIDEO_OUTPUT_MPLANE
13600.391610,v4l2_qbuf,1,VIDEO_CAPTURE_MPLANE
13600.395669,v4l2_dqbuf,1,VIDEO_CAPTURE_MPLANE
13600.395780,v4l2_dqbuf,0,VIDEO_OUTPUT_MPLANE
13600.404339,v4l2_qbuf,0,VIDEO_OUTPUT_MPLANE
13600.404372,v4l2_qbuf,5,VIDEO_CAPTURE_MPLANE
13600.407596,v4l2_dqbuf,5,VIDEO_CAPTURE_MPLANE
13600.407617,v4l2_dqbuf,0,VIDEO_OUTPUT_MPLANE
13600.422147,v4l2_qbuf,0,VIDEO_OUTPUT_MPLANE
13600.422169,v4l2_qbuf,0,VIDEO_CAPTURE_MPLANE
13600.424270,v4l2_dqbuf,0,VIDEO_CAPTURE_MPLANE
13600.424285,v4l2_dqbuf,0,VIDEO_OUTPUT_MPLANE
13600.454223,v4l2_qbuf,0,VIDEO_OUTPUT_MPLANE
13600.454250,v4l2_qbuf,1,VIDEO_CAPTURE_MPLANE
13600.457510,v4l2_dqbuf,1,VIDEO_CAPTURE_MPLANE
13600.457535,v4l2_dqbuf,0,VIDEO_OUTPUT_MPLANE
13600.457653,v4l2_qbuf,0,VIDEO_OUTPUT_MPLANE
13600.457669,v4l2_qbuf,3,VIDEO_CAPTURE_MPLANE
13600.460986,v4l2_dqbuf,3,VIDEO_CAPTURE_MPLANE
13600.461095,v4l2_dqbuf,0,VIDEO_OUTPUT_MPLANE
13600.471327,v4l2_qbuf,0,VIDEO_OUTPUT_MPLANE
13600.471378,v4l2_qbuf,2,VIDEO_CAPTURE_MPLANE
13600.474644,v4l2_dqbuf,2,VIDEO_CAPTURE_MPLANE
13600.474659,v4l2_dqbuf,0,VIDEO_OUTPUT_MPLANE
13600.487764,v4l2_qbuf,0,VIDEO_OUTPUT_MPLANE
13600.487788,v4l2_qbuf,5,VIDEO_CAPTURE_MPLANE
13600.489951,v4l2_dqbuf,5,VIDEO_CAPTURE_MPLANE
13600.489964,v4l2_dqbuf,0,VIDEO_OUTPUT_MPLANE
13600.521064,v4l2_qbuf,0,VIDEO_OUTPUT_MPLANE
13600.521135,v4l2_qbuf,3,VIDEO_CAPTURE_MPLANE
13600.524529,v4l2_dqbuf,3,VIDEO_CAPTURE_MPLANE
13600.524555,v4l2_dqbuf,0,VIDEO_OUTPUT_MPLANE
13600.524672,v4l2_qbuf,0,VIDEO_OUTPUT_MPLANE
13600.524688,v4l2_qbuf,4,VIDEO_CAPTURE_MPLANE
13600.528111,v4l2_dqbuf,4,VIDEO_CAPTURE_MPLANE
13600.528293,v4l2_dqbuf,0,VIDEO_OUTPUT_MPLANE
13600.537851,v4l2_qbuf,0,VIDEO_OUTPUT_MPLANE
13600.537871,v4l2_qbuf,1,VIDEO_CAPTURE_MPLANE
13600.541033,v4l2_dqbuf,1,VIDEO_CAPTURE_MPLANE
13600.541048,v4l2_dqbuf,0,VIDEO_OUTPUT_MPLANE
13600.554427,v4l2_qbuf,0,VIDEO_OUTPUT_MPLANE
13600.554510,v4l2_qbuf,2,VIDEO_CAPTURE_MPLANE
13600.556912,v4l2_dqbuf,2,VIDEO_CAPTURE_MPLANE
13600.556934,v4l2_dqbuf,0,VIDEO_OUTPUT_MPLANE
13600.587829,v4l2_qbuf,0,VIDEO_OUTPUT_MPLANE
13600.587849,v4l2_qbuf,4,VIDEO_CAPTURE_MPLANE
13600.591177,v4l2_dqbuf,4,VIDEO_CAPTURE_MPLANE
13600.591201,v4l2_dqbuf,0,VIDEO_OUTPUT_MPLANE
13600.591310,v4l2_qbuf,0,VIDEO_OUTPUT_MPLANE
13600.591324,v4l2_qbuf,0,VIDEO_CAPTURE_MPLANE
13600.594582,v4l2_dqbuf,0,VIDEO_CAPTURE_MPLANE
13600.594695,v4l2_dqbuf,0,VIDEO_OUTPUT_MPLANE
13600.604502,v4l2_qbuf,0,VIDEO_OUTPUT_MPLANE
13600.604523,v4l2_qbuf,3,VIDEO_CAPTURE_MPLANE
13600.607768,v4l2_dqbuf,3,VIDEO_CAPTURE_MPLANE
13600.607778,v4l2_dqbuf,0,VIDEO_OUTPUT_MPLANE
13600.621223,v4l2_qbuf,0,VIDEO_OUTPUT_MPLANE
13600.621238,v4l2_qbuf,1,VIDEO_CAPTURE_MPLANE
13600.623539,v4l2_dqbuf,1,VIDEO_CAPTURE_MPLANE
13600.623555,v4l2_dqbuf,0,VIDEO_OUTPUT_MPLANE
13600.654541,v4l2_qbuf,0,VIDEO_OUTPUT_MPLANE
13600.654558,v4l2_qbuf,0,VIDEO_CAPTURE_MPLANE
13600.657917,v4l2_dqbuf,0,VIDEO_CAPTURE_MPLANE
13600.657947,v4l2_dqbuf,0,VIDEO_OUTPUT_MPLANE
13600.658089,v4l2_qbuf,0,VIDEO_OUTPUT_MPLANE
13600.658107,v4l2_qbuf,5,VIDEO_CAPTURE_MPLANE
13600.661361,v4l2_dqbuf,5,VIDEO_CAPTURE_MPLANE
13600.661462,v4l2_dqbuf,0,VIDEO_OUTPUT_MPLANE
13600.671431,v4l2_qbuf,0,VIDEO_OUTPUT_MPLANE
13600.671446,v4l2_qbuf,4,VIDEO_CAPTURE_MPLANE
13600.674713,v4l2_dqbuf,4,VIDEO_CAPTURE_MPLANE
13600.674739,v4l2_dqbuf,0,VIDEO_OUTPUT_MPLANE
13600.687948,v4l2_qbuf,0,VIDEO_OUTPUT_MPLANE
13600.687992,v4l2_qbuf,3,VIDEO_CAPTURE_MPLANE
13600.690179,v4l2_dqbuf,3,VIDEO_CAPTURE_MPLANE
13600.690188,v4l2_dqbuf,0,VIDEO_OUTPUT_MPLANE
13600.721024,v4l2_qbuf,0,VIDEO_OUTPUT_MPLANE
13600.721044,v4l2_qbuf,5,VIDEO_CAPTURE_MPLANE
13600.724263,v4l2_dqbuf,5,VIDEO_CAPTURE_MPLANE
13600.724285,v4l2_dqbuf,0,VIDEO_OUTPUT_MPLANE
13600.724388,v4l2_qbuf,0,VIDEO_OUTPUT_MPLANE
13600.724406,v4l2_qbuf,2,VIDEO_CAPTURE_MPLANE
13600.727582,v4l2_dqbuf,2,VIDEO_CAPTURE_MPLANE
13600.727661,v4l2_dqbuf,0,VIDEO_OUTPUT_MPLANE
13600.737929,v4l2_qbuf,0,VIDEO_OUTPUT_MPLANE
13600.737953,v4l2_qbuf,0,VIDEO_CAPTURE_MPLANE
13600.740990,v4l2_dqbuf,0,VIDEO_CAPTURE_MPLANE
13600.741015,v4l2_dqbuf,0,VIDEO_OUTPUT_MPLANE
13600.754927,v4l2_qbuf,0,VIDEO_OUTPUT_MPLANE
13600.754948,v4l2_qbuf,4,VIDEO_CAPTURE_MPLANE
13600.757248,v4l2_dqbuf,4,VIDEO_CAPTURE_MPLANE
13600.757269,v4l2_dqbuf,0,VIDEO_OUTPUT_MPLANE
13600.787582,v4l2_qbuf,0,VIDEO_OUTPUT_MPLANE
13600.787604,v4l2_qbuf,2,VIDEO_CAPTURE_MPLANE
13600.790801,v4l2_dqbuf,2,VIDEO_CAPTURE_MPLANE
13600.790841,v4l2_dqbuf,0,VIDEO_OUTPUT_MPLANE
13600.791070,v4l2_qbuf,0,VIDEO_OUTPUT_MPLANE
13600.791102,v4l2_qbuf,1,VIDEO_CAPTURE_MPLANE
13600.794313,v4l2_dqbuf,1,VIDEO_CAPTURE_MPLANE
13600.794425,v4l2_dqbuf,0,VIDEO_OUTPUT_MPLANE
13600.804401,v4l2_qbuf,0,VIDEO_OUTPUT_MPLANE
13600.804429,v4l2_qbuf,5,VIDEO_CAPTURE_MPLANE
13600.807715,v4l2_dqbuf,5,VIDEO_CAPTURE_MPLANE
13600.807742,v4l2_dqbuf,0,VIDEO_OUTPUT_MPLANE
13600.821355,v4l2_qbuf,0,VIDEO_OUTPUT_MPLANE
13600.821374,v4l2_qbuf,0,VIDEO_CAPTURE_MPLANE
13600.823662,v4l2_dqbuf,0,VIDEO_CAPTURE_MPLANE
13600.823679,v4l2_dqbuf,0,VIDEO_OUTPUT_MPLANE
13600.871104,v4l2_qbuf,0,VIDEO_OUTPUT_MPLANE
13600.871134,v4l2_qbuf,1,VIDEO_CAPTURE_MPLANE
13600.874464,v4l2_dqbuf,1,VIDEO_CAPTURE_MPLANE
13600.874487,v4l2_dqbuf,0,VIDEO_OUTPUT_MPLANE
13600.874604,v4l2_qbuf,0,VIDEO_OUTPUT_MPLANE
13600.874621,v4l2_qbuf,3,VIDEO_CAPTURE_MPLANE
13600.877742,v4l2_dqbuf,3,VIDEO_CAPTURE_MPLANE
13600.877878,v4l2_dqbuf,0,VIDEO_OUTPUT_MPLANE
13600.888038,v4l2_qbuf,0,VIDEO_OUTPUT_MPLANE
13600.888081,v4l2_qbuf,2,VIDEO_CAPTURE_MPLANE
13600.891359,v4l2_dqbuf,2,VIDEO_CAPTURE_MPLANE
13600.891381,v4l2_dqbuf,0,VIDEO_OUTPUT_MPLANE
13600.904611,v4l2_qbuf,0,VIDEO_OUTPUT_MPLANE
13600.904656,v4l2_qbuf,5,VIDEO_CAPTURE_MPLANE
13600.907051,v4l2_dqbuf,5,VIDEO_CAPTURE_MPLANE
13600.907066,v4l2_dqbuf,0,VIDEO_OUTPUT_MPLANE
13600.938257,v4l2_qbuf,0,VIDEO_OUTPUT_MPLANE
13600.938284,v4l2_qbuf,3,VIDEO_CAPTURE_MPLANE
13600.941781,v4l2_dqbuf,3,VIDEO_CAPTURE_MPLANE
13600.941836,v4l2_dqbuf,0,VIDEO_OUTPUT_MPLANE
13600.942074,v4l2_qbuf,0,VIDEO_OUTPUT_MPLANE
13600.942100,v4l2_qbuf,4,VIDEO_CAPTURE_MPLANE
13600.945638,v4l2_dqbuf,4,VIDEO_CAPTURE_MPLANE
13600.945763,v4l2_dqbuf,0,VIDEO_OUTPUT_MPLANE
13600.954311,v4l2_qbuf,0,VIDEO_OUTPUT_MPLANE
13600.954331,v4l2_qbuf,1,VIDEO_CAPTURE_MPLANE
13600.957842,v4l2_dqbuf,1,VIDEO_CAPTURE_MPLANE
13600.957871,v4l2_dqbuf,0,VIDEO_OUTPUT_MPLANE
13600.988800,v4l2_qbuf,0,VIDEO_OUTPUT_MPLANE
13600.988844,v4l2_qbuf,2,VIDEO_CAPTURE_MPLANE
13600.991136,v4l2_qbuf,1,VIDEO_OUTPUT_MPLANE
13600.991173,v4l2_qbuf,4,VIDEO_CAPTURE_MPLANE
13600.991480,v4l2_dqbuf,2,VIDEO_CAPTURE_MPLANE
13600.991531,v4l2_dqbuf,0,VIDEO_OUTPUT_MPLANE
13600.994250,v4l2_dqbuf,4,VIDEO_CAPTURE_MPLANE
13600.994286,v4l2_dqbuf,1,VIDEO_OUTPUT_MPLANE
13600.994465,v4l2_qbuf,0,VIDEO_OUTPUT_MPLANE
13600.994494,v4l2_qbuf,0,VIDEO_CAPTURE_MPLANE
13600.997858,v4l2_dqbuf,0,VIDEO_CAPTURE_MPLANE
13600.997978,v4l2_dqbuf,0,VIDEO_OUTPUT_MPLANE
13601.021129,v4l2_qbuf,0,VIDEO_OUTPUT_MPLANE
13601.021148,v4l2_qbuf,3,VIDEO_CAPTURE_MPLANE
13601.023144,v4l2_dqbuf,3,VIDEO_CAPTURE_MPLANE
13601.023158,v4l2_dqbuf,0,VIDEO_OUTPUT_MPLANE
13601.037966,v4l2_qbuf,0,VIDEO_OUTPUT_MPLANE
13601.038019,v4l2_qbuf,1,VIDEO_CAPTURE_MPLANE
13601.040222,v4l2_dqbuf,1,VIDEO_CAPTURE_MPLANE
13601.040241,v4l2_dqbuf,0,VIDEO_OUTPUT_MPLANE
13601.054555,v4l2_qbuf,0,VIDEO_OUTPUT_MPLANE
13601.054630,v4l2_qbuf,5,VIDEO_CAPTURE_MPLANE
13601.057992,v4l2_dqbuf,5,VIDEO_CAPTURE_MPLANE
13601.058041,v4l2_dqbuf,0,VIDEO_OUTPUT_MPLANE
13601.071179,v4l2_qbuf,0,VIDEO_OUTPUT_MPLANE
13601.071199,v4l2_qbuf,4,VIDEO_CAPTURE_MPLANE
13601.074546,v4l2_dqbuf,4,VIDEO_CAPTURE_MPLANE
13601.074641,v4l2_dqbuf,0,VIDEO_OUTPUT_MPLANE
13601.087895,v4l2_qbuf,0,VIDEO_OUTPUT_MPLANE
13601.087920,v4l2_qbuf,0,VIDEO_CAPTURE_MPLANE
13601.091422,v4l2_dqbuf,0,VIDEO_CAPTURE_MPLANE
13601.091447,v4l2_dqbuf,0,VIDEO_OUTPUT_MPLANE
13601.104801,v4l2_qbuf,0,VIDEO_OUTPUT_MPLANE
13601.104843,v4l2_qbuf,2,VIDEO_CAPTURE_MPLANE
13601.107207,v4l2_dqbuf,2,VIDEO_CAPTURE_MPLANE
13601.107269,v4l2_dqbuf,0,VIDEO_OUTPUT_MPLANE
13601.137742,v4l2_qbuf,0,VIDEO_OUTPUT_MPLANE
13601.137758,v4l2_qbuf,4,VIDEO_CAPTURE_MPLANE
13601.140903,v4l2_dqbuf,4,VIDEO_CAPTURE_MPLANE
13601.140947,v4l2_dqbuf,0,VIDEO_OUTPUT_MPLANE
13601.141188,v4l2_qbuf,0,VIDEO_OUTPUT_MPLANE
13601.141218,v4l2_qbuf,3,VIDEO_CAPTURE_MPLANE
13601.144246,v4l2_dqbuf,3,VIDEO_CAPTURE_MPLANE
13601.144366,v4l2_dqbuf,0,VIDEO_OUTPUT_MPLANE
13601.154346,v4l2_qbuf,0,VIDEO_OUTPUT_MPLANE
13601.154393,v4l2_qbuf,5,VIDEO_CAPTURE_MPLANE
13601.157659,v4l2_dqbuf,5,VIDEO_CAPTURE_MPLANE
13601.157680,v4l2_dqbuf,0,VIDEO_OUTPUT_MPLANE
13601.171022,v4l2_qbuf,0,VIDEO_OUTPUT_MPLANE
13601.171049,v4l2_qbuf,0,VIDEO_CAPTURE_MPLANE
13601.173262,v4l2_dqbuf,0,VIDEO_CAPTURE_MPLANE
13601.173278,v4l2_dqbuf,0,VIDEO_OUTPUT_MPLANE
13601.204511,v4l2_qbuf,0,VIDEO_OUTPUT_MPLANE
13601.204545,v4l2_qbuf,3,VIDEO_CAPTURE_MPLANE
13601.207788,v4l2_dqbuf,3,VIDEO_CAPTURE_MPLANE
13601.207820,v4l2_dqbuf,0,VIDEO_OUTPUT_MPLANE
13601.207980,v4l2_qbuf,0,VIDEO_OUTPUT_MPLANE
13601.208015,v4l2_qbuf,1,VIDEO_CAPTURE_MPLANE
13601.211440,v4l2_dqbuf,1,VIDEO_CAPTURE_MPLANE
13601.211554,v4l2_dqbuf,0,VIDEO_OUTPUT_MPLANE
13601.227507,v4l2_qbuf,0,VIDEO_OUTPUT_MPLANE
13601.227599,v4l2_qbuf,4,VIDEO_CAPTURE_MPLANE
13601.230872,v4l2_dqbuf,4,VIDEO_CAPTURE_MPLANE
13601.230887,v4l2_dqbuf,0,VIDEO_OUTPUT_MPLANE
13601.237487,v4l2_qbuf,0,VIDEO_OUTPUT_MPLANE
13601.237514,v4l2_qbuf,5,VIDEO_CAPTURE_MPLANE
13601.239756,v4l2_dqbuf,5,VIDEO_CAPTURE_MPLANE
13601.239829,v4l2_dqbuf,0,VIDEO_OUTPUT_MPLANE
13601.271113,v4l2_qbuf,0,VIDEO_OUTPUT_MPLANE
13601.271146,v4l2_qbuf,1,VIDEO_CAPTURE_MPLANE
13601.274290,v4l2_dqbuf,1,VIDEO_CAPTURE_MPLANE
13601.274329,v4l2_dqbuf,0,VIDEO_OUTPUT_MPLANE
13601.274531,v4l2_qbuf,0,VIDEO_OUTPUT_MPLANE
13601.274560,v4l2_qbuf,2,VIDEO_CAPTURE_MPLANE
13601.277772,v4l2_dqbuf,2,VIDEO_CAPTURE_MPLANE
13601.277962,v4l2_dqbuf,0,VIDEO_OUTPUT_MPLANE
13601.287947,v4l2_qbuf,0,VIDEO_OUTPUT_MPLANE
13601.288104,v4l2_qbuf,3,VIDEO_CAPTURE_MPLANE
13601.291344,v4l2_dqbuf,3,VIDEO_CAPTURE_MPLANE
13601.291369,v4l2_dqbuf,0,VIDEO_OUTPUT_MPLANE
13601.304517,v4l2_qbuf,0,VIDEO_OUTPUT_MPLANE
13601.304547,v4l2_qbuf,4,VIDEO_CAPTURE_MPLANE
13601.306767,v4l2_dqbuf,4,VIDEO_CAPTURE_MPLANE
13601.306789,v4l2_dqbuf,0,VIDEO_OUTPUT_MPLANE
13601.338135,v4l2_qbuf,0,VIDEO_OUTPUT_MPLANE
13601.338162,v4l2_qbuf,2,VIDEO_CAPTURE_MPLANE
13601.341544,v4l2_dqbuf,2,VIDEO_CAPTURE_MPLANE
13601.341571,v4l2_dqbuf,0,VIDEO_OUTPUT_MPLANE
13601.341706,v4l2_qbuf,0,VIDEO_OUTPUT_MPLANE
13601.341724,v4l2_qbuf,0,VIDEO_CAPTURE_MPLANE
13601.345018,v4l2_dqbuf,0,VIDEO_CAPTURE_MPLANE
13601.345108,v4l2_dqbuf,0,VIDEO_OUTPUT_MPLANE
13601.359544,v4l2_qbuf,0,VIDEO_OUTPUT_MPLANE
13601.359572,v4l2_qbuf,1,VIDEO_CAPTURE_MPLANE
13601.362747,v4l2_dqbuf,1,VIDEO_CAPTURE_MPLANE
13601.362761,v4l2_dqbuf,0,VIDEO_OUTPUT_MPLANE
13601.367318,v4l2_qbuf,0,VIDEO_OUTPUT_MPLANE
13601.367337,v4l2_qbuf,3,VIDEO_CAPTURE_MPLANE
13601.369467,v4l2_dqbuf,3,VIDEO_CAPTURE_MPLANE
13601.369488,v4l2_dqbuf,0,VIDEO_OUTPUT_MPLANE
13601.402166,v4l2_qbuf,0,VIDEO_OUTPUT_MPLANE
13601.402289,v4l2_qbuf,0,VIDEO_CAPTURE_MPLANE
13601.405714,v4l2_dqbuf,0,VIDEO_CAPTURE_MPLANE
13601.405766,v4l2_dqbuf,0,VIDEO_OUTPUT_MPLANE
13601.406045,v4l2_qbuf,0,VIDEO_OUTPUT_MPLANE
13601.406083,v4l2_qbuf,5,VIDEO_CAPTURE_MPLANE
13601.409340,v4l2_dqbuf,5,VIDEO_CAPTURE_MPLANE
13601.409483,v4l2_dqbuf,0,VIDEO_OUTPUT_MPLANE
13601.418235,v4l2_qbuf,0,VIDEO_OUTPUT_MPLANE
13601.418254,v4l2_qbuf,2,VIDEO_CAPTURE_MPLANE
13601.421587,v4l2_dqbuf,2,VIDEO_CAPTURE_MPLANE
13601.421617,v4l2_dqbuf,0,VIDEO_OUTPUT_MPLANE
13601.434507,v4l2_qbuf,0,VIDEO_OUTPUT_MPLANE
13601.434523,v4l2_qbuf,1,VIDEO_CAPTURE_MPLANE
13601.436733,v4l2_dqbuf,1,VIDEO_CAPTURE_MPLANE
13601.436757,v4l2_dqbuf,0,VIDEO_OUTPUT_MPLANE
13601.467386,v4l2_qbuf,0,VIDEO_OUTPUT_MPLANE
13601.467405,v4l2_qbuf,5,VIDEO_CAPTURE_MPLANE
13601.470543,v4l2_dqbuf,5,VIDEO_CAPTURE_MPLANE
13601.470582,v4l2_dqbuf,0,VIDEO_OUTPUT_MPLANE
13601.470772,v4l2_qbuf,0,VIDEO_OUTPUT_MPLANE
13601.470798,v4l2_qbuf,4,VIDEO_CAPTURE_MPLANE
13601.474086,v4l2_dqbuf,4,VIDEO_CAPTURE_MPLANE
13601.474259,v4l2_dqbuf,0,VIDEO_OUTPUT_MPLANE
13601.484487,v4l2_qbuf,0,VIDEO_OUTPUT_MPLANE
13601.484510,v4l2_qbuf,0,VIDEO_CAPTURE_MPLANE
13601.487740,v4l2_dqbuf,0,VIDEO_CAPTURE_MPLANE
13601.487753,v4l2_dqbuf,0,VIDEO_OUTPUT_MPLANE
13601.501030,v4l2_qbuf,0,VIDEO_OUTPUT_MPLANE
13601.501059,v4l2_qbuf,2,VIDEO_CAPTURE_MPLANE
13601.503165,v4l2_dqbuf,2,VIDEO_CAPTURE_MPLANE
13601.503187,v4l2_dqbuf,0,VIDEO_OUTPUT_MPLANE
13601.534782,v4l2_qbuf,0,VIDEO_OUTPUT_MPLANE
13601.536142,v4l2_qbuf,4,VIDEO_CAPTURE_MPLANE
13601.539337,v4l2_dqbuf,4,VIDEO_CAPTURE_MPLANE
13601.539363,v4l2_dqbuf,0,VIDEO_OUTPUT_MPLANE
13601.539485,v4l2_qbuf,0,VIDEO_OUTPUT_MPLANE
13601.539501,v4l2_qbuf,3,VIDEO_CAPTURE_MPLANE
13601.542658,v4l2_dqbuf,3,VIDEO_CAPTURE_MPLANE
13601.542774,v4l2_dqbuf,0,VIDEO_OUTPUT_MPLANE
13601.551245,v4l2_qbuf,0,VIDEO_OUTPUT_MPLANE
13601.551266,v4l2_qbuf,5,VIDEO_CAPTURE_MPLANE
13601.554498,v4l2_dqbuf,5,VIDEO_CAPTURE_MPLANE
13601.554511,v4l2_dqbuf,0,VIDEO_OUTPUT_MPLANE
13601.567890,v4l2_qbuf,0,VIDEO_OUTPUT_MPLANE
13601.567911,v4l2_qbuf,0,VIDEO_CAPTURE_MPLANE
13601.570113,v4l2_dqbuf,0,VIDEO_CAPTURE_MPLANE
13601.570129,v4l2_dqbuf,0,VIDEO_OUTPUT_MPLANE
13601.601352,v4l2_qbuf,0,VIDEO_OUTPUT_MPLANE
13601.601372,v4l2_qbuf,3,VIDEO_CAPTURE_MPLANE
13601.604538,v4l2_dqbuf,3,VIDEO_CAPTURE_MPLANE
13601.604560,v4l2_dqbuf,0,VIDEO_OUTPUT_MPLANE
13601.604673,v4l2_qbuf,0,VIDEO_OUTPUT_MPLANE
13601.604690,v4l2_qbuf,1,VIDEO_CAPTURE_MPLANE
13601.607766,v4l2_dqbuf,1,VIDEO_CAPTURE_MPLANE
13601.607837,v4l2_dqbuf,0,VIDEO_OUTPUT_MPLANE
13601.623232,v4l2_qbuf,0,VIDEO_OUTPUT_MPLANE
13601.623252,v4l2_qbuf,4,VIDEO_CAPTURE_MPLANE
13601.626479,v4l2_dqbuf,4,VIDEO_CAPTURE_MPLANE
13601.626493,v4l2_dqbuf,0,VIDEO_OUTPUT_MPLANE
13601.634015,v4l2_qbuf,0,VIDEO_OUTPUT_MPLANE
13601.634035,v4l2_qbuf,5,VIDEO_CAPTURE_MPLANE
13601.636189,v4l2_dqbuf,5,VIDEO_CAPTURE_MPLANE
13601.636209,v4l2_dqbuf,0,VIDEO_OUTPUT_MPLANE
13601.667670,v4l2_qbuf,0,VIDEO_OUTPUT_MPLANE
13601.667692,v4l2_qbuf,1,VIDEO_CAPTURE_MPLANE
13601.670831,v4l2_dqbuf,1,VIDEO_CAPTURE_MPLANE
13601.670851,v4l2_dqbuf,0,VIDEO_OUTPUT_MPLANE
13601.670957,v4l2_qbuf,0,VIDEO_OUTPUT_MPLANE
13601.670973,v4l2_qbuf,2,VIDEO_CAPTURE_MPLANE
13601.674386,v4l2_dqbuf,2,VIDEO_CAPTURE_MPLANE
13601.674499,v4l2_dqbuf,0,VIDEO_OUTPUT_MPLANE
13601.684261,v4l2_qbuf,0,VIDEO_OUTPUT_MPLANE
13601.684290,v4l2_qbuf,3,VIDEO_CAPTURE_MPLANE
13601.687633,v4l2_dqbuf,3,VIDEO_CAPTURE_MPLANE
13601.687647,v4l2_dqbuf,0,VIDEO_OUTPUT_MPLANE
13601.701354,v4l2_qbuf,0,VIDEO_OUTPUT_MPLANE
13601.701375,v4l2_qbuf,4,VIDEO_CAPTURE_MPLANE
13601.703687,v4l2_dqbuf,4,VIDEO_CAPTURE_MPLANE
13601.703704,v4l2_dqbuf,0,VIDEO_OUTPUT_MPLANE
13601.734058,v4l2_qbuf,0,VIDEO_OUTPUT_MPLANE
13601.734079,v4l2_qbuf,2,VIDEO_CAPTURE_MPLANE
13601.737429,v4l2_dqbuf,2,VIDEO_CAPTURE_MPLANE
13601.737450,v4l2_dqbuf,0,VIDEO_OUTPUT_MPLANE
13601.737553,v4l2_qbuf,0,VIDEO_OUTPUT_MPLANE
13601.737565,v4l2_qbuf,0,VIDEO_CAPTURE_MPLANE
13601.740613,v4l2_dqbuf,0,VIDEO_CAPTURE_MPLANE
13601.740680,v4l2_dqbuf,0,VIDEO_OUTPUT_MPLANE
13601.750850,v4l2_qbuf,0,VIDEO_OUTPUT_MPLANE
13601.750865,v4l2_qbuf,1,VIDEO_CAPTURE_MPLANE
13601.754132,v4l2_dqbuf,1,VIDEO_CAPTURE_MPLANE
13601.754166,v4l2_dqbuf,0,VIDEO_OUTPUT_MPLANE
13601.767820,v4l2_qbuf,0,VIDEO_OUTPUT_MPLANE
13601.767850,v4l2_qbuf,3,VIDEO_CAPTURE_MPLANE
13601.770032,v4l2_dqbuf,3,VIDEO_CAPTURE_MPLANE
13601.770052,v4l2_dqbuf,0,VIDEO_OUTPUT_MPLANE
13601.804150,v4l2_qbuf,0,VIDEO_OUTPUT_MPLANE
13601.804197,v4l2_qbuf,0,VIDEO_CAPTURE_MPLANE
13601.808249,v4l2_dqbuf,0,VIDEO_CAPTURE_MPLANE
13601.808270,v4l2_dqbuf,0,VIDEO_OUTPUT_MPLANE
13601.808379,v4l2_qbuf,0,VIDEO_OUTPUT_MPLANE
13601.808395,v4l2_qbuf,5,VIDEO_CAPTURE_MPLANE
13601.811745,v4l2_dqbuf,5,VIDEO_CAPTURE_MPLANE
13601.811826,v4l2_dqbuf,0,VIDEO_OUTPUT_MPLANE
13601.818446,v4l2_qbuf,0,VIDEO_OUTPUT_MPLANE
13601.818471,v4l2_qbuf,2,VIDEO_CAPTURE_MPLANE
13601.821831,v4l2_dqbuf,2,VIDEO_CAPTURE_MPLANE
13601.821858,v4l2_dqbuf,0,VIDEO_OUTPUT_MPLANE
13601.834410,v4l2_qbuf,0,VIDEO_OUTPUT_MPLANE
13601.834430,v4l2_qbuf,1,VIDEO_CAPTURE_MPLANE
13601.836776,v4l2_dqbuf,1,VIDEO_CAPTURE_MPLANE
13601.836793,v4l2_dqbuf,0,VIDEO_OUTPUT_MPLANE
13601.869556,v4l2_qbuf,0,VIDEO_OUTPUT_MPLANE
13601.869574,v4l2_qbuf,5,VIDEO_CAPTURE_MPLANE
13601.872855,v4l2_dqbuf,5,VIDEO_CAPTURE_MPLANE
13601.872884,v4l2_dqbuf,0,VIDEO_OUTPUT_MPLANE
13601.872989,v4l2_qbuf,0,VIDEO_OUTPUT_MPLANE
13601.873012,v4l2_qbuf,4,VIDEO_CAPTURE_MPLANE
13601.876233,v4l2_dqbuf,4,VIDEO_CAPTURE_MPLANE
13601.876342,v4l2_dqbuf,0,VIDEO_OUTPUT_MPLANE
13601.891915,v4l2_qbuf,0,VIDEO_OUTPUT_MPLANE
13601.891933,v4l2_qbuf,0,VIDEO_CAPTURE_MPLANE
13601.895178,v4l2_dqbuf,0,VIDEO_CAPTURE_MPLANE
13601.895197,v4l2_dqbuf,0,VIDEO_OUTPUT_MPLANE
13601.901051,v4l2_qbuf,0,VIDEO_OUTPUT_MPLANE
13601.901082,v4l2_qbuf,2,VIDEO_CAPTURE_MPLANE
13601.903346,v4l2_dqbuf,2,VIDEO_CAPTURE_MPLANE
13601.903368,v4l2_dqbuf,0,VIDEO_OUTPUT_MPLANE
13601.953440,v4l2_qbuf,0,VIDEO_OUTPUT_MPLANE
13601.953461,v4l2_qbuf,4,VIDEO_CAPTURE_MPLANE
13601.956822,v4l2_dqbuf,4,VIDEO_CAPTURE_MPLANE
13601.956845,v4l2_dqbuf,0,VIDEO_OUTPUT_MPLANE
13601.956962,v4l2_qbuf,0,VIDEO_OUTPUT_MPLANE
13601.956979,v4l2_qbuf,3,VIDEO_CAPTURE_MPLANE
13601.960150,v4l2_dqbuf,3,VIDEO_CAPTURE_MPLANE
13601.960260,v4l2_dqbuf,0,VIDEO_OUTPUT_MPLANE
13601.969608,v4l2_qbuf,0,VIDEO_OUTPUT_MPLANE
13601.969639,v4l2_qbuf,5,VIDEO_CAPTURE_MPLANE
13601.973033,v4l2_dqbuf,5,VIDEO_CAPTURE_MPLANE
13601.973064,v4l2_dqbuf,0,VIDEO_OUTPUT_MPLANE
13601.985701,v4l2_qbuf,0,VIDEO_OUTPUT_MPLANE
13601.985722,v4l2_qbuf,0,VIDEO_CAPTURE_MPLANE
13601.987930,v4l2_dqbuf,0,VIDEO_CAPTURE_MPLANE
13601.987964,v4l2_dqbuf,0,VIDEO_OUTPUT_MPLANE
13602.019340,v4l2_qbuf,0,VIDEO_OUTPUT_MPLANE
13602.019368,v4l2_qbuf,3,VIDEO_CAPTURE_MPLANE
13602.022462,v4l2_dqbuf,3,VIDEO_CAPTURE_MPLANE
13602.022479,v4l2_dqbuf,0,VIDEO_OUTPUT_MPLANE
13602.022573,v4l2_qbuf,0,VIDEO_OUTPUT_MPLANE
13602.022586,v4l2_qbuf,1,VIDEO_CAPTURE_MPLANE
13602.025618,v4l2_dqbuf,1,VIDEO_CAPTURE_MPLANE
13602.025783,v4l2_dqbuf,0,VIDEO_OUTPUT_MPLANE
13602.037414,v4l2_qbuf,0,VIDEO_OUTPUT_MPLANE
13602.037552,v4l2_qbuf,4,VIDEO_CAPTURE_MPLANE
13602.039361,v4l2_dqbuf,4,VIDEO_CAPTURE_MPLANE
13602.039374,v4l2_dqbuf,0,VIDEO_OUTPUT_MPLANE
13602.052591,v4l2_qbuf,0,VIDEO_OUTPUT_MPLANE
13602.052621,v4l2_qbuf,5,VIDEO_CAPTURE_MPLANE
13602.054735,v4l2_dqbuf,5,VIDEO_CAPTURE_MPLANE
13602.054749,v4l2_dqbuf,0,VIDEO_OUTPUT_MPLANE
13602.068890,v4l2_qbuf,0,VIDEO_OUTPUT_MPLANE
13602.068912,v4l2_qbuf,2,VIDEO_CAPTURE_MPLANE
13602.072030,v4l2_dqbuf,2,VIDEO_CAPTURE_MPLANE
13602.072042,v4l2_dqbuf,0,VIDEO_OUTPUT_MPLANE
13602.085817,v4l2_qbuf,0,VIDEO_OUTPUT_MPLANE
13602.085835,v4l2_qbuf,3,VIDEO_CAPTURE_MPLANE
13602.089026,v4l2_dqbuf,3,VIDEO_CAPTURE_MPLANE
13602.089166,v4l2_dqbuf,0,VIDEO_OUTPUT_MPLANE
13602.102293,v4l2_qbuf,0,VIDEO_OUTPUT_MPLANE
13602.102307,v4l2_qbuf,1,VIDEO_CAPTURE_MPLANE
13602.105370,v4l2_dqbuf,1,VIDEO_CAPTURE_MPLANE
13602.105391,v4l2_dqbuf,0,VIDEO_OUTPUT_MPLANE
13602.119038,v4l2_qbuf,0,VIDEO_OUTPUT_MPLANE
13602.119065,v4l2_qbuf,0,VIDEO_CAPTURE_MPLANE
13602.121188,v4l2_dqbuf,0,VIDEO_CAPTURE_MPLANE
13602.121201,v4l2_dqbuf,0,VIDEO_OUTPUT_MPLANE
13602.156267,v4l2_qbuf,0,VIDEO_OUTPUT_MPLANE
13602.156298,v4l2_qbuf,3,VIDEO_CAPTURE_MPLANE
13602.159720,v4l2_dqbuf,3,VIDEO_CAPTURE_MPLANE
13602.159747,v4l2_dqbuf,0,VIDEO_OUTPUT_MPLANE
13602.159865,v4l2_qbuf,0,VIDEO_OUTPUT_MPLANE
13602.159882,v4l2_qbuf,2,VIDEO_CAPTURE_MPLANE
13602.161344,v4l2_qbuf,1,VIDEO_OUTPUT_MPLANE
13602.161360,v4l2_qbuf,4,VIDEO_CAPTURE_MPLANE
13602.163351,v4l2_dqbuf,2,VIDEO_CAPTURE_MPLANE
13602.163502,v4l2_dqbuf,0,VIDEO_OUTPUT_MPLANE
13602.166655,v4l2_dqbuf,4,VIDEO_CAPTURE_MPLANE
13602.166669,v4l2_dqbuf,1,VIDEO_OUTPUT_MPLANE
13602.185736,v4l2_qbuf,0,VIDEO_OUTPUT_MPLANE
13602.185750,v4l2_qbuf,1,VIDEO_CAPTURE_MPLANE
13602.188031,v4l2_dqbuf,1,VIDEO_CAPTURE_MPLANE
13602.188048,v4l2_dqbuf,0,VIDEO_OUTPUT_MPLANE
13602.219055,v4l2_qbuf,0,VIDEO_OUTPUT_MPLANE
13602.219075,v4l2_qbuf,2,VIDEO_CAPTURE_MPLANE
13602.222608,v4l2_dqbuf,2,VIDEO_CAPTURE_MPLANE
13602.222632,v4l2_dqbuf,0,VIDEO_OUTPUT_MPLANE
13602.222754,v4l2_qbuf,0,VIDEO_OUTPUT_MPLANE
13602.222769,v4l2_qbuf,5,VIDEO_CAPTURE_MPLANE
13602.225980,v4l2_dqbuf,5,VIDEO_CAPTURE_MPLANE
13602.226161,v4l2_dqbuf,0,VIDEO_OUTPUT_MPLANE
13602.239887,v4l2_qbuf,0,VIDEO_OUTPUT_MPLANE
13602.239917,v4l2_qbuf,3,VIDEO_CAPTURE_MPLANE
13602.243182,v4l2_dqbuf,3,VIDEO_CAPTURE_MPLANE
13602.243193,v4l2_dqbuf,0,VIDEO_OUTPUT_MPLANE
13602.252795,v4l2_qbuf,0,VIDEO_OUTPUT_MPLANE
13602.252816,v4l2_qbuf,4,VIDEO_CAPTURE_MPLANE
13602.254973,v4l2_dqbuf,4,VIDEO_CAPTURE_MPLANE
13602.254987,v4l2_dqbuf,0,VIDEO_OUTPUT_MPLANE
13602.285522,v4l2_qbuf,0,VIDEO_OUTPUT_MPLANE
13602.285538,v4l2_qbuf,5,VIDEO_CAPTURE_MPLANE
13602.288768,v4l2_dqbuf,5,VIDEO_CAPTURE_MPLANE
13602.288805,v4l2_dqbuf,0,VIDEO_OUTPUT_MPLANE
13602.288992,v4l2_qbuf,0,VIDEO_OUTPUT_MPLANE
13602.289029,v4l2_qbuf,0,VIDEO_CAPTURE_MPLANE
13602.292108,v4l2_dqbuf,0,VIDEO_CAPTURE_MPLANE
13602.292240,v4l2_dqbuf,0,VIDEO_OUTPUT_MPLANE
13602.302856,v4l2_qbuf,0,VIDEO_OUTPUT_MPLANE
13602.302944,v4l2_qbuf,2,VIDEO_CAPTURE_MPLANE
13602.306350,v4l2_dqbuf,2,VIDEO_CAPTURE_MPLANE
13602.306371,v4l2_dqbuf,0,VIDEO_OUTPUT_MPLANE
13602.319417,v4l2_qbuf,0,VIDEO_OUTPUT_MPLANE
13602.319448,v4l2_qbuf,3,VIDEO_CAPTURE_MPLANE
13602.321569,v4l2_dqbuf,3,VIDEO_CAPTURE_MPLANE
13602.321580,v4l2_dqbuf,0,VIDEO_OUTPUT_MPLANE
13602.352418,v4l2_qbuf,0,VIDEO_OUTPUT_MPLANE
13602.352439,v4l2_qbuf,0,VIDEO_CAPTURE_MPLANE
13602.355638,v4l2_dqbuf,0,VIDEO_CAPTURE_MPLANE
13602.355660,v4l2_dqbuf,0,VIDEO_OUTPUT_MPLANE
13602.355775,v4l2_qbuf,0,VIDEO_OUTPUT_MPLANE
13602.355792,v4l2_qbuf,1,VIDEO_CAPTURE_MPLANE
13602.360909,v4l2_dqbuf,1,VIDEO_CAPTURE_MPLANE
13602.361047,v4l2_dqbuf,0,VIDEO_OUTPUT_MPLANE
13602.369038,v4l2_qbuf,0,VIDEO_OUTPUT_MPLANE
13602.369067,v4l2_qbuf,5,VIDEO_CAPTURE_MPLANE
13602.372237,v4l2_dqbuf,5,VIDEO_CAPTURE_MPLANE
13602.372256,v4l2_dqbuf,0,VIDEO_OUTPUT_MPLANE
13602.385638,v4l2_qbuf,0,VIDEO_OUTPUT_MPLANE
13602.385654,v4l2_qbuf,2,VIDEO_CAPTURE_MPLANE
13602.387818,v4l2_dqbuf,2,VIDEO_CAPTURE_MPLANE
13602.387830,v4l2_dqbuf,0,VIDEO_OUTPUT_MPLANE
13602.418957,v4l2_qbuf,0,VIDEO_OUTPUT_MPLANE
13602.418973,v4l2_qbuf,1,VIDEO_CAPTURE_MPLANE
13602.422107,v4l2_dqbuf,1,VIDEO_CAPTURE_MPLANE
13602.422129,v4l2_dqbuf,0,VIDEO_OUTPUT_MPLANE
13602.422237,v4l2_qbuf,0,VIDEO_OUTPUT_MPLANE
13602.422250,v4l2_qbuf,4,VIDEO_CAPTURE_MPLANE
13602.425429,v4l2_dqbuf,4,VIDEO_CAPTURE_MPLANE
13602.425520,v4l2_dqbuf,0,VIDEO_OUTPUT_MPLANE
13602.435657,v4l2_qbuf,0,VIDEO_OUTPUT_MPLANE
13602.435676,v4l2_qbuf,0,VIDEO_CAPTURE_MPLANE
13602.438836,v4l2_dqbuf,0,VIDEO_CAPTURE_MPLANE
13602.438850,v4l2_dqbuf,0,VIDEO_OUTPUT_MPLANE
13602.452357,v4l2_qbuf,0,VIDEO_OUTPUT_MPLANE
13602.452375,v4l2_qbuf,5,VIDEO_CAPTURE_MPLANE
13602.454635,v4l2_dqbuf,5,VIDEO_CAPTURE_MPLANE
13602.454650,v4l2_dqbuf,0,VIDEO_OUTPUT_MPLANE
13602.485920,v4l2_qbuf,0,VIDEO_OUTPUT_MPLANE
13602.485947,v4l2_qbuf,4,VIDEO_CAPTURE_MPLANE
13602.489229,v4l2_dqbuf,4,VIDEO_CAPTURE_MPLANE
13602.489254,v4l2_dqbuf,0,VIDEO_OUTPUT_MPLANE
13602.489369,v4l2_qbuf,0,VIDEO_OUTPUT_MPLANE
13602.489386,v4l2_qbuf,3,VIDEO_CAPTURE_MPLANE
13602.492590,v4l2_dqbuf,3,VIDEO_CAPTURE_MPLANE
13602.492683,v4l2_dqbuf,0,VIDEO_OUTPUT_MPLANE
13602.502754,v4l2_qbuf,0,VIDEO_OUTPUT_MPLANE
13602.502787,v4l2_qbuf,1,VIDEO_CAPTURE_MPLANE
13602.506357,v4l2_dqbuf,1,VIDEO_CAPTURE_MPLANE
13602.506426,v4l2_dqbuf,0,VIDEO_OUTPUT_MPLANE
13602.519379,v4l2_qbuf,0,VIDEO_OUTPUT_MPLANE
13602.519412,v4l2_qbuf,0,VIDEO_CAPTURE_MPLANE
13602.521640,v4l2_dqbuf,0,VIDEO_CAPTURE_MPLANE
13602.521667,v4l2_dqbuf,0,VIDEO_OUTPUT_MPLANE
13602.552435,v4l2_qbuf,0,VIDEO_OUTPUT_MPLANE
13602.552511,v4l2_qbuf,3,VIDEO_CAPTURE_MPLANE
13602.555662,v4l2_dqbuf,3,VIDEO_CAPTURE_MPLANE
13602.555684,v4l2_dqbuf,0,VIDEO_OUTPUT_MPLANE
13602.555790,v4l2_qbuf,0,VIDEO_OUTPUT_MPLANE
13602.555805,v4l2_qbuf,2,VIDEO_CAPTURE_MPLANE
13602.559105,v4l2_dqbuf,2,VIDEO_CAPTURE_MPLANE
13602.559203,v4l2_dqbuf,0,VIDEO_OUTPUT_MPLANE
13602.569465,v4l2_qbuf,0,VIDEO_OUTPUT_MPLANE
13602.569486,v4l2_qbuf,4,VIDEO_CAPTURE_MPLANE
13602.572672,v4l2_dqbuf,4,VIDEO_CAPTURE_MPLANE
13602.572682,v4l2_dqbuf,0,VIDEO_OUTPUT_MPLANE
13602.585879,v4l2_qbuf,0,VIDEO_OUTPUT_MPLANE
13602.585901,v4l2_qbuf,1,VIDEO_CAPTURE_MPLANE
13602.588138,v4l2_dqbuf,1,VIDEO_CAPTURE_MPLANE
13602.588154,v4l2_dqbuf,0,VIDEO_OUTPUT_MPLANE
13602.621060,v4l2_qbuf,0,VIDEO_OUTPUT_MPLANE
13602.621089,v4l2_qbuf,2,VIDEO_CAPTURE_MPLANE
13602.624359,v4l2_dqbuf,2,VIDEO_CAPTURE_MPLANE
13602.624384,v4l2_dqbuf,0,VIDEO_OUTPUT_MPLANE
13602.624510,v4l2_qbuf,0,VIDEO_OUTPUT_MPLANE
13602.624528,v4l2_qbuf,5,VIDEO_CAPTURE_MPLANE
13602.627806,v4l2_dqbuf,5,VIDEO_CAPTURE_MPLANE
13602.627908,v4l2_dqbuf,0,VIDEO_OUTPUT_MPLANE
13602.635842,v4l2_qbuf,0,VIDEO_OUTPUT_MPLANE
13602.635871,v4l2_qbuf,3,VIDEO_CAPTURE_MPLANE
13602.639323,v4l2_dqbuf,3,VIDEO_CAPTURE_MPLANE
13602.639339,v4l2_dqbuf,0,VIDEO_OUTPUT_MPLANE
13602.652515,v4l2_qbuf,0,VIDEO_OUTPUT_MPLANE
13602.652535,v4l2_qbuf,4,VIDEO_CAPTURE_MPLANE
13602.654692,v4l2_dqbuf,4,VIDEO_CAPTURE_MPLANE
13602.654708,v4l2_dqbuf,0,VIDEO_OUTPUT_MPLANE
13602.685876,v4l2_qbuf,0,VIDEO_OUTPUT_MPLANE
13602.685898,v4l2_qbuf,5,VIDEO_CAPTURE_MPLANE
13602.689262,v4l2_dqbuf,5,VIDEO_CAPTURE_MPLANE
13602.689301,v4l2_dqbuf,0,VIDEO_OUTPUT_MPLANE
13602.689510,v4l2_qbuf,0,VIDEO_OUTPUT_MPLANE
13602.689539,v4l2_qbuf,0,VIDEO_CAPTURE_MPLANE
13602.692861,v4l2_dqbuf,0,VIDEO_CAPTURE_MPLANE
13602.693023,v4l2_dqbuf,0,VIDEO_OUTPUT_MPLANE
13602.702726,v4l2_qbuf,0,VIDEO_OUTPUT_MPLANE
13602.702765,v4l2_qbuf,2,VIDEO_CAPTURE_MPLANE
13602.706176,v4l2_dqbuf,2,VIDEO_CAPTURE_MPLANE
13602.706196,v4l2_dqbuf,0,VIDEO_OUTPUT_MPLANE
13602.720964,v4l2_qbuf,0,VIDEO_OUTPUT_MPLANE
13602.720988,v4l2_qbuf,3,VIDEO_CAPTURE_MPLANE
13602.723135,v4l2_dqbuf,3,VIDEO_CAPTURE_MPLANE
13602.723147,v4l2_dqbuf,0,VIDEO_OUTPUT_MPLANE
13602.752767,v4l2_qbuf,0,VIDEO_OUTPUT_MPLANE
13602.752788,v4l2_qbuf,0,VIDEO_CAPTURE_MPLANE
13602.756018,v4l2_dqbuf,0,VIDEO_CAPTURE_MPLANE
13602.756042,v4l2_dqbuf,0,VIDEO_OUTPUT_MPLANE
13602.756171,v4l2_qbuf,0,VIDEO_OUTPUT_MPLANE
13602.756191,v4l2_qbuf,1,VIDEO_CAPTURE_MPLANE
13602.759451,v4l2_dqbuf,1,VIDEO_CAPTURE_MPLANE
13602.759552,v4l2_dqbuf,0,VIDEO_OUTPUT_MPLANE
13602.769122,v4l2_qbuf,0,VIDEO_OUTPUT_MPLANE
13602.769141,v4l2_qbuf,5,VIDEO_CAPTURE_MPLANE
13602.772628,v4l2_dqbuf,5,VIDEO_CAPTURE_MPLANE
13602.772661,v4l2_dqbuf,0,VIDEO_OUTPUT_MPLANE
13602.785919,v4l2_qbuf,0,VIDEO_OUTPUT_MPLANE
13602.785939,v4l2_qbuf,2,VIDEO_CAPTURE_MPLANE
13602.788321,v4l2_dqbuf,2,VIDEO_CAPTURE_MPLANE
13602.788336,v4l2_dqbuf,0,VIDEO_OUTPUT_MPLANE
13602.822478,v4l2_qbuf,0,VIDEO_OUTPUT_MPLANE
13602.822520,v4l2_qbuf,1,VIDEO_CAPTURE_MPLANE
13602.825873,v4l2_dqbuf,1,VIDEO_CAPTURE_MPLANE
13602.825900,v4l2_dqbuf,0,VIDEO_OUTPUT_MPLANE
13602.826037,v4l2_qbuf,0,VIDEO_OUTPUT_MPLANE
13602.826053,v4l2_qbuf,0,VIDEO_CAPTURE_MPLANE
13602.826187,v4l2_qbuf,1,VIDEO_OUTPUT_MPLANE
13602.826195,v4l2_qbuf,4,VIDEO_CAPTURE_MPLANE
13602.829266,v4l2_dqbuf,0,VIDEO_CAPTURE_MPLANE
13602.829416,v4l2_dqbuf,0,VIDEO_OUTPUT_MPLANE
13602.832456,v4l2_dqbuf,4,VIDEO_CAPTURE_MPLANE
13602.832470,v4l2_dqbuf,1,VIDEO_OUTPUT_MPLANE
13602.855069,v4l2_qbuf,0,VIDEO_OUTPUT_MPLANE
13602.855109,v4l2_qbuf,5,VIDEO_CAPTURE_MPLANE
13602.857499,v4l2_dqbuf,5,VIDEO_CAPTURE_MPLANE
13602.857521,v4l2_dqbuf,0,VIDEO_OUTPUT_MPLANE
13602.888403,v4l2_qbuf,0,VIDEO_OUTPUT_MPLANE
13602.888428,v4l2_qbuf,0,VIDEO_CAPTURE_MPLANE
13602.891716,v4l2_dqbuf,0,VIDEO_CAPTURE_MPLANE
13602.891743,v4l2_dqbuf,0,VIDEO_OUTPUT_MPLANE
13602.891866,v4l2_qbuf,0,VIDEO_OUTPUT_MPLANE
13602.891882,v4l2_qbuf,3,VIDEO_CAPTURE_MPLANE
13602.895190,v4l2_dqbuf,3,VIDEO_CAPTURE_MPLANE
13602.895290,v4l2_dqbuf,0,VIDEO_OUTPUT_MPLANE
13602.904847,v4l2_qbuf,0,VIDEO_OUTPUT_MPLANE
13602.904865,v4l2_qbuf,1,VIDEO_CAPTURE_MPLANE
13602.908160,v4l2_dqbuf,1,VIDEO_CAPTURE_MPLANE
13602.908189,v4l2_dqbuf,0,VIDEO_OUTPUT_MPLANE
13602.921806,v4l2_qbuf,0,VIDEO_OUTPUT_MPLANE
13602.921846,v4l2_qbuf,4,VIDEO_CAPTURE_MPLANE
13602.925588,v4l2_dqbuf,4,VIDEO_CAPTURE_MPLANE
13602.925611,v4l2_dqbuf,0,VIDEO_OUTPUT_MPLANE
13602.955469,v4l2_qbuf,0,VIDEO_OUTPUT_MPLANE
13602.955495,v4l2_qbuf,3,VIDEO_CAPTURE_MPLANE
13602.958739,v4l2_dqbuf,3,VIDEO_CAPTURE_MPLANE
13602.958758,v4l2_dqbuf,0,VIDEO_OUTPUT_MPLANE
13602.958865,v4l2_qbuf,0,VIDEO_OUTPUT_MPLANE
13602.958911,v4l2_qbuf,2,VIDEO_CAPTURE_MPLANE
13602.962307,v4l2_dqbuf,2,VIDEO_CAPTURE_MPLANE
13602.962428,v4l2_dqbuf,0,VIDEO_OUTPUT_MPLANE
13602.971429,v4l2_qbuf,0,VIDEO_OUTPUT_MPLANE
13602.971449,v4l2_qbuf,0,VIDEO_CAPTURE_MPLANE
13602.975125,v4l2_dqbuf,0,VIDEO_CAPTURE_MPLANE
13602.975142,v4l2_dqbuf,0,VIDEO_OUTPUT_MPLANE
13602.987984,v4l2_qbuf,0,VIDEO_OUTPUT_MPLANE
13602.988028,v4l2_qbuf,1,VIDEO_CAPTURE_MPLANE
13602.990489,v4l2_dqbuf,1,VIDEO_CAPTURE_MPLANE
13602.990502,v4l2_dqbuf,0,VIDEO_OUTPUT_MPLANE
13603.021753,v4l2_qbuf,0,VIDEO_OUTPUT_MPLANE
13603.021774,v4l2_qbuf,2,VIDEO_CAPTURE_MPLANE
13603.025058,v4l2_dqbuf,2,VIDEO_CAPTURE_MPLANE
13603.025081,v4l2_dqbuf,0,VIDEO_OUTPUT_MPLANE
13603.025196,v4l2_qbuf,0,VIDEO_OUTPUT_MPLANE
13603.025212,v4l2_qbuf,5,VIDEO_CAPTURE_MPLANE
13603.028479,v4l2_dqbuf,5,VIDEO_CAPTURE_MPLANE
13603.028604,v4l2_dqbuf,0,VIDEO_OUTPUT_MPLANE
13603.038236,v4l2_qbuf,0,VIDEO_OUTPUT_MPLANE
13603.038258,v4l2_qbuf,3,VIDEO_CAPTURE_MPLANE
13603.040352,v4l2_dqbuf,3,VIDEO_CAPTURE_MPLANE
13603.040368,v4l2_dqbuf,0,VIDEO_OUTPUT_MPLANE
13603.054853,v4l2_qbuf,0,VIDEO_OUTPUT_MPLANE
13603.054871,v4l2_qbuf,0,VIDEO_CAPTURE_MPLANE
13603.057074,v4l2_dqbuf,0,VIDEO_CAPTURE_MPLANE
13603.057089,v4l2_dqbuf,0,VIDEO_OUTPUT_MPLANE
13603.071392,v4l2_qbuf,0,VIDEO_OUTPUT_MPLANE
13603.071412,v4l2_qbuf,4,VIDEO_CAPTURE_MPLANE
13603.074723,v4l2_dqbuf,4,VIDEO_CAPTURE_MPLANE
13603.074738,v4l2_dqbuf,0,VIDEO_OUTPUT_MPLANE
13603.088295,v4l2_qbuf,0,VIDEO_OUTPUT_MPLANE
13603.088342,v4l2_qbuf,2,VIDEO_CAPTURE_MPLANE
13603.091632,v4l2_dqbuf,2,VIDEO_CAPTURE_MPLANE
13603.091790,v4l2_dqbuf,0,VIDEO_OUTPUT_MPLANE
13603.104907,v4l2_qbuf,0,VIDEO_OUTPUT_MPLANE
13603.104923,v4l2_qbuf,5,VIDEO_CAPTURE_MPLANE
13603.108073,v4l2_dqbuf,5,VIDEO_CAPTURE_MPLANE
13603.108086,v4l2_dqbuf,0,VIDEO_OUTPUT_MPLANE
13603.121560,v4l2_qbuf,0,VIDEO_OUTPUT_MPLANE
13603.121580,v4l2_qbuf,1,VIDEO_CAPTURE_MPLANE
13603.123761,v4l2_dqbuf,1,VIDEO_CAPTURE_MPLANE
13603.123774,v4l2_dqbuf,0,VIDEO_OUTPUT_MPLANE
13603.154718,v4l2_qbuf,0,VIDEO_OUTPUT_MPLANE
13603.154739,v4l2_qbuf,2,VIDEO_CAPTURE_MPLANE
13603.158242,v4l2_dqbuf,2,VIDEO_CAPTURE_MPLANE
13603.158268,v4l2_dqbuf,0,VIDEO_OUTPUT_MPLANE
13603.158390,v4l2_qbuf,0,VIDEO_OUTPUT_MPLANE
13603.158408,v4l2_qbuf,3,VIDEO_CAPTURE_MPLANE
13603.161795,v4l2_dqbuf,3,VIDEO_CAPTURE_MPLANE
13603.161888,v4l2_dqbuf,0,VIDEO_OUTPUT_MPLANE
13603.171320,v4l2_qbuf,0,VIDEO_OUTPUT_MPLANE
13603.171340,v4l2_qbuf,4,VIDEO_CAPTURE_MPLANE
13603.174864,v4l2_dqbuf,4,VIDEO_CAPTURE_MPLANE
13603.174880,v4l2_dqbuf,0,VIDEO_OUTPUT_MPLANE
13603.187829,v4l2_qbuf,0,VIDEO_OUTPUT_MPLANE
13603.187849,v4l2_qbuf,5,VIDEO_CAPTURE_MPLANE
13603.190178,v4l2_dqbuf,5,VIDEO_CAPTURE_MPLANE
13603.190193,v4l2_dqbuf,0,VIDEO_OUTPUT_MPLANE
13603.222100,v4l2_qbuf,0,VIDEO_OUTPUT_MPLANE
13603.222122,v4l2_qbuf,3,VIDEO_CAPTURE_MPLANE
13603.225345,v4l2_dqbuf,3,VIDEO_CAPTURE_MPLANE
13603.225371,v4l2_dqbuf,0,VIDEO_OUTPUT_MPLANE
13603.225491,v4l2_qbuf,0,VIDEO_OUTPUT_MPLANE
13603.225508,v4l2_qbuf,0,VIDEO_CAPTURE_MPLANE
13603.228774,v4l2_dqbuf,0,VIDEO_CAPTURE_MPLANE
13603.228878,v4l2_dqbuf,0,VIDEO_OUTPUT_MPLANE
13603.237977,v4l2_qbuf,0,VIDEO_OUTPUT_MPLANE
13603.238019,v4l2_qbuf,2,VIDEO_CAPTURE_MPLANE
13603.241136,v4l2_dqbuf,2,VIDEO_CAPTURE_MPLANE
13603.241150,v4l2_dqbuf,0,VIDEO_OUTPUT_MPLANE
13603.254808,v4l2_qbuf,0,VIDEO_OUTPUT_MPLANE
13603.254826,v4l2_qbuf,4,VIDEO_CAPTURE_MPLANE
13603.257049,v4l2_dqbuf,4,VIDEO_CAPTURE_MPLANE
13603.257067,v4l2_dqbuf,0,VIDEO_OUTPUT_MPLANE
13603.288177,v4l2_qbuf,0,VIDEO_OUTPUT_MPLANE
13603.288199,v4l2_qbuf,0,VIDEO_CAPTURE_MPLANE
13603.291427,v4l2_dqbuf,0,VIDEO_CAPTURE_MPLANE
13603.291451,v4l2_dqbuf,0,VIDEO_OUTPUT_MPLANE
13603.291566,v4l2_qbuf,0,VIDEO_OUTPUT_MPLANE
13603.291583,v4l2_qbuf,1,VIDEO_CAPTURE_MPLANE
13603.294694,v4l2_dqbuf,1,VIDEO_CAPTURE_MPLANE
13603.294779,v4l2_dqbuf,0,VIDEO_OUTPUT_MPLANE
13603.304702,v4l2_qbuf,0,VIDEO_OUTPUT_MPLANE
13603.304719,v4l2_qbuf,3,VIDEO_CAPTURE_MPLANE
13603.307936,v4l2_dqbuf,3,VIDEO_CAPTURE_MPLANE
13603.307952,v4l2_dqbuf,0,VIDEO_OUTPUT_MPLANE
13603.321234,v4l2_qbuf,0,VIDEO_OUTPUT_MPLANE
13603.321250,v4l2_qbuf,2,VIDEO_CAPTURE_MPLANE
13603.323478,v4l2_dqbuf,2,VIDEO_CAPTURE_MPLANE
13603.323493,v4l2_dqbuf,0,VIDEO_OUTPUT_MPLANE
13603.372085,v4l2_qbuf,0,VIDEO_OUTPUT_MPLANE
13603.372103,v4l2_qbuf,1,VIDEO_CAPTURE_MPLANE
13603.375448,v4l2_dqbuf,1,VIDEO_CAPTURE_MPLANE
13603.375501,v4l2_dqbuf,0,VIDEO_OUTPUT_MPLANE
13603.375706,v4l2_qbuf,0,VIDEO_OUTPUT_MPLANE
13603.375733,v4l2_qbuf,5,VIDEO_CAPTURE_MPLANE
13603.378982,v4l2_dqbuf,5,VIDEO_CAPTURE_MPLANE
13603.379127,v4l2_dqbuf,0,VIDEO_OUTPUT_MPLANE
13603.388488,v4l2_qbuf,0,VIDEO_OUTPUT_MPLANE
13603.388507,v4l2_qbuf,0,VIDEO_CAPTURE_MPLANE
13603.391715,v4l2_dqbuf,0,VIDEO_CAPTURE_MPLANE
13603.391731,v4l2_dqbuf,0,VIDEO_OUTPUT_MPLANE
13603.421929,v4l2_qbuf,0,VIDEO_OUTPUT_MPLANE
13603.421976,v4l2_qbuf,3,VIDEO_CAPTURE_MPLANE
13603.424367,v4l2_dqbuf,3,VIDEO_CAPTURE_MPLANE
13603.424420,v4l2_dqbuf,0,VIDEO_OUTPUT_MPLANE
13603.441975,v4l2_qbuf,0,VIDEO_OUTPUT_MPLANE
13603.441992,v4l2_qbuf,5,VIDEO_CAPTURE_MPLANE
13603.445654,v4l2_dqbuf,5,VIDEO_CAPTURE_MPLANE
13603.445682,v4l2_dqbuf,0,VIDEO_OUTPUT_MPLANE
13603.445806,v4l2_qbuf,0,VIDEO_OUTPUT_MPLANE
13603.445823,v4l2_qbuf,4,VIDEO_CAPTURE_MPLANE
13603.449218,v4l2_dqbuf,4,VIDEO_CAPTURE_MPLANE
13603.449326,v4l2_dqbuf,0,VIDEO_OUTPUT_MPLANE
13603.457516,v4l2_qbuf,0,VIDEO_OUTPUT_MPLANE
13603.457531,v4l2_qbuf,1,VIDEO_CAPTURE_MPLANE
13603.460661,v4l2_dqbuf,1,VIDEO_CAPTURE_MPLANE
13603.460672,v4l2_dqbuf,0,VIDEO_OUTPUT_MPLANE
13603.471344,v4l2_qbuf,0,VIDEO_OUTPUT_MPLANE
13603.471759,v4l2_qbuf,0,VIDEO_CAPTURE_MPLANE
13603.474144,v4l2_dqbuf,0,VIDEO_CAPTURE_MPLANE
13603.474158,v4l2_dqbuf,0,VIDEO_OUTPUT_MPLANE
13603.504739,v4l2_qbuf,0,VIDEO_OUTPUT_MPLANE
13603.504808,v4l2_qbuf,4,VIDEO_CAPTURE_MPLANE
13603.508102,v4l2_dqbuf,4,VIDEO_CAPTURE_MPLANE
13603.508128,v4l2_dqbuf,0,VIDEO_OUTPUT_MPLANE
13603.508255,v4l2_qbuf,0,VIDEO_OUTPUT_MPLANE
13603.508271,v4l2_qbuf,2,VIDEO_CAPTURE_MPLANE
13603.511360,v4l2_dqbuf,2,VIDEO_CAPTURE_MPLANE
13603.511491,v4l2_dqbuf,0,VIDEO_OUTPUT_MPLANE
13603.524993,v4l2_qbuf,0,VIDEO_OUTPUT_MPLANE
13603.525070,v4l2_qbuf,5,VIDEO_CAPTURE_MPLANE
13603.529267,v4l2_dqbuf,5,VIDEO_CAPTURE_MPLANE
13603.529297,v4l2_dqbuf,0,VIDEO_OUTPUT_MPLANE
13603.538119,v4l2_qbuf,0,VIDEO_OUTPUT_MPLANE
13603.538159,v4l2_qbuf,1,VIDEO_CAPTURE_MPLANE
13603.540461,v4l2_dqbuf,1,VIDEO_CAPTURE_MPLANE
13603.540487,v4l2_dqbuf,0,VIDEO_OUTPUT_MPLANE
13603.571470,v4l2_qbuf,0,VIDEO_OUTPUT_MPLANE
13603.571495,v4l2_qbuf,2,VIDEO_CAPTURE_MPLANE
13603.574554,v4l2_dqbuf,2,VIDEO_CAPTURE_MPLANE
13603.574590,v4l2_dqbuf,0,VIDEO_OUTPUT_MPLANE
13603.574769,v4l2_qbuf,0,VIDEO_OUTPUT_MPLANE
13603.574792,v4l2_qbuf,3,VIDEO_CAPTURE_MPLANE
13603.577930,v4l2_dqbuf,3,VIDEO_CAPTURE_MPLANE
13603.578051,v4l2_dqbuf,0,VIDEO_OUTPUT_MPLANE
13603.588369,v4l2_qbuf,0,VIDEO_OUTPUT_MPLANE
13603.588399,v4l2_qbuf,4,VIDEO_CAPTURE_MPLANE
13603.591626,v4l2_dqbuf,4,VIDEO_CAPTURE_MPLANE
13603.591646,v4l2_dqbuf,0,VIDEO_OUTPUT_MPLANE
13603.604910,v4l2_qbuf,0,VIDEO_OUTPUT_MPLANE
13603.604943,v4l2_qbuf,5,VIDEO_CAPTURE_MPLANE
13603.607245,v4l2_dqbuf,5,VIDEO_CAPTURE_MPLANE
13603.607259,v4l2_dqbuf,0,VIDEO_OUTPUT_MPLANE
13603.638326,v4l2_qbuf,0,VIDEO_OUTPUT_MPLANE
13603.638347,v4l2_qbuf,3,VIDEO_CAPTURE_MPLANE
13603.641542,v4l2_dqbuf,3,VIDEO_CAPTURE_MPLANE
13603.641567,v4l2_dqbuf,0,VIDEO_OUTPUT_MPLANE
13603.641690,v4l2_qbuf,0,VIDEO_OUTPUT_MPLANE
13603.641708,v4l2_qbuf,0,VIDEO_CAPTURE_MPLANE
13603.644602,v4l2_dqbuf,0,VIDEO_CAPTURE_MPLANE
13603.644684,v4l2_dqbuf,0,VIDEO_OUTPUT_MPLANE
13603.658736,v4l2_qbuf,0,VIDEO_OUTPUT_MPLANE
13603.658758,v4l2_qbuf,2,VIDEO_CAPTURE_MPLANE
13603.662069,v4l2_dqbuf,2,VIDEO_CAPTURE_MPLANE
13603.662082,v4l2_dqbuf,0,VIDEO_OUTPUT_MPLANE
13603.671533,v4l2_qbuf,0,VIDEO_OUTPUT_MPLANE
13603.671576,v4l2_qbuf,4,VIDEO_CAPTURE_MPLANE
13603.673948,v4l2_dqbuf,4,VIDEO_CAPTURE_MPLANE
13603.673963,v4l2_dqbuf,0,VIDEO_OUTPUT_MPLANE
13603.705065,v4l2_qbuf,0,VIDEO_OUTPUT_MPLANE
13603.705100,v4l2_qbuf,0,VIDEO_CAPTURE_MPLANE
13603.708499,v4l2_dqbuf,0,VIDEO_CAPTURE_MPLANE
13603.708534,v4l2_dqbuf,0,VIDEO_OUTPUT_MPLANE
13603.708691,v4l2_qbuf,0,VIDEO_OUTPUT_MPLANE
13603.708714,v4l2_qbuf,1,VIDEO_CAPTURE_MPLANE
13603.713172,v4l2_dqbuf,1,VIDEO_CAPTURE_MPLANE
13603.713292,v4l2_dqbuf,0,VIDEO_OUTPUT_MPLANE
13603.721247,v4l2_qbuf,0,VIDEO_OUTPUT_MPLANE
13603.721269,v4l2_qbuf,3,VIDEO_CAPTURE_MPLANE
13603.724617,v4l2_dqbuf,3,VIDEO_CAPTURE_MPLANE
13603.724627,v4l2_dqbuf,0,VIDEO_OUTPUT_MPLANE
13603.738148,v4l2_qbuf,0,VIDEO_OUTPUT_MPLANE
13603.738162,v4l2_qbuf,2,VIDEO_CAPTURE_MPLANE
13603.740423,v4l2_dqbuf,2,VIDEO_CAPTURE_MPLANE
13603.740434,v4l2_dqbuf,0,VIDEO_OUTPUT_MPLANE
13603.755098,v4l2_qbuf,0,VIDEO_OUTPUT_MPLANE
13603.755125,v4l2_qbuf,5,VIDEO_CAPTURE_MPLANE
13603.758408,v4l2_dqbuf,5,VIDEO_CAPTURE_MPLANE
13603.758421,v4l2_dqbuf,0,VIDEO_OUTPUT_MPLANE
13603.771472,v4l2_qbuf,0,VIDEO_OUTPUT_MPLANE
13603.771496,v4l2_qbuf,1,VIDEO_CAPTURE_MPLANE
13603.773874,v4l2_dqbuf,1,VIDEO_CAPTURE_MPLANE
13603.773888,v4l2_dqbuf,0,VIDEO_OUTPUT_MPLANE
13603.805028,v4l2_qbuf,0,VIDEO_OUTPUT_MPLANE
13603.805051,v4l2_qbuf,3,VIDEO_CAPTURE_MPLANE
13603.808476,v4l2_dqbuf,3,VIDEO_CAPTURE_MPLANE
13603.808496,v4l2_dqbuf,0,VIDEO_OUTPUT_MPLANE
13603.808595,v4l2_qbuf,0,VIDEO_OUTPUT_MPLANE
13603.808607,v4l2_qbuf,0,VIDEO_CAPTURE_MPLANE
13603.811800,v4l2_dqbuf,0,VIDEO_CAPTURE_MPLANE
13603.811970,v4l2_dqbuf,0,VIDEO_OUTPUT_MPLANE
13603.821755,v4l2_qbuf,0,VIDEO_OUTPUT_MPLANE
13603.821793,v4l2_qbuf,4,VIDEO_CAPTURE_MPLANE
13603.825066,v4l2_dqbuf,4,VIDEO_CAPTURE_MPLANE
13603.825087,v4l2_dqbuf,0,VIDEO_OUTPUT_MPLANE
13603.838097,v4l2_qbuf,0,VIDEO_OUTPUT_MPLANE
13603.838137,v4l2_qbuf,5,VIDEO_CAPTURE_MPLANE
13603.840373,v4l2_dqbuf,5,VIDEO_CAPTURE_MPLANE
13603.840398,v4l2_dqbuf,0,VIDEO_OUTPUT_MPLANE
13603.871642,v4l2_qbuf,0,VIDEO_OUTPUT_MPLANE
13603.871661,v4l2_qbuf,0,VIDEO_CAPTURE_MPLANE
13603.874663,v4l2_dqbuf,0,VIDEO_CAPTURE_MPLANE
13603.874688,v4l2_dqbuf,0,VIDEO_OUTPUT_MPLANE
13603.874813,v4l2_qbuf,0,VIDEO_OUTPUT_MPLANE
13603.874830,v4l2_qbuf,2,VIDEO_CAPTURE_MPLANE
13603.878088,v4l2_dqbuf,2,VIDEO_CAPTURE_MPLANE
13603.878170,v4l2_dqbuf,0,VIDEO_OUTPUT_MPLANE
13603.888423,v4l2_qbuf,0,VIDEO_OUTPUT_MPLANE
13603.888493,v4l2_qbuf,3,VIDEO_CAPTURE_MPLANE
13603.891565,v4l2_dqbuf,3,VIDEO_CAPTURE_MPLANE
13603.891581,v4l2_dqbuf,0,VIDEO_OUTPUT_MPLANE
13603.905190,v4l2_qbuf,0,VIDEO_OUTPUT_MPLANE
13603.905209,v4l2_qbuf,4,VIDEO_CAPTURE_MPLANE
13603.907411,v4l2_dqbuf,4,VIDEO_CAPTURE_MPLANE
13603.907426,v4l2_dqbuf,0,VIDEO_OUTPUT_MPLANE
13603.938081,v4l2_qbuf,0,VIDEO_OUTPUT_MPLANE
13603.938118,v4l2_qbuf,2,VIDEO_CAPTURE_MPLANE
13603.941326,v4l2_dqbuf,2,VIDEO_CAPTURE_MPLANE
13603.941350,v4l2_dqbuf,0,VIDEO_OUTPUT_MPLANE
13603.941470,v4l2_qbuf,0,VIDEO_OUTPUT_MPLANE
13603.941487,v4l2_qbuf,1,VIDEO_CAPTURE_MPLANE
13603.944628,v4l2_dqbuf,1,VIDEO_CAPTURE_MPLANE
13603.944738,v4l2_dqbuf,0,VIDEO_OUTPUT_MPLANE
13603.954652,v4l2_qbuf,0,VIDEO_OUTPUT_MPLANE
13603.954666,v4l2_qbuf,0,VIDEO_CAPTURE_MPLANE
13603.958050,v4l2_dqbuf,0,VIDEO_CAPTURE_MPLANE
13603.958065,v4l2_dqbuf,0,VIDEO_OUTPUT_MPLANE
13603.971272,v4l2_qbuf,0,VIDEO_OUTPUT_MPLANE
13603.971291,v4l2_qbuf,3,VIDEO_CAPTURE_MPLANE
13603.973461,v4l2_dqbuf,3,VIDEO_CAPTURE_MPLANE
13603.973475,v4l2_dqbuf,0,VIDEO_OUTPUT_MPLANE
13604.004752,v4l2_qbuf,0,VIDEO_OUTPUT_MPLANE
13604.004786,v4l2_qbuf,1,VIDEO_CAPTURE_MPLANE
13604.007978,v4l2_dqbuf,1,VIDEO_CAPTURE_MPLANE
13604.008000,v4l2_dqbuf,0,VIDEO_OUTPUT_MPLANE
13604.008125,v4l2_qbuf,0,VIDEO_OUTPUT_MPLANE
13604.008142,v4l2_qbuf,5,VIDEO_CAPTURE_MPLANE
13604.011255,v4l2_dqbuf,5,VIDEO_CAPTURE_MPLANE
13604.011340,v4l2_dqbuf,0,VIDEO_OUTPUT_MPLANE
13604.021529,v4l2_qbuf,0,VIDEO_OUTPUT_MPLANE
13604.021543,v4l2_qbuf,2,VIDEO_CAPTURE_MPLANE
13604.024642,v4l2_dqbuf,2,VIDEO_CAPTURE_MPLANE
13604.024654,v4l2_dqbuf,0,VIDEO_OUTPUT_MPLANE
13604.037889,v4l2_qbuf,0,VIDEO_OUTPUT_MPLANE
13604.037906,v4l2_qbuf,0,VIDEO_CAPTURE_MPLANE
13604.040072,v4l2_dqbuf,0,VIDEO_CAPTURE_MPLANE
13604.040128,v4l2_dqbuf,0,VIDEO_OUTPUT_MPLANE
13604.054679,v4l2_qbuf,0,VIDEO_OUTPUT_MPLANE
13604.054698,v4l2_qbuf,4,VIDEO_CAPTURE_MPLANE
13604.056569,v4l2_dqbuf,4,VIDEO_CAPTURE_MPLANE
13604.056589,v4l2_dqbuf,0,VIDEO_OUTPUT_MPLANE
13604.071911,v4l2_qbuf,0,VIDEO_OUTPUT_MPLANE
13604.071960,v4l2_qbuf,5,VIDEO_CAPTURE_MPLANE
13604.074252,v4l2_dqbuf,5,VIDEO_CAPTURE_MPLANE
13604.074277,v4l2_dqbuf,0,VIDEO_OUTPUT_MPLANE
13604.088411,v4l2_qbuf,0,VIDEO_OUTPUT_MPLANE
13604.088433,v4l2_qbuf,1,VIDEO_CAPTURE_MPLANE
13604.091724,v4l2_dqbuf,1,VIDEO_CAPTURE_MPLANE
13604.091738,v4l2_dqbuf,0,VIDEO_OUTPUT_MPLANE
13604.104766,v4l2_qbuf,0,VIDEO_OUTPUT_MPLANE
13604.104786,v4l2_qbuf,2,VIDEO_CAPTURE_MPLANE
13604.108289,v4l2_dqbuf,2,VIDEO_CAPTURE_MPLANE
13604.108562,v4l2_dqbuf,0,VIDEO_OUTPUT_MPLANE
13604.121447,v4l2_qbuf,0,VIDEO_OUTPUT_MPLANE
13604.121468,v4l2_qbuf,3,VIDEO_CAPTURE_MPLANE
13604.124646,v4l2_dqbuf,3,VIDEO_CAPTURE_MPLANE
13604.124658,v4l2_dqbuf,0,VIDEO_OUTPUT_MPLANE
13604.138340,v4l2_qbuf,0,VIDEO_OUTPUT_MPLANE
13604.138370,v4l2_qbuf,0,VIDEO_CAPTURE_MPLANE
13604.140576,v4l2_dqbuf,0,VIDEO_CAPTURE_MPLANE
13604.140595,v4l2_dqbuf,0,VIDEO_OUTPUT_MPLANE
13604.171309,v4l2_qbuf,0,VIDEO_OUTPUT_MPLANE
13604.171324,v4l2_qbuf,2,VIDEO_CAPTURE_MPLANE
13604.174554,v4l2_dqbuf,2,VIDEO_CAPTURE_MPLANE
13604.174575,v4l2_dqbuf,0,VIDEO_OUTPUT_MPLANE
13604.174684,v4l2_qbuf,0,VIDEO_OUTPUT_MPLANE
13604.174698,v4l2_qbuf,4,VIDEO_CAPTURE_MPLANE
13604.177921,v4l2_dqbuf,4,VIDEO_CAPTURE_MPLANE
13604.178009,v4l2_dqbuf,0,VIDEO_OUTPUT_MPLANE
13604.189901,v4l2_qbuf,0,VIDEO_OUTPUT_MPLANE
13604.189929,v4l2_qbuf,1,VIDEO_CAPTURE_MPLANE
13604.193110,v4l2_dqbuf,1,VIDEO_CAPTURE_MPLANE
13604.193119,v4l2_dqbuf,0,VIDEO_OUTPUT_MPLANE
13604.204724,v4l2_qbuf,0,VIDEO_OUTPUT_MPLANE
13604.204741,v4l2_qbuf,3,VIDEO_CAPTURE_MPLANE
13604.206916,v4l2_dqbuf,3,VIDEO_CAPTURE_MPLANE
13604.206930,v4l2_dqbuf,0,VIDEO_OUTPUT_MPLANE
13604.237961,v4l2_qbuf,0,VIDEO_OUTPUT_MPLANE
13604.237994,v4l2_qbuf,4,VIDEO_CAPTURE_MPLANE
13604.241090,v4l2_dqbuf,4,VIDEO_CAPTURE_MPLANE
13604.241106,v4l2_dqbuf,0,VIDEO_OUTPUT_MPLANE
13604.241197,v4l2_qbuf,0,VIDEO_OUTPUT_MPLANE
13604.241209,v4l2_qbuf,5,VIDEO_CAPTURE_MPLANE
13604.245150,v4l2_dqbuf,5,VIDEO_CAPTURE_MPLANE
13604.245286,v4l2_dqbuf,0,VIDEO_OUTPUT_MPLANE
13604.254619,v4l2_qbuf,0,VIDEO_OUTPUT_MPLANE
13604.254649,v4l2_qbuf,2,VIDEO_CAPTURE_MPLANE
13604.257817,v4l2_dqbuf,2,VIDEO_CAPTURE_MPLANE
13604.257828,v4l2_dqbuf,0,VIDEO_OUTPUT_MPLANE
13604.272199,v4l2_qbuf,0,VIDEO_OUTPUT_MPLANE
13604.272215,v4l2_qbuf,1,VIDEO_CAPTURE_MPLANE
13604.274465,v4l2_dqbuf,1,VIDEO_CAPTURE_MPLANE
13604.274477,v4l2_dqbuf,0,VIDEO_OUTPUT_MPLANE
13604.304555,v4l2_qbuf,0,VIDEO_OUTPUT_MPLANE
13604.304574,v4l2_qbuf,5,VIDEO_CAPTURE_MPLANE
13604.307674,v4l2_dqbuf,5,VIDEO_CAPTURE_MPLANE
13604.307694,v4l2_dqbuf,0,VIDEO_OUTPUT_MPLANE
13604.307797,v4l2_qbuf,0,VIDEO_OUTPUT_MPLANE
13604.307808,v4l2_qbuf,0,VIDEO_CAPTURE_MPLANE
13604.310927,v4l2_dqbuf,0,VIDEO_CAPTURE_MPLANE
13604.310999,v4l2_dqbuf,0,VIDEO_OUTPUT_MPLANE
13604.326143,v4l2_qbuf,0,VIDEO_OUTPUT_MPLANE
13604.326163,v4l2_qbuf,4,VIDEO_CAPTURE_MPLANE
13604.329340,v4l2_dqbuf,4,VIDEO_CAPTURE_MPLANE
13604.329355,v4l2_dqbuf,0,VIDEO_OUTPUT_MPLANE
13604.338449,v4l2_qbuf,0,VIDEO_OUTPUT_MPLANE
13604.338468,v4l2_qbuf,2,VIDEO_CAPTURE_MPLANE
13604.340737,v4l2_dqbuf,2,VIDEO_CAPTURE_MPLANE
13604.340752,v4l2_dqbuf,0,VIDEO_OUTPUT_MPLANE
13604.355075,v4l2_qbuf,0,VIDEO_OUTPUT_MPLANE
13604.355094,v4l2_qbuf,3,VIDEO_CAPTURE_MPLANE
13604.358340,v4l2_dqbuf,3,VIDEO_CAPTURE_MPLANE
13604.358350,v4l2_dqbuf,0,VIDEO_OUTPUT_MPLANE
13604.371508,v4l2_qbuf,0,VIDEO_OUTPUT_MPLANE
13604.371524,v4l2_qbuf,0,VIDEO_CAPTURE_MPLANE
13604.373695,v4l2_dqbuf,0,VIDEO_CAPTURE_MPLANE
13604.373707,v4l2_dqbuf,0,VIDEO_OUTPUT_MPLANE
13604.404710,v4l2_qbuf,0,VIDEO_OUTPUT_MPLANE
13604.404730,v4l2_qbuf,4,VIDEO_CAPTURE_MPLANE
13604.407817,v4l2_dqbuf,4,VIDEO_CAPTURE_MPLANE
13604.407834,v4l2_dqbuf,0,VIDEO_OUTPUT_MPLANE
13604.407928,v4l2_qbuf,0,VIDEO_OUTPUT_MPLANE
13604.407941,v4l2_qbuf,5,VIDEO_CAPTURE_MPLANE
13604.411173,v4l2_dqbuf,5,VIDEO_CAPTURE_MPLANE
13604.411288,v4l2_dqbuf,0,VIDEO_OUTPUT_MPLANE
13604.425179,v4l2_qbuf,0,VIDEO_OUTPUT_MPLANE
13604.425207,v4l2_qbuf,1,VIDEO_CAPTURE_MPLANE
13604.428398,v4l2_dqbuf,1,VIDEO_CAPTURE_MPLANE
13604.428411,v4l2_dqbuf,0,VIDEO_OUTPUT_MPLANE
13604.437916,v4l2_qbuf,0,VIDEO_OUTPUT_MPLANE
13604.437945,v4l2_qbuf,3,VIDEO_CAPTURE_MPLANE
13604.440261,v4l2_dqbuf,3,VIDEO_CAPTURE_MPLANE
13604.440284,v4l2_dqbuf,0,VIDEO_OUTPUT_MPLANE
13604.471372,v4l2_qbuf,0,VIDEO_OUTPUT_MPLANE
13604.471391,v4l2_qbuf,5,VIDEO_CAPTURE_MPLANE
13604.474620,v4l2_dqbuf,5,VIDEO_CAPTURE_MPLANE
13604.474655,v4l2_dqbuf,0,VIDEO_OUTPUT_MPLANE
13604.474833,v4l2_qbuf,0,VIDEO_OUTPUT_MPLANE
13604.474862,v4l2_qbuf,2,VIDEO_CAPTURE_MPLANE
13604.477898,v4l2_dqbuf,2,VIDEO_CAPTURE_MPLANE
13604.477917,v4l2_dqbuf,0,VIDEO_OUTPUT_MPLANE
13604.487980,v4l2_qbuf,0,VIDEO_OUTPUT_MPLANE
13604.487995,v4l2_qbuf,4,VIDEO_CAPTURE_MPLANE
13604.490263,v4l2_dqbuf,4,VIDEO_CAPTURE_MPLANE
13604.490285,v4l2_dqbuf,0,VIDEO_OUTPUT_MPLANE
13604.504833,v4l2_qbuf,0,VIDEO_OUTPUT_MPLANE
13604.504861,v4l2_qbuf,1,VIDEO_CAPTURE_MPLANE
13604.508023,v4l2_dqbuf,1,VIDEO_CAPTURE_MPLANE
13604.508043,v4l2_dqbuf,0,VIDEO_OUTPUT_MPLANE
13604.521524,v4l2_qbuf,0,VIDEO_OUTPUT_MPLANE
13604.521556,v4l2_qbuf,0,VIDEO_CAPTURE_MPLANE
13604.524614,v4l2_dqbuf,0,VIDEO_CAPTURE_MPLANE
13604.524688,v4l2_dqbuf,0,VIDEO_OUTPUT_MPLANE
13604.539555,v4l2_qbuf,0,VIDEO_OUTPUT_MPLANE
13604.539576,v4l2_qbuf,5,VIDEO_CAPTURE_MPLANE
13604.542951,v4l2_dqbuf,5,VIDEO_CAPTURE_MPLANE
13604.542982,v4l2_dqbuf,0,VIDEO_OUTPUT_MPLANE
13604.554729,v4l2_qbuf,0,VIDEO_OUTPUT_MPLANE
13604.554807,v4l2_qbuf,2,VIDEO_CAPTURE_MPLANE
13604.556939,v4l2_dqbuf,2,VIDEO_CAPTURE_MPLANE
13604.556967,v4l2_dqbuf,0,VIDEO_OUTPUT_MPLANE
13604.587929,v4l2_qbuf,0,VIDEO_OUTPUT_MPLANE
13604.587949,v4l2_qbuf,0,VIDEO_CAPTURE_MPLANE
13604.591252,v4l2_dqbuf,0,VIDEO_CAPTURE_MPLANE
13604.591295,v4l2_dqbuf,0,VIDEO_OUTPUT_MPLANE
13604.591503,v4l2_qbuf,0,VIDEO_OUTPUT_MPLANE
13604.591527,v4l2_qbuf,3,VIDEO_CAPTURE_MPLANE
13604.594654,v4l2_dqbuf,3,VIDEO_CAPTURE_MPLANE
13604.594677,v4l2_dqbuf,0,VIDEO_OUTPUT_MPLANE
13604.604672,v4l2_qbuf,0,VIDEO_OUTPUT_MPLANE
13604.604715,v4l2_qbuf,1,VIDEO_CAPTURE_MPLANE
13604.607061,v4l2_dqbuf,1,VIDEO_CAPTURE_MPLANE
13604.607076,v4l2_dqbuf,0,VIDEO_OUTPUT_MPLANE
13604.623493,v4l2_qbuf,0,VIDEO_OUTPUT_MPLANE
13604.623508,v4l2_qbuf,5,VIDEO_CAPTURE_MPLANE
13604.628631,v4l2_dqbuf,5,VIDEO_CAPTURE_MPLANE
13604.628669,v4l2_dqbuf,0,VIDEO_OUTPUT_MPLANE
13604.640309,v4l2_qbuf,0,VIDEO_OUTPUT_MPLANE
13604.640332,v4l2_qbuf,4,VIDEO_CAPTURE_MPLANE
13604.643344,v4l2_dqbuf,4,VIDEO_CAPTURE_MPLANE
13604.643466,v4l2_dqbuf,0,VIDEO_OUTPUT_MPLANE
13604.656745,v4l2_qbuf,0,VIDEO_OUTPUT_MPLANE
13604.656761,v4l2_qbuf,0,VIDEO_CAPTURE_MPLANE
13604.659850,v4l2_dqbuf,0,VIDEO_CAPTURE_MPLANE
13604.659861,v4l2_dqbuf,0,VIDEO_OUTPUT_MPLANE
13604.673453,v4l2_qbuf,0,VIDEO_OUTPUT_MPLANE
13604.673482,v4l2_qbuf,3,VIDEO_CAPTURE_MPLANE
13604.675634,v4l2_dqbuf,3,VIDEO_CAPTURE_MPLANE
13604.675654,v4l2_dqbuf,0,VIDEO_OUTPUT_MPLANE
13604.707134,v4l2_qbuf,0,VIDEO_OUTPUT_MPLANE
13604.707149,v4l2_qbuf,4,VIDEO_CAPTURE_MPLANE
13604.713105,v4l2_dqbuf,4,VIDEO_CAPTURE_MPLANE
13604.713162,v4l2_dqbuf,0,VIDEO_OUTPUT_MPLANE
13604.713391,v4l2_qbuf,0,VIDEO_OUTPUT_MPLANE
13604.713440,v4l2_qbuf,2,VIDEO_CAPTURE_MPLANE
13604.716789,v4l2_dqbuf,2,VIDEO_CAPTURE_MPLANE
13604.716946,v4l2_dqbuf,0,VIDEO_OUTPUT_MPLANE
13604.723367,v4l2_qbuf,0,VIDEO_OUTPUT_MPLANE
13604.723395,v4l2_qbuf,5,VIDEO_CAPTURE_MPLANE
13604.726624,v4l2_dqbuf,5,VIDEO_CAPTURE_MPLANE
13604.726643,v4l2_dqbuf,0,VIDEO_OUTPUT_MPLANE
13604.740442,v4l2_qbuf,0,VIDEO_OUTPUT_MPLANE
13604.740461,v4l2_qbuf,0,VIDEO_CAPTURE_MPLANE
13604.742572,v4l2_dqbuf,0,VIDEO_CAPTURE_MPLANE
13604.742584,v4l2_dqbuf,0,VIDEO_OUTPUT_MPLANE
13604.773886,v4l2_qbuf,0,VIDEO_OUTPUT_MPLANE
13604.773960,v4l2_qbuf,2,VIDEO_CAPTURE_MPLANE
13604.777036,v4l2_dqbuf,2,VIDEO_CAPTURE_MPLANE
13604.777063,v4l2_dqbuf,0,VIDEO_OUTPUT_MPLANE
13604.777182,v4l2_qbuf,0,VIDEO_OUTPUT_MPLANE
13604.777201,v4l2_qbuf,1,VIDEO_CAPTURE_MPLANE
13604.780396,v4l2_dqbuf,1,VIDEO_CAPTURE_MPLANE
13604.780417,v4l2_dqbuf,0,VIDEO_OUTPUT_MPLANE
13604.790246,v4l2_qbuf,0,VIDEO_OUTPUT_MPLANE
13604.790266,v4l2_qbuf,4,VIDEO_CAPTURE_MPLANE
13604.792509,v4l2_dqbuf,4,VIDEO_CAPTURE_MPLANE
13604.792523,v4l2_dqbuf,0,VIDEO_OUTPUT_MPLANE
13604.807149,v4l2_qbuf,0,VIDEO_OUTPUT_MPLANE
13604.807176,v4l2_qbuf,5,VIDEO_CAPTURE_MPLANE
13604.810291,v4l2_dqbuf,5,VIDEO_CAPTURE_MPLANE
13604.810314,v4l2_dqbuf,0,VIDEO_OUTPUT_MPLANE
13604.823804,v4l2_qbuf,0,VIDEO_OUTPUT_MPLANE
13604.823823,v4l2_qbuf,3,VIDEO_CAPTURE_MPLANE
13604.826957,v4l2_dqbuf,3,VIDEO_CAPTURE_MPLANE
13604.827050,v4l2_dqbuf,0,VIDEO_OUTPUT_MPLANE
13604.839980,v4l2_qbuf,0,VIDEO_OUTPUT_MPLANE
13604.839999,v4l2_qbuf,2,VIDEO_CAPTURE_MPLANE
13604.843174,v4l2_dqbuf,2,VIDEO_CAPTURE_MPLANE
13604.843194,v4l2_dqbuf,0,VIDEO_OUTPUT_MPLANE
13604.856840,v4l2_qbuf,0,VIDEO_OUTPUT_MPLANE
13604.856869,v4l2_qbuf,1,VIDEO_CAPTURE_MPLANE
13604.858992,v4l2_dqbuf,1,VIDEO_CAPTURE_MPLANE
13604.859065,v4l2_dqbuf,0,VIDEO_OUTPUT_MPLANE
13604.890316,v4l2_qbuf,0,VIDEO_OUTPUT_MPLANE
13604.890388,v4l2_qbuf,3,VIDEO_CAPTURE_MPLANE
13604.893620,v4l2_dqbuf,3,VIDEO_CAPTURE_MPLANE
13604.893641,v4l2_dqbuf,0,VIDEO_OUTPUT_MPLANE
13604.893747,v4l2_qbuf,0,VIDEO_OUTPUT_MPLANE
13604.893760,v4l2_qbuf,0,VIDEO_CAPTURE_MPLANE
13604.896970,v4l2_dqbuf,0,VIDEO_CAPTURE_MPLANE
13604.897114,v4l2_dqbuf,0,VIDEO_OUTPUT_MPLANE
13604.908310,v4l2_qbuf,0,VIDEO_OUTPUT_MPLANE
13604.908330,v4l2_qbuf,5,VIDEO_CAPTURE_MPLANE
13604.911224,v4l2_dqbuf,5,VIDEO_CAPTURE_MPLANE
13604.911238,v4l2_dqbuf,0,VIDEO_OUTPUT_MPLANE
13604.923247,v4l2_qbuf,0,VIDEO_OUTPUT_MPLANE
13604.923260,v4l2_qbuf,2,VIDEO_CAPTURE_MPLANE
13604.926661,v4l2_dqbuf,2,VIDEO_CAPTURE_MPLANE
13604.926680,v4l2_dqbuf,0,VIDEO_OUTPUT_MPLANE
13604.957577,v4l2_qbuf,0,VIDEO_OUTPUT_MPLANE
13604.957591,v4l2_qbuf,0,VIDEO_CAPTURE_MPLANE
13604.960874,v4l2_dqbuf,0,VIDEO_CAPTURE_MPLANE
13604.960923,v4l2_dqbuf,0,VIDEO_OUTPUT_MPLANE
13604.961176,v4l2_qbuf,0,VIDEO_OUTPUT_MPLANE
13604.961207,v4l2_qbuf,4,VIDEO_CAPTURE_MPLANE
13604.967103,v4l2_dqbuf,4,VIDEO_CAPTURE_MPLANE
13604.967286,v4l2_dqbuf,0,VIDEO_OUTPUT_MPLANE
13604.973479,v4l2_qbuf,0,VIDEO_OUTPUT_MPLANE
13604.973498,v4l2_qbuf,3,VIDEO_CAPTURE_MPLANE
13604.976644,v4l2_dqbuf,3,VIDEO_CAPTURE_MPLANE
13604.976667,v4l2_dqbuf,0,VIDEO_OUTPUT_MPLANE
13604.990136,v4l2_qbuf,0,VIDEO_OUTPUT_MPLANE
13604.990163,v4l2_qbuf,5,VIDEO_CAPTURE_MPLANE
13604.992263,v4l2_dqbuf,5,VIDEO_CAPTURE_MPLANE
13604.992273,v4l2_dqbuf,0,VIDEO_OUTPUT_MPLANE
13605.024141,v4l2_qbuf,0,VIDEO_OUTPUT_MPLANE
13605.024182,v4l2_qbuf,4,VIDEO_CAPTURE_MPLANE
13605.027521,v4l2_dqbuf,4,VIDEO_CAPTURE_MPLANE
13605.027572,v4l2_dqbuf,0,VIDEO_OUTPUT_MPLANE
13605.027809,v4l2_qbuf,0,VIDEO_OUTPUT_MPLANE
13605.027839,v4l2_qbuf,1,VIDEO_CAPTURE_MPLANE
13605.031067,v4l2_dqbuf,1,VIDEO_CAPTURE_MPLANE
13605.031081,v4l2_dqbuf,0,VIDEO_OUTPUT_MPLANE
13605.040198,v4l2_qbuf,0,VIDEO_OUTPUT_MPLANE
13605.040227,v4l2_qbuf,0,VIDEO_CAPTURE_MPLANE
13605.042491,v4l2_dqbuf,0,VIDEO_CAPTURE_MPLANE
13605.042554,v4l2_dqbuf,0,VIDEO_OUTPUT_MPLANE
13605.057334,v4l2_qbuf,0,VIDEO_OUTPUT_MPLANE
13605.057368,v4l2_qbuf,3,VIDEO_CAPTURE_MPLANE
13605.059331,v4l2_dqbuf,3,VIDEO_CAPTURE_MPLANE
13605.059349,v4l2_dqbuf,0,VIDEO_OUTPUT_MPLANE
13605.073625,v4l2_qbuf,0,VIDEO_OUTPUT_MPLANE
13605.073642,v4l2_qbuf,2,VIDEO_CAPTURE_MPLANE
13605.075822,v4l2_dqbuf,2,VIDEO_CAPTURE_MPLANE
13605.075836,v4l2_dqbuf,0,VIDEO_OUTPUT_MPLANE
13605.090541,v4l2_qbuf,0,VIDEO_OUTPUT_MPLANE
13605.090560,v4l2_qbuf,4,VIDEO_CAPTURE_MPLANE
13605.093568,v4l2_dqbuf,4,VIDEO_CAPTURE_MPLANE
13605.093582,v4l2_dqbuf,0,VIDEO_OUTPUT_MPLANE
13605.106971,v4l2_qbuf,0,VIDEO_OUTPUT_MPLANE
13605.106991,v4l2_qbuf,1,VIDEO_CAPTURE_MPLANE
13605.110397,v4l2_dqbuf,1,VIDEO_CAPTURE_MPLANE
13605.110412,v4l2_dqbuf,0,VIDEO_OUTPUT_MPLANE
13605.123602,v4l2_qbuf,0,VIDEO_OUTPUT_MPLANE
13605.123623,v4l2_qbuf,5,VIDEO_CAPTURE_MPLANE
13605.125895,v4l2_dqbuf,5,VIDEO_CAPTURE_MPLANE
13605.125906,v4l2_dqbuf,0,VIDEO_OUTPUT_MPLANE
13605.140536,v4l2_qbuf,0,VIDEO_OUTPUT_MPLANE
13605.140556,v4l2_qbuf,0,VIDEO_CAPTURE_MPLANE
13605.143721,v4l2_dqbuf,0,VIDEO_CAPTURE_MPLANE
13605.143733,v4l2_dqbuf,0,VIDEO_OUTPUT_MPLANE
13605.156924,v4l2_qbuf,0,VIDEO_OUTPUT_MPLANE
13605.156940,v4l2_qbuf,3,VIDEO_CAPTURE_MPLANE
13605.159335,v4l2_dqbuf,3,VIDEO_CAPTURE_MPLANE
13605.159357,v4l2_dqbuf,0,VIDEO_OUTPUT_MPLANE
13605.190439,v4l2_qbuf,0,VIDEO_OUTPUT_MPLANE
13605.190460,v4l2_qbuf,1,VIDEO_CAPTURE_MPLANE
13605.193674,v4l2_dqbuf,1,VIDEO_CAPTURE_MPLANE
13605.193695,v4l2_dqbuf,0,VIDEO_OUTPUT_MPLANE
13605.193808,v4l2_qbuf,0,VIDEO_OUTPUT_MPLANE
13605.193823,v4l2_qbuf,4,VIDEO_CAPTURE_MPLANE
13605.196978,v4l2_dqbuf,4,VIDEO_CAPTURE_MPLANE
13605.197072,v4l2_dqbuf,0,VIDEO_OUTPUT_MPLANE
13605.206884,v4l2_qbuf,0,VIDEO_OUTPUT_MPLANE
13605.206911,v4l2_qbuf,2,VIDEO_CAPTURE_MPLANE
13605.210089,v4l2_dqbuf,2,VIDEO_CAPTURE_MPLANE
13605.210106,v4l2_dqbuf,0,VIDEO_OUTPUT_MPLANE
13605.223470,v4l2_qbuf,0,VIDEO_OUTPUT_MPLANE
13605.223490,v4l2_qbuf,0,VIDEO_CAPTURE_MPLANE
13605.225669,v4l2_dqbuf,0,VIDEO_CAPTURE_MPLANE
13605.225681,v4l2_dqbuf,0,VIDEO_OUTPUT_MPLANE
13605.273779,v4l2_qbuf,0,VIDEO_OUTPUT_MPLANE
13605.273801,v4l2_qbuf,4,VIDEO_CAPTURE_MPLANE
13605.277062,v4l2_dqbuf,4,VIDEO_CAPTURE_MPLANE
13605.277088,v4l2_dqbuf,0,VIDEO_OUTPUT_MPLANE
13605.277365,v4l2_qbuf,0,VIDEO_OUTPUT_MPLANE
13605.277385,v4l2_qbuf,5,VIDEO_CAPTURE_MPLANE
13605.280638,v4l2_dqbuf,5,VIDEO_CAPTURE_MPLANE
13605.280731,v4l2_dqbuf,0,VIDEO_OUTPUT_MPLANE
13605.290263,v4l2_qbuf,0,VIDEO_OUTPUT_MPLANE
13605.290277,v4l2_qbuf,1,VIDEO_CAPTURE_MPLANE
13605.293383,v4l2_dqbuf,1,VIDEO_CAPTURE_MPLANE
13605.293494,v4l2_dqbuf,0,VIDEO_OUTPUT_MPLANE
13605.306845,v4l2_qbuf,0,VIDEO_OUTPUT_MPLANE
13605.306871,v4l2_qbuf,2,VIDEO_CAPTURE_MPLANE
13605.309150,v4l2_dqbuf,2,VIDEO_CAPTURE_MPLANE
13605.309163,v4l2_dqbuf,0,VIDEO_OUTPUT_MPLANE
13605.340779,v4l2_qbuf,0,VIDEO_OUTPUT_MPLANE
13605.340842,v4l2_qbuf,5,VIDEO_CAPTURE_MPLANE
13605.344239,v4l2_dqbuf,5,VIDEO_CAPTURE_MPLANE
13605.344281,v4l2_dqbuf,0,VIDEO_OUTPUT_MPLANE
13605.344473,v4l2_qbuf,0,VIDEO_OUTPUT_MPLANE
13605.344500,v4l2_qbuf,3,VIDEO_CAPTURE_MPLANE
13605.347873,v4l2_dqbuf,3,VIDEO_CAPTURE_MPLANE
13605.348535,v4l2_dqbuf,0,VIDEO_OUTPUT_MPLANE
13605.362428,v4l2_qbuf,0,VIDEO_OUTPUT_MPLANE
13605.362469,v4l2_qbuf,4,VIDEO_CAPTURE_MPLANE
13605.365984,v4l2_dqbuf,4,VIDEO_CAPTURE_MPLANE
13605.365999,v4l2_dqbuf,0,VIDEO_OUTPUT_MPLANE
13605.373654,v4l2_qbuf,0,VIDEO_OUTPUT_MPLANE
13605.373685,v4l2_qbuf,1,VIDEO_CAPTURE_MPLANE
13605.375844,v4l2_dqbuf,1,VIDEO_CAPTURE_MPLANE
13605.375865,v4l2_dqbuf,0,VIDEO_OUTPUT_MPLANE
13605.406814,v4l2_qbuf,0,VIDEO_OUTPUT_MPLANE
13605.406829,v4l2_qbuf,3,VIDEO_CAPTURE_MPLANE
13605.409925,v4l2_dqbuf,3,VIDEO_CAPTURE_MPLANE
13605.409961,v4l2_dqbuf,0,VIDEO_OUTPUT_MPLANE
13605.410154,v4l2_qbuf,0,VIDEO_OUTPUT_MPLANE
13605.410178,v4l2_qbuf,0,VIDEO_CAPTURE_MPLANE
13605.413197,v4l2_dqbuf,0,VIDEO_CAPTURE_MPLANE
13605.413317,v4l2_dqbuf,0,VIDEO_OUTPUT_MPLANE
13605.429812,v4l2_qbuf,0,VIDEO_OUTPUT_MPLANE
13605.429839,v4l2_qbuf,5,VIDEO_CAPTURE_MPLANE
13605.434051,v4l2_dqbuf,5,VIDEO_CAPTURE_MPLANE
13605.434067,v4l2_dqbuf,0,VIDEO_OUTPUT_MPLANE
13605.440398,v4l2_qbuf,0,VIDEO_OUTPUT_MPLANE
13605.440432,v4l2_qbuf,4,VIDEO_CAPTURE_MPLANE
13605.442657,v4l2_dqbuf,4,VIDEO_CAPTURE_MPLANE
13605.442680,v4l2_dqbuf,0,VIDEO_OUTPUT_MPLANE
13605.473355,v4l2_qbuf,0,VIDEO_OUTPUT_MPLANE
13605.473371,v4l2_qbuf,0,VIDEO_CAPTURE_MPLANE
13605.476659,v4l2_dqbuf,0,VIDEO_CAPTURE_MPLANE
13605.476683,v4l2_dqbuf,0,VIDEO_OUTPUT_MPLANE
13605.476801,v4l2_qbuf,0,VIDEO_OUTPUT_MPLANE
13605.476818,v4l2_qbuf,2,VIDEO_CAPTURE_MPLANE
13605.480227,v4l2_dqbuf,2,VIDEO_CAPTURE_MPLANE
13605.480342,v4l2_dqbuf,0,VIDEO_OUTPUT_MPLANE
13605.490317,v4l2_qbuf,0,VIDEO_OUTPUT_MPLANE
13605.490345,v4l2_qbuf,3,VIDEO_CAPTURE_MPLANE
13605.493894,v4l2_dqbuf,3,VIDEO_CAPTURE_MPLANE
13605.493922,v4l2_dqbuf,0,VIDEO_OUTPUT_MPLANE
13605.523549,v4l2_qbuf,0,VIDEO_OUTPUT_MPLANE
13605.523565,v4l2_qbuf,5,VIDEO_CAPTURE_MPLANE
13605.525670,v4l2_dqbuf,5,VIDEO_CAPTURE_MPLANE
13605.525681,v4l2_dqbuf,0,VIDEO_OUTPUT_MPLANE
13605.540449,v4l2_qbuf,0,VIDEO_OUTPUT_MPLANE
13605.540467,v4l2_qbuf,2,VIDEO_CAPTURE_MPLANE
13605.543836,v4l2_dqbuf,2,VIDEO_CAPTURE_MPLANE
13605.543859,v4l2_dqbuf,0,VIDEO_OUTPUT_MPLANE
13605.543977,v4l2_qbuf,0,VIDEO_OUTPUT_MPLANE
13605.543993,v4l2_qbuf,1,VIDEO_CAPTURE_MPLANE
13605.547211,v4l2_dqbuf,1,VIDEO_CAPTURE_MPLANE
13605.547313,v4l2_dqbuf,0,VIDEO_OUTPUT_MPLANE
13605.556969,v4l2_qbuf,0,VIDEO_OUTPUT_MPLANE
13605.556997,v4l2_qbuf,0,VIDEO_CAPTURE_MPLANE
13605.560268,v4l2_dqbuf,0,VIDEO_CAPTURE_MPLANE
13605.560282,v4l2_dqbuf,0,VIDEO_OUTPUT_MPLANE
13605.573791,v4l2_qbuf,0,VIDEO_OUTPUT_MPLANE
13605.573822,v4l2_qbuf,3,VIDEO_CAPTURE_MPLANE
13605.576194,v4l2_dqbuf,3,VIDEO_CAPTURE_MPLANE
13605.576219,v4l2_dqbuf,0,VIDEO_OUTPUT_MPLANE
13605.607042,v4l2_qbuf,0,VIDEO_OUTPUT_MPLANE
13605.607072,v4l2_qbuf,1,VIDEO_CAPTURE_MPLANE
13605.610964,v4l2_dqbuf,1,VIDEO_CAPTURE_MPLANE
13605.611020,v4l2_dqbuf,0,VIDEO_OUTPUT_MPLANE
13605.611235,v4l2_qbuf,0,VIDEO_OUTPUT_MPLANE
13605.611263,v4l2_qbuf,4,VIDEO_CAPTURE_MPLANE
13605.614398,v4l2_dqbuf,4,VIDEO_CAPTURE_MPLANE
13605.614561,v4l2_dqbuf,0,VIDEO_OUTPUT_MPLANE
13605.629684,v4l2_qbuf,0,VIDEO_OUTPUT_MPLANE
13605.629705,v4l2_qbuf,2,VIDEO_CAPTURE_MPLANE
13605.632931,v4l2_dqbuf,2,VIDEO_CAPTURE_MPLANE
13605.632943,v4l2_dqbuf,0,VIDEO_OUTPUT_MPLANE
13605.640957,v4l2_qbuf,0,VIDEO_OUTPUT_MPLANE
13605.641037,v4l2_qbuf,0,VIDEO_CAPTURE_MPLANE
13605.643358,v4l2_dqbuf,0,VIDEO_CAPTURE_MPLANE
13605.643384,v4l2_dqbuf,0,VIDEO_OUTPUT_MPLANE
13605.674701,v4l2_qbuf,0,VIDEO_OUTPUT_MPLANE
13605.674763,v4l2_qbuf,4,VIDEO_CAPTURE_MPLANE
13605.678157,v4l2_dqbuf,4,VIDEO_CAPTURE_MPLANE
13605.678206,v4l2_dqbuf,0,VIDEO_OUTPUT_MPLANE
13605.678448,v4l2_qbuf,0,VIDEO_OUTPUT_MPLANE
13605.678479,v4l2_qbuf,5,VIDEO_CAPTURE_MPLANE
13605.681991,v4l2_dqbuf,5,VIDEO_CAPTURE_MPLANE
13605.682398,v4l2_dqbuf,0,VIDEO_OUTPUT_MPLANE
13605.690510,v4l2_qbuf,0,VIDEO_OUTPUT_MPLANE
13605.690541,v4l2_qbuf,1,VIDEO_CAPTURE_MPLANE
13605.693702,v4l2_dqbuf,1,VIDEO_CAPTURE_MPLANE
13605.693713,v4l2_dqbuf,0,VIDEO_OUTPUT_MPLANE
13605.707410,v4l2_qbuf,0,VIDEO_OUTPUT_MPLANE
13605.707425,v4l2_qbuf,2,VIDEO_CAPTURE_MPLANE
13605.709602,v4l2_dqbuf,2,VIDEO_CAPTURE_MPLANE
13605.709616,v4l2_dqbuf,0,VIDEO_OUTPUT_MPLANE
13605.740228,v4l2_qbuf,0,VIDEO_OUTPUT_MPLANE
13605.740244,v4l2_qbuf,5,VIDEO_CAPTURE_MPLANE
13605.743530,v4l2_dqbuf,5,VIDEO_CAPTURE_MPLANE
13605.743550,v4l2_dqbuf,0,VIDEO_OUTPUT_MPLANE
13605.743657,v4l2_qbuf,0,VIDEO_OUTPUT_MPLANE
13605.743677,v4l2_qbuf,3,VIDEO_CAPTURE_MPLANE
13605.746993,v4l2_dqbuf,3,VIDEO_CAPTURE_MPLANE
13605.747294,v4l2_dqbuf,0,VIDEO_OUTPUT_MPLANE
13605.756800,v4l2_qbuf,0,VIDEO_OUTPUT_MPLANE
13605.756840,v4l2_qbuf,4,VIDEO_CAPTURE_MPLANE
13605.760115,v4l2_dqbuf,4,VIDEO_CAPTURE_MPLANE
13605.760135,v4l2_dqbuf,0,VIDEO_OUTPUT_MPLANE
13605.773562,v4l2_qbuf,0,VIDEO_OUTPUT_MPLANE
13605.773590,v4l2_qbuf,1,VIDEO_CAPTURE_MPLANE
13605.775689,v4l2_dqbuf,1,VIDEO_CAPTURE_MPLANE
13605.775700,v4l2_dqbuf,0,VIDEO_OUTPUT_MPLANE
13605.806722,v4l2_qbuf,0,VIDEO_OUTPUT_MPLANE
13605.806738,v4l2_qbuf,3,VIDEO_CAPTURE_MPLANE
13605.809903,v4l2_dqbuf,3,VIDEO_CAPTURE_MPLANE
13605.809936,v4l2_dqbuf,0,VIDEO_OUTPUT_MPLANE
13605.810137,v4l2_qbuf,0,VIDEO_OUTPUT_MPLANE
13605.810159,v4l2_qbuf,0,VIDEO_CAPTURE_MPLANE
13605.813449,v4l2_dqbuf,0,VIDEO_CAPTURE_MPLANE
13605.813542,v4l2_dqbuf,0,VIDEO_OUTPUT_MPLANE
13605.830470,v4l2_qbuf,0,VIDEO_OUTPUT_MPLANE
13605.830485,v4l2_qbuf,5,VIDEO_CAPTURE_MPLANE
13605.833734,v4l2_dqbuf,5,VIDEO_CAPTURE_MPLANE
13605.833745,v4l2_dqbuf,0,VIDEO_OUTPUT_MPLANE
13605.839892,v4l2_qbuf,0,VIDEO_OUTPUT_MPLANE
13605.839908,v4l2_qbuf,4,VIDEO_CAPTURE_MPLANE
13605.841940,v4l2_dqbuf,4,VIDEO_CAPTURE_MPLANE
13605.841952,v4l2_dqbuf,0,VIDEO_OUTPUT_MPLANE
13605.873696,v4l2_qbuf,0,VIDEO_OUTPUT_MPLANE
13605.873724,v4l2_qbuf,0,VIDEO_CAPTURE_MPLANE
13605.876963,v4l2_dqbuf,0,VIDEO_CAPTURE_MPLANE
13605.876982,v4l2_dqbuf,0,VIDEO_OUTPUT_MPLANE
13605.877081,v4l2_qbuf,0,VIDEO_OUTPUT_MPLANE
13605.877094,v4l2_qbuf,2,VIDEO_CAPTURE_MPLANE
13605.881724,v4l2_dqbuf,2,VIDEO_CAPTURE_MPLANE
13605.881837,v4l2_dqbuf,0,VIDEO_OUTPUT_MPLANE
13605.890035,v4l2_qbuf,0,VIDEO_OUTPUT_MPLANE
13605.890051,v4l2_qbuf,3,VIDEO_CAPTURE_MPLANE
13605.893350,v4l2_dqbuf,3,VIDEO_CAPTURE_MPLANE
13605.893380,v4l2_dqbuf,0,VIDEO_OUTPUT_MPLANE
13605.906790,v4l2_qbuf,0,VIDEO_OUTPUT_MPLANE
13605.906811,v4l2_qbuf,5,VIDEO_CAPTURE_MPLANE
13605.908923,v4l2_dqbuf,5,VIDEO_CAPTURE_MPLANE
13605.908935,v4l2_dqbuf,0,VIDEO_OUTPUT_MPLANE
13605.940612,v4l2_qbuf,0,VIDEO_OUTPUT_MPLANE
13605.940647,v4l2_qbuf,2,VIDEO_CAPTURE_MPLANE
13605.945036,v4l2_dqbuf,2,VIDEO_CAPTURE_MPLANE
13605.945068,v4l2_dqbuf,0,VIDEO_OUTPUT_MPLANE
13605.945199,v4l2_qbuf,0,VIDEO_OUTPUT_MPLANE
13605.945220,v4l2_qbuf,1,VIDEO_CAPTURE_MPLANE
13605.948315,v4l2_dqbuf,1,VIDEO_CAPTURE_MPLANE
13605.948409,v4l2_dqbuf,0,VIDEO_OUTPUT_MPLANE
13605.961788,v4l2_qbuf,0,VIDEO_OUTPUT_MPLANE
13605.961814,v4l2_qbuf,0,VIDEO_CAPTURE_MPLANE
13605.964899,v4l2_dqbuf,0,VIDEO_CAPTURE_MPLANE
13605.964914,v4l2_dqbuf,0,VIDEO_OUTPUT_MPLANE
13605.973564,v4l2_qbuf,0,VIDEO_OUTPUT_MPLANE
13605.973585,v4l2_qbuf,3,VIDEO_CAPTURE_MPLANE
13605.975992,v4l2_dqbuf,3,VIDEO_CAPTURE_MPLANE
13605.976017,v4l2_dqbuf,0,VIDEO_OUTPUT_MPLANE
13606.006602,v4l2_qbuf,0,VIDEO_OUTPUT_MPLANE
13606.006624,v4l2_qbuf,1,VIDEO_CAPTURE_MPLANE
13606.009704,v4l2_dqbuf,1,VIDEO_CAPTURE_MPLANE
13606.009726,v4l2_dqbuf,0,VIDEO_OUTPUT_MPLANE
13606.009857,v4l2_qbuf,0,VIDEO_OUTPUT_MPLANE
13606.009875,v4l2_qbuf,4,VIDEO_CAPTURE_MPLANE
13606.014039,v4l2_dqbuf,4,VIDEO_CAPTURE_MPLANE
13606.014134,v4l2_dqbuf,0,VIDEO_OUTPUT_MPLANE
13606.023359,v4l2_qbuf,0,VIDEO_OUTPUT_MPLANE
13606.023388,v4l2_qbuf,2,VIDEO_CAPTURE_MPLANE
13606.026482,v4l2_dqbuf,2,VIDEO_CAPTURE_MPLANE
13606.026499,v4l2_dqbuf,0,VIDEO_OUTPUT_MPLANE
13606.040128,v4l2_qbuf,0,VIDEO_OUTPUT_MPLANE
13606.040143,v4l2_qbuf,0,VIDEO_CAPTURE_MPLANE
13606.042324,v4l2_dqbuf,0,VIDEO_CAPTURE_MPLANE
13606.042337,v4l2_dqbuf,0,VIDEO_OUTPUT_MPLANE
13606.056936,v4l2_qbuf,0,VIDEO_OUTPUT_MPLANE
13606.056963,v4l2_qbuf,5,VIDEO_CAPTURE_MPLANE
13606.060203,v4l2_dqbuf,5,VIDEO_CAPTURE_MPLANE
13606.060383,v4l2_dqbuf,0,VIDEO_OUTPUT_MPLANE
