time,event,index,type
13777.659571,v4l2_qbuf,0,VIDEO_OUTPUT_MPLANE
13777.659585,v4l2_qbuf,0,VIDEO_CAPTURE_MPLANE
13777.660046,v4l2_qbuf,1,VIDEO_OUTPUT_MPLANE
13777.660051,v4l2_qbuf,1,VIDEO_CAPTURE_MPLANE
13777.660277,v4l2_qbuf,2,VIDEO_OUTPUT_MPLANE
13777.660282,v4l2_qbuf,2,VIDEO_CAPTURE_MPLANE
13777.660507,v4l2_qbuf,3,VIDEO_OUTPUT_MPLANE
13777.660512,v4l2_qbuf,3,VIDEO_CAPTURE_MPLANE
13777.660706,v4l2_qbuf,4,VIDEO_OUTPUT_MPLANE
13777.660713,v4l2_qbuf,4,VIDEO_CAPTURE_MPLANE
13777.660915,v4l2_qbuf,5,VIDEO_OUTPUT_MPLANE
13777.660919,v4l2_qbuf,5,VIDEO_CAPTURE_MPLANE
13777.661727,v4l2_dqbuf,0,VIDEO_CAPTURE_MPLANE
13777.661855,v4l2_dqbuf,0,VIDEO_OUTPUT_MPLANE
13777.663845,v4l2_dqbuf,1,VIDEO_CAPTURE_MPLANE
13777.663864,v4l2_dqbuf,1,VIDEO_OUTPUT_MPLANE
13777.667078,v4l2_dqbuf,2,VIDEO_CAPTURE_MPLANE
13777.667096,v4l2_dqbuf,2,VIDEO_OUTPUT_MPLANE
13777.671426,v4l2_dqbuf,3,VIDEO_CAPTURE_MPLANE
13777.671666,v4l2_dqbuf,3,VIDEO_OUTPUT_MPLANE
13777.673725,v4l2_dqbuf,4,VIDEO_CAPTURE_MPLANE
13777.673806,v4l2_dqbuf,4,VIDEO_OUTPUT_MPLANE
13777.676203,v4l2_dqbuf,5,VIDEO_CAPTURE_MPLANE
13777.676229,v4l2_dqbuf,5,VIDEO_OUTPUT_MPLANE
13777.711268,v4l2_qbuf,0,VIDEO_OUTPUT_MPLANE
13777.711283,v4l2_qbuf,3,VIDEO_CAPTURE_MPLANE
13777.714727,v4l2_dqbuf,3,VIDEO_CAPTURE_MPLANE
13777.714743,v4l2_dqbuf,0,VIDEO_OUTPUT_MPLANE
13777.714837,v4l2_qbuf,0,VIDEO_OUTPUT_MPLANE
13777.714850,v4l2_qbuf,0,VIDEO_CAPTURE_MPLANE
13777.719198,v4l2_dqbuf,0,VIDEO_CAPTURE_MPLANE
13777.719280,v4l2_dqbuf,0,VIDEO_OUTPUT_MPLANE
13777.730519,v4l2_qbuf,0,VIDEO_OUTPUT_MPLANE
13777.730534,v4l2_qbuf,2,VIDEO_CAPTURE_MPLANE
13777.734088,v4l2_dqbuf,2,VIDEO_CAPTURE_MPLANE
13777.734101,v4l2_dqbuf,0,VIDEO_OUTPUT_MPLANE
13777.741977,v4l2_qbuf,0,VIDEO_OUTPUT_MPLANE
13777.741994,v4l2_qbuf,4,VIDEO_CAPTURE_MPLANE
13777.744264,v4l2_dqbuf,4,VIDEO_CAPTURE_MPLANE
13777.744275,v4l2_dqbuf,0,VIDEO_OUTPUT_MPLANE
13777.775789,v4l2_qbuf,0,VIDEO_OUTPUT_MPLANE
13777.775816,v4l2_qbuf,0,VIDEO_CAPTURE_MPLANE
13777.779159,v4l2_dqbuf,0,VIDEO_CAPTURE_MPLANE
13777.779175,v4l2_dqbuf,0,VIDEO_OUTPUT_MPLANE
13777.779267,v4l2_qbuf,0,VIDEO_OUTPUT_MPLANE
13777.779278,v4l2_qbuf,1,VIDEO_CAPTURE_MPLANE
13777.782585,v4l2_dqbuf,1,VIDEO_CAPTURE_MPLANE
13777.782703,v4l2_dqbuf,0,VIDEO_OUTPUT_MPLANE
13777.796231,v4l2_qbuf,0,VIDEO_OUTPUT_MPLANE
13777.796246,v4l2_qbuf,3,VIDEO_CAPTURE_MPLANE
13777.799512,v4l2_dqbuf,3,VIDEO_CAPTURE_MPLANE
13777.799522,v4l2_dqbuf,0,VIDEO_OUTPUT_MPLANE
13777.808917,v4l2_qbuf,0,VIDEO_OUTPUT_MPLANE
13777.808967,v4l2_qbuf,2,VIDEO_CAPTURE_MPLANE
13777.811084,v4l2_dqbuf,2,VIDEO_CAPTURE_MPLANE
13777.811095,v4l2_dqbuf,0,VIDEO_OUTPUT_MPLANE
13777.842490,v4l2_qbuf,0,VIDEO_OUTPUT_MPLANE
13777.842516,v4l2_qbuf,1,VIDEO_CAPTURE_MPLANE
13777.845763,v4l2_dqbuf,1,VIDEO_CAPTURE_MPLANE
13777.845781,v4l2_dqbuf,0,VIDEO_OUTPUT_MPLANE
13777.845879,v4l2_qbuf,0,VIDEO_OUTPUT_MPLANE
13777.845893,v4l2_qbuf,5,VIDEO_CAPTURE_MPLANE
13777.851094,v4l2_dqbuf,5,VIDEO_CAPTURE_MPLANE
13777.851191,v4l2_dqbuf,0,VIDEO_OUTPUT_MPLANE
13777.859086,v4l2_qbuf,0,VIDEO_OUTPUT_MPLANE
13777.859107,v4l2_qbuf,0,VIDEO_CAPTURE_MPLANE
13777.862379,v4l2_dqbuf,0,VIDEO_CAPTURE_MPLANE
13777.862391,v4l2_dqbuf,0,VIDEO_OUTPUT_MPLANE
13777.875904,v4l2_qbuf,0,VIDEO_OUTPUT_MPLANE
13777.875925,v4l2_qbuf,3,VIDEO_CAPTURE_MPLANE
13777.878138,v4l2_dqbuf,3,VIDEO_CAPTURE_MPLANE
13777.878160,v4l2_dqbuf,0,VIDEO_OUTPUT_MPLANE
13777.908748,v4l2_qbuf,0,VIDEO_OUTPUT_MPLANE
13777.908784,v4l2_qbuf,5,VIDEO_CAPTURE_MPLANE
13777.911721,v4l2_dqbuf,5,VIDEO_CAPTURE_MPLANE
13777.911765,v4l2_dqbuf,0,VIDEO_OUTPUT_MPLANE
13777.911945,v4l2_qbuf,0,VIDEO_OUTPUT_MPLANE
13777.911973,v4l2_qbuf,4,VIDEO_CAPTURE_MPLANE
13777.915260,v4l2_dqbuf,4,VIDEO_CAPTURE_MPLANE
13777.915388,v4l2_dqbuf,0,VIDEO_OUTPUT_MPLANE
13777.925956,v4l2_qbuf,0,VIDEO_OUTPUT_MPLANE
13777.925997,v4l2_qbuf,1,VIDEO_CAPTURE_MPLANE
13777.929387,v4l2_dqbuf,1,VIDEO_CAPTURE_MPLANE
13777.929416,v4l2_dqbuf,0,VIDEO_OUTPUT_MPLANE
13777.942347,v4l2_qbuf,0,VIDEO_OUTPUT_MPLANE
13777.942377,v4l2_qbuf,0,VIDEO_CAPTURE_MPLANE
13777.944597,v4l2_dqbuf,0,VIDEO_CAPTURE_MPLANE
13777.944622,v4l2_dqbuf,0,VIDEO_OUTPUT_MPLANE
13777.975774,v4l2_qbuf,0,VIDEO_OUTPUT_MPLANE
13777.975794,v4l2_qbuf,4,VIDEO_CAPTURE_MPLANE
13777.979023,v4l2_dqbuf,4,VIDEO_CAPTURE_MPLANE
13777.979045,v4l2_dqbuf,0,VIDEO_OUTPUT_MPLANE
13777.979172,v4l2_qbuf,0,VIDEO_OUTPUT_MPLANE
13777.979197,v4l2_qbuf,2,VIDEO_CAPTURE_MPLANE
13777.983080,v4l2_dqbuf,2,VIDEO_CAPTURE_MPLANE
13777.983195,v4l2_dqbuf,0,VIDEO_OUTPUT_MPLANE
13777.992682,v4l2_qbuf,0,VIDEO_OUTPUT_MPLANE
13777.992703,v4l2_qbuf,5,VIDEO_CAPTURE_MPLANE
13777.996476,v4l2_dqbuf,5,VIDEO_CAPTURE_MPLANE
13777.996490,v4l2_dqbuf,0,VIDEO_OUTPUT_MPLANE
13778.009050,v4l2_qbuf,0,VIDEO_OUTPUT_MPLANE
13778.009069,v4l2_qbuf,1,VIDEO_CAPTURE_MPLANE
13778.011155,v4l2_dqbuf,1,VIDEO_CAPTURE_MPLANE
13778.011167,v4l2_dqbuf,0,VIDEO_OUTPUT_MPLANE
13778.042296,v4l2_qbuf,0,VIDEO_OUTPUT_MPLANE
13778.042316,v4l2_qbuf,2,VIDEO_CAPTURE_MPLANE
13778.045398,v4l2_dqbuf,2,VIDEO_CAPTURE_MPLANE
13778.045419,v4l2_dqbuf,0,VIDEO_OUTPUT_MPLANE
13778.045530,v4l2_qbuf,0,VIDEO_OUTPUT_MPLANE
13778.045547,v4l2_qbuf,3,VIDEO_CAPTURE_MPLANE
13778.048870,v4l2_dqbuf,3,VIDEO_CAPTURE_MPLANE
13778.048952,v4l2_dqbuf,0,VIDEO_OUTPUT_MPLANE
13778.058886,v4l2_qbuf,0,VIDEO_OUTPUT_MPLANE
13778.058928,v4l2_qbuf,4,VIDEO_CAPTURE_MPLANE
13778.062147,v4l2_dqbuf,4,VIDEO_CAPTURE_MPLANE
13778.062168,v4l2_dqbuf,0,VIDEO_OUTPUT_MPLANE
13778.075395,v4l2_qbuf,0,VIDEO_OUTPUT_MPLANE
13778.075415,v4l2_qbuf,5,VIDEO_CAPTURE_MPLANE
13778.077732,v4l2_dqbuf,5,VIDEO_CAPTURE_MPLANE
13778.077747,v4l2_dqbuf,0,VIDEO_OUTPUT_MPLANE
13778.109164,v4l2_qbuf,0,VIDEO_OUTPUT_MPLANE
13778.109183,v4l2_qbuf,3,VIDEO_CAPTURE_MPLANE
13778.112405,v4l2_dqbuf,3,VIDEO_CAPTURE_MPLANE
13778.112426,v4l2_dqbuf,0,VIDEO_OUTPUT_MPLANE
13778.112532,v4l2_qbuf,0,VIDEO_OUTPUT_MPLANE
13778.112550,v4l2_qbuf,0,VIDEO_CAPTURE_MPLANE
13778.115774,v4l2_dqbuf,0,VIDEO_CAPTURE_MPLANE
13778.115940,v4l2_dqbuf,0,VIDEO_OUTPUT_MPLANE
13778.125965,v4l2_qbuf,0,VIDEO_OUTPUT_MPLANE
13778.126059,v4l2_qbuf,2,VIDEO_CAPTURE_MPLANE
13778.129440,v4l2_dqbuf,2,VIDEO_CAPTURE_MPLANE
13778.129503,v4l2_dqbuf,0,VIDEO_OUTPUT_MPLANE
13778.142532,v4l2_qbuf,0,VIDEO_OUTPUT_MPLANE
13778.142552,v4l2_qbuf,4,VIDEO_CAPTURE_MPLANE
13778.144936,v4l2_dqbuf,4,VIDEO_CAPTURE_MPLANE
13778.144959,v4l2_dqbuf,0,VIDEO_OUTPUT_MPLANE
13778.175394,v4l2_qbuf,0,VIDEO_OUTPUT_MPLANE
13778.175424,v4l2_qbuf,0,VIDEO_CAPTURE_MPLANE
13778.178621,v4l2_dqbuf,0,VIDEO_CAPTURE_MPLANE
13778.178657,v4l2_dqbuf,0,VIDEO_OUTPUT_MPLANE
13778.178815,v4l2_qbuf,0,VIDEO_OUTPUT_MPLANE
13778.178838,v4l2_qbuf,1,VIDEO_CAPTURE_MPLANE
13778.182021,v4l2_dqbuf,1,VIDEO_CAPTURE_MPLANE
13778.182124,v4l2_dqbuf,0,VIDEO_OUTPUT_MPLANE
13778.195890,v4l2_qbuf,0,VIDEO_OUTPUT_MPLANE
13778.195912,v4l2_qbuf,3,VIDEO_CAPTURE_MPLANE
13778.199082,v4l2_dqbuf,3,VIDEO_CAPTURE_MPLANE
13778.199095,v4l2_dqbuf,0,VIDEO_OUTPUT_MPLANE
13778.208943,v4l2_qbuf,0,VIDEO_OUTPUT_MPLANE
13778.209040,v4l2_qbuf,2,VIDEO_CAPTURE_MPLANE
13778.211356,v4l2_dqbuf,2,VIDEO_CAPTURE_MPLANE
13778.211452,v4l2_dqbuf,0,VIDEO_OUTPUT_MPLANE
13778.244762,v4l2_qbuf,0,VIDEO_OUTPUT_MPLANE
13778.244784,v4l2_qbuf,1,VIDEO_CAPTURE_MPLANE
13778.248079,v4l2_dqbuf,1,VIDEO_CAPTURE_MPLANE
13778.248112,v4l2_dqbuf,0,VIDEO_OUTPUT_MPLANE
13778.248257,v4l2_qbuf,0,VIDEO_OUTPUT_MPLANE
13778.248277,v4l2_qbuf,5,VIDEO_CAPTURE_MPLANE
13778.251720,v4l2_dqbuf,5,VIDEO_CAPTURE_MPLANE
13778.251815,v4l2_dqbuf,0,VIDEO_OUTPUT_MPLANE
13778.261176,v4l2_qbuf,0,VIDEO_OUTPUT_MPLANE
13778.261198,v4l2_qbuf,0,VIDEO_CAPTURE_MPLANE
13778.264424,v4l2_dqbuf,0,VIDEO_CAPTURE_MPLANE
13778.264440,v4l2_dqbuf,0,VIDEO_OUTPUT_MPLANE
13778.278024,v4l2_qbuf,0,VIDEO_OUTPUT_MPLANE
13778.278056,v4l2_qbuf,3,VIDEO_CAPTURE_MPLANE
13778.280339,v4l2_dqbuf,3,VIDEO_CAPTURE_MPLANE
13778.280360,v4l2_dqbuf,0,VIDEO_OUTPUT_MPLANE
13778.311469,v4l2_qbuf,0,VIDEO_OUTPUT_MPLANE
13778.311502,v4l2_qbuf,5,VIDEO_CAPTURE_MPLANE
13778.314687,v4l2_dqbuf,5,VIDEO_CAPTURE_MPLANE
13778.314709,v4l2_dqbuf,0,VIDEO_OUTPUT_MPLANE
13778.314832,v4l2_qbuf,0,VIDEO_OUTPUT_MPLANE
13778.317829,v4l2_qbuf,4,VIDEO_CAPTURE_MPLANE
13778.320882,v4l2_dqbuf,4,VIDEO_CAPTURE_MPLANE
13778.320964,v4l2_dqbuf,0,VIDEO_OUTPUT_MPLANE
13778.331513,v4l2_qbuf,0,VIDEO_OUTPUT_MPLANE
13778.331527,v4l2_qbuf,1,VIDEO_CAPTURE_MPLANE
13778.334460,v4l2_dqbuf,1,VIDEO_CAPTURE_MPLANE
13778.334473,v4l2_dqbuf,0,VIDEO_OUTPUT_MPLANE
13778.344570,v4l2_qbuf,0,VIDEO_OUTPUT_MPLANE
13778.344599,v4l2_qbuf,0,VIDEO_CAPTURE_MPLANE
13778.347290,v4l2_dqbuf,0,VIDEO_CAPTURE_MPLANE
13778.347305,v4l2_dqbuf,0,VIDEO_OUTPUT_MPLANE
13778.381582,v4l2_qbuf,0,VIDEO_OUTPUT_MPLANE
13778.381607,v4l2_qbuf,4,VIDEO_CAPTURE_MPLANE
13778.384817,v4l2_dqbuf,4,VIDEO_CAPTURE_MPLANE
13778.384842,v4l2_dqbuf,0,VIDEO_OUTPUT_MPLANE
13778.384972,v4l2_qbuf,0,VIDEO_OUTPUT_MPLANE
13778.384996,v4l2_qbuf,2,VIDEO_CAPTURE_MPLANE
13778.388231,v4l2_dqbuf,2,VIDEO_CAPTURE_MPLANE
13778.388349,v4l2_dqbuf,0,VIDEO_OUTPUT_MPLANE
13778.405465,v4l2_qbuf,0,VIDEO_OUTPUT_MPLANE
13778.405485,v4l2_qbuf,5,VIDEO_CAPTURE_MPLANE
13778.408750,v4l2_dqbuf,5,VIDEO_CAPTURE_MPLANE
13778.408764,v4l2_dqbuf,0,VIDEO_OUTPUT_MPLANE
13778.417797,v4l2_qbuf,0,VIDEO_OUTPUT_MPLANE
13778.417826,v4l2_qbuf,1,VIDEO_CAPTURE_MPLANE
13778.419983,v4l2_dqbuf,1,VIDEO_CAPTURE_MPLANE
13778.419999,v4l2_dqbuf,0,VIDEO_OUTPUT_MPLANE
13778.448111,v4l2_qbuf,0,VIDEO_OUTPUT_MPLANE
13778.448157,v4l2_qbuf,2,VIDEO_CAPTURE_MPLANE
13778.451269,v4l2_dqbuf,2,VIDEO_CAPTURE_MPLANE
13778.451293,v4l2_dqbuf,0,VIDEO_OUTPUT_MPLANE
13778.451415,v4l2_qbuf,0,VIDEO_OUTPUT_MPLANE
13778.451432,v4l2_qbuf,3,VIDEO_CAPTURE_MPLANE
13778.454687,v4l2_dqbuf,3,VIDEO_CAPTURE_MPLANE
13778.454786,v4l2_dqbuf,0,VIDEO_OUTPUT_MPLANE
13778.472216,v4l2_qbuf,0,VIDEO_OUTPUT_MPLANE
13778.472238,v4l2_qbuf,4,VIDEO_CAPTURE_MPLANE
13778.475541,v4l2_dqbuf,4,VIDEO_CAPTURE_MPLANE
13778.475555,v4l2_dqbuf,0,VIDEO_OUTPUT_MPLANE
13778.481317,v4l2_qbuf,0,VIDEO_OUTPUT_MPLANE
13778.481358,v4l2_qbuf,5,VIDEO_CAPTURE_MPLANE
13778.483688,v4l2_dqbuf,5,VIDEO_CAPTURE_MPLANE
13778.483707,v4l2_dqbuf,0,VIDEO_OUTPUT_MPLANE
13778.515536,v4l2_qbuf,0,VIDEO_OUTPUT_MPLANE
13778.515555,v4l2_qbuf,3,VIDEO_CAPTURE_MPLANE
13778.518621,v4l2_dqbuf,3,VIDEO_CAPTURE_MPLANE
13778.518639,v4l2_dqbuf,0,VIDEO_OUTPUT_MPLANE
13778.518739,v4l2_qbuf,0,VIDEO_OUTPUT_MPLANE
13778.518753,v4l2_qbuf,0,VIDEO_CAPTURE_MPLANE
13778.521921,v4l2_dqbuf,0,VIDEO_CAPTURE_MPLANE
13778.522088,v4l2_dqbuf,0,VIDEO_OUTPUT_MPLANE
13778.531600,v4l2_qbuf,0,VIDEO_OUTPUT_MPLANE
13778.531620,v4l2_qbuf,2,VIDEO_CAPTURE_MPLANE
13778.534837,v4l2_dqbuf,2,VIDEO_CAPTURE_MPLANE
13778.534850,v4l2_dqbuf,0,VIDEO_OUTPUT_MPLANE
13778.547917,v4l2_qbuf,0,VIDEO_OUTPUT_MPLANE
13778.547934,v4l2_qbuf,4,VIDEO_CAPTURE_MPLANE
13778.550317,v4l2_dqbuf,4,VIDEO_CAPTURE_MPLANE
13778.550332,v4l2_dqbuf,0,VIDEO_OUTPUT_MPLANE
13778.581236,v4l2_qbuf,0,VIDEO_OUTPUT_MPLANE
13778.581262,v4l2_qbuf,0,VIDEO_CAPTURE_MPLANE
13778.584588,v4l2_dqbuf,0,VIDEO_CAPTURE_MPLANE
13778.584613,v4l2_dqbuf,0,VIDEO_OUTPUT_MPLANE
13778.584743,v4l2_qbuf,0,VIDEO_OUTPUT_MPLANE
13778.584762,v4l2_qbuf,1,VIDEO_CAPTURE_MPLANE
13778.588165,v4l2_dqbuf,1,VIDEO_CAPTURE_MPLANE
13778.588308,v4l2_dqbuf,0,VIDEO_OUTPUT_MPLANE
13778.598574,v4l2_qbuf,0,VIDEO_OUTPUT_MPLANE
13778.598596,v4l2_qbuf,3,VIDEO_CAPTURE_MPLANE
13778.600396,v4l2_dqbuf,3,VIDEO_CAPTURE_MPLANE
13778.600457,v4l2_dqbuf,0,VIDEO_OUTPUT_MPLANE
13778.615809,v4l2_qbuf,0,VIDEO_OUTPUT_MPLANE
13778.615835,v4l2_qbuf,2,VIDEO_CAPTURE_MPLANE
13778.617927,v4l2_dqbuf,2,VIDEO_CAPTURE_MPLANE
13778.617950,v4l2_dqbuf,0,VIDEO_OUTPUT_MPLANE
13778.633699,v4l2_qbuf,0,VIDEO_OUTPUT_MPLANE
13778.633730,v4l2_qbuf,5,VIDEO_CAPTURE_MPLANE
13778.636783,v4l2_dqbuf,5,VIDEO_CAPTURE_MPLANE
13778.636804,v4l2_dqbuf,0,VIDEO_OUTPUT_MPLANE
13778.650194,v4l2_qbuf,0,VIDEO_OUTPUT_MPLANE
13778.650223,v4l2_qbuf,0,VIDEO_CAPTURE_MPLANE
13778.654610,v4l2_dqbuf,0,VIDEO_CAPTURE_MPLANE
13778.654805,v4l2_dqbuf,0,VIDEO_OUTPUT_MPLANE
13778.668443,v4l2_qbuf,0,VIDEO_OUTPUT_MPLANE
13778.668463,v4l2_qbuf,1,VIDEO_CAPTURE_MPLANE
13778.671655,v4l2_dqbuf,1,VIDEO_CAPTURE_MPLANE
13778.671668,v4l2_dqbuf,0,VIDEO_OUTPUT_MPLANE
13778.683938,v4l2_qbuf,0,VIDEO_OUTPUT_MPLANE
13778.683958,v4l2_qbuf,4,VIDEO_CAPTURE_MPLANE
13778.686329,v4l2_dqbuf,4,VIDEO_CAPTURE_MPLANE
13778.686363,v4l2_dqbuf,0,VIDEO_OUTPUT_MPLANE
13778.717237,v4l2_qbuf,0,VIDEO_OUTPUT_MPLANE
13778.717257,v4l2_qbuf,0,VIDEO_CAPTURE_MPLANE
13778.720444,v4l2_dqbuf,0,VIDEO_CAPTURE_MPLANE
13778.720466,v4l2_dqbuf,0,VIDEO_OUTPUT_MPLANE
13778.720579,v4l2_qbuf,0,VIDEO_OUTPUT_MPLANE
13778.720594,v4l2_qbuf,3,VIDEO_CAPTURE_MPLANE
13778.723691,v4l2_dqbuf,3,VIDEO_CAPTURE_MPLANE
13778.723761,v4l2_dqbuf,0,VIDEO_OUTPUT_MPLANE
13778.739746,v4l2_qbuf,0,VIDEO_OUTPUT_MPLANE
13778.739766,v4l2_qbuf,5,VIDEO_CAPTURE_MPLANE
13778.743109,v4l2_dqbuf,5,VIDEO_CAPTURE_MPLANE
13778.743123,v4l2_dqbuf,0,VIDEO_OUTPUT_MPLANE
13778.752879,v4l2_qbuf,0,VIDEO_OUTPUT_MPLANE
13778.752908,v4l2_qbuf,1,VIDEO_CAPTURE_MPLANE
13778.755205,v4l2_dqbuf,1,VIDEO_CAPTURE_MPLANE
13778.755221,v4l2_dqbuf,0,VIDEO_OUTPUT_MPLANE
13778.783890,v4l2_qbuf,0,VIDEO_OUTPUT_MPLANE
13778.783910,v4l2_qbuf,3,VIDEO_CAPTURE_MPLANE
13778.787115,v4l2_dqbuf,3,VIDEO_CAPTURE_MPLANE
13778.787139,v4l2_dqbuf,0,VIDEO_OUTPUT_MPLANE
13778.787260,v4l2_qbuf,0,VIDEO_OUTPUT_MPLANE
13778.787277,v4l2_qbuf,2,VIDEO_CAPTURE_MPLANE
13778.790592,v4l2_dqbuf,2,VIDEO_CAPTURE_MPLANE
13778.790662,v4l2_dqbuf,0,VIDEO_OUTPUT_MPLANE
13778.800475,v4l2_qbuf,0,VIDEO_OUTPUT_MPLANE
13778.800509,v4l2_qbuf,0,VIDEO_CAPTURE_MPLANE
13778.803742,v4l2_dqbuf,0,VIDEO_CAPTURE_MPLANE
13778.803758,v4l2_dqbuf,0,VIDEO_OUTPUT_MPLANE
13778.816757,v4l2_qbuf,0,VIDEO_OUTPUT_MPLANE
13778.816774,v4l2_qbuf,5,VIDEO_CAPTURE_MPLANE
13778.818915,v4l2_dqbuf,5,VIDEO_CAPTURE_MPLANE
13778.818929,v4l2_dqbuf,0,VIDEO_OUTPUT_MPLANE
13778.852564,v4l2_qbuf,0,VIDEO_OUTPUT_MPLANE
13778.852601,v4l2_qbuf,2,VIDEO_CAPTURE_MPLANE
13778.855822,v4l2_dqbuf,2,VIDEO_CAPTURE_MPLANE
13778.855845,v4l2_dqbuf,0,VIDEO_OUTPUT_MPLANE
13778.855958,v4l2_qbuf,0,VIDEO_OUTPUT_MPLANE
13778.855976,v4l2_qbuf,4,VIDEO_CAPTURE_MPLANE
13778.859062,v4l2_dqbuf,4,VIDEO_CAPTURE_MPLANE
13778.859148,v4l2_dqbuf,0,VIDEO_OUTPUT_MPLANE
13778.866892,v4l2_qbuf,0,VIDEO_OUTPUT_MPLANE
13778.866919,v4l2_qbuf,3,VIDEO_CAPTURE_MPLANE
13778.870074,v4l2_dqbuf,3,VIDEO_CAPTURE_MPLANE
13778.870088,v4l2_dqbuf,0,VIDEO_OUTPUT_MPLANE
13778.883430,v4l2_qbuf,0,VIDEO_OUTPUT_MPLANE
13778.883461,v4l2_qbuf,0,VIDEO_CAPTURE_MPLANE
13778.885865,v4l2_dqbuf,0,VIDEO_CAPTURE_MPLANE
13778.885888,v4l2_dqbuf,0,VIDEO_OUTPUT_MPLANE
13778.917474,v4l2_qbuf,0,VIDEO_OUTPUT_MPLANE
13778.917511,v4l2_qbuf,4,VIDEO_CAPTURE_MPLANE
13778.920821,v4l2_dqbuf,4,VIDEO_CAPTURE_MPLANE
13778.920883,v4l2_dqbuf,0,VIDEO_OUTPUT_MPLANE
13778.921020,v4l2_qbuf,0,VIDEO_OUTPUT_MPLANE
13778.921091,v4l2_qbuf,1,VIDEO_CAPTURE_MPLANE
13778.924229,v4l2_dqbuf,1,VIDEO_CAPTURE_MPLANE
13778.924350,v4l2_dqbuf,0,VIDEO_OUTPUT_MPLANE
13778.936178,v4l2_qbuf,0,VIDEO_OUTPUT_MPLANE
13778.936203,v4l2_qbuf,2,VIDEO_CAPTURE_MPLANE
13778.939410,v4l2_dqbuf,2,VIDEO_CAPTURE_MPLANE
13778.939435,v4l2_dqbuf,0,VIDEO_OUTPUT_MPLANE
13778.951706,v4l2_qbuf,0,VIDEO_OUTPUT_MPLANE
13778.951724,v4l2_qbuf,3,VIDEO_CAPTURE_MPLANE
13778.954171,v4l2_dqbuf,3,VIDEO_CAPTURE_MPLANE
13778.954184,v4l2_dqbuf,0,VIDEO_OUTPUT_MPLANE
13778.986285,v4l2_qbuf,0,VIDEO_OUTPUT_MPLANE
13778.986300,v4l2_qbuf,1,VIDEO_CAPTURE_MPLANE
13778.989484,v4l2_dqbuf,1,VIDEO_CAPTURE_MPLANE
13778.989503,v4l2_dqbuf,0,VIDEO_OUTPUT_MPLANE
13778.989597,v4l2_qbuf,0,VIDEO_OUTPUT_MPLANE
13778.989609,v4l2_qbuf,5,VIDEO_CAPTURE_MPLANE
13778.992847,v4l2_dqbuf,5,VIDEO_CAPTURE_MPLANE
13778.992980,v4l2_dqbuf,0,VIDEO_OUTPUT_MPLANE
13779.001550,v4l2_qbuf,0,VIDEO_OUTPUT_MPLANE
13779.001570,v4l2_qbuf,4,VIDEO_CAPTURE_MPLANE
13779.004785,v4l2_dqbuf,4,VIDEO_CAPTURE_MPLANE
13779.004797,v4l2_dqbuf,0,VIDEO_OUTPUT_MPLANE
13779.016661,v4l2_qbuf,0,VIDEO_OUTPUT_MPLANE
13779.016681,v4l2_qbuf,2,VIDEO_CAPTURE_MPLANE
13779.018916,v4l2_dqbuf,2,VIDEO_CAPTURE_MPLANE
13779.018933,v4l2_dqbuf,0,VIDEO_OUTPUT_MPLANE
13779.051814,v4l2_qbuf,0,VIDEO_OUTPUT_MPLANE
13779.051833,v4l2_qbuf,5,VIDEO_CAPTURE_MPLANE
13779.055233,v4l2_dqbuf,5,VIDEO_CAPTURE_MPLANE
13779.055252,v4l2_dqbuf,0,VIDEO_OUTPUT_MPLANE
13779.055353,v4l2_qbuf,0,VIDEO_OUTPUT_MPLANE
13779.055367,v4l2_qbuf,0,VIDEO_CAPTURE_MPLANE
13779.058508,v4l2_dqbuf,0,VIDEO_CAPTURE_MPLANE
13779.058680,v4l2_dqbuf,0,VIDEO_OUTPUT_MPLANE
13779.068801,v4l2_qbuf,0,VIDEO_OUTPUT_MPLANE
13779.068832,v4l2_qbuf,1,VIDEO_CAPTURE_MPLANE
13779.075068,v4l2_dqbuf,1,VIDEO_CAPTURE_MPLANE
13779.075083,v4l2_dqbuf,0,VIDEO_OUTPUT_MPLANE
13779.085579,v4l2_qbuf,0,VIDEO_OUTPUT_MPLANE
13779.085622,v4l2_qbuf,4,VIDEO_CAPTURE_MPLANE
13779.087979,v4l2_dqbuf,4,VIDEO_CAPTURE_MPLANE
13779.087993,v4l2_dqbuf,0,VIDEO_OUTPUT_MPLANE
13779.118965,v4l2_qbuf,0,VIDEO_OUTPUT_MPLANE
13779.119024,v4l2_qbuf,0,VIDEO_CAPTURE_MPLANE
13779.122346,v4l2_dqbuf,0,VIDEO_CAPTURE_MPLANE
13779.122368,v4l2_dqbuf,0,VIDEO_OUTPUT_MPLANE
13779.122477,v4l2_qbuf,0,VIDEO_OUTPUT_MPLANE
13779.122495,v4l2_qbuf,3,VIDEO_CAPTURE_MPLANE
13779.125695,v4l2_dqbuf,3,VIDEO_CAPTURE_MPLANE
13779.125791,v4l2_dqbuf,0,VIDEO_OUTPUT_MPLANE
13779.139752,v4l2_qbuf,0,VIDEO_OUTPUT_MPLANE
13779.139782,v4l2_qbuf,5,VIDEO_CAPTURE_MPLANE
13779.143047,v4l2_dqbuf,5,VIDEO_CAPTURE_MPLANE
13779.143073,v4l2_dqbuf,0,VIDEO_OUTPUT_MPLANE
13779.152084,v4l2_qbuf,0,VIDEO_OUTPUT_MPLANE
13779.152122,v4l2_qbuf,1,VIDEO_CAPTURE_MPLANE
13779.154383,v4l2_dqbuf,1,VIDEO_CAPTURE_MPLANE
13779.154394,v4l2_dqbuf,0,VIDEO_OUTPUT_MPLANE
13779.188176,v4l2_qbuf,0,VIDEO_OUTPUT_MPLANE
13779.188249,v4l2_qbuf,3,VIDEO_CAPTURE_MPLANE
13779.191430,v4l2_dqbuf,3,VIDEO_CAPTURE_MPLANE
13779.191463,v4l2_dqbuf,0,VIDEO_OUTPUT_MPLANE
13779.191640,v4l2_qbuf,0,VIDEO_OUTPUT_MPLANE
13779.191664,v4l2_qbuf,2,VIDEO_CAPTURE_MPLANE
13779.197092,v4l2_dqbuf,2,VIDEO_CAPTURE_MPLANE
13779.197298,v4l2_dqbuf,0,VIDEO_OUTPUT_MPLANE
13779.204714,v4l2_qbuf,0,VIDEO_OUTPUT_MPLANE
13779.204742,v4l2_qbuf,0,VIDEO_CAPTURE_MPLANE
13779.207993,v4l2_dqbuf,0,VIDEO_CAPTURE_MPLANE
13779.208040,v4l2_dqbuf,0,VIDEO_OUTPUT_MPLANE
13779.221367,v4l2_qbuf,0,VIDEO_OUTPUT_MPLANE
13779.221384,v4l2_qbuf,5,VIDEO_CAPTURE_MPLANE
13779.223521,v4l2_dqbuf,5,VIDEO_CAPTURE_MPLANE
13779.223535,v4l2_dqbuf,0,VIDEO_OUTPUT_MPLANE
13779.255087,v4l2_qbuf,0,VIDEO_OUTPUT_MPLANE
13779.255106,v4l2_qbuf,2,VIDEO_CAPTURE_MPLANE
13779.258328,v4l2_dqbuf,2,VIDEO_CAPTURE_MPLANE
13779.258352,v4l2_dqbuf,0,VIDEO_OUTPUT_MPLANE
13779.258480,v4l2_qbuf,0,VIDEO_OUTPUT_MPLANE
13779.258499,v4l2_qbuf,4,VIDEO_CAPTURE_MPLANE
13779.261714,v4l2_dqbuf,4,VIDEO_CAPTURE_MPLANE
13779.261806,v4l2_dqbuf,0,VIDEO_OUTPUT_MPLANE
13779.275617,v4l2_qbuf,0,VIDEO_OUTPUT_MPLANE
13779.275652,v4l2_qbuf,3,VIDEO_CAPTURE_MPLANE
13779.278784,v4l2_dqbuf,3,VIDEO_CAPTURE_MPLANE
13779.278806,v4l2_dqbuf,0,VIDEO_OUTPUT_MPLANE
13779.288098,v4l2_qbuf,0,VIDEO_OUTPUT_MPLANE
13779.288117,v4l2_qbuf,0,VIDEO_CAPTURE_MPLANE
13779.290313,v4l2_dqbuf,0,VIDEO_CAPTURE_MPLANE
13779.290325,v4l2_dqbuf,0,VIDEO_OUTPUT_MPLANE
13779.321284,v4l2_qbuf,0,VIDEO_OUTPUT_MPLANE
13779.321305,v4l2_qbuf,4,VIDEO_CAPTURE_MPLANE
13779.324501,v4l2_dqbuf,4,VIDEO_CAPTURE_MPLANE
13779.324525,v4l2_dqbuf,0,VIDEO_OUTPUT_MPLANE
13779.324638,v4l2_qbuf,0,VIDEO_OUTPUT_MPLANE
13779.324655,v4l2_qbuf,1,VIDEO_CAPTURE_MPLANE
13779.327840,v4l2_dqbuf,1,VIDEO_CAPTURE_MPLANE
13779.327927,v4l2_dqbuf,0,VIDEO_OUTPUT_MPLANE
13779.338495,v4l2_qbuf,0,VIDEO_OUTPUT_MPLANE
13779.338536,v4l2_qbuf,2,VIDEO_CAPTURE_MPLANE
13779.341727,v4l2_dqbuf,2,VIDEO_CAPTURE_MPLANE
13779.341739,v4l2_dqbuf,0,VIDEO_OUTPUT_MPLANE
13779.354465,v4l2_qbuf,0,VIDEO_OUTPUT_MPLANE
13779.354488,v4l2_qbuf,3,VIDEO_CAPTURE_MPLANE
13779.356705,v4l2_dqbuf,3,VIDEO_CAPTURE_MPLANE
13779.356721,v4l2_dqbuf,0,VIDEO_OUTPUT_MPLANE
13779.389490,v4l2_qbuf,0,VIDEO_OUTPUT_MPLANE
13779.389511,v4l2_qbuf,1,VIDEO_CAPTURE_MPLANE
13779.392687,v4l2_dqbuf,1,VIDEO_CAPTURE_MPLANE
13779.392706,v4l2_dqbuf,0,VIDEO_OUTPUT_MPLANE
13779.392817,v4l2_qbuf,0,VIDEO_OUTPUT_MPLANE
13779.392832,v4l2_qbuf,5,VIDEO_CAPTURE_MPLANE
13779.396117,v4l2_dqbuf,5,VIDEO_CAPTURE_MPLANE
13779.396331,v4l2_dqbuf,0,VIDEO_OUTPUT_MPLANE
13779.406301,v4l2_qbuf,0,VIDEO_OUTPUT_MPLANE
13779.406319,v4l2_qbuf,4,VIDEO_CAPTURE_MPLANE
13779.409844,v4l2_dqbuf,4,VIDEO_CAPTURE_MPLANE
13779.409869,v4l2_dqbuf,0,VIDEO_OUTPUT_MPLANE
13779.422891,v4l2_qbuf,0,VIDEO_OUTPUT_MPLANE
13779.422920,v4l2_qbuf,2,VIDEO_CAPTURE_MPLANE
13779.425094,v4l2_dqbuf,2,VIDEO_CAPTURE_MPLANE
13779.425115,v4l2_dqbuf,0,VIDEO_OUTPUT_MPLANE
13779.456231,v4l2_qbuf,0,VIDEO_OUTPUT_MPLANE
13779.456249,v4l2_qbuf,5,VIDEO_CAPTURE_MPLANE
13779.459501,v4l2_dqbuf,5,VIDEO_CAPTURE_MPLANE
13779.459540,v4l2_dqbuf,0,VIDEO_OUTPUT_MPLANE
13779.459758,v4l2_qbuf,0,VIDEO_OUTPUT_MPLANE
13779.459788,v4l2_qbuf,0,VIDEO_CAPTURE_MPLANE
13779.463024,v4l2_dqbuf,0,VIDEO_CAPTURE_MPLANE
13779.463167,v4l2_dqbuf,0,VIDEO_OUTPUT_MPLANE
13779.473030,v4l2_qbuf,0,VIDEO_OUTPUT_MPLANE
13779.473044,v4l2_qbuf,1,VIDEO_CAPTURE_MPLANE
13779.476324,v4l2_dqbuf,1,VIDEO_CAPTURE_MPLANE
13779.476345,v4l2_dqbuf,0,VIDEO_OUTPUT_MPLANE
13779.490040,v4l2_qbuf,0,VIDEO_OUTPUT_MPLANE
13779.490074,v4l2_qbuf,4,VIDEO_CAPTURE_MPLANE
13779.492384,v4l2_dqbuf,4,VIDEO_CAPTURE_MPLANE
13779.492395,v4l2_dqbuf,0,VIDEO_OUTPUT_MPLANE
13779.523154,v4l2_qbuf,0,VIDEO_OUTPUT_MPLANE
13779.523172,v4l2_qbuf,0,VIDEO_CAPTURE_MPLANE
13779.526328,v4l2_dqbuf,0,VIDEO_CAPTURE_MPLANE
13779.526352,v4l2_dqbuf,0,VIDEO_OUTPUT_MPLANE
13779.526476,v4l2_qbuf,0,VIDEO_OUTPUT_MPLANE
13779.526497,v4l2_qbuf,3,VIDEO_CAPTURE_MPLANE
13779.529576,v4l2_dqbuf,3,VIDEO_CAPTURE_MPLANE
13779.529698,v4l2_dqbuf,0,VIDEO_OUTPUT_MPLANE
13779.543115,v4l2_qbuf,0,VIDEO_OUTPUT_MPLANE
13779.543155,v4l2_qbuf,5,VIDEO_CAPTURE_MPLANE
13779.546475,v4l2_dqbuf,5,VIDEO_CAPTURE_MPLANE
13779.546507,v4l2_dqbuf,0,VIDEO_OUTPUT_MPLANE
13779.556789,v4l2_qbuf,0,VIDEO_OUTPUT_MPLANE
13779.556817,v4l2_qbuf,1,VIDEO_CAPTURE_MPLANE
13779.559129,v4l2_dqbuf,1,VIDEO_CAPTURE_MPLANE
13779.559146,v4l2_dqbuf,0,VIDEO_OUTPUT_MPLANE
13779.590051,v4l2_qbuf,0,VIDEO_OUTPUT_MPLANE
13779.590095,v4l2_qbuf,3,VIDEO_CAPTURE_MPLANE
13779.593500,v4l2_dqbuf,3,VIDEO_CAPTURE_MPLANE
13779.593540,v4l2_dqbuf,0,VIDEO_OUTPUT_MPLANE
13779.593743,v4l2_qbuf,0,VIDEO_OUTPUT_MPLANE
13779.593770,v4l2_qbuf,2,VIDEO_CAPTURE_MPLANE
13779.597090,v4l2_dqbuf,2,VIDEO_CAPTURE_MPLANE
13779.597294,v4l2_dqbuf,0,VIDEO_OUTPUT_MPLANE
13779.607110,v4l2_qbuf,0,VIDEO_OUTPUT_MPLANE
13779.607149,v4l2_qbuf,0,VIDEO_CAPTURE_MPLANE
13779.609129,v4l2_dqbuf,0,VIDEO_CAPTURE_MPLANE
13779.609163,v4l2_dqbuf,0,VIDEO_OUTPUT_MPLANE
13779.623653,v4l2_qbuf,0,VIDEO_OUTPUT_MPLANE
13779.623688,v4l2_qbuf,5,VIDEO_CAPTURE_MPLANE
13779.625791,v4l2_dqbuf,5,VIDEO_CAPTURE_MPLANE
13779.625810,v4l2_dqbuf,0,VIDEO_OUTPUT_MPLANE
13779.639924,v4l2_qbuf,0,VIDEO_OUTPUT_MPLANE
13779.639950,v4l2_qbuf,4,VIDEO_CAPTURE_MPLANE
13779.643214,v4l2_dqbuf,4,VIDEO_CAPTURE_MPLANE
13779.643235,v4l2_dqbuf,0,VIDEO_OUTPUT_MPLANE
13779.656618,v4l2_qbuf,0,VIDEO_OUTPUT_MPLANE
13779.656633,v4l2_qbuf,3,VIDEO_CAPTURE_MPLANE
13779.659862,v4l2_dqbuf,3,VIDEO_CAPTURE_MPLANE
13779.659927,v4l2_dqbuf,0,VIDEO_OUTPUT_MPLANE
13779.673180,v4l2_qbuf,0,VIDEO_OUTPUT_MPLANE
13779.673199,v4l2_qbuf,2,VIDEO_CAPTURE_MPLANE
13779.676327,v4l2_dqbuf,2,VIDEO_CAPTURE_MPLANE
13779.676336,v4l2_dqbuf,0,VIDEO_OUTPUT_MPLANE
13779.689787,v4l2_qbuf,0,VIDEO_OUTPUT_MPLANE
13779.689801,v4l2_qbuf,1,VIDEO_CAPTURE_MPLANE
13779.691920,v4l2_dqbuf,1,VIDEO_CAPTURE_MPLANE
13779.691943,v4l2_dqbuf,0,VIDEO_OUTPUT_MPLANE
13779.722982,v4l2_qbuf,0,VIDEO_OUTPUT_MPLANE
13779.723024,v4l2_qbuf,3,VIDEO_CAPTURE_MPLANE
13779.726317,v4l2_dqbuf,3,VIDEO_CAPTURE_MPLANE
13779.726338,v4l2_dqbuf,0,VIDEO_OUTPUT_MPLANE
13779.726501,v4l2_qbuf,0,VIDEO_OUTPUT_MPLANE
13779.726520,v4l2_qbuf,0,VIDEO_CAPTURE_MPLANE
13779.729848,v4l2_dqbuf,0,VIDEO_CAPTURE_MPLANE
13779.729934,v4l2_dqbuf,0,VIDEO_OUTPUT_MPLANE
13779.739739,v4l2_qbuf,0,VIDEO_OUTPUT_MPLANE
13779.739758,v4l2_qbuf,4,VIDEO_CAPTURE_MPLANE
13779.742775,v4l2_dqbuf,4,VIDEO_CAPTURE_MPLANE
13779.742785,v4l2_dqbuf,0,VIDEO_OUTPUT_MPLANE
13779.756738,v4l2_qbuf,0,VIDEO_OUTPUT_MPLANE
13779.756776,v4l2_qbuf,2,VIDEO_CAPTURE_MPLANE
13779.759026,v4l2_dqbuf,2,VIDEO_CAPTURE_MPLANE
13779.759051,v4l2_dqbuf,0,VIDEO_OUTPUT_MPLANE
13779.789787,v4l2_qbuf,0,VIDEO_OUTPUT_MPLANE
13779.789821,v4l2_qbuf,0,VIDEO_CAPTURE_MPLANE
13779.793211,v4l2_dqbuf,0,VIDEO_CAPTURE_MPLANE
13779.793244,v4l2_dqbuf,0,VIDEO_OUTPUT_MPLANE
13779.793415,v4l2_qbuf,0,VIDEO_OUTPUT_MPLANE
13779.793436,v4l2_qbuf,5,VIDEO_CAPTURE_MPLANE
13779.799090,v4l2_dqbuf,5,VIDEO_CAPTURE_MPLANE
13779.799306,v4l2_dqbuf,0,VIDEO_OUTPUT_MPLANE
13779.806349,v4l2_qbuf,0,VIDEO_OUTPUT_MPLANE
13779.806378,v4l2_qbuf,3,VIDEO_CAPTURE_MPLANE
13779.809633,v4l2_dqbuf,3,VIDEO_CAPTURE_MPLANE
13779.809653,v4l2_dqbuf,0,VIDEO_OUTPUT_MPLANE
13779.823326,v4l2_qbuf,0,VIDEO_OUTPUT_MPLANE
13779.823356,v4l2_qbuf,4,VIDEO_CAPTURE_MPLANE
13779.825468,v4l2_dqbuf,4,VIDEO_CAPTURE_MPLANE
13779.825491,v4l2_dqbuf,0,VIDEO_OUTPUT_MPLANE
13779.856516,v4l2_qbuf,0,VIDEO_OUTPUT_MPLANE
13779.856560,v4l2_qbuf,5,VIDEO_CAPTURE_MPLANE
13779.859822,v4l2_dqbuf,5,VIDEO_CAPTURE_MPLANE
13779.859860,v4l2_dqbuf,0,VIDEO_OUTPUT_MPLANE
13779.860038,v4l2_qbuf,0,VIDEO_OUTPUT_MPLANE
13779.860060,v4l2_qbuf,0,VIDEO_CAPTURE_MPLANE
13779.860263,v4l2_qbuf,1,VIDEO_OUTPUT_MPLANE
13779.860273,v4l2_qbuf,1,VIDEO_CAPTURE_MPLANE
13779.863280,v4l2_dqbuf,0,VIDEO_CAPTURE_MPLANE
13779.863475,v4l2_dqbuf,0,VIDEO_OUTPUT_MPLANE
13779.869107,v4l2_dqbuf,1,VIDEO_CAPTURE_MPLANE
13779.869140,v4l2_dqbuf,1,VIDEO_OUTPUT_MPLANE
13779.889896,v4l2_qbuf,0,VIDEO_OUTPUT_MPLANE
13779.889928,v4l2_qbuf,3,VIDEO_CAPTURE_MPLANE
13779.892254,v4l2_dqbuf,3,VIDEO_CAPTURE_MPLANE
13779.892280,v4l2_dqbuf,0,VIDEO_OUTPUT_MPLANE
13779.923230,v4l2_qbuf,0,VIDEO_OUTPUT_MPLANE
13779.923248,v4l2_qbuf,0,VIDEO_CAPTURE_MPLANE
13779.926346,v4l2_dqbuf,0,VIDEO_CAPTURE_MPLANE
13779.926366,v4l2_dqbuf,0,VIDEO_OUTPUT_MPLANE
13779.926519,v4l2_qbuf,0,VIDEO_OUTPUT_MPLANE
13779.926534,v4l2_qbuf,2,VIDEO_CAPTURE_MPLANE
13779.929599,v4l2_dqbuf,2,VIDEO_CAPTURE_MPLANE
13779.929677,v4l2_dqbuf,0,VIDEO_OUTPUT_MPLANE
13779.939941,v4l2_qbuf,0,VIDEO_OUTPUT_MPLANE
13779.939955,v4l2_qbuf,5,VIDEO_CAPTURE_MPLANE
13779.943221,v4l2_dqbuf,5,VIDEO_CAPTURE_MPLANE
13779.943236,v4l2_dqbuf,0,VIDEO_OUTPUT_MPLANE
13779.956722,v4l2_qbuf,0,VIDEO_OUTPUT_MPLANE
13779.956750,v4l2_qbuf,1,VIDEO_CAPTURE_MPLANE
13779.959090,v4l2_dqbuf,1,VIDEO_CAPTURE_MPLANE
13779.959113,v4l2_dqbuf,0,VIDEO_OUTPUT_MPLANE
13779.994692,v4l2_qbuf,0,VIDEO_OUTPUT_MPLANE
13779.994740,v4l2_qbuf,2,VIDEO_CAPTURE_MPLANE
13779.998103,v4l2_dqbuf,2,VIDEO_CAPTURE_MPLANE
13779.998155,v4l2_dqbuf,0,VIDEO_OUTPUT_MPLANE
13779.998373,v4l2_qbuf,0,VIDEO_OUTPUT_MPLANE
13779.998406,v4l2_qbuf,0,VIDEO_CAPTURE_MPLANE
13779.998724,v4l2_qbuf,1,VIDEO_OUTPUT_MPLANE
13779.998743,v4l2_qbuf,4,VIDEO_CAPTURE_MPLANE
13780.001976,v4l2_dqbuf,0,VIDEO_CAPTURE_MPLANE
13780.002282,v4l2_dqbuf,0,VIDEO_OUTPUT_MPLANE
13780.005259,v4l2_dqbuf,4,VIDEO_CAPTURE_MPLANE
13780.005281,v4l2_dqbuf,1,VIDEO_OUTPUT_MPLANE
13780.027231,v4l2_qbuf,0,VIDEO_OUTPUT_MPLANE
13780.027247,v4l2_qbuf,5,VIDEO_CAPTURE_MPLANE
13780.029455,v4l2_dqbuf,5,VIDEO_CAPTURE_MPLANE
13780.029467,v4l2_dqbuf,0,VIDEO_OUTPUT_MPLANE
13780.060721,v4l2_qbuf,0,VIDEO_OUTPUT_MPLANE
13780.060748,v4l2_qbuf,0,VIDEO_CAPTURE_MPLANE
13780.064266,v4l2_dqbuf,0,VIDEO_CAPTURE_MPLANE
13780.064297,v4l2_dqbuf,0,VIDEO_OUTPUT_MPLANE
13780.064428,v4l2_qbuf,0,VIDEO_OUTPUT_MPLANE
13780.064447,v4l2_qbuf,3,VIDEO_CAPTURE_MPLANE
13780.067587,v4l2_dqbuf,3,VIDEO_CAPTURE_MPLANE
13780.067659,v4l2_dqbuf,0,VIDEO_OUTPUT_MPLANE
13780.078608,v4l2_qbuf,0,VIDEO_OUTPUT_MPLANE
13780.078623,v4l2_qbuf,2,VIDEO_CAPTURE_MPLANE
13780.081851,v4l2_dqbuf,2,VIDEO_CAPTURE_MPLANE
13780.081861,v4l2_dqbuf,0,VIDEO_OUTPUT_MPLANE
13780.093697,v4l2_qbuf,0,VIDEO_OUTPUT_MPLANE
13780.093712,v4l2_qbuf,4,VIDEO_CAPTURE_MPLANE
13780.095790,v4l2_dqbuf,4,VIDEO_CAPTURE_MPLANE
13780.095797,v4l2_dqbuf,0,VIDEO_OUTPUT_MPLANE
13780.127346,v4l2_qbuf,0,VIDEO_OUTPUT_MPLANE
13780.127366,v4l2_qbuf,3,VIDEO_CAPTURE_MPLANE
13780.130450,v4l2_dqbuf,3,VIDEO_CAPTURE_MPLANE
13780.130472,v4l2_dqbuf,0,VIDEO_OUTPUT_MPLANE
13780.130579,v4l2_qbuf,0,VIDEO_OUTPUT_MPLANE
13780.130595,v4l2_qbuf,1,VIDEO_CAPTURE_MPLANE
13780.133802,v4l2_dqbuf,1,VIDEO_CAPTURE_MPLANE
13780.133920,v4l2_dqbuf,0,VIDEO_OUTPUT_MPLANE
13780.144173,v4l2_qbuf,0,VIDEO_OUTPUT_MPLANE
13780.144189,v4l2_qbuf,0,VIDEO_CAPTURE_MPLANE
13780.148248,v4l2_dqbuf,0,VIDEO_CAPTURE_MPLANE
13780.148265,v4l2_dqbuf,0,VIDEO_OUTPUT_MPLANE
13780.160866,v4l2_qbuf,0,VIDEO_OUTPUT_MPLANE
13780.160883,v4l2_qbuf,2,VIDEO_CAPTURE_MPLANE
13780.163126,v4l2_dqbuf,2,VIDEO_CAPTURE_MPLANE
13780.163140,v4l2_dqbuf,0,VIDEO_OUTPUT_MPLANE
13780.193938,v4l2_qbuf,0,VIDEO_OUTPUT_MPLANE
13780.193957,v4l2_qbuf,1,VIDEO_CAPTURE_MPLANE
13780.197124,v4l2_dqbuf,1,VIDEO_CAPTURE_MPLANE
13780.197144,v4l2_dqbuf,0,VIDEO_OUTPUT_MPLANE
13780.197282,v4l2_qbuf,0,VIDEO_OUTPUT_MPLANE
13780.197306,v4l2_qbuf,5,VIDEO_CAPTURE_MPLANE
13780.200534,v4l2_dqbuf,5,VIDEO_CAPTURE_MPLANE
13780.200590,v4l2_dqbuf,0,VIDEO_OUTPUT_MPLANE
13780.210711,v4l2_qbuf,0,VIDEO_OUTPUT_MPLANE
13780.210742,v4l2_qbuf,3,VIDEO_CAPTURE_MPLANE
13780.213958,v4l2_dqbuf,3,VIDEO_CAPTURE_MPLANE
13780.213977,v4l2_dqbuf,0,VIDEO_OUTPUT_MPLANE
13780.227583,v4l2_qbuf,0,VIDEO_OUTPUT_MPLANE
13780.227626,v4l2_qbuf,0,VIDEO_CAPTURE_MPLANE
13780.229832,v4l2_dqbuf,0,VIDEO_CAPTURE_MPLANE
13780.229857,v4l2_dqbuf,0,VIDEO_OUTPUT_MPLANE
13780.260593,v4l2_qbuf,0,VIDEO_OUTPUT_MPLANE
13780.260611,v4l2_qbuf,5,VIDEO_CAPTURE_MPLANE
13780.263910,v4l2_dqbuf,5,VIDEO_CAPTURE_MPLANE
13780.263933,v4l2_dqbuf,0,VIDEO_OUTPUT_MPLANE
13780.264077,v4l2_qbuf,0,VIDEO_OUTPUT_MPLANE
13780.264111,v4l2_qbuf,4,VIDEO_CAPTURE_MPLANE
13780.267335,v4l2_dqbuf,4,VIDEO_CAPTURE_MPLANE
13780.267430,v4l2_dqbuf,0,VIDEO_OUTPUT_MPLANE
13780.277042,v4l2_qbuf,0,VIDEO_OUTPUT_MPLANE
13780.277079,v4l2_qbuf,1,VIDEO_CAPTURE_MPLANE
13780.280142,v4l2_dqbuf,1,VIDEO_CAPTURE_MPLANE
13780.280154,v4l2_dqbuf,0,VIDEO_OUTPUT_MPLANE
13780.294135,v4l2_qbuf,0,VIDEO_OUTPUT_MPLANE
13780.294154,v4l2_qbuf,3,VIDEO_CAPTURE_MPLANE
13780.296505,v4l2_dqbuf,3,VIDEO_CAPTURE_MPLANE
13780.296522,v4l2_dqbuf,0,VIDEO_OUTPUT_MPLANE
13780.327438,v4l2_qbuf,0,VIDEO_OUTPUT_MPLANE
13780.327452,v4l2_qbuf,4,VIDEO_CAPTURE_MPLANE
13780.330556,v4l2_dqbuf,4,VIDEO_CAPTURE_MPLANE
13780.330571,v4l2_dqbuf,0,VIDEO_OUTPUT_MPLANE
13780.330647,v4l2_qbuf,0,VIDEO_OUTPUT_MPLANE
13780.330657,v4l2_qbuf,2,VIDEO_CAPTURE_MPLANE
13780.333939,v4l2_dqbuf,2,VIDEO_CAPTURE_MPLANE
13780.334023,v4l2_dqbuf,0,VIDEO_OUTPUT_MPLANE
13780.344137,v4l2_qbuf,0,VIDEO_OUTPUT_MPLANE
13780.344174,v4l2_qbuf,5,VIDEO_CAPTURE_MPLANE
13780.350102,v4l2_dqbuf,5,VIDEO_CAPTURE_MPLANE
13780.350136,v4l2_dqbuf,0,VIDEO_OUTPUT_MPLANE
13780.360582,v4l2_qbuf,0,VIDEO_OUTPUT_MPLANE
13780.360602,v4l2_qbuf,1,VIDEO_CAPTURE_MPLANE
13780.362766,v4l2_dqbuf,1,VIDEO_CAPTURE_MPLANE
13780.362778,v4l2_dqbuf,0,VIDEO_OUTPUT_MPLANE
13780.396889,v4l2_qbuf,0,VIDEO_OUTPUT_MPLANE
13780.396911,v4l2_qbuf,2,VIDEO_CAPTURE_MPLANE
13780.400330,v4l2_dqbuf,2,VIDEO_CAPTURE_MPLANE
13780.400372,v4l2_dqbuf,0,VIDEO_OUTPUT_MPLANE
13780.400566,v4l2_qbuf,0,VIDEO_OUTPUT_MPLANE
13780.400591,v4l2_qbuf,0,VIDEO_CAPTURE_MPLANE
13780.403740,v4l2_dqbuf,0,VIDEO_CAPTURE_MPLANE
13780.403861,v4l2_dqbuf,0,VIDEO_OUTPUT_MPLANE
13780.410631,v4l2_qbuf,0,VIDEO_OUTPUT_MPLANE
13780.410649,v4l2_qbuf,4,VIDEO_CAPTURE_MPLANE
13780.413924,v4l2_dqbuf,4,VIDEO_CAPTURE_MPLANE
13780.413943,v4l2_dqbuf,0,VIDEO_OUTPUT_MPLANE
13780.430219,v4l2_qbuf,0,VIDEO_OUTPUT_MPLANE
13780.430247,v4l2_qbuf,5,VIDEO_CAPTURE_MPLANE
13780.432442,v4l2_dqbuf,5,VIDEO_CAPTURE_MPLANE
13780.432453,v4l2_dqbuf,0,VIDEO_OUTPUT_MPLANE
13780.465737,v4l2_qbuf,0,VIDEO_OUTPUT_MPLANE
13780.465757,v4l2_qbuf,0,VIDEO_CAPTURE_MPLANE
13780.468911,v4l2_dqbuf,0,VIDEO_CAPTURE_MPLANE
13780.468934,v4l2_dqbuf,0,VIDEO_OUTPUT_MPLANE
13780.469059,v4l2_qbuf,0,VIDEO_OUTPUT_MPLANE
13780.469074,v4l2_qbuf,3,VIDEO_CAPTURE_MPLANE
13780.472199,v4l2_dqbuf,3,VIDEO_CAPTURE_MPLANE
13780.472269,v4l2_dqbuf,0,VIDEO_OUTPUT_MPLANE
13780.480802,v4l2_qbuf,0,VIDEO_OUTPUT_MPLANE
13780.480824,v4l2_qbuf,2,VIDEO_CAPTURE_MPLANE
13780.484177,v4l2_dqbuf,2,VIDEO_CAPTURE_MPLANE
13780.484193,v4l2_dqbuf,0,VIDEO_OUTPUT_MPLANE
13780.496871,v4l2_qbuf,0,VIDEO_OUTPUT_MPLANE
13780.496888,v4l2_qbuf,4,VIDEO_CAPTURE_MPLANE
13780.499139,v4l2_dqbuf,4,VIDEO_CAPTURE_MPLANE
13780.499154,v4l2_dqbuf,0,VIDEO_OUTPUT_MPLANE
13780.530620,v4l2_qbuf,0,VIDEO_OUTPUT_MPLANE
13780.530638,v4l2_qbuf,3,VIDEO_CAPTURE_MPLANE
13780.537107,v4l2_dqbuf,3,VIDEO_CAPTURE_MPLANE
13780.537163,v4l2_dqbuf,0,VIDEO_OUTPUT_MPLANE
13780.537377,v4l2_qbuf,0,VIDEO_OUTPUT_MPLANE
13780.537407,v4l2_qbuf,1,VIDEO_CAPTURE_MPLANE
13780.540803,v4l2_dqbuf,1,VIDEO_CAPTURE_MPLANE
13780.540883,v4l2_dqbuf,0,VIDEO_OUTPUT_MPLANE
13780.547023,v4l2_qbuf,0,VIDEO_OUTPUT_MPLANE
13780.547042,v4l2_qbuf,0,VIDEO_CAPTURE_MPLANE
13780.551204,v4l2_dqbuf,0,VIDEO_CAPTURE_MPLANE
13780.551229,v4l2_dqbuf,0,VIDEO_OUTPUT_MPLANE
13780.565247,v4l2_qbuf,0,VIDEO_OUTPUT_MPLANE
13780.565268,v4l2_qbuf,2,VIDEO_CAPTURE_MPLANE
13780.567473,v4l2_dqbuf,2,VIDEO_CAPTURE_MPLANE
13780.567486,v4l2_dqbuf,0,VIDEO_OUTPUT_MPLANE
13780.597272,v4l2_qbuf,0,VIDEO_OUTPUT_MPLANE
13780.597342,v4l2_qbuf,1,VIDEO_CAPTURE_MPLANE
13780.600747,v4l2_dqbuf,1,VIDEO_CAPTURE_MPLANE
13780.600782,v4l2_dqbuf,0,VIDEO_OUTPUT_MPLANE
13780.600945,v4l2_qbuf,0,VIDEO_OUTPUT_MPLANE
13780.600968,v4l2_qbuf,5,VIDEO_CAPTURE_MPLANE
13780.604239,v4l2_dqbuf,5,VIDEO_CAPTURE_MPLANE
13780.604394,v4l2_dqbuf,0,VIDEO_OUTPUT_MPLANE
13780.613696,v4l2_qbuf,0,VIDEO_OUTPUT_MPLANE
13780.613724,v4l2_qbuf,3,VIDEO_CAPTURE_MPLANE
13780.615604,v4l2_dqbuf,3,VIDEO_CAPTURE_MPLANE
13780.615619,v4l2_dqbuf,0,VIDEO_OUTPUT_MPLANE
13780.632551,v4l2_qbuf,0,VIDEO_OUTPUT_MPLANE
13780.632570,v4l2_qbuf,0,VIDEO_CAPTURE_MPLANE
13780.634755,v4l2_dqbuf,0,VIDEO_CAPTURE_MPLANE
13780.634775,v4l2_dqbuf,0,VIDEO_OUTPUT_MPLANE
13780.647220,v4l2_qbuf,0,VIDEO_OUTPUT_MPLANE
13780.647256,v4l2_qbuf,4,VIDEO_CAPTURE_MPLANE
13780.651668,v4l2_dqbuf,4,VIDEO_CAPTURE_MPLANE
13780.651710,v4l2_dqbuf,0,VIDEO_OUTPUT_MPLANE
13780.663855,v4l2_qbuf,0,VIDEO_OUTPUT_MPLANE
13780.663885,v4l2_qbuf,1,VIDEO_CAPTURE_MPLANE
13780.667148,v4l2_dqbuf,1,VIDEO_CAPTURE_MPLANE
13780.667305,v4l2_dqbuf,0,VIDEO_OUTPUT_MPLANE
13780.680288,v4l2_qbuf,0,VIDEO_OUTPUT_MPLANE
13780.680345,v4l2_qbuf,5,VIDEO_CAPTURE_MPLANE
13780.685174,v4l2_dqbuf,5,VIDEO_CAPTURE_MPLANE
13780.685189,v4l2_dqbuf,0,VIDEO_OUTPUT_MPLANE
13780.696924,v4l2_qbuf,0,VIDEO_OUTPUT_MPLANE
13780.696944,v4l2_qbuf,2,VIDEO_CAPTURE_MPLANE
13780.700098,v4l2_dqbuf,2,VIDEO_CAPTURE_MPLANE
13780.700120,v4l2_dqbuf,0,VIDEO_OUTPUT_MPLANE
13780.731521,v4l2_qbuf,0,VIDEO_OUTPUT_MPLANE
13780.731562,v4l2_qbuf,1,VIDEO_CAPTURE_MPLANE
13780.734839,v4l2_dqbuf,1,VIDEO_CAPTURE_MPLANE
13780.734889,v4l2_dqbuf,0,VIDEO_OUTPUT_MPLANE
13780.735170,v4l2_qbuf,0,VIDEO_OUTPUT_MPLANE
13780.735203,v4l2_qbuf,3,VIDEO_CAPTURE_MPLANE
13780.738432,v4l2_dqbuf,3,VIDEO_CAPTURE_MPLANE
13780.738555,v4l2_dqbuf,0,VIDEO_OUTPUT_MPLANE
13780.750095,v4l2_qbuf,0,VIDEO_OUTPUT_MPLANE
13780.750138,v4l2_qbuf,4,VIDEO_CAPTURE_MPLANE
13780.753686,v4l2_dqbuf,4,VIDEO_CAPTURE_MPLANE
13780.753707,v4l2_dqbuf,0,VIDEO_OUTPUT_MPLANE
13780.766368,v4l2_qbuf,0,VIDEO_OUTPUT_MPLANE
13780.766394,v4l2_qbuf,5,VIDEO_CAPTURE_MPLANE
13780.770492,v4l2_dqbuf,5,VIDEO_CAPTURE_MPLANE
13780.770514,v4l2_dqbuf,0,VIDEO_OUTPUT_MPLANE
13780.799800,v4l2_qbuf,0,VIDEO_OUTPUT_MPLANE
13780.799830,v4l2_qbuf,3,VIDEO_CAPTURE_MPLANE
13780.806107,v4l2_dqbuf,3,VIDEO_CAPTURE_MPLANE
13780.806163,v4l2_dqbuf,0,VIDEO_OUTPUT_MPLANE
13780.806371,v4l2_qbuf,0,VIDEO_OUTPUT_MPLANE
13780.806409,v4l2_qbuf,0,VIDEO_CAPTURE_MPLANE
13780.809705,v4l2_dqbuf,0,VIDEO_CAPTURE_MPLANE
13780.809763,v4l2_dqbuf,0,VIDEO_OUTPUT_MPLANE
13780.816253,v4l2_qbuf,0,VIDEO_OUTPUT_MPLANE
13780.816269,v4l2_qbuf,1,VIDEO_CAPTURE_MPLANE
13780.819362,v4l2_dqbuf,1,VIDEO_CAPTURE_MPLANE
13780.819373,v4l2_dqbuf,0,VIDEO_OUTPUT_MPLANE
13780.832844,v4l2_qbuf,0,VIDEO_OUTPUT_MPLANE
13780.832866,v4l2_qbuf,4,VIDEO_CAPTURE_MPLANE
13780.835057,v4l2_dqbuf,4,VIDEO_CAPTURE_MPLANE
13780.835078,v4l2_dqbuf,0,VIDEO_OUTPUT_MPLANE
13780.867726,v4l2_qbuf,0,VIDEO_OUTPUT_MPLANE
13780.867764,v4l2_qbuf,0,VIDEO_CAPTURE_MPLANE
13780.871026,v4l2_dqbuf,0,VIDEO_CAPTURE_MPLANE
13780.871050,v4l2_dqbuf,0,VIDEO_OUTPUT_MPLANE
13780.871150,v4l2_qbuf,0,VIDEO_OUTPUT_MPLANE
13780.871164,v4l2_qbuf,2,VIDEO_CAPTURE_MPLANE
13780.874212,v4l2_dqbuf,2,VIDEO_CAPTURE_MPLANE
13780.874296,v4l2_dqbuf,0,VIDEO_OUTPUT_MPLANE
13780.882661,v4l2_qbuf,0,VIDEO_OUTPUT_MPLANE
13780.882684,v4l2_qbuf,3,VIDEO_CAPTURE_MPLANE
13780.885988,v4l2_dqbuf,3,VIDEO_CAPTURE_MPLANE
13780.886000,v4l2_dqbuf,0,VIDEO_OUTPUT_MPLANE
13780.899513,v4l2_qbuf,0,VIDEO_OUTPUT_MPLANE
13780.899532,v4l2_qbuf,1,VIDEO_CAPTURE_MPLANE
13780.901734,v4l2_dqbuf,1,VIDEO_CAPTURE_MPLANE
13780.901744,v4l2_dqbuf,0,VIDEO_OUTPUT_MPLANE
13780.932752,v4l2_qbuf,0,VIDEO_OUTPUT_MPLANE
13780.932770,v4l2_qbuf,2,VIDEO_CAPTURE_MPLANE
13780.936091,v4l2_dqbuf,2,VIDEO_CAPTURE_MPLANE
13780.936119,v4l2_dqbuf,0,VIDEO_OUTPUT_MPLANE
13780.936247,v4l2_qbuf,0,VIDEO_OUTPUT_MPLANE
13780.936265,v4l2_qbuf,5,VIDEO_CAPTURE_MPLANE
13780.939523,v4l2_dqbuf,5,VIDEO_CAPTURE_MPLANE
13780.939619,v4l2_dqbuf,0,VIDEO_OUTPUT_MPLANE
13780.951248,v4l2_qbuf,0,VIDEO_OUTPUT_MPLANE
13780.951270,v4l2_qbuf,0,VIDEO_CAPTURE_MPLANE
13780.954496,v4l2_dqbuf,0,VIDEO_CAPTURE_MPLANE
13780.954510,v4l2_dqbuf,0,VIDEO_OUTPUT_MPLANE
13780.966952,v4l2_qbuf,0,VIDEO_OUTPUT_MPLANE
13780.966981,v4l2_qbuf,3,VIDEO_CAPTURE_MPLANE
13780.969097,v4l2_dqbuf,3,VIDEO_CAPTURE_MPLANE
13780.969108,v4l2_dqbuf,0,VIDEO_OUTPUT_MPLANE
13781.001802,v4l2_qbuf,0,VIDEO_OUTPUT_MPLANE
13781.001841,v4l2_qbuf,5,VIDEO_CAPTURE_MPLANE
13781.005273,v4l2_dqbuf,5,VIDEO_CAPTURE_MPLANE
13781.005297,v4l2_dqbuf,0,VIDEO_OUTPUT_MPLANE
13781.005414,v4l2_qbuf,0,VIDEO_OUTPUT_MPLANE
13781.005434,v4l2_qbuf,4,VIDEO_CAPTURE_MPLANE
13781.008655,v4l2_dqbuf,4,VIDEO_CAPTURE_MPLANE
13781.008754,v4l2_dqbuf,0,VIDEO_OUTPUT_MPLANE
13781.020809,v4l2_qbuf,0,VIDEO_OUTPUT_MPLANE
13781.020882,v4l2_qbuf,2,VIDEO_CAPTURE_MPLANE
13781.024178,v4l2_dqbuf,2,VIDEO_CAPTURE_MPLANE
13781.024191,v4l2_dqbuf,0,VIDEO_OUTPUT_MPLANE
13781.035077,v4l2_qbuf,0,VIDEO_OUTPUT_MPLANE
13781.035103,v4l2_qbuf,0,VIDEO_CAPTURE_MPLANE
13781.037314,v4l2_dqbuf,0,VIDEO_CAPTURE_MPLANE
13781.037327,v4l2_dqbuf,0,VIDEO_OUTPUT_MPLANE
13781.071118,v4l2_qbuf,0,VIDEO_OUTPUT_MPLANE
13781.071137,v4l2_qbuf,4,VIDEO_CAPTURE_MPLANE
13781.074183,v4l2_dqbuf,4,VIDEO_CAPTURE_MPLANE
13781.074203,v4l2_dqbuf,0,VIDEO_OUTPUT_MPLANE
13781.074288,v4l2_qbuf,0,VIDEO_OUTPUT_MPLANE
13781.074304,v4l2_qbuf,1,VIDEO_CAPTURE_MPLANE
13781.079523,v4l2_dqbuf,1,VIDEO_CAPTURE_MPLANE
13781.079635,v4l2_dqbuf,0,VIDEO_OUTPUT_MPLANE
13781.087902,v4l2_qbuf,0,VIDEO_OUTPUT_MPLANE
13781.087923,v4l2_qbuf,5,VIDEO_CAPTURE_MPLANE
13781.091076,v4l2_dqbuf,5,VIDEO_CAPTURE_MPLANE
13781.091086,v4l2_dqbuf,0,VIDEO_OUTPUT_MPLANE
13781.105879,v4l2_qbuf,0,VIDEO_OUTPUT_MPLANE
13781.105900,v4l2_qbuf,2,VIDEO_CAPTURE_MPLANE
13781.108238,v4l2_dqbuf,2,VIDEO_CAPTURE_MPLANE
13781.108254,v4l2_dqbuf,0,VIDEO_OUTPUT_MPLANE
13781.140391,v4l2_qbuf,0,VIDEO_OUTPUT_MPLANE
13781.140419,v4l2_qbuf,1,VIDEO_CAPTURE_MPLANE
13781.143685,v4l2_dqbuf,1,VIDEO_CAPTURE_MPLANE
13781.143708,v4l2_dqbuf,0,VIDEO_OUTPUT_MPLANE
13781.143822,v4l2_qbuf,0,VIDEO_OUTPUT_MPLANE
13781.143839,v4l2_qbuf,3,VIDEO_CAPTURE_MPLANE
13781.147243,v4l2_dqbuf,3,VIDEO_CAPTURE_MPLANE
13781.147512,v4l2_dqbuf,0,VIDEO_OUTPUT_MPLANE
13781.154730,v4l2_qbuf,0,VIDEO_OUTPUT_MPLANE
13781.154761,v4l2_qbuf,4,VIDEO_CAPTURE_MPLANE
13781.158141,v4l2_dqbuf,4,VIDEO_CAPTURE_MPLANE
13781.158158,v4l2_dqbuf,0,VIDEO_OUTPUT_MPLANE
13781.171171,v4l2_qbuf,0,VIDEO_OUTPUT_MPLANE
13781.171201,v4l2_qbuf,5,VIDEO_CAPTURE_MPLANE
13781.173397,v4l2_dqbuf,5,VIDEO_CAPTURE_MPLANE
13781.173410,v4l2_dqbuf,0,VIDEO_OUTPUT_MPLANE
13781.204853,v4l2_qbuf,0,VIDEO_OUTPUT_MPLANE
13781.204870,v4l2_qbuf,3,VIDEO_CAPTURE_MPLANE
13781.207942,v4l2_dqbuf,3,VIDEO_CAPTURE_MPLANE
13781.207964,v4l2_dqbuf,0,VIDEO_OUTPUT_MPLANE
13781.208082,v4l2_qbuf,0,VIDEO_OUTPUT_MPLANE
13781.208099,v4l2_qbuf,0,VIDEO_CAPTURE_MPLANE
13781.211131,v4l2_dqbuf,0,VIDEO_CAPTURE_MPLANE
13781.211212,v4l2_dqbuf,0,VIDEO_OUTPUT_MPLANE
13781.221120,v4l2_qbuf,0,VIDEO_OUTPUT_MPLANE
13781.221140,v4l2_qbuf,1,VIDEO_CAPTURE_MPLANE
13781.224369,v4l2_dqbuf,1,VIDEO_CAPTURE_MPLANE
13781.224382,v4l2_dqbuf,0,VIDEO_OUTPUT_MPLANE
13781.237917,v4l2_qbuf,0,VIDEO_OUTPUT_MPLANE
13781.237937,v4l2_qbuf,4,VIDEO_CAPTURE_MPLANE
13781.240104,v4l2_dqbuf,4,VIDEO_CAPTURE_MPLANE
13781.240126,v4l2_dqbuf,0,VIDEO_OUTPUT_MPLANE
13781.272365,v4l2_qbuf,0,VIDEO_OUTPUT_MPLANE
13781.272385,v4l2_qbuf,0,VIDEO_CAPTURE_MPLANE
13781.275639,v4l2_dqbuf,0,VIDEO_CAPTURE_MPLANE
13781.275690,v4l2_dqbuf,0,VIDEO_OUTPUT_MPLANE
13781.275888,v4l2_qbuf,0,VIDEO_OUTPUT_MPLANE
13781.275915,v4l2_qbuf,2,VIDEO_CAPTURE_MPLANE
13781.279182,v4l2_dqbuf,2,VIDEO_CAPTURE_MPLANE
13781.279363,v4l2_dqbuf,0,VIDEO_OUTPUT_MPLANE
13781.288017,v4l2_qbuf,0,VIDEO_OUTPUT_MPLANE
13781.288041,v4l2_qbuf,3,VIDEO_CAPTURE_MPLANE
13781.291168,v4l2_dqbuf,3,VIDEO_CAPTURE_MPLANE
13781.291180,v4l2_dqbuf,0,VIDEO_OUTPUT_MPLANE
13781.304775,v4l2_qbuf,0,VIDEO_OUTPUT_MPLANE
13781.304795,v4l2_qbuf,1,VIDEO_CAPTURE_MPLANE
13781.307027,v4l2_dqbuf,1,VIDEO_CAPTURE_MPLANE
13781.307046,v4l2_dqbuf,0,VIDEO_OUTPUT_MPLANE
13781.337621,v4l2_qbuf,0,VIDEO_OUTPUT_MPLANE
13781.337643,v4l2_qbuf,2,VIDEO_CAPTURE_MPLANE
13781.340831,v4l2_dqbuf,2,VIDEO_CAPTURE_MPLANE
13781.340850,v4l2_dqbuf,0,VIDEO_OUTPUT_MPLANE
13781.340952,v4l2_qbuf,0,VIDEO_OUTPUT_MPLANE
13781.340968,v4l2_qbuf,5,VIDEO_CAPTURE_MPLANE
13781.344161,v4l2_dqbuf,5,VIDEO_CAPTURE_MPLANE
13781.344233,v4l2_dqbuf,0,VIDEO_OUTPUT_MPLANE
13781.355809,v4l2_qbuf,0,VIDEO_OUTPUT_MPLANE
13781.355836,v4l2_qbuf,0,VIDEO_CAPTURE_MPLANE
13781.359027,v4l2_dqbuf,0,VIDEO_CAPTURE_MPLANE
13781.359039,v4l2_dqbuf,0,VIDEO_OUTPUT_MPLANE
13781.371394,v4l2_qbuf,0,VIDEO_OUTPUT_MPLANE
13781.371422,v4l2_qbuf,3,VIDEO_CAPTURE_MPLANE
13781.373646,v4l2_dqbuf,3,VIDEO_CAPTURE_MPLANE
13781.373661,v4l2_dqbuf,0,VIDEO_OUTPUT_MPLANE
13781.404547,v4l2_qbuf,0,VIDEO_OUTPUT_MPLANE
13781.404617,v4l2_qbuf,5,VIDEO_CAPTURE_MPLANE
13781.407974,v4l2_dqbuf,5,VIDEO_CAPTURE_MPLANE
13781.408010,v4l2_dqbuf,0,VIDEO_OUTPUT_MPLANE
13781.408138,v4l2_qbuf,0,VIDEO_OUTPUT_MPLANE
13781.408158,v4l2_qbuf,4,VIDEO_CAPTURE_MPLANE
13781.411445,v4l2_dqbuf,4,VIDEO_CAPTURE_MPLANE
13781.411536,v4l2_dqbuf,0,VIDEO_OUTPUT_MPLANE
13781.421220,v4l2_qbuf,0,VIDEO_OUTPUT_MPLANE
13781.421241,v4l2_qbuf,2,VIDEO_CAPTURE_MPLANE
13781.424789,v4l2_dqbuf,2,VIDEO_CAPTURE_MPLANE
13781.424804,v4l2_dqbuf,0,VIDEO_OUTPUT_MPLANE
13781.437815,v4l2_qbuf,0,VIDEO_OUTPUT_MPLANE
13781.437845,v4l2_qbuf,0,VIDEO_CAPTURE_MPLANE
13781.439912,v4l2_dqbuf,0,VIDEO_CAPTURE_MPLANE
13781.439925,v4l2_dqbuf,0,VIDEO_OUTPUT_MPLANE
13781.471701,v4l2_qbuf,0,VIDEO_OUTPUT_MPLANE
13781.471727,v4l2_qbuf,4,VIDEO_CAPTURE_MPLANE
13781.475048,v4l2_dqbuf,4,VIDEO_CAPTURE_MPLANE
13781.475075,v4l2_dqbuf,0,VIDEO_OUTPUT_MPLANE
13781.475191,v4l2_qbuf,0,VIDEO_OUTPUT_MPLANE
13781.475208,v4l2_qbuf,1,VIDEO_CAPTURE_MPLANE
13781.478402,v4l2_dqbuf,1,VIDEO_CAPTURE_MPLANE
13781.478495,v4l2_dqbuf,0,VIDEO_OUTPUT_MPLANE
13781.489617,v4l2_qbuf,0,VIDEO_OUTPUT_MPLANE
13781.489637,v4l2_qbuf,5,VIDEO_CAPTURE_MPLANE
13781.492621,v4l2_dqbuf,5,VIDEO_CAPTURE_MPLANE
13781.492632,v4l2_dqbuf,0,VIDEO_OUTPUT_MPLANE
13781.506263,v4l2_qbuf,0,VIDEO_OUTPUT_MPLANE
13781.506283,v4l2_qbuf,2,VIDEO_CAPTURE_MPLANE
13781.508435,v4l2_dqbuf,2,VIDEO_CAPTURE_MPLANE
13781.508448,v4l2_dqbuf,0,VIDEO_OUTPUT_MPLANE
13781.539325,v4l2_qbuf,0,VIDEO_OUTPUT_MPLANE
13781.539350,v4l2_qbuf,1,VIDEO_CAPTURE_MPLANE
13781.542512,v4l2_dqbuf,1,VIDEO_CAPTURE_MPLANE
13781.542543,v4l2_dqbuf,0,VIDEO_OUTPUT_MPLANE
13781.542671,v4l2_qbuf,0,VIDEO_OUTPUT_MPLANE
13781.542691,v4l2_qbuf,3,VIDEO_CAPTURE_MPLANE
13781.545806,v4l2_dqbuf,3,VIDEO_CAPTURE_MPLANE
13781.545907,v4l2_dqbuf,0,VIDEO_OUTPUT_MPLANE
13781.556320,v4l2_qbuf,0,VIDEO_OUTPUT_MPLANE
13781.556350,v4l2_qbuf,4,VIDEO_CAPTURE_MPLANE
13781.559760,v4l2_dqbuf,4,VIDEO_CAPTURE_MPLANE
13781.559773,v4l2_dqbuf,0,VIDEO_OUTPUT_MPLANE
13781.573135,v4l2_qbuf,0,VIDEO_OUTPUT_MPLANE
13781.573154,v4l2_qbuf,5,VIDEO_CAPTURE_MPLANE
13781.575388,v4l2_dqbuf,5,VIDEO_CAPTURE_MPLANE
13781.575398,v4l2_dqbuf,0,VIDEO_OUTPUT_MPLANE
13781.606369,v4l2_qbuf,0,VIDEO_OUTPUT_MPLANE
13781.606387,v4l2_qbuf,3,VIDEO_CAPTURE_MPLANE
13781.609516,v4l2_dqbuf,3,VIDEO_CAPTURE_MPLANE
13781.609539,v4l2_dqbuf,0,VIDEO_OUTPUT_MPLANE
13781.609642,v4l2_qbuf,0,VIDEO_OUTPUT_MPLANE
13781.609659,v4l2_qbuf,0,VIDEO_CAPTURE_MPLANE
13781.612822,v4l2_dqbuf,0,VIDEO_CAPTURE_MPLANE
13781.612962,v4l2_dqbuf,0,VIDEO_OUTPUT_MPLANE
13781.623852,v4l2_qbuf,0,VIDEO_OUTPUT_MPLANE
13781.623872,v4l2_qbuf,1,VIDEO_CAPTURE_MPLANE
13781.625770,v4l2_dqbuf,1,VIDEO_CAPTURE_MPLANE
13781.625784,v4l2_dqbuf,0,VIDEO_OUTPUT_MPLANE
13781.639807,v4l2_qbuf,0,VIDEO_OUTPUT_MPLANE
13781.639826,v4l2_qbuf,4,VIDEO_CAPTURE_MPLANE
13781.641999,v4l2_dqbuf,4,VIDEO_CAPTURE_MPLANE
13781.642029,v4l2_dqbuf,0,VIDEO_OUTPUT_MPLANE
13781.656114,v4l2_qbuf,0,VIDEO_OUTPUT_MPLANE
13781.656145,v4l2_qbuf,2,VIDEO_CAPTURE_MPLANE
13781.659291,v4l2_dqbuf,2,VIDEO_CAPTURE_MPLANE
13781.659311,v4l2_dqbuf,0,VIDEO_OUTPUT_MPLANE
13781.673138,v4l2_qbuf,0,VIDEO_OUTPUT_MPLANE
13781.673161,v4l2_qbuf,3,VIDEO_CAPTURE_MPLANE
13781.675506,v4l2_dqbuf,3,VIDEO_CAPTURE_MPLANE
13781.675529,v4l2_dqbuf,0,VIDEO_OUTPUT_MPLANE
13781.689658,v4l2_qbuf,0,VIDEO_OUTPUT_MPLANE
13781.689689,v4l2_qbuf,0,VIDEO_CAPTURE_MPLANE
13781.692840,v4l2_dqbuf,0,VIDEO_CAPTURE_MPLANE
13781.692859,v4l2_dqbuf,0,VIDEO_OUTPUT_MPLANE
13781.705991,v4l2_qbuf,0,VIDEO_OUTPUT_MPLANE
13781.706012,v4l2_qbuf,5,VIDEO_CAPTURE_MPLANE
13781.709189,v4l2_dqbuf,5,VIDEO_CAPTURE_MPLANE
13781.709268,v4l2_dqbuf,0,VIDEO_OUTPUT_MPLANE
13781.722874,v4l2_qbuf,0,VIDEO_OUTPUT_MPLANE
13781.722895,v4l2_qbuf,1,VIDEO_CAPTURE_MPLANE
13781.726240,v4l2_dqbuf,1,VIDEO_CAPTURE_MPLANE
13781.726260,v4l2_dqbuf,0,VIDEO_OUTPUT_MPLANE
13781.739523,v4l2_qbuf,0,VIDEO_OUTPUT_MPLANE
13781.739539,v4l2_qbuf,2,VIDEO_CAPTURE_MPLANE
13781.741739,v4l2_dqbuf,2,VIDEO_CAPTURE_MPLANE
13781.741751,v4l2_dqbuf,0,VIDEO_OUTPUT_MPLANE
13781.772903,v4l2_qbuf,0,VIDEO_OUTPUT_MPLANE
13781.772993,v4l2_qbuf,5,VIDEO_CAPTURE_MPLANE
13781.776374,v4l2_dqbuf,5,VIDEO_CAPTURE_MPLANE
13781.776396,v4l2_dqbuf,0,VIDEO_OUTPUT_MPLANE
13781.776510,v4l2_qbuf,0,VIDEO_OUTPUT_MPLANE
13781.776528,v4l2_qbuf,4,VIDEO_CAPTURE_MPLANE
13781.781065,v4l2_dqbuf,4,VIDEO_CAPTURE_MPLANE
13781.781175,v4l2_dqbuf,0,VIDEO_OUTPUT_MPLANE
13781.789505,v4l2_qbuf,0,VIDEO_OUTPUT_MPLANE
13781.789592,v4l2_qbuf,0,VIDEO_CAPTURE_MPLANE
13781.792851,v4l2_dqbuf,0,VIDEO_CAPTURE_MPLANE
13781.792871,v4l2_dqbuf,0,VIDEO_OUTPUT_MPLANE
13781.806155,v4l2_qbuf,0,VIDEO_OUTPUT_MPLANE
13781.806191,v4l2_qbuf,1,VIDEO_CAPTURE_MPLANE
13781.808311,v4l2_dqbuf,1,VIDEO_CAPTURE_MPLANE
13781.808329,v4l2_dqbuf,0,VIDEO_OUTPUT_MPLANE
13781.839539,v4l2_qbuf,0,VIDEO_OUTPUT_MPLANE
13781.839561,v4l2_qbuf,4,VIDEO_CAPTURE_MPLANE
13781.842943,v4l2_dqbuf,4,VIDEO_CAPTURE_MPLANE
13781.842995,v4l2_dqbuf,0,VIDEO_OUTPUT_MPLANE
13781.843283,v4l2_qbuf,0,VIDEO_OUTPUT_MPLANE
13781.843319,v4l2_qbuf,3,VIDEO_CAPTURE_MPLANE
13781.846596,v4l2_dqbuf,3,VIDEO_CAPTURE_MPLANE
13781.846784,v4l2_dqbuf,0,VIDEO_OUTPUT_MPLANE
13781.856159,v4l2_qbuf,0,VIDEO_OUTPUT_MPLANE
13781.856177,v4l2_qbuf,5,VIDEO_CAPTURE_MPLANE
13781.859435,v4l2_dqbuf,5,VIDEO_CAPTURE_MPLANE
13781.859448,v4l2_dqbuf,0,VIDEO_OUTPUT_MPLANE
13781.872931,v4l2_qbuf,0,VIDEO_OUTPUT_MPLANE
13781.872967,v4l2_qbuf,0,VIDEO_CAPTURE_MPLANE
13781.875313,v4l2_dqbuf,0,VIDEO_CAPTURE_MPLANE
13781.875333,v4l2_dqbuf,0,VIDEO_OUTPUT_MPLANE
13781.906273,v4l2_qbuf,0,VIDEO_OUTPUT_MPLANE
13781.906302,v4l2_qbuf,3,VIDEO_CAPTURE_MPLANE
13781.909462,v4l2_dqbuf,3,VIDEO_CAPTURE_MPLANE
13781.909492,v4l2_dqbuf,0,VIDEO_OUTPUT_MPLANE
13781.909642,v4l2_qbuf,0,VIDEO_OUTPUT_MPLANE
13781.909663,v4l2_qbuf,2,VIDEO_CAPTURE_MPLANE
13781.912785,v4l2_dqbuf,2,VIDEO_CAPTURE_MPLANE
13781.912900,v4l2_dqbuf,0,VIDEO_OUTPUT_MPLANE
13781.923164,v4l2_qbuf,0,VIDEO_OUTPUT_MPLANE
13781.923185,v4l2_qbuf,4,VIDEO_CAPTURE_MPLANE
13781.926606,v4l2_dqbuf,4,VIDEO_CAPTURE_MPLANE
13781.926637,v4l2_dqbuf,0,VIDEO_OUTPUT_MPLANE
13781.939617,v4l2_qbuf,0,VIDEO_OUTPUT_MPLANE
13781.939661,v4l2_qbuf,5,VIDEO_CAPTURE_MPLANE
13781.941958,v4l2_dqbuf,5,VIDEO_CAPTURE_MPLANE
13781.941972,v4l2_dqbuf,0,VIDEO_OUTPUT_MPLANE
13781.989343,v4l2_qbuf,0,VIDEO_OUTPUT_MPLANE
13781.989359,v4l2_qbuf,2,VIDEO_CAPTURE_MPLANE
13781.992531,v4l2_dqbuf,2,VIDEO_CAPTURE_MPLANE
13781.992571,v4l2_dqbuf,0,VIDEO_OUTPUT_MPLANE
13781.992749,v4l2_qbuf,0,VIDEO_OUTPUT_MPLANE
13781.992771,v4l2_qbuf,1,VIDEO_CAPTURE_MPLANE
13781.995770,v4l2_dqbuf,1,VIDEO_CAPTURE_MPLANE
13781.995900,v4l2_dqbuf,0,VIDEO_OUTPUT_MPLANE
13782.006218,v4l2_qbuf,0,VIDEO_OUTPUT_MPLANE
13782.006271,v4l2_qbuf,3,VIDEO_CAPTURE_MPLANE
13782.009511,v4l2_dqbuf,3,VIDEO_CAPTURE_MPLANE
13782.009536,v4l2_dqbuf,0,VIDEO_OUTPUT_MPLANE
13782.022634,v4l2_qbuf,0,VIDEO_OUTPUT_MPLANE
13782.022657,v4l2_qbuf,4,VIDEO_CAPTURE_MPLANE
13782.024897,v4l2_dqbuf,4,VIDEO_CAPTURE_MPLANE
13782.024910,v4l2_dqbuf,0,VIDEO_OUTPUT_MPLANE
13782.055998,v4l2_qbuf,0,VIDEO_OUTPUT_MPLANE
13782.056066,v4l2_qbuf,1,VIDEO_CAPTURE_MPLANE
13782.059338,v4l2_dqbuf,1,VIDEO_CAPTURE_MPLANE
13782.059360,v4l2_dqbuf,0,VIDEO_OUTPUT_MPLANE
13782.059474,v4l2_qbuf,0,VIDEO_OUTPUT_MPLANE
13782.059491,v4l2_qbuf,0,VIDEO_CAPTURE_MPLANE
13782.063637,v4l2_dqbuf,0,VIDEO_CAPTURE_MPLANE
13782.063939,v4l2_dqbuf,0,VIDEO_OUTPUT_MPLANE
13782.072869,v4l2_qbuf,0,VIDEO_OUTPUT_MPLANE
13782.072888,v4l2_qbuf,2,VIDEO_CAPTURE_MPLANE
13782.076088,v4l2_dqbuf,2,VIDEO_CAPTURE_MPLANE
13782.076101,v4l2_dqbuf,0,VIDEO_OUTPUT_MPLANE
13782.089466,v4l2_qbuf,0,VIDEO_OUTPUT_MPLANE
13782.089485,v4l2_qbuf,3,VIDEO_CAPTURE_MPLANE
13782.091651,v4l2_dqbuf,3,VIDEO_CAPTURE_MPLANE
13782.091664,v4l2_dqbuf,0,VIDEO_OUTPUT_MPLANE
13782.122996,v4l2_qbuf,0,VIDEO_OUTPUT_MPLANE
13782.123054,v4l2_qbuf,0,VIDEO_CAPTURE_MPLANE
13782.126364,v4l2_dqbuf,0,VIDEO_CAPTURE_MPLANE
13782.126398,v4l2_dqbuf,0,VIDEO_OUTPUT_MPLANE
13782.126640,v4l2_qbuf,0,VIDEO_OUTPUT_MPLANE
13782.126666,v4l2_qbuf,5,VIDEO_CAPTURE_MPLANE
13782.129748,v4l2_dqbuf,5,VIDEO_CAPTURE_MPLANE
13782.129884,v4l2_dqbuf,0,VIDEO_OUTPUT_MPLANE
13782.143228,v4l2_qbuf,0,VIDEO_OUTPUT_MPLANE
13782.143298,v4l2_qbuf,1,VIDEO_CAPTURE_MPLANE
13782.146605,v4l2_dqbuf,1,VIDEO_CAPTURE_MPLANE
13782.146618,v4l2_dqbuf,0,VIDEO_OUTPUT_MPLANE
13782.156356,v4l2_qbuf,0,VIDEO_OUTPUT_MPLANE
13782.156381,v4l2_qbuf,2,VIDEO_CAPTURE_MPLANE
13782.158624,v4l2_dqbuf,2,VIDEO_CAPTURE_MPLANE
13782.158644,v4l2_dqbuf,0,VIDEO_OUTPUT_MPLANE
13782.189985,v4l2_qbuf,0,VIDEO_OUTPUT_MPLANE
13782.190038,v4l2_qbuf,5,VIDEO_CAPTURE_MPLANE
13782.193244,v4l2_dqbuf,5,VIDEO_CAPTURE_MPLANE
13782.193266,v4l2_dqbuf,0,VIDEO_OUTPUT_MPLANE
13782.193403,v4l2_qbuf,0,VIDEO_OUTPUT_MPLANE
13782.195133,v4l2_qbuf,4,VIDEO_CAPTURE_MPLANE
13782.198462,v4l2_dqbuf,4,VIDEO_CAPTURE_MPLANE
13782.198477,v4l2_dqbuf,0,VIDEO_OUTPUT_MPLANE
13782.209584,v4l2_qbuf,0,VIDEO_OUTPUT_MPLANE
13782.209605,v4l2_qbuf,0,VIDEO_CAPTURE_MPLANE
13782.211918,v4l2_dqbuf,0,VIDEO_CAPTURE_MPLANE
13782.211949,v4l2_dqbuf,0,VIDEO_OUTPUT_MPLANE
13782.222884,v4l2_qbuf,0,VIDEO_OUTPUT_MPLANE
13782.222914,v4l2_qbuf,1,VIDEO_CAPTURE_MPLANE
13782.226163,v4l2_dqbuf,1,VIDEO_CAPTURE_MPLANE
13782.226199,v4l2_dqbuf,0,VIDEO_OUTPUT_MPLANE
13782.239776,v4l2_qbuf,0,VIDEO_OUTPUT_MPLANE
13782.239814,v4l2_qbuf,3,VIDEO_CAPTURE_MPLANE
13782.243022,v4l2_dqbuf,3,VIDEO_CAPTURE_MPLANE
13782.243162,v4l2_dqbuf,0,VIDEO_OUTPUT_MPLANE
13782.256303,v4l2_qbuf,0,VIDEO_OUTPUT_MPLANE
13782.256341,v4l2_qbuf,5,VIDEO_CAPTURE_MPLANE
13782.259681,v4l2_dqbuf,5,VIDEO_CAPTURE_MPLANE
13782.259709,v4l2_dqbuf,0,VIDEO_OUTPUT_MPLANE
13782.273234,v4l2_qbuf,0,VIDEO_OUTPUT_MPLANE
13782.273278,v4l2_qbuf,4,VIDEO_CAPTURE_MPLANE
13782.275657,v4l2_dqbuf,4,VIDEO_CAPTURE_MPLANE
13782.275676,v4l2_dqbuf,0,VIDEO_OUTPUT_MPLANE
13782.306213,v4l2_qbuf,0,VIDEO_OUTPUT_MPLANE
13782.306234,v4l2_qbuf,3,VIDEO_CAPTURE_MPLANE
13782.309376,v4l2_dqbuf,3,VIDEO_CAPTURE_MPLANE
13782.309397,v4l2_dqbuf,0,VIDEO_OUTPUT_MPLANE
13782.309506,v4l2_qbuf,0,VIDEO_OUTPUT_MPLANE
13782.309523,v4l2_qbuf,2,VIDEO_CAPTURE_MPLANE
13782.312686,v4l2_dqbuf,2,VIDEO_CAPTURE_MPLANE
13782.312759,v4l2_dqbuf,0,VIDEO_OUTPUT_MPLANE
13782.327211,v4l2_qbuf,0,VIDEO_OUTPUT_MPLANE
13782.327246,v4l2_qbuf,1,VIDEO_CAPTURE_MPLANE
13782.330528,v4l2_dqbuf,1,VIDEO_CAPTURE_MPLANE
13782.330538,v4l2_dqbuf,0,VIDEO_OUTPUT_MPLANE
13782.339455,v4l2_qbuf,0,VIDEO_OUTPUT_MPLANE
13782.339474,v4l2_qbuf,5,VIDEO_CAPTURE_MPLANE
13782.341734,v4l2_dqbuf,5,VIDEO_CAPTURE_MPLANE
13782.341748,v4l2_dqbuf,0,VIDEO_OUTPUT_MPLANE
13782.372996,v4l2_qbuf,0,VIDEO_OUTPUT_MPLANE
13782.373085,v4l2_qbuf,2,VIDEO_CAPTURE_MPLANE
13782.376360,v4l2_dqbuf,2,VIDEO_CAPTURE_MPLANE
13782.376392,v4l2_dqbuf,0,VIDEO_OUTPUT_MPLANE
13782.376573,v4l2_qbuf,0,VIDEO_OUTPUT_MPLANE
13782.376604,v4l2_qbuf,0,VIDEO_CAPTURE_MPLANE
13782.380891,v4l2_dqbuf,0,VIDEO_CAPTURE_MPLANE
13782.381011,v4l2_dqbuf,0,VIDEO_OUTPUT_MPLANE
13782.389457,v4l2_qbuf,0,VIDEO_OUTPUT_MPLANE
13782.389491,v4l2_qbuf,3,VIDEO_CAPTURE_MPLANE
13782.392706,v4l2_dqbuf,3,VIDEO_CAPTURE_MPLANE
13782.392719,v4l2_dqbuf,0,VIDEO_OUTPUT_MPLANE
13782.406024,v4l2_qbuf,0,VIDEO_OUTPUT_MPLANE
13782.406046,v4l2_qbuf,1,VIDEO_CAPTURE_MPLANE
13782.408087,v4l2_dqbuf,1,VIDEO_CAPTURE_MPLANE
13782.408100,v4l2_dqbuf,0,VIDEO_OUTPUT_MPLANE
13782.422830,v4l2_qbuf,0,VIDEO_OUTPUT_MPLANE
13782.422859,v4l2_qbuf,4,VIDEO_CAPTURE_MPLANE
13782.426165,v4l2_dqbuf,4,VIDEO_CAPTURE_MPLANE
13782.426180,v4l2_dqbuf,0,VIDEO_OUTPUT_MPLANE
13782.439644,v4l2_qbuf,0,VIDEO_OUTPUT_MPLANE
13782.439662,v4l2_qbuf,0,VIDEO_CAPTURE_MPLANE
13782.441897,v4l2_dqbuf,0,VIDEO_CAPTURE_MPLANE
13782.441912,v4l2_dqbuf,0,VIDEO_OUTPUT_MPLANE
13782.473061,v4l2_qbuf,0,VIDEO_OUTPUT_MPLANE
13782.473082,v4l2_qbuf,3,VIDEO_CAPTURE_MPLANE
13782.476391,v4l2_dqbuf,3,VIDEO_CAPTURE_MPLANE
13782.476415,v4l2_dqbuf,0,VIDEO_OUTPUT_MPLANE
13782.476537,v4l2_qbuf,0,VIDEO_OUTPUT_MPLANE
13782.476556,v4l2_qbuf,2,VIDEO_CAPTURE_MPLANE
13782.481460,v4l2_dqbuf,2,VIDEO_CAPTURE_MPLANE
13782.481591,v4l2_dqbuf,0,VIDEO_OUTPUT_MPLANE
13782.494224,v4l2_qbuf,0,VIDEO_OUTPUT_MPLANE
13782.494244,v4l2_qbuf,5,VIDEO_CAPTURE_MPLANE
13782.497389,v4l2_dqbuf,5,VIDEO_CAPTURE_MPLANE
13782.497403,v4l2_dqbuf,0,VIDEO_OUTPUT_MPLANE
13782.506074,v4l2_qbuf,0,VIDEO_OUTPUT_MPLANE
13782.506091,v4l2_qbuf,4,VIDEO_CAPTURE_MPLANE
13782.508297,v4l2_dqbuf,4,VIDEO_CAPTURE_MPLANE
13782.508310,v4l2_dqbuf,0,VIDEO_OUTPUT_MPLANE
13782.539518,v4l2_qbuf,0,VIDEO_OUTPUT_MPLANE
13782.539539,v4l2_qbuf,2,VIDEO_CAPTURE_MPLANE
13782.542796,v4l2_dqbuf,2,VIDEO_CAPTURE_MPLANE
13782.542817,v4l2_dqbuf,0,VIDEO_OUTPUT_MPLANE
13782.542939,v4l2_qbuf,0,VIDEO_OUTPUT_MPLANE
13782.542955,v4l2_qbuf,1,VIDEO_CAPTURE_MPLANE
13782.546269,v4l2_dqbuf,1,VIDEO_CAPTURE_MPLANE
13782.546276,v4l2_dqbuf,0,VIDEO_OUTPUT_MPLANE
13782.559778,v4l2_qbuf,0,VIDEO_OUTPUT_MPLANE
13782.559808,v4l2_qbuf,3,VIDEO_CAPTURE_MPLANE
13782.562056,v4l2_dqbuf,3,VIDEO_CAPTURE_MPLANE
13782.562079,v4l2_dqbuf,0,VIDEO_OUTPUT_MPLANE
13782.572855,v4l2_qbuf,0,VIDEO_OUTPUT_MPLANE
13782.572894,v4l2_qbuf,5,VIDEO_CAPTURE_MPLANE
13782.576171,v4l2_dqbuf,5,VIDEO_CAPTURE_MPLANE
13782.576200,v4l2_dqbuf,0,VIDEO_OUTPUT_MPLANE
13782.589792,v4l2_qbuf,0,VIDEO_OUTPUT_MPLANE
13782.589827,v4l2_qbuf,0,VIDEO_CAPTURE_MPLANE
13782.593164,v4l2_dqbuf,0,VIDEO_CAPTURE_MPLANE
13782.593306,v4l2_dqbuf,0,VIDEO_OUTPUT_MPLANE
13782.606243,v4l2_qbuf,0,VIDEO_OUTPUT_MPLANE
13782.606283,v4l2_qbuf,2,VIDEO_CAPTURE_MPLANE
13782.609539,v4l2_dqbuf,2,VIDEO_CAPTURE_MPLANE
13782.609566,v4l2_dqbuf,0,VIDEO_OUTPUT_MPLANE
13782.623161,v4l2_qbuf,0,VIDEO_OUTPUT_MPLANE
13782.623214,v4l2_qbuf,1,VIDEO_CAPTURE_MPLANE
13782.625395,v4l2_dqbuf,1,VIDEO_CAPTURE_MPLANE
13782.625491,v4l2_dqbuf,0,VIDEO_OUTPUT_MPLANE
13782.640263,v4l2_qbuf,0,VIDEO_OUTPUT_MPLANE
13782.640338,v4l2_qbuf,4,VIDEO_CAPTURE_MPLANE
13782.642294,v4l2_dqbuf,4,VIDEO_CAPTURE_MPLANE
13782.642307,v4l2_dqbuf,0,VIDEO_OUTPUT_MPLANE
13782.656246,v4l2_qbuf,0,VIDEO_OUTPUT_MPLANE
13782.656267,v4l2_qbuf,0,VIDEO_CAPTURE_MPLANE
13782.658388,v4l2_dqbuf,0,VIDEO_CAPTURE_MPLANE
13782.658401,v4l2_dqbuf,0,VIDEO_OUTPUT_MPLANE
13782.672978,v4l2_qbuf,0,VIDEO_OUTPUT_MPLANE
13782.672999,v4l2_qbuf,5,VIDEO_CAPTURE_MPLANE
13782.676287,v4l2_dqbuf,5,VIDEO_CAPTURE_MPLANE
13782.676310,v4l2_dqbuf,0,VIDEO_OUTPUT_MPLANE
13782.689404,v4l2_qbuf,0,VIDEO_OUTPUT_MPLANE
13782.689428,v4l2_qbuf,2,VIDEO_CAPTURE_MPLANE
13782.692735,v4l2_dqbuf,2,VIDEO_CAPTURE_MPLANE
13782.692749,v4l2_dqbuf,0,VIDEO_OUTPUT_MPLANE
13782.707461,v4l2_qbuf,0,VIDEO_OUTPUT_MPLANE
13782.707482,v4l2_qbuf,3,VIDEO_CAPTURE_MPLANE
13782.709776,v4l2_dqbuf,3,VIDEO_CAPTURE_MPLANE
13782.709809,v4l2_dqbuf,0,VIDEO_OUTPUT_MPLANE
13782.724523,v4l2_qbuf,0,VIDEO_OUTPUT_MPLANE
13782.724544,v4l2_qbuf,1,VIDEO_CAPTURE_MPLANE
13782.729015,v4l2_dqbuf,1,VIDEO_CAPTURE_MPLANE
13782.729034,v4l2_dqbuf,0,VIDEO_OUTPUT_MPLANE
13782.741073,v4l2_qbuf,0,VIDEO_OUTPUT_MPLANE
13782.741090,v4l2_qbuf,4,VIDEO_CAPTURE_MPLANE
13782.744300,v4l2_dqbuf,4,VIDEO_CAPTURE_MPLANE
13782.744321,v4l2_dqbuf,0,VIDEO_OUTPUT_MPLANE
13782.757961,v4l2_qbuf,0,VIDEO_OUTPUT_MPLANE
13782.757990,v4l2_qbuf,5,VIDEO_CAPTURE_MPLANE
13782.760318,v4l2_dqbuf,5,VIDEO_CAPTURE_MPLANE
13782.760337,v4l2_dqbuf,0,VIDEO_OUTPUT_MPLANE
13782.774310,v4l2_qbuf,0,VIDEO_OUTPUT_MPLANE
13782.774387,v4l2_qbuf,2,VIDEO_CAPTURE_MPLANE
13782.777600,v4l2_dqbuf,2,VIDEO_CAPTURE_MPLANE
13782.777621,v4l2_dqbuf,0,VIDEO_OUTPUT_MPLANE
13782.791287,v4l2_qbuf,0,VIDEO_OUTPUT_MPLANE
13782.791326,v4l2_qbuf,0,VIDEO_CAPTURE_MPLANE
13782.794665,v4l2_dqbuf,0,VIDEO_CAPTURE_MPLANE
13782.794685,v4l2_dqbuf,0,VIDEO_OUTPUT_MPLANE
13782.808121,v4l2_qbuf,0,VIDEO_OUTPUT_MPLANE
13782.808164,v4l2_qbuf,1,VIDEO_CAPTURE_MPLANE
13782.810527,v4l2_dqbuf,1,VIDEO_CAPTURE_MPLANE
13782.810555,v4l2_dqbuf,0,VIDEO_OUTPUT_MPLANE
13782.824604,v4l2_qbuf,0,VIDEO_OUTPUT_MPLANE
13782.824637,v4l2_qbuf,4,VIDEO_CAPTURE_MPLANE
13782.827777,v4l2_dqbuf,4,VIDEO_CAPTURE_MPLANE
13782.827802,v4l2_dqbuf,0,VIDEO_OUTPUT_MPLANE
13782.841101,v4l2_qbuf,0,VIDEO_OUTPUT_MPLANE
13782.841117,v4l2_qbuf,3,VIDEO_CAPTURE_MPLANE
13782.844505,v4l2_dqbuf,3,VIDEO_CAPTURE_MPLANE
13782.844659,v4l2_dqbuf,0,VIDEO_OUTPUT_MPLANE
13782.858175,v4l2_qbuf,0,VIDEO_OUTPUT_MPLANE
13782.858216,v4l2_qbuf,2,VIDEO_CAPTURE_MPLANE
13782.861498,v4l2_dqbuf,2,VIDEO_CAPTURE_MPLANE
13782.861522,v4l2_dqbuf,0,VIDEO_OUTPUT_MPLANE
13782.874496,v4l2_qbuf,0,VIDEO_OUTPUT_MPLANE
13782.874517,v4l2_qbuf,0,VIDEO_CAPTURE_MPLANE
13782.876712,v4l2_dqbuf,0,VIDEO_CAPTURE_MPLANE
13782.876730,v4l2_dqbuf,0,VIDEO_OUTPUT_MPLANE
13782.908043,v4l2_qbuf,0,VIDEO_OUTPUT_MPLANE
13782.908069,v4l2_qbuf,3,VIDEO_CAPTURE_MPLANE
13782.911466,v4l2_dqbuf,3,VIDEO_CAPTURE_MPLANE
13782.911560,v4l2_dqbuf,0,VIDEO_OUTPUT_MPLANE
13782.911851,v4l2_qbuf,0,VIDEO_OUTPUT_MPLANE
13782.911885,v4l2_qbuf,5,VIDEO_CAPTURE_MPLANE
13782.915240,v4l2_dqbuf,5,VIDEO_CAPTURE_MPLANE
13782.915430,v4l2_dqbuf,0,VIDEO_OUTPUT_MPLANE
13782.936470,v4l2_qbuf,0,VIDEO_OUTPUT_MPLANE
13782.936587,v4l2_qbuf,4,VIDEO_CAPTURE_MPLANE
13782.940208,v4l2_dqbuf,4,VIDEO_CAPTURE_MPLANE
13782.940240,v4l2_dqbuf,0,VIDEO_OUTPUT_MPLANE
13782.941407,v4l2_qbuf,0,VIDEO_OUTPUT_MPLANE
13782.941441,v4l2_qbuf,2,VIDEO_CAPTURE_MPLANE
13782.943548,v4l2_dqbuf,2,VIDEO_CAPTURE_MPLANE
13782.943560,v4l2_dqbuf,0,VIDEO_OUTPUT_MPLANE
13782.974342,v4l2_qbuf,0,VIDEO_OUTPUT_MPLANE
13782.974360,v4l2_qbuf,5,VIDEO_CAPTURE_MPLANE
13782.977649,v4l2_dqbuf,5,VIDEO_CAPTURE_MPLANE
13782.977675,v4l2_dqbuf,0,VIDEO_OUTPUT_MPLANE
13782.977811,v4l2_qbuf,0,VIDEO_OUTPUT_MPLANE
13782.977830,v4l2_qbuf,1,VIDEO_CAPTURE_MPLANE
13782.981274,v4l2_dqbuf,1,VIDEO_CAPTURE_MPLANE
13782.981370,v4l2_dqbuf,0,VIDEO_OUTPUT_MPLANE
13782.990967,v4l2_qbuf,0,VIDEO_OUTPUT_MPLANE
13782.990989,v4l2_qbuf,3,VIDEO_CAPTURE_MPLANE
13782.994192,v4l2_dqbuf,3,VIDEO_CAPTURE_MPLANE
13782.994202,v4l2_dqbuf,0,VIDEO_OUTPUT_MPLANE
13783.007940,v4l2_qbuf,0,VIDEO_OUTPUT_MPLANE
13783.007959,v4l2_qbuf,4,VIDEO_CAPTURE_MPLANE
13783.010282,v4l2_dqbuf,4,VIDEO_CAPTURE_MPLANE
13783.010314,v4l2_dqbuf,0,VIDEO_OUTPUT_MPLANE
13783.041429,v4l2_qbuf,0,VIDEO_OUTPUT_MPLANE
13783.041447,v4l2_qbuf,1,VIDEO_CAPTURE_MPLANE
13783.044625,v4l2_dqbuf,1,VIDEO_CAPTURE_MPLANE
13783.044658,v4l2_dqbuf,0,VIDEO_OUTPUT_MPLANE
13783.044842,v4l2_qbuf,0,VIDEO_OUTPUT_MPLANE
13783.044866,v4l2_qbuf,0,VIDEO_CAPTURE_MPLANE
13783.048291,v4l2_dqbuf,0,VIDEO_CAPTURE_MPLANE
13783.048397,v4l2_dqbuf,0,VIDEO_OUTPUT_MPLANE
13783.063283,v4l2_qbuf,0,VIDEO_OUTPUT_MPLANE
13783.063314,v4l2_qbuf,5,VIDEO_CAPTURE_MPLANE
13783.066631,v4l2_dqbuf,5,VIDEO_CAPTURE_MPLANE
13783.066651,v4l2_dqbuf,0,VIDEO_OUTPUT_MPLANE
13783.074801,v4l2_qbuf,0,VIDEO_OUTPUT_MPLANE
13783.074833,v4l2_qbuf,3,VIDEO_CAPTURE_MPLANE
13783.077105,v4l2_dqbuf,3,VIDEO_CAPTURE_MPLANE
13783.077140,v4l2_dqbuf,0,VIDEO_OUTPUT_MPLANE
13783.107663,v4l2_qbuf,0,VIDEO_OUTPUT_MPLANE
13783.107723,v4l2_qbuf,0,VIDEO_CAPTURE_MPLANE
13783.110948,v4l2_dqbuf,0,VIDEO_CAPTURE_MPLANE
13783.110983,v4l2_dqbuf,0,VIDEO_OUTPUT_MPLANE
13783.111179,v4l2_qbuf,0,VIDEO_OUTPUT_MPLANE
13783.111203,v4l2_qbuf,2,VIDEO_CAPTURE_MPLANE
13783.114389,v4l2_dqbuf,2,VIDEO_CAPTURE_MPLANE
13783.114517,v4l2_dqbuf,0,VIDEO_OUTPUT_MPLANE
13783.124478,v4l2_qbuf,0,VIDEO_OUTPUT_MPLANE
13783.124506,v4l2_qbuf,1,VIDEO_CAPTURE_MPLANE
13783.127776,v4l2_dqbuf,1,VIDEO_CAPTURE_MPLANE
13783.127796,v4l2_dqbuf,0,VIDEO_OUTPUT_MPLANE
13783.141033,v4l2_qbuf,0,VIDEO_OUTPUT_MPLANE
13783.141075,v4l2_qbuf,5,VIDEO_CAPTURE_MPLANE
13783.143288,v4l2_dqbuf,5,VIDEO_CAPTURE_MPLANE
13783.143309,v4l2_dqbuf,0,VIDEO_OUTPUT_MPLANE
13783.174605,v4l2_qbuf,0,VIDEO_OUTPUT_MPLANE
13783.174642,v4l2_qbuf,2,VIDEO_CAPTURE_MPLANE
13783.177928,v4l2_dqbuf,2,VIDEO_CAPTURE_MPLANE
13783.177944,v4l2_dqbuf,0,VIDEO_OUTPUT_MPLANE
13783.178035,v4l2_qbuf,0,VIDEO_OUTPUT_MPLANE
13783.178046,v4l2_qbuf,4,VIDEO_CAPTURE_MPLANE
13783.181079,v4l2_dqbuf,4,VIDEO_CAPTURE_MPLANE
13783.181147,v4l2_dqbuf,0,VIDEO_OUTPUT_MPLANE
13783.194547,v4l2_qbuf,0,VIDEO_OUTPUT_MPLANE
13783.194566,v4l2_qbuf,0,VIDEO_CAPTURE_MPLANE
13783.197694,v4l2_dqbuf,0,VIDEO_CAPTURE_MPLANE
13783.197704,v4l2_dqbuf,0,VIDEO_OUTPUT_MPLANE
13783.207909,v4l2_qbuf,0,VIDEO_OUTPUT_MPLANE
13783.207930,v4l2_qbuf,1,VIDEO_CAPTURE_MPLANE
13783.210113,v4l2_dqbuf,1,VIDEO_CAPTURE_MPLANE
13783.210125,v4l2_dqbuf,0,VIDEO_OUTPUT_MPLANE
13783.242429,v4l2_qbuf,0,VIDEO_OUTPUT_MPLANE
13783.242457,v4l2_qbuf,4,VIDEO_CAPTURE_MPLANE
13783.245745,v4l2_dqbuf,4,VIDEO_CAPTURE_MPLANE
13783.245797,v4l2_dqbuf,0,VIDEO_OUTPUT_MPLANE
13783.246055,v4l2_qbuf,0,VIDEO_OUTPUT_MPLANE
13783.246086,v4l2_qbuf,3,VIDEO_CAPTURE_MPLANE
13783.249494,v4l2_dqbuf,3,VIDEO_CAPTURE_MPLANE
13783.249653,v4l2_dqbuf,0,VIDEO_OUTPUT_MPLANE
13783.257813,v4l2_qbuf,0,VIDEO_OUTPUT_MPLANE
13783.257844,v4l2_qbuf,2,VIDEO_CAPTURE_MPLANE
13783.261333,v4l2_dqbuf,2,VIDEO_CAPTURE_MPLANE
13783.261361,v4l2_dqbuf,0,VIDEO_OUTPUT_MPLANE
13783.274516,v4l2_qbuf,0,VIDEO_OUTPUT_MPLANE
13783.274532,v4l2_qbuf,0,VIDEO_CAPTURE_MPLANE
13783.276655,v4l2_dqbuf,0,VIDEO_CAPTURE_MPLANE
13783.276663,v4l2_dqbuf,0,VIDEO_OUTPUT_MPLANE
13783.307773,v4l2_qbuf,0,VIDEO_OUTPUT_MPLANE
13783.307790,v4l2_qbuf,3,VIDEO_CAPTURE_MPLANE
13783.311162,v4l2_dqbuf,3,VIDEO_CAPTURE_MPLANE
13783.311184,v4l2_dqbuf,0,VIDEO_OUTPUT_MPLANE
13783.311305,v4l2_qbuf,0,VIDEO_OUTPUT_MPLANE
13783.311321,v4l2_qbuf,5,VIDEO_CAPTURE_MPLANE
13783.314406,v4l2_dqbuf,5,VIDEO_CAPTURE_MPLANE
13783.314476,v4l2_dqbuf,0,VIDEO_OUTPUT_MPLANE
13783.328738,v4l2_qbuf,0,VIDEO_OUTPUT_MPLANE
13783.328752,v4l2_qbuf,4,VIDEO_CAPTURE_MPLANE
13783.331936,v4l2_dqbuf,4,VIDEO_CAPTURE_MPLANE
13783.331946,v4l2_dqbuf,0,VIDEO_OUTPUT_MPLANE
13783.340973,v4l2_qbuf,0,VIDEO_OUTPUT_MPLANE
13783.340991,v4l2_qbuf,2,VIDEO_CAPTURE_MPLANE
13783.343366,v4l2_dqbuf,2,VIDEO_CAPTURE_MPLANE
13783.343387,v4l2_dqbuf,0,VIDEO_OUTPUT_MPLANE
13783.375298,v4l2_qbuf,0,VIDEO_OUTPUT_MPLANE
13783.375338,v4l2_qbuf,5,VIDEO_CAPTURE_MPLANE
13783.380600,v4l2_dqbuf,5,VIDEO_CAPTURE_MPLANE
13783.380631,v4l2_dqbuf,0,VIDEO_OUTPUT_MPLANE
13783.380759,v4l2_qbuf,0,VIDEO_OUTPUT_MPLANE
13783.380779,v4l2_qbuf,1,VIDEO_CAPTURE_MPLANE
13783.383989,v4l2_dqbuf,1,VIDEO_CAPTURE_MPLANE
13783.384099,v4l2_dqbuf,0,VIDEO_OUTPUT_MPLANE
13783.391017,v4l2_qbuf,0,VIDEO_OUTPUT_MPLANE
13783.391033,v4l2_qbuf,3,VIDEO_CAPTURE_MPLANE
13783.394124,v4l2_dqbuf,3,VIDEO_CAPTURE_MPLANE
13783.394134,v4l2_dqbuf,0,VIDEO_OUTPUT_MPLANE
13783.407880,v4l2_qbuf,0,VIDEO_OUTPUT_MPLANE
13783.407902,v4l2_qbuf,4,VIDEO_CAPTURE_MPLANE
13783.410042,v4l2_dqbuf,4,VIDEO_CAPTURE_MPLANE
13783.410056,v4l2_dqbuf,0,VIDEO_OUTPUT_MPLANE
13783.441555,v4l2_qbuf,0,VIDEO_OUTPUT_MPLANE
13783.441596,v4l2_qbuf,1,VIDEO_CAPTURE_MPLANE
13783.444950,v4l2_dqbuf,1,VIDEO_CAPTURE_MPLANE
13783.444986,v4l2_dqbuf,0,VIDEO_OUTPUT_MPLANE
13783.445184,v4l2_qbuf,0,VIDEO_OUTPUT_MPLANE
13783.445209,v4l2_qbuf,0,VIDEO_CAPTURE_MPLANE
13783.448301,v4l2_dqbuf,0,VIDEO_CAPTURE_MPLANE
13783.448375,v4l2_dqbuf,0,VIDEO_OUTPUT_MPLANE
13783.462350,v4l2_qbuf,0,VIDEO_OUTPUT_MPLANE
13783.462377,v4l2_qbuf,5,VIDEO_CAPTURE_MPLANE
13783.465499,v4l2_dqbuf,5,VIDEO_CAPTURE_MPLANE
13783.465511,v4l2_dqbuf,0,VIDEO_OUTPUT_MPLANE
13783.475360,v4l2_qbuf,0,VIDEO_OUTPUT_MPLANE
13783.475381,v4l2_qbuf,3,VIDEO_CAPTURE_MPLANE
13783.477665,v4l2_dqbuf,3,VIDEO_CAPTURE_MPLANE
13783.477702,v4l2_dqbuf,0,VIDEO_OUTPUT_MPLANE
13783.509292,v4l2_qbuf,0,VIDEO_OUTPUT_MPLANE
13783.509811,v4l2_qbuf,0,VIDEO_CAPTURE_MPLANE
13783.513196,v4l2_dqbuf,0,VIDEO_CAPTURE_MPLANE
13783.513223,v4l2_dqbuf,0,VIDEO_OUTPUT_MPLANE
13783.513343,v4l2_qbuf,0,VIDEO_OUTPUT_MPLANE
13783.513362,v4l2_qbuf,2,VIDEO_CAPTURE_MPLANE
13783.516778,v4l2_dqbuf,2,VIDEO_CAPTURE_MPLANE
13783.516990,v4l2_dqbuf,0,VIDEO_OUTPUT_MPLANE
13783.524203,v4l2_qbuf,0,VIDEO_OUTPUT_MPLANE
13783.524220,v4l2_qbuf,1,VIDEO_CAPTURE_MPLANE
13783.527538,v4l2_dqbuf,1,VIDEO_CAPTURE_MPLANE
13783.527618,v4l2_dqbuf,0,VIDEO_OUTPUT_MPLANE
13783.543904,v4l2_qbuf,0,VIDEO_OUTPUT_MPLANE
13783.543927,v4l2_qbuf,5,VIDEO_CAPTURE_MPLANE
13783.546257,v4l2_dqbuf,5,VIDEO_CAPTURE_MPLANE
13783.546282,v4l2_dqbuf,0,VIDEO_OUTPUT_MPLANE
13783.577305,v4l2_qbuf,0,VIDEO_OUTPUT_MPLANE
13783.577347,v4l2_qbuf,2,VIDEO_CAPTURE_MPLANE
13783.580689,v4l2_dqbuf,2,VIDEO_CAPTURE_MPLANE
13783.580709,v4l2_dqbuf,0,VIDEO_OUTPUT_MPLANE
13783.580808,v4l2_qbuf,0,VIDEO_OUTPUT_MPLANE
13783.580833,v4l2_qbuf,4,VIDEO_CAPTURE_MPLANE
13783.584122,v4l2_dqbuf,4,VIDEO_CAPTURE_MPLANE
13783.584318,v4l2_dqbuf,0,VIDEO_OUTPUT_MPLANE
13783.594138,v4l2_qbuf,0,VIDEO_OUTPUT_MPLANE
13783.594156,v4l2_qbuf,0,VIDEO_CAPTURE_MPLANE
13783.599161,v4l2_dqbuf,0,VIDEO_CAPTURE_MPLANE
13783.599178,v4l2_dqbuf,0,VIDEO_OUTPUT_MPLANE
13783.610413,v4l2_qbuf,0,VIDEO_OUTPUT_MPLANE
13783.610435,v4l2_qbuf,1,VIDEO_CAPTURE_MPLANE
13783.613180,v4l2_dqbuf,1,VIDEO_CAPTURE_MPLANE
13783.613200,v4l2_dqbuf,0,VIDEO_OUTPUT_MPLANE
13783.627459,v4l2_qbuf,0,VIDEO_OUTPUT_MPLANE
13783.627486,v4l2_qbuf,3,VIDEO_CAPTURE_MPLANE
13783.630666,v4l2_dqbuf,3,VIDEO_CAPTURE_MPLANE
13783.630842,v4l2_dqbuf,0,VIDEO_OUTPUT_MPLANE
13783.644400,v4l2_qbuf,0,VIDEO_OUTPUT_MPLANE
13783.644426,v4l2_qbuf,4,VIDEO_CAPTURE_MPLANE
13783.646410,v4l2_dqbuf,4,VIDEO_CAPTURE_MPLANE
13783.646430,v4l2_dqbuf,0,VIDEO_OUTPUT_MPLANE
13783.660991,v4l2_qbuf,0,VIDEO_OUTPUT_MPLANE
13783.661035,v4l2_qbuf,2,VIDEO_CAPTURE_MPLANE
13783.663158,v4l2_dqbuf,2,VIDEO_CAPTURE_MPLANE
13783.663175,v4l2_dqbuf,0,VIDEO_OUTPUT_MPLANE
13783.677110,v4l2_qbuf,0,VIDEO_OUTPUT_MPLANE
13783.677128,v4l2_qbuf,0,VIDEO_CAPTURE_MPLANE
13783.680135,v4l2_dqbuf,0,VIDEO_CAPTURE_MPLANE
13783.680157,v4l2_dqbuf,0,VIDEO_OUTPUT_MPLANE
13783.694180,v4l2_qbuf,0,VIDEO_OUTPUT_MPLANE
13783.694209,v4l2_qbuf,5,VIDEO_CAPTURE_MPLANE
13783.697435,v4l2_dqbuf,5,VIDEO_CAPTURE_MPLANE
13783.697551,v4l2_dqbuf,0,VIDEO_OUTPUT_MPLANE
13783.712873,v4l2_qbuf,0,VIDEO_OUTPUT_MPLANE
13783.712893,v4l2_qbuf,3,VIDEO_CAPTURE_MPLANE
13783.716392,v4l2_dqbuf,3,VIDEO_CAPTURE_MPLANE
13783.716409,v4l2_dqbuf,0,VIDEO_OUTPUT_MPLANE
13783.727254,v4l2_qbuf,0,VIDEO_OUTPUT_MPLANE
13783.727275,v4l2_qbuf,1,VIDEO_CAPTURE_MPLANE
13783.729450,v4l2_dqbuf,1,VIDEO_CAPTURE_MPLANE
13783.729464,v4l2_dqbuf,0,VIDEO_OUTPUT_MPLANE
13783.760534,v4l2_qbuf,0,VIDEO_OUTPUT_MPLANE
13783.760553,v4l2_qbuf,5,VIDEO_CAPTURE_MPLANE
13783.763909,v4l2_dqbuf,5,VIDEO_CAPTURE_MPLANE
13783.763953,v4l2_dqbuf,0,VIDEO_OUTPUT_MPLANE
13783.764188,v4l2_qbuf,0,VIDEO_OUTPUT_MPLANE
13783.764217,v4l2_qbuf,4,VIDEO_CAPTURE_MPLANE
13783.767557,v4l2_dqbuf,4,VIDEO_CAPTURE_MPLANE
13783.767697,v4l2_dqbuf,0,VIDEO_OUTPUT_MPLANE
13783.777811,v4l2_qbuf,0,VIDEO_OUTPUT_MPLANE
13783.777852,v4l2_qbuf,0,VIDEO_CAPTURE_MPLANE
13783.781014,v4l2_dqbuf,0,VIDEO_CAPTURE_MPLANE
13783.781026,v4l2_dqbuf,0,VIDEO_OUTPUT_MPLANE
13783.793738,v4l2_qbuf,0,VIDEO_OUTPUT_MPLANE
13783.793755,v4l2_qbuf,3,VIDEO_CAPTURE_MPLANE
13783.795828,v4l2_dqbuf,3,VIDEO_CAPTURE_MPLANE
13783.795837,v4l2_dqbuf,0,VIDEO_OUTPUT_MPLANE
13783.827573,v4l2_qbuf,0,VIDEO_OUTPUT_MPLANE
13783.827617,v4l2_qbuf,4,VIDEO_CAPTURE_MPLANE
13783.831007,v4l2_dqbuf,4,VIDEO_CAPTURE_MPLANE
13783.831022,v4l2_dqbuf,0,VIDEO_OUTPUT_MPLANE
13783.831123,v4l2_qbuf,0,VIDEO_OUTPUT_MPLANE
13783.831140,v4l2_qbuf,2,VIDEO_CAPTURE_MPLANE
13783.834417,v4l2_dqbuf,2,VIDEO_CAPTURE_MPLANE
13783.834514,v4l2_dqbuf,0,VIDEO_OUTPUT_MPLANE
13783.843947,v4l2_qbuf,0,VIDEO_OUTPUT_MPLANE
13783.843964,v4l2_qbuf,5,VIDEO_CAPTURE_MPLANE
13783.848386,v4l2_dqbuf,5,VIDEO_CAPTURE_MPLANE
13783.848397,v4l2_dqbuf,0,VIDEO_OUTPUT_MPLANE
13783.860684,v4l2_qbuf,0,VIDEO_OUTPUT_MPLANE
13783.860701,v4l2_qbuf,0,VIDEO_CAPTURE_MPLANE
13783.863044,v4l2_dqbuf,0,VIDEO_CAPTURE_MPLANE
13783.863062,v4l2_dqbuf,0,VIDEO_OUTPUT_MPLANE
13783.893718,v4l2_qbuf,0,VIDEO_OUTPUT_MPLANE
13783.893733,v4l2_qbuf,2,VIDEO_CAPTURE_MPLANE
13783.896919,v4l2_dqbuf,2,VIDEO_CAPTURE_MPLANE
13783.896938,v4l2_dqbuf,0,VIDEO_OUTPUT_MPLANE
13783.897044,v4l2_qbuf,0,VIDEO_OUTPUT_MPLANE
13783.897059,v4l2_qbuf,1,VIDEO_CAPTURE_MPLANE
13783.900295,v4l2_dqbuf,1,VIDEO_CAPTURE_MPLANE
13783.900366,v4l2_dqbuf,0,VIDEO_OUTPUT_MPLANE
13783.910637,v4l2_qbuf,0,VIDEO_OUTPUT_MPLANE
13783.910665,v4l2_qbuf,4,VIDEO_CAPTURE_MPLANE
13783.913849,v4l2_dqbuf,4,VIDEO_CAPTURE_MPLANE
13783.913869,v4l2_dqbuf,0,VIDEO_OUTPUT_MPLANE
13783.927241,v4l2_qbuf,0,VIDEO_OUTPUT_MPLANE
13783.927277,v4l2_qbuf,5,VIDEO_CAPTURE_MPLANE
13783.929428,v4l2_dqbuf,5,VIDEO_CAPTURE_MPLANE
13783.929447,v4l2_dqbuf,0,VIDEO_OUTPUT_MPLANE
13783.960806,v4l2_qbuf,0,VIDEO_OUTPUT_MPLANE
13783.960867,v4l2_qbuf,1,VIDEO_CAPTURE_MPLANE
13783.964155,v4l2_dqbuf,1,VIDEO_CAPTURE_MPLANE
13783.964179,v4l2_dqbuf,0,VIDEO_OUTPUT_MPLANE
13783.964299,v4l2_qbuf,0,VIDEO_OUTPUT_MPLANE
13783.964357,v4l2_qbuf,3,VIDEO_CAPTURE_MPLANE
13783.967616,v4l2_dqbuf,3,VIDEO_CAPTURE_MPLANE
13783.967721,v4l2_dqbuf,0,VIDEO_OUTPUT_MPLANE
13783.977250,v4l2_qbuf,0,VIDEO_OUTPUT_MPLANE
13783.977275,v4l2_qbuf,2,VIDEO_CAPTURE_MPLANE
13783.980456,v4l2_dqbuf,2,VIDEO_CAPTURE_MPLANE
13783.980480,v4l2_dqbuf,0,VIDEO_OUTPUT_MPLANE
13783.994334,v4l2_qbuf,0,VIDEO_OUTPUT_MPLANE
13783.994367,v4l2_qbuf,4,VIDEO_CAPTURE_MPLANE
13783.996500,v4l2_dqbuf,4,VIDEO_CAPTURE_MPLANE
13783.996514,v4l2_dqbuf,0,VIDEO_OUTPUT_MPLANE
13784.027384,v4l2_qbuf,0,VIDEO_OUTPUT_MPLANE
13784.027416,v4l2_qbuf,3,VIDEO_CAPTURE_MPLANE
13784.030612,v4l2_dqbuf,3,VIDEO_CAPTURE_MPLANE
13784.030636,v4l2_dqbuf,0,VIDEO_OUTPUT_MPLANE
13784.030766,v4l2_qbuf,0,VIDEO_OUTPUT_MPLANE
13784.030779,v4l2_qbuf,0,VIDEO_CAPTURE_MPLANE
13784.034172,v4l2_dqbuf,0,VIDEO_CAPTURE_MPLANE
13784.034263,v4l2_dqbuf,0,VIDEO_OUTPUT_MPLANE
13784.045126,v4l2_qbuf,0,VIDEO_OUTPUT_MPLANE
13784.045147,v4l2_qbuf,1,VIDEO_CAPTURE_MPLANE
13784.050306,v4l2_dqbuf,1,VIDEO_CAPTURE_MPLANE
13784.050322,v4l2_dqbuf,0,VIDEO_OUTPUT_MPLANE
13784.060666,v4l2_qbuf,0,VIDEO_OUTPUT_MPLANE
13784.060684,v4l2_qbuf,2,VIDEO_CAPTURE_MPLANE
13784.062944,v4l2_dqbuf,2,VIDEO_CAPTURE_MPLANE
13784.062958,v4l2_dqbuf,0,VIDEO_OUTPUT_MPLANE
13784.094094,v4l2_qbuf,0,VIDEO_OUTPUT_MPLANE
13784.094112,v4l2_qbuf,0,VIDEO_CAPTURE_MPLANE
13784.097397,v4l2_dqbuf,0,VIDEO_CAPTURE_MPLANE
13784.097420,v4l2_dqbuf,0,VIDEO_OUTPUT_MPLANE
13784.097540,v4l2_qbuf,0,VIDEO_OUTPUT_MPLANE
13784.097557,v4l2_qbuf,5,VIDEO_CAPTURE_MPLANE
13784.101079,v4l2_dqbuf,5,VIDEO_CAPTURE_MPLANE
13784.101183,v4l2_dqbuf,0,VIDEO_OUTPUT_MPLANE
13784.110646,v4l2_qbuf,0,VIDEO_OUTPUT_MPLANE
13784.110665,v4l2_qbuf,3,VIDEO_CAPTURE_MPLANE
13784.114154,v4l2_dqbuf,3,VIDEO_CAPTURE_MPLANE
13784.114176,v4l2_dqbuf,0,VIDEO_OUTPUT_MPLANE
13784.127698,v4l2_qbuf,0,VIDEO_OUTPUT_MPLANE
13784.127735,v4l2_qbuf,1,VIDEO_CAPTURE_MPLANE
13784.129949,v4l2_dqbuf,1,VIDEO_CAPTURE_MPLANE
13784.129960,v4l2_dqbuf,0,VIDEO_OUTPUT_MPLANE
13784.160913,v4l2_qbuf,0,VIDEO_OUTPUT_MPLANE
13784.160934,v4l2_qbuf,5,VIDEO_CAPTURE_MPLANE
13784.164234,v4l2_dqbuf,5,VIDEO_CAPTURE_MPLANE
13784.164279,v4l2_dqbuf,0,VIDEO_OUTPUT_MPLANE
13784.164482,v4l2_qbuf,0,VIDEO_OUTPUT_MPLANE
13784.164597,v4l2_qbuf,4,VIDEO_CAPTURE_MPLANE
13784.168050,v4l2_dqbuf,4,VIDEO_CAPTURE_MPLANE
13784.168147,v4l2_dqbuf,0,VIDEO_OUTPUT_MPLANE
13784.177226,v4l2_qbuf,0,VIDEO_OUTPUT_MPLANE
13784.177247,v4l2_qbuf,0,VIDEO_CAPTURE_MPLANE
13784.182215,v4l2_dqbuf,0,VIDEO_CAPTURE_MPLANE
13784.182246,v4l2_dqbuf,0,VIDEO_OUTPUT_MPLANE
13784.194239,v4l2_qbuf,0,VIDEO_OUTPUT_MPLANE
13784.194271,v4l2_qbuf,3,VIDEO_CAPTURE_MPLANE
13784.196579,v4l2_dqbuf,3,VIDEO_CAPTURE_MPLANE
13784.196603,v4l2_dqbuf,0,VIDEO_OUTPUT_MPLANE
13784.243933,v4l2_qbuf,0,VIDEO_OUTPUT_MPLANE
13784.243976,v4l2_qbuf,4,VIDEO_CAPTURE_MPLANE
13784.247299,v4l2_dqbuf,4,VIDEO_CAPTURE_MPLANE
13784.247331,v4l2_dqbuf,0,VIDEO_OUTPUT_MPLANE
13784.247498,v4l2_qbuf,0,VIDEO_OUTPUT_MPLANE
13784.247520,v4l2_qbuf,2,VIDEO_CAPTURE_MPLANE
13784.250911,v4l2_dqbuf,2,VIDEO_CAPTURE_MPLANE
13784.251135,v4l2_dqbuf,0,VIDEO_OUTPUT_MPLANE
13784.260429,v4l2_qbuf,0,VIDEO_OUTPUT_MPLANE
13784.260460,v4l2_qbuf,5,VIDEO_CAPTURE_MPLANE
13784.263679,v4l2_dqbuf,5,VIDEO_CAPTURE_MPLANE
13784.263698,v4l2_dqbuf,0,VIDEO_OUTPUT_MPLANE
13784.277213,v4l2_qbuf,0,VIDEO_OUTPUT_MPLANE
13784.277253,v4l2_qbuf,0,VIDEO_CAPTURE_MPLANE
13784.280309,v4l2_dqbuf,0,VIDEO_CAPTURE_MPLANE
13784.280332,v4l2_dqbuf,0,VIDEO_OUTPUT_MPLANE
13784.310625,v4l2_qbuf,0,VIDEO_OUTPUT_MPLANE
13784.310671,v4l2_qbuf,2,VIDEO_CAPTURE_MPLANE
13784.313985,v4l2_dqbuf,2,VIDEO_CAPTURE_MPLANE
13784.314029,v4l2_dqbuf,0,VIDEO_OUTPUT_MPLANE
13784.314211,v4l2_qbuf,0,VIDEO_OUTPUT_MPLANE
13784.314232,v4l2_qbuf,1,VIDEO_CAPTURE_MPLANE
13784.317385,v4l2_dqbuf,1,VIDEO_CAPTURE_MPLANE
13784.317511,v4l2_dqbuf,0,VIDEO_OUTPUT_MPLANE
13784.331537,v4l2_qbuf,0,VIDEO_OUTPUT_MPLANE
13784.331574,v4l2_qbuf,4,VIDEO_CAPTURE_MPLANE
13784.335156,v4l2_dqbuf,4,VIDEO_CAPTURE_MPLANE
13784.335180,v4l2_dqbuf,0,VIDEO_OUTPUT_MPLANE
13784.343132,v4l2_qbuf,0,VIDEO_OUTPUT_MPLANE
13784.343153,v4l2_qbuf,5,VIDEO_CAPTURE_MPLANE
13784.345356,v4l2_dqbuf,5,VIDEO_CAPTURE_MPLANE
13784.345368,v4l2_dqbuf,0,VIDEO_OUTPUT_MPLANE
13784.376720,v4l2_qbuf,0,VIDEO_OUTPUT_MPLANE
13784.376741,v4l2_qbuf,1,VIDEO_CAPTURE_MPLANE
13784.380165,v4l2_dqbuf,1,VIDEO_CAPTURE_MPLANE
13784.380186,v4l2_dqbuf,0,VIDEO_OUTPUT_MPLANE
13784.380285,v4l2_qbuf,0,VIDEO_OUTPUT_MPLANE
13784.380300,v4l2_qbuf,3,VIDEO_CAPTURE_MPLANE
13784.383423,v4l2_dqbuf,3,VIDEO_CAPTURE_MPLANE
13784.383495,v4l2_dqbuf,0,VIDEO_OUTPUT_MPLANE
13784.396810,v4l2_qbuf,0,VIDEO_OUTPUT_MPLANE
13784.396828,v4l2_qbuf,2,VIDEO_CAPTURE_MPLANE
13784.400150,v4l2_dqbuf,2,VIDEO_CAPTURE_MPLANE
13784.400161,v4l2_dqbuf,0,VIDEO_OUTPUT_MPLANE
13784.409742,v4l2_qbuf,0,VIDEO_OUTPUT_MPLANE
13784.409759,v4l2_qbuf,4,VIDEO_CAPTURE_MPLANE
13784.412177,v4l2_dqbuf,4,VIDEO_CAPTURE_MPLANE
13784.412193,v4l2_dqbuf,0,VIDEO_OUTPUT_MPLANE
13784.443226,v4l2_qbuf,0,VIDEO_OUTPUT_MPLANE
13784.443245,v4l2_qbuf,3,VIDEO_CAPTURE_MPLANE
13784.446631,v4l2_dqbuf,3,VIDEO_CAPTURE_MPLANE
13784.446663,v4l2_dqbuf,0,VIDEO_OUTPUT_MPLANE
13784.446819,v4l2_qbuf,0,VIDEO_OUTPUT_MPLANE
13784.446840,v4l2_qbuf,0,VIDEO_CAPTURE_MPLANE
13784.452215,v4l2_dqbuf,0,VIDEO_CAPTURE_MPLANE
13784.452341,v4l2_dqbuf,0,VIDEO_OUTPUT_MPLANE
13784.460341,v4l2_qbuf,0,VIDEO_OUTPUT_MPLANE
13784.460379,v4l2_qbuf,1,VIDEO_CAPTURE_MPLANE
13784.463808,v4l2_dqbuf,1,VIDEO_CAPTURE_MPLANE
13784.463823,v4l2_dqbuf,0,VIDEO_OUTPUT_MPLANE
13784.476158,v4l2_qbuf,0,VIDEO_OUTPUT_MPLANE
13784.476179,v4l2_qbuf,2,VIDEO_CAPTURE_MPLANE
13784.478314,v4l2_dqbuf,2,VIDEO_CAPTURE_MPLANE
13784.478328,v4l2_dqbuf,0,VIDEO_OUTPUT_MPLANE
13784.510262,v4l2_qbuf,0,VIDEO_OUTPUT_MPLANE
13784.510301,v4l2_qbuf,0,VIDEO_CAPTURE_MPLANE
13784.513727,v4l2_dqbuf,0,VIDEO_CAPTURE_MPLANE
13784.513769,v4l2_dqbuf,0,VIDEO_OUTPUT_MPLANE
13784.513936,v4l2_qbuf,0,VIDEO_OUTPUT_MPLANE
13784.513958,v4l2_qbuf,5,VIDEO_CAPTURE_MPLANE
13784.517351,v4l2_dqbuf,5,VIDEO_CAPTURE_MPLANE
13784.517431,v4l2_dqbuf,0,VIDEO_OUTPUT_MPLANE
13784.532162,v4l2_qbuf,0,VIDEO_OUTPUT_MPLANE
13784.532236,v4l2_qbuf,3,VIDEO_CAPTURE_MPLANE
13784.536365,v4l2_dqbuf,3,VIDEO_CAPTURE_MPLANE
13784.536383,v4l2_dqbuf,0,VIDEO_OUTPUT_MPLANE
13784.543521,v4l2_qbuf,0,VIDEO_OUTPUT_MPLANE
13784.543542,v4l2_qbuf,1,VIDEO_CAPTURE_MPLANE
13784.545769,v4l2_dqbuf,1,VIDEO_CAPTURE_MPLANE
13784.545784,v4l2_dqbuf,0,VIDEO_OUTPUT_MPLANE
13784.576901,v4l2_qbuf,0,VIDEO_OUTPUT_MPLANE
13784.576920,v4l2_qbuf,5,VIDEO_CAPTURE_MPLANE
13784.580250,v4l2_dqbuf,5,VIDEO_CAPTURE_MPLANE
13784.580274,v4l2_dqbuf,0,VIDEO_OUTPUT_MPLANE
13784.580395,v4l2_qbuf,0,VIDEO_OUTPUT_MPLANE
13784.582381,v4l2_qbuf,4,VIDEO_CAPTURE_MPLANE
13784.585619,v4l2_dqbuf,4,VIDEO_CAPTURE_MPLANE
13784.585712,v4l2_dqbuf,0,VIDEO_OUTPUT_MPLANE
13784.593555,v4l2_qbuf,0,VIDEO_OUTPUT_MPLANE
13784.593615,v4l2_qbuf,0,VIDEO_CAPTURE_MPLANE
13784.596930,v4l2_dqbuf,0,VIDEO_CAPTURE_MPLANE
13784.596946,v4l2_dqbuf,0,VIDEO_OUTPUT_MPLANE
13784.609788,v4l2_qbuf,0,VIDEO_OUTPUT_MPLANE
13784.609809,v4l2_qbuf,3,VIDEO_CAPTURE_MPLANE
13784.611893,v4l2_dqbuf,3,VIDEO_CAPTURE_MPLANE
13784.611907,v4l2_dqbuf,0,VIDEO_OUTPUT_MPLANE
13784.643171,v4l2_qbuf,0,VIDEO_OUTPUT_MPLANE
13784.643193,v4l2_qbuf,4,VIDEO_CAPTURE_MPLANE
13784.646606,v4l2_dqbuf,4,VIDEO_CAPTURE_MPLANE
13784.646628,v4l2_dqbuf,0,VIDEO_OUTPUT_MPLANE
13784.646732,v4l2_qbuf,0,VIDEO_OUTPUT_MPLANE
13784.646748,v4l2_qbuf,2,VIDEO_CAPTURE_MPLANE
13784.651578,v4l2_dqbuf,2,VIDEO_CAPTURE_MPLANE
13784.651721,v4l2_dqbuf,0,VIDEO_OUTPUT_MPLANE
13784.660079,v4l2_qbuf,0,VIDEO_OUTPUT_MPLANE
13784.660098,v4l2_qbuf,5,VIDEO_CAPTURE_MPLANE
13784.662015,v4l2_dqbuf,5,VIDEO_CAPTURE_MPLANE
13784.662035,v4l2_dqbuf,0,VIDEO_OUTPUT_MPLANE
13784.676525,v4l2_qbuf,0,VIDEO_OUTPUT_MPLANE
13784.676546,v4l2_qbuf,0,VIDEO_CAPTURE_MPLANE
13784.678773,v4l2_dqbuf,0,VIDEO_CAPTURE_MPLANE
13784.678786,v4l2_dqbuf,0,VIDEO_OUTPUT_MPLANE
13784.693320,v4l2_qbuf,0,VIDEO_OUTPUT_MPLANE
13784.693338,v4l2_qbuf,1,VIDEO_CAPTURE_MPLANE
13784.698200,v4l2_dqbuf,1,VIDEO_CAPTURE_MPLANE
13784.698214,v4l2_dqbuf,0,VIDEO_OUTPUT_MPLANE
13784.709987,v4l2_qbuf,0,VIDEO_OUTPUT_MPLANE
13784.710023,v4l2_qbuf,4,VIDEO_CAPTURE_MPLANE
13784.713233,v4l2_dqbuf,4,VIDEO_CAPTURE_MPLANE
13784.713308,v4l2_dqbuf,0,VIDEO_OUTPUT_MPLANE
13784.726740,v4l2_qbuf,0,VIDEO_OUTPUT_MPLANE
13784.726760,v4l2_qbuf,2,VIDEO_CAPTURE_MPLANE
13784.729936,v4l2_dqbuf,2,VIDEO_CAPTURE_MPLANE
13784.729951,v4l2_dqbuf,0,VIDEO_OUTPUT_MPLANE
13784.743374,v4l2_qbuf,0,VIDEO_OUTPUT_MPLANE
13784.743395,v4l2_qbuf,3,VIDEO_CAPTURE_MPLANE
13784.745654,v4l2_dqbuf,3,VIDEO_CAPTURE_MPLANE
13784.745683,v4l2_dqbuf,0,VIDEO_OUTPUT_MPLANE
13784.776454,v4l2_qbuf,0,VIDEO_OUTPUT_MPLANE
13784.776475,v4l2_qbuf,4,VIDEO_CAPTURE_MPLANE
13784.779678,v4l2_dqbuf,4,VIDEO_CAPTURE_MPLANE
13784.779700,v4l2_dqbuf,0,VIDEO_OUTPUT_MPLANE
13784.779811,v4l2_qbuf,0,VIDEO_OUTPUT_MPLANE
13784.779829,v4l2_qbuf,5,VIDEO_CAPTURE_MPLANE
13784.782905,v4l2_dqbuf,5,VIDEO_CAPTURE_MPLANE
13784.782981,v4l2_dqbuf,0,VIDEO_OUTPUT_MPLANE
13784.797584,v4l2_qbuf,0,VIDEO_OUTPUT_MPLANE
13784.797608,v4l2_qbuf,1,VIDEO_CAPTURE_MPLANE
13784.800928,v4l2_dqbuf,1,VIDEO_CAPTURE_MPLANE
13784.800940,v4l2_dqbuf,0,VIDEO_OUTPUT_MPLANE
13784.809964,v4l2_qbuf,0,VIDEO_OUTPUT_MPLANE
13784.809986,v4l2_qbuf,2,VIDEO_CAPTURE_MPLANE
13784.813789,v4l2_dqbuf,2,VIDEO_CAPTURE_MPLANE
13784.813806,v4l2_dqbuf,0,VIDEO_OUTPUT_MPLANE
13784.843352,v4l2_qbuf,0,VIDEO_OUTPUT_MPLANE
13784.843380,v4l2_qbuf,5,VIDEO_CAPTURE_MPLANE
13784.846861,v4l2_dqbuf,5,VIDEO_CAPTURE_MPLANE
13784.846899,v4l2_dqbuf,0,VIDEO_OUTPUT_MPLANE
13784.847148,v4l2_qbuf,0,VIDEO_OUTPUT_MPLANE
13784.847184,v4l2_qbuf,0,VIDEO_CAPTURE_MPLANE
13784.850492,v4l2_dqbuf,0,VIDEO_CAPTURE_MPLANE
13784.850573,v4l2_dqbuf,0,VIDEO_OUTPUT_MPLANE
13784.860162,v4l2_qbuf,0,VIDEO_OUTPUT_MPLANE
13784.860179,v4l2_qbuf,4,VIDEO_CAPTURE_MPLANE
13784.864622,v4l2_dqbuf,4,VIDEO_CAPTURE_MPLANE
13784.864638,v4l2_dqbuf,0,VIDEO_OUTPUT_MPLANE
13784.876877,v4l2_qbuf,0,VIDEO_OUTPUT_MPLANE
13784.876916,v4l2_qbuf,1,VIDEO_CAPTURE_MPLANE
13784.879391,v4l2_dqbuf,1,VIDEO_CAPTURE_MPLANE
13784.879415,v4l2_dqbuf,0,VIDEO_OUTPUT_MPLANE
13784.910160,v4l2_qbuf,0,VIDEO_OUTPUT_MPLANE
13784.910185,v4l2_qbuf,0,VIDEO_CAPTURE_MPLANE
13784.913466,v4l2_dqbuf,0,VIDEO_CAPTURE_MPLANE
13784.913488,v4l2_dqbuf,0,VIDEO_OUTPUT_MPLANE
13784.913610,v4l2_qbuf,0,VIDEO_OUTPUT_MPLANE
13784.913627,v4l2_qbuf,3,VIDEO_CAPTURE_MPLANE
13784.916978,v4l2_dqbuf,3,VIDEO_CAPTURE_MPLANE
13784.917131,v4l2_dqbuf,0,VIDEO_OUTPUT_MPLANE
13784.931349,v4l2_qbuf,0,VIDEO_OUTPUT_MPLANE
13784.931383,v4l2_qbuf,5,VIDEO_CAPTURE_MPLANE
13784.934718,v4l2_dqbuf,5,VIDEO_CAPTURE_MPLANE
13784.934734,v4l2_dqbuf,0,VIDEO_OUTPUT_MPLANE
13784.943660,v4l2_qbuf,0,VIDEO_OUTPUT_MPLANE
13784.943699,v4l2_qbuf,4,VIDEO_CAPTURE_MPLANE
13784.945951,v4l2_dqbuf,4,VIDEO_CAPTURE_MPLANE
13784.945996,v4l2_dqbuf,0,VIDEO_OUTPUT_MPLANE
13784.976747,v4l2_qbuf,0,VIDEO_OUTPUT_MPLANE
13784.976784,v4l2_qbuf,3,VIDEO_CAPTURE_MPLANE
13784.980130,v4l2_dqbuf,3,VIDEO_CAPTURE_MPLANE
13784.980150,v4l2_dqbuf,0,VIDEO_OUTPUT_MPLANE
13784.980254,v4l2_qbuf,0,VIDEO_OUTPUT_MPLANE
13784.980301,v4l2_qbuf,2,VIDEO_CAPTURE_MPLANE
13784.983657,v4l2_dqbuf,2,VIDEO_CAPTURE_MPLANE
13784.983834,v4l2_dqbuf,0,VIDEO_OUTPUT_MPLANE
13784.993452,v4l2_qbuf,0,VIDEO_OUTPUT_MPLANE
13784.993469,v4l2_qbuf,0,VIDEO_CAPTURE_MPLANE
13784.996705,v4l2_dqbuf,0,VIDEO_CAPTURE_MPLANE
13784.996717,v4l2_dqbuf,0,VIDEO_OUTPUT_MPLANE
13785.009918,v4l2_qbuf,0,VIDEO_OUTPUT_MPLANE
13785.009938,v4l2_qbuf,5,VIDEO_CAPTURE_MPLANE
13785.012176,v4l2_dqbuf,5,VIDEO_CAPTURE_MPLANE
13785.012188,v4l2_dqbuf,0,VIDEO_OUTPUT_MPLANE
13785.043613,v4l2_qbuf,0,VIDEO_OUTPUT_MPLANE
13785.043658,v4l2_qbuf,2,VIDEO_CAPTURE_MPLANE
13785.047045,v4l2_dqbuf,2,VIDEO_CAPTURE_MPLANE
13785.047076,v4l2_dqbuf,0,VIDEO_OUTPUT_MPLANE
13785.047241,v4l2_qbuf,0,VIDEO_OUTPUT_MPLANE
13785.047269,v4l2_qbuf,1,VIDEO_CAPTURE_MPLANE
13785.052140,v4l2_dqbuf,1,VIDEO_CAPTURE_MPLANE
13785.052268,v4l2_dqbuf,0,VIDEO_OUTPUT_MPLANE
13785.069899,v4l2_qbuf,0,VIDEO_OUTPUT_MPLANE
13785.069920,v4l2_qbuf,3,VIDEO_CAPTURE_MPLANE
13785.073324,v4l2_dqbuf,3,VIDEO_CAPTURE_MPLANE
13785.073338,v4l2_dqbuf,0,VIDEO_OUTPUT_MPLANE
13785.077000,v4l2_qbuf,0,VIDEO_OUTPUT_MPLANE
13785.077152,v4l2_qbuf,0,VIDEO_CAPTURE_MPLANE
13785.079501,v4l2_dqbuf,0,VIDEO_CAPTURE_MPLANE
13785.079535,v4l2_dqbuf,0,VIDEO_OUTPUT_MPLANE
13785.109878,v4l2_qbuf,0,VIDEO_OUTPUT_MPLANE
13785.109898,v4l2_qbuf,1,VIDEO_CAPTURE_MPLANE
13785.112984,v4l2_dqbuf,1,VIDEO_CAPTURE_MPLANE
13785.113014,v4l2_dqbuf,0,VIDEO_OUTPUT_MPLANE
13785.113113,v4l2_qbuf,0,VIDEO_OUTPUT_MPLANE
13785.113129,v4l2_qbuf,4,VIDEO_CAPTURE_MPLANE
13785.116274,v4l2_dqbuf,4,VIDEO_CAPTURE_MPLANE
13785.116350,v4l2_dqbuf,0,VIDEO_OUTPUT_MPLANE
13785.126388,v4l2_qbuf,0,VIDEO_OUTPUT_MPLANE
13785.126411,v4l2_qbuf,2,VIDEO_CAPTURE_MPLANE
13785.129555,v4l2_dqbuf,2,VIDEO_CAPTURE_MPLANE
13785.129568,v4l2_dqbuf,0,VIDEO_OUTPUT_MPLANE
13785.143234,v4l2_qbuf,0,VIDEO_OUTPUT_MPLANE
13785.143253,v4l2_qbuf,3,VIDEO_CAPTURE_MPLANE
13785.145471,v4l2_dqbuf,3,VIDEO_CAPTURE_MPLANE
13785.145485,v4l2_dqbuf,0,VIDEO_OUTPUT_MPLANE
13785.176573,v4l2_qbuf,0,VIDEO_OUTPUT_MPLANE
13785.176595,v4l2_qbuf,4,VIDEO_CAPTURE_MPLANE
13785.180950,v4l2_dqbuf,4,VIDEO_CAPTURE_MPLANE
13785.180976,v4l2_dqbuf,0,VIDEO_OUTPUT_MPLANE
13785.181136,v4l2_qbuf,0,VIDEO_OUTPUT_MPLANE
13785.181156,v4l2_qbuf,5,VIDEO_CAPTURE_MPLANE
13785.184586,v4l2_dqbuf,5,VIDEO_CAPTURE_MPLANE
13785.184600,v4l2_dqbuf,0,VIDEO_OUTPUT_MPLANE
13785.193307,v4l2_qbuf,0,VIDEO_OUTPUT_MPLANE
13785.193333,v4l2_qbuf,1,VIDEO_CAPTURE_MPLANE
13785.195721,v4l2_dqbuf,1,VIDEO_CAPTURE_MPLANE
13785.195735,v4l2_dqbuf,0,VIDEO_OUTPUT_MPLANE
13785.209774,v4l2_qbuf,0,VIDEO_OUTPUT_MPLANE
13785.209863,v4l2_qbuf,2,VIDEO_CAPTURE_MPLANE
13785.213000,v4l2_dqbuf,2,VIDEO_CAPTURE_MPLANE
13785.213030,v4l2_dqbuf,0,VIDEO_OUTPUT_MPLANE
13785.226843,v4l2_qbuf,0,VIDEO_OUTPUT_MPLANE
13785.226885,v4l2_qbuf,0,VIDEO_CAPTURE_MPLANE
13785.230226,v4l2_dqbuf,0,VIDEO_CAPTURE_MPLANE
13785.230366,v4l2_dqbuf,0,VIDEO_OUTPUT_MPLANE
13785.243391,v4l2_qbuf,0,VIDEO_OUTPUT_MPLANE
13785.243437,v4l2_qbuf,4,VIDEO_CAPTURE_MPLANE
13785.246625,v4l2_dqbuf,4,VIDEO_CAPTURE_MPLANE
13785.246649,v4l2_dqbuf,0,VIDEO_OUTPUT_MPLANE
13785.260150,v4l2_qbuf,0,VIDEO_OUTPUT_MPLANE
13785.260190,v4l2_qbuf,5,VIDEO_CAPTURE_MPLANE
13785.262535,v4l2_dqbuf,5,VIDEO_CAPTURE_MPLANE
13785.262599,v4l2_dqbuf,0,VIDEO_OUTPUT_MPLANE
13785.293284,v4l2_qbuf,0,VIDEO_OUTPUT_MPLANE
13785.293305,v4l2_qbuf,0,VIDEO_CAPTURE_MPLANE
13785.296489,v4l2_dqbuf,0,VIDEO_CAPTURE_MPLANE
13785.296513,v4l2_dqbuf,0,VIDEO_OUTPUT_MPLANE
13785.296661,v4l2_qbuf,0,VIDEO_OUTPUT_MPLANE
13785.296678,v4l2_qbuf,3,VIDEO_CAPTURE_MPLANE
13785.299823,v4l2_dqbuf,3,VIDEO_CAPTURE_MPLANE
13785.299919,v4l2_dqbuf,0,VIDEO_OUTPUT_MPLANE
13785.315327,v4l2_qbuf,0,VIDEO_OUTPUT_MPLANE
13785.315346,v4l2_qbuf,2,VIDEO_CAPTURE_MPLANE
13785.318619,v4l2_dqbuf,2,VIDEO_CAPTURE_MPLANE
13785.318631,v4l2_dqbuf,0,VIDEO_OUTPUT_MPLANE
13785.326202,v4l2_qbuf,0,VIDEO_OUTPUT_MPLANE
13785.326263,v4l2_qbuf,4,VIDEO_CAPTURE_MPLANE
13785.328409,v4l2_dqbuf,4,VIDEO_CAPTURE_MPLANE
13785.328422,v4l2_dqbuf,0,VIDEO_OUTPUT_MPLANE
13785.360168,v4l2_qbuf,0,VIDEO_OUTPUT_MPLANE
13785.360207,v4l2_qbuf,3,VIDEO_CAPTURE_MPLANE
13785.363578,v4l2_dqbuf,3,VIDEO_CAPTURE_MPLANE
13785.363613,v4l2_dqbuf,0,VIDEO_OUTPUT_MPLANE
13785.363819,v4l2_qbuf,0,VIDEO_OUTPUT_MPLANE
13785.363845,v4l2_qbuf,1,VIDEO_CAPTURE_MPLANE
13785.367112,v4l2_dqbuf,1,VIDEO_CAPTURE_MPLANE
13785.367136,v4l2_dqbuf,0,VIDEO_OUTPUT_MPLANE
13785.377079,v4l2_qbuf,0,VIDEO_OUTPUT_MPLANE
13785.377100,v4l2_qbuf,0,VIDEO_CAPTURE_MPLANE
13785.381356,v4l2_dqbuf,0,VIDEO_CAPTURE_MPLANE
13785.381377,v4l2_dqbuf,0,VIDEO_OUTPUT_MPLANE
13785.393208,v4l2_qbuf,0,VIDEO_OUTPUT_MPLANE
13785.393229,v4l2_qbuf,2,VIDEO_CAPTURE_MPLANE
13785.396622,v4l2_dqbuf,2,VIDEO_CAPTURE_MPLANE
13785.396651,v4l2_dqbuf,0,VIDEO_OUTPUT_MPLANE
13785.409623,v4l2_qbuf,0,VIDEO_OUTPUT_MPLANE
13785.409637,v4l2_qbuf,5,VIDEO_CAPTURE_MPLANE
13785.412850,v4l2_dqbuf,5,VIDEO_CAPTURE_MPLANE
13785.412937,v4l2_dqbuf,0,VIDEO_OUTPUT_MPLANE
13785.426310,v4l2_qbuf,0,VIDEO_OUTPUT_MPLANE
13785.426330,v4l2_qbuf,3,VIDEO_CAPTURE_MPLANE
13785.429614,v4l2_dqbuf,3,VIDEO_CAPTURE_MPLANE
13785.429638,v4l2_dqbuf,0,VIDEO_OUTPUT_MPLANE
13785.442961,v4l2_qbuf,0,VIDEO_OUTPUT_MPLANE
13785.442976,v4l2_qbuf,1,VIDEO_CAPTURE_MPLANE
13785.445108,v4l2_dqbuf,1,VIDEO_CAPTURE_MPLANE
13785.445120,v4l2_dqbuf,0,VIDEO_OUTPUT_MPLANE
13785.459628,v4l2_qbuf,0,VIDEO_OUTPUT_MPLANE
13785.459649,v4l2_qbuf,4,VIDEO_CAPTURE_MPLANE
13785.462845,v4l2_dqbuf,4,VIDEO_CAPTURE_MPLANE
13785.462857,v4l2_dqbuf,0,VIDEO_OUTPUT_MPLANE
13785.477566,v4l2_qbuf,0,VIDEO_OUTPUT_MPLANE
13785.477588,v4l2_qbuf,5,VIDEO_CAPTURE_MPLANE
13785.479934,v4l2_dqbuf,5,VIDEO_CAPTURE_MPLANE
13785.479961,v4l2_dqbuf,0,VIDEO_OUTPUT_MPLANE
13785.510349,v4l2_qbuf,0,VIDEO_OUTPUT_MPLANE
13785.510390,v4l2_qbuf,3,VIDEO_CAPTURE_MPLANE
13785.513746,v4l2_dqbuf,3,VIDEO_CAPTURE_MPLANE
13785.513787,v4l2_dqbuf,0,VIDEO_OUTPUT_MPLANE
13785.513981,v4l2_qbuf,0,VIDEO_OUTPUT_MPLANE
13785.514018,v4l2_qbuf,2,VIDEO_CAPTURE_MPLANE
13785.517558,v4l2_dqbuf,2,VIDEO_CAPTURE_MPLANE
13785.517740,v4l2_dqbuf,0,VIDEO_OUTPUT_MPLANE
13785.526312,v4l2_qbuf,0,VIDEO_OUTPUT_MPLANE
13785.526326,v4l2_qbuf,0,VIDEO_CAPTURE_MPLANE
13785.529515,v4l2_dqbuf,0,VIDEO_CAPTURE_MPLANE
13785.529526,v4l2_dqbuf,0,VIDEO_OUTPUT_MPLANE
13785.542942,v4l2_qbuf,0,VIDEO_OUTPUT_MPLANE
13785.542962,v4l2_qbuf,4,VIDEO_CAPTURE_MPLANE
13785.545183,v4l2_dqbuf,4,VIDEO_CAPTURE_MPLANE
13785.545197,v4l2_dqbuf,0,VIDEO_OUTPUT_MPLANE
13785.593644,v4l2_qbuf,0,VIDEO_OUTPUT_MPLANE
13785.593665,v4l2_qbuf,2,VIDEO_CAPTURE_MPLANE
13785.597080,v4l2_dqbuf,2,VIDEO_CAPTURE_MPLANE
13785.597106,v4l2_dqbuf,0,VIDEO_OUTPUT_MPLANE
13785.597235,v4l2_qbuf,0,VIDEO_OUTPUT_MPLANE
13785.597253,v4l2_qbuf,1,VIDEO_CAPTURE_MPLANE
13785.600556,v4l2_dqbuf,1,VIDEO_CAPTURE_MPLANE
13785.600638,v4l2_dqbuf,0,VIDEO_OUTPUT_MPLANE
13785.613750,v4l2_qbuf,0,VIDEO_OUTPUT_MPLANE
13785.613769,v4l2_qbuf,3,VIDEO_CAPTURE_MPLANE
13785.616961,v4l2_dqbuf,3,VIDEO_CAPTURE_MPLANE
13785.616974,v4l2_dqbuf,0,VIDEO_OUTPUT_MPLANE
13785.626646,v4l2_qbuf,0,VIDEO_OUTPUT_MPLANE
13785.626679,v4l2_qbuf,0,VIDEO_CAPTURE_MPLANE
13785.628893,v4l2_dqbuf,0,VIDEO_CAPTURE_MPLANE
13785.629043,v4l2_dqbuf,0,VIDEO_OUTPUT_MPLANE
13785.660593,v4l2_qbuf,0,VIDEO_OUTPUT_MPLANE
13785.660628,v4l2_qbuf,1,VIDEO_CAPTURE_MPLANE
13785.664009,v4l2_dqbuf,1,VIDEO_CAPTURE_MPLANE
13785.664227,v4l2_dqbuf,0,VIDEO_OUTPUT_MPLANE
13785.664693,v4l2_qbuf,0,VIDEO_OUTPUT_MPLANE
13785.664725,v4l2_qbuf,5,VIDEO_CAPTURE_MPLANE
13785.668095,v4l2_dqbuf,5,VIDEO_CAPTURE_MPLANE
13785.668219,v4l2_dqbuf,0,VIDEO_OUTPUT_MPLANE
13785.684400,v4l2_qbuf,0,VIDEO_OUTPUT_MPLANE
13785.684421,v4l2_qbuf,2,VIDEO_CAPTURE_MPLANE
13785.686387,v4l2_dqbuf,2,VIDEO_CAPTURE_MPLANE
13785.686413,v4l2_dqbuf,0,VIDEO_OUTPUT_MPLANE
13785.693123,v4l2_qbuf,0,VIDEO_OUTPUT_MPLANE
13785.693142,v4l2_qbuf,3,VIDEO_CAPTURE_MPLANE
13785.695376,v4l2_dqbuf,3,VIDEO_CAPTURE_MPLANE
13785.695391,v4l2_dqbuf,0,VIDEO_OUTPUT_MPLANE
13785.709690,v4l2_qbuf,0,VIDEO_OUTPUT_MPLANE
13785.709708,v4l2_qbuf,4,VIDEO_CAPTURE_MPLANE
13785.712708,v4l2_dqbuf,4,VIDEO_CAPTURE_MPLANE
13785.712732,v4l2_dqbuf,0,VIDEO_OUTPUT_MPLANE
13785.726667,v4l2_qbuf,0,VIDEO_OUTPUT_MPLANE
13785.726685,v4l2_qbuf,1,VIDEO_CAPTURE_MPLANE
13785.729941,v4l2_dqbuf,1,VIDEO_CAPTURE_MPLANE
13785.730102,v4l2_dqbuf,0,VIDEO_OUTPUT_MPLANE
13785.737124,v4l2_qbuf,0,VIDEO_OUTPUT_MPLANE
13785.737145,v4l2_qbuf,5,VIDEO_CAPTURE_MPLANE
13785.740152,v4l2_dqbuf,5,VIDEO_CAPTURE_MPLANE
13785.740167,v4l2_dqbuf,0,VIDEO_OUTPUT_MPLANE
13785.753735,v4l2_qbuf,0,VIDEO_OUTPUT_MPLANE
13785.753758,v4l2_qbuf,0,VIDEO_CAPTURE_MPLANE
13785.755984,v4l2_dqbuf,0,VIDEO_CAPTURE_MPLANE
13785.755998,v4l2_dqbuf,0,VIDEO_OUTPUT_MPLANE
13785.787461,v4l2_qbuf,0,VIDEO_OUTPUT_MPLANE
13785.787510,v4l2_qbuf,1,VIDEO_CAPTURE_MPLANE
13785.790877,v4l2_dqbuf,1,VIDEO_CAPTURE_MPLANE
13785.790901,v4l2_dqbuf,0,VIDEO_OUTPUT_MPLANE
13785.791022,v4l2_qbuf,0,VIDEO_OUTPUT_MPLANE
13785.791040,v4l2_qbuf,2,VIDEO_CAPTURE_MPLANE
13785.794297,v4l2_dqbuf,2,VIDEO_CAPTURE_MPLANE
13785.794375,v4l2_dqbuf,0,VIDEO_OUTPUT_MPLANE
13785.808000,v4l2_qbuf,0,VIDEO_OUTPUT_MPLANE
13785.808034,v4l2_qbuf,4,VIDEO_CAPTURE_MPLANE
13785.811289,v4l2_dqbuf,4,VIDEO_CAPTURE_MPLANE
13785.811302,v4l2_dqbuf,0,VIDEO_OUTPUT_MPLANE
13785.820147,v4l2_qbuf,0,VIDEO_OUTPUT_MPLANE
13785.820166,v4l2_qbuf,5,VIDEO_CAPTURE_MPLANE
13785.822540,v4l2_dqbuf,5,VIDEO_CAPTURE_MPLANE
13785.822555,v4l2_dqbuf,0,VIDEO_OUTPUT_MPLANE
13785.853641,v4l2_qbuf,0,VIDEO_OUTPUT_MPLANE
13785.853661,v4l2_qbuf,2,VIDEO_CAPTURE_MPLANE
13785.858648,v4l2_dqbuf,2,VIDEO_CAPTURE_MPLANE
13785.858675,v4l2_dqbuf,0,VIDEO_OUTPUT_MPLANE
13785.858821,v4l2_qbuf,0,VIDEO_OUTPUT_MPLANE
13785.858889,v4l2_qbuf,3,VIDEO_CAPTURE_MPLANE
13785.862386,v4l2_dqbuf,3,VIDEO_CAPTURE_MPLANE
13785.862404,v4l2_dqbuf,0,VIDEO_OUTPUT_MPLANE
13785.870335,v4l2_qbuf,0,VIDEO_OUTPUT_MPLANE
13785.870355,v4l2_qbuf,1,VIDEO_CAPTURE_MPLANE
13785.872475,v4l2_dqbuf,1,VIDEO_CAPTURE_MPLANE
13785.872489,v4l2_dqbuf,0,VIDEO_OUTPUT_MPLANE
13785.887089,v4l2_qbuf,0,VIDEO_OUTPUT_MPLANE
13785.887206,v4l2_qbuf,4,VIDEO_CAPTURE_MPLANE
13785.890527,v4l2_dqbuf,4,VIDEO_CAPTURE_MPLANE
13785.890542,v4l2_dqbuf,0,VIDEO_OUTPUT_MPLANE
13785.903878,v4l2_qbuf,0,VIDEO_OUTPUT_MPLANE
13785.903895,v4l2_qbuf,0,VIDEO_CAPTURE_MPLANE
13785.906239,v4l2_dqbuf,0,VIDEO_CAPTURE_MPLANE
13785.906253,v4l2_dqbuf,0,VIDEO_OUTPUT_MPLANE
13785.937554,v4l2_qbuf,0,VIDEO_OUTPUT_MPLANE
13785.937598,v4l2_qbuf,3,VIDEO_CAPTURE_MPLANE
13785.940939,v4l2_dqbuf,3,VIDEO_CAPTURE_MPLANE
13785.940989,v4l2_dqbuf,0,VIDEO_OUTPUT_MPLANE
13785.941171,v4l2_qbuf,0,VIDEO_OUTPUT_MPLANE
13785.941193,v4l2_qbuf,2,VIDEO_CAPTURE_MPLANE
13785.941423,v4l2_qbuf,1,VIDEO_OUTPUT_MPLANE
13785.941438,v4l2_qbuf,5,VIDEO_CAPTURE_MPLANE
13785.944351,v4l2_dqbuf,2,VIDEO_CAPTURE_MPLANE
13785.944575,v4l2_dqbuf,0,VIDEO_OUTPUT_MPLANE
13785.947323,v4l2_dqbuf,5,VIDEO_CAPTURE_MPLANE
13785.947336,v4l2_dqbuf,1,VIDEO_OUTPUT_MPLANE
13785.971341,v4l2_qbuf,0,VIDEO_OUTPUT_MPLANE
13785.972168,v4l2_qbuf,4,VIDEO_CAPTURE_MPLANE
13785.974527,v4l2_dqbuf,4,VIDEO_CAPTURE_MPLANE
13785.974542,v4l2_dqbuf,0,VIDEO_OUTPUT_MPLANE
13786.003754,v4l2_qbuf,0,VIDEO_OUTPUT_MPLANE
13786.003774,v4l2_qbuf,2,VIDEO_CAPTURE_MPLANE
13786.006990,v4l2_dqbuf,2,VIDEO_CAPTURE_MPLANE
13786.007032,v4l2_dqbuf,0,VIDEO_OUTPUT_MPLANE
13786.007156,v4l2_qbuf,0,VIDEO_OUTPUT_MPLANE
13786.007175,v4l2_qbuf,1,VIDEO_CAPTURE_MPLANE
13786.010409,v4l2_dqbuf,1,VIDEO_CAPTURE_MPLANE
13786.010529,v4l2_dqbuf,0,VIDEO_OUTPUT_MPLANE
13786.020333,v4l2_qbuf,0,VIDEO_OUTPUT_MPLANE
13786.020361,v4l2_qbuf,3,VIDEO_CAPTURE_MPLANE
13786.023558,v4l2_dqbuf,3,VIDEO_CAPTURE_MPLANE
13786.023577,v4l2_dqbuf,0,VIDEO_OUTPUT_MPLANE
13786.037307,v4l2_qbuf,0,VIDEO_OUTPUT_MPLANE
13786.037342,v4l2_qbuf,5,VIDEO_CAPTURE_MPLANE
13786.039638,v4l2_dqbuf,5,VIDEO_CAPTURE_MPLANE
13786.039666,v4l2_dqbuf,0,VIDEO_OUTPUT_MPLANE
13786.070228,v4l2_qbuf,0,VIDEO_OUTPUT_MPLANE
13786.070251,v4l2_qbuf,1,VIDEO_CAPTURE_MPLANE
13786.073566,v4l2_dqbuf,1,VIDEO_CAPTURE_MPLANE
13786.073612,v4l2_dqbuf,0,VIDEO_OUTPUT_MPLANE
13786.073837,v4l2_qbuf,0,VIDEO_OUTPUT_MPLANE
13786.073868,v4l2_qbuf,0,VIDEO_CAPTURE_MPLANE
13786.077147,v4l2_dqbuf,0,VIDEO_CAPTURE_MPLANE
13786.077280,v4l2_dqbuf,0,VIDEO_OUTPUT_MPLANE
13786.087297,v4l2_qbuf,0,VIDEO_OUTPUT_MPLANE
13786.087337,v4l2_qbuf,2,VIDEO_CAPTURE_MPLANE
13786.090450,v4l2_dqbuf,2,VIDEO_CAPTURE_MPLANE
13786.090473,v4l2_dqbuf,0,VIDEO_OUTPUT_MPLANE
13786.103271,v4l2_qbuf,0,VIDEO_OUTPUT_MPLANE
13786.103299,v4l2_qbuf,3,VIDEO_CAPTURE_MPLANE
13786.105529,v4l2_dqbuf,3,VIDEO_CAPTURE_MPLANE
13786.105542,v4l2_dqbuf,0,VIDEO_OUTPUT_MPLANE
13786.137119,v4l2_qbuf,0,VIDEO_OUTPUT_MPLANE
13786.137140,v4l2_qbuf,0,VIDEO_CAPTURE_MPLANE
13786.141073,v4l2_dqbuf,0,VIDEO_CAPTURE_MPLANE
13786.141106,v4l2_dqbuf,0,VIDEO_OUTPUT_MPLANE
13786.141252,v4l2_qbuf,0,VIDEO_OUTPUT_MPLANE
13786.141272,v4l2_qbuf,4,VIDEO_CAPTURE_MPLANE
13786.144471,v4l2_dqbuf,4,VIDEO_CAPTURE_MPLANE
13786.144581,v4l2_dqbuf,0,VIDEO_OUTPUT_MPLANE
13786.153668,v4l2_qbuf,0,VIDEO_OUTPUT_MPLANE
13786.153706,v4l2_qbuf,1,VIDEO_CAPTURE_MPLANE
13786.157099,v4l2_dqbuf,1,VIDEO_CAPTURE_MPLANE
13786.157134,v4l2_dqbuf,0,VIDEO_OUTPUT_MPLANE
13786.169981,v4l2_qbuf,0,VIDEO_OUTPUT_MPLANE
13786.170016,v4l2_qbuf,2,VIDEO_CAPTURE_MPLANE
13786.172191,v4l2_dqbuf,2,VIDEO_CAPTURE_MPLANE
13786.172201,v4l2_dqbuf,0,VIDEO_OUTPUT_MPLANE
13786.203528,v4l2_qbuf,0,VIDEO_OUTPUT_MPLANE
13786.203547,v4l2_qbuf,4,VIDEO_CAPTURE_MPLANE
13786.206798,v4l2_dqbuf,4,VIDEO_CAPTURE_MPLANE
13786.206817,v4l2_dqbuf,0,VIDEO_OUTPUT_MPLANE
13786.206917,v4l2_qbuf,0,VIDEO_OUTPUT_MPLANE
13786.206932,v4l2_qbuf,5,VIDEO_CAPTURE_MPLANE
13786.210065,v4l2_dqbuf,5,VIDEO_CAPTURE_MPLANE
13786.210146,v4l2_dqbuf,0,VIDEO_OUTPUT_MPLANE
13786.217850,v4l2_qbuf,0,VIDEO_OUTPUT_MPLANE
13786.217872,v4l2_qbuf,0,VIDEO_CAPTURE_MPLANE
13786.221079,v4l2_dqbuf,0,VIDEO_CAPTURE_MPLANE
13786.221090,v4l2_dqbuf,0,VIDEO_OUTPUT_MPLANE
13786.221649,v4l2_qbuf,0,VIDEO_OUTPUT_MPLANE
13786.221667,v4l2_qbuf,1,VIDEO_CAPTURE_MPLANE
13786.223781,v4l2_dqbuf,1,VIDEO_CAPTURE_MPLANE
13786.223791,v4l2_dqbuf,0,VIDEO_OUTPUT_MPLANE
13786.272399,v4l2_qbuf,0,VIDEO_OUTPUT_MPLANE
13786.272419,v4l2_qbuf,5,VIDEO_CAPTURE_MPLANE
13786.275549,v4l2_dqbuf,5,VIDEO_CAPTURE_MPLANE
13786.275571,v4l2_dqbuf,0,VIDEO_OUTPUT_MPLANE
13786.275679,v4l2_qbuf,0,VIDEO_OUTPUT_MPLANE
13786.275696,v4l2_qbuf,3,VIDEO_CAPTURE_MPLANE
13786.278827,v4l2_dqbuf,3,VIDEO_CAPTURE_MPLANE
13786.278912,v4l2_dqbuf,0,VIDEO_OUTPUT_MPLANE
13786.288383,v4l2_qbuf,0,VIDEO_OUTPUT_MPLANE
13786.288403,v4l2_qbuf,4,VIDEO_CAPTURE_MPLANE
13786.291671,v4l2_dqbuf,4,VIDEO_CAPTURE_MPLANE
13786.291684,v4l2_dqbuf,0,VIDEO_OUTPUT_MPLANE
13786.305186,v4l2_qbuf,0,VIDEO_OUTPUT_MPLANE
13786.305206,v4l2_qbuf,0,VIDEO_CAPTURE_MPLANE
13786.307428,v4l2_dqbuf,0,VIDEO_CAPTURE_MPLANE
13786.307441,v4l2_dqbuf,0,VIDEO_OUTPUT_MPLANE
13786.338619,v4l2_qbuf,0,VIDEO_OUTPUT_MPLANE
13786.338638,v4l2_qbuf,3,VIDEO_CAPTURE_MPLANE
13786.341737,v4l2_dqbuf,3,VIDEO_CAPTURE_MPLANE
13786.341759,v4l2_dqbuf,0,VIDEO_OUTPUT_MPLANE
13786.341865,v4l2_qbuf,0,VIDEO_OUTPUT_MPLANE
13786.341882,v4l2_qbuf,2,VIDEO_CAPTURE_MPLANE
13786.345107,v4l2_dqbuf,2,VIDEO_CAPTURE_MPLANE
13786.345192,v4l2_dqbuf,0,VIDEO_OUTPUT_MPLANE
13786.357068,v4l2_qbuf,0,VIDEO_OUTPUT_MPLANE
13786.357095,v4l2_qbuf,5,VIDEO_CAPTURE_MPLANE
13786.360232,v4l2_dqbuf,5,VIDEO_CAPTURE_MPLANE
13786.360247,v4l2_dqbuf,0,VIDEO_OUTPUT_MPLANE
13786.372274,v4l2_qbuf,0,VIDEO_OUTPUT_MPLANE
13786.372293,v4l2_qbuf,4,VIDEO_CAPTURE_MPLANE
13786.374487,v4l2_dqbuf,4,VIDEO_CAPTURE_MPLANE
13786.374501,v4l2_dqbuf,0,VIDEO_OUTPUT_MPLANE
13786.405299,v4l2_qbuf,0,VIDEO_OUTPUT_MPLANE
13786.405334,v4l2_qbuf,2,VIDEO_CAPTURE_MPLANE
13786.408523,v4l2_dqbuf,2,VIDEO_CAPTURE_MPLANE
13786.408557,v4l2_dqbuf,0,VIDEO_OUTPUT_MPLANE
13786.408729,v4l2_qbuf,0,VIDEO_OUTPUT_MPLANE
13786.408753,v4l2_qbuf,1,VIDEO_CAPTURE_MPLANE
13786.411993,v4l2_dqbuf,1,VIDEO_CAPTURE_MPLANE
13786.412144,v4l2_dqbuf,0,VIDEO_OUTPUT_MPLANE
13786.421876,v4l2_qbuf,0,VIDEO_OUTPUT_MPLANE
13786.421905,v4l2_qbuf,3,VIDEO_CAPTURE_MPLANE
13786.425263,v4l2_dqbuf,3,VIDEO_CAPTURE_MPLANE
13786.425288,v4l2_dqbuf,0,VIDEO_OUTPUT_MPLANE
13786.438592,v4l2_qbuf,0,VIDEO_OUTPUT_MPLANE
13786.438613,v4l2_qbuf,5,VIDEO_CAPTURE_MPLANE
13786.440959,v4l2_dqbuf,5,VIDEO_CAPTURE_MPLANE
13786.440973,v4l2_dqbuf,0,VIDEO_OUTPUT_MPLANE
13786.471709,v4l2_qbuf,0,VIDEO_OUTPUT_MPLANE
13786.471728,v4l2_qbuf,1,VIDEO_CAPTURE_MPLANE
13786.474846,v4l2_dqbuf,1,VIDEO_CAPTURE_MPLANE
13786.474868,v4l2_dqbuf,0,VIDEO_OUTPUT_MPLANE
13786.474970,v4l2_qbuf,0,VIDEO_OUTPUT_MPLANE
13786.474985,v4l2_qbuf,0,VIDEO_CAPTURE_MPLANE
13786.478128,v4l2_dqbuf,0,VIDEO_CAPTURE_MPLANE
13786.478207,v4l2_dqbuf,0,VIDEO_OUTPUT_MPLANE
13786.488780,v4l2_qbuf,0,VIDEO_OUTPUT_MPLANE
13786.488802,v4l2_qbuf,2,VIDEO_CAPTURE_MPLANE
13786.492632,v4l2_dqbuf,2,VIDEO_CAPTURE_MPLANE
13786.492649,v4l2_dqbuf,0,VIDEO_OUTPUT_MPLANE
13786.505382,v4l2_qbuf,0,VIDEO_OUTPUT_MPLANE
13786.505415,v4l2_qbuf,3,VIDEO_CAPTURE_MPLANE
13786.508017,v4l2_dqbuf,3,VIDEO_CAPTURE_MPLANE
13786.508049,v4l2_dqbuf,0,VIDEO_OUTPUT_MPLANE
13786.538169,v4l2_qbuf,0,VIDEO_OUTPUT_MPLANE
13786.538191,v4l2_qbuf,0,VIDEO_CAPTURE_MPLANE
13786.542114,v4l2_dqbuf,0,VIDEO_CAPTURE_MPLANE
13786.542164,v4l2_dqbuf,0,VIDEO_OUTPUT_MPLANE
13786.542364,v4l2_qbuf,0,VIDEO_OUTPUT_MPLANE
13786.542396,v4l2_qbuf,4,VIDEO_CAPTURE_MPLANE
13786.545848,v4l2_dqbuf,4,VIDEO_CAPTURE_MPLANE
13786.545950,v4l2_dqbuf,0,VIDEO_OUTPUT_MPLANE
13786.555119,v4l2_qbuf,0,VIDEO_OUTPUT_MPLANE
13786.555147,v4l2_qbuf,1,VIDEO_CAPTURE_MPLANE
13786.558344,v4l2_dqbuf,1,VIDEO_CAPTURE_MPLANE
13786.558367,v4l2_dqbuf,0,VIDEO_OUTPUT_MPLANE
13786.571859,v4l2_qbuf,0,VIDEO_OUTPUT_MPLANE
13786.571889,v4l2_qbuf,2,VIDEO_CAPTURE_MPLANE
13786.574031,v4l2_dqbuf,2,VIDEO_CAPTURE_MPLANE
13786.574050,v4l2_dqbuf,0,VIDEO_OUTPUT_MPLANE
13786.604829,v4l2_qbuf,0,VIDEO_OUTPUT_MPLANE
13786.604843,v4l2_qbuf,4,VIDEO_CAPTURE_MPLANE
13786.607762,v4l2_dqbuf,4,VIDEO_CAPTURE_MPLANE
13786.607778,v4l2_dqbuf,0,VIDEO_OUTPUT_MPLANE
13786.607857,v4l2_qbuf,0,VIDEO_OUTPUT_MPLANE
13786.607868,v4l2_qbuf,5,VIDEO_CAPTURE_MPLANE
13786.610861,v4l2_dqbuf,5,VIDEO_CAPTURE_MPLANE
13786.610950,v4l2_dqbuf,0,VIDEO_OUTPUT_MPLANE
13786.621980,v4l2_qbuf,0,VIDEO_OUTPUT_MPLANE
13786.621995,v4l2_qbuf,0,VIDEO_CAPTURE_MPLANE
13786.625158,v4l2_dqbuf,0,VIDEO_CAPTURE_MPLANE
13786.625172,v4l2_dqbuf,0,VIDEO_OUTPUT_MPLANE
13786.638282,v4l2_qbuf,0,VIDEO_OUTPUT_MPLANE
13786.638302,v4l2_qbuf,1,VIDEO_CAPTURE_MPLANE
13786.640438,v4l2_dqbuf,1,VIDEO_CAPTURE_MPLANE
13786.640454,v4l2_dqbuf,0,VIDEO_OUTPUT_MPLANE
13786.655192,v4l2_qbuf,0,VIDEO_OUTPUT_MPLANE
13786.655218,v4l2_qbuf,3,VIDEO_CAPTURE_MPLANE
13786.658371,v4l2_dqbuf,3,VIDEO_CAPTURE_MPLANE
13786.658527,v4l2_dqbuf,0,VIDEO_OUTPUT_MPLANE
13786.671812,v4l2_qbuf,0,VIDEO_OUTPUT_MPLANE
13786.671840,v4l2_qbuf,5,VIDEO_CAPTURE_MPLANE
13786.673741,v4l2_dqbuf,5,VIDEO_CAPTURE_MPLANE
13786.673752,v4l2_dqbuf,0,VIDEO_OUTPUT_MPLANE
13786.688571,v4l2_qbuf,0,VIDEO_OUTPUT_MPLANE
13786.688596,v4l2_qbuf,4,VIDEO_CAPTURE_MPLANE
13786.690732,v4l2_dqbuf,4,VIDEO_CAPTURE_MPLANE
13786.690750,v4l2_dqbuf,0,VIDEO_OUTPUT_MPLANE
13786.705545,v4l2_qbuf,0,VIDEO_OUTPUT_MPLANE
13786.705573,v4l2_qbuf,0,VIDEO_CAPTURE_MPLANE
13786.708609,v4l2_dqbuf,0,VIDEO_CAPTURE_MPLANE
13786.708622,v4l2_dqbuf,0,VIDEO_OUTPUT_MPLANE
13786.722235,v4l2_qbuf,0,VIDEO_OUTPUT_MPLANE
13786.722279,v4l2_qbuf,2,VIDEO_CAPTURE_MPLANE
13786.725488,v4l2_dqbuf,2,VIDEO_CAPTURE_MPLANE
13786.725501,v4l2_dqbuf,0,VIDEO_OUTPUT_MPLANE
13786.740731,v4l2_qbuf,0,VIDEO_OUTPUT_MPLANE
13786.740771,v4l2_qbuf,3,VIDEO_CAPTURE_MPLANE
13786.743072,v4l2_dqbuf,3,VIDEO_CAPTURE_MPLANE
13786.743100,v4l2_dqbuf,0,VIDEO_OUTPUT_MPLANE
13786.757393,v4l2_qbuf,0,VIDEO_OUTPUT_MPLANE
13786.757438,v4l2_qbuf,1,VIDEO_CAPTURE_MPLANE
13786.760675,v4l2_dqbuf,1,VIDEO_CAPTURE_MPLANE
13786.760704,v4l2_dqbuf,0,VIDEO_OUTPUT_MPLANE
13786.773718,v4l2_qbuf,0,VIDEO_OUTPUT_MPLANE
13786.773739,v4l2_qbuf,5,VIDEO_CAPTURE_MPLANE
13786.776968,v4l2_dqbuf,5,VIDEO_CAPTURE_MPLANE
13786.777062,v4l2_dqbuf,0,VIDEO_OUTPUT_MPLANE
13786.790664,v4l2_qbuf,0,VIDEO_OUTPUT_MPLANE
13786.790766,v4l2_qbuf,0,VIDEO_CAPTURE_MPLANE
13786.794091,v4l2_dqbuf,0,VIDEO_CAPTURE_MPLANE
13786.794111,v4l2_dqbuf,0,VIDEO_OUTPUT_MPLANE
13786.807182,v4l2_qbuf,0,VIDEO_OUTPUT_MPLANE
13786.807212,v4l2_qbuf,2,VIDEO_CAPTURE_MPLANE
13786.809581,v4l2_dqbuf,2,VIDEO_CAPTURE_MPLANE
13786.809613,v4l2_dqbuf,0,VIDEO_OUTPUT_MPLANE
13786.825335,v4l2_qbuf,0,VIDEO_OUTPUT_MPLANE
13786.825360,v4l2_qbuf,4,VIDEO_CAPTURE_MPLANE
13786.828610,v4l2_dqbuf,4,VIDEO_CAPTURE_MPLANE
13786.828625,v4l2_dqbuf,0,VIDEO_OUTPUT_MPLANE
13786.840391,v4l2_qbuf,0,VIDEO_OUTPUT_MPLANE
13786.840409,v4l2_qbuf,5,VIDEO_CAPTURE_MPLANE
13786.842580,v4l2_dqbuf,5,VIDEO_CAPTURE_MPLANE
13786.842700,v4l2_dqbuf,0,VIDEO_OUTPUT_MPLANE
13786.875587,v4l2_qbuf,0,VIDEO_OUTPUT_MPLANE
13786.875605,v4l2_qbuf,0,VIDEO_CAPTURE_MPLANE
13786.878830,v4l2_dqbuf,0,VIDEO_CAPTURE_MPLANE
13786.878853,v4l2_dqbuf,0,VIDEO_OUTPUT_MPLANE
13786.878959,v4l2_qbuf,0,VIDEO_OUTPUT_MPLANE
13786.878975,v4l2_qbuf,1,VIDEO_CAPTURE_MPLANE
13786.882292,v4l2_dqbuf,1,VIDEO_CAPTURE_MPLANE
13786.882384,v4l2_dqbuf,0,VIDEO_OUTPUT_MPLANE
13786.892330,v4l2_qbuf,0,VIDEO_OUTPUT_MPLANE
13786.892352,v4l2_qbuf,3,VIDEO_CAPTURE_MPLANE
13786.895512,v4l2_dqbuf,3,VIDEO_CAPTURE_MPLANE
13786.895527,v4l2_dqbuf,0,VIDEO_OUTPUT_MPLANE
13786.908550,v4l2_qbuf,0,VIDEO_OUTPUT_MPLANE
13786.908570,v4l2_qbuf,4,VIDEO_CAPTURE_MPLANE
13786.910736,v4l2_dqbuf,4,VIDEO_CAPTURE_MPLANE
13786.910750,v4l2_dqbuf,0,VIDEO_OUTPUT_MPLANE
13786.942242,v4l2_qbuf,0,VIDEO_OUTPUT_MPLANE
13786.942283,v4l2_qbuf,1,VIDEO_CAPTURE_MPLANE
13786.945406,v4l2_dqbuf,1,VIDEO_CAPTURE_MPLANE
13786.945429,v4l2_dqbuf,0,VIDEO_OUTPUT_MPLANE
13786.945536,v4l2_qbuf,0,VIDEO_OUTPUT_MPLANE
13786.945552,v4l2_qbuf,2,VIDEO_CAPTURE_MPLANE
13786.948757,v4l2_dqbuf,2,VIDEO_CAPTURE_MPLANE
13786.948871,v4l2_dqbuf,0,VIDEO_OUTPUT_MPLANE
13786.958505,v4l2_qbuf,0,VIDEO_OUTPUT_MPLANE
13786.958525,v4l2_qbuf,0,VIDEO_CAPTURE_MPLANE
13786.963444,v4l2_dqbuf,0,VIDEO_CAPTURE_MPLANE
13786.963463,v4l2_dqbuf,0,VIDEO_OUTPUT_MPLANE
13786.975328,v4l2_qbuf,0,VIDEO_OUTPUT_MPLANE
13786.975347,v4l2_qbuf,3,VIDEO_CAPTURE_MPLANE
13786.977479,v4l2_dqbuf,3,VIDEO_CAPTURE_MPLANE
13786.977492,v4l2_dqbuf,0,VIDEO_OUTPUT_MPLANE
13787.008659,v4l2_qbuf,0,VIDEO_OUTPUT_MPLANE
13787.008678,v4l2_qbuf,2,VIDEO_CAPTURE_MPLANE
13787.011880,v4l2_dqbuf,2,VIDEO_CAPTURE_MPLANE
13787.011926,v4l2_dqbuf,0,VIDEO_OUTPUT_MPLANE
13787.012206,v4l2_qbuf,0,VIDEO_OUTPUT_MPLANE
13787.012248,v4l2_qbuf,5,VIDEO_CAPTURE_MPLANE
13787.015472,v4l2_dqbuf,5,VIDEO_CAPTURE_MPLANE
13787.015667,v4l2_dqbuf,0,VIDEO_OUTPUT_MPLANE
13787.025293,v4l2_qbuf,0,VIDEO_OUTPUT_MPLANE
13787.025315,v4l2_qbuf,1,VIDEO_CAPTURE_MPLANE
13787.028405,v4l2_dqbuf,1,VIDEO_CAPTURE_MPLANE
13787.028417,v4l2_dqbuf,0,VIDEO_OUTPUT_MPLANE
13787.041863,v4l2_qbuf,0,VIDEO_OUTPUT_MPLANE
13787.041884,v4l2_qbuf,0,VIDEO_CAPTURE_MPLANE
13787.047259,v4l2_dqbuf,0,VIDEO_CAPTURE_MPLANE
13787.047280,v4l2_dqbuf,0,VIDEO_OUTPUT_MPLANE
13787.075525,v4l2_qbuf,0,VIDEO_OUTPUT_MPLANE
13787.075544,v4l2_qbuf,5,VIDEO_CAPTURE_MPLANE
13787.078880,v4l2_dqbuf,5,VIDEO_CAPTURE_MPLANE
13787.078915,v4l2_dqbuf,0,VIDEO_OUTPUT_MPLANE
13787.079051,v4l2_qbuf,0,VIDEO_OUTPUT_MPLANE
13787.079069,v4l2_qbuf,4,VIDEO_CAPTURE_MPLANE
13787.082292,v4l2_dqbuf,4,VIDEO_CAPTURE_MPLANE
13787.082383,v4l2_dqbuf,0,VIDEO_OUTPUT_MPLANE
13787.091728,v4l2_qbuf,0,VIDEO_OUTPUT_MPLANE
13787.091749,v4l2_qbuf,2,VIDEO_CAPTURE_MPLANE
13787.094956,v4l2_dqbuf,2,VIDEO_CAPTURE_MPLANE
13787.094971,v4l2_dqbuf,0,VIDEO_OUTPUT_MPLANE
13787.108640,v4l2_qbuf,0,VIDEO_OUTPUT_MPLANE
13787.108660,v4l2_qbuf,1,VIDEO_CAPTURE_MPLANE
13787.110965,v4l2_dqbuf,1,VIDEO_CAPTURE_MPLANE
13787.110979,v4l2_dqbuf,0,VIDEO_OUTPUT_MPLANE
13787.142420,v4l2_qbuf,0,VIDEO_OUTPUT_MPLANE
13787.142442,v4l2_qbuf,4,VIDEO_CAPTURE_MPLANE
13787.146704,v4l2_dqbuf,4,VIDEO_CAPTURE_MPLANE
13787.146734,v4l2_dqbuf,0,VIDEO_OUTPUT_MPLANE
13787.146860,v4l2_qbuf,0,VIDEO_OUTPUT_MPLANE
13787.146881,v4l2_qbuf,3,VIDEO_CAPTURE_MPLANE
13787.150152,v4l2_dqbuf,3,VIDEO_CAPTURE_MPLANE
13787.150260,v4l2_dqbuf,0,VIDEO_OUTPUT_MPLANE
13787.158833,v4l2_qbuf,0,VIDEO_OUTPUT_MPLANE
13787.158853,v4l2_qbuf,5,VIDEO_CAPTURE_MPLANE
13787.162062,v4l2_dqbuf,5,VIDEO_CAPTURE_MPLANE
13787.162075,v4l2_dqbuf,0,VIDEO_OUTPUT_MPLANE
13787.175643,v4l2_qbuf,0,VIDEO_OUTPUT_MPLANE
13787.175662,v4l2_qbuf,2,VIDEO_CAPTURE_MPLANE
13787.177907,v4l2_dqbuf,2,VIDEO_CAPTURE_MPLANE
13787.177950,v4l2_dqbuf,0,VIDEO_OUTPUT_MPLANE
13787.225744,v4l2_qbuf,0,VIDEO_OUTPUT_MPLANE
13787.225764,v4l2_qbuf,3,VIDEO_CAPTURE_MPLANE
13787.228987,v4l2_dqbuf,3,VIDEO_CAPTURE_MPLANE
13787.229043,v4l2_dqbuf,0,VIDEO_OUTPUT_MPLANE
13787.229242,v4l2_qbuf,0,VIDEO_OUTPUT_MPLANE
13787.229275,v4l2_qbuf,0,VIDEO_CAPTURE_MPLANE
13787.232602,v4l2_dqbuf,0,VIDEO_CAPTURE_MPLANE
13787.232716,v4l2_dqbuf,0,VIDEO_OUTPUT_MPLANE
13787.250326,v4l2_qbuf,0,VIDEO_OUTPUT_MPLANE
13787.250345,v4l2_qbuf,4,VIDEO_CAPTURE_MPLANE
13787.253649,v4l2_dqbuf,4,VIDEO_CAPTURE_MPLANE
13787.253671,v4l2_dqbuf,0,VIDEO_OUTPUT_MPLANE
13787.258848,v4l2_qbuf,0,VIDEO_OUTPUT_MPLANE
13787.258881,v4l2_qbuf,5,VIDEO_CAPTURE_MPLANE
13787.261079,v4l2_dqbuf,5,VIDEO_CAPTURE_MPLANE
13787.261092,v4l2_dqbuf,0,VIDEO_OUTPUT_MPLANE
13787.291962,v4l2_qbuf,0,VIDEO_OUTPUT_MPLANE
13787.291984,v4l2_qbuf,0,VIDEO_CAPTURE_MPLANE
13787.295395,v4l2_dqbuf,0,VIDEO_CAPTURE_MPLANE
13787.295434,v4l2_dqbuf,0,VIDEO_OUTPUT_MPLANE
13787.295697,v4l2_qbuf,0,VIDEO_OUTPUT_MPLANE
13787.295732,v4l2_qbuf,1,VIDEO_CAPTURE_MPLANE
13787.298995,v4l2_dqbuf,1,VIDEO_CAPTURE_MPLANE
13787.299156,v4l2_dqbuf,0,VIDEO_OUTPUT_MPLANE
13787.308872,v4l2_qbuf,0,VIDEO_OUTPUT_MPLANE
13787.308892,v4l2_qbuf,3,VIDEO_CAPTURE_MPLANE
13787.312250,v4l2_dqbuf,3,VIDEO_CAPTURE_MPLANE
13787.312267,v4l2_dqbuf,0,VIDEO_OUTPUT_MPLANE
13787.325323,v4l2_qbuf,0,VIDEO_OUTPUT_MPLANE
13787.325345,v4l2_qbuf,4,VIDEO_CAPTURE_MPLANE
13787.327559,v4l2_dqbuf,4,VIDEO_CAPTURE_MPLANE
13787.327573,v4l2_dqbuf,0,VIDEO_OUTPUT_MPLANE
13787.358732,v4l2_qbuf,0,VIDEO_OUTPUT_MPLANE
13787.358751,v4l2_qbuf,1,VIDEO_CAPTURE_MPLANE
13787.362036,v4l2_dqbuf,1,VIDEO_CAPTURE_MPLANE
13787.362058,v4l2_dqbuf,0,VIDEO_OUTPUT_MPLANE
13787.362168,v4l2_qbuf,0,VIDEO_OUTPUT_MPLANE
13787.362183,v4l2_qbuf,2,VIDEO_CAPTURE_MPLANE
13787.365302,v4l2_dqbuf,2,VIDEO_CAPTURE_MPLANE
13787.365372,v4l2_dqbuf,0,VIDEO_OUTPUT_MPLANE
13787.379970,v4l2_qbuf,0,VIDEO_OUTPUT_MPLANE
13787.380027,v4l2_qbuf,0,VIDEO_CAPTURE_MPLANE
13787.383271,v4l2_dqbuf,0,VIDEO_CAPTURE_MPLANE
13787.383291,v4l2_dqbuf,0,VIDEO_OUTPUT_MPLANE
13787.392317,v4l2_qbuf,0,VIDEO_OUTPUT_MPLANE
13787.392355,v4l2_qbuf,3,VIDEO_CAPTURE_MPLANE
13787.394610,v4l2_dqbuf,3,VIDEO_CAPTURE_MPLANE
13787.394635,v4l2_dqbuf,0,VIDEO_OUTPUT_MPLANE
13787.425920,v4l2_qbuf,0,VIDEO_OUTPUT_MPLANE
13787.425959,v4l2_qbuf,2,VIDEO_CAPTURE_MPLANE
13787.429195,v4l2_dqbuf,2,VIDEO_CAPTURE_MPLANE
13787.429229,v4l2_dqbuf,0,VIDEO_OUTPUT_MPLANE
13787.429397,v4l2_qbuf,0,VIDEO_OUTPUT_MPLANE
13787.429430,v4l2_qbuf,5,VIDEO_CAPTURE_MPLANE
13787.432730,v4l2_dqbuf,5,VIDEO_CAPTURE_MPLANE
13787.432821,v4l2_dqbuf,0,VIDEO_OUTPUT_MPLANE
13787.450146,v4l2_qbuf,0,VIDEO_OUTPUT_MPLANE
13787.450181,v4l2_qbuf,1,VIDEO_CAPTURE_MPLANE
13787.453464,v4l2_dqbuf,1,VIDEO_CAPTURE_MPLANE
13787.453489,v4l2_dqbuf,0,VIDEO_OUTPUT_MPLANE
13787.458764,v4l2_qbuf,0,VIDEO_OUTPUT_MPLANE
13787.458795,v4l2_qbuf,0,VIDEO_CAPTURE_MPLANE
13787.461024,v4l2_dqbuf,0,VIDEO_CAPTURE_MPLANE
13787.461047,v4l2_dqbuf,0,VIDEO_OUTPUT_MPLANE
13787.492343,v4l2_qbuf,0,VIDEO_OUTPUT_MPLANE
13787.492364,v4l2_qbuf,5,VIDEO_CAPTURE_MPLANE
13787.495758,v4l2_dqbuf,5,VIDEO_CAPTURE_MPLANE
13787.495802,v4l2_dqbuf,0,VIDEO_OUTPUT_MPLANE
13787.496031,v4l2_qbuf,0,VIDEO_OUTPUT_MPLANE
13787.496061,v4l2_qbuf,4,VIDEO_CAPTURE_MPLANE
13787.500918,v4l2_dqbuf,4,VIDEO_CAPTURE_MPLANE
13787.501057,v4l2_dqbuf,0,VIDEO_OUTPUT_MPLANE
13787.516891,v4l2_qbuf,0,VIDEO_OUTPUT_MPLANE
13787.516942,v4l2_qbuf,2,VIDEO_CAPTURE_MPLANE
13787.520353,v4l2_dqbuf,2,VIDEO_CAPTURE_MPLANE
13787.520367,v4l2_dqbuf,0,VIDEO_OUTPUT_MPLANE
13787.525487,v4l2_qbuf,0,VIDEO_OUTPUT_MPLANE
13787.525627,v4l2_qbuf,1,VIDEO_CAPTURE_MPLANE
13787.528071,v4l2_dqbuf,1,VIDEO_CAPTURE_MPLANE
13787.528101,v4l2_dqbuf,0,VIDEO_OUTPUT_MPLANE
13787.558772,v4l2_qbuf,0,VIDEO_OUTPUT_MPLANE
13787.558799,v4l2_qbuf,4,VIDEO_CAPTURE_MPLANE
13787.562076,v4l2_dqbuf,4,VIDEO_CAPTURE_MPLANE
13787.562098,v4l2_dqbuf,0,VIDEO_OUTPUT_MPLANE
13787.562198,v4l2_qbuf,0,VIDEO_OUTPUT_MPLANE
13787.562215,v4l2_qbuf,3,VIDEO_CAPTURE_MPLANE
13787.565467,v4l2_dqbuf,3,VIDEO_CAPTURE_MPLANE
13787.565585,v4l2_dqbuf,0,VIDEO_OUTPUT_MPLANE
13787.575521,v4l2_qbuf,0,VIDEO_OUTPUT_MPLANE
13787.575546,v4l2_qbuf,5,VIDEO_CAPTURE_MPLANE
13787.578759,v4l2_dqbuf,5,VIDEO_CAPTURE_MPLANE
13787.578773,v4l2_dqbuf,0,VIDEO_OUTPUT_MPLANE
13787.613327,v4l2_qbuf,0,VIDEO_OUTPUT_MPLANE
13787.613357,v4l2_qbuf,2,VIDEO_CAPTURE_MPLANE
13787.615805,v4l2_dqbuf,2,VIDEO_CAPTURE_MPLANE
13787.615820,v4l2_dqbuf,0,VIDEO_OUTPUT_MPLANE
13787.641751,v4l2_qbuf,0,VIDEO_OUTPUT_MPLANE
13787.641789,v4l2_qbuf,3,VIDEO_CAPTURE_MPLANE
13787.646054,v4l2_dqbuf,3,VIDEO_CAPTURE_MPLANE
13787.646084,v4l2_dqbuf,0,VIDEO_OUTPUT_MPLANE
13787.646214,v4l2_qbuf,0,VIDEO_OUTPUT_MPLANE
13787.646239,v4l2_qbuf,0,VIDEO_CAPTURE_MPLANE
13787.646380,v4l2_qbuf,1,VIDEO_OUTPUT_MPLANE
13787.646388,v4l2_qbuf,4,VIDEO_CAPTURE_MPLANE
13787.649639,v4l2_dqbuf,0,VIDEO_CAPTURE_MPLANE
13787.649803,v4l2_dqbuf,0,VIDEO_OUTPUT_MPLANE
13787.652596,v4l2_dqbuf,4,VIDEO_CAPTURE_MPLANE
13787.652609,v4l2_dqbuf,1,VIDEO_OUTPUT_MPLANE
13787.663581,v4l2_qbuf,0,VIDEO_OUTPUT_MPLANE
13787.663609,v4l2_qbuf,5,VIDEO_CAPTURE_MPLANE
13787.665832,v4l2_dqbuf,5,VIDEO_CAPTURE_MPLANE
13787.665855,v4l2_dqbuf,0,VIDEO_OUTPUT_MPLANE
13787.680234,v4l2_qbuf,0,VIDEO_OUTPUT_MPLANE
13787.680274,v4l2_qbuf,1,VIDEO_CAPTURE_MPLANE
13787.683541,v4l2_dqbuf,1,VIDEO_CAPTURE_MPLANE
13787.683714,v4l2_dqbuf,0,VIDEO_OUTPUT_MPLANE
13787.697020,v4l2_qbuf,0,VIDEO_OUTPUT_MPLANE
13787.697065,v4l2_qbuf,0,VIDEO_CAPTURE_MPLANE
13787.698895,v4l2_dqbuf,0,VIDEO_CAPTURE_MPLANE
13787.698909,v4l2_dqbuf,0,VIDEO_OUTPUT_MPLANE
13787.713563,v4l2_qbuf,0,VIDEO_OUTPUT_MPLANE
13787.713578,v4l2_qbuf,3,VIDEO_CAPTURE_MPLANE
13787.715814,v4l2_dqbuf,3,VIDEO_CAPTURE_MPLANE
13787.715826,v4l2_dqbuf,0,VIDEO_OUTPUT_MPLANE
13787.730933,v4l2_qbuf,0,VIDEO_OUTPUT_MPLANE
13787.730961,v4l2_qbuf,4,VIDEO_CAPTURE_MPLANE
13787.734285,v4l2_dqbuf,4,VIDEO_CAPTURE_MPLANE
13787.734299,v4l2_dqbuf,0,VIDEO_OUTPUT_MPLANE
13787.747036,v4l2_qbuf,0,VIDEO_OUTPUT_MPLANE
13787.747063,v4l2_qbuf,2,VIDEO_CAPTURE_MPLANE
13787.750230,v4l2_dqbuf,2,VIDEO_CAPTURE_MPLANE
13787.750316,v4l2_dqbuf,0,VIDEO_OUTPUT_MPLANE
13787.763588,v4l2_qbuf,0,VIDEO_OUTPUT_MPLANE
13787.763609,v4l2_qbuf,1,VIDEO_CAPTURE_MPLANE
13787.766761,v4l2_dqbuf,1,VIDEO_CAPTURE_MPLANE
13787.766771,v4l2_dqbuf,0,VIDEO_OUTPUT_MPLANE
13787.780380,v4l2_qbuf,0,VIDEO_OUTPUT_MPLANE
13787.780408,v4l2_qbuf,5,VIDEO_CAPTURE_MPLANE
13787.782666,v4l2_dqbuf,5,VIDEO_CAPTURE_MPLANE
13787.782686,v4l2_dqbuf,0,VIDEO_OUTPUT_MPLANE
13787.815133,v4l2_qbuf,0,VIDEO_OUTPUT_MPLANE
13787.815158,v4l2_qbuf,2,VIDEO_CAPTURE_MPLANE
13787.818635,v4l2_dqbuf,2,VIDEO_CAPTURE_MPLANE
13787.818672,v4l2_dqbuf,0,VIDEO_OUTPUT_MPLANE
13787.818851,v4l2_qbuf,0,VIDEO_OUTPUT_MPLANE
13787.818873,v4l2_qbuf,0,VIDEO_CAPTURE_MPLANE
13787.822072,v4l2_dqbuf,0,VIDEO_CAPTURE_MPLANE
13787.822198,v4l2_dqbuf,0,VIDEO_OUTPUT_MPLANE
13787.830483,v4l2_qbuf,0,VIDEO_OUTPUT_MPLANE
13787.830504,v4l2_qbuf,4,VIDEO_CAPTURE_MPLANE
13787.833807,v4l2_dqbuf,4,VIDEO_CAPTURE_MPLANE
13787.833819,v4l2_dqbuf,0,VIDEO_OUTPUT_MPLANE
13787.848520,v4l2_qbuf,0,VIDEO_OUTPUT_MPLANE
13787.848539,v4l2_qbuf,1,VIDEO_CAPTURE_MPLANE
13787.850776,v4l2_dqbuf,1,VIDEO_CAPTURE_MPLANE
13787.850807,v4l2_dqbuf,0,VIDEO_OUTPUT_MPLANE
13787.882044,v4l2_qbuf,0,VIDEO_OUTPUT_MPLANE
13787.882071,v4l2_qbuf,0,VIDEO_CAPTURE_MPLANE
13787.885405,v4l2_dqbuf,0,VIDEO_CAPTURE_MPLANE
13787.885453,v4l2_dqbuf,0,VIDEO_OUTPUT_MPLANE
13787.885673,v4l2_qbuf,0,VIDEO_OUTPUT_MPLANE
13787.885703,v4l2_qbuf,3,VIDEO_CAPTURE_MPLANE
13787.889118,v4l2_dqbuf,3,VIDEO_CAPTURE_MPLANE
13787.889364,v4l2_dqbuf,0,VIDEO_OUTPUT_MPLANE
13787.898694,v4l2_qbuf,0,VIDEO_OUTPUT_MPLANE
13787.898727,v4l2_qbuf,2,VIDEO_CAPTURE_MPLANE
13787.902010,v4l2_dqbuf,2,VIDEO_CAPTURE_MPLANE
13787.902029,v4l2_dqbuf,0,VIDEO_OUTPUT_MPLANE
13787.915341,v4l2_qbuf,0,VIDEO_OUTPUT_MPLANE
13787.915356,v4l2_qbuf,4,VIDEO_CAPTURE_MPLANE
13787.917450,v4l2_dqbuf,4,VIDEO_CAPTURE_MPLANE
13787.917459,v4l2_dqbuf,0,VIDEO_OUTPUT_MPLANE
13787.951998,v4l2_qbuf,0,VIDEO_OUTPUT_MPLANE
13787.952031,v4l2_qbuf,3,VIDEO_CAPTURE_MPLANE
13787.955216,v4l2_dqbuf,3,VIDEO_CAPTURE_MPLANE
13787.955235,v4l2_dqbuf,0,VIDEO_OUTPUT_MPLANE
13787.955335,v4l2_qbuf,0,VIDEO_OUTPUT_MPLANE
13787.955351,v4l2_qbuf,5,VIDEO_CAPTURE_MPLANE
13787.958542,v4l2_dqbuf,5,VIDEO_CAPTURE_MPLANE
13787.958634,v4l2_dqbuf,0,VIDEO_OUTPUT_MPLANE
13787.965921,v4l2_qbuf,0,VIDEO_OUTPUT_MPLANE
13787.965947,v4l2_qbuf,0,VIDEO_CAPTURE_MPLANE
13787.969132,v4l2_dqbuf,0,VIDEO_CAPTURE_MPLANE
13787.969146,v4l2_dqbuf,0,VIDEO_OUTPUT_MPLANE
13787.984591,v4l2_qbuf,0,VIDEO_OUTPUT_MPLANE
13787.984623,v4l2_qbuf,2,VIDEO_CAPTURE_MPLANE
13787.986904,v4l2_dqbuf,2,VIDEO_CAPTURE_MPLANE
13787.986927,v4l2_dqbuf,0,VIDEO_OUTPUT_MPLANE
13788.017685,v4l2_qbuf,0,VIDEO_OUTPUT_MPLANE
13788.017706,v4l2_qbuf,5,VIDEO_CAPTURE_MPLANE
13788.020918,v4l2_dqbuf,5,VIDEO_CAPTURE_MPLANE
13788.020957,v4l2_dqbuf,0,VIDEO_OUTPUT_MPLANE
13788.021154,v4l2_qbuf,0,VIDEO_OUTPUT_MPLANE
13788.021176,v4l2_qbuf,1,VIDEO_CAPTURE_MPLANE
13788.024507,v4l2_dqbuf,1,VIDEO_CAPTURE_MPLANE
13788.024658,v4l2_dqbuf,0,VIDEO_OUTPUT_MPLANE
13788.034645,v4l2_qbuf,0,VIDEO_OUTPUT_MPLANE
13788.034678,v4l2_qbuf,3,VIDEO_CAPTURE_MPLANE
13788.038126,v4l2_dqbuf,3,VIDEO_CAPTURE_MPLANE
13788.038140,v4l2_dqbuf,0,VIDEO_OUTPUT_MPLANE
13788.051092,v4l2_qbuf,0,VIDEO_OUTPUT_MPLANE
13788.051112,v4l2_qbuf,0,VIDEO_CAPTURE_MPLANE
13788.053341,v4l2_dqbuf,0,VIDEO_CAPTURE_MPLANE
13788.053354,v4l2_dqbuf,0,VIDEO_OUTPUT_MPLANE
13788.084348,v4l2_qbuf,0,VIDEO_OUTPUT_MPLANE
13788.084371,v4l2_qbuf,1,VIDEO_CAPTURE_MPLANE
13788.087601,v4l2_dqbuf,1,VIDEO_CAPTURE_MPLANE
13788.087631,v4l2_dqbuf,0,VIDEO_OUTPUT_MPLANE
13788.087756,v4l2_qbuf,0,VIDEO_OUTPUT_MPLANE
13788.087775,v4l2_qbuf,4,VIDEO_CAPTURE_MPLANE
13788.090983,v4l2_dqbuf,4,VIDEO_CAPTURE_MPLANE
13788.091109,v4l2_dqbuf,0,VIDEO_OUTPUT_MPLANE
13788.101086,v4l2_qbuf,0,VIDEO_OUTPUT_MPLANE
13788.101114,v4l2_qbuf,5,VIDEO_CAPTURE_MPLANE
13788.104492,v4l2_dqbuf,5,VIDEO_CAPTURE_MPLANE
13788.104504,v4l2_dqbuf,0,VIDEO_OUTPUT_MPLANE
13788.134829,v4l2_qbuf,0,VIDEO_OUTPUT_MPLANE
13788.134853,v4l2_qbuf,3,VIDEO_CAPTURE_MPLANE
13788.137081,v4l2_dqbuf,3,VIDEO_CAPTURE_MPLANE
13788.137098,v4l2_dqbuf,0,VIDEO_OUTPUT_MPLANE
13788.151000,v4l2_qbuf,0,VIDEO_OUTPUT_MPLANE
13788.151033,v4l2_qbuf,4,VIDEO_CAPTURE_MPLANE
13788.154247,v4l2_dqbuf,4,VIDEO_CAPTURE_MPLANE
13788.154268,v4l2_dqbuf,0,VIDEO_OUTPUT_MPLANE
13788.154390,v4l2_qbuf,0,VIDEO_OUTPUT_MPLANE
13788.154406,v4l2_qbuf,2,VIDEO_CAPTURE_MPLANE
13788.157554,v4l2_dqbuf,2,VIDEO_CAPTURE_MPLANE
13788.157636,v4l2_dqbuf,0,VIDEO_OUTPUT_MPLANE
13788.167420,v4l2_qbuf,0,VIDEO_OUTPUT_MPLANE
13788.167438,v4l2_qbuf,1,VIDEO_CAPTURE_MPLANE
13788.171845,v4l2_dqbuf,1,VIDEO_CAPTURE_MPLANE
13788.171859,v4l2_dqbuf,0,VIDEO_OUTPUT_MPLANE
13788.184161,v4l2_qbuf,0,VIDEO_OUTPUT_MPLANE
13788.184188,v4l2_qbuf,5,VIDEO_CAPTURE_MPLANE
13788.186821,v4l2_dqbuf,5,VIDEO_CAPTURE_MPLANE
13788.186835,v4l2_dqbuf,0,VIDEO_OUTPUT_MPLANE
13788.217634,v4l2_qbuf,0,VIDEO_OUTPUT_MPLANE
13788.217656,v4l2_qbuf,2,VIDEO_CAPTURE_MPLANE
13788.222051,v4l2_dqbuf,2,VIDEO_CAPTURE_MPLANE
13788.222081,v4l2_dqbuf,0,VIDEO_OUTPUT_MPLANE
13788.222224,v4l2_qbuf,0,VIDEO_OUTPUT_MPLANE
13788.222243,v4l2_qbuf,0,VIDEO_CAPTURE_MPLANE
13788.225404,v4l2_dqbuf,0,VIDEO_CAPTURE_MPLANE
13788.225500,v4l2_dqbuf,0,VIDEO_OUTPUT_MPLANE
13788.234380,v4l2_qbuf,0,VIDEO_OUTPUT_MPLANE
13788.234409,v4l2_qbuf,4,VIDEO_CAPTURE_MPLANE
13788.238091,v4l2_dqbuf,4,VIDEO_CAPTURE_MPLANE
13788.238111,v4l2_dqbuf,0,VIDEO_OUTPUT_MPLANE
13788.252408,v4l2_qbuf,0,VIDEO_OUTPUT_MPLANE
13788.252439,v4l2_qbuf,1,VIDEO_CAPTURE_MPLANE
13788.254663,v4l2_dqbuf,1,VIDEO_CAPTURE_MPLANE
13788.254687,v4l2_dqbuf,0,VIDEO_OUTPUT_MPLANE
13788.284531,v4l2_qbuf,0,VIDEO_OUTPUT_MPLANE
13788.284555,v4l2_qbuf,0,VIDEO_CAPTURE_MPLANE
13788.287895,v4l2_dqbuf,0,VIDEO_CAPTURE_MPLANE
13788.287919,v4l2_dqbuf,0,VIDEO_OUTPUT_MPLANE
13788.288035,v4l2_qbuf,0,VIDEO_OUTPUT_MPLANE
13788.288050,v4l2_qbuf,3,VIDEO_CAPTURE_MPLANE
13788.291160,v4l2_dqbuf,3,VIDEO_CAPTURE_MPLANE
13788.291251,v4l2_dqbuf,0,VIDEO_OUTPUT_MPLANE
13788.300921,v4l2_qbuf,0,VIDEO_OUTPUT_MPLANE
13788.300939,v4l2_qbuf,2,VIDEO_CAPTURE_MPLANE
13788.304332,v4l2_dqbuf,2,VIDEO_CAPTURE_MPLANE
13788.304345,v4l2_dqbuf,0,VIDEO_OUTPUT_MPLANE
13788.317440,v4l2_qbuf,0,VIDEO_OUTPUT_MPLANE
13788.317462,v4l2_qbuf,4,VIDEO_CAPTURE_MPLANE
13788.322067,v4l2_dqbuf,4,VIDEO_CAPTURE_MPLANE
13788.322087,v4l2_dqbuf,0,VIDEO_OUTPUT_MPLANE
13788.352718,v4l2_qbuf,0,VIDEO_OUTPUT_MPLANE
13788.352744,v4l2_qbuf,3,VIDEO_CAPTURE_MPLANE
13788.355940,v4l2_dqbuf,3,VIDEO_CAPTURE_MPLANE
13788.355969,v4l2_dqbuf,0,VIDEO_OUTPUT_MPLANE
13788.356115,v4l2_qbuf,0,VIDEO_OUTPUT_MPLANE
13788.356135,v4l2_qbuf,5,VIDEO_CAPTURE_MPLANE
13788.359458,v4l2_dqbuf,5,VIDEO_CAPTURE_MPLANE
13788.359552,v4l2_dqbuf,0,VIDEO_OUTPUT_MPLANE
13788.368296,v4l2_qbuf,0,VIDEO_OUTPUT_MPLANE
13788.368346,v4l2_qbuf,0,VIDEO_CAPTURE_MPLANE
13788.371599,v4l2_dqbuf,0,VIDEO_CAPTURE_MPLANE
13788.371616,v4l2_dqbuf,0,VIDEO_OUTPUT_MPLANE
13788.384275,v4l2_qbuf,0,VIDEO_OUTPUT_MPLANE
13788.384300,v4l2_qbuf,2,VIDEO_CAPTURE_MPLANE
13788.386585,v4l2_dqbuf,2,VIDEO_CAPTURE_MPLANE
13788.386611,v4l2_dqbuf,0,VIDEO_OUTPUT_MPLANE
13788.418086,v4l2_qbuf,0,VIDEO_OUTPUT_MPLANE
13788.418117,v4l2_qbuf,5,VIDEO_CAPTURE_MPLANE
13788.422089,v4l2_dqbuf,5,VIDEO_CAPTURE_MPLANE
13788.422116,v4l2_dqbuf,0,VIDEO_OUTPUT_MPLANE
13788.422296,v4l2_qbuf,0,VIDEO_OUTPUT_MPLANE
13788.422312,v4l2_qbuf,1,VIDEO_CAPTURE_MPLANE
13788.425320,v4l2_dqbuf,1,VIDEO_CAPTURE_MPLANE
13788.425462,v4l2_dqbuf,0,VIDEO_OUTPUT_MPLANE
13788.434115,v4l2_qbuf,0,VIDEO_OUTPUT_MPLANE
13788.434144,v4l2_qbuf,3,VIDEO_CAPTURE_MPLANE
13788.437373,v4l2_dqbuf,3,VIDEO_CAPTURE_MPLANE
13788.437394,v4l2_dqbuf,0,VIDEO_OUTPUT_MPLANE
13788.450536,v4l2_qbuf,0,VIDEO_OUTPUT_MPLANE
13788.450550,v4l2_qbuf,0,VIDEO_CAPTURE_MPLANE
13788.452605,v4l2_dqbuf,0,VIDEO_CAPTURE_MPLANE
13788.452614,v4l2_dqbuf,0,VIDEO_OUTPUT_MPLANE
13788.487066,v4l2_qbuf,0,VIDEO_OUTPUT_MPLANE
13788.487085,v4l2_qbuf,1,VIDEO_CAPTURE_MPLANE
13788.490421,v4l2_dqbuf,1,VIDEO_CAPTURE_MPLANE
13788.490441,v4l2_dqbuf,0,VIDEO_OUTPUT_MPLANE
13788.490533,v4l2_qbuf,0,VIDEO_OUTPUT_MPLANE
13788.490546,v4l2_qbuf,4,VIDEO_CAPTURE_MPLANE
13788.493624,v4l2_dqbuf,4,VIDEO_CAPTURE_MPLANE
13788.493697,v4l2_dqbuf,0,VIDEO_OUTPUT_MPLANE
13788.501581,v4l2_qbuf,0,VIDEO_OUTPUT_MPLANE
13788.501613,v4l2_qbuf,5,VIDEO_CAPTURE_MPLANE
13788.505026,v4l2_dqbuf,5,VIDEO_CAPTURE_MPLANE
13788.505038,v4l2_dqbuf,0,VIDEO_OUTPUT_MPLANE
13788.517463,v4l2_qbuf,0,VIDEO_OUTPUT_MPLANE
13788.517503,v4l2_qbuf,3,VIDEO_CAPTURE_MPLANE
13788.519773,v4l2_dqbuf,3,VIDEO_CAPTURE_MPLANE
13788.519800,v4l2_dqbuf,0,VIDEO_OUTPUT_MPLANE
13788.550751,v4l2_qbuf,0,VIDEO_OUTPUT_MPLANE
13788.550767,v4l2_qbuf,4,VIDEO_CAPTURE_MPLANE
13788.554015,v4l2_dqbuf,4,VIDEO_CAPTURE_MPLANE
13788.554034,v4l2_dqbuf,0,VIDEO_OUTPUT_MPLANE
13788.554126,v4l2_qbuf,0,VIDEO_OUTPUT_MPLANE
13788.554141,v4l2_qbuf,2,VIDEO_CAPTURE_MPLANE
13788.557402,v4l2_dqbuf,2,VIDEO_CAPTURE_MPLANE
13788.557499,v4l2_dqbuf,0,VIDEO_OUTPUT_MPLANE
13788.567703,v4l2_qbuf,0,VIDEO_OUTPUT_MPLANE
13788.567717,v4l2_qbuf,1,VIDEO_CAPTURE_MPLANE
13788.571140,v4l2_dqbuf,1,VIDEO_CAPTURE_MPLANE
13788.571153,v4l2_dqbuf,0,VIDEO_OUTPUT_MPLANE
13788.584410,v4l2_qbuf,0,VIDEO_OUTPUT_MPLANE
13788.584424,v4l2_qbuf,5,VIDEO_CAPTURE_MPLANE
13788.586730,v4l2_dqbuf,5,VIDEO_CAPTURE_MPLANE
13788.586754,v4l2_dqbuf,0,VIDEO_OUTPUT_MPLANE
13788.620423,v4l2_qbuf,0,VIDEO_OUTPUT_MPLANE
13788.620459,v4l2_qbuf,2,VIDEO_CAPTURE_MPLANE
13788.623819,v4l2_dqbuf,2,VIDEO_CAPTURE_MPLANE
13788.623841,v4l2_dqbuf,0,VIDEO_OUTPUT_MPLANE
13788.623952,v4l2_qbuf,0,VIDEO_OUTPUT_MPLANE
13788.623970,v4l2_qbuf,0,VIDEO_CAPTURE_MPLANE
13788.627221,v4l2_dqbuf,0,VIDEO_CAPTURE_MPLANE
13788.627315,v4l2_dqbuf,0,VIDEO_OUTPUT_MPLANE
13788.634307,v4l2_qbuf,0,VIDEO_OUTPUT_MPLANE
13788.634333,v4l2_qbuf,4,VIDEO_CAPTURE_MPLANE
13788.637491,v4l2_dqbuf,4,VIDEO_CAPTURE_MPLANE
13788.637505,v4l2_dqbuf,0,VIDEO_OUTPUT_MPLANE
13788.650949,v4l2_qbuf,0,VIDEO_OUTPUT_MPLANE
13788.650970,v4l2_qbuf,1,VIDEO_CAPTURE_MPLANE
13788.653274,v4l2_dqbuf,1,VIDEO_CAPTURE_MPLANE
13788.653312,v4l2_dqbuf,0,VIDEO_OUTPUT_MPLANE
13788.684803,v4l2_qbuf,0,VIDEO_OUTPUT_MPLANE
13788.684841,v4l2_qbuf,0,VIDEO_CAPTURE_MPLANE
13788.688233,v4l2_dqbuf,0,VIDEO_CAPTURE_MPLANE
13788.688262,v4l2_dqbuf,0,VIDEO_OUTPUT_MPLANE
13788.688383,v4l2_qbuf,0,VIDEO_OUTPUT_MPLANE
13788.688401,v4l2_qbuf,3,VIDEO_CAPTURE_MPLANE
13788.691785,v4l2_dqbuf,3,VIDEO_CAPTURE_MPLANE
13788.691917,v4l2_dqbuf,0,VIDEO_OUTPUT_MPLANE
13788.700866,v4l2_qbuf,0,VIDEO_OUTPUT_MPLANE
13788.700896,v4l2_qbuf,2,VIDEO_CAPTURE_MPLANE
13788.702855,v4l2_dqbuf,2,VIDEO_CAPTURE_MPLANE
13788.702901,v4l2_dqbuf,0,VIDEO_OUTPUT_MPLANE
13788.719015,v4l2_qbuf,0,VIDEO_OUTPUT_MPLANE
13788.719040,v4l2_qbuf,4,VIDEO_CAPTURE_MPLANE
13788.721176,v4l2_dqbuf,4,VIDEO_CAPTURE_MPLANE
13788.721189,v4l2_dqbuf,0,VIDEO_OUTPUT_MPLANE
13788.734437,v4l2_qbuf,0,VIDEO_OUTPUT_MPLANE
13788.734464,v4l2_qbuf,5,VIDEO_CAPTURE_MPLANE
13788.737811,v4l2_dqbuf,5,VIDEO_CAPTURE_MPLANE
13788.737829,v4l2_dqbuf,0,VIDEO_OUTPUT_MPLANE
13788.750918,v4l2_qbuf,0,VIDEO_OUTPUT_MPLANE
13788.750935,v4l2_qbuf,0,VIDEO_CAPTURE_MPLANE
13788.754162,v4l2_dqbuf,0,VIDEO_CAPTURE_MPLANE
13788.754252,v4l2_dqbuf,0,VIDEO_OUTPUT_MPLANE
13788.767593,v4l2_qbuf,0,VIDEO_OUTPUT_MPLANE
13788.767614,v4l2_qbuf,3,VIDEO_CAPTURE_MPLANE
13788.770931,v4l2_dqbuf,3,VIDEO_CAPTURE_MPLANE
13788.770943,v4l2_dqbuf,0,VIDEO_OUTPUT_MPLANE
13788.784787,v4l2_qbuf,0,VIDEO_OUTPUT_MPLANE
13788.784827,v4l2_qbuf,1,VIDEO_CAPTURE_MPLANE
13788.787187,v4l2_dqbuf,1,VIDEO_CAPTURE_MPLANE
13788.787201,v4l2_dqbuf,0,VIDEO_OUTPUT_MPLANE
13788.819721,v4l2_qbuf,0,VIDEO_OUTPUT_MPLANE
13788.819736,v4l2_qbuf,0,VIDEO_CAPTURE_MPLANE
13788.823124,v4l2_dqbuf,0,VIDEO_CAPTURE_MPLANE
13788.823168,v4l2_dqbuf,0,VIDEO_OUTPUT_MPLANE
13788.823379,v4l2_qbuf,0,VIDEO_OUTPUT_MPLANE
13788.823409,v4l2_qbuf,2,VIDEO_CAPTURE_MPLANE
13788.826567,v4l2_dqbuf,2,VIDEO_CAPTURE_MPLANE
13788.826698,v4l2_dqbuf,0,VIDEO_OUTPUT_MPLANE
13788.834996,v4l2_qbuf,0,VIDEO_OUTPUT_MPLANE
13788.835036,v4l2_qbuf,5,VIDEO_CAPTURE_MPLANE
13788.838494,v4l2_dqbuf,5,VIDEO_CAPTURE_MPLANE
13788.838516,v4l2_dqbuf,0,VIDEO_OUTPUT_MPLANE
13788.851144,v4l2_qbuf,0,VIDEO_OUTPUT_MPLANE
13788.851160,v4l2_qbuf,3,VIDEO_CAPTURE_MPLANE
13788.853307,v4l2_dqbuf,3,VIDEO_CAPTURE_MPLANE
13788.853325,v4l2_dqbuf,0,VIDEO_OUTPUT_MPLANE
13788.884112,v4l2_qbuf,0,VIDEO_OUTPUT_MPLANE
13788.884142,v4l2_qbuf,2,VIDEO_CAPTURE_MPLANE
13788.887590,v4l2_dqbuf,2,VIDEO_CAPTURE_MPLANE
13788.887612,v4l2_dqbuf,0,VIDEO_OUTPUT_MPLANE
13788.887706,v4l2_qbuf,0,VIDEO_OUTPUT_MPLANE
13788.887718,v4l2_qbuf,4,VIDEO_CAPTURE_MPLANE
13788.890952,v4l2_dqbuf,4,VIDEO_CAPTURE_MPLANE
13788.891059,v4l2_dqbuf,0,VIDEO_OUTPUT_MPLANE
13788.901569,v4l2_qbuf,0,VIDEO_OUTPUT_MPLANE
13788.901637,v4l2_qbuf,0,VIDEO_CAPTURE_MPLANE
13788.904716,v4l2_dqbuf,0,VIDEO_CAPTURE_MPLANE
13788.904731,v4l2_dqbuf,0,VIDEO_OUTPUT_MPLANE
13788.917421,v4l2_qbuf,0,VIDEO_OUTPUT_MPLANE
13788.917492,v4l2_qbuf,5,VIDEO_CAPTURE_MPLANE
13788.919748,v4l2_dqbuf,5,VIDEO_CAPTURE_MPLANE
13788.919770,v4l2_dqbuf,0,VIDEO_OUTPUT_MPLANE
13788.952700,v4l2_qbuf,0,VIDEO_OUTPUT_MPLANE
13788.952730,v4l2_qbuf,4,VIDEO_CAPTURE_MPLANE
13788.955803,v4l2_dqbuf,4,VIDEO_CAPTURE_MPLANE
13788.955824,v4l2_dqbuf,0,VIDEO_OUTPUT_MPLANE
13788.955925,v4l2_qbuf,0,VIDEO_OUTPUT_MPLANE
13788.955941,v4l2_qbuf,1,VIDEO_CAPTURE_MPLANE
13788.959037,v4l2_dqbuf,1,VIDEO_CAPTURE_MPLANE
13788.959113,v4l2_dqbuf,0,VIDEO_OUTPUT_MPLANE
13788.969287,v4l2_qbuf,0,VIDEO_OUTPUT_MPLANE
13788.969313,v4l2_qbuf,2,VIDEO_CAPTURE_MPLANE
13788.972510,v4l2_dqbuf,2,VIDEO_CAPTURE_MPLANE
13788.972520,v4l2_dqbuf,0,VIDEO_OUTPUT_MPLANE
13788.986034,v4l2_qbuf,0,VIDEO_OUTPUT_MPLANE
13788.986058,v4l2_qbuf,0,VIDEO_CAPTURE_MPLANE
13788.988261,v4l2_dqbuf,0,VIDEO_CAPTURE_MPLANE
13788.988279,v4l2_dqbuf,0,VIDEO_OUTPUT_MPLANE
13789.021142,v4l2_qbuf,0,VIDEO_OUTPUT_MPLANE
13789.021164,v4l2_qbuf,1,VIDEO_CAPTURE_MPLANE
13789.024269,v4l2_dqbuf,1,VIDEO_CAPTURE_MPLANE
13789.024290,v4l2_dqbuf,0,VIDEO_OUTPUT_MPLANE
13789.024389,v4l2_qbuf,0,VIDEO_OUTPUT_MPLANE
13789.024403,v4l2_qbuf,3,VIDEO_CAPTURE_MPLANE
13789.027407,v4l2_dqbuf,3,VIDEO_CAPTURE_MPLANE
13789.027475,v4l2_dqbuf,0,VIDEO_OUTPUT_MPLANE
13789.036321,v4l2_qbuf,0,VIDEO_OUTPUT_MPLANE
13789.036338,v4l2_qbuf,4,VIDEO_CAPTURE_MPLANE
13789.039650,v4l2_dqbuf,4,VIDEO_CAPTURE_MPLANE
13789.039667,v4l2_dqbuf,0,VIDEO_OUTPUT_MPLANE
13789.052791,v4l2_qbuf,0,VIDEO_OUTPUT_MPLANE
13789.052819,v4l2_qbuf,2,VIDEO_CAPTURE_MPLANE
13789.055165,v4l2_dqbuf,2,VIDEO_CAPTURE_MPLANE
13789.055179,v4l2_dqbuf,0,VIDEO_OUTPUT_MPLANE
13789.086439,v4l2_qbuf,0,VIDEO_OUTPUT_MPLANE
13789.086460,v4l2_qbuf,3,VIDEO_CAPTURE_MPLANE
13789.089667,v4l2_dqbuf,3,VIDEO_CAPTURE_MPLANE
13789.089690,v4l2_dqbuf,0,VIDEO_OUTPUT_MPLANE
13789.089807,v4l2_qbuf,0,VIDEO_OUTPUT_MPLANE
13789.089825,v4l2_qbuf,5,VIDEO_CAPTURE_MPLANE
13789.093157,v4l2_dqbuf,5,VIDEO_CAPTURE_MPLANE
13789.093384,v4l2_dqbuf,0,VIDEO_OUTPUT_MPLANE
13789.102701,v4l2_qbuf,0,VIDEO_OUTPUT_MPLANE
13789.102721,v4l2_qbuf,1,VIDEO_CAPTURE_MPLANE
13789.105969,v4l2_dqbuf,1,VIDEO_CAPTURE_MPLANE
13789.105995,v4l2_dqbuf,0,VIDEO_OUTPUT_MPLANE
13789.119270,v4l2_qbuf,0,VIDEO_OUTPUT_MPLANE
13789.119300,v4l2_qbuf,4,VIDEO_CAPTURE_MPLANE
13789.121667,v4l2_dqbuf,4,VIDEO_CAPTURE_MPLANE
13789.121689,v4l2_dqbuf,0,VIDEO_OUTPUT_MPLANE
13789.152960,v4l2_qbuf,0,VIDEO_OUTPUT_MPLANE
13789.153054,v4l2_qbuf,5,VIDEO_CAPTURE_MPLANE
13789.156451,v4l2_dqbuf,5,VIDEO_CAPTURE_MPLANE
13789.156495,v4l2_dqbuf,0,VIDEO_OUTPUT_MPLANE
13789.156696,v4l2_qbuf,0,VIDEO_OUTPUT_MPLANE
13789.156726,v4l2_qbuf,0,VIDEO_CAPTURE_MPLANE
13789.159913,v4l2_dqbuf,0,VIDEO_CAPTURE_MPLANE
13789.160105,v4l2_dqbuf,0,VIDEO_OUTPUT_MPLANE
13789.171759,v4l2_qbuf,0,VIDEO_OUTPUT_MPLANE
13789.171779,v4l2_qbuf,3,VIDEO_CAPTURE_MPLANE
13789.174741,v4l2_dqbuf,3,VIDEO_CAPTURE_MPLANE
13789.174754,v4l2_dqbuf,0,VIDEO_OUTPUT_MPLANE
13789.186201,v4l2_qbuf,0,VIDEO_OUTPUT_MPLANE
13789.186226,v4l2_qbuf,1,VIDEO_CAPTURE_MPLANE
13789.188509,v4l2_dqbuf,1,VIDEO_CAPTURE_MPLANE
13789.188528,v4l2_dqbuf,0,VIDEO_OUTPUT_MPLANE
13789.221217,v4l2_qbuf,0,VIDEO_OUTPUT_MPLANE
13789.221232,v4l2_qbuf,0,VIDEO_CAPTURE_MPLANE
13789.224189,v4l2_dqbuf,0,VIDEO_CAPTURE_MPLANE
13789.224210,v4l2_dqbuf,0,VIDEO_OUTPUT_MPLANE
13789.224297,v4l2_qbuf,0,VIDEO_OUTPUT_MPLANE
13789.224313,v4l2_qbuf,2,VIDEO_CAPTURE_MPLANE
13789.227558,v4l2_dqbuf,2,VIDEO_CAPTURE_MPLANE
13789.227632,v4l2_dqbuf,0,VIDEO_OUTPUT_MPLANE
13789.237815,v4l2_qbuf,0,VIDEO_OUTPUT_MPLANE
13789.237834,v4l2_qbuf,5,VIDEO_CAPTURE_MPLANE
13789.240913,v4l2_dqbuf,5,VIDEO_CAPTURE_MPLANE
13789.240925,v4l2_dqbuf,0,VIDEO_OUTPUT_MPLANE
13789.256868,v4l2_qbuf,0,VIDEO_OUTPUT_MPLANE
13789.256891,v4l2_qbuf,3,VIDEO_CAPTURE_MPLANE
13789.259115,v4l2_dqbuf,3,VIDEO_CAPTURE_MPLANE
13789.259130,v4l2_dqbuf,0,VIDEO_OUTPUT_MPLANE
13789.289744,v4l2_qbuf,0,VIDEO_OUTPUT_MPLANE
13789.289764,v4l2_qbuf,2,VIDEO_CAPTURE_MPLANE
13789.292885,v4l2_dqbuf,2,VIDEO_CAPTURE_MPLANE
13789.292909,v4l2_dqbuf,0,VIDEO_OUTPUT_MPLANE
13789.293033,v4l2_qbuf,0,VIDEO_OUTPUT_MPLANE
13789.293048,v4l2_qbuf,4,VIDEO_CAPTURE_MPLANE
13789.296263,v4l2_dqbuf,4,VIDEO_CAPTURE_MPLANE
13789.296355,v4l2_dqbuf,0,VIDEO_OUTPUT_MPLANE
13789.306691,v4l2_qbuf,0,VIDEO_OUTPUT_MPLANE
13789.306712,v4l2_qbuf,0,VIDEO_CAPTURE_MPLANE
13789.309820,v4l2_dqbuf,0,VIDEO_CAPTURE_MPLANE
13789.309832,v4l2_dqbuf,0,VIDEO_OUTPUT_MPLANE
13789.323320,v4l2_qbuf,0,VIDEO_OUTPUT_MPLANE
13789.323342,v4l2_qbuf,5,VIDEO_CAPTURE_MPLANE
13789.325575,v4l2_dqbuf,5,VIDEO_CAPTURE_MPLANE
13789.325590,v4l2_dqbuf,0,VIDEO_OUTPUT_MPLANE
13789.356735,v4l2_qbuf,0,VIDEO_OUTPUT_MPLANE
13789.356755,v4l2_qbuf,4,VIDEO_CAPTURE_MPLANE
13789.359909,v4l2_dqbuf,4,VIDEO_CAPTURE_MPLANE
13789.359943,v4l2_dqbuf,0,VIDEO_OUTPUT_MPLANE
13789.360130,v4l2_qbuf,0,VIDEO_OUTPUT_MPLANE
13789.360152,v4l2_qbuf,1,VIDEO_CAPTURE_MPLANE
13789.363383,v4l2_dqbuf,1,VIDEO_CAPTURE_MPLANE
13789.363498,v4l2_dqbuf,0,VIDEO_OUTPUT_MPLANE
13789.373753,v4l2_qbuf,0,VIDEO_OUTPUT_MPLANE
13789.373815,v4l2_qbuf,2,VIDEO_CAPTURE_MPLANE
13789.377172,v4l2_dqbuf,2,VIDEO_CAPTURE_MPLANE
13789.377202,v4l2_dqbuf,0,VIDEO_OUTPUT_MPLANE
13789.389843,v4l2_qbuf,0,VIDEO_OUTPUT_MPLANE
13789.389865,v4l2_qbuf,0,VIDEO_CAPTURE_MPLANE
13789.392019,v4l2_dqbuf,0,VIDEO_CAPTURE_MPLANE
13789.392032,v4l2_dqbuf,0,VIDEO_OUTPUT_MPLANE
13789.423417,v4l2_qbuf,0,VIDEO_OUTPUT_MPLANE
13789.423456,v4l2_qbuf,1,VIDEO_CAPTURE_MPLANE
13789.426836,v4l2_dqbuf,1,VIDEO_CAPTURE_MPLANE
13789.426887,v4l2_dqbuf,0,VIDEO_OUTPUT_MPLANE
13789.427095,v4l2_qbuf,0,VIDEO_OUTPUT_MPLANE
13789.427118,v4l2_qbuf,3,VIDEO_CAPTURE_MPLANE
13789.431371,v4l2_dqbuf,3,VIDEO_CAPTURE_MPLANE
13789.431490,v4l2_dqbuf,0,VIDEO_OUTPUT_MPLANE
13789.440060,v4l2_qbuf,0,VIDEO_OUTPUT_MPLANE
13789.440104,v4l2_qbuf,4,VIDEO_CAPTURE_MPLANE
13789.443249,v4l2_dqbuf,4,VIDEO_CAPTURE_MPLANE
13789.443276,v4l2_dqbuf,0,VIDEO_OUTPUT_MPLANE
13789.456760,v4l2_qbuf,0,VIDEO_OUTPUT_MPLANE
13789.456802,v4l2_qbuf,2,VIDEO_CAPTURE_MPLANE
13789.459058,v4l2_dqbuf,2,VIDEO_CAPTURE_MPLANE
13789.459086,v4l2_dqbuf,0,VIDEO_OUTPUT_MPLANE
13789.490134,v4l2_qbuf,0,VIDEO_OUTPUT_MPLANE
13789.490177,v4l2_qbuf,3,VIDEO_CAPTURE_MPLANE
13789.493461,v4l2_dqbuf,3,VIDEO_CAPTURE_MPLANE
13789.493497,v4l2_dqbuf,0,VIDEO_OUTPUT_MPLANE
13789.493672,v4l2_qbuf,0,VIDEO_OUTPUT_MPLANE
13789.493697,v4l2_qbuf,5,VIDEO_CAPTURE_MPLANE
13789.496892,v4l2_dqbuf,5,VIDEO_CAPTURE_MPLANE
13789.497092,v4l2_dqbuf,0,VIDEO_OUTPUT_MPLANE
13789.506648,v4l2_qbuf,0,VIDEO_OUTPUT_MPLANE
13789.506670,v4l2_qbuf,1,VIDEO_CAPTURE_MPLANE
13789.510205,v4l2_dqbuf,1,VIDEO_CAPTURE_MPLANE
13789.510219,v4l2_dqbuf,0,VIDEO_OUTPUT_MPLANE
13789.523058,v4l2_qbuf,0,VIDEO_OUTPUT_MPLANE
13789.523079,v4l2_qbuf,4,VIDEO_CAPTURE_MPLANE
13789.525367,v4l2_dqbuf,4,VIDEO_CAPTURE_MPLANE
13789.525394,v4l2_dqbuf,0,VIDEO_OUTPUT_MPLANE
13789.556917,v4l2_qbuf,0,VIDEO_OUTPUT_MPLANE
13789.556936,v4l2_qbuf,5,VIDEO_CAPTURE_MPLANE
13789.560038,v4l2_dqbuf,5,VIDEO_CAPTURE_MPLANE
13789.560060,v4l2_dqbuf,0,VIDEO_OUTPUT_MPLANE
13789.560178,v4l2_qbuf,0,VIDEO_OUTPUT_MPLANE
13789.560198,v4l2_qbuf,0,VIDEO_CAPTURE_MPLANE
13789.563368,v4l2_dqbuf,0,VIDEO_CAPTURE_MPLANE
13789.563459,v4l2_dqbuf,0,VIDEO_OUTPUT_MPLANE
13789.573395,v4l2_qbuf,0,VIDEO_OUTPUT_MPLANE
13789.573418,v4l2_qbuf,3,VIDEO_CAPTURE_MPLANE
13789.576707,v4l2_dqbuf,3,VIDEO_CAPTURE_MPLANE
13789.576728,v4l2_dqbuf,0,VIDEO_OUTPUT_MPLANE
13789.590055,v4l2_qbuf,0,VIDEO_OUTPUT_MPLANE
13789.590070,v4l2_qbuf,1,VIDEO_CAPTURE_MPLANE
13789.592395,v4l2_dqbuf,1,VIDEO_CAPTURE_MPLANE
13789.592431,v4l2_dqbuf,0,VIDEO_OUTPUT_MPLANE
13789.623238,v4l2_qbuf,0,VIDEO_OUTPUT_MPLANE
13789.623282,v4l2_qbuf,0,VIDEO_CAPTURE_MPLANE
13789.626669,v4l2_dqbuf,0,VIDEO_CAPTURE_MPLANE
13789.626710,v4l2_dqbuf,0,VIDEO_OUTPUT_MPLANE
13789.626917,v4l2_qbuf,0,VIDEO_OUTPUT_MPLANE
13789.626946,v4l2_qbuf,2,VIDEO_CAPTURE_MPLANE
13789.631449,v4l2_dqbuf,2,VIDEO_CAPTURE_MPLANE
13789.631561,v4l2_dqbuf,0,VIDEO_OUTPUT_MPLANE
13789.639936,v4l2_qbuf,0,VIDEO_OUTPUT_MPLANE
13789.639976,v4l2_qbuf,5,VIDEO_CAPTURE_MPLANE
13789.643456,v4l2_dqbuf,5,VIDEO_CAPTURE_MPLANE
13789.643469,v4l2_dqbuf,0,VIDEO_OUTPUT_MPLANE
13789.656601,v4l2_qbuf,0,VIDEO_OUTPUT_MPLANE
13789.656634,v4l2_qbuf,3,VIDEO_CAPTURE_MPLANE
13789.658776,v4l2_dqbuf,3,VIDEO_CAPTURE_MPLANE
13789.658788,v4l2_dqbuf,0,VIDEO_OUTPUT_MPLANE
13789.689844,v4l2_qbuf,0,VIDEO_OUTPUT_MPLANE
13789.689865,v4l2_qbuf,2,VIDEO_CAPTURE_MPLANE
13789.693114,v4l2_dqbuf,2,VIDEO_CAPTURE_MPLANE
13789.693137,v4l2_dqbuf,0,VIDEO_OUTPUT_MPLANE
13789.693250,v4l2_qbuf,0,VIDEO_OUTPUT_MPLANE
13789.693268,v4l2_qbuf,4,VIDEO_CAPTURE_MPLANE
13789.696502,v4l2_dqbuf,4,VIDEO_CAPTURE_MPLANE
13789.696650,v4l2_dqbuf,0,VIDEO_OUTPUT_MPLANE
13789.706943,v4l2_qbuf,0,VIDEO_OUTPUT_MPLANE
13789.706977,v4l2_qbuf,0,VIDEO_CAPTURE_MPLANE
13789.709063,v4l2_dqbuf,0,VIDEO_CAPTURE_MPLANE
13789.709089,v4l2_dqbuf,0,VIDEO_OUTPUT_MPLANE
13789.723140,v4l2_qbuf,0,VIDEO_OUTPUT_MPLANE
13789.723167,v4l2_qbuf,5,VIDEO_CAPTURE_MPLANE
13789.725533,v4l2_dqbuf,5,VIDEO_CAPTURE_MPLANE
13789.725553,v4l2_dqbuf,0,VIDEO_OUTPUT_MPLANE
13789.740661,v4l2_qbuf,0,VIDEO_OUTPUT_MPLANE
13789.740694,v4l2_qbuf,1,VIDEO_CAPTURE_MPLANE
13789.743707,v4l2_dqbuf,1,VIDEO_CAPTURE_MPLANE
13789.743728,v4l2_dqbuf,0,VIDEO_OUTPUT_MPLANE
13789.757116,v4l2_qbuf,0,VIDEO_OUTPUT_MPLANE
13789.757153,v4l2_qbuf,2,VIDEO_CAPTURE_MPLANE
13789.760392,v4l2_dqbuf,2,VIDEO_CAPTURE_MPLANE
13789.760563,v4l2_dqbuf,0,VIDEO_OUTPUT_MPLANE
13789.774224,v4l2_qbuf,0,VIDEO_OUTPUT_MPLANE
13789.774263,v4l2_qbuf,4,VIDEO_CAPTURE_MPLANE
13789.777570,v4l2_dqbuf,4,VIDEO_CAPTURE_MPLANE
13789.777598,v4l2_dqbuf,0,VIDEO_OUTPUT_MPLANE
13789.790062,v4l2_qbuf,0,VIDEO_OUTPUT_MPLANE
13789.790098,v4l2_qbuf,3,VIDEO_CAPTURE_MPLANE
13789.792373,v4l2_dqbuf,3,VIDEO_CAPTURE_MPLANE
13789.792387,v4l2_dqbuf,0,VIDEO_OUTPUT_MPLANE
13789.823347,v4l2_qbuf,0,VIDEO_OUTPUT_MPLANE
13789.823367,v4l2_qbuf,2,VIDEO_CAPTURE_MPLANE
13789.826746,v4l2_dqbuf,2,VIDEO_CAPTURE_MPLANE
13789.826770,v4l2_dqbuf,0,VIDEO_OUTPUT_MPLANE
13789.826884,v4l2_qbuf,0,VIDEO_OUTPUT_MPLANE
13789.826901,v4l2_qbuf,0,VIDEO_CAPTURE_MPLANE
13789.831263,v4l2_dqbuf,0,VIDEO_CAPTURE_MPLANE
13789.831387,v4l2_dqbuf,0,VIDEO_OUTPUT_MPLANE
13789.839694,v4l2_qbuf,0,VIDEO_OUTPUT_MPLANE
13789.839715,v4l2_qbuf,1,VIDEO_CAPTURE_MPLANE
13789.843075,v4l2_dqbuf,1,VIDEO_CAPTURE_MPLANE
13789.843087,v4l2_dqbuf,0,VIDEO_OUTPUT_MPLANE
13789.856452,v4l2_qbuf,0,VIDEO_OUTPUT_MPLANE
13789.856472,v4l2_qbuf,4,VIDEO_CAPTURE_MPLANE
13789.858613,v4l2_dqbuf,4,VIDEO_CAPTURE_MPLANE
13789.858642,v4l2_dqbuf,0,VIDEO_OUTPUT_MPLANE
13789.907108,v4l2_qbuf,0,VIDEO_OUTPUT_MPLANE
13789.907148,v4l2_qbuf,0,VIDEO_CAPTURE_MPLANE
13789.910459,v4l2_dqbuf,0,VIDEO_CAPTURE_MPLANE
13789.910507,v4l2_dqbuf,0,VIDEO_OUTPUT_MPLANE
13789.910739,v4l2_qbuf,0,VIDEO_OUTPUT_MPLANE
13789.910775,v4l2_qbuf,5,VIDEO_CAPTURE_MPLANE
13789.914131,v4l2_dqbuf,5,VIDEO_CAPTURE_MPLANE
13789.914300,v4l2_dqbuf,0,VIDEO_OUTPUT_MPLANE
13789.928864,v4l2_qbuf,0,VIDEO_OUTPUT_MPLANE
13789.928898,v4l2_qbuf,2,VIDEO_CAPTURE_MPLANE
13789.932865,v4l2_dqbuf,2,VIDEO_CAPTURE_MPLANE
13789.932881,v4l2_dqbuf,0,VIDEO_OUTPUT_MPLANE
13789.940338,v4l2_qbuf,0,VIDEO_OUTPUT_MPLANE
13789.940425,v4l2_qbuf,1,VIDEO_CAPTURE_MPLANE
13789.942680,v4l2_dqbuf,1,VIDEO_CAPTURE_MPLANE
13789.942694,v4l2_dqbuf,0,VIDEO_OUTPUT_MPLANE
13789.973180,v4l2_qbuf,0,VIDEO_OUTPUT_MPLANE
13789.973210,v4l2_qbuf,5,VIDEO_CAPTURE_MPLANE
13789.976333,v4l2_dqbuf,5,VIDEO_CAPTURE_MPLANE
13789.976368,v4l2_dqbuf,0,VIDEO_OUTPUT_MPLANE
13789.976542,v4l2_qbuf,0,VIDEO_OUTPUT_MPLANE
13789.976566,v4l2_qbuf,3,VIDEO_CAPTURE_MPLANE
13789.979650,v4l2_dqbuf,3,VIDEO_CAPTURE_MPLANE
13789.979763,v4l2_dqbuf,0,VIDEO_OUTPUT_MPLANE
13789.993840,v4l2_qbuf,0,VIDEO_OUTPUT_MPLANE
13789.993873,v4l2_qbuf,0,VIDEO_CAPTURE_MPLANE
13789.997170,v4l2_dqbuf,0,VIDEO_CAPTURE_MPLANE
13789.997191,v4l2_dqbuf,0,VIDEO_OUTPUT_MPLANE
13790.006529,v4l2_qbuf,0,VIDEO_OUTPUT_MPLANE
13790.006561,v4l2_qbuf,2,VIDEO_CAPTURE_MPLANE
13790.008827,v4l2_dqbuf,2,VIDEO_CAPTURE_MPLANE
13790.008840,v4l2_dqbuf,0,VIDEO_OUTPUT_MPLANE
13790.039806,v4l2_qbuf,0,VIDEO_OUTPUT_MPLANE
13790.039824,v4l2_qbuf,3,VIDEO_CAPTURE_MPLANE
13790.042938,v4l2_dqbuf,3,VIDEO_CAPTURE_MPLANE
13790.042977,v4l2_dqbuf,0,VIDEO_OUTPUT_MPLANE
13790.043201,v4l2_qbuf,0,VIDEO_OUTPUT_MPLANE
13790.043230,v4l2_qbuf,4,VIDEO_CAPTURE_MPLANE
13790.046684,v4l2_dqbuf,4,VIDEO_CAPTURE_MPLANE
13790.046904,v4l2_dqbuf,0,VIDEO_OUTPUT_MPLANE
13790.056402,v4l2_qbuf,0,VIDEO_OUTPUT_MPLANE
13790.056417,v4l2_qbuf,5,VIDEO_CAPTURE_MPLANE
13790.059437,v4l2_dqbuf,5,VIDEO_CAPTURE_MPLANE
13790.059449,v4l2_dqbuf,0,VIDEO_OUTPUT_MPLANE
13790.073189,v4l2_qbuf,0,VIDEO_OUTPUT_MPLANE
13790.073213,v4l2_qbuf,0,VIDEO_CAPTURE_MPLANE
13790.075511,v4l2_dqbuf,0,VIDEO_CAPTURE_MPLANE
13790.075537,v4l2_dqbuf,0,VIDEO_OUTPUT_MPLANE
13790.106377,v4l2_qbuf,0,VIDEO_OUTPUT_MPLANE
13790.106393,v4l2_qbuf,4,VIDEO_CAPTURE_MPLANE
13790.109508,v4l2_dqbuf,4,VIDEO_CAPTURE_MPLANE
13790.109529,v4l2_dqbuf,0,VIDEO_OUTPUT_MPLANE
13790.109640,v4l2_qbuf,0,VIDEO_OUTPUT_MPLANE
13790.109658,v4l2_qbuf,1,VIDEO_CAPTURE_MPLANE
13790.112706,v4l2_dqbuf,1,VIDEO_CAPTURE_MPLANE
13790.112776,v4l2_dqbuf,0,VIDEO_OUTPUT_MPLANE
13790.129405,v4l2_qbuf,0,VIDEO_OUTPUT_MPLANE
13790.129427,v4l2_qbuf,3,VIDEO_CAPTURE_MPLANE
13790.132740,v4l2_dqbuf,3,VIDEO_CAPTURE_MPLANE
13790.132753,v4l2_dqbuf,0,VIDEO_OUTPUT_MPLANE
13790.139830,v4l2_qbuf,0,VIDEO_OUTPUT_MPLANE
13790.139855,v4l2_qbuf,5,VIDEO_CAPTURE_MPLANE
13790.142034,v4l2_dqbuf,5,VIDEO_CAPTURE_MPLANE
13790.142054,v4l2_dqbuf,0,VIDEO_OUTPUT_MPLANE
13790.173377,v4l2_qbuf,0,VIDEO_OUTPUT_MPLANE
13790.173417,v4l2_qbuf,1,VIDEO_CAPTURE_MPLANE
13790.176557,v4l2_dqbuf,1,VIDEO_CAPTURE_MPLANE
13790.176578,v4l2_dqbuf,0,VIDEO_OUTPUT_MPLANE
13790.176679,v4l2_qbuf,0,VIDEO_OUTPUT_MPLANE
13790.176695,v4l2_qbuf,2,VIDEO_CAPTURE_MPLANE
13790.179729,v4l2_dqbuf,2,VIDEO_CAPTURE_MPLANE
13790.179800,v4l2_dqbuf,0,VIDEO_OUTPUT_MPLANE
13790.190391,v4l2_qbuf,0,VIDEO_OUTPUT_MPLANE
13790.190424,v4l2_qbuf,4,VIDEO_CAPTURE_MPLANE
13790.193826,v4l2_dqbuf,4,VIDEO_CAPTURE_MPLANE
13790.193933,v4l2_dqbuf,0,VIDEO_OUTPUT_MPLANE
13790.207366,v4l2_qbuf,0,VIDEO_OUTPUT_MPLANE
13790.207407,v4l2_qbuf,3,VIDEO_CAPTURE_MPLANE
13790.209550,v4l2_dqbuf,3,VIDEO_CAPTURE_MPLANE
13790.209563,v4l2_dqbuf,0,VIDEO_OUTPUT_MPLANE
13790.240779,v4l2_qbuf,0,VIDEO_OUTPUT_MPLANE
13790.240811,v4l2_qbuf,2,VIDEO_CAPTURE_MPLANE
13790.244208,v4l2_dqbuf,2,VIDEO_CAPTURE_MPLANE
13790.244249,v4l2_dqbuf,0,VIDEO_OUTPUT_MPLANE
13790.244434,v4l2_qbuf,0,VIDEO_OUTPUT_MPLANE
13790.244456,v4l2_qbuf,0,VIDEO_CAPTURE_MPLANE
13790.247650,v4l2_dqbuf,0,VIDEO_CAPTURE_MPLANE
13790.247775,v4l2_dqbuf,0,VIDEO_OUTPUT_MPLANE
13790.268836,v4l2_qbuf,0,VIDEO_OUTPUT_MPLANE
13790.268867,v4l2_qbuf,1,VIDEO_CAPTURE_MPLANE
13790.272212,v4l2_dqbuf,1,VIDEO_CAPTURE_MPLANE
13790.272227,v4l2_dqbuf,0,VIDEO_OUTPUT_MPLANE
13790.274340,v4l2_qbuf,0,VIDEO_OUTPUT_MPLANE
13790.274365,v4l2_qbuf,4,VIDEO_CAPTURE_MPLANE
13790.276559,v4l2_dqbuf,4,VIDEO_CAPTURE_MPLANE
13790.276573,v4l2_dqbuf,0,VIDEO_OUTPUT_MPLANE
13790.306699,v4l2_qbuf,0,VIDEO_OUTPUT_MPLANE
13790.306732,v4l2_qbuf,0,VIDEO_CAPTURE_MPLANE
13790.310059,v4l2_dqbuf,0,VIDEO_CAPTURE_MPLANE
13790.310081,v4l2_dqbuf,0,VIDEO_OUTPUT_MPLANE
13790.310197,v4l2_qbuf,0,VIDEO_OUTPUT_MPLANE
13790.310215,v4l2_qbuf,5,VIDEO_CAPTURE_MPLANE
13790.313512,v4l2_dqbuf,5,VIDEO_CAPTURE_MPLANE
13790.313582,v4l2_dqbuf,0,VIDEO_OUTPUT_MPLANE
13790.329464,v4l2_qbuf,0,VIDEO_OUTPUT_MPLANE
13790.329480,v4l2_qbuf,2,VIDEO_CAPTURE_MPLANE
13790.332978,v4l2_dqbuf,2,VIDEO_CAPTURE_MPLANE
13790.332991,v4l2_dqbuf,0,VIDEO_OUTPUT_MPLANE
13790.339602,v4l2_qbuf,0,VIDEO_OUTPUT_MPLANE
13790.339625,v4l2_qbuf,1,VIDEO_CAPTURE_MPLANE
13790.341737,v4l2_dqbuf,1,VIDEO_CAPTURE_MPLANE
13790.341757,v4l2_dqbuf,0,VIDEO_OUTPUT_MPLANE
13790.373092,v4l2_qbuf,0,VIDEO_OUTPUT_MPLANE
13790.373106,v4l2_qbuf,5,VIDEO_CAPTURE_MPLANE
13790.376311,v4l2_dqbuf,5,VIDEO_CAPTURE_MPLANE
13790.376344,v4l2_dqbuf,0,VIDEO_OUTPUT_MPLANE
13790.376509,v4l2_qbuf,0,VIDEO_OUTPUT_MPLANE
13790.376533,v4l2_qbuf,3,VIDEO_CAPTURE_MPLANE
13790.379687,v4l2_dqbuf,3,VIDEO_CAPTURE_MPLANE
13790.379798,v4l2_dqbuf,0,VIDEO_OUTPUT_MPLANE
13790.390173,v4l2_qbuf,0,VIDEO_OUTPUT_MPLANE
13790.390208,v4l2_qbuf,0,VIDEO_CAPTURE_MPLANE
13790.393582,v4l2_dqbuf,0,VIDEO_CAPTURE_MPLANE
13790.393603,v4l2_dqbuf,0,VIDEO_OUTPUT_MPLANE
13790.406954,v4l2_qbuf,0,VIDEO_OUTPUT_MPLANE
13790.406980,v4l2_qbuf,2,VIDEO_CAPTURE_MPLANE
13790.409346,v4l2_dqbuf,2,VIDEO_CAPTURE_MPLANE
13790.409368,v4l2_dqbuf,0,VIDEO_OUTPUT_MPLANE
13790.440768,v4l2_qbuf,0,VIDEO_OUTPUT_MPLANE
13790.441039,v4l2_qbuf,3,VIDEO_CAPTURE_MPLANE
13790.444553,v4l2_dqbuf,3,VIDEO_CAPTURE_MPLANE
13790.444569,v4l2_dqbuf,0,VIDEO_OUTPUT_MPLANE
13790.444651,v4l2_qbuf,0,VIDEO_OUTPUT_MPLANE
13790.444661,v4l2_qbuf,4,VIDEO_CAPTURE_MPLANE
13790.447920,v4l2_dqbuf,4,VIDEO_CAPTURE_MPLANE
13790.447998,v4l2_dqbuf,0,VIDEO_OUTPUT_MPLANE
13790.460831,v4l2_qbuf,0,VIDEO_OUTPUT_MPLANE
13790.460846,v4l2_qbuf,5,VIDEO_CAPTURE_MPLANE
13790.464190,v4l2_dqbuf,5,VIDEO_CAPTURE_MPLANE
13790.464202,v4l2_dqbuf,0,VIDEO_OUTPUT_MPLANE
13790.473019,v4l2_qbuf,0,VIDEO_OUTPUT_MPLANE
13790.473042,v4l2_qbuf,0,VIDEO_CAPTURE_MPLANE
13790.475232,v4l2_dqbuf,0,VIDEO_CAPTURE_MPLANE
13790.475245,v4l2_dqbuf,0,VIDEO_OUTPUT_MPLANE
13790.506645,v4l2_qbuf,0,VIDEO_OUTPUT_MPLANE
13790.506659,v4l2_qbuf,4,VIDEO_CAPTURE_MPLANE
13790.509857,v4l2_dqbuf,4,VIDEO_CAPTURE_MPLANE
13790.509881,v4l2_dqbuf,0,VIDEO_OUTPUT_MPLANE
13790.509997,v4l2_qbuf,0,VIDEO_OUTPUT_MPLANE
13790.510027,v4l2_qbuf,1,VIDEO_CAPTURE_MPLANE
13790.513179,v4l2_dqbuf,1,VIDEO_CAPTURE_MPLANE
13790.513262,v4l2_dqbuf,0,VIDEO_OUTPUT_MPLANE
13790.523329,v4l2_qbuf,0,VIDEO_OUTPUT_MPLANE
13790.523345,v4l2_qbuf,3,VIDEO_CAPTURE_MPLANE
13790.526772,v4l2_dqbuf,3,VIDEO_CAPTURE_MPLANE
13790.526785,v4l2_dqbuf,0,VIDEO_OUTPUT_MPLANE
13790.539985,v4l2_qbuf,0,VIDEO_OUTPUT_MPLANE
13790.540027,v4l2_qbuf,5,VIDEO_CAPTURE_MPLANE
13790.542336,v4l2_dqbuf,5,VIDEO_CAPTURE_MPLANE
13790.542359,v4l2_dqbuf,0,VIDEO_OUTPUT_MPLANE
13790.573828,v4l2_qbuf,0,VIDEO_OUTPUT_MPLANE
13790.573858,v4l2_qbuf,1,VIDEO_CAPTURE_MPLANE
13790.577041,v4l2_dqbuf,1,VIDEO_CAPTURE_MPLANE
13790.577084,v4l2_dqbuf,0,VIDEO_OUTPUT_MPLANE
13790.577261,v4l2_qbuf,0,VIDEO_OUTPUT_MPLANE
13790.577288,v4l2_qbuf,2,VIDEO_CAPTURE_MPLANE
13790.580429,v4l2_dqbuf,2,VIDEO_CAPTURE_MPLANE
13790.580590,v4l2_dqbuf,0,VIDEO_OUTPUT_MPLANE
13790.593971,v4l2_qbuf,0,VIDEO_OUTPUT_MPLANE
13790.594067,v4l2_qbuf,4,VIDEO_CAPTURE_MPLANE
13790.597251,v4l2_dqbuf,4,VIDEO_CAPTURE_MPLANE
13790.597273,v4l2_dqbuf,0,VIDEO_OUTPUT_MPLANE
13790.606451,v4l2_qbuf,0,VIDEO_OUTPUT_MPLANE
13790.606476,v4l2_qbuf,3,VIDEO_CAPTURE_MPLANE
13790.608733,v4l2_dqbuf,3,VIDEO_CAPTURE_MPLANE
13790.608763,v4l2_dqbuf,0,VIDEO_OUTPUT_MPLANE
13790.640394,v4l2_qbuf,0,VIDEO_OUTPUT_MPLANE
13790.640434,v4l2_qbuf,2,VIDEO_CAPTURE_MPLANE
13790.643665,v4l2_dqbuf,2,VIDEO_CAPTURE_MPLANE
13790.643697,v4l2_dqbuf,0,VIDEO_OUTPUT_MPLANE
13790.643850,v4l2_qbuf,0,VIDEO_OUTPUT_MPLANE
13790.643875,v4l2_qbuf,0,VIDEO_CAPTURE_MPLANE
13790.647093,v4l2_dqbuf,0,VIDEO_CAPTURE_MPLANE
13790.647158,v4l2_dqbuf,0,VIDEO_OUTPUT_MPLANE
13790.656625,v4l2_qbuf,0,VIDEO_OUTPUT_MPLANE
13790.656645,v4l2_qbuf,1,VIDEO_CAPTURE_MPLANE
13790.659950,v4l2_dqbuf,1,VIDEO_CAPTURE_MPLANE
13790.659962,v4l2_dqbuf,0,VIDEO_OUTPUT_MPLANE
13790.673234,v4l2_qbuf,0,VIDEO_OUTPUT_MPLANE
13790.673250,v4l2_qbuf,4,VIDEO_CAPTURE_MPLANE
13790.675543,v4l2_dqbuf,4,VIDEO_CAPTURE_MPLANE
13790.675575,v4l2_dqbuf,0,VIDEO_OUTPUT_MPLANE
13790.706570,v4l2_qbuf,0,VIDEO_OUTPUT_MPLANE
13790.706591,v4l2_qbuf,0,VIDEO_CAPTURE_MPLANE
13790.709927,v4l2_dqbuf,0,VIDEO_CAPTURE_MPLANE
13790.709948,v4l2_dqbuf,0,VIDEO_OUTPUT_MPLANE
13790.710065,v4l2_qbuf,0,VIDEO_OUTPUT_MPLANE
13790.710079,v4l2_qbuf,5,VIDEO_CAPTURE_MPLANE
13790.713397,v4l2_dqbuf,5,VIDEO_CAPTURE_MPLANE
13790.713488,v4l2_dqbuf,0,VIDEO_OUTPUT_MPLANE
13790.726612,v4l2_qbuf,0,VIDEO_OUTPUT_MPLANE
13790.726629,v4l2_qbuf,2,VIDEO_CAPTURE_MPLANE
13790.728398,v4l2_dqbuf,2,VIDEO_CAPTURE_MPLANE
13790.728409,v4l2_dqbuf,0,VIDEO_OUTPUT_MPLANE
13790.739856,v4l2_qbuf,0,VIDEO_OUTPUT_MPLANE
13790.739873,v4l2_qbuf,1,VIDEO_CAPTURE_MPLANE
13790.742029,v4l2_dqbuf,1,VIDEO_CAPTURE_MPLANE
13790.742050,v4l2_dqbuf,0,VIDEO_OUTPUT_MPLANE
13790.756668,v4l2_qbuf,0,VIDEO_OUTPUT_MPLANE
13790.756700,v4l2_qbuf,3,VIDEO_CAPTURE_MPLANE
13790.759876,v4l2_dqbuf,3,VIDEO_CAPTURE_MPLANE
13790.759897,v4l2_dqbuf,0,VIDEO_OUTPUT_MPLANE
13790.773292,v4l2_qbuf,0,VIDEO_OUTPUT_MPLANE
13790.773322,v4l2_qbuf,0,VIDEO_CAPTURE_MPLANE
13790.777592,v4l2_dqbuf,0,VIDEO_CAPTURE_MPLANE
13790.777822,v4l2_dqbuf,0,VIDEO_OUTPUT_MPLANE
13790.790062,v4l2_qbuf,0,VIDEO_OUTPUT_MPLANE
13790.790095,v4l2_qbuf,5,VIDEO_CAPTURE_MPLANE
13790.793412,v4l2_dqbuf,5,VIDEO_CAPTURE_MPLANE
13790.793434,v4l2_dqbuf,0,VIDEO_OUTPUT_MPLANE
13790.806562,v4l2_qbuf,0,VIDEO_OUTPUT_MPLANE
13790.806604,v4l2_qbuf,4,VIDEO_CAPTURE_MPLANE
13790.808926,v4l2_dqbuf,4,VIDEO_CAPTURE_MPLANE
13790.808952,v4l2_dqbuf,0,VIDEO_OUTPUT_MPLANE
13790.840152,v4l2_qbuf,0,VIDEO_OUTPUT_MPLANE
13790.840184,v4l2_qbuf,0,VIDEO_CAPTURE_MPLANE
13790.843457,v4l2_dqbuf,0,VIDEO_CAPTURE_MPLANE
13790.843492,v4l2_dqbuf,0,VIDEO_OUTPUT_MPLANE
13790.843665,v4l2_qbuf,0,VIDEO_OUTPUT_MPLANE
13790.843692,v4l2_qbuf,2,VIDEO_CAPTURE_MPLANE
13790.847051,v4l2_dqbuf,2,VIDEO_CAPTURE_MPLANE
13790.847161,v4l2_dqbuf,0,VIDEO_OUTPUT_MPLANE
13790.863682,v4l2_qbuf,0,VIDEO_OUTPUT_MPLANE
13790.863700,v4l2_qbuf,3,VIDEO_CAPTURE_MPLANE
13790.866870,v4l2_dqbuf,3,VIDEO_CAPTURE_MPLANE
13790.866882,v4l2_dqbuf,0,VIDEO_OUTPUT_MPLANE
13790.873197,v4l2_qbuf,0,VIDEO_OUTPUT_MPLANE
13790.873262,v4l2_qbuf,5,VIDEO_CAPTURE_MPLANE
13790.875409,v4l2_dqbuf,5,VIDEO_CAPTURE_MPLANE
13790.875422,v4l2_dqbuf,0,VIDEO_OUTPUT_MPLANE
13790.906732,v4l2_qbuf,0,VIDEO_OUTPUT_MPLANE
13790.906755,v4l2_qbuf,2,VIDEO_CAPTURE_MPLANE
13790.909969,v4l2_dqbuf,2,VIDEO_CAPTURE_MPLANE
13790.909991,v4l2_dqbuf,0,VIDEO_OUTPUT_MPLANE
13790.910116,v4l2_qbuf,0,VIDEO_OUTPUT_MPLANE
13790.910133,v4l2_qbuf,1,VIDEO_CAPTURE_MPLANE
13790.913502,v4l2_dqbuf,1,VIDEO_CAPTURE_MPLANE
13790.913585,v4l2_dqbuf,0,VIDEO_OUTPUT_MPLANE
13790.923470,v4l2_qbuf,0,VIDEO_OUTPUT_MPLANE
13790.923487,v4l2_qbuf,0,VIDEO_CAPTURE_MPLANE
13790.926710,v4l2_dqbuf,0,VIDEO_CAPTURE_MPLANE
13790.926719,v4l2_dqbuf,0,VIDEO_OUTPUT_MPLANE
13790.940032,v4l2_qbuf,0,VIDEO_OUTPUT_MPLANE
13790.940049,v4l2_qbuf,3,VIDEO_CAPTURE_MPLANE
13790.942284,v4l2_dqbuf,3,VIDEO_CAPTURE_MPLANE
13790.942298,v4l2_dqbuf,0,VIDEO_OUTPUT_MPLANE
13790.974114,v4l2_qbuf,0,VIDEO_OUTPUT_MPLANE
13790.974159,v4l2_qbuf,1,VIDEO_CAPTURE_MPLANE
13790.979281,v4l2_dqbuf,1,VIDEO_CAPTURE_MPLANE
13790.979331,v4l2_dqbuf,0,VIDEO_OUTPUT_MPLANE
13790.979555,v4l2_qbuf,0,VIDEO_OUTPUT_MPLANE
13790.979585,v4l2_qbuf,4,VIDEO_CAPTURE_MPLANE
13790.982782,v4l2_dqbuf,4,VIDEO_CAPTURE_MPLANE
13790.982957,v4l2_dqbuf,0,VIDEO_OUTPUT_MPLANE
13790.995073,v4l2_qbuf,0,VIDEO_OUTPUT_MPLANE
13790.995094,v4l2_qbuf,2,VIDEO_CAPTURE_MPLANE
13790.998754,v4l2_dqbuf,2,VIDEO_CAPTURE_MPLANE
13790.998770,v4l2_dqbuf,0,VIDEO_OUTPUT_MPLANE
13791.006282,v4l2_qbuf,0,VIDEO_OUTPUT_MPLANE
13791.006304,v4l2_qbuf,0,VIDEO_CAPTURE_MPLANE
13791.008706,v4l2_dqbuf,0,VIDEO_CAPTURE_MPLANE
13791.008734,v4l2_dqbuf,0,VIDEO_OUTPUT_MPLANE
13791.056812,v4l2_qbuf,0,VIDEO_OUTPUT_MPLANE
13791.056834,v4l2_qbuf,4,VIDEO_CAPTURE_MPLANE
13791.060191,v4l2_dqbuf,4,VIDEO_CAPTURE_MPLANE
13791.060310,v4l2_dqbuf,0,VIDEO_OUTPUT_MPLANE
13791.060652,v4l2_qbuf,0,VIDEO_OUTPUT_MPLANE
13791.060687,v4l2_qbuf,5,VIDEO_CAPTURE_MPLANE
13791.064124,v4l2_dqbuf,5,VIDEO_CAPTURE_MPLANE
13791.064235,v4l2_dqbuf,0,VIDEO_OUTPUT_MPLANE
13791.073435,v4l2_qbuf,0,VIDEO_OUTPUT_MPLANE
13791.073455,v4l2_qbuf,1,VIDEO_CAPTURE_MPLANE
13791.076670,v4l2_dqbuf,1,VIDEO_CAPTURE_MPLANE
13791.076687,v4l2_dqbuf,0,VIDEO_OUTPUT_MPLANE
13791.090165,v4l2_qbuf,0,VIDEO_OUTPUT_MPLANE
13791.090185,v4l2_qbuf,2,VIDEO_CAPTURE_MPLANE
13791.092372,v4l2_dqbuf,2,VIDEO_CAPTURE_MPLANE
13791.092400,v4l2_dqbuf,0,VIDEO_OUTPUT_MPLANE
13791.123178,v4l2_qbuf,0,VIDEO_OUTPUT_MPLANE
13791.123205,v4l2_qbuf,5,VIDEO_CAPTURE_MPLANE
13791.126295,v4l2_dqbuf,5,VIDEO_CAPTURE_MPLANE
13791.126310,v4l2_dqbuf,0,VIDEO_OUTPUT_MPLANE
13791.126393,v4l2_qbuf,0,VIDEO_OUTPUT_MPLANE
13791.126405,v4l2_qbuf,3,VIDEO_CAPTURE_MPLANE
13791.129584,v4l2_dqbuf,3,VIDEO_CAPTURE_MPLANE
13791.129713,v4l2_dqbuf,0,VIDEO_OUTPUT_MPLANE
13791.133962,v4l2_qbuf,0,VIDEO_OUTPUT_MPLANE
13791.135287,v4l2_qbuf,4,VIDEO_CAPTURE_MPLANE
13791.138555,v4l2_dqbuf,4,VIDEO_CAPTURE_MPLANE
13791.138567,v4l2_dqbuf,0,VIDEO_OUTPUT_MPLANE
13791.153566,v4l2_qbuf,0,VIDEO_OUTPUT_MPLANE
13791.153595,v4l2_qbuf,1,VIDEO_CAPTURE_MPLANE
13791.155746,v4l2_dqbuf,1,VIDEO_CAPTURE_MPLANE
13791.155769,v4l2_dqbuf,0,VIDEO_OUTPUT_MPLANE
13791.189729,v4l2_qbuf,0,VIDEO_OUTPUT_MPLANE
13791.189750,v4l2_qbuf,3,VIDEO_CAPTURE_MPLANE
13791.192866,v4l2_dqbuf,3,VIDEO_CAPTURE_MPLANE
13791.192887,v4l2_dqbuf,0,VIDEO_OUTPUT_MPLANE
13791.192982,v4l2_qbuf,0,VIDEO_OUTPUT_MPLANE
13791.192994,v4l2_qbuf,0,VIDEO_CAPTURE_MPLANE
13791.196109,v4l2_dqbuf,0,VIDEO_CAPTURE_MPLANE
13791.196199,v4l2_dqbuf,0,VIDEO_OUTPUT_MPLANE
13791.205433,v4l2_qbuf,0,VIDEO_OUTPUT_MPLANE
13791.205448,v4l2_qbuf,5,VIDEO_CAPTURE_MPLANE
13791.208647,v4l2_dqbuf,5,VIDEO_CAPTURE_MPLANE
13791.208655,v4l2_dqbuf,0,VIDEO_OUTPUT_MPLANE
13791.219731,v4l2_qbuf,0,VIDEO_OUTPUT_MPLANE
13791.219746,v4l2_qbuf,4,VIDEO_CAPTURE_MPLANE
13791.221825,v4l2_dqbuf,4,VIDEO_CAPTURE_MPLANE
13791.221835,v4l2_dqbuf,0,VIDEO_OUTPUT_MPLANE
13791.253262,v4l2_qbuf,0,VIDEO_OUTPUT_MPLANE
13791.253282,v4l2_qbuf,0,VIDEO_CAPTURE_MPLANE
13791.256458,v4l2_dqbuf,0,VIDEO_CAPTURE_MPLANE
13791.256480,v4l2_dqbuf,0,VIDEO_OUTPUT_MPLANE
13791.256593,v4l2_qbuf,0,VIDEO_OUTPUT_MPLANE
13791.256610,v4l2_qbuf,2,VIDEO_CAPTURE_MPLANE
13791.259823,v4l2_dqbuf,2,VIDEO_CAPTURE_MPLANE
13791.259905,v4l2_dqbuf,0,VIDEO_OUTPUT_MPLANE
13791.270087,v4l2_qbuf,0,VIDEO_OUTPUT_MPLANE
13791.270106,v4l2_qbuf,3,VIDEO_CAPTURE_MPLANE
13791.273210,v4l2_dqbuf,3,VIDEO_CAPTURE_MPLANE
13791.273223,v4l2_dqbuf,0,VIDEO_OUTPUT_MPLANE
13791.288273,v4l2_qbuf,0,VIDEO_OUTPUT_MPLANE
13791.288302,v4l2_qbuf,5,VIDEO_CAPTURE_MPLANE
13791.290487,v4l2_dqbuf,5,VIDEO_CAPTURE_MPLANE
13791.290501,v4l2_dqbuf,0,VIDEO_OUTPUT_MPLANE
13791.322150,v4l2_qbuf,0,VIDEO_OUTPUT_MPLANE
13791.322183,v4l2_qbuf,2,VIDEO_CAPTURE_MPLANE
13791.325503,v4l2_dqbuf,2,VIDEO_CAPTURE_MPLANE
13791.325535,v4l2_dqbuf,0,VIDEO_OUTPUT_MPLANE
13791.325700,v4l2_qbuf,0,VIDEO_OUTPUT_MPLANE
13791.325722,v4l2_qbuf,1,VIDEO_CAPTURE_MPLANE
13791.328965,v4l2_dqbuf,1,VIDEO_CAPTURE_MPLANE
13791.329156,v4l2_dqbuf,0,VIDEO_OUTPUT_MPLANE
13791.338091,v4l2_qbuf,0,VIDEO_OUTPUT_MPLANE
13791.338110,v4l2_qbuf,0,VIDEO_CAPTURE_MPLANE
13791.341259,v4l2_dqbuf,0,VIDEO_CAPTURE_MPLANE
13791.341272,v4l2_dqbuf,0,VIDEO_OUTPUT_MPLANE
13791.354884,v4l2_qbuf,0,VIDEO_OUTPUT_MPLANE
13791.354905,v4l2_qbuf,3,VIDEO_CAPTURE_MPLANE
13791.356921,v4l2_dqbuf,3,VIDEO_CAPTURE_MPLANE
13791.356933,v4l2_dqbuf,0,VIDEO_OUTPUT_MPLANE
13791.388464,v4l2_qbuf,0,VIDEO_OUTPUT_MPLANE
13791.388483,v4l2_qbuf,1,VIDEO_CAPTURE_MPLANE
13791.391629,v4l2_dqbuf,1,VIDEO_CAPTURE_MPLANE
13791.391659,v4l2_dqbuf,0,VIDEO_OUTPUT_MPLANE
13791.391810,v4l2_qbuf,0,VIDEO_OUTPUT_MPLANE
13791.391831,v4l2_qbuf,4,VIDEO_CAPTURE_MPLANE
13791.397831,v4l2_dqbuf,4,VIDEO_CAPTURE_MPLANE
13791.397936,v4l2_dqbuf,0,VIDEO_OUTPUT_MPLANE
13791.405715,v4l2_qbuf,0,VIDEO_OUTPUT_MPLANE
13791.405764,v4l2_qbuf,2,VIDEO_CAPTURE_MPLANE
13791.409127,v4l2_dqbuf,2,VIDEO_CAPTURE_MPLANE
13791.409149,v4l2_dqbuf,0,VIDEO_OUTPUT_MPLANE
13791.422146,v4l2_qbuf,0,VIDEO_OUTPUT_MPLANE
13791.422183,v4l2_qbuf,0,VIDEO_CAPTURE_MPLANE
13791.425700,v4l2_dqbuf,0,VIDEO_CAPTURE_MPLANE
13791.425736,v4l2_dqbuf,0,VIDEO_OUTPUT_MPLANE
13791.454787,v4l2_qbuf,0,VIDEO_OUTPUT_MPLANE
13791.454805,v4l2_qbuf,4,VIDEO_CAPTURE_MPLANE
13791.457939,v4l2_dqbuf,4,VIDEO_CAPTURE_MPLANE
13791.457980,v4l2_dqbuf,0,VIDEO_OUTPUT_MPLANE
13791.458198,v4l2_qbuf,0,VIDEO_OUTPUT_MPLANE
13791.458230,v4l2_qbuf,5,VIDEO_CAPTURE_MPLANE
13791.461449,v4l2_dqbuf,5,VIDEO_CAPTURE_MPLANE
13791.461593,v4l2_dqbuf,0,VIDEO_OUTPUT_MPLANE
13791.472394,v4l2_qbuf,0,VIDEO_OUTPUT_MPLANE
13791.472426,v4l2_qbuf,1,VIDEO_CAPTURE_MPLANE
13791.475545,v4l2_dqbuf,1,VIDEO_CAPTURE_MPLANE
13791.475563,v4l2_dqbuf,0,VIDEO_OUTPUT_MPLANE
13791.488925,v4l2_qbuf,0,VIDEO_OUTPUT_MPLANE
13791.488951,v4l2_qbuf,2,VIDEO_CAPTURE_MPLANE
13791.491225,v4l2_dqbuf,2,VIDEO_CAPTURE_MPLANE
13791.491250,v4l2_dqbuf,0,VIDEO_OUTPUT_MPLANE
13791.522657,v4l2_qbuf,0,VIDEO_OUTPUT_MPLANE
13791.522710,v4l2_qbuf,5,VIDEO_CAPTURE_MPLANE
13791.525998,v4l2_dqbuf,5,VIDEO_CAPTURE_MPLANE
13791.526089,v4l2_dqbuf,0,VIDEO_OUTPUT_MPLANE
13791.526344,v4l2_qbuf,0,VIDEO_OUTPUT_MPLANE
13791.526386,v4l2_qbuf,3,VIDEO_CAPTURE_MPLANE
13791.529602,v4l2_dqbuf,3,VIDEO_CAPTURE_MPLANE
13791.529762,v4l2_dqbuf,0,VIDEO_OUTPUT_MPLANE
13791.538292,v4l2_qbuf,0,VIDEO_OUTPUT_MPLANE
13791.538312,v4l2_qbuf,4,VIDEO_CAPTURE_MPLANE
13791.541496,v4l2_dqbuf,4,VIDEO_CAPTURE_MPLANE
13791.541520,v4l2_dqbuf,0,VIDEO_OUTPUT_MPLANE
13791.572271,v4l2_qbuf,0,VIDEO_OUTPUT_MPLANE
13791.572303,v4l2_qbuf,1,VIDEO_CAPTURE_MPLANE
13791.574871,v4l2_dqbuf,1,VIDEO_CAPTURE_MPLANE
13791.574904,v4l2_dqbuf,0,VIDEO_OUTPUT_MPLANE
13791.588662,v4l2_qbuf,0,VIDEO_OUTPUT_MPLANE
13791.588700,v4l2_qbuf,3,VIDEO_CAPTURE_MPLANE
13791.591938,v4l2_dqbuf,3,VIDEO_CAPTURE_MPLANE
13791.591977,v4l2_dqbuf,0,VIDEO_OUTPUT_MPLANE
13791.592199,v4l2_qbuf,0,VIDEO_OUTPUT_MPLANE
13791.592227,v4l2_qbuf,0,VIDEO_CAPTURE_MPLANE
13791.595521,v4l2_dqbuf,0,VIDEO_CAPTURE_MPLANE
13791.595670,v4l2_dqbuf,0,VIDEO_OUTPUT_MPLANE
13791.605147,v4l2_qbuf,0,VIDEO_OUTPUT_MPLANE
13791.605181,v4l2_qbuf,5,VIDEO_CAPTURE_MPLANE
13791.608430,v4l2_dqbuf,5,VIDEO_CAPTURE_MPLANE
13791.608451,v4l2_dqbuf,0,VIDEO_OUTPUT_MPLANE
13791.622188,v4l2_qbuf,0,VIDEO_OUTPUT_MPLANE
13791.622221,v4l2_qbuf,4,VIDEO_CAPTURE_MPLANE
13791.624440,v4l2_dqbuf,4,VIDEO_CAPTURE_MPLANE
13791.624460,v4l2_dqbuf,0,VIDEO_OUTPUT_MPLANE
13791.655254,v4l2_qbuf,0,VIDEO_OUTPUT_MPLANE
13791.655279,v4l2_qbuf,0,VIDEO_CAPTURE_MPLANE
13791.658515,v4l2_dqbuf,0,VIDEO_CAPTURE_MPLANE
13791.658540,v4l2_dqbuf,0,VIDEO_OUTPUT_MPLANE
13791.658664,v4l2_qbuf,0,VIDEO_OUTPUT_MPLANE
13791.658680,v4l2_qbuf,2,VIDEO_CAPTURE_MPLANE
13791.661803,v4l2_dqbuf,2,VIDEO_CAPTURE_MPLANE
13791.661896,v4l2_dqbuf,0,VIDEO_OUTPUT_MPLANE
13791.678497,v4l2_qbuf,0,VIDEO_OUTPUT_MPLANE
13791.678516,v4l2_qbuf,3,VIDEO_CAPTURE_MPLANE
13791.682219,v4l2_dqbuf,3,VIDEO_CAPTURE_MPLANE
13791.682256,v4l2_dqbuf,0,VIDEO_OUTPUT_MPLANE
13791.689126,v4l2_qbuf,0,VIDEO_OUTPUT_MPLANE
13791.689181,v4l2_qbuf,5,VIDEO_CAPTURE_MPLANE
13791.691512,v4l2_dqbuf,5,VIDEO_CAPTURE_MPLANE
13791.691526,v4l2_dqbuf,0,VIDEO_OUTPUT_MPLANE
13791.721876,v4l2_qbuf,0,VIDEO_OUTPUT_MPLANE
13791.721898,v4l2_qbuf,2,VIDEO_CAPTURE_MPLANE
13791.724979,v4l2_dqbuf,2,VIDEO_CAPTURE_MPLANE
13791.724998,v4l2_dqbuf,0,VIDEO_OUTPUT_MPLANE
13791.725093,v4l2_qbuf,0,VIDEO_OUTPUT_MPLANE
13791.725107,v4l2_qbuf,1,VIDEO_CAPTURE_MPLANE
13791.728204,v4l2_dqbuf,1,VIDEO_CAPTURE_MPLANE
13791.728301,v4l2_dqbuf,0,VIDEO_OUTPUT_MPLANE
13791.738782,v4l2_qbuf,0,VIDEO_OUTPUT_MPLANE
13791.738812,v4l2_qbuf,0,VIDEO_CAPTURE_MPLANE
13791.740745,v4l2_dqbuf,0,VIDEO_CAPTURE_MPLANE
13791.740757,v4l2_dqbuf,0,VIDEO_OUTPUT_MPLANE
13791.755504,v4l2_qbuf,0,VIDEO_OUTPUT_MPLANE
13791.755524,v4l2_qbuf,3,VIDEO_CAPTURE_MPLANE
13791.757858,v4l2_dqbuf,3,VIDEO_CAPTURE_MPLANE
13791.757872,v4l2_dqbuf,0,VIDEO_OUTPUT_MPLANE
13791.771887,v4l2_qbuf,0,VIDEO_OUTPUT_MPLANE
13791.771907,v4l2_qbuf,4,VIDEO_CAPTURE_MPLANE
13791.775092,v4l2_dqbuf,4,VIDEO_CAPTURE_MPLANE
13791.775116,v4l2_dqbuf,0,VIDEO_OUTPUT_MPLANE
13791.788642,v4l2_qbuf,0,VIDEO_OUTPUT_MPLANE
13791.788661,v4l2_qbuf,2,VIDEO_CAPTURE_MPLANE
13791.792099,v4l2_dqbuf,2,VIDEO_CAPTURE_MPLANE
13791.792235,v4l2_dqbuf,0,VIDEO_OUTPUT_MPLANE
13791.805215,v4l2_qbuf,0,VIDEO_OUTPUT_MPLANE
13791.805236,v4l2_qbuf,1,VIDEO_CAPTURE_MPLANE
13791.808380,v4l2_dqbuf,1,VIDEO_CAPTURE_MPLANE
13791.808392,v4l2_dqbuf,0,VIDEO_OUTPUT_MPLANE
13791.822250,v4l2_qbuf,0,VIDEO_OUTPUT_MPLANE
13791.822270,v4l2_qbuf,5,VIDEO_CAPTURE_MPLANE
13791.824542,v4l2_dqbuf,5,VIDEO_CAPTURE_MPLANE
13791.824557,v4l2_dqbuf,0,VIDEO_OUTPUT_MPLANE
13791.855298,v4l2_qbuf,0,VIDEO_OUTPUT_MPLANE
13791.855324,v4l2_qbuf,2,VIDEO_CAPTURE_MPLANE
13791.858700,v4l2_dqbuf,2,VIDEO_CAPTURE_MPLANE
13791.858752,v4l2_dqbuf,0,VIDEO_OUTPUT_MPLANE
13791.858948,v4l2_qbuf,0,VIDEO_OUTPUT_MPLANE
13791.858971,v4l2_qbuf,0,VIDEO_CAPTURE_MPLANE
13791.862883,v4l2_dqbuf,0,VIDEO_CAPTURE_MPLANE
13791.863023,v4l2_dqbuf,0,VIDEO_OUTPUT_MPLANE
13791.879827,v4l2_qbuf,0,VIDEO_OUTPUT_MPLANE
13791.879844,v4l2_qbuf,4,VIDEO_CAPTURE_MPLANE
13791.883328,v4l2_dqbuf,4,VIDEO_CAPTURE_MPLANE
13791.883343,v4l2_dqbuf,0,VIDEO_OUTPUT_MPLANE
13791.888749,v4l2_qbuf,0,VIDEO_OUTPUT_MPLANE
13791.888820,v4l2_qbuf,1,VIDEO_CAPTURE_MPLANE
13791.891463,v4l2_dqbuf,1,VIDEO_CAPTURE_MPLANE
13791.891481,v4l2_dqbuf,0,VIDEO_OUTPUT_MPLANE
13791.921772,v4l2_qbuf,0,VIDEO_OUTPUT_MPLANE
13791.921787,v4l2_qbuf,0,VIDEO_CAPTURE_MPLANE
13791.925031,v4l2_dqbuf,0,VIDEO_CAPTURE_MPLANE
13791.925064,v4l2_dqbuf,0,VIDEO_OUTPUT_MPLANE
13791.925246,v4l2_qbuf,0,VIDEO_OUTPUT_MPLANE
13791.925276,v4l2_qbuf,3,VIDEO_CAPTURE_MPLANE
13791.928473,v4l2_dqbuf,3,VIDEO_CAPTURE_MPLANE
13791.928608,v4l2_dqbuf,0,VIDEO_OUTPUT_MPLANE
13791.938265,v4l2_qbuf,0,VIDEO_OUTPUT_MPLANE
13791.938281,v4l2_qbuf,2,VIDEO_CAPTURE_MPLANE
13791.941590,v4l2_dqbuf,2,VIDEO_CAPTURE_MPLANE
13791.941600,v4l2_dqbuf,0,VIDEO_OUTPUT_MPLANE
13791.955300,v4l2_qbuf,0,VIDEO_OUTPUT_MPLANE
13791.955317,v4l2_qbuf,4,VIDEO_CAPTURE_MPLANE
13791.957574,v4l2_dqbuf,4,VIDEO_CAPTURE_MPLANE
13791.957603,v4l2_dqbuf,0,VIDEO_OUTPUT_MPLANE
13791.988609,v4l2_qbuf,0,VIDEO_OUTPUT_MPLANE
13791.988628,v4l2_qbuf,3,VIDEO_CAPTURE_MPLANE
13791.991862,v4l2_dqbuf,3,VIDEO_CAPTURE_MPLANE
13791.991906,v4l2_dqbuf,0,VIDEO_OUTPUT_MPLANE
13791.992167,v4l2_qbuf,0,VIDEO_OUTPUT_MPLANE
13791.992195,v4l2_qbuf,5,VIDEO_CAPTURE_MPLANE
13791.995592,v4l2_dqbuf,5,VIDEO_CAPTURE_MPLANE
13791.995781,v4l2_dqbuf,0,VIDEO_OUTPUT_MPLANE
13792.009154,v4l2_qbuf,0,VIDEO_OUTPUT_MPLANE
13792.009184,v4l2_qbuf,0,VIDEO_CAPTURE_MPLANE
13792.012431,v4l2_dqbuf,0,VIDEO_CAPTURE_MPLANE
13792.012459,v4l2_dqbuf,0,VIDEO_OUTPUT_MPLANE
13792.022050,v4l2_qbuf,0,VIDEO_OUTPUT_MPLANE
13792.022078,v4l2_qbuf,2,VIDEO_CAPTURE_MPLANE
13792.024229,v4l2_dqbuf,2,VIDEO_CAPTURE_MPLANE
13792.024249,v4l2_dqbuf,0,VIDEO_OUTPUT_MPLANE
13792.055898,v4l2_qbuf,0,VIDEO_OUTPUT_MPLANE
13792.055938,v4l2_qbuf,5,VIDEO_CAPTURE_MPLANE
13792.059334,v4l2_dqbuf,5,VIDEO_CAPTURE_MPLANE
13792.059368,v4l2_dqbuf,0,VIDEO_OUTPUT_MPLANE
13792.059525,v4l2_qbuf,0,VIDEO_OUTPUT_MPLANE
13792.059545,v4l2_qbuf,1,VIDEO_CAPTURE_MPLANE
13792.062731,v4l2_dqbuf,1,VIDEO_CAPTURE_MPLANE
13792.062852,v4l2_dqbuf,0,VIDEO_OUTPUT_MPLANE
13792.072644,v4l2_qbuf,0,VIDEO_OUTPUT_MPLANE
13792.072673,v4l2_qbuf,3,VIDEO_CAPTURE_MPLANE
13792.075841,v4l2_dqbuf,3,VIDEO_CAPTURE_MPLANE
13792.075856,v4l2_dqbuf,0,VIDEO_OUTPUT_MPLANE
13792.088410,v4l2_qbuf,0,VIDEO_OUTPUT_MPLANE
13792.088477,v4l2_qbuf,0,VIDEO_CAPTURE_MPLANE
13792.090761,v4l2_dqbuf,0,VIDEO_CAPTURE_MPLANE
13792.090776,v4l2_dqbuf,0,VIDEO_OUTPUT_MPLANE
13792.122061,v4l2_qbuf,0,VIDEO_OUTPUT_MPLANE
13792.122083,v4l2_qbuf,1,VIDEO_CAPTURE_MPLANE
13792.125306,v4l2_dqbuf,1,VIDEO_CAPTURE_MPLANE
13792.125331,v4l2_dqbuf,0,VIDEO_OUTPUT_MPLANE
13792.125455,v4l2_qbuf,0,VIDEO_OUTPUT_MPLANE
13792.125472,v4l2_qbuf,4,VIDEO_CAPTURE_MPLANE
13792.128708,v4l2_dqbuf,4,VIDEO_CAPTURE_MPLANE
13792.128787,v4l2_dqbuf,0,VIDEO_OUTPUT_MPLANE
13792.138508,v4l2_qbuf,0,VIDEO_OUTPUT_MPLANE
13792.138539,v4l2_qbuf,5,VIDEO_CAPTURE_MPLANE
13792.141870,v4l2_dqbuf,5,VIDEO_CAPTURE_MPLANE
13792.141895,v4l2_dqbuf,0,VIDEO_OUTPUT_MPLANE
13792.155326,v4l2_qbuf,0,VIDEO_OUTPUT_MPLANE
13792.155355,v4l2_qbuf,3,VIDEO_CAPTURE_MPLANE
13792.157487,v4l2_dqbuf,3,VIDEO_CAPTURE_MPLANE
13792.157500,v4l2_dqbuf,0,VIDEO_OUTPUT_MPLANE
13792.188611,v4l2_qbuf,0,VIDEO_OUTPUT_MPLANE
13792.188639,v4l2_qbuf,4,VIDEO_CAPTURE_MPLANE
13792.192054,v4l2_dqbuf,4,VIDEO_CAPTURE_MPLANE
13792.192078,v4l2_dqbuf,0,VIDEO_OUTPUT_MPLANE
13792.192190,v4l2_qbuf,0,VIDEO_OUTPUT_MPLANE
13792.192207,v4l2_qbuf,2,VIDEO_CAPTURE_MPLANE
13792.195494,v4l2_dqbuf,2,VIDEO_CAPTURE_MPLANE
13792.195600,v4l2_dqbuf,0,VIDEO_OUTPUT_MPLANE
13792.205373,v4l2_qbuf,0,VIDEO_OUTPUT_MPLANE
13792.205393,v4l2_qbuf,1,VIDEO_CAPTURE_MPLANE
13792.208660,v4l2_dqbuf,1,VIDEO_CAPTURE_MPLANE
13792.208674,v4l2_dqbuf,0,VIDEO_OUTPUT_MPLANE
13792.222141,v4l2_qbuf,0,VIDEO_OUTPUT_MPLANE
13792.222159,v4l2_qbuf,5,VIDEO_CAPTURE_MPLANE
13792.224357,v4l2_dqbuf,5,VIDEO_CAPTURE_MPLANE
13792.224387,v4l2_dqbuf,0,VIDEO_OUTPUT_MPLANE
13792.254871,v4l2_qbuf,0,VIDEO_OUTPUT_MPLANE
13792.254888,v4l2_qbuf,2,VIDEO_CAPTURE_MPLANE
13792.258080,v4l2_dqbuf,2,VIDEO_CAPTURE_MPLANE
13792.258101,v4l2_dqbuf,0,VIDEO_OUTPUT_MPLANE
13792.258209,v4l2_qbuf,0,VIDEO_OUTPUT_MPLANE
13792.258225,v4l2_qbuf,0,VIDEO_CAPTURE_MPLANE
13792.261375,v4l2_dqbuf,0,VIDEO_CAPTURE_MPLANE
13792.261527,v4l2_dqbuf,0,VIDEO_OUTPUT_MPLANE
13792.271840,v4l2_qbuf,0,VIDEO_OUTPUT_MPLANE
13792.271887,v4l2_qbuf,4,VIDEO_CAPTURE_MPLANE
13792.275208,v4l2_dqbuf,4,VIDEO_CAPTURE_MPLANE
13792.275230,v4l2_dqbuf,0,VIDEO_OUTPUT_MPLANE
13792.288559,v4l2_qbuf,0,VIDEO_OUTPUT_MPLANE
13792.288578,v4l2_qbuf,1,VIDEO_CAPTURE_MPLANE
13792.290797,v4l2_dqbuf,1,VIDEO_CAPTURE_MPLANE
13792.290809,v4l2_dqbuf,0,VIDEO_OUTPUT_MPLANE
13792.321589,v4l2_qbuf,0,VIDEO_OUTPUT_MPLANE
13792.321617,v4l2_qbuf,0,VIDEO_CAPTURE_MPLANE
13792.324952,v4l2_dqbuf,0,VIDEO_CAPTURE_MPLANE
13792.324992,v4l2_dqbuf,0,VIDEO_OUTPUT_MPLANE
13792.325230,v4l2_qbuf,0,VIDEO_OUTPUT_MPLANE
13792.325254,v4l2_qbuf,3,VIDEO_CAPTURE_MPLANE
13792.328304,v4l2_dqbuf,3,VIDEO_CAPTURE_MPLANE
13792.328449,v4l2_dqbuf,0,VIDEO_OUTPUT_MPLANE
13792.338279,v4l2_qbuf,0,VIDEO_OUTPUT_MPLANE
13792.338310,v4l2_qbuf,2,VIDEO_CAPTURE_MPLANE
13792.341525,v4l2_dqbuf,2,VIDEO_CAPTURE_MPLANE
13792.341539,v4l2_dqbuf,0,VIDEO_OUTPUT_MPLANE
13792.354943,v4l2_qbuf,0,VIDEO_OUTPUT_MPLANE
13792.354971,v4l2_qbuf,4,VIDEO_CAPTURE_MPLANE
13792.357228,v4l2_dqbuf,4,VIDEO_CAPTURE_MPLANE
13792.357250,v4l2_dqbuf,0,VIDEO_OUTPUT_MPLANE
13792.390363,v4l2_qbuf,0,VIDEO_OUTPUT_MPLANE
13792.390384,v4l2_qbuf,3,VIDEO_CAPTURE_MPLANE
13792.393671,v4l2_dqbuf,3,VIDEO_CAPTURE_MPLANE
13792.393693,v4l2_dqbuf,0,VIDEO_OUTPUT_MPLANE
13792.393789,v4l2_qbuf,0,VIDEO_OUTPUT_MPLANE
13792.393801,v4l2_qbuf,5,VIDEO_CAPTURE_MPLANE
13792.397165,v4l2_dqbuf,5,VIDEO_CAPTURE_MPLANE
13792.397257,v4l2_dqbuf,0,VIDEO_OUTPUT_MPLANE
13792.408818,v4l2_qbuf,0,VIDEO_OUTPUT_MPLANE
13792.408838,v4l2_qbuf,0,VIDEO_CAPTURE_MPLANE
13792.412247,v4l2_dqbuf,0,VIDEO_CAPTURE_MPLANE
13792.412270,v4l2_dqbuf,0,VIDEO_OUTPUT_MPLANE
13792.421596,v4l2_qbuf,0,VIDEO_OUTPUT_MPLANE
13792.421613,v4l2_qbuf,2,VIDEO_CAPTURE_MPLANE
13792.423975,v4l2_dqbuf,2,VIDEO_CAPTURE_MPLANE
13792.424024,v4l2_dqbuf,0,VIDEO_OUTPUT_MPLANE
13792.454851,v4l2_qbuf,0,VIDEO_OUTPUT_MPLANE
13792.454869,v4l2_qbuf,5,VIDEO_CAPTURE_MPLANE
13792.457950,v4l2_dqbuf,5,VIDEO_CAPTURE_MPLANE
13792.457974,v4l2_dqbuf,0,VIDEO_OUTPUT_MPLANE
13792.458171,v4l2_qbuf,0,VIDEO_OUTPUT_MPLANE
13792.458190,v4l2_qbuf,1,VIDEO_CAPTURE_MPLANE
13792.461418,v4l2_dqbuf,1,VIDEO_CAPTURE_MPLANE
13792.461486,v4l2_dqbuf,0,VIDEO_OUTPUT_MPLANE
13792.471552,v4l2_qbuf,0,VIDEO_OUTPUT_MPLANE
13792.471581,v4l2_qbuf,3,VIDEO_CAPTURE_MPLANE
13792.474868,v4l2_dqbuf,3,VIDEO_CAPTURE_MPLANE
13792.474878,v4l2_dqbuf,0,VIDEO_OUTPUT_MPLANE
13792.488800,v4l2_qbuf,0,VIDEO_OUTPUT_MPLANE
13792.488842,v4l2_qbuf,0,VIDEO_CAPTURE_MPLANE
13792.491199,v4l2_dqbuf,0,VIDEO_CAPTURE_MPLANE
13792.491227,v4l2_dqbuf,0,VIDEO_OUTPUT_MPLANE
13792.522295,v4l2_qbuf,0,VIDEO_OUTPUT_MPLANE
13792.522319,v4l2_qbuf,1,VIDEO_CAPTURE_MPLANE
13792.525853,v4l2_dqbuf,1,VIDEO_CAPTURE_MPLANE
13792.525879,v4l2_dqbuf,0,VIDEO_OUTPUT_MPLANE
13792.526016,v4l2_qbuf,0,VIDEO_OUTPUT_MPLANE
13792.526033,v4l2_qbuf,4,VIDEO_CAPTURE_MPLANE
13792.529171,v4l2_dqbuf,4,VIDEO_CAPTURE_MPLANE
13792.529243,v4l2_dqbuf,0,VIDEO_OUTPUT_MPLANE
13792.542695,v4l2_qbuf,0,VIDEO_OUTPUT_MPLANE
13792.542712,v4l2_qbuf,5,VIDEO_CAPTURE_MPLANE
13792.545953,v4l2_dqbuf,5,VIDEO_CAPTURE_MPLANE
13792.545967,v4l2_dqbuf,0,VIDEO_OUTPUT_MPLANE
13792.555148,v4l2_qbuf,0,VIDEO_OUTPUT_MPLANE
13792.555168,v4l2_qbuf,3,VIDEO_CAPTURE_MPLANE
13792.557391,v4l2_dqbuf,3,VIDEO_CAPTURE_MPLANE
13792.557406,v4l2_dqbuf,0,VIDEO_OUTPUT_MPLANE
13792.605112,v4l2_qbuf,0,VIDEO_OUTPUT_MPLANE
13792.605132,v4l2_qbuf,4,VIDEO_CAPTURE_MPLANE
13792.608275,v4l2_dqbuf,4,VIDEO_CAPTURE_MPLANE
13792.608297,v4l2_dqbuf,0,VIDEO_OUTPUT_MPLANE
13792.608406,v4l2_qbuf,0,VIDEO_OUTPUT_MPLANE
13792.608422,v4l2_qbuf,2,VIDEO_CAPTURE_MPLANE
13792.611661,v4l2_dqbuf,2,VIDEO_CAPTURE_MPLANE
13792.611742,v4l2_dqbuf,0,VIDEO_OUTPUT_MPLANE
13792.627755,v4l2_qbuf,0,VIDEO_OUTPUT_MPLANE
13792.627773,v4l2_qbuf,1,VIDEO_CAPTURE_MPLANE
13792.631090,v4l2_dqbuf,1,VIDEO_CAPTURE_MPLANE
13792.631103,v4l2_dqbuf,0,VIDEO_OUTPUT_MPLANE
13792.638194,v4l2_qbuf,0,VIDEO_OUTPUT_MPLANE
13792.638366,v4l2_qbuf,5,VIDEO_CAPTURE_MPLANE
13792.640556,v4l2_dqbuf,5,VIDEO_CAPTURE_MPLANE
13792.640572,v4l2_dqbuf,0,VIDEO_OUTPUT_MPLANE
13792.674838,v4l2_qbuf,0,VIDEO_OUTPUT_MPLANE
13792.674877,v4l2_qbuf,2,VIDEO_CAPTURE_MPLANE
13792.678206,v4l2_dqbuf,2,VIDEO_CAPTURE_MPLANE
13792.678246,v4l2_dqbuf,0,VIDEO_OUTPUT_MPLANE
13792.678459,v4l2_qbuf,0,VIDEO_OUTPUT_MPLANE
13792.678495,v4l2_qbuf,0,VIDEO_CAPTURE_MPLANE
13792.678745,v4l2_qbuf,1,VIDEO_OUTPUT_MPLANE
13792.678756,v4l2_qbuf,4,VIDEO_CAPTURE_MPLANE
13792.683275,v4l2_dqbuf,0,VIDEO_CAPTURE_MPLANE
13792.683458,v4l2_dqbuf,0,VIDEO_OUTPUT_MPLANE
13792.685167,v4l2_dqbuf,4,VIDEO_CAPTURE_MPLANE
13792.685182,v4l2_dqbuf,1,VIDEO_OUTPUT_MPLANE
13792.690571,v4l2_qbuf,0,VIDEO_OUTPUT_MPLANE
13792.690590,v4l2_qbuf,1,VIDEO_CAPTURE_MPLANE
13792.692826,v4l2_dqbuf,1,VIDEO_CAPTURE_MPLANE
13792.692842,v4l2_dqbuf,0,VIDEO_OUTPUT_MPLANE
13792.743669,v4l2_qbuf,0,VIDEO_OUTPUT_MPLANE
13792.743687,v4l2_qbuf,0,VIDEO_CAPTURE_MPLANE
13792.746998,v4l2_dqbuf,0,VIDEO_CAPTURE_MPLANE
13792.747029,v4l2_dqbuf,0,VIDEO_OUTPUT_MPLANE
13792.747147,v4l2_qbuf,0,VIDEO_OUTPUT_MPLANE
13792.747164,v4l2_qbuf,3,VIDEO_CAPTURE_MPLANE
13792.750532,v4l2_dqbuf,3,VIDEO_CAPTURE_MPLANE
13792.750692,v4l2_dqbuf,0,VIDEO_OUTPUT_MPLANE
13792.768849,v4l2_qbuf,0,VIDEO_OUTPUT_MPLANE
13792.768878,v4l2_qbuf,2,VIDEO_CAPTURE_MPLANE
13792.770963,v4l2_dqbuf,2,VIDEO_CAPTURE_MPLANE
13792.770984,v4l2_dqbuf,0,VIDEO_OUTPUT_MPLANE
13792.773909,v4l2_qbuf,0,VIDEO_OUTPUT_MPLANE
13792.773926,v4l2_qbuf,4,VIDEO_CAPTURE_MPLANE
13792.776170,v4l2_dqbuf,4,VIDEO_CAPTURE_MPLANE
13792.776183,v4l2_dqbuf,0,VIDEO_OUTPUT_MPLANE
13792.790939,v4l2_qbuf,0,VIDEO_OUTPUT_MPLANE
13792.790959,v4l2_qbuf,5,VIDEO_CAPTURE_MPLANE
13792.794263,v4l2_dqbuf,5,VIDEO_CAPTURE_MPLANE
13792.794276,v4l2_dqbuf,0,VIDEO_OUTPUT_MPLANE
13792.807336,v4l2_qbuf,0,VIDEO_OUTPUT_MPLANE
13792.807357,v4l2_qbuf,0,VIDEO_CAPTURE_MPLANE
13792.810660,v4l2_dqbuf,0,VIDEO_CAPTURE_MPLANE
13792.810740,v4l2_dqbuf,0,VIDEO_OUTPUT_MPLANE
13792.822309,v4l2_qbuf,0,VIDEO_OUTPUT_MPLANE
13792.822331,v4l2_qbuf,3,VIDEO_CAPTURE_MPLANE
13792.825594,v4l2_dqbuf,3,VIDEO_CAPTURE_MPLANE
13792.825606,v4l2_dqbuf,0,VIDEO_OUTPUT_MPLANE
13792.839406,v4l2_qbuf,0,VIDEO_OUTPUT_MPLANE
13792.839424,v4l2_qbuf,1,VIDEO_CAPTURE_MPLANE
13792.841744,v4l2_dqbuf,1,VIDEO_CAPTURE_MPLANE
13792.841759,v4l2_dqbuf,0,VIDEO_OUTPUT_MPLANE
13792.872628,v4l2_qbuf,0,VIDEO_OUTPUT_MPLANE
13792.872649,v4l2_qbuf,0,VIDEO_CAPTURE_MPLANE
13792.876176,v4l2_dqbuf,0,VIDEO_CAPTURE_MPLANE
13792.876200,v4l2_dqbuf,0,VIDEO_OUTPUT_MPLANE
13792.876321,v4l2_qbuf,0,VIDEO_OUTPUT_MPLANE
13792.876339,v4l2_qbuf,2,VIDEO_CAPTURE_MPLANE
13792.881234,v4l2_dqbuf,2,VIDEO_CAPTURE_MPLANE
13792.881334,v4l2_dqbuf,0,VIDEO_OUTPUT_MPLANE
13792.896563,v4l2_qbuf,0,VIDEO_OUTPUT_MPLANE
13792.896598,v4l2_qbuf,5,VIDEO_CAPTURE_MPLANE
13792.899900,v4l2_dqbuf,5,VIDEO_CAPTURE_MPLANE
13792.899910,v4l2_dqbuf,0,VIDEO_OUTPUT_MPLANE
13792.906217,v4l2_qbuf,0,VIDEO_OUTPUT_MPLANE
13792.906238,v4l2_qbuf,3,VIDEO_CAPTURE_MPLANE
13792.908463,v4l2_dqbuf,3,VIDEO_CAPTURE_MPLANE
13792.908476,v4l2_dqbuf,0,VIDEO_OUTPUT_MPLANE
13792.939041,v4l2_qbuf,0,VIDEO_OUTPUT_MPLANE
13792.939059,v4l2_qbuf,2,VIDEO_CAPTURE_MPLANE
13792.942314,v4l2_dqbuf,2,VIDEO_CAPTURE_MPLANE
13792.942334,v4l2_dqbuf,0,VIDEO_OUTPUT_MPLANE
13792.942440,v4l2_qbuf,0,VIDEO_OUTPUT_MPLANE
13792.942455,v4l2_qbuf,4,VIDEO_CAPTURE_MPLANE
13792.945658,v4l2_dqbuf,4,VIDEO_CAPTURE_MPLANE
13792.945792,v4l2_dqbuf,0,VIDEO_OUTPUT_MPLANE
13792.955626,v4l2_qbuf,0,VIDEO_OUTPUT_MPLANE
13792.955648,v4l2_qbuf,0,VIDEO_CAPTURE_MPLANE
13792.958640,v4l2_dqbuf,0,VIDEO_CAPTURE_MPLANE
13792.958668,v4l2_dqbuf,0,VIDEO_OUTPUT_MPLANE
13792.972455,v4l2_qbuf,0,VIDEO_OUTPUT_MPLANE
13792.972498,v4l2_qbuf,5,VIDEO_CAPTURE_MPLANE
13792.974693,v4l2_dqbuf,5,VIDEO_CAPTURE_MPLANE
13792.974704,v4l2_dqbuf,0,VIDEO_OUTPUT_MPLANE
13793.006368,v4l2_qbuf,0,VIDEO_OUTPUT_MPLANE
13793.006397,v4l2_qbuf,4,VIDEO_CAPTURE_MPLANE
13793.009481,v4l2_dqbuf,4,VIDEO_CAPTURE_MPLANE
13793.009515,v4l2_dqbuf,0,VIDEO_OUTPUT_MPLANE
13793.009616,v4l2_qbuf,0,VIDEO_OUTPUT_MPLANE
13793.009631,v4l2_qbuf,1,VIDEO_CAPTURE_MPLANE
13793.012749,v4l2_dqbuf,1,VIDEO_CAPTURE_MPLANE
13793.012818,v4l2_dqbuf,0,VIDEO_OUTPUT_MPLANE
13793.022860,v4l2_qbuf,0,VIDEO_OUTPUT_MPLANE
13793.022931,v4l2_qbuf,2,VIDEO_CAPTURE_MPLANE
13793.026473,v4l2_dqbuf,2,VIDEO_CAPTURE_MPLANE
13793.026489,v4l2_dqbuf,0,VIDEO_OUTPUT_MPLANE
13793.039055,v4l2_qbuf,0,VIDEO_OUTPUT_MPLANE
13793.039122,v4l2_qbuf,0,VIDEO_CAPTURE_MPLANE
13793.041456,v4l2_dqbuf,0,VIDEO_CAPTURE_MPLANE
13793.041470,v4l2_dqbuf,0,VIDEO_OUTPUT_MPLANE
13793.072806,v4l2_qbuf,0,VIDEO_OUTPUT_MPLANE
13793.072826,v4l2_qbuf,1,VIDEO_CAPTURE_MPLANE
13793.076112,v4l2_dqbuf,1,VIDEO_CAPTURE_MPLANE
13793.076157,v4l2_dqbuf,0,VIDEO_OUTPUT_MPLANE
13793.076359,v4l2_qbuf,0,VIDEO_OUTPUT_MPLANE
13793.076390,v4l2_qbuf,3,VIDEO_CAPTURE_MPLANE
13793.079561,v4l2_dqbuf,3,VIDEO_CAPTURE_MPLANE
13793.079673,v4l2_dqbuf,0,VIDEO_OUTPUT_MPLANE
13793.095872,v4l2_qbuf,0,VIDEO_OUTPUT_MPLANE
13793.095899,v4l2_qbuf,4,VIDEO_CAPTURE_MPLANE
13793.099116,v4l2_dqbuf,4,VIDEO_CAPTURE_MPLANE
13793.099135,v4l2_dqbuf,0,VIDEO_OUTPUT_MPLANE
13793.105914,v4l2_qbuf,0,VIDEO_OUTPUT_MPLANE
13793.105934,v4l2_qbuf,2,VIDEO_CAPTURE_MPLANE
13793.108228,v4l2_dqbuf,2,VIDEO_CAPTURE_MPLANE
13793.108241,v4l2_dqbuf,0,VIDEO_OUTPUT_MPLANE
13793.141061,v4l2_qbuf,0,VIDEO_OUTPUT_MPLANE
13793.141104,v4l2_qbuf,3,VIDEO_CAPTURE_MPLANE
13793.144405,v4l2_dqbuf,3,VIDEO_CAPTURE_MPLANE
13793.144447,v4l2_dqbuf,0,VIDEO_OUTPUT_MPLANE
13793.144650,v4l2_qbuf,0,VIDEO_OUTPUT_MPLANE
13793.144678,v4l2_qbuf,5,VIDEO_CAPTURE_MPLANE
13793.147935,v4l2_dqbuf,5,VIDEO_CAPTURE_MPLANE
13793.148069,v4l2_dqbuf,0,VIDEO_OUTPUT_MPLANE
13793.160688,v4l2_qbuf,0,VIDEO_OUTPUT_MPLANE
13793.160727,v4l2_qbuf,1,VIDEO_CAPTURE_MPLANE
13793.164191,v4l2_dqbuf,1,VIDEO_CAPTURE_MPLANE
13793.164227,v4l2_dqbuf,0,VIDEO_OUTPUT_MPLANE
13793.174251,v4l2_qbuf,0,VIDEO_OUTPUT_MPLANE
13793.174286,v4l2_qbuf,4,VIDEO_CAPTURE_MPLANE
13793.176661,v4l2_dqbuf,4,VIDEO_CAPTURE_MPLANE
13793.176687,v4l2_dqbuf,0,VIDEO_OUTPUT_MPLANE
13793.207579,v4l2_qbuf,0,VIDEO_OUTPUT_MPLANE
13793.207614,v4l2_qbuf,5,VIDEO_CAPTURE_MPLANE
13793.210808,v4l2_dqbuf,5,VIDEO_CAPTURE_MPLANE
13793.210841,v4l2_dqbuf,0,VIDEO_OUTPUT_MPLANE
13793.210978,v4l2_qbuf,0,VIDEO_OUTPUT_MPLANE
13793.210998,v4l2_qbuf,0,VIDEO_CAPTURE_MPLANE
13793.214212,v4l2_dqbuf,0,VIDEO_CAPTURE_MPLANE
13793.214310,v4l2_dqbuf,0,VIDEO_OUTPUT_MPLANE
13793.228818,v4l2_qbuf,0,VIDEO_OUTPUT_MPLANE
13793.228852,v4l2_qbuf,3,VIDEO_CAPTURE_MPLANE
13793.232132,v4l2_dqbuf,3,VIDEO_CAPTURE_MPLANE
13793.232142,v4l2_dqbuf,0,VIDEO_OUTPUT_MPLANE
13793.240522,v4l2_qbuf,0,VIDEO_OUTPUT_MPLANE
13793.240543,v4l2_qbuf,1,VIDEO_CAPTURE_MPLANE
13793.242794,v4l2_dqbuf,1,VIDEO_CAPTURE_MPLANE
13793.242821,v4l2_dqbuf,0,VIDEO_OUTPUT_MPLANE
13793.274470,v4l2_qbuf,0,VIDEO_OUTPUT_MPLANE
13793.274492,v4l2_qbuf,0,VIDEO_CAPTURE_MPLANE
13793.277695,v4l2_dqbuf,0,VIDEO_CAPTURE_MPLANE
13793.277730,v4l2_dqbuf,0,VIDEO_OUTPUT_MPLANE
13793.277895,v4l2_qbuf,0,VIDEO_OUTPUT_MPLANE
13793.277918,v4l2_qbuf,2,VIDEO_CAPTURE_MPLANE
13793.281233,v4l2_dqbuf,2,VIDEO_CAPTURE_MPLANE
13793.281368,v4l2_dqbuf,0,VIDEO_OUTPUT_MPLANE
13793.290715,v4l2_qbuf,0,VIDEO_OUTPUT_MPLANE
13793.290736,v4l2_qbuf,5,VIDEO_CAPTURE_MPLANE
13793.293879,v4l2_dqbuf,5,VIDEO_CAPTURE_MPLANE
13793.293897,v4l2_dqbuf,0,VIDEO_OUTPUT_MPLANE
13793.323914,v4l2_qbuf,0,VIDEO_OUTPUT_MPLANE
13793.323939,v4l2_qbuf,3,VIDEO_CAPTURE_MPLANE
13793.326290,v4l2_dqbuf,3,VIDEO_CAPTURE_MPLANE
13793.326305,v4l2_dqbuf,0,VIDEO_OUTPUT_MPLANE
13793.340846,v4l2_qbuf,0,VIDEO_OUTPUT_MPLANE
13793.340866,v4l2_qbuf,2,VIDEO_CAPTURE_MPLANE
13793.344025,v4l2_dqbuf,2,VIDEO_CAPTURE_MPLANE
13793.344047,v4l2_dqbuf,0,VIDEO_OUTPUT_MPLANE
13793.344165,v4l2_qbuf,0,VIDEO_OUTPUT_MPLANE
13793.344183,v4l2_qbuf,4,VIDEO_CAPTURE_MPLANE
13793.347187,v4l2_dqbuf,4,VIDEO_CAPTURE_MPLANE
13793.347270,v4l2_dqbuf,0,VIDEO_OUTPUT_MPLANE
13793.357500,v4l2_qbuf,0,VIDEO_OUTPUT_MPLANE
13793.357519,v4l2_qbuf,0,VIDEO_CAPTURE_MPLANE
13793.360864,v4l2_dqbuf,0,VIDEO_CAPTURE_MPLANE
13793.360877,v4l2_dqbuf,0,VIDEO_OUTPUT_MPLANE
13793.374191,v4l2_qbuf,0,VIDEO_OUTPUT_MPLANE
13793.374211,v4l2_qbuf,5,VIDEO_CAPTURE_MPLANE
13793.376407,v4l2_dqbuf,5,VIDEO_CAPTURE_MPLANE
13793.376418,v4l2_dqbuf,0,VIDEO_OUTPUT_MPLANE
13793.407080,v4l2_qbuf,0,VIDEO_OUTPUT_MPLANE
13793.407095,v4l2_qbuf,4,VIDEO_CAPTURE_MPLANE
13793.410189,v4l2_dqbuf,4,VIDEO_CAPTURE_MPLANE
13793.410206,v4l2_dqbuf,0,VIDEO_OUTPUT_MPLANE
13793.410297,v4l2_qbuf,0,VIDEO_OUTPUT_MPLANE
13793.410310,v4l2_qbuf,1,VIDEO_CAPTURE_MPLANE
13793.413413,v4l2_dqbuf,1,VIDEO_CAPTURE_MPLANE
13793.413499,v4l2_dqbuf,0,VIDEO_OUTPUT_MPLANE
13793.423859,v4l2_qbuf,0,VIDEO_OUTPUT_MPLANE
13793.423880,v4l2_qbuf,2,VIDEO_CAPTURE_MPLANE
13793.427127,v4l2_dqbuf,2,VIDEO_CAPTURE_MPLANE
13793.427146,v4l2_dqbuf,0,VIDEO_OUTPUT_MPLANE
13793.440627,v4l2_qbuf,0,VIDEO_OUTPUT_MPLANE
13793.440643,v4l2_qbuf,0,VIDEO_CAPTURE_MPLANE
13793.442831,v4l2_dqbuf,0,VIDEO_CAPTURE_MPLANE
13793.442844,v4l2_dqbuf,0,VIDEO_OUTPUT_MPLANE
13793.474210,v4l2_qbuf,0,VIDEO_OUTPUT_MPLANE
13793.474240,v4l2_qbuf,1,VIDEO_CAPTURE_MPLANE
13793.477513,v4l2_dqbuf,1,VIDEO_CAPTURE_MPLANE
13793.477547,v4l2_dqbuf,0,VIDEO_OUTPUT_MPLANE
13793.477844,v4l2_qbuf,0,VIDEO_OUTPUT_MPLANE
13793.477867,v4l2_qbuf,3,VIDEO_CAPTURE_MPLANE
13793.481028,v4l2_dqbuf,3,VIDEO_CAPTURE_MPLANE
13793.481156,v4l2_dqbuf,0,VIDEO_OUTPUT_MPLANE
13793.490608,v4l2_qbuf,0,VIDEO_OUTPUT_MPLANE
13793.490639,v4l2_qbuf,4,VIDEO_CAPTURE_MPLANE
13793.493751,v4l2_dqbuf,4,VIDEO_CAPTURE_MPLANE
13793.493772,v4l2_dqbuf,0,VIDEO_OUTPUT_MPLANE
13793.507473,v4l2_qbuf,0,VIDEO_OUTPUT_MPLANE
13793.507502,v4l2_qbuf,2,VIDEO_CAPTURE_MPLANE
13793.509815,v4l2_dqbuf,2,VIDEO_CAPTURE_MPLANE
13793.509829,v4l2_dqbuf,0,VIDEO_OUTPUT_MPLANE
13793.540693,v4l2_qbuf,0,VIDEO_OUTPUT_MPLANE
13793.540724,v4l2_qbuf,3,VIDEO_CAPTURE_MPLANE
13793.544021,v4l2_dqbuf,3,VIDEO_CAPTURE_MPLANE
13793.544063,v4l2_dqbuf,0,VIDEO_OUTPUT_MPLANE
13793.544255,v4l2_qbuf,0,VIDEO_OUTPUT_MPLANE
13793.544284,v4l2_qbuf,5,VIDEO_CAPTURE_MPLANE
13793.547425,v4l2_dqbuf,5,VIDEO_CAPTURE_MPLANE
13793.547537,v4l2_dqbuf,0,VIDEO_OUTPUT_MPLANE
13793.561852,v4l2_qbuf,0,VIDEO_OUTPUT_MPLANE
13793.561882,v4l2_qbuf,1,VIDEO_CAPTURE_MPLANE
13793.565141,v4l2_dqbuf,1,VIDEO_CAPTURE_MPLANE
13793.565163,v4l2_dqbuf,0,VIDEO_OUTPUT_MPLANE
13793.573814,v4l2_qbuf,0,VIDEO_OUTPUT_MPLANE
13793.573883,v4l2_qbuf,4,VIDEO_CAPTURE_MPLANE
13793.576020,v4l2_dqbuf,4,VIDEO_CAPTURE_MPLANE
13793.576041,v4l2_dqbuf,0,VIDEO_OUTPUT_MPLANE
13793.607580,v4l2_qbuf,0,VIDEO_OUTPUT_MPLANE
13793.607642,v4l2_qbuf,5,VIDEO_CAPTURE_MPLANE
13793.611368,v4l2_dqbuf,5,VIDEO_CAPTURE_MPLANE
13793.611416,v4l2_dqbuf,0,VIDEO_OUTPUT_MPLANE
13793.611646,v4l2_qbuf,0,VIDEO_OUTPUT_MPLANE
13793.611665,v4l2_qbuf,0,VIDEO_CAPTURE_MPLANE
13793.615105,v4l2_dqbuf,0,VIDEO_CAPTURE_MPLANE
13793.615205,v4l2_dqbuf,0,VIDEO_OUTPUT_MPLANE
13793.624221,v4l2_qbuf,0,VIDEO_OUTPUT_MPLANE
13793.624258,v4l2_qbuf,3,VIDEO_CAPTURE_MPLANE
13793.627512,v4l2_dqbuf,3,VIDEO_CAPTURE_MPLANE
13793.627524,v4l2_dqbuf,0,VIDEO_OUTPUT_MPLANE
13793.641016,v4l2_qbuf,0,VIDEO_OUTPUT_MPLANE
13793.641053,v4l2_qbuf,1,VIDEO_CAPTURE_MPLANE
13793.643242,v4l2_dqbuf,1,VIDEO_CAPTURE_MPLANE
13793.643252,v4l2_dqbuf,0,VIDEO_OUTPUT_MPLANE
13793.674480,v4l2_qbuf,0,VIDEO_OUTPUT_MPLANE
13793.674522,v4l2_qbuf,0,VIDEO_CAPTURE_MPLANE
13793.677786,v4l2_dqbuf,0,VIDEO_CAPTURE_MPLANE
13793.677827,v4l2_dqbuf,0,VIDEO_OUTPUT_MPLANE
13793.678059,v4l2_qbuf,0,VIDEO_OUTPUT_MPLANE
13793.678087,v4l2_qbuf,2,VIDEO_CAPTURE_MPLANE
13793.681796,v4l2_dqbuf,2,VIDEO_CAPTURE_MPLANE
13793.681994,v4l2_dqbuf,0,VIDEO_OUTPUT_MPLANE
13793.696079,v4l2_qbuf,0,VIDEO_OUTPUT_MPLANE
13793.696111,v4l2_qbuf,5,VIDEO_CAPTURE_MPLANE
13793.699450,v4l2_dqbuf,5,VIDEO_CAPTURE_MPLANE
13793.699463,v4l2_dqbuf,0,VIDEO_OUTPUT_MPLANE
13793.707267,v4l2_qbuf,0,VIDEO_OUTPUT_MPLANE
13793.707284,v4l2_qbuf,3,VIDEO_CAPTURE_MPLANE
13793.709357,v4l2_dqbuf,3,VIDEO_CAPTURE_MPLANE
13793.709371,v4l2_dqbuf,0,VIDEO_OUTPUT_MPLANE
13793.740637,v4l2_qbuf,0,VIDEO_OUTPUT_MPLANE
13793.740678,v4l2_qbuf,2,VIDEO_CAPTURE_MPLANE
13793.744087,v4l2_dqbuf,2,VIDEO_CAPTURE_MPLANE
13793.744115,v4l2_dqbuf,0,VIDEO_OUTPUT_MPLANE
13793.744241,v4l2_qbuf,0,VIDEO_OUTPUT_MPLANE
13793.744260,v4l2_qbuf,4,VIDEO_CAPTURE_MPLANE
13793.747635,v4l2_dqbuf,4,VIDEO_CAPTURE_MPLANE
13793.747754,v4l2_dqbuf,0,VIDEO_OUTPUT_MPLANE
13793.757614,v4l2_qbuf,0,VIDEO_OUTPUT_MPLANE
13793.757644,v4l2_qbuf,0,VIDEO_CAPTURE_MPLANE
13793.759534,v4l2_dqbuf,0,VIDEO_CAPTURE_MPLANE
13793.759550,v4l2_dqbuf,0,VIDEO_OUTPUT_MPLANE
13793.774265,v4l2_qbuf,0,VIDEO_OUTPUT_MPLANE
13793.774285,v4l2_qbuf,5,VIDEO_CAPTURE_MPLANE
13793.776431,v4l2_dqbuf,5,VIDEO_CAPTURE_MPLANE
13793.776441,v4l2_dqbuf,0,VIDEO_OUTPUT_MPLANE
13793.790850,v4l2_qbuf,0,VIDEO_OUTPUT_MPLANE
13793.790867,v4l2_qbuf,1,VIDEO_CAPTURE_MPLANE
13793.793972,v4l2_dqbuf,1,VIDEO_CAPTURE_MPLANE
13793.793984,v4l2_dqbuf,0,VIDEO_OUTPUT_MPLANE
13793.807392,v4l2_qbuf,0,VIDEO_OUTPUT_MPLANE
13793.807408,v4l2_qbuf,2,VIDEO_CAPTURE_MPLANE
13793.810552,v4l2_dqbuf,2,VIDEO_CAPTURE_MPLANE
13793.810625,v4l2_dqbuf,0,VIDEO_OUTPUT_MPLANE
13793.825354,v4l2_qbuf,0,VIDEO_OUTPUT_MPLANE
13793.825374,v4l2_qbuf,4,VIDEO_CAPTURE_MPLANE
13793.828656,v4l2_dqbuf,4,VIDEO_CAPTURE_MPLANE
13793.828670,v4l2_dqbuf,0,VIDEO_OUTPUT_MPLANE
13793.840678,v4l2_qbuf,0,VIDEO_OUTPUT_MPLANE
13793.840700,v4l2_qbuf,3,VIDEO_CAPTURE_MPLANE
13793.842955,v4l2_dqbuf,3,VIDEO_CAPTURE_MPLANE
13793.842968,v4l2_dqbuf,0,VIDEO_OUTPUT_MPLANE
13793.874316,v4l2_qbuf,0,VIDEO_OUTPUT_MPLANE
13793.874356,v4l2_qbuf,2,VIDEO_CAPTURE_MPLANE
13793.877745,v4l2_dqbuf,2,VIDEO_CAPTURE_MPLANE
13793.877766,v4l2_dqbuf,0,VIDEO_OUTPUT_MPLANE
13793.877870,v4l2_qbuf,0,VIDEO_OUTPUT_MPLANE
13793.877886,v4l2_qbuf,0,VIDEO_CAPTURE_MPLANE
13793.882158,v4l2_dqbuf,0,VIDEO_CAPTURE_MPLANE
13793.882273,v4l2_dqbuf,0,VIDEO_OUTPUT_MPLANE
13793.900472,v4l2_qbuf,0,VIDEO_OUTPUT_MPLANE
13793.900495,v4l2_qbuf,1,VIDEO_CAPTURE_MPLANE
13793.903836,v4l2_dqbuf,1,VIDEO_CAPTURE_MPLANE
13793.903848,v4l2_dqbuf,0,VIDEO_OUTPUT_MPLANE
13793.907352,v4l2_qbuf,0,VIDEO_OUTPUT_MPLANE
13793.907371,v4l2_qbuf,4,VIDEO_CAPTURE_MPLANE
13793.909427,v4l2_dqbuf,4,VIDEO_CAPTURE_MPLANE
13793.909440,v4l2_dqbuf,0,VIDEO_OUTPUT_MPLANE
13793.940598,v4l2_qbuf,0,VIDEO_OUTPUT_MPLANE
13793.940623,v4l2_qbuf,0,VIDEO_CAPTURE_MPLANE
13793.943534,v4l2_dqbuf,0,VIDEO_CAPTURE_MPLANE
13793.943583,v4l2_dqbuf,0,VIDEO_OUTPUT_MPLANE
13793.943831,v4l2_qbuf,0,VIDEO_OUTPUT_MPLANE
13793.943866,v4l2_qbuf,5,VIDEO_CAPTURE_MPLANE
13793.947149,v4l2_dqbuf,5,VIDEO_CAPTURE_MPLANE
13793.947255,v4l2_dqbuf,0,VIDEO_OUTPUT_MPLANE
13793.957450,v4l2_qbuf,0,VIDEO_OUTPUT_MPLANE
13793.957469,v4l2_qbuf,2,VIDEO_CAPTURE_MPLANE
13793.960656,v4l2_dqbuf,2,VIDEO_CAPTURE_MPLANE
13793.960670,v4l2_dqbuf,0,VIDEO_OUTPUT_MPLANE
13793.974737,v4l2_qbuf,0,VIDEO_OUTPUT_MPLANE
13793.974776,v4l2_qbuf,1,VIDEO_CAPTURE_MPLANE
13793.977048,v4l2_dqbuf,1,VIDEO_CAPTURE_MPLANE
13793.977070,v4l2_dqbuf,0,VIDEO_OUTPUT_MPLANE
13794.007742,v4l2_qbuf,0,VIDEO_OUTPUT_MPLANE
13794.007765,v4l2_qbuf,5,VIDEO_CAPTURE_MPLANE
13794.010963,v4l2_dqbuf,5,VIDEO_CAPTURE_MPLANE
13794.010986,v4l2_dqbuf,0,VIDEO_OUTPUT_MPLANE
13794.011116,v4l2_qbuf,0,VIDEO_OUTPUT_MPLANE
13794.011132,v4l2_qbuf,3,VIDEO_CAPTURE_MPLANE
13794.014506,v4l2_dqbuf,3,VIDEO_CAPTURE_MPLANE
13794.014605,v4l2_dqbuf,0,VIDEO_OUTPUT_MPLANE
13794.023926,v4l2_qbuf,0,VIDEO_OUTPUT_MPLANE
13794.023941,v4l2_qbuf,0,VIDEO_CAPTURE_MPLANE
13794.027059,v4l2_dqbuf,0,VIDEO_CAPTURE_MPLANE
13794.027077,v4l2_dqbuf,0,VIDEO_OUTPUT_MPLANE
13794.040829,v4l2_qbuf,0,VIDEO_OUTPUT_MPLANE
13794.040851,v4l2_qbuf,2,VIDEO_CAPTURE_MPLANE
13794.042966,v4l2_dqbuf,2,VIDEO_CAPTURE_MPLANE
13794.042983,v4l2_dqbuf,0,VIDEO_OUTPUT_MPLANE
13794.057557,v4l2_qbuf,0,VIDEO_OUTPUT_MPLANE
13794.057579,v4l2_qbuf,4,VIDEO_CAPTURE_MPLANE
13794.061037,v4l2_dqbuf,4,VIDEO_CAPTURE_MPLANE
13794.061051,v4l2_dqbuf,0,VIDEO_OUTPUT_MPLANE
13794.074204,v4l2_qbuf,0,VIDEO_OUTPUT_MPLANE
13794.074244,v4l2_qbuf,3,VIDEO_CAPTURE_MPLANE
13794.076554,v4l2_dqbuf,3,VIDEO_CAPTURE_MPLANE
13794.076570,v4l2_dqbuf,0,VIDEO_OUTPUT_MPLANE
13794.107484,v4l2_qbuf,0,VIDEO_OUTPUT_MPLANE
13794.107509,v4l2_qbuf,0,VIDEO_CAPTURE_MPLANE
13794.110872,v4l2_dqbuf,0,VIDEO_CAPTURE_MPLANE
13794.110910,v4l2_dqbuf,0,VIDEO_OUTPUT_MPLANE
13794.111119,v4l2_qbuf,0,VIDEO_OUTPUT_MPLANE
13794.111149,v4l2_qbuf,5,VIDEO_CAPTURE_MPLANE
13794.115178,v4l2_dqbuf,5,VIDEO_CAPTURE_MPLANE
13794.115308,v4l2_dqbuf,0,VIDEO_OUTPUT_MPLANE
13794.130212,v4l2_qbuf,0,VIDEO_OUTPUT_MPLANE
13794.130232,v4l2_qbuf,1,VIDEO_CAPTURE_MPLANE
13794.133399,v4l2_dqbuf,1,VIDEO_CAPTURE_MPLANE
13794.133414,v4l2_dqbuf,0,VIDEO_OUTPUT_MPLANE
13794.140499,v4l2_qbuf,0,VIDEO_OUTPUT_MPLANE
13794.140519,v4l2_qbuf,4,VIDEO_CAPTURE_MPLANE
13794.142687,v4l2_dqbuf,4,VIDEO_CAPTURE_MPLANE
13794.142707,v4l2_dqbuf,0,VIDEO_OUTPUT_MPLANE
13794.173959,v4l2_qbuf,0,VIDEO_OUTPUT_MPLANE
13794.173983,v4l2_qbuf,5,VIDEO_CAPTURE_MPLANE
13794.177154,v4l2_dqbuf,5,VIDEO_CAPTURE_MPLANE
13794.177192,v4l2_dqbuf,0,VIDEO_OUTPUT_MPLANE
13794.177378,v4l2_qbuf,0,VIDEO_OUTPUT_MPLANE
13794.177403,v4l2_qbuf,2,VIDEO_CAPTURE_MPLANE
13794.180620,v4l2_dqbuf,2,VIDEO_CAPTURE_MPLANE
13794.180741,v4l2_dqbuf,0,VIDEO_OUTPUT_MPLANE
13794.190612,v4l2_qbuf,0,VIDEO_OUTPUT_MPLANE
13794.190635,v4l2_qbuf,0,VIDEO_CAPTURE_MPLANE
13794.193856,v4l2_dqbuf,0,VIDEO_CAPTURE_MPLANE
13794.193869,v4l2_dqbuf,0,VIDEO_OUTPUT_MPLANE
13794.207944,v4l2_qbuf,0,VIDEO_OUTPUT_MPLANE
13794.207986,v4l2_qbuf,1,VIDEO_CAPTURE_MPLANE
13794.210440,v4l2_dqbuf,1,VIDEO_CAPTURE_MPLANE
13794.210460,v4l2_dqbuf,0,VIDEO_OUTPUT_MPLANE
13794.240783,v4l2_qbuf,0,VIDEO_OUTPUT_MPLANE
13794.240803,v4l2_qbuf,2,VIDEO_CAPTURE_MPLANE
13794.243959,v4l2_dqbuf,2,VIDEO_CAPTURE_MPLANE
13794.243981,v4l2_dqbuf,0,VIDEO_OUTPUT_MPLANE
13794.244106,v4l2_qbuf,0,VIDEO_OUTPUT_MPLANE
13794.244123,v4l2_qbuf,3,VIDEO_CAPTURE_MPLANE
13794.247138,v4l2_dqbuf,3,VIDEO_CAPTURE_MPLANE
13794.247215,v4l2_dqbuf,0,VIDEO_OUTPUT_MPLANE
13794.261791,v4l2_qbuf,0,VIDEO_OUTPUT_MPLANE
13794.261810,v4l2_qbuf,5,VIDEO_CAPTURE_MPLANE
13794.265038,v4l2_dqbuf,5,VIDEO_CAPTURE_MPLANE
13794.265051,v4l2_dqbuf,0,VIDEO_OUTPUT_MPLANE
13794.274136,v4l2_qbuf,0,VIDEO_OUTPUT_MPLANE
13794.274156,v4l2_qbuf,0,VIDEO_CAPTURE_MPLANE
13794.276467,v4l2_dqbuf,0,VIDEO_CAPTURE_MPLANE
13794.276484,v4l2_dqbuf,0,VIDEO_OUTPUT_MPLANE
13794.307589,v4l2_qbuf,0,VIDEO_OUTPUT_MPLANE
13794.307612,v4l2_qbuf,3,VIDEO_CAPTURE_MPLANE
13794.310688,v4l2_dqbuf,3,VIDEO_CAPTURE_MPLANE
13794.310737,v4l2_dqbuf,0,VIDEO_OUTPUT_MPLANE
13794.310988,v4l2_qbuf,0,VIDEO_OUTPUT_MPLANE
13794.311044,v4l2_qbuf,4,VIDEO_CAPTURE_MPLANE
13794.314414,v4l2_dqbuf,4,VIDEO_CAPTURE_MPLANE
13794.314497,v4l2_dqbuf,0,VIDEO_OUTPUT_MPLANE
13794.324379,v4l2_qbuf,0,VIDEO_OUTPUT_MPLANE
13794.324459,v4l2_qbuf,2,VIDEO_CAPTURE_MPLANE
13794.327683,v4l2_dqbuf,2,VIDEO_CAPTURE_MPLANE
13794.327712,v4l2_dqbuf,0,VIDEO_OUTPUT_MPLANE
13794.341335,v4l2_qbuf,0,VIDEO_OUTPUT_MPLANE
13794.341374,v4l2_qbuf,5,VIDEO_CAPTURE_MPLANE
13794.343654,v4l2_dqbuf,5,VIDEO_CAPTURE_MPLANE
13794.343669,v4l2_dqbuf,0,VIDEO_OUTPUT_MPLANE
13794.374118,v4l2_qbuf,0,VIDEO_OUTPUT_MPLANE
13794.374143,v4l2_qbuf,4,VIDEO_CAPTURE_MPLANE
13794.377281,v4l2_dqbuf,4,VIDEO_CAPTURE_MPLANE
13794.377302,v4l2_dqbuf,0,VIDEO_OUTPUT_MPLANE
13794.377524,v4l2_qbuf,0,VIDEO_OUTPUT_MPLANE
13794.377544,v4l2_qbuf,1,VIDEO_CAPTURE_MPLANE
13794.380551,v4l2_dqbuf,1,VIDEO_CAPTURE_MPLANE
13794.380565,v4l2_dqbuf,0,VIDEO_OUTPUT_MPLANE
13794.395041,v4l2_qbuf,0,VIDEO_OUTPUT_MPLANE
13794.395056,v4l2_qbuf,3,VIDEO_CAPTURE_MPLANE
13794.397244,v4l2_dqbuf,3,VIDEO_CAPTURE_MPLANE
13794.397256,v4l2_dqbuf,0,VIDEO_OUTPUT_MPLANE
13794.407298,v4l2_qbuf,0,VIDEO_OUTPUT_MPLANE
13794.407314,v4l2_qbuf,2,VIDEO_CAPTURE_MPLANE
13794.410478,v4l2_dqbuf,2,VIDEO_CAPTURE_MPLANE
13794.410486,v4l2_dqbuf,0,VIDEO_OUTPUT_MPLANE
13794.440634,v4l2_qbuf,0,VIDEO_OUTPUT_MPLANE
13794.440679,v4l2_qbuf,0,VIDEO_CAPTURE_MPLANE
13794.444098,v4l2_dqbuf,0,VIDEO_CAPTURE_MPLANE
13794.444250,v4l2_dqbuf,0,VIDEO_OUTPUT_MPLANE
13794.457210,v4l2_qbuf,0,VIDEO_OUTPUT_MPLANE
13794.457229,v4l2_qbuf,4,VIDEO_CAPTURE_MPLANE
13794.460523,v4l2_dqbuf,4,VIDEO_CAPTURE_MPLANE
13794.460533,v4l2_dqbuf,0,VIDEO_OUTPUT_MPLANE
13794.474392,v4l2_qbuf,0,VIDEO_OUTPUT_MPLANE
13794.474424,v4l2_qbuf,1,VIDEO_CAPTURE_MPLANE
13794.476743,v4l2_dqbuf,1,VIDEO_CAPTURE_MPLANE
13794.476772,v4l2_dqbuf,0,VIDEO_OUTPUT_MPLANE
13794.507696,v4l2_qbuf,0,VIDEO_OUTPUT_MPLANE
13794.507728,v4l2_qbuf,0,VIDEO_CAPTURE_MPLANE
13794.510910,v4l2_dqbuf,0,VIDEO_CAPTURE_MPLANE
13794.510930,v4l2_dqbuf,0,VIDEO_OUTPUT_MPLANE
13794.511044,v4l2_qbuf,0,VIDEO_OUTPUT_MPLANE
13794.511058,v4l2_qbuf,5,VIDEO_CAPTURE_MPLANE
13794.514317,v4l2_dqbuf,5,VIDEO_CAPTURE_MPLANE
13794.514339,v4l2_dqbuf,0,VIDEO_OUTPUT_MPLANE
13794.530541,v4l2_qbuf,0,VIDEO_OUTPUT_MPLANE
13794.530557,v4l2_qbuf,2,VIDEO_CAPTURE_MPLANE
13794.532701,v4l2_dqbuf,2,VIDEO_CAPTURE_MPLANE
13794.532712,v4l2_dqbuf,0,VIDEO_OUTPUT_MPLANE
13794.540485,v4l2_qbuf,0,VIDEO_OUTPUT_MPLANE
13794.540501,v4l2_qbuf,4,VIDEO_CAPTURE_MPLANE
13794.543558,v4l2_dqbuf,4,VIDEO_CAPTURE_MPLANE
13794.543572,v4l2_dqbuf,0,VIDEO_OUTPUT_MPLANE
13794.557332,v4l2_qbuf,0,VIDEO_OUTPUT_MPLANE
13794.557348,v4l2_qbuf,3,VIDEO_CAPTURE_MPLANE
13794.560606,v4l2_dqbuf,3,VIDEO_CAPTURE_MPLANE
13794.560740,v4l2_dqbuf,0,VIDEO_OUTPUT_MPLANE
13794.573976,v4l2_qbuf,0,VIDEO_OUTPUT_MPLANE
13794.574020,v4l2_qbuf,0,VIDEO_CAPTURE_MPLANE
13794.577326,v4l2_dqbuf,0,VIDEO_CAPTURE_MPLANE
13794.577349,v4l2_dqbuf,0,VIDEO_OUTPUT_MPLANE
13794.585398,v4l2_qbuf,0,VIDEO_OUTPUT_MPLANE
13794.585412,v4l2_qbuf,5,VIDEO_CAPTURE_MPLANE
13794.587508,v4l2_dqbuf,5,VIDEO_CAPTURE_MPLANE
13794.587517,v4l2_dqbuf,0,VIDEO_OUTPUT_MPLANE
13794.618965,v4l2_qbuf,0,VIDEO_OUTPUT_MPLANE
13794.618980,v4l2_qbuf,3,VIDEO_CAPTURE_MPLANE
13794.622183,v4l2_dqbuf,3,VIDEO_CAPTURE_MPLANE
13794.622202,v4l2_dqbuf,0,VIDEO_OUTPUT_MPLANE
13794.622300,v4l2_qbuf,0,VIDEO_OUTPUT_MPLANE
13794.622324,v4l2_qbuf,1,VIDEO_CAPTURE_MPLANE
13794.625517,v4l2_dqbuf,1,VIDEO_CAPTURE_MPLANE
13794.625672,v4l2_dqbuf,0,VIDEO_OUTPUT_MPLANE
13794.640513,v4l2_qbuf,0,VIDEO_OUTPUT_MPLANE
13794.640532,v4l2_qbuf,4,VIDEO_CAPTURE_MPLANE
13794.643810,v4l2_dqbuf,4,VIDEO_CAPTURE_MPLANE
13794.643832,v4l2_dqbuf,0,VIDEO_OUTPUT_MPLANE
13794.652077,v4l2_qbuf,0,VIDEO_OUTPUT_MPLANE
13794.652145,v4l2_qbuf,0,VIDEO_CAPTURE_MPLANE
13794.654269,v4l2_dqbuf,0,VIDEO_CAPTURE_MPLANE
13794.654285,v4l2_dqbuf,0,VIDEO_OUTPUT_MPLANE
13794.668868,v4l2_qbuf,0,VIDEO_OUTPUT_MPLANE
13794.668958,v4l2_qbuf,2,VIDEO_CAPTURE_MPLANE
13794.672122,v4l2_dqbuf,2,VIDEO_CAPTURE_MPLANE
13794.672143,v4l2_dqbuf,0,VIDEO_OUTPUT_MPLANE
13794.685605,v4l2_qbuf,0,VIDEO_OUTPUT_MPLANE
13794.685678,v4l2_qbuf,1,VIDEO_CAPTURE_MPLANE
13794.687971,v4l2_dqbuf,1,VIDEO_CAPTURE_MPLANE
13794.687992,v4l2_dqbuf,0,VIDEO_OUTPUT_MPLANE
13794.720658,v4l2_qbuf,0,VIDEO_OUTPUT_MPLANE
13794.720686,v4l2_qbuf,4,VIDEO_CAPTURE_MPLANE
13794.724030,v4l2_dqbuf,4,VIDEO_CAPTURE_MPLANE
13794.724049,v4l2_dqbuf,0,VIDEO_OUTPUT_MPLANE
13794.724143,v4l2_qbuf,0,VIDEO_OUTPUT_MPLANE
13794.724156,v4l2_qbuf,3,VIDEO_CAPTURE_MPLANE
13794.727148,v4l2_dqbuf,3,VIDEO_CAPTURE_MPLANE
13794.727236,v4l2_dqbuf,0,VIDEO_OUTPUT_MPLANE
13794.740035,v4l2_qbuf,0,VIDEO_OUTPUT_MPLANE
13794.740051,v4l2_qbuf,5,VIDEO_CAPTURE_MPLANE
13794.743217,v4l2_dqbuf,5,VIDEO_CAPTURE_MPLANE
13794.743230,v4l2_dqbuf,0,VIDEO_OUTPUT_MPLANE
13794.752793,v4l2_qbuf,0,VIDEO_OUTPUT_MPLANE
13794.752829,v4l2_qbuf,2,VIDEO_CAPTURE_MPLANE
13794.755077,v4l2_dqbuf,2,VIDEO_CAPTURE_MPLANE
13794.755169,v4l2_dqbuf,0,VIDEO_OUTPUT_MPLANE
13794.768919,v4l2_qbuf,0,VIDEO_OUTPUT_MPLANE
13794.768942,v4l2_qbuf,0,VIDEO_CAPTURE_MPLANE
13794.770974,v4l2_dqbuf,0,VIDEO_CAPTURE_MPLANE
13794.770988,v4l2_dqbuf,0,VIDEO_OUTPUT_MPLANE
13794.785468,v4l2_qbuf,0,VIDEO_OUTPUT_MPLANE
13794.785487,v4l2_qbuf,3,VIDEO_CAPTURE_MPLANE
13794.787709,v4l2_dqbuf,3,VIDEO_CAPTURE_MPLANE
13794.787733,v4l2_dqbuf,0,VIDEO_OUTPUT_MPLANE
13794.802342,v4l2_qbuf,0,VIDEO_OUTPUT_MPLANE
13794.802376,v4l2_qbuf,4,VIDEO_CAPTURE_MPLANE
13794.805484,v4l2_dqbuf,4,VIDEO_CAPTURE_MPLANE
13794.805494,v4l2_dqbuf,0,VIDEO_OUTPUT_MPLANE
13794.819595,v4l2_qbuf,0,VIDEO_OUTPUT_MPLANE
13794.819611,v4l2_qbuf,5,VIDEO_CAPTURE_MPLANE
13794.822900,v4l2_dqbuf,5,VIDEO_CAPTURE_MPLANE
13794.822914,v4l2_dqbuf,0,VIDEO_OUTPUT_MPLANE
13794.835905,v4l2_qbuf,0,VIDEO_OUTPUT_MPLANE
13794.836116,v4l2_qbuf,1,VIDEO_CAPTURE_MPLANE
13794.838349,v4l2_dqbuf,1,VIDEO_CAPTURE_MPLANE
13794.838365,v4l2_dqbuf,0,VIDEO_OUTPUT_MPLANE
13794.855615,v4l2_qbuf,0,VIDEO_OUTPUT_MPLANE
13794.855634,v4l2_qbuf,2,VIDEO_CAPTURE_MPLANE
13794.858758,v4l2_dqbuf,2,VIDEO_CAPTURE_MPLANE
13794.858773,v4l2_dqbuf,0,VIDEO_OUTPUT_MPLANE
13794.872514,v4l2_qbuf,0,VIDEO_OUTPUT_MPLANE
13794.872553,v4l2_qbuf,0,VIDEO_CAPTURE_MPLANE
13794.875933,v4l2_dqbuf,0,VIDEO_CAPTURE_MPLANE
13794.875953,v4l2_dqbuf,0,VIDEO_OUTPUT_MPLANE
13794.888918,v4l2_qbuf,0,VIDEO_OUTPUT_MPLANE
13794.888940,v4l2_qbuf,4,VIDEO_CAPTURE_MPLANE
13794.891104,v4l2_dqbuf,4,VIDEO_CAPTURE_MPLANE
13794.891114,v4l2_dqbuf,0,VIDEO_OUTPUT_MPLANE
13794.906575,v4l2_qbuf,0,VIDEO_OUTPUT_MPLANE
13794.906595,v4l2_qbuf,5,VIDEO_CAPTURE_MPLANE
13794.909727,v4l2_dqbuf,5,VIDEO_CAPTURE_MPLANE
13794.909745,v4l2_dqbuf,0,VIDEO_OUTPUT_MPLANE
13794.922452,v4l2_qbuf,0,VIDEO_OUTPUT_MPLANE
13794.922470,v4l2_qbuf,3,VIDEO_CAPTURE_MPLANE
13794.925716,v4l2_dqbuf,3,VIDEO_CAPTURE_MPLANE
13794.925730,v4l2_dqbuf,0,VIDEO_OUTPUT_MPLANE
13794.938907,v4l2_qbuf,0,VIDEO_OUTPUT_MPLANE
13794.938930,v4l2_qbuf,2,VIDEO_CAPTURE_MPLANE
13794.941327,v4l2_dqbuf,2,VIDEO_CAPTURE_MPLANE
13794.941354,v4l2_dqbuf,0,VIDEO_OUTPUT_MPLANE
13794.955424,v4l2_qbuf,0,VIDEO_OUTPUT_MPLANE
13794.955442,v4l2_qbuf,0,VIDEO_CAPTURE_MPLANE
13794.958774,v4l2_dqbuf,0,VIDEO_CAPTURE_MPLANE
13794.958801,v4l2_dqbuf,0,VIDEO_OUTPUT_MPLANE
13794.972373,v4l2_qbuf,0,VIDEO_OUTPUT_MPLANE
13794.972393,v4l2_qbuf,1,VIDEO_CAPTURE_MPLANE
13794.975661,v4l2_dqbuf,1,VIDEO_CAPTURE_MPLANE
13794.975751,v4l2_dqbuf,0,VIDEO_OUTPUT_MPLANE
13794.988990,v4l2_qbuf,0,VIDEO_OUTPUT_MPLANE
13794.989076,v4l2_qbuf,5,VIDEO_CAPTURE_MPLANE
13794.992391,v4l2_dqbuf,5,VIDEO_CAPTURE_MPLANE
13794.992422,v4l2_dqbuf,0,VIDEO_OUTPUT_MPLANE
13795.005559,v4l2_qbuf,0,VIDEO_OUTPUT_MPLANE
13795.005601,v4l2_qbuf,3,VIDEO_CAPTURE_MPLANE
13795.007804,v4l2_dqbuf,3,VIDEO_CAPTURE_MPLANE
13795.007835,v4l2_dqbuf,0,VIDEO_OUTPUT_MPLANE
13795.039144,v4l2_qbuf,0,VIDEO_OUTPUT_MPLANE
13795.039197,v4l2_qbuf,1,VIDEO_CAPTURE_MPLANE
13795.042636,v4l2_dqbuf,1,VIDEO_CAPTURE_MPLANE
13795.042662,v4l2_dqbuf,0,VIDEO_OUTPUT_MPLANE
13795.042801,v4l2_qbuf,0,VIDEO_OUTPUT_MPLANE
13795.042828,v4l2_qbuf,4,VIDEO_CAPTURE_MPLANE
13795.046243,v4l2_dqbuf,4,VIDEO_CAPTURE_MPLANE
13795.046330,v4l2_dqbuf,0,VIDEO_OUTPUT_MPLANE
13795.059065,v4l2_qbuf,0,VIDEO_OUTPUT_MPLANE
13795.059079,v4l2_qbuf,0,VIDEO_CAPTURE_MPLANE
13795.062358,v4l2_dqbuf,0,VIDEO_CAPTURE_MPLANE
13795.062385,v4l2_dqbuf,0,VIDEO_OUTPUT_MPLANE
13795.072112,v4l2_qbuf,0,VIDEO_OUTPUT_MPLANE
13795.072132,v4l2_qbuf,5,VIDEO_CAPTURE_MPLANE
13795.074482,v4l2_dqbuf,5,VIDEO_CAPTURE_MPLANE
13795.074507,v4l2_dqbuf,0,VIDEO_OUTPUT_MPLANE
13795.105716,v4l2_qbuf,0,VIDEO_OUTPUT_MPLANE
13795.105757,v4l2_qbuf,4,VIDEO_CAPTURE_MPLANE
13795.109056,v4l2_dqbuf,4,VIDEO_CAPTURE_MPLANE
13795.109094,v4l2_dqbuf,0,VIDEO_OUTPUT_MPLANE
13795.109264,v4l2_qbuf,0,VIDEO_OUTPUT_MPLANE
13795.109288,v4l2_qbuf,2,VIDEO_CAPTURE_MPLANE
13795.113588,v4l2_dqbuf,2,VIDEO_CAPTURE_MPLANE
13795.113684,v4l2_dqbuf,0,VIDEO_OUTPUT_MPLANE
13795.125777,v4l2_qbuf,0,VIDEO_OUTPUT_MPLANE
13795.125808,v4l2_qbuf,1,VIDEO_CAPTURE_MPLANE
13795.128934,v4l2_dqbuf,1,VIDEO_CAPTURE_MPLANE
13795.128952,v4l2_dqbuf,0,VIDEO_OUTPUT_MPLANE
13795.138763,v4l2_qbuf,0,VIDEO_OUTPUT_MPLANE
13795.138884,v4l2_qbuf,0,VIDEO_CAPTURE_MPLANE
13795.141098,v4l2_dqbuf,0,VIDEO_CAPTURE_MPLANE
13795.141122,v4l2_dqbuf,0,VIDEO_OUTPUT_MPLANE
13795.172060,v4l2_qbuf,0,VIDEO_OUTPUT_MPLANE
13795.172126,v4l2_qbuf,2,VIDEO_CAPTURE_MPLANE
13795.175456,v4l2_dqbuf,2,VIDEO_CAPTURE_MPLANE
13795.175491,v4l2_dqbuf,0,VIDEO_OUTPUT_MPLANE
13795.175684,v4l2_qbuf,0,VIDEO_OUTPUT_MPLANE
13795.175714,v4l2_qbuf,3,VIDEO_CAPTURE_MPLANE
13795.178827,v4l2_dqbuf,3,VIDEO_CAPTURE_MPLANE
13795.178973,v4l2_dqbuf,0,VIDEO_OUTPUT_MPLANE
13795.188823,v4l2_qbuf,0,VIDEO_OUTPUT_MPLANE
13795.188851,v4l2_qbuf,4,VIDEO_CAPTURE_MPLANE
13795.191997,v4l2_dqbuf,4,VIDEO_CAPTURE_MPLANE
13795.192029,v4l2_dqbuf,0,VIDEO_OUTPUT_MPLANE
13795.205463,v4l2_qbuf,0,VIDEO_OUTPUT_MPLANE
13795.205493,v4l2_qbuf,1,VIDEO_CAPTURE_MPLANE
13795.207730,v4l2_dqbuf,1,VIDEO_CAPTURE_MPLANE
13795.207750,v4l2_dqbuf,0,VIDEO_OUTPUT_MPLANE
13795.239462,v4l2_qbuf,0,VIDEO_OUTPUT_MPLANE
13795.239493,v4l2_qbuf,3,VIDEO_CAPTURE_MPLANE
13795.242802,v4l2_dqbuf,3,VIDEO_CAPTURE_MPLANE
13795.242826,v4l2_dqbuf,0,VIDEO_OUTPUT_MPLANE
13795.242938,v4l2_qbuf,0,VIDEO_OUTPUT_MPLANE
13795.242955,v4l2_qbuf,5,VIDEO_CAPTURE_MPLANE
13795.246202,v4l2_dqbuf,5,VIDEO_CAPTURE_MPLANE
13795.246299,v4l2_dqbuf,0,VIDEO_OUTPUT_MPLANE
13795.259070,v4l2_qbuf,0,VIDEO_OUTPUT_MPLANE
13795.259087,v4l2_qbuf,2,VIDEO_CAPTURE_MPLANE
13795.262452,v4l2_dqbuf,2,VIDEO_CAPTURE_MPLANE
13795.262467,v4l2_dqbuf,0,VIDEO_OUTPUT_MPLANE
13795.272041,v4l2_qbuf,0,VIDEO_OUTPUT_MPLANE
13795.272109,v4l2_qbuf,4,VIDEO_CAPTURE_MPLANE
13795.274331,v4l2_dqbuf,4,VIDEO_CAPTURE_MPLANE
13795.274344,v4l2_dqbuf,0,VIDEO_OUTPUT_MPLANE
13795.305721,v4l2_qbuf,0,VIDEO_OUTPUT_MPLANE
13795.305752,v4l2_qbuf,5,VIDEO_CAPTURE_MPLANE
13795.308894,v4l2_dqbuf,5,VIDEO_CAPTURE_MPLANE
13795.308936,v4l2_dqbuf,0,VIDEO_OUTPUT_MPLANE
13795.309131,v4l2_qbuf,0,VIDEO_OUTPUT_MPLANE
13795.309156,v4l2_qbuf,0,VIDEO_CAPTURE_MPLANE
13795.312225,v4l2_dqbuf,0,VIDEO_CAPTURE_MPLANE
13795.312296,v4l2_dqbuf,0,VIDEO_OUTPUT_MPLANE
13795.324031,v4l2_qbuf,0,VIDEO_OUTPUT_MPLANE
13795.324052,v4l2_qbuf,3,VIDEO_CAPTURE_MPLANE
13795.327362,v4l2_dqbuf,3,VIDEO_CAPTURE_MPLANE
13795.327389,v4l2_dqbuf,0,VIDEO_OUTPUT_MPLANE
13795.338650,v4l2_qbuf,0,VIDEO_OUTPUT_MPLANE
13795.338677,v4l2_qbuf,2,VIDEO_CAPTURE_MPLANE
13795.340822,v4l2_dqbuf,2,VIDEO_CAPTURE_MPLANE
13795.340835,v4l2_dqbuf,0,VIDEO_OUTPUT_MPLANE
13795.372264,v4l2_qbuf,0,VIDEO_OUTPUT_MPLANE
13795.372285,v4l2_qbuf,0,VIDEO_CAPTURE_MPLANE
13795.375464,v4l2_dqbuf,0,VIDEO_CAPTURE_MPLANE
13795.375488,v4l2_dqbuf,0,VIDEO_OUTPUT_MPLANE
13795.375614,v4l2_qbuf,0,VIDEO_OUTPUT_MPLANE
13795.375632,v4l2_qbuf,1,VIDEO_CAPTURE_MPLANE
13795.378746,v4l2_dqbuf,1,VIDEO_CAPTURE_MPLANE
13795.378829,v4l2_dqbuf,0,VIDEO_OUTPUT_MPLANE
13795.393336,v4l2_qbuf,0,VIDEO_OUTPUT_MPLANE
13795.393369,v4l2_qbuf,5,VIDEO_CAPTURE_MPLANE
13795.396647,v4l2_dqbuf,5,VIDEO_CAPTURE_MPLANE
13795.396664,v4l2_dqbuf,0,VIDEO_OUTPUT_MPLANE
13795.405757,v4l2_qbuf,0,VIDEO_OUTPUT_MPLANE
13795.405775,v4l2_qbuf,3,VIDEO_CAPTURE_MPLANE
13795.408076,v4l2_dqbuf,3,VIDEO_CAPTURE_MPLANE
13795.408107,v4l2_dqbuf,0,VIDEO_OUTPUT_MPLANE
13795.438950,v4l2_qbuf,0,VIDEO_OUTPUT_MPLANE
13795.438966,v4l2_qbuf,1,VIDEO_CAPTURE_MPLANE
13795.442519,v4l2_dqbuf,1,VIDEO_CAPTURE_MPLANE
13795.442539,v4l2_dqbuf,0,VIDEO_OUTPUT_MPLANE
13795.442650,v4l2_qbuf,0,VIDEO_OUTPUT_MPLANE
13795.442664,v4l2_qbuf,4,VIDEO_CAPTURE_MPLANE
13795.446018,v4l2_dqbuf,4,VIDEO_CAPTURE_MPLANE
13795.446095,v4l2_dqbuf,0,VIDEO_OUTPUT_MPLANE
13795.457682,v4l2_qbuf,0,VIDEO_OUTPUT_MPLANE
13795.457719,v4l2_qbuf,0,VIDEO_CAPTURE_MPLANE
13795.461126,v4l2_dqbuf,0,VIDEO_CAPTURE_MPLANE
13795.461145,v4l2_dqbuf,0,VIDEO_OUTPUT_MPLANE
13795.474222,v4l2_qbuf,0,VIDEO_OUTPUT_MPLANE
13795.474266,v4l2_qbuf,5,VIDEO_CAPTURE_MPLANE
13795.476483,v4l2_dqbuf,5,VIDEO_CAPTURE_MPLANE
13795.476495,v4l2_dqbuf,0,VIDEO_OUTPUT_MPLANE
13795.507973,v4l2_qbuf,0,VIDEO_OUTPUT_MPLANE
13795.508040,v4l2_qbuf,4,VIDEO_CAPTURE_MPLANE
13795.511249,v4l2_dqbuf,4,VIDEO_CAPTURE_MPLANE
13795.511279,v4l2_dqbuf,0,VIDEO_OUTPUT_MPLANE
13795.511428,v4l2_qbuf,0,VIDEO_OUTPUT_MPLANE
13795.511449,v4l2_qbuf,2,VIDEO_CAPTURE_MPLANE
13795.514692,v4l2_dqbuf,2,VIDEO_CAPTURE_MPLANE
13795.515051,v4l2_dqbuf,0,VIDEO_OUTPUT_MPLANE
13795.532609,v4l2_qbuf,0,VIDEO_OUTPUT_MPLANE
13795.532630,v4l2_qbuf,1,VIDEO_CAPTURE_MPLANE
13795.535843,v4l2_dqbuf,1,VIDEO_CAPTURE_MPLANE
13795.535855,v4l2_dqbuf,0,VIDEO_OUTPUT_MPLANE
13795.540665,v4l2_qbuf,0,VIDEO_OUTPUT_MPLANE
13795.540685,v4l2_qbuf,0,VIDEO_CAPTURE_MPLANE
13795.542805,v4l2_dqbuf,0,VIDEO_CAPTURE_MPLANE
13795.542816,v4l2_dqbuf,0,VIDEO_OUTPUT_MPLANE
13795.574454,v4l2_qbuf,0,VIDEO_OUTPUT_MPLANE
13795.574496,v4l2_qbuf,2,VIDEO_CAPTURE_MPLANE
13795.577793,v4l2_dqbuf,2,VIDEO_CAPTURE_MPLANE
13795.577840,v4l2_dqbuf,0,VIDEO_OUTPUT_MPLANE
13795.578050,v4l2_qbuf,0,VIDEO_OUTPUT_MPLANE
13795.578076,v4l2_qbuf,3,VIDEO_CAPTURE_MPLANE
13795.581369,v4l2_dqbuf,3,VIDEO_CAPTURE_MPLANE
13795.581517,v4l2_dqbuf,0,VIDEO_OUTPUT_MPLANE
13795.590906,v4l2_qbuf,0,VIDEO_OUTPUT_MPLANE
13795.590928,v4l2_qbuf,4,VIDEO_CAPTURE_MPLANE
13795.594240,v4l2_dqbuf,4,VIDEO_CAPTURE_MPLANE
13795.594252,v4l2_dqbuf,0,VIDEO_OUTPUT_MPLANE
13795.607747,v4l2_qbuf,0,VIDEO_OUTPUT_MPLANE
13795.607790,v4l2_qbuf,1,VIDEO_CAPTURE_MPLANE
13795.610079,v4l2_dqbuf,1,VIDEO_CAPTURE_MPLANE
13795.610100,v4l2_dqbuf,0,VIDEO_OUTPUT_MPLANE
13795.640746,v4l2_qbuf,0,VIDEO_OUTPUT_MPLANE
13795.640765,v4l2_qbuf,3,VIDEO_CAPTURE_MPLANE
13795.643922,v4l2_dqbuf,3,VIDEO_CAPTURE_MPLANE
13795.643956,v4l2_dqbuf,0,VIDEO_OUTPUT_MPLANE
13795.644138,v4l2_qbuf,0,VIDEO_OUTPUT_MPLANE
13795.644160,v4l2_qbuf,5,VIDEO_CAPTURE_MPLANE
13795.647303,v4l2_dqbuf,5,VIDEO_CAPTURE_MPLANE
13795.647382,v4l2_dqbuf,0,VIDEO_OUTPUT_MPLANE
13795.657476,v4l2_qbuf,0,VIDEO_OUTPUT_MPLANE
13795.657548,v4l2_qbuf,2,VIDEO_CAPTURE_MPLANE
13795.660688,v4l2_dqbuf,2,VIDEO_CAPTURE_MPLANE
13795.660703,v4l2_dqbuf,0,VIDEO_OUTPUT_MPLANE
13795.674048,v4l2_qbuf,0,VIDEO_OUTPUT_MPLANE
13795.674067,v4l2_qbuf,4,VIDEO_CAPTURE_MPLANE
13795.676410,v4l2_dqbuf,4,VIDEO_CAPTURE_MPLANE
13795.676426,v4l2_dqbuf,0,VIDEO_OUTPUT_MPLANE
13795.707599,v4l2_qbuf,0,VIDEO_OUTPUT_MPLANE
13795.707641,v4l2_qbuf,5,VIDEO_CAPTURE_MPLANE
13795.710829,v4l2_dqbuf,5,VIDEO_CAPTURE_MPLANE
13795.710861,v4l2_dqbuf,0,VIDEO_OUTPUT_MPLANE
13795.711080,v4l2_qbuf,0,VIDEO_OUTPUT_MPLANE
13795.711104,v4l2_qbuf,0,VIDEO_CAPTURE_MPLANE
13795.714578,v4l2_dqbuf,0,VIDEO_CAPTURE_MPLANE
13795.714795,v4l2_dqbuf,0,VIDEO_OUTPUT_MPLANE
13795.723962,v4l2_qbuf,0,VIDEO_OUTPUT_MPLANE
13795.723981,v4l2_qbuf,3,VIDEO_CAPTURE_MPLANE
13795.727198,v4l2_dqbuf,3,VIDEO_CAPTURE_MPLANE
13795.727218,v4l2_dqbuf,0,VIDEO_OUTPUT_MPLANE
13795.740447,v4l2_qbuf,0,VIDEO_OUTPUT_MPLANE
13795.740466,v4l2_qbuf,2,VIDEO_CAPTURE_MPLANE
13795.742546,v4l2_dqbuf,2,VIDEO_CAPTURE_MPLANE
13795.742571,v4l2_dqbuf,0,VIDEO_OUTPUT_MPLANE
13795.757292,v4l2_qbuf,0,VIDEO_OUTPUT_MPLANE
13795.757308,v4l2_qbuf,1,VIDEO_CAPTURE_MPLANE
13795.760464,v4l2_dqbuf,1,VIDEO_CAPTURE_MPLANE
13795.760554,v4l2_dqbuf,0,VIDEO_OUTPUT_MPLANE
13795.774080,v4l2_qbuf,0,VIDEO_OUTPUT_MPLANE
13795.774098,v4l2_qbuf,0,VIDEO_CAPTURE_MPLANE
13795.775966,v4l2_dqbuf,0,VIDEO_CAPTURE_MPLANE
13795.775978,v4l2_dqbuf,0,VIDEO_OUTPUT_MPLANE
13795.790576,v4l2_qbuf,0,VIDEO_OUTPUT_MPLANE
13795.790605,v4l2_qbuf,5,VIDEO_CAPTURE_MPLANE
13795.792871,v4l2_dqbuf,5,VIDEO_CAPTURE_MPLANE
13795.792884,v4l2_dqbuf,0,VIDEO_OUTPUT_MPLANE
13795.807491,v4l2_qbuf,0,VIDEO_OUTPUT_MPLANE
13795.807524,v4l2_qbuf,3,VIDEO_CAPTURE_MPLANE
13795.810659,v4l2_dqbuf,3,VIDEO_CAPTURE_MPLANE
13795.810669,v4l2_dqbuf,0,VIDEO_OUTPUT_MPLANE
13795.824174,v4l2_qbuf,0,VIDEO_OUTPUT_MPLANE
13795.824193,v4l2_qbuf,4,VIDEO_CAPTURE_MPLANE
13795.827257,v4l2_dqbuf,4,VIDEO_CAPTURE_MPLANE
13795.827332,v4l2_dqbuf,0,VIDEO_OUTPUT_MPLANE
13795.841176,v4l2_qbuf,0,VIDEO_OUTPUT_MPLANE
13795.841211,v4l2_qbuf,1,VIDEO_CAPTURE_MPLANE
13795.844418,v4l2_dqbuf,1,VIDEO_CAPTURE_MPLANE
13795.844443,v4l2_dqbuf,0,VIDEO_OUTPUT_MPLANE
13795.857594,v4l2_qbuf,0,VIDEO_OUTPUT_MPLANE
13795.857613,v4l2_qbuf,2,VIDEO_CAPTURE_MPLANE
13795.859954,v4l2_dqbuf,2,VIDEO_CAPTURE_MPLANE
13795.859978,v4l2_dqbuf,0,VIDEO_OUTPUT_MPLANE
13795.891110,v4l2_qbuf,0,VIDEO_OUTPUT_MPLANE
13795.891222,v4l2_qbuf,4,VIDEO_CAPTURE_MPLANE
13795.894642,v4l2_dqbuf,4,VIDEO_CAPTURE_MPLANE
13795.894663,v4l2_dqbuf,0,VIDEO_OUTPUT_MPLANE
13795.894769,v4l2_qbuf,0,VIDEO_OUTPUT_MPLANE
13795.894784,v4l2_qbuf,0,VIDEO_CAPTURE_MPLANE
13795.899360,v4l2_dqbuf,0,VIDEO_CAPTURE_MPLANE
13795.899490,v4l2_dqbuf,0,VIDEO_OUTPUT_MPLANE
13795.912324,v4l2_qbuf,0,VIDEO_OUTPUT_MPLANE
13795.912351,v4l2_qbuf,3,VIDEO_CAPTURE_MPLANE
13795.915626,v4l2_dqbuf,3,VIDEO_CAPTURE_MPLANE
13795.915639,v4l2_dqbuf,0,VIDEO_OUTPUT_MPLANE
13795.924232,v4l2_qbuf,0,VIDEO_OUTPUT_MPLANE
13795.924256,v4l2_qbuf,1,VIDEO_CAPTURE_MPLANE
13795.926366,v4l2_dqbuf,1,VIDEO_CAPTURE_MPLANE
13795.926381,v4l2_dqbuf,0,VIDEO_OUTPUT_MPLANE
13795.957758,v4l2_qbuf,0,VIDEO_OUTPUT_MPLANE
13795.957780,v4l2_qbuf,0,VIDEO_CAPTURE_MPLANE
13795.961079,v4l2_dqbuf,0,VIDEO_CAPTURE_MPLANE
13795.961101,v4l2_dqbuf,0,VIDEO_OUTPUT_MPLANE
13795.961209,v4l2_qbuf,0,VIDEO_OUTPUT_MPLANE
13795.961226,v4l2_qbuf,5,VIDEO_CAPTURE_MPLANE
13795.964369,v4l2_dqbuf,5,VIDEO_CAPTURE_MPLANE
13795.964442,v4l2_dqbuf,0,VIDEO_OUTPUT_MPLANE
13795.974407,v4l2_qbuf,0,VIDEO_OUTPUT_MPLANE
13795.974427,v4l2_qbuf,4,VIDEO_CAPTURE_MPLANE
13795.977701,v4l2_dqbuf,4,VIDEO_CAPTURE_MPLANE
13795.977715,v4l2_dqbuf,0,VIDEO_OUTPUT_MPLANE
13795.990664,v4l2_qbuf,0,VIDEO_OUTPUT_MPLANE
13795.990685,v4l2_qbuf,3,VIDEO_CAPTURE_MPLANE
13795.992952,v4l2_dqbuf,3,VIDEO_CAPTURE_MPLANE
13795.992965,v4l2_dqbuf,0,VIDEO_OUTPUT_MPLANE
13796.024219,v4l2_qbuf,0,VIDEO_OUTPUT_MPLANE
13796.024238,v4l2_qbuf,5,VIDEO_CAPTURE_MPLANE
13796.027525,v4l2_dqbuf,5,VIDEO_CAPTURE_MPLANE
13796.027561,v4l2_dqbuf,0,VIDEO_OUTPUT_MPLANE
13796.027724,v4l2_qbuf,0,VIDEO_OUTPUT_MPLANE
13796.027747,v4l2_qbuf,2,VIDEO_CAPTURE_MPLANE
13796.030899,v4l2_dqbuf,2,VIDEO_CAPTURE_MPLANE
13796.030992,v4l2_dqbuf,0,VIDEO_OUTPUT_MPLANE
13796.041670,v4l2_qbuf,0,VIDEO_OUTPUT_MPLANE
13796.041692,v4l2_qbuf,0,VIDEO_CAPTURE_MPLANE
13796.045016,v4l2_dqbuf,0,VIDEO_CAPTURE_MPLANE
13796.045031,v4l2_dqbuf,0,VIDEO_OUTPUT_MPLANE
13796.057503,v4l2_qbuf,0,VIDEO_OUTPUT_MPLANE
13796.057529,v4l2_qbuf,4,VIDEO_CAPTURE_MPLANE
13796.059724,v4l2_dqbuf,4,VIDEO_CAPTURE_MPLANE
13796.059738,v4l2_dqbuf,0,VIDEO_OUTPUT_MPLANE
13796.091098,v4l2_qbuf,0,VIDEO_OUTPUT_MPLANE
13796.091142,v4l2_qbuf,2,VIDEO_CAPTURE_MPLANE
13796.094372,v4l2_dqbuf,2,VIDEO_CAPTURE_MPLANE
13796.094406,v4l2_dqbuf,0,VIDEO_OUTPUT_MPLANE
13796.094569,v4l2_qbuf,0,VIDEO_OUTPUT_MPLANE
13796.094592,v4l2_qbuf,1,VIDEO_CAPTURE_MPLANE
13796.097637,v4l2_dqbuf,1,VIDEO_CAPTURE_MPLANE
13796.097715,v4l2_dqbuf,0,VIDEO_OUTPUT_MPLANE
13796.107546,v4l2_qbuf,0,VIDEO_OUTPUT_MPLANE
13796.107572,v4l2_qbuf,5,VIDEO_CAPTURE_MPLANE
13796.110808,v4l2_dqbuf,5,VIDEO_CAPTURE_MPLANE
13796.110818,v4l2_dqbuf,0,VIDEO_OUTPUT_MPLANE
13796.124467,v4l2_qbuf,0,VIDEO_OUTPUT_MPLANE
13796.124492,v4l2_qbuf,0,VIDEO_CAPTURE_MPLANE
13796.127099,v4l2_dqbuf,0,VIDEO_CAPTURE_MPLANE
13796.127138,v4l2_dqbuf,0,VIDEO_OUTPUT_MPLANE
13796.157427,v4l2_qbuf,0,VIDEO_OUTPUT_MPLANE
13796.157447,v4l2_qbuf,1,VIDEO_CAPTURE_MPLANE
13796.160594,v4l2_dqbuf,1,VIDEO_CAPTURE_MPLANE
13796.160613,v4l2_dqbuf,0,VIDEO_OUTPUT_MPLANE
13796.160716,v4l2_qbuf,0,VIDEO_OUTPUT_MPLANE
13796.160730,v4l2_qbuf,3,VIDEO_CAPTURE_MPLANE
13796.163942,v4l2_dqbuf,3,VIDEO_CAPTURE_MPLANE
13796.164023,v4l2_dqbuf,0,VIDEO_OUTPUT_MPLANE
13796.174634,v4l2_qbuf,0,VIDEO_OUTPUT_MPLANE
13796.174680,v4l2_qbuf,2,VIDEO_CAPTURE_MPLANE
13796.179137,v4l2_dqbuf,2,VIDEO_CAPTURE_MPLANE
13796.179152,v4l2_dqbuf,0,VIDEO_OUTPUT_MPLANE
13796.190696,v4l2_qbuf,0,VIDEO_OUTPUT_MPLANE
13796.190717,v4l2_qbuf,5,VIDEO_CAPTURE_MPLANE
13796.192893,v4l2_dqbuf,5,VIDEO_CAPTURE_MPLANE
13796.192909,v4l2_dqbuf,0,VIDEO_OUTPUT_MPLANE
13796.240770,v4l2_qbuf,0,VIDEO_OUTPUT_MPLANE
13796.240813,v4l2_qbuf,3,VIDEO_CAPTURE_MPLANE
13796.244188,v4l2_dqbuf,3,VIDEO_CAPTURE_MPLANE
13796.244210,v4l2_dqbuf,0,VIDEO_OUTPUT_MPLANE
13796.244317,v4l2_qbuf,0,VIDEO_OUTPUT_MPLANE
13796.244333,v4l2_qbuf,4,VIDEO_CAPTURE_MPLANE
13796.247467,v4l2_dqbuf,4,VIDEO_CAPTURE_MPLANE
13796.247544,v4l2_dqbuf,0,VIDEO_OUTPUT_MPLANE
13796.262314,v4l2_qbuf,0,VIDEO_OUTPUT_MPLANE
13796.262333,v4l2_qbuf,1,VIDEO_CAPTURE_MPLANE
13796.266610,v4l2_dqbuf,1,VIDEO_CAPTURE_MPLANE
13796.266643,v4l2_dqbuf,0,VIDEO_OUTPUT_MPLANE
13796.274145,v4l2_qbuf,0,VIDEO_OUTPUT_MPLANE
13796.274178,v4l2_qbuf,2,VIDEO_CAPTURE_MPLANE
13796.276464,v4l2_dqbuf,2,VIDEO_CAPTURE_MPLANE
13796.276486,v4l2_dqbuf,0,VIDEO_OUTPUT_MPLANE
13796.307662,v4l2_qbuf,0,VIDEO_OUTPUT_MPLANE
13796.307692,v4l2_qbuf,4,VIDEO_CAPTURE_MPLANE
13796.314246,v4l2_dqbuf,4,VIDEO_CAPTURE_MPLANE
13796.314276,v4l2_dqbuf,0,VIDEO_OUTPUT_MPLANE
13796.314402,v4l2_qbuf,0,VIDEO_OUTPUT_MPLANE
13796.314422,v4l2_qbuf,0,VIDEO_CAPTURE_MPLANE
13796.317729,v4l2_dqbuf,0,VIDEO_CAPTURE_MPLANE
13796.317827,v4l2_dqbuf,0,VIDEO_OUTPUT_MPLANE
13796.330190,v4l2_qbuf,0,VIDEO_OUTPUT_MPLANE
13796.330210,v4l2_qbuf,3,VIDEO_CAPTURE_MPLANE
13796.333453,v4l2_dqbuf,3,VIDEO_CAPTURE_MPLANE
13796.333466,v4l2_dqbuf,0,VIDEO_OUTPUT_MPLANE
13796.340639,v4l2_qbuf,0,VIDEO_OUTPUT_MPLANE
13796.340666,v4l2_qbuf,1,VIDEO_CAPTURE_MPLANE
13796.342828,v4l2_dqbuf,1,VIDEO_CAPTURE_MPLANE
13796.342850,v4l2_dqbuf,0,VIDEO_OUTPUT_MPLANE
13796.374289,v4l2_qbuf,0,VIDEO_OUTPUT_MPLANE
13796.374311,v4l2_qbuf,0,VIDEO_CAPTURE_MPLANE
13796.377527,v4l2_dqbuf,0,VIDEO_CAPTURE_MPLANE
13796.377551,v4l2_dqbuf,0,VIDEO_OUTPUT_MPLANE
13796.377666,v4l2_qbuf,0,VIDEO_OUTPUT_MPLANE
13796.377684,v4l2_qbuf,5,VIDEO_CAPTURE_MPLANE
13796.380824,v4l2_dqbuf,5,VIDEO_CAPTURE_MPLANE
13796.380934,v4l2_dqbuf,0,VIDEO_OUTPUT_MPLANE
13796.396837,v4l2_qbuf,0,VIDEO_OUTPUT_MPLANE
13796.396878,v4l2_qbuf,4,VIDEO_CAPTURE_MPLANE
13796.400316,v4l2_dqbuf,4,VIDEO_CAPTURE_MPLANE
13796.400331,v4l2_dqbuf,0,VIDEO_OUTPUT_MPLANE
13796.404395,v4l2_qbuf,0,VIDEO_OUTPUT_MPLANE
13796.404415,v4l2_qbuf,3,VIDEO_CAPTURE_MPLANE
13796.406766,v4l2_dqbuf,3,VIDEO_CAPTURE_MPLANE
13796.406796,v4l2_dqbuf,0,VIDEO_OUTPUT_MPLANE
13796.440215,v4l2_qbuf,0,VIDEO_OUTPUT_MPLANE
13796.440289,v4l2_qbuf,5,VIDEO_CAPTURE_MPLANE
13796.443725,v4l2_dqbuf,5,VIDEO_CAPTURE_MPLANE
13796.443750,v4l2_dqbuf,0,VIDEO_OUTPUT_MPLANE
13796.443874,v4l2_qbuf,0,VIDEO_OUTPUT_MPLANE
13796.443893,v4l2_qbuf,2,VIDEO_CAPTURE_MPLANE
13796.447073,v4l2_dqbuf,2,VIDEO_CAPTURE_MPLANE
13796.447163,v4l2_dqbuf,0,VIDEO_OUTPUT_MPLANE
13796.458155,v4l2_qbuf,0,VIDEO_OUTPUT_MPLANE
13796.458183,v4l2_qbuf,0,VIDEO_CAPTURE_MPLANE
13796.461612,v4l2_dqbuf,0,VIDEO_CAPTURE_MPLANE
13796.461625,v4l2_dqbuf,0,VIDEO_OUTPUT_MPLANE
13796.470699,v4l2_qbuf,0,VIDEO_OUTPUT_MPLANE
13796.470721,v4l2_qbuf,4,VIDEO_CAPTURE_MPLANE
13796.472969,v4l2_dqbuf,4,VIDEO_CAPTURE_MPLANE
13796.472993,v4l2_dqbuf,0,VIDEO_OUTPUT_MPLANE
13796.504427,v4l2_qbuf,0,VIDEO_OUTPUT_MPLANE
13796.504446,v4l2_qbuf,2,VIDEO_CAPTURE_MPLANE
13796.507601,v4l2_dqbuf,2,VIDEO_CAPTURE_MPLANE
13796.507623,v4l2_dqbuf,0,VIDEO_OUTPUT_MPLANE
13796.507738,v4l2_qbuf,0,VIDEO_OUTPUT_MPLANE
13796.507755,v4l2_qbuf,1,VIDEO_CAPTURE_MPLANE
13796.510830,v4l2_dqbuf,1,VIDEO_CAPTURE_MPLANE
13796.510903,v4l2_dqbuf,0,VIDEO_OUTPUT_MPLANE
13796.521053,v4l2_qbuf,0,VIDEO_OUTPUT_MPLANE
13796.521096,v4l2_qbuf,5,VIDEO_CAPTURE_MPLANE
13796.524338,v4l2_dqbuf,5,VIDEO_CAPTURE_MPLANE
13796.524358,v4l2_dqbuf,0,VIDEO_OUTPUT_MPLANE
13796.540204,v4l2_qbuf,0,VIDEO_OUTPUT_MPLANE
13796.540220,v4l2_qbuf,0,VIDEO_CAPTURE_MPLANE
13796.542321,v4l2_dqbuf,0,VIDEO_CAPTURE_MPLANE
13796.542335,v4l2_dqbuf,0,VIDEO_OUTPUT_MPLANE
13796.573532,v4l2_qbuf,0,VIDEO_OUTPUT_MPLANE
13796.573559,v4l2_qbuf,1,VIDEO_CAPTURE_MPLANE
13796.576801,v4l2_dqbuf,1,VIDEO_CAPTURE_MPLANE
13796.576846,v4l2_dqbuf,0,VIDEO_OUTPUT_MPLANE
13796.577107,v4l2_qbuf,0,VIDEO_OUTPUT_MPLANE
13796.577142,v4l2_qbuf,3,VIDEO_CAPTURE_MPLANE
13796.580468,v4l2_dqbuf,3,VIDEO_CAPTURE_MPLANE
13796.580582,v4l2_dqbuf,0,VIDEO_OUTPUT_MPLANE
13796.590259,v4l2_qbuf,0,VIDEO_OUTPUT_MPLANE
13796.590284,v4l2_qbuf,2,VIDEO_CAPTURE_MPLANE
13796.593783,v4l2_dqbuf,2,VIDEO_CAPTURE_MPLANE
13796.593804,v4l2_dqbuf,0,VIDEO_OUTPUT_MPLANE
13796.607040,v4l2_qbuf,0,VIDEO_OUTPUT_MPLANE
13796.607080,v4l2_qbuf,5,VIDEO_CAPTURE_MPLANE
13796.609334,v4l2_dqbuf,5,VIDEO_CAPTURE_MPLANE
13796.609359,v4l2_dqbuf,0,VIDEO_OUTPUT_MPLANE
13796.640593,v4l2_qbuf,0,VIDEO_OUTPUT_MPLANE
13796.640638,v4l2_qbuf,3,VIDEO_CAPTURE_MPLANE
13796.644132,v4l2_dqbuf,3,VIDEO_CAPTURE_MPLANE
13796.644207,v4l2_dqbuf,0,VIDEO_OUTPUT_MPLANE
13796.644423,v4l2_qbuf,0,VIDEO_OUTPUT_MPLANE
13796.644442,v4l2_qbuf,4,VIDEO_CAPTURE_MPLANE
13796.647627,v4l2_dqbuf,4,VIDEO_CAPTURE_MPLANE
13796.647699,v4l2_dqbuf,0,VIDEO_OUTPUT_MPLANE
13796.661874,v4l2_qbuf,0,VIDEO_OUTPUT_MPLANE
13796.661897,v4l2_qbuf,1,VIDEO_CAPTURE_MPLANE
13796.665400,v4l2_dqbuf,1,VIDEO_CAPTURE_MPLANE
13796.665413,v4l2_dqbuf,0,VIDEO_OUTPUT_MPLANE
13796.673959,v4l2_qbuf,0,VIDEO_OUTPUT_MPLANE
13796.673983,v4l2_qbuf,2,VIDEO_CAPTURE_MPLANE
13796.676324,v4l2_dqbuf,2,VIDEO_CAPTURE_MPLANE
13796.676335,v4l2_dqbuf,0,VIDEO_OUTPUT_MPLANE
13796.706954,v4l2_qbuf,0,VIDEO_OUTPUT_MPLANE
13796.706976,v4l2_qbuf,4,VIDEO_CAPTURE_MPLANE
13796.710417,v4l2_dqbuf,4,VIDEO_CAPTURE_MPLANE
13796.710440,v4l2_dqbuf,0,VIDEO_OUTPUT_MPLANE
13796.710556,v4l2_qbuf,0,VIDEO_OUTPUT_MPLANE
13796.710573,v4l2_qbuf,0,VIDEO_CAPTURE_MPLANE
13796.716234,v4l2_dqbuf,0,VIDEO_CAPTURE_MPLANE
13796.716348,v4l2_dqbuf,0,VIDEO_OUTPUT_MPLANE
13796.723471,v4l2_qbuf,0,VIDEO_OUTPUT_MPLANE
13796.723493,v4l2_qbuf,3,VIDEO_CAPTURE_MPLANE
13796.726794,v4l2_dqbuf,3,VIDEO_CAPTURE_MPLANE
13796.726817,v4l2_dqbuf,0,VIDEO_OUTPUT_MPLANE
13796.740319,v4l2_qbuf,0,VIDEO_OUTPUT_MPLANE
13796.740339,v4l2_qbuf,1,VIDEO_CAPTURE_MPLANE
13796.742685,v4l2_dqbuf,1,VIDEO_CAPTURE_MPLANE
13796.742713,v4l2_dqbuf,0,VIDEO_OUTPUT_MPLANE
13796.773675,v4l2_qbuf,0,VIDEO_OUTPUT_MPLANE
13796.773698,v4l2_qbuf,0,VIDEO_CAPTURE_MPLANE
13796.777160,v4l2_dqbuf,0,VIDEO_CAPTURE_MPLANE
13796.777185,v4l2_dqbuf,0,VIDEO_OUTPUT_MPLANE
13796.777302,v4l2_qbuf,0,VIDEO_OUTPUT_MPLANE
13796.777319,v4l2_qbuf,5,VIDEO_CAPTURE_MPLANE
13796.780587,v4l2_dqbuf,5,VIDEO_CAPTURE_MPLANE
13796.780703,v4l2_dqbuf,0,VIDEO_OUTPUT_MPLANE
13796.798257,v4l2_qbuf,0,VIDEO_OUTPUT_MPLANE
13796.798281,v4l2_qbuf,4,VIDEO_CAPTURE_MPLANE
13796.800237,v4l2_dqbuf,4,VIDEO_CAPTURE_MPLANE
13796.800252,v4l2_dqbuf,0,VIDEO_OUTPUT_MPLANE
13796.806491,v4l2_qbuf,0,VIDEO_OUTPUT_MPLANE
13796.806512,v4l2_qbuf,3,VIDEO_CAPTURE_MPLANE
13796.808684,v4l2_dqbuf,3,VIDEO_CAPTURE_MPLANE
13796.808696,v4l2_dqbuf,0,VIDEO_OUTPUT_MPLANE
13796.823366,v4l2_qbuf,0,VIDEO_OUTPUT_MPLANE
13796.823405,v4l2_qbuf,2,VIDEO_CAPTURE_MPLANE
13796.826710,v4l2_dqbuf,2,VIDEO_CAPTURE_MPLANE
13796.826722,v4l2_dqbuf,0,VIDEO_OUTPUT_MPLANE
13796.840310,v4l2_qbuf,0,VIDEO_OUTPUT_MPLANE
13796.840348,v4l2_qbuf,0,VIDEO_CAPTURE_MPLANE
13796.843746,v4l2_dqbuf,0,VIDEO_CAPTURE_MPLANE
13796.843916,v4l2_dqbuf,0,VIDEO_OUTPUT_MPLANE
13796.856836,v4l2_qbuf,0,VIDEO_OUTPUT_MPLANE
13796.856868,v4l2_qbuf,5,VIDEO_CAPTURE_MPLANE
13796.859966,v4l2_dqbuf,5,VIDEO_CAPTURE_MPLANE
13796.859991,v4l2_dqbuf,0,VIDEO_OUTPUT_MPLANE
13796.874372,v4l2_qbuf,0,VIDEO_OUTPUT_MPLANE
13796.874406,v4l2_qbuf,1,VIDEO_CAPTURE_MPLANE
13796.876578,v4l2_dqbuf,1,VIDEO_CAPTURE_MPLANE
13796.876602,v4l2_dqbuf,0,VIDEO_OUTPUT_MPLANE
13796.906878,v4l2_qbuf,0,VIDEO_OUTPUT_MPLANE
13796.906918,v4l2_qbuf,0,VIDEO_CAPTURE_MPLANE
13796.910221,v4l2_dqbuf,0,VIDEO_CAPTURE_MPLANE
13796.910241,v4l2_dqbuf,0,VIDEO_OUTPUT_MPLANE
13796.910341,v4l2_qbuf,0,VIDEO_OUTPUT_MPLANE
13796.910358,v4l2_qbuf,4,VIDEO_CAPTURE_MPLANE
13796.915320,v4l2_dqbuf,4,VIDEO_CAPTURE_MPLANE
13796.915433,v4l2_dqbuf,0,VIDEO_OUTPUT_MPLANE
13796.927433,v4l2_qbuf,0,VIDEO_OUTPUT_MPLANE
13796.927452,v4l2_qbuf,2,VIDEO_CAPTURE_MPLANE
13796.930921,v4l2_dqbuf,2,VIDEO_CAPTURE_MPLANE
13796.930936,v4l2_dqbuf,0,VIDEO_OUTPUT_MPLANE
13796.940051,v4l2_qbuf,0,VIDEO_OUTPUT_MPLANE
13796.940071,v4l2_qbuf,5,VIDEO_CAPTURE_MPLANE
13796.942258,v4l2_dqbuf,5,VIDEO_CAPTURE_MPLANE
13796.942273,v4l2_dqbuf,0,VIDEO_OUTPUT_MPLANE
13796.973652,v4l2_qbuf,0,VIDEO_OUTPUT_MPLANE
13796.973683,v4l2_qbuf,4,VIDEO_CAPTURE_MPLANE
13796.976982,v4l2_dqbuf,4,VIDEO_CAPTURE_MPLANE
13796.977077,v4l2_dqbuf,0,VIDEO_OUTPUT_MPLANE
13796.977390,v4l2_qbuf,0,VIDEO_OUTPUT_MPLANE
13796.977419,v4l2_qbuf,3,VIDEO_CAPTURE_MPLANE
13796.980632,v4l2_dqbuf,3,VIDEO_CAPTURE_MPLANE
13796.980717,v4l2_dqbuf,0,VIDEO_OUTPUT_MPLANE
13796.989948,v4l2_qbuf,0,VIDEO_OUTPUT_MPLANE
13796.989967,v4l2_qbuf,0,VIDEO_CAPTURE_MPLANE
13796.993050,v4l2_dqbuf,0,VIDEO_CAPTURE_MPLANE
13796.993063,v4l2_dqbuf,0,VIDEO_OUTPUT_MPLANE
13797.006830,v4l2_qbuf,0,VIDEO_OUTPUT_MPLANE
13797.006849,v4l2_qbuf,2,VIDEO_CAPTURE_MPLANE
13797.009188,v4l2_dqbuf,2,VIDEO_CAPTURE_MPLANE
13797.009202,v4l2_dqbuf,0,VIDEO_OUTPUT_MPLANE
13797.040097,v4l2_qbuf,0,VIDEO_OUTPUT_MPLANE
13797.040118,v4l2_qbuf,3,VIDEO_CAPTURE_MPLANE
13797.043167,v4l2_dqbuf,3,VIDEO_CAPTURE_MPLANE
13797.043188,v4l2_dqbuf,0,VIDEO_OUTPUT_MPLANE
13797.043298,v4l2_qbuf,0,VIDEO_OUTPUT_MPLANE
13797.043315,v4l2_qbuf,1,VIDEO_CAPTURE_MPLANE
13797.046505,v4l2_dqbuf,1,VIDEO_CAPTURE_MPLANE
13797.046576,v4l2_dqbuf,0,VIDEO_OUTPUT_MPLANE
13797.060477,v4l2_qbuf,0,VIDEO_OUTPUT_MPLANE
13797.060496,v4l2_qbuf,4,VIDEO_CAPTURE_MPLANE
13797.063758,v4l2_dqbuf,4,VIDEO_CAPTURE_MPLANE
13797.063771,v4l2_dqbuf,0,VIDEO_OUTPUT_MPLANE
13797.073316,v4l2_qbuf,0,VIDEO_OUTPUT_MPLANE
13797.073334,v4l2_qbuf,0,VIDEO_CAPTURE_MPLANE
13797.075701,v4l2_dqbuf,0,VIDEO_CAPTURE_MPLANE
13797.075725,v4l2_dqbuf,0,VIDEO_OUTPUT_MPLANE
13797.106902,v4l2_qbuf,0,VIDEO_OUTPUT_MPLANE
13797.106920,v4l2_qbuf,1,VIDEO_CAPTURE_MPLANE
13797.110297,v4l2_dqbuf,1,VIDEO_CAPTURE_MPLANE
13797.110320,v4l2_dqbuf,0,VIDEO_OUTPUT_MPLANE
13797.110437,v4l2_qbuf,0,VIDEO_OUTPUT_MPLANE
13797.110456,v4l2_qbuf,5,VIDEO_CAPTURE_MPLANE
13797.115784,v4l2_dqbuf,5,VIDEO_CAPTURE_MPLANE
13797.115910,v4l2_dqbuf,0,VIDEO_OUTPUT_MPLANE
13797.123454,v4l2_qbuf,0,VIDEO_OUTPUT_MPLANE
13797.123477,v4l2_qbuf,3,VIDEO_CAPTURE_MPLANE
13797.126681,v4l2_dqbuf,3,VIDEO_CAPTURE_MPLANE
13797.126695,v4l2_dqbuf,0,VIDEO_OUTPUT_MPLANE
13797.140099,v4l2_qbuf,0,VIDEO_OUTPUT_MPLANE
13797.140124,v4l2_qbuf,4,VIDEO_CAPTURE_MPLANE
13797.142392,v4l2_dqbuf,4,VIDEO_CAPTURE_MPLANE
13797.142413,v4l2_dqbuf,0,VIDEO_OUTPUT_MPLANE
13797.175135,v4l2_qbuf,0,VIDEO_OUTPUT_MPLANE
13797.175157,v4l2_qbuf,5,VIDEO_CAPTURE_MPLANE
13797.178519,v4l2_dqbuf,5,VIDEO_CAPTURE_MPLANE
13797.178546,v4l2_dqbuf,0,VIDEO_OUTPUT_MPLANE
13797.178686,v4l2_qbuf,0,VIDEO_OUTPUT_MPLANE
13797.178704,v4l2_qbuf,2,VIDEO_CAPTURE_MPLANE
13797.181862,v4l2_dqbuf,2,VIDEO_CAPTURE_MPLANE
13797.181953,v4l2_dqbuf,0,VIDEO_OUTPUT_MPLANE
13797.193963,v4l2_qbuf,0,VIDEO_OUTPUT_MPLANE
13797.193980,v4l2_qbuf,1,VIDEO_CAPTURE_MPLANE
13797.197313,v4l2_dqbuf,1,VIDEO_CAPTURE_MPLANE
13797.197322,v4l2_dqbuf,0,VIDEO_OUTPUT_MPLANE
13797.206789,v4l2_qbuf,0,VIDEO_OUTPUT_MPLANE
13797.206805,v4l2_qbuf,3,VIDEO_CAPTURE_MPLANE
13797.209119,v4l2_dqbuf,3,VIDEO_CAPTURE_MPLANE
13797.209133,v4l2_dqbuf,0,VIDEO_OUTPUT_MPLANE
13797.240276,v4l2_qbuf,0,VIDEO_OUTPUT_MPLANE
13797.240315,v4l2_qbuf,2,VIDEO_CAPTURE_MPLANE
13797.243780,v4l2_dqbuf,2,VIDEO_CAPTURE_MPLANE
13797.243823,v4l2_dqbuf,0,VIDEO_OUTPUT_MPLANE
13797.244026,v4l2_qbuf,0,VIDEO_OUTPUT_MPLANE
13797.244055,v4l2_qbuf,0,VIDEO_CAPTURE_MPLANE
13797.248117,v4l2_dqbuf,0,VIDEO_CAPTURE_MPLANE
13797.248310,v4l2_dqbuf,0,VIDEO_OUTPUT_MPLANE
13797.256842,v4l2_qbuf,0,VIDEO_OUTPUT_MPLANE
13797.256872,v4l2_qbuf,5,VIDEO_CAPTURE_MPLANE
13797.260281,v4l2_dqbuf,5,VIDEO_CAPTURE_MPLANE
13797.260305,v4l2_dqbuf,0,VIDEO_OUTPUT_MPLANE
13797.273525,v4l2_qbuf,0,VIDEO_OUTPUT_MPLANE
13797.273546,v4l2_qbuf,1,VIDEO_CAPTURE_MPLANE
13797.275758,v4l2_dqbuf,1,VIDEO_CAPTURE_MPLANE
13797.275771,v4l2_dqbuf,0,VIDEO_OUTPUT_MPLANE
13797.306766,v4l2_qbuf,0,VIDEO_OUTPUT_MPLANE
13797.306791,v4l2_qbuf,0,VIDEO_CAPTURE_MPLANE
13797.310027,v4l2_dqbuf,0,VIDEO_CAPTURE_MPLANE
13797.310066,v4l2_dqbuf,0,VIDEO_OUTPUT_MPLANE
13797.310176,v4l2_qbuf,0,VIDEO_OUTPUT_MPLANE
13797.310193,v4l2_qbuf,4,VIDEO_CAPTURE_MPLANE
13797.313414,v4l2_dqbuf,4,VIDEO_CAPTURE_MPLANE
13797.313497,v4l2_dqbuf,0,VIDEO_OUTPUT_MPLANE
13797.328287,v4l2_qbuf,0,VIDEO_OUTPUT_MPLANE
13797.328308,v4l2_qbuf,2,VIDEO_CAPTURE_MPLANE
13797.331549,v4l2_dqbuf,2,VIDEO_CAPTURE_MPLANE
13797.331565,v4l2_dqbuf,0,VIDEO_OUTPUT_MPLANE
13797.340288,v4l2_qbuf,0,VIDEO_OUTPUT_MPLANE
13797.340311,v4l2_qbuf,5,VIDEO_CAPTURE_MPLANE
13797.342616,v4l2_dqbuf,5,VIDEO_CAPTURE_MPLANE
13797.342632,v4l2_dqbuf,0,VIDEO_OUTPUT_MPLANE
13797.373798,v4l2_qbuf,0,VIDEO_OUTPUT_MPLANE
13797.373820,v4l2_qbuf,4,VIDEO_CAPTURE_MPLANE
13797.377780,v4l2_dqbuf,4,VIDEO_CAPTURE_MPLANE
13797.377812,v4l2_dqbuf,0,VIDEO_OUTPUT_MPLANE
13797.377953,v4l2_qbuf,0,VIDEO_OUTPUT_MPLANE
13797.377993,v4l2_qbuf,3,VIDEO_CAPTURE_MPLANE
13797.383243,v4l2_dqbuf,3,VIDEO_CAPTURE_MPLANE
13797.383262,v4l2_dqbuf,0,VIDEO_OUTPUT_MPLANE
13797.390457,v4l2_qbuf,0,VIDEO_OUTPUT_MPLANE
13797.390485,v4l2_qbuf,0,VIDEO_CAPTURE_MPLANE
13797.392727,v4l2_dqbuf,0,VIDEO_CAPTURE_MPLANE
13797.392737,v4l2_dqbuf,0,VIDEO_OUTPUT_MPLANE
13797.406535,v4l2_qbuf,0,VIDEO_OUTPUT_MPLANE
13797.406555,v4l2_qbuf,2,VIDEO_CAPTURE_MPLANE
13797.409681,v4l2_dqbuf,2,VIDEO_CAPTURE_MPLANE
13797.409711,v4l2_dqbuf,0,VIDEO_OUTPUT_MPLANE
13797.423304,v4l2_qbuf,0,VIDEO_OUTPUT_MPLANE
13797.423321,v4l2_qbuf,1,VIDEO_CAPTURE_MPLANE
13797.426610,v4l2_dqbuf,1,VIDEO_CAPTURE_MPLANE
13797.426685,v4l2_dqbuf,0,VIDEO_OUTPUT_MPLANE
13797.439784,v4l2_qbuf,0,VIDEO_OUTPUT_MPLANE
13797.439799,v4l2_qbuf,4,VIDEO_CAPTURE_MPLANE
13797.443027,v4l2_dqbuf,4,VIDEO_CAPTURE_MPLANE
13797.443039,v4l2_dqbuf,0,VIDEO_OUTPUT_MPLANE
13797.456518,v4l2_qbuf,0,VIDEO_OUTPUT_MPLANE
13797.456576,v4l2_qbuf,3,VIDEO_CAPTURE_MPLANE
13797.458762,v4l2_dqbuf,3,VIDEO_CAPTURE_MPLANE
13797.458781,v4l2_dqbuf,0,VIDEO_OUTPUT_MPLANE
13797.490188,v4l2_qbuf,0,VIDEO_OUTPUT_MPLANE
13797.490209,v4l2_qbuf,1,VIDEO_CAPTURE_MPLANE
13797.493427,v4l2_dqbuf,1,VIDEO_CAPTURE_MPLANE
13797.493448,v4l2_dqbuf,0,VIDEO_OUTPUT_MPLANE
13797.493552,v4l2_qbuf,0,VIDEO_OUTPUT_MPLANE
13797.493567,v4l2_qbuf,5,VIDEO_CAPTURE_MPLANE
13797.496583,v4l2_dqbuf,5,VIDEO_CAPTURE_MPLANE
13797.496661,v4l2_dqbuf,0,VIDEO_OUTPUT_MPLANE
13797.513443,v4l2_qbuf,0,VIDEO_OUTPUT_MPLANE
13797.513471,v4l2_qbuf,2,VIDEO_CAPTURE_MPLANE
13797.516948,v4l2_dqbuf,2,VIDEO_CAPTURE_MPLANE
13797.516981,v4l2_dqbuf,0,VIDEO_OUTPUT_MPLANE
13797.523375,v4l2_qbuf,0,VIDEO_OUTPUT_MPLANE
13797.523398,v4l2_qbuf,4,VIDEO_CAPTURE_MPLANE
13797.525664,v4l2_dqbuf,4,VIDEO_CAPTURE_MPLANE
13797.525678,v4l2_dqbuf,0,VIDEO_OUTPUT_MPLANE
13797.556964,v4l2_qbuf,0,VIDEO_OUTPUT_MPLANE
13797.557037,v4l2_qbuf,5,VIDEO_CAPTURE_MPLANE
13797.560405,v4l2_dqbuf,5,VIDEO_CAPTURE_MPLANE
13797.560442,v4l2_dqbuf,0,VIDEO_OUTPUT_MPLANE
13797.560604,v4l2_qbuf,0,VIDEO_OUTPUT_MPLANE
13797.560627,v4l2_qbuf,0,VIDEO_CAPTURE_MPLANE
13797.564088,v4l2_dqbuf,0,VIDEO_CAPTURE_MPLANE
13797.564353,v4l2_dqbuf,0,VIDEO_OUTPUT_MPLANE
13797.573833,v4l2_qbuf,0,VIDEO_OUTPUT_MPLANE
13797.573857,v4l2_qbuf,1,VIDEO_CAPTURE_MPLANE
13797.577338,v4l2_dqbuf,1,VIDEO_CAPTURE_MPLANE
13797.577352,v4l2_dqbuf,0,VIDEO_OUTPUT_MPLANE
13797.590395,v4l2_qbuf,0,VIDEO_OUTPUT_MPLANE
13797.590511,v4l2_qbuf,2,VIDEO_CAPTURE_MPLANE
13797.592628,v4l2_dqbuf,2,VIDEO_CAPTURE_MPLANE
13797.592641,v4l2_dqbuf,0,VIDEO_OUTPUT_MPLANE
13797.623371,v4l2_qbuf,0,VIDEO_OUTPUT_MPLANE
13797.623391,v4l2_qbuf,0,VIDEO_CAPTURE_MPLANE
13797.626696,v4l2_dqbuf,0,VIDEO_CAPTURE_MPLANE
13797.626718,v4l2_dqbuf,0,VIDEO_OUTPUT_MPLANE
13797.626827,v4l2_qbuf,0,VIDEO_OUTPUT_MPLANE
13797.626845,v4l2_qbuf,3,VIDEO_CAPTURE_MPLANE
13797.630025,v4l2_dqbuf,3,VIDEO_CAPTURE_MPLANE
13797.630108,v4l2_dqbuf,0,VIDEO_OUTPUT_MPLANE
13797.640242,v4l2_qbuf,0,VIDEO_OUTPUT_MPLANE
13797.640263,v4l2_qbuf,5,VIDEO_CAPTURE_MPLANE
13797.643517,v4l2_dqbuf,5,VIDEO_CAPTURE_MPLANE
13797.643530,v4l2_dqbuf,0,VIDEO_OUTPUT_MPLANE
13797.656543,v4l2_qbuf,0,VIDEO_OUTPUT_MPLANE
13797.656564,v4l2_qbuf,1,VIDEO_CAPTURE_MPLANE
13797.658639,v4l2_dqbuf,1,VIDEO_CAPTURE_MPLANE
13797.658650,v4l2_dqbuf,0,VIDEO_OUTPUT_MPLANE
13797.673484,v4l2_qbuf,0,VIDEO_OUTPUT_MPLANE
13797.673504,v4l2_qbuf,4,VIDEO_CAPTURE_MPLANE
13797.676749,v4l2_dqbuf,4,VIDEO_CAPTURE_MPLANE
13797.676762,v4l2_dqbuf,0,VIDEO_OUTPUT_MPLANE
13797.690788,v4l2_qbuf,0,VIDEO_OUTPUT_MPLANE
13797.690809,v4l2_qbuf,3,VIDEO_CAPTURE_MPLANE
13797.693097,v4l2_dqbuf,3,VIDEO_CAPTURE_MPLANE
13797.693111,v4l2_dqbuf,0,VIDEO_OUTPUT_MPLANE
13797.723451,v4l2_qbuf,0,VIDEO_OUTPUT_MPLANE
13797.723473,v4l2_qbuf,5,VIDEO_CAPTURE_MPLANE
13797.726826,v4l2_dqbuf,5,VIDEO_CAPTURE_MPLANE
13797.726847,v4l2_dqbuf,0,VIDEO_OUTPUT_MPLANE
13797.726960,v4l2_qbuf,0,VIDEO_OUTPUT_MPLANE
13797.726977,v4l2_qbuf,0,VIDEO_CAPTURE_MPLANE
13797.730170,v4l2_dqbuf,0,VIDEO_CAPTURE_MPLANE
13797.730249,v4l2_dqbuf,0,VIDEO_OUTPUT_MPLANE
13797.739996,v4l2_qbuf,0,VIDEO_OUTPUT_MPLANE
13797.740030,v4l2_qbuf,2,VIDEO_CAPTURE_MPLANE
13797.743145,v4l2_dqbuf,2,VIDEO_CAPTURE_MPLANE
13797.743159,v4l2_dqbuf,0,VIDEO_OUTPUT_MPLANE
13797.758865,v4l2_qbuf,0,VIDEO_OUTPUT_MPLANE
13797.758895,v4l2_qbuf,4,VIDEO_CAPTURE_MPLANE
13797.761177,v4l2_dqbuf,4,VIDEO_CAPTURE_MPLANE
13797.761194,v4l2_dqbuf,0,VIDEO_OUTPUT_MPLANE
13797.794447,v4l2_qbuf,0,VIDEO_OUTPUT_MPLANE
13797.794519,v4l2_qbuf,1,VIDEO_CAPTURE_MPLANE
13797.798073,v4l2_dqbuf,1,VIDEO_CAPTURE_MPLANE
13797.798204,v4l2_dqbuf,0,VIDEO_OUTPUT_MPLANE
13797.798326,v4l2_qbuf,0,VIDEO_OUTPUT_MPLANE
13797.798344,v4l2_qbuf,5,VIDEO_CAPTURE_MPLANE
13797.800299,v4l2_dqbuf,5,VIDEO_CAPTURE_MPLANE
13797.800309,v4l2_dqbuf,0,VIDEO_OUTPUT_MPLANE
13797.810656,v4l2_qbuf,0,VIDEO_OUTPUT_MPLANE
13797.810681,v4l2_qbuf,0,VIDEO_CAPTURE_MPLANE
13797.812872,v4l2_dqbuf,0,VIDEO_CAPTURE_MPLANE
13797.812883,v4l2_dqbuf,0,VIDEO_OUTPUT_MPLANE
13797.826827,v4l2_qbuf,0,VIDEO_OUTPUT_MPLANE
13797.826852,v4l2_qbuf,2,VIDEO_CAPTURE_MPLANE
13797.830193,v4l2_dqbuf,2,VIDEO_CAPTURE_MPLANE
13797.830206,v4l2_dqbuf,0,VIDEO_OUTPUT_MPLANE
13797.843641,v4l2_qbuf,0,VIDEO_OUTPUT_MPLANE
13797.843664,v4l2_qbuf,3,VIDEO_CAPTURE_MPLANE
13797.845985,v4l2_dqbuf,3,VIDEO_CAPTURE_MPLANE
13797.845999,v4l2_dqbuf,0,VIDEO_OUTPUT_MPLANE
13797.860376,v4l2_qbuf,0,VIDEO_OUTPUT_MPLANE
13797.860400,v4l2_qbuf,1,VIDEO_CAPTURE_MPLANE
13797.863868,v4l2_dqbuf,1,VIDEO_CAPTURE_MPLANE
13797.863882,v4l2_dqbuf,0,VIDEO_OUTPUT_MPLANE
13797.877306,v4l2_qbuf,0,VIDEO_OUTPUT_MPLANE
13797.877340,v4l2_qbuf,4,VIDEO_CAPTURE_MPLANE
13797.879768,v4l2_dqbuf,4,VIDEO_CAPTURE_MPLANE
13797.879780,v4l2_dqbuf,0,VIDEO_OUTPUT_MPLANE
13797.910462,v4l2_qbuf,0,VIDEO_OUTPUT_MPLANE
13797.910521,v4l2_qbuf,2,VIDEO_CAPTURE_MPLANE
13797.913735,v4l2_dqbuf,2,VIDEO_CAPTURE_MPLANE
13797.913754,v4l2_dqbuf,0,VIDEO_OUTPUT_MPLANE
13797.913848,v4l2_qbuf,0,VIDEO_OUTPUT_MPLANE
13797.913863,v4l2_qbuf,5,VIDEO_CAPTURE_MPLANE
13797.917120,v4l2_dqbuf,5,VIDEO_CAPTURE_MPLANE
13797.917262,v4l2_dqbuf,0,VIDEO_OUTPUT_MPLANE
13797.928181,v4l2_qbuf,0,VIDEO_OUTPUT_MPLANE
13797.928257,v4l2_qbuf,0,VIDEO_CAPTURE_MPLANE
13797.931638,v4l2_dqbuf,0,VIDEO_CAPTURE_MPLANE
13797.931671,v4l2_dqbuf,0,VIDEO_OUTPUT_MPLANE
13797.960445,v4l2_qbuf,0,VIDEO_OUTPUT_MPLANE
13797.960482,v4l2_qbuf,1,VIDEO_CAPTURE_MPLANE
13797.962669,v4l2_dqbuf,1,VIDEO_CAPTURE_MPLANE
13797.962685,v4l2_dqbuf,0,VIDEO_OUTPUT_MPLANE
13797.976916,v4l2_qbuf,0,VIDEO_OUTPUT_MPLANE
13797.976938,v4l2_qbuf,5,VIDEO_CAPTURE_MPLANE
13797.980547,v4l2_dqbuf,5,VIDEO_CAPTURE_MPLANE
13797.980596,v4l2_dqbuf,0,VIDEO_OUTPUT_MPLANE
13797.980821,v4l2_qbuf,0,VIDEO_OUTPUT_MPLANE
13797.980852,v4l2_qbuf,3,VIDEO_CAPTURE_MPLANE
13797.984168,v4l2_dqbuf,3,VIDEO_CAPTURE_MPLANE
13797.984179,v4l2_dqbuf,0,VIDEO_OUTPUT_MPLANE
13797.987934,v4l2_qbuf,0,VIDEO_OUTPUT_MPLANE
13797.987957,v4l2_qbuf,2,VIDEO_CAPTURE_MPLANE
13797.990163,v4l2_dqbuf,2,VIDEO_CAPTURE_MPLANE
13797.990178,v4l2_dqbuf,0,VIDEO_OUTPUT_MPLANE
13798.022277,v4l2_qbuf,0,VIDEO_OUTPUT_MPLANE
13798.022320,v4l2_qbuf,0,VIDEO_CAPTURE_MPLANE
13798.025632,v4l2_dqbuf,0,VIDEO_CAPTURE_MPLANE
13798.025642,v4l2_dqbuf,0,VIDEO_OUTPUT_MPLANE
13798.038983,v4l2_qbuf,0,VIDEO_OUTPUT_MPLANE
13798.039014,v4l2_qbuf,4,VIDEO_CAPTURE_MPLANE
13798.041232,v4l2_dqbuf,4,VIDEO_CAPTURE_MPLANE
13798.041255,v4l2_dqbuf,0,VIDEO_OUTPUT_MPLANE
13798.073590,v4l2_qbuf,0,VIDEO_OUTPUT_MPLANE
13798.073605,v4l2_qbuf,3,VIDEO_CAPTURE_MPLANE
13798.076895,v4l2_dqbuf,3,VIDEO_CAPTURE_MPLANE
13798.076918,v4l2_dqbuf,0,VIDEO_OUTPUT_MPLANE
13798.077050,v4l2_qbuf,0,VIDEO_OUTPUT_MPLANE
13798.077069,v4l2_qbuf,5,VIDEO_CAPTURE_MPLANE
13798.080256,v4l2_dqbuf,5,VIDEO_CAPTURE_MPLANE
13798.080347,v4l2_dqbuf,0,VIDEO_OUTPUT_MPLANE
13798.094592,v4l2_qbuf,0,VIDEO_OUTPUT_MPLANE
13798.094611,v4l2_qbuf,1,VIDEO_CAPTURE_MPLANE
13798.097904,v4l2_dqbuf,1,VIDEO_CAPTURE_MPLANE
13798.097923,v4l2_dqbuf,0,VIDEO_OUTPUT_MPLANE
13798.105606,v4l2_qbuf,0,VIDEO_OUTPUT_MPLANE
13798.105624,v4l2_qbuf,0,VIDEO_CAPTURE_MPLANE
13798.107758,v4l2_dqbuf,0,VIDEO_CAPTURE_MPLANE
13798.107781,v4l2_dqbuf,0,VIDEO_OUTPUT_MPLANE
13798.139338,v4l2_qbuf,0,VIDEO_OUTPUT_MPLANE
13798.139378,v4l2_qbuf,5,VIDEO_CAPTURE_MPLANE
13798.142532,v4l2_dqbuf,5,VIDEO_CAPTURE_MPLANE
13798.142553,v4l2_dqbuf,0,VIDEO_OUTPUT_MPLANE
13798.142660,v4l2_qbuf,0,VIDEO_OUTPUT_MPLANE
13798.142675,v4l2_qbuf,2,VIDEO_CAPTURE_MPLANE
13798.145625,v4l2_dqbuf,2,VIDEO_CAPTURE_MPLANE
13798.145687,v4l2_dqbuf,0,VIDEO_OUTPUT_MPLANE
13798.160978,v4l2_qbuf,0,VIDEO_OUTPUT_MPLANE
13798.160998,v4l2_qbuf,3,VIDEO_CAPTURE_MPLANE
13798.164225,v4l2_dqbuf,3,VIDEO_CAPTURE_MPLANE
13798.164245,v4l2_dqbuf,0,VIDEO_OUTPUT_MPLANE
13798.172282,v4l2_qbuf,0,VIDEO_OUTPUT_MPLANE
13798.172393,v4l2_qbuf,1,VIDEO_CAPTURE_MPLANE
13798.174666,v4l2_dqbuf,1,VIDEO_CAPTURE_MPLANE
13798.174680,v4l2_dqbuf,0,VIDEO_OUTPUT_MPLANE
13798.189322,v4l2_qbuf,0,VIDEO_OUTPUT_MPLANE
13798.189343,v4l2_qbuf,4,VIDEO_CAPTURE_MPLANE
13798.192534,v4l2_dqbuf,4,VIDEO_CAPTURE_MPLANE
13798.192548,v4l2_dqbuf,0,VIDEO_OUTPUT_MPLANE
13798.205758,v4l2_qbuf,0,VIDEO_OUTPUT_MPLANE
13798.205778,v4l2_qbuf,2,VIDEO_CAPTURE_MPLANE
13798.207924,v4l2_dqbuf,2,VIDEO_CAPTURE_MPLANE
13798.207936,v4l2_dqbuf,0,VIDEO_OUTPUT_MPLANE
13798.222371,v4l2_qbuf,0,VIDEO_OUTPUT_MPLANE
13798.222393,v4l2_qbuf,5,VIDEO_CAPTURE_MPLANE
13798.225778,v4l2_dqbuf,5,VIDEO_CAPTURE_MPLANE
13798.225795,v4l2_dqbuf,0,VIDEO_OUTPUT_MPLANE
13798.239252,v4l2_qbuf,0,VIDEO_OUTPUT_MPLANE
13798.239271,v4l2_qbuf,3,VIDEO_CAPTURE_MPLANE
13798.241421,v4l2_dqbuf,3,VIDEO_CAPTURE_MPLANE
13798.241442,v4l2_dqbuf,0,VIDEO_OUTPUT_MPLANE
13798.272572,v4l2_qbuf,0,VIDEO_OUTPUT_MPLANE
13798.272591,v4l2_qbuf,4,VIDEO_CAPTURE_MPLANE
13798.275993,v4l2_dqbuf,4,VIDEO_CAPTURE_MPLANE
13798.276062,v4l2_dqbuf,0,VIDEO_OUTPUT_MPLANE
13798.276293,v4l2_qbuf,0,VIDEO_OUTPUT_MPLANE
13798.276331,v4l2_qbuf,0,VIDEO_CAPTURE_MPLANE
13798.279698,v4l2_dqbuf,0,VIDEO_CAPTURE_MPLANE
13798.279890,v4l2_dqbuf,0,VIDEO_OUTPUT_MPLANE
13798.289770,v4l2_qbuf,0,VIDEO_OUTPUT_MPLANE
13798.289815,v4l2_qbuf,1,VIDEO_CAPTURE_MPLANE
13798.293127,v4l2_dqbuf,1,VIDEO_CAPTURE_MPLANE
13798.293157,v4l2_dqbuf,0,VIDEO_OUTPUT_MPLANE
13798.305970,v4l2_qbuf,0,VIDEO_OUTPUT_MPLANE
13798.305990,v4l2_qbuf,5,VIDEO_CAPTURE_MPLANE
13798.308236,v4l2_dqbuf,5,VIDEO_CAPTURE_MPLANE
13798.308262,v4l2_dqbuf,0,VIDEO_OUTPUT_MPLANE
13798.339293,v4l2_qbuf,0,VIDEO_OUTPUT_MPLANE
13798.339315,v4l2_qbuf,0,VIDEO_CAPTURE_MPLANE
13798.342605,v4l2_dqbuf,0,VIDEO_CAPTURE_MPLANE
13798.342645,v4l2_dqbuf,0,VIDEO_OUTPUT_MPLANE
13798.342845,v4l2_qbuf,0,VIDEO_OUTPUT_MPLANE
13798.342868,v4l2_qbuf,2,VIDEO_CAPTURE_MPLANE
13798.346058,v4l2_dqbuf,2,VIDEO_CAPTURE_MPLANE
13798.346180,v4l2_dqbuf,0,VIDEO_OUTPUT_MPLANE
13798.356199,v4l2_qbuf,0,VIDEO_OUTPUT_MPLANE
13798.356270,v4l2_qbuf,4,VIDEO_CAPTURE_MPLANE
13798.359652,v4l2_dqbuf,4,VIDEO_CAPTURE_MPLANE
13798.359676,v4l2_dqbuf,0,VIDEO_OUTPUT_MPLANE
13798.372448,v4l2_qbuf,0,VIDEO_OUTPUT_MPLANE
13798.372469,v4l2_qbuf,1,VIDEO_CAPTURE_MPLANE
13798.374724,v4l2_dqbuf,1,VIDEO_CAPTURE_MPLANE
13798.374738,v4l2_dqbuf,0,VIDEO_OUTPUT_MPLANE
13798.405509,v4l2_qbuf,0,VIDEO_OUTPUT_MPLANE
13798.405528,v4l2_qbuf,2,VIDEO_CAPTURE_MPLANE
13798.408822,v4l2_dqbuf,2,VIDEO_CAPTURE_MPLANE
13798.408845,v4l2_dqbuf,0,VIDEO_OUTPUT_MPLANE
13798.408962,v4l2_qbuf,0,VIDEO_OUTPUT_MPLANE
13798.408981,v4l2_qbuf,3,VIDEO_CAPTURE_MPLANE
13798.412270,v4l2_dqbuf,3,VIDEO_CAPTURE_MPLANE
13798.412353,v4l2_dqbuf,0,VIDEO_OUTPUT_MPLANE
13798.422377,v4l2_qbuf,0,VIDEO_OUTPUT_MPLANE
13798.422396,v4l2_qbuf,0,VIDEO_CAPTURE_MPLANE
13798.425670,v4l2_dqbuf,0,VIDEO_CAPTURE_MPLANE
13798.425688,v4l2_dqbuf,0,VIDEO_OUTPUT_MPLANE
13798.439248,v4l2_qbuf,0,VIDEO_OUTPUT_MPLANE
13798.439268,v4l2_qbuf,4,VIDEO_CAPTURE_MPLANE
13798.441590,v4l2_dqbuf,4,VIDEO_CAPTURE_MPLANE
13798.441621,v4l2_dqbuf,0,VIDEO_OUTPUT_MPLANE
13798.472955,v4l2_qbuf,0,VIDEO_OUTPUT_MPLANE
13798.472976,v4l2_qbuf,3,VIDEO_CAPTURE_MPLANE
13798.476383,v4l2_dqbuf,3,VIDEO_CAPTURE_MPLANE
13798.476408,v4l2_dqbuf,0,VIDEO_OUTPUT_MPLANE
13798.476527,v4l2_qbuf,0,VIDEO_OUTPUT_MPLANE
13798.476544,v4l2_qbuf,2,VIDEO_CAPTURE_MPLANE
13798.476673,v4l2_qbuf,1,VIDEO_OUTPUT_MPLANE
13798.476682,v4l2_qbuf,5,VIDEO_CAPTURE_MPLANE
13798.479903,v4l2_dqbuf,2,VIDEO_CAPTURE_MPLANE
13798.480050,v4l2_dqbuf,0,VIDEO_OUTPUT_MPLANE
13798.486140,v4l2_dqbuf,5,VIDEO_CAPTURE_MPLANE
13798.486159,v4l2_dqbuf,1,VIDEO_OUTPUT_MPLANE
13798.504334,v4l2_qbuf,0,VIDEO_OUTPUT_MPLANE
13798.504354,v4l2_qbuf,0,VIDEO_CAPTURE_MPLANE
13798.506460,v4l2_dqbuf,0,VIDEO_CAPTURE_MPLANE
13798.506486,v4l2_dqbuf,0,VIDEO_OUTPUT_MPLANE
13798.537969,v4l2_qbuf,0,VIDEO_OUTPUT_MPLANE
13798.538052,v4l2_qbuf,2,VIDEO_CAPTURE_MPLANE
13798.541522,v4l2_dqbuf,2,VIDEO_CAPTURE_MPLANE
13798.541579,v4l2_dqbuf,0,VIDEO_OUTPUT_MPLANE
13798.541789,v4l2_qbuf,0,VIDEO_OUTPUT_MPLANE
13798.541811,v4l2_qbuf,1,VIDEO_CAPTURE_MPLANE
13798.545050,v4l2_dqbuf,1,VIDEO_CAPTURE_MPLANE
13798.545234,v4l2_dqbuf,0,VIDEO_OUTPUT_MPLANE
13798.556876,v4l2_qbuf,0,VIDEO_OUTPUT_MPLANE
13798.556902,v4l2_qbuf,3,VIDEO_CAPTURE_MPLANE
13798.560152,v4l2_dqbuf,3,VIDEO_CAPTURE_MPLANE
13798.560167,v4l2_dqbuf,0,VIDEO_OUTPUT_MPLANE
13798.571226,v4l2_qbuf,0,VIDEO_OUTPUT_MPLANE
13798.571254,v4l2_qbuf,5,VIDEO_CAPTURE_MPLANE
13798.573558,v4l2_dqbuf,5,VIDEO_CAPTURE_MPLANE
13798.573586,v4l2_dqbuf,0,VIDEO_OUTPUT_MPLANE
13798.604625,v4l2_qbuf,0,VIDEO_OUTPUT_MPLANE
13798.604644,v4l2_qbuf,1,VIDEO_CAPTURE_MPLANE
13798.607873,v4l2_dqbuf,1,VIDEO_CAPTURE_MPLANE
13798.607929,v4l2_dqbuf,0,VIDEO_OUTPUT_MPLANE
13798.608157,v4l2_qbuf,0,VIDEO_OUTPUT_MPLANE
13798.608186,v4l2_qbuf,4,VIDEO_CAPTURE_MPLANE
13798.611549,v4l2_dqbuf,4,VIDEO_CAPTURE_MPLANE
13798.611565,v4l2_dqbuf,0,VIDEO_OUTPUT_MPLANE
13798.625660,v4l2_qbuf,0,VIDEO_OUTPUT_MPLANE
13798.625681,v4l2_qbuf,2,VIDEO_CAPTURE_MPLANE
13798.627963,v4l2_dqbuf,2,VIDEO_CAPTURE_MPLANE
13798.627978,v4l2_dqbuf,0,VIDEO_OUTPUT_MPLANE
13798.637685,v4l2_qbuf,0,VIDEO_OUTPUT_MPLANE
13798.637705,v4l2_qbuf,3,VIDEO_CAPTURE_MPLANE
13798.640862,v4l2_dqbuf,3,VIDEO_CAPTURE_MPLANE
13798.640877,v4l2_dqbuf,0,VIDEO_OUTPUT_MPLANE
13798.659959,v4l2_qbuf,0,VIDEO_OUTPUT_MPLANE
13798.659988,v4l2_qbuf,0,VIDEO_CAPTURE_MPLANE
13798.663310,v4l2_dqbuf,0,VIDEO_CAPTURE_MPLANE
13798.663386,v4l2_dqbuf,0,VIDEO_OUTPUT_MPLANE
13798.671249,v4l2_qbuf,0,VIDEO_OUTPUT_MPLANE
13798.671277,v4l2_qbuf,1,VIDEO_CAPTURE_MPLANE
13798.674445,v4l2_dqbuf,1,VIDEO_CAPTURE_MPLANE
13798.674458,v4l2_dqbuf,0,VIDEO_OUTPUT_MPLANE
13798.687645,v4l2_qbuf,0,VIDEO_OUTPUT_MPLANE
13798.687666,v4l2_qbuf,4,VIDEO_CAPTURE_MPLANE
13798.689883,v4l2_dqbuf,4,VIDEO_CAPTURE_MPLANE
13798.689910,v4l2_dqbuf,0,VIDEO_OUTPUT_MPLANE
13798.721251,v4l2_qbuf,0,VIDEO_OUTPUT_MPLANE
13798.721293,v4l2_qbuf,0,VIDEO_CAPTURE_MPLANE
13798.724574,v4l2_dqbuf,0,VIDEO_CAPTURE_MPLANE
13798.724618,v4l2_dqbuf,0,VIDEO_OUTPUT_MPLANE
13798.724831,v4l2_qbuf,0,VIDEO_OUTPUT_MPLANE
13798.724861,v4l2_qbuf,5,VIDEO_CAPTURE_MPLANE
13798.730133,v4l2_dqbuf,5,VIDEO_CAPTURE_MPLANE
13798.730284,v4l2_dqbuf,0,VIDEO_OUTPUT_MPLANE
13798.744626,v4l2_qbuf,0,VIDEO_OUTPUT_MPLANE
13798.744666,v4l2_qbuf,3,VIDEO_CAPTURE_MPLANE
13798.747931,v4l2_dqbuf,3,VIDEO_CAPTURE_MPLANE
13798.747942,v4l2_dqbuf,0,VIDEO_OUTPUT_MPLANE
13798.756760,v4l2_qbuf,0,VIDEO_OUTPUT_MPLANE
13798.756790,v4l2_qbuf,1,VIDEO_CAPTURE_MPLANE
13798.758963,v4l2_dqbuf,1,VIDEO_CAPTURE_MPLANE
13798.758979,v4l2_dqbuf,0,VIDEO_OUTPUT_MPLANE
13798.787578,v4l2_qbuf,0,VIDEO_OUTPUT_MPLANE
13798.787600,v4l2_qbuf,5,VIDEO_CAPTURE_MPLANE
13798.790828,v4l2_dqbuf,5,VIDEO_CAPTURE_MPLANE
13798.790851,v4l2_dqbuf,0,VIDEO_OUTPUT_MPLANE
13798.790991,v4l2_qbuf,0,VIDEO_OUTPUT_MPLANE
13798.791019,v4l2_qbuf,2,VIDEO_CAPTURE_MPLANE
13798.794278,v4l2_dqbuf,2,VIDEO_CAPTURE_MPLANE
13798.794391,v4l2_dqbuf,0,VIDEO_OUTPUT_MPLANE
13798.804267,v4l2_qbuf,0,VIDEO_OUTPUT_MPLANE
13798.804291,v4l2_qbuf,0,VIDEO_CAPTURE_MPLANE
13798.806178,v4l2_dqbuf,0,VIDEO_CAPTURE_MPLANE
13798.806189,v4l2_dqbuf,0,VIDEO_OUTPUT_MPLANE
13798.820826,v4l2_qbuf,0,VIDEO_OUTPUT_MPLANE
13798.820859,v4l2_qbuf,3,VIDEO_CAPTURE_MPLANE
13798.822978,v4l2_dqbuf,3,VIDEO_CAPTURE_MPLANE
13798.823020,v4l2_dqbuf,0,VIDEO_OUTPUT_MPLANE
13798.837372,v4l2_qbuf,0,VIDEO_OUTPUT_MPLANE
13798.837413,v4l2_qbuf,4,VIDEO_CAPTURE_MPLANE
13798.840735,v4l2_dqbuf,4,VIDEO_CAPTURE_MPLANE
13798.840760,v4l2_dqbuf,0,VIDEO_OUTPUT_MPLANE
13798.854388,v4l2_qbuf,0,VIDEO_OUTPUT_MPLANE
13798.854431,v4l2_qbuf,5,VIDEO_CAPTURE_MPLANE
13798.857604,v4l2_dqbuf,5,VIDEO_CAPTURE_MPLANE
13798.857614,v4l2_dqbuf,0,VIDEO_OUTPUT_MPLANE
13798.871887,v4l2_qbuf,0,VIDEO_OUTPUT_MPLANE
13798.871912,v4l2_qbuf,2,VIDEO_CAPTURE_MPLANE
13798.874028,v4l2_dqbuf,2,VIDEO_CAPTURE_MPLANE
13798.874043,v4l2_dqbuf,0,VIDEO_OUTPUT_MPLANE
13798.888271,v4l2_qbuf,0,VIDEO_OUTPUT_MPLANE
13798.888289,v4l2_qbuf,1,VIDEO_CAPTURE_MPLANE
13798.891493,v4l2_dqbuf,1,VIDEO_CAPTURE_MPLANE
13798.891511,v4l2_dqbuf,0,VIDEO_OUTPUT_MPLANE
13798.904268,v4l2_qbuf,0,VIDEO_OUTPUT_MPLANE
13798.904289,v4l2_qbuf,0,VIDEO_CAPTURE_MPLANE
13798.907578,v4l2_dqbuf,0,VIDEO_CAPTURE_MPLANE
13798.907678,v4l2_dqbuf,0,VIDEO_OUTPUT_MPLANE
13798.921126,v4l2_qbuf,0,VIDEO_OUTPUT_MPLANE
13798.921144,v4l2_qbuf,4,VIDEO_CAPTURE_MPLANE
13798.924370,v4l2_dqbuf,4,VIDEO_CAPTURE_MPLANE
13798.924383,v4l2_dqbuf,0,VIDEO_OUTPUT_MPLANE
13798.937904,v4l2_qbuf,0,VIDEO_OUTPUT_MPLANE
13798.937943,v4l2_qbuf,5,VIDEO_CAPTURE_MPLANE
13798.940374,v4l2_dqbuf,5,VIDEO_CAPTURE_MPLANE
13798.940388,v4l2_dqbuf,0,VIDEO_OUTPUT_MPLANE
13798.954463,v4l2_qbuf,0,VIDEO_OUTPUT_MPLANE
13798.954499,v4l2_qbuf,3,VIDEO_CAPTURE_MPLANE
13798.957816,v4l2_dqbuf,3,VIDEO_CAPTURE_MPLANE
13798.957847,v4l2_dqbuf,0,VIDEO_OUTPUT_MPLANE
13798.972185,v4l2_qbuf,0,VIDEO_OUTPUT_MPLANE
13798.972206,v4l2_qbuf,0,VIDEO_CAPTURE_MPLANE
13798.974527,v4l2_dqbuf,0,VIDEO_CAPTURE_MPLANE
13798.974542,v4l2_dqbuf,0,VIDEO_OUTPUT_MPLANE
13799.004627,v4l2_qbuf,0,VIDEO_OUTPUT_MPLANE
13799.004655,v4l2_qbuf,4,VIDEO_CAPTURE_MPLANE
13799.008017,v4l2_dqbuf,4,VIDEO_CAPTURE_MPLANE
13799.008045,v4l2_dqbuf,0,VIDEO_OUTPUT_MPLANE
13799.008186,v4l2_qbuf,0,VIDEO_OUTPUT_MPLANE
13799.008207,v4l2_qbuf,1,VIDEO_CAPTURE_MPLANE
13799.011338,v4l2_dqbuf,1,VIDEO_CAPTURE_MPLANE
13799.011424,v4l2_dqbuf,0,VIDEO_OUTPUT_MPLANE
13799.025388,v4l2_qbuf,0,VIDEO_OUTPUT_MPLANE
13799.025409,v4l2_qbuf,2,VIDEO_CAPTURE_MPLANE
13799.028709,v4l2_dqbuf,2,VIDEO_CAPTURE_MPLANE
13799.028727,v4l2_dqbuf,0,VIDEO_OUTPUT_MPLANE
13799.037468,v4l2_qbuf,0,VIDEO_OUTPUT_MPLANE
13799.037495,v4l2_qbuf,3,VIDEO_CAPTURE_MPLANE
13799.039730,v4l2_dqbuf,3,VIDEO_CAPTURE_MPLANE
13799.039744,v4l2_dqbuf,0,VIDEO_OUTPUT_MPLANE
13799.070997,v4l2_qbuf,0,VIDEO_OUTPUT_MPLANE
13799.071052,v4l2_qbuf,1,VIDEO_CAPTURE_MPLANE
13799.074355,v4l2_dqbuf,1,VIDEO_CAPTURE_MPLANE
13799.074374,v4l2_dqbuf,0,VIDEO_OUTPUT_MPLANE
13799.074467,v4l2_qbuf,0,VIDEO_OUTPUT_MPLANE
13799.074481,v4l2_qbuf,5,VIDEO_CAPTURE_MPLANE
13799.077782,v4l2_dqbuf,5,VIDEO_CAPTURE_MPLANE
13799.077876,v4l2_dqbuf,0,VIDEO_OUTPUT_MPLANE
13799.088342,v4l2_qbuf,0,VIDEO_OUTPUT_MPLANE
13799.088367,v4l2_qbuf,4,VIDEO_CAPTURE_MPLANE
13799.091506,v4l2_dqbuf,4,VIDEO_CAPTURE_MPLANE
13799.091518,v4l2_dqbuf,0,VIDEO_OUTPUT_MPLANE
13799.104568,v4l2_qbuf,0,VIDEO_OUTPUT_MPLANE
13799.104597,v4l2_qbuf,2,VIDEO_CAPTURE_MPLANE
13799.107194,v4l2_dqbuf,2,VIDEO_CAPTURE_MPLANE
13799.107210,v4l2_dqbuf,0,VIDEO_OUTPUT_MPLANE
13799.137288,v4l2_qbuf,0,VIDEO_OUTPUT_MPLANE
13799.137303,v4l2_qbuf,5,VIDEO_CAPTURE_MPLANE
13799.140479,v4l2_dqbuf,5,VIDEO_CAPTURE_MPLANE
13799.140499,v4l2_dqbuf,0,VIDEO_OUTPUT_MPLANE
13799.140604,v4l2_qbuf,0,VIDEO_OUTPUT_MPLANE
13799.140617,v4l2_qbuf,0,VIDEO_CAPTURE_MPLANE
13799.143747,v4l2_dqbuf,0,VIDEO_CAPTURE_MPLANE
13799.143823,v4l2_dqbuf,0,VIDEO_OUTPUT_MPLANE
13799.156007,v4l2_qbuf,0,VIDEO_OUTPUT_MPLANE
13799.156024,v4l2_qbuf,1,VIDEO_CAPTURE_MPLANE
13799.159157,v4l2_dqbuf,1,VIDEO_CAPTURE_MPLANE
13799.159169,v4l2_dqbuf,0,VIDEO_OUTPUT_MPLANE
13799.172699,v4l2_qbuf,0,VIDEO_OUTPUT_MPLANE
13799.172721,v4l2_qbuf,4,VIDEO_CAPTURE_MPLANE
13799.174867,v4l2_dqbuf,4,VIDEO_CAPTURE_MPLANE
13799.174878,v4l2_dqbuf,0,VIDEO_OUTPUT_MPLANE
13799.206598,v4l2_qbuf,0,VIDEO_OUTPUT_MPLANE
13799.206624,v4l2_qbuf,0,VIDEO_CAPTURE_MPLANE
13799.209871,v4l2_dqbuf,0,VIDEO_CAPTURE_MPLANE
13799.209894,v4l2_dqbuf,0,VIDEO_OUTPUT_MPLANE
13799.209994,v4l2_qbuf,0,VIDEO_OUTPUT_MPLANE
13799.210019,v4l2_qbuf,3,VIDEO_CAPTURE_MPLANE
13799.213147,v4l2_dqbuf,3,VIDEO_CAPTURE_MPLANE
13799.213215,v4l2_dqbuf,0,VIDEO_OUTPUT_MPLANE
13799.222636,v4l2_qbuf,0,VIDEO_OUTPUT_MPLANE
13799.222657,v4l2_qbuf,5,VIDEO_CAPTURE_MPLANE
13799.225827,v4l2_dqbuf,5,VIDEO_CAPTURE_MPLANE
13799.225838,v4l2_dqbuf,0,VIDEO_OUTPUT_MPLANE
13799.239400,v4l2_qbuf,0,VIDEO_OUTPUT_MPLANE
13799.239417,v4l2_qbuf,1,VIDEO_CAPTURE_MPLANE
13799.241581,v4l2_dqbuf,1,VIDEO_CAPTURE_MPLANE
13799.241594,v4l2_dqbuf,0,VIDEO_OUTPUT_MPLANE
13799.273086,v4l2_qbuf,0,VIDEO_OUTPUT_MPLANE
13799.273160,v4l2_qbuf,3,VIDEO_CAPTURE_MPLANE
13799.276429,v4l2_dqbuf,3,VIDEO_CAPTURE_MPLANE
13799.276450,v4l2_dqbuf,0,VIDEO_OUTPUT_MPLANE
13799.276550,v4l2_qbuf,0,VIDEO_OUTPUT_MPLANE
13799.276564,v4l2_qbuf,2,VIDEO_CAPTURE_MPLANE
13799.279684,v4l2_dqbuf,2,VIDEO_CAPTURE_MPLANE
13799.279805,v4l2_dqbuf,0,VIDEO_OUTPUT_MPLANE
13799.293939,v4l2_qbuf,0,VIDEO_OUTPUT_MPLANE
13799.293973,v4l2_qbuf,0,VIDEO_CAPTURE_MPLANE
13799.297360,v4l2_dqbuf,0,VIDEO_CAPTURE_MPLANE
13799.297380,v4l2_dqbuf,0,VIDEO_OUTPUT_MPLANE
13799.306288,v4l2_qbuf,0,VIDEO_OUTPUT_MPLANE
13799.306309,v4l2_qbuf,5,VIDEO_CAPTURE_MPLANE
13799.308730,v4l2_dqbuf,5,VIDEO_CAPTURE_MPLANE
13799.308750,v4l2_dqbuf,0,VIDEO_OUTPUT_MPLANE
13799.339656,v4l2_qbuf,0,VIDEO_OUTPUT_MPLANE
13799.339679,v4l2_qbuf,2,VIDEO_CAPTURE_MPLANE
13799.342914,v4l2_dqbuf,2,VIDEO_CAPTURE_MPLANE
13799.342936,v4l2_dqbuf,0,VIDEO_OUTPUT_MPLANE
13799.343068,v4l2_qbuf,0,VIDEO_OUTPUT_MPLANE
13799.343085,v4l2_qbuf,4,VIDEO_CAPTURE_MPLANE
13799.348348,v4l2_dqbuf,4,VIDEO_CAPTURE_MPLANE
13799.348482,v4l2_dqbuf,0,VIDEO_OUTPUT_MPLANE
13799.356540,v4l2_qbuf,0,VIDEO_OUTPUT_MPLANE
13799.356578,v4l2_qbuf,3,VIDEO_CAPTURE_MPLANE
13799.359935,v4l2_dqbuf,3,VIDEO_CAPTURE_MPLANE
13799.359955,v4l2_dqbuf,0,VIDEO_OUTPUT_MPLANE
13799.373229,v4l2_qbuf,0,VIDEO_OUTPUT_MPLANE
13799.373269,v4l2_qbuf,0,VIDEO_CAPTURE_MPLANE
13799.375542,v4l2_dqbuf,0,VIDEO_CAPTURE_MPLANE
13799.375569,v4l2_dqbuf,0,VIDEO_OUTPUT_MPLANE
13799.406131,v4l2_qbuf,0,VIDEO_OUTPUT_MPLANE
13799.406152,v4l2_qbuf,4,VIDEO_CAPTURE_MPLANE
13799.409453,v4l2_dqbuf,4,VIDEO_CAPTURE_MPLANE
13799.409477,v4l2_dqbuf,0,VIDEO_OUTPUT_MPLANE
13799.409594,v4l2_qbuf,0,VIDEO_OUTPUT_MPLANE
13799.409611,v4l2_qbuf,1,VIDEO_CAPTURE_MPLANE
13799.412822,v4l2_dqbuf,1,VIDEO_CAPTURE_MPLANE
13799.412904,v4l2_dqbuf,0,VIDEO_OUTPUT_MPLANE
13799.419502,v4l2_qbuf,0,VIDEO_OUTPUT_MPLANE
13799.419520,v4l2_qbuf,2,VIDEO_CAPTURE_MPLANE
13799.422630,v4l2_dqbuf,2,VIDEO_CAPTURE_MPLANE
13799.422647,v4l2_dqbuf,0,VIDEO_OUTPUT_MPLANE
13799.424020,v4l2_qbuf,0,VIDEO_OUTPUT_MPLANE
13799.424039,v4l2_qbuf,3,VIDEO_CAPTURE_MPLANE
13799.426358,v4l2_dqbuf,3,VIDEO_CAPTURE_MPLANE
13799.426372,v4l2_dqbuf,0,VIDEO_OUTPUT_MPLANE
13799.474288,v4l2_qbuf,0,VIDEO_OUTPUT_MPLANE
13799.474309,v4l2_qbuf,1,VIDEO_CAPTURE_MPLANE
13799.477525,v4l2_dqbuf,1,VIDEO_CAPTURE_MPLANE
13799.477563,v4l2_dqbuf,0,VIDEO_OUTPUT_MPLANE
13799.477764,v4l2_qbuf,0,VIDEO_OUTPUT_MPLANE
13799.477802,v4l2_qbuf,5,VIDEO_CAPTURE_MPLANE
13799.481065,v4l2_dqbuf,5,VIDEO_CAPTURE_MPLANE
13799.481254,v4l2_dqbuf,0,VIDEO_OUTPUT_MPLANE
13799.490709,v4l2_qbuf,0,VIDEO_OUTPUT_MPLANE
13799.490727,v4l2_qbuf,4,VIDEO_CAPTURE_MPLANE
13799.493824,v4l2_dqbuf,4,VIDEO_CAPTURE_MPLANE
13799.493840,v4l2_dqbuf,0,VIDEO_OUTPUT_MPLANE
13799.507456,v4l2_qbuf,0,VIDEO_OUTPUT_MPLANE
13799.507490,v4l2_qbuf,2,VIDEO_CAPTURE_MPLANE
13799.509598,v4l2_dqbuf,2,VIDEO_CAPTURE_MPLANE
13799.509625,v4l2_dqbuf,0,VIDEO_OUTPUT_MPLANE
13799.540813,v4l2_qbuf,0,VIDEO_OUTPUT_MPLANE
13799.540834,v4l2_qbuf,5,VIDEO_CAPTURE_MPLANE
13799.543886,v4l2_dqbuf,5,VIDEO_CAPTURE_MPLANE
13799.543907,v4l2_dqbuf,0,VIDEO_OUTPUT_MPLANE
13799.544028,v4l2_qbuf,0,VIDEO_OUTPUT_MPLANE
13799.544044,v4l2_qbuf,0,VIDEO_CAPTURE_MPLANE
13799.548966,v4l2_dqbuf,0,VIDEO_CAPTURE_MPLANE
13799.549091,v4l2_dqbuf,0,VIDEO_OUTPUT_MPLANE
13799.557784,v4l2_qbuf,0,VIDEO_OUTPUT_MPLANE
13799.557803,v4l2_qbuf,1,VIDEO_CAPTURE_MPLANE
13799.561023,v4l2_dqbuf,1,VIDEO_CAPTURE_MPLANE
13799.561036,v4l2_dqbuf,0,VIDEO_OUTPUT_MPLANE
13799.574326,v4l2_qbuf,0,VIDEO_OUTPUT_MPLANE
13799.574347,v4l2_qbuf,4,VIDEO_CAPTURE_MPLANE
13799.576561,v4l2_dqbuf,4,VIDEO_CAPTURE_MPLANE
13799.576574,v4l2_dqbuf,0,VIDEO_OUTPUT_MPLANE
13799.607675,v4l2_qbuf,0,VIDEO_OUTPUT_MPLANE
13799.607696,v4l2_qbuf,0,VIDEO_CAPTURE_MPLANE
13799.610921,v4l2_dqbuf,0,VIDEO_CAPTURE_MPLANE
13799.610949,v4l2_dqbuf,0,VIDEO_OUTPUT_MPLANE
13799.611099,v4l2_qbuf,0,VIDEO_OUTPUT_MPLANE
13799.611117,v4l2_qbuf,3,VIDEO_CAPTURE_MPLANE
13799.614374,v4l2_dqbuf,3,VIDEO_CAPTURE_MPLANE
13799.614477,v4l2_dqbuf,0,VIDEO_OUTPUT_MPLANE
13799.624329,v4l2_qbuf,0,VIDEO_OUTPUT_MPLANE
13799.624350,v4l2_qbuf,5,VIDEO_CAPTURE_MPLANE
13799.627468,v4l2_dqbuf,5,VIDEO_CAPTURE_MPLANE
13799.627484,v4l2_dqbuf,0,VIDEO_OUTPUT_MPLANE
13799.640832,v4l2_qbuf,0,VIDEO_OUTPUT_MPLANE
13799.640853,v4l2_qbuf,1,VIDEO_CAPTURE_MPLANE
13799.643129,v4l2_dqbuf,1,VIDEO_CAPTURE_MPLANE
13799.643143,v4l2_dqbuf,0,VIDEO_OUTPUT_MPLANE
13799.674436,v4l2_qbuf,0,VIDEO_OUTPUT_MPLANE
13799.674466,v4l2_qbuf,3,VIDEO_CAPTURE_MPLANE
13799.677507,v4l2_dqbuf,3,VIDEO_CAPTURE_MPLANE
13799.677526,v4l2_dqbuf,0,VIDEO_OUTPUT_MPLANE
13799.677618,v4l2_qbuf,0,VIDEO_OUTPUT_MPLANE
13799.677631,v4l2_qbuf,2,VIDEO_CAPTURE_MPLANE
13799.680675,v4l2_dqbuf,2,VIDEO_CAPTURE_MPLANE
13799.680751,v4l2_dqbuf,0,VIDEO_OUTPUT_MPLANE
13799.690882,v4l2_qbuf,0,VIDEO_OUTPUT_MPLANE
13799.690907,v4l2_qbuf,0,VIDEO_CAPTURE_MPLANE
13799.693982,v4l2_dqbuf,0,VIDEO_CAPTURE_MPLANE
13799.693997,v4l2_dqbuf,0,VIDEO_OUTPUT_MPLANE
13799.707838,v4l2_qbuf,0,VIDEO_OUTPUT_MPLANE
13799.707877,v4l2_qbuf,5,VIDEO_CAPTURE_MPLANE
13799.710024,v4l2_dqbuf,5,VIDEO_CAPTURE_MPLANE
13799.710040,v4l2_dqbuf,0,VIDEO_OUTPUT_MPLANE
13799.758374,v4l2_qbuf,0,VIDEO_OUTPUT_MPLANE
13799.758415,v4l2_qbuf,2,VIDEO_CAPTURE_MPLANE
13799.763388,v4l2_dqbuf,2,VIDEO_CAPTURE_MPLANE
13799.763416,v4l2_dqbuf,0,VIDEO_OUTPUT_MPLANE
13799.763538,v4l2_qbuf,0,VIDEO_OUTPUT_MPLANE
13799.763556,v4l2_qbuf,4,VIDEO_CAPTURE_MPLANE
13799.766667,v4l2_dqbuf,4,VIDEO_CAPTURE_MPLANE
13799.766840,v4l2_dqbuf,0,VIDEO_OUTPUT_MPLANE
13799.780853,v4l2_qbuf,0,VIDEO_OUTPUT_MPLANE
13799.780872,v4l2_qbuf,3,VIDEO_CAPTURE_MPLANE
13799.784060,v4l2_dqbuf,3,VIDEO_CAPTURE_MPLANE
13799.784073,v4l2_dqbuf,0,VIDEO_OUTPUT_MPLANE
13799.791186,v4l2_qbuf,0,VIDEO_OUTPUT_MPLANE
13799.791206,v4l2_qbuf,0,VIDEO_CAPTURE_MPLANE
13799.793363,v4l2_dqbuf,0,VIDEO_CAPTURE_MPLANE
13799.793378,v4l2_dqbuf,0,VIDEO_OUTPUT_MPLANE
13799.807803,v4l2_qbuf,0,VIDEO_OUTPUT_MPLANE
13799.807823,v4l2_qbuf,1,VIDEO_CAPTURE_MPLANE
13799.811269,v4l2_dqbuf,1,VIDEO_CAPTURE_MPLANE
13799.811490,v4l2_dqbuf,0,VIDEO_OUTPUT_MPLANE
13799.824560,v4l2_qbuf,0,VIDEO_OUTPUT_MPLANE
13799.824581,v4l2_qbuf,4,VIDEO_CAPTURE_MPLANE
13799.826554,v4l2_dqbuf,4,VIDEO_CAPTURE_MPLANE
13799.826572,v4l2_dqbuf,0,VIDEO_OUTPUT_MPLANE
13799.841898,v4l2_qbuf,0,VIDEO_OUTPUT_MPLANE
13799.841943,v4l2_qbuf,2,VIDEO_CAPTURE_MPLANE
13799.844173,v4l2_dqbuf,2,VIDEO_CAPTURE_MPLANE
13799.844196,v4l2_dqbuf,0,VIDEO_OUTPUT_MPLANE
13799.858306,v4l2_qbuf,0,VIDEO_OUTPUT_MPLANE
13799.858350,v4l2_qbuf,3,VIDEO_CAPTURE_MPLANE
13799.861659,v4l2_dqbuf,3,VIDEO_CAPTURE_MPLANE
13799.861677,v4l2_dqbuf,0,VIDEO_OUTPUT_MPLANE
13799.874536,v4l2_qbuf,0,VIDEO_OUTPUT_MPLANE
13799.874554,v4l2_qbuf,5,VIDEO_CAPTURE_MPLANE
13799.877801,v4l2_dqbuf,5,VIDEO_CAPTURE_MPLANE
13799.878000,v4l2_dqbuf,0,VIDEO_OUTPUT_MPLANE
13799.891446,v4l2_qbuf,0,VIDEO_OUTPUT_MPLANE
13799.891489,v4l2_qbuf,1,VIDEO_CAPTURE_MPLANE
13799.894603,v4l2_dqbuf,1,VIDEO_CAPTURE_MPLANE
13799.894614,v4l2_dqbuf,0,VIDEO_OUTPUT_MPLANE
13799.907806,v4l2_qbuf,0,VIDEO_OUTPUT_MPLANE
13799.907829,v4l2_qbuf,0,VIDEO_CAPTURE_MPLANE
13799.909943,v4l2_dqbuf,0,VIDEO_CAPTURE_MPLANE
13799.909957,v4l2_dqbuf,0,VIDEO_OUTPUT_MPLANE
13799.941364,v4l2_qbuf,0,VIDEO_OUTPUT_MPLANE
13799.941407,v4l2_qbuf,5,VIDEO_CAPTURE_MPLANE
13799.944752,v4l2_dqbuf,5,VIDEO_CAPTURE_MPLANE
13799.944789,v4l2_dqbuf,0,VIDEO_OUTPUT_MPLANE
13799.944962,v4l2_qbuf,0,VIDEO_OUTPUT_MPLANE
13799.944985,v4l2_qbuf,4,VIDEO_CAPTURE_MPLANE
13799.948189,v4l2_dqbuf,4,VIDEO_CAPTURE_MPLANE
13799.948304,v4l2_dqbuf,0,VIDEO_OUTPUT_MPLANE
13799.961676,v4l2_qbuf,0,VIDEO_OUTPUT_MPLANE
13799.961702,v4l2_qbuf,3,VIDEO_CAPTURE_MPLANE
13799.964953,v4l2_dqbuf,3,VIDEO_CAPTURE_MPLANE
13799.964970,v4l2_dqbuf,0,VIDEO_OUTPUT_MPLANE
13799.975297,v4l2_qbuf,0,VIDEO_OUTPUT_MPLANE
13799.975334,v4l2_qbuf,1,VIDEO_CAPTURE_MPLANE
13799.977763,v4l2_dqbuf,1,VIDEO_CAPTURE_MPLANE
13799.977776,v4l2_dqbuf,0,VIDEO_OUTPUT_MPLANE
13800.007885,v4l2_qbuf,0,VIDEO_OUTPUT_MPLANE
13800.007903,v4l2_qbuf,4,VIDEO_CAPTURE_MPLANE
13800.011086,v4l2_dqbuf,4,VIDEO_CAPTURE_MPLANE
13800.011103,v4l2_dqbuf,0,VIDEO_OUTPUT_MPLANE
13800.011197,v4l2_qbuf,0,VIDEO_OUTPUT_MPLANE
13800.011211,v4l2_qbuf,2,VIDEO_CAPTURE_MPLANE
13800.014704,v4l2_dqbuf,2,VIDEO_CAPTURE_MPLANE
13800.014880,v4l2_dqbuf,0,VIDEO_OUTPUT_MPLANE
13800.027485,v4l2_qbuf,0,VIDEO_OUTPUT_MPLANE
13800.027505,v4l2_qbuf,5,VIDEO_CAPTURE_MPLANE
13800.030836,v4l2_dqbuf,5,VIDEO_CAPTURE_MPLANE
13800.030849,v4l2_dqbuf,0,VIDEO_OUTPUT_MPLANE
13800.044121,v4l2_qbuf,0,VIDEO_OUTPUT_MPLANE
13800.044163,v4l2_qbuf,3,VIDEO_CAPTURE_MPLANE
13800.046496,v4l2_dqbuf,3,VIDEO_CAPTURE_MPLANE
13800.046506,v4l2_dqbuf,0,VIDEO_OUTPUT_MPLANE
13800.077381,v4l2_qbuf,0,VIDEO_OUTPUT_MPLANE
13800.077417,v4l2_qbuf,2,VIDEO_CAPTURE_MPLANE
13800.080783,v4l2_dqbuf,2,VIDEO_CAPTURE_MPLANE
13800.080802,v4l2_dqbuf,0,VIDEO_OUTPUT_MPLANE
13800.080894,v4l2_qbuf,0,VIDEO_OUTPUT_MPLANE
13800.080908,v4l2_qbuf,0,VIDEO_CAPTURE_MPLANE
13800.084262,v4l2_dqbuf,0,VIDEO_CAPTURE_MPLANE
13800.084470,v4l2_dqbuf,0,VIDEO_OUTPUT_MPLANE
13800.094337,v4l2_qbuf,0,VIDEO_OUTPUT_MPLANE
13800.094370,v4l2_qbuf,4,VIDEO_CAPTURE_MPLANE
13800.097642,v4l2_dqbuf,4,VIDEO_CAPTURE_MPLANE
13800.097655,v4l2_dqbuf,0,VIDEO_OUTPUT_MPLANE
13800.110746,v4l2_qbuf,0,VIDEO_OUTPUT_MPLANE
13800.110773,v4l2_qbuf,5,VIDEO_CAPTURE_MPLANE
13800.113339,v4l2_dqbuf,5,VIDEO_CAPTURE_MPLANE
13800.113364,v4l2_dqbuf,0,VIDEO_OUTPUT_MPLANE
13800.144032,v4l2_qbuf,0,VIDEO_OUTPUT_MPLANE
13800.144085,v4l2_qbuf,0,VIDEO_CAPTURE_MPLANE
13800.147223,v4l2_dqbuf,0,VIDEO_CAPTURE_MPLANE
13800.147244,v4l2_dqbuf,0,VIDEO_OUTPUT_MPLANE
13800.147356,v4l2_qbuf,0,VIDEO_OUTPUT_MPLANE
13800.147373,v4l2_qbuf,1,VIDEO_CAPTURE_MPLANE
13800.150611,v4l2_dqbuf,1,VIDEO_CAPTURE_MPLANE
13800.150737,v4l2_dqbuf,0,VIDEO_OUTPUT_MPLANE
13800.160810,v4l2_qbuf,0,VIDEO_OUTPUT_MPLANE
13800.160831,v4l2_qbuf,2,VIDEO_CAPTURE_MPLANE
13800.164046,v4l2_dqbuf,2,VIDEO_CAPTURE_MPLANE
13800.164067,v4l2_dqbuf,0,VIDEO_OUTPUT_MPLANE
13800.177146,v4l2_qbuf,0,VIDEO_OUTPUT_MPLANE
13800.177165,v4l2_qbuf,4,VIDEO_CAPTURE_MPLANE
13800.179397,v4l2_dqbuf,4,VIDEO_CAPTURE_MPLANE
13800.179423,v4l2_dqbuf,0,VIDEO_OUTPUT_MPLANE
13800.211250,v4l2_qbuf,0,VIDEO_OUTPUT_MPLANE
13800.211292,v4l2_qbuf,1,VIDEO_CAPTURE_MPLANE
13800.215530,v4l2_dqbuf,1,VIDEO_CAPTURE_MPLANE
13800.215556,v4l2_dqbuf,0,VIDEO_OUTPUT_MPLANE
13800.215686,v4l2_qbuf,0,VIDEO_OUTPUT_MPLANE
13800.215704,v4l2_qbuf,3,VIDEO_CAPTURE_MPLANE
13800.219013,v4l2_dqbuf,3,VIDEO_CAPTURE_MPLANE
13800.219113,v4l2_dqbuf,0,VIDEO_OUTPUT_MPLANE
13800.232764,v4l2_qbuf,0,VIDEO_OUTPUT_MPLANE
13800.232782,v4l2_qbuf,0,VIDEO_CAPTURE_MPLANE
13800.236094,v4l2_dqbuf,0,VIDEO_CAPTURE_MPLANE
13800.236118,v4l2_dqbuf,0,VIDEO_OUTPUT_MPLANE
13800.243686,v4l2_qbuf,0,VIDEO_OUTPUT_MPLANE
13800.243706,v4l2_qbuf,2,VIDEO_CAPTURE_MPLANE
13800.245913,v4l2_dqbuf,2,VIDEO_CAPTURE_MPLANE
13800.245938,v4l2_dqbuf,0,VIDEO_OUTPUT_MPLANE
13800.277185,v4l2_qbuf,0,VIDEO_OUTPUT_MPLANE
13800.277216,v4l2_qbuf,3,VIDEO_CAPTURE_MPLANE
13800.280421,v4l2_dqbuf,3,VIDEO_CAPTURE_MPLANE
13800.280444,v4l2_dqbuf,0,VIDEO_OUTPUT_MPLANE
13800.280561,v4l2_qbuf,0,VIDEO_OUTPUT_MPLANE
13800.280579,v4l2_qbuf,5,VIDEO_CAPTURE_MPLANE
13800.285519,v4l2_dqbuf,5,VIDEO_CAPTURE_MPLANE
13800.285775,v4l2_dqbuf,0,VIDEO_OUTPUT_MPLANE
13800.297599,v4l2_qbuf,0,VIDEO_OUTPUT_MPLANE
13800.297620,v4l2_qbuf,1,VIDEO_CAPTURE_MPLANE
13800.301382,v4l2_dqbuf,1,VIDEO_CAPTURE_MPLANE
13800.301410,v4l2_dqbuf,0,VIDEO_OUTPUT_MPLANE
13800.310440,v4l2_qbuf,0,VIDEO_OUTPUT_MPLANE
13800.310472,v4l2_qbuf,0,VIDEO_CAPTURE_MPLANE
13800.312641,v4l2_dqbuf,0,VIDEO_CAPTURE_MPLANE
13800.312661,v4l2_dqbuf,0,VIDEO_OUTPUT_MPLANE
13800.344408,v4l2_qbuf,0,VIDEO_OUTPUT_MPLANE
13800.344431,v4l2_qbuf,5,VIDEO_CAPTURE_MPLANE
13800.347726,v4l2_dqbuf,5,VIDEO_CAPTURE_MPLANE
13800.347749,v4l2_dqbuf,0,VIDEO_OUTPUT_MPLANE
13800.347866,v4l2_qbuf,0,VIDEO_OUTPUT_MPLANE
13800.347881,v4l2_qbuf,4,VIDEO_CAPTURE_MPLANE
13800.351091,v4l2_dqbuf,4,VIDEO_CAPTURE_MPLANE
13800.351182,v4l2_dqbuf,0,VIDEO_OUTPUT_MPLANE
13800.360359,v4l2_qbuf,0,VIDEO_OUTPUT_MPLANE
13800.360377,v4l2_qbuf,3,VIDEO_CAPTURE_MPLANE
13800.363537,v4l2_dqbuf,3,VIDEO_CAPTURE_MPLANE
13800.363547,v4l2_dqbuf,0,VIDEO_OUTPUT_MPLANE
13800.379509,v4l2_qbuf,0,VIDEO_OUTPUT_MPLANE
13800.379530,v4l2_qbuf,1,VIDEO_CAPTURE_MPLANE
13800.381629,v4l2_dqbuf,1,VIDEO_CAPTURE_MPLANE
13800.381643,v4l2_dqbuf,0,VIDEO_OUTPUT_MPLANE
13800.414964,v4l2_qbuf,0,VIDEO_OUTPUT_MPLANE
13800.414989,v4l2_qbuf,4,VIDEO_CAPTURE_MPLANE
13800.418351,v4l2_dqbuf,4,VIDEO_CAPTURE_MPLANE
13800.418374,v4l2_dqbuf,0,VIDEO_OUTPUT_MPLANE
13800.418493,v4l2_qbuf,0,VIDEO_OUTPUT_MPLANE
13800.418511,v4l2_qbuf,2,VIDEO_CAPTURE_MPLANE
13800.421680,v4l2_dqbuf,2,VIDEO_CAPTURE_MPLANE
13800.421753,v4l2_dqbuf,0,VIDEO_OUTPUT_MPLANE
13800.430141,v4l2_qbuf,0,VIDEO_OUTPUT_MPLANE
13800.430162,v4l2_qbuf,5,VIDEO_CAPTURE_MPLANE
13800.433436,v4l2_dqbuf,5,VIDEO_CAPTURE_MPLANE
13800.433452,v4l2_dqbuf,0,VIDEO_OUTPUT_MPLANE
13800.448094,v4l2_qbuf,0,VIDEO_OUTPUT_MPLANE
13800.448112,v4l2_qbuf,3,VIDEO_CAPTURE_MPLANE
13800.450321,v4l2_dqbuf,3,VIDEO_CAPTURE_MPLANE
13800.450353,v4l2_dqbuf,0,VIDEO_OUTPUT_MPLANE
13800.481712,v4l2_qbuf,0,VIDEO_OUTPUT_MPLANE
13800.481741,v4l2_qbuf,2,VIDEO_CAPTURE_MPLANE
13800.485125,v4l2_dqbuf,2,VIDEO_CAPTURE_MPLANE
13800.485150,v4l2_dqbuf,0,VIDEO_OUTPUT_MPLANE
13800.485269,v4l2_qbuf,0,VIDEO_OUTPUT_MPLANE
13800.485287,v4l2_qbuf,0,VIDEO_CAPTURE_MPLANE
13800.488557,v4l2_dqbuf,0,VIDEO_CAPTURE_MPLANE
13800.488668,v4l2_dqbuf,0,VIDEO_OUTPUT_MPLANE
13800.499846,v4l2_qbuf,0,VIDEO_OUTPUT_MPLANE
13800.499874,v4l2_qbuf,4,VIDEO_CAPTURE_MPLANE
13800.503260,v4l2_dqbuf,4,VIDEO_CAPTURE_MPLANE
13800.503277,v4l2_dqbuf,0,VIDEO_OUTPUT_MPLANE
13800.515807,v4l2_qbuf,0,VIDEO_OUTPUT_MPLANE
13800.515865,v4l2_qbuf,5,VIDEO_CAPTURE_MPLANE
13800.518105,v4l2_dqbuf,5,VIDEO_CAPTURE_MPLANE
13800.518119,v4l2_dqbuf,0,VIDEO_OUTPUT_MPLANE
13800.548468,v4l2_qbuf,0,VIDEO_OUTPUT_MPLANE
13800.548562,v4l2_qbuf,0,VIDEO_CAPTURE_MPLANE
13800.553679,v4l2_dqbuf,0,VIDEO_CAPTURE_MPLANE
13800.553708,v4l2_dqbuf,0,VIDEO_OUTPUT_MPLANE
13800.553838,v4l2_qbuf,0,VIDEO_OUTPUT_MPLANE
13800.553857,v4l2_qbuf,1,VIDEO_CAPTURE_MPLANE
13800.557103,v4l2_dqbuf,1,VIDEO_CAPTURE_MPLANE
13800.557199,v4l2_dqbuf,0,VIDEO_OUTPUT_MPLANE
13800.564869,v4l2_qbuf,0,VIDEO_OUTPUT_MPLANE
13800.564890,v4l2_qbuf,2,VIDEO_CAPTURE_MPLANE
13800.568802,v4l2_dqbuf,2,VIDEO_CAPTURE_MPLANE
13800.568821,v4l2_dqbuf,0,VIDEO_OUTPUT_MPLANE
13800.581324,v4l2_qbuf,0,VIDEO_OUTPUT_MPLANE
13800.581349,v4l2_qbuf,4,VIDEO_CAPTURE_MPLANE
13800.583703,v4l2_dqbuf,4,VIDEO_CAPTURE_MPLANE
13800.583721,v4l2_dqbuf,0,VIDEO_OUTPUT_MPLANE
13800.614741,v4l2_qbuf,0,VIDEO_OUTPUT_MPLANE
13800.614767,v4l2_qbuf,1,VIDEO_CAPTURE_MPLANE
13800.618110,v4l2_dqbuf,1,VIDEO_CAPTURE_MPLANE
13800.618134,v4l2_dqbuf,0,VIDEO_OUTPUT_MPLANE
13800.618252,v4l2_qbuf,0,VIDEO_OUTPUT_MPLANE
13800.618268,v4l2_qbuf,3,VIDEO_CAPTURE_MPLANE
13800.621500,v4l2_dqbuf,3,VIDEO_CAPTURE_MPLANE
13800.621602,v4l2_dqbuf,0,VIDEO_OUTPUT_MPLANE
13800.631386,v4l2_qbuf,0,VIDEO_OUTPUT_MPLANE
13800.631406,v4l2_qbuf,0,VIDEO_CAPTURE_MPLANE
13800.634627,v4l2_dqbuf,0,VIDEO_CAPTURE_MPLANE
13800.634647,v4l2_dqbuf,0,VIDEO_OUTPUT_MPLANE
13800.648204,v4l2_qbuf,0,VIDEO_OUTPUT_MPLANE
13800.648230,v4l2_qbuf,2,VIDEO_CAPTURE_MPLANE
13800.650473,v4l2_dqbuf,2,VIDEO_CAPTURE_MPLANE
13800.650493,v4l2_dqbuf,0,VIDEO_OUTPUT_MPLANE
13800.682932,v4l2_qbuf,0,VIDEO_OUTPUT_MPLANE
13800.682962,v4l2_qbuf,3,VIDEO_CAPTURE_MPLANE
13800.686396,v4l2_dqbuf,3,VIDEO_CAPTURE_MPLANE
13800.686419,v4l2_dqbuf,0,VIDEO_OUTPUT_MPLANE
13800.686528,v4l2_qbuf,0,VIDEO_OUTPUT_MPLANE
13800.686542,v4l2_qbuf,5,VIDEO_CAPTURE_MPLANE
13800.689813,v4l2_dqbuf,5,VIDEO_CAPTURE_MPLANE
13800.689912,v4l2_dqbuf,0,VIDEO_OUTPUT_MPLANE
13800.697888,v4l2_qbuf,0,VIDEO_OUTPUT_MPLANE
13800.697910,v4l2_qbuf,1,VIDEO_CAPTURE_MPLANE
13800.701685,v4l2_dqbuf,1,VIDEO_CAPTURE_MPLANE
13800.701706,v4l2_dqbuf,0,VIDEO_OUTPUT_MPLANE
13800.714733,v4l2_qbuf,0,VIDEO_OUTPUT_MPLANE
13800.714756,v4l2_qbuf,0,VIDEO_CAPTURE_MPLANE
13800.716989,v4l2_dqbuf,0,VIDEO_CAPTURE_MPLANE
13800.717009,v4l2_dqbuf,0,VIDEO_OUTPUT_MPLANE
13800.748189,v4l2_qbuf,0,VIDEO_OUTPUT_MPLANE
13800.748204,v4l2_qbuf,5,VIDEO_CAPTURE_MPLANE
13800.751541,v4l2_dqbuf,5,VIDEO_CAPTURE_MPLANE
13800.751565,v4l2_dqbuf,0,VIDEO_OUTPUT_MPLANE
13800.751699,v4l2_qbuf,0,VIDEO_OUTPUT_MPLANE
13800.751724,v4l2_qbuf,4,VIDEO_CAPTURE_MPLANE
13800.755148,v4l2_dqbuf,4,VIDEO_CAPTURE_MPLANE
13800.755261,v4l2_dqbuf,0,VIDEO_OUTPUT_MPLANE
13800.764802,v4l2_qbuf,0,VIDEO_OUTPUT_MPLANE
13800.764825,v4l2_qbuf,3,VIDEO_CAPTURE_MPLANE
13800.768945,v4l2_dqbuf,3,VIDEO_CAPTURE_MPLANE
13800.768964,v4l2_dqbuf,0,VIDEO_OUTPUT_MPLANE
13800.781522,v4l2_qbuf,0,VIDEO_OUTPUT_MPLANE
13800.781553,v4l2_qbuf,1,VIDEO_CAPTURE_MPLANE
13800.783899,v4l2_dqbuf,1,VIDEO_CAPTURE_MPLANE
13800.783925,v4l2_dqbuf,0,VIDEO_OUTPUT_MPLANE
13800.814905,v4l2_qbuf,0,VIDEO_OUTPUT_MPLANE
13800.814928,v4l2_qbuf,4,VIDEO_CAPTURE_MPLANE
13800.818227,v4l2_dqbuf,4,VIDEO_CAPTURE_MPLANE
13800.818282,v4l2_dqbuf,0,VIDEO_OUTPUT_MPLANE
13800.818528,v4l2_qbuf,0,VIDEO_OUTPUT_MPLANE
13800.818562,v4l2_qbuf,2,VIDEO_CAPTURE_MPLANE
13800.821925,v4l2_dqbuf,2,VIDEO_CAPTURE_MPLANE
13800.822169,v4l2_dqbuf,0,VIDEO_OUTPUT_MPLANE
13800.833403,v4l2_qbuf,0,VIDEO_OUTPUT_MPLANE
13800.833421,v4l2_qbuf,5,VIDEO_CAPTURE_MPLANE
13800.835466,v4l2_dqbuf,5,VIDEO_CAPTURE_MPLANE
13800.835477,v4l2_dqbuf,0,VIDEO_OUTPUT_MPLANE
13800.850179,v4l2_qbuf,0,VIDEO_OUTPUT_MPLANE
13800.850199,v4l2_qbuf,3,VIDEO_CAPTURE_MPLANE
13800.852387,v4l2_dqbuf,3,VIDEO_CAPTURE_MPLANE
13800.852399,v4l2_dqbuf,0,VIDEO_OUTPUT_MPLANE
13800.867351,v4l2_qbuf,0,VIDEO_OUTPUT_MPLANE
13800.867406,v4l2_qbuf,0,VIDEO_CAPTURE_MPLANE
13800.870758,v4l2_dqbuf,0,VIDEO_CAPTURE_MPLANE
13800.870787,v4l2_dqbuf,0,VIDEO_OUTPUT_MPLANE
13800.884981,v4l2_qbuf,0,VIDEO_OUTPUT_MPLANE
13800.885017,v4l2_qbuf,4,VIDEO_CAPTURE_MPLANE
13800.888546,v4l2_dqbuf,4,VIDEO_CAPTURE_MPLANE
13800.888767,v4l2_dqbuf,0,VIDEO_OUTPUT_MPLANE
13800.900854,v4l2_qbuf,0,VIDEO_OUTPUT_MPLANE
13800.900901,v4l2_qbuf,2,VIDEO_CAPTURE_MPLANE
13800.904013,v4l2_dqbuf,2,VIDEO_CAPTURE_MPLANE
13800.904035,v4l2_dqbuf,0,VIDEO_OUTPUT_MPLANE
13800.918351,v4l2_qbuf,0,VIDEO_OUTPUT_MPLANE
13800.918374,v4l2_qbuf,1,VIDEO_CAPTURE_MPLANE
13800.920656,v4l2_dqbuf,1,VIDEO_CAPTURE_MPLANE
13800.920671,v4l2_dqbuf,0,VIDEO_OUTPUT_MPLANE
13800.951811,v4l2_qbuf,0,VIDEO_OUTPUT_MPLANE
13800.951833,v4l2_qbuf,4,VIDEO_CAPTURE_MPLANE
13800.955202,v4l2_dqbuf,4,VIDEO_CAPTURE_MPLANE
13800.955232,v4l2_dqbuf,0,VIDEO_OUTPUT_MPLANE
13800.955352,v4l2_qbuf,0,VIDEO_OUTPUT_MPLANE
13800.955370,v4l2_qbuf,5,VIDEO_CAPTURE_MPLANE
13800.958666,v4l2_dqbuf,5,VIDEO_CAPTURE_MPLANE
13800.958798,v4l2_dqbuf,0,VIDEO_OUTPUT_MPLANE
13800.970530,v4l2_qbuf,0,VIDEO_OUTPUT_MPLANE
13800.970549,v4l2_qbuf,0,VIDEO_CAPTURE_MPLANE
13800.973908,v4l2_dqbuf,0,VIDEO_CAPTURE_MPLANE
13800.973921,v4l2_dqbuf,0,VIDEO_OUTPUT_MPLANE
13800.985292,v4l2_qbuf,0,VIDEO_OUTPUT_MPLANE
13800.985318,v4l2_qbuf,2,VIDEO_CAPTURE_MPLANE
13800.987662,v4l2_dqbuf,2,VIDEO_CAPTURE_MPLANE
13800.987676,v4l2_dqbuf,0,VIDEO_OUTPUT_MPLANE
13801.020753,v4l2_qbuf,0,VIDEO_OUTPUT_MPLANE
13801.020809,v4l2_qbuf,5,VIDEO_CAPTURE_MPLANE
13801.024153,v4l2_dqbuf,5,VIDEO_CAPTURE_MPLANE
13801.024175,v4l2_dqbuf,0,VIDEO_OUTPUT_MPLANE
13801.024288,v4l2_qbuf,0,VIDEO_OUTPUT_MPLANE
13801.024304,v4l2_qbuf,3,VIDEO_CAPTURE_MPLANE
13801.029479,v4l2_dqbuf,3,VIDEO_CAPTURE_MPLANE
13801.029606,v4l2_dqbuf,0,VIDEO_OUTPUT_MPLANE
13801.037099,v4l2_qbuf,0,VIDEO_OUTPUT_MPLANE
13801.037130,v4l2_qbuf,4,VIDEO_CAPTURE_MPLANE
13801.040430,v4l2_dqbuf,4,VIDEO_CAPTURE_MPLANE
13801.040459,v4l2_dqbuf,0,VIDEO_OUTPUT_MPLANE
13801.055162,v4l2_qbuf,0,VIDEO_OUTPUT_MPLANE
13801.055182,v4l2_qbuf,0,VIDEO_CAPTURE_MPLANE
13801.057371,v4l2_dqbuf,0,VIDEO_CAPTURE_MPLANE
13801.057386,v4l2_dqbuf,0,VIDEO_OUTPUT_MPLANE
13801.086898,v4l2_qbuf,0,VIDEO_OUTPUT_MPLANE
13801.086919,v4l2_qbuf,3,VIDEO_CAPTURE_MPLANE
13801.090183,v4l2_dqbuf,3,VIDEO_CAPTURE_MPLANE
13801.090207,v4l2_dqbuf,0,VIDEO_OUTPUT_MPLANE
13801.090313,v4l2_qbuf,0,VIDEO_OUTPUT_MPLANE
13801.090328,v4l2_qbuf,1,VIDEO_CAPTURE_MPLANE
13801.093680,v4l2_dqbuf,1,VIDEO_CAPTURE_MPLANE
13801.093767,v4l2_dqbuf,0,VIDEO_OUTPUT_MPLANE
13801.103805,v4l2_qbuf,0,VIDEO_OUTPUT_MPLANE
13801.103825,v4l2_qbuf,5,VIDEO_CAPTURE_MPLANE
13801.107145,v4l2_dqbuf,5,VIDEO_CAPTURE_MPLANE
13801.107161,v4l2_dqbuf,0,VIDEO_OUTPUT_MPLANE
13801.120510,v4l2_qbuf,0,VIDEO_OUTPUT_MPLANE
13801.120531,v4l2_qbuf,4,VIDEO_CAPTURE_MPLANE
13801.122680,v4l2_dqbuf,4,VIDEO_CAPTURE_MPLANE
13801.122692,v4l2_dqbuf,0,VIDEO_OUTPUT_MPLANE
13801.153856,v4l2_qbuf,0,VIDEO_OUTPUT_MPLANE
13801.153876,v4l2_qbuf,1,VIDEO_CAPTURE_MPLANE
13801.156950,v4l2_dqbuf,1,VIDEO_CAPTURE_MPLANE
13801.156968,v4l2_dqbuf,0,VIDEO_OUTPUT_MPLANE
13801.157067,v4l2_qbuf,0,VIDEO_OUTPUT_MPLANE
13801.157081,v4l2_qbuf,2,VIDEO_CAPTURE_MPLANE
13801.160254,v4l2_dqbuf,2,VIDEO_CAPTURE_MPLANE
13801.160327,v4l2_dqbuf,0,VIDEO_OUTPUT_MPLANE
13801.170596,v4l2_qbuf,0,VIDEO_OUTPUT_MPLANE
13801.170613,v4l2_qbuf,3,VIDEO_CAPTURE_MPLANE
13801.176951,v4l2_dqbuf,3,VIDEO_CAPTURE_MPLANE
13801.176970,v4l2_dqbuf,0,VIDEO_OUTPUT_MPLANE
13801.187316,v4l2_qbuf,0,VIDEO_OUTPUT_MPLANE
13801.187388,v4l2_qbuf,5,VIDEO_CAPTURE_MPLANE
13801.189788,v4l2_dqbuf,5,VIDEO_CAPTURE_MPLANE
13801.189803,v4l2_dqbuf,0,VIDEO_OUTPUT_MPLANE
13801.222579,v4l2_qbuf,0,VIDEO_OUTPUT_MPLANE
13801.222601,v4l2_qbuf,2,VIDEO_CAPTURE_MPLANE
13801.225748,v4l2_dqbuf,2,VIDEO_CAPTURE_MPLANE
13801.225773,v4l2_dqbuf,0,VIDEO_OUTPUT_MPLANE
13801.225884,v4l2_qbuf,0,VIDEO_OUTPUT_MPLANE
13801.225900,v4l2_qbuf,0,VIDEO_CAPTURE_MPLANE
13801.229332,v4l2_dqbuf,0,VIDEO_CAPTURE_MPLANE
13801.229439,v4l2_dqbuf,0,VIDEO_OUTPUT_MPLANE
13801.238131,v4l2_qbuf,0,VIDEO_OUTPUT_MPLANE
13801.238152,v4l2_qbuf,1,VIDEO_CAPTURE_MPLANE
13801.241484,v4l2_dqbuf,1,VIDEO_CAPTURE_MPLANE
13801.241500,v4l2_dqbuf,0,VIDEO_OUTPUT_MPLANE
13801.253916,v4l2_qbuf,0,VIDEO_OUTPUT_MPLANE
13801.253949,v4l2_qbuf,3,VIDEO_CAPTURE_MPLANE
13801.256121,v4l2_dqbuf,3,VIDEO_CAPTURE_MPLANE
13801.256144,v4l2_dqbuf,0,VIDEO_OUTPUT_MPLANE
13801.287164,v4l2_qbuf,0,VIDEO_OUTPUT_MPLANE
13801.287199,v4l2_qbuf,0,VIDEO_CAPTURE_MPLANE
13801.290543,v4l2_dqbuf,0,VIDEO_CAPTURE_MPLANE
13801.290576,v4l2_dqbuf,0,VIDEO_OUTPUT_MPLANE
13801.290707,v4l2_qbuf,0,VIDEO_OUTPUT_MPLANE
13801.290726,v4l2_qbuf,4,VIDEO_CAPTURE_MPLANE
13801.295851,v4l2_dqbuf,4,VIDEO_CAPTURE_MPLANE
13801.295981,v4l2_dqbuf,0,VIDEO_OUTPUT_MPLANE
13801.303811,v4l2_qbuf,0,VIDEO_OUTPUT_MPLANE
13801.303832,v4l2_qbuf,2,VIDEO_CAPTURE_MPLANE
13801.306965,v4l2_dqbuf,2,VIDEO_CAPTURE_MPLANE
13801.306975,v4l2_dqbuf,0,VIDEO_OUTPUT_MPLANE
13801.321536,v4l2_qbuf,0,VIDEO_OUTPUT_MPLANE
13801.321557,v4l2_qbuf,1,VIDEO_CAPTURE_MPLANE
13801.323936,v4l2_dqbuf,1,VIDEO_CAPTURE_MPLANE
13801.323952,v4l2_dqbuf,0,VIDEO_OUTPUT_MPLANE
13801.354193,v4l2_qbuf,0,VIDEO_OUTPUT_MPLANE
13801.354225,v4l2_qbuf,4,VIDEO_CAPTURE_MPLANE
13801.357422,v4l2_dqbuf,4,VIDEO_CAPTURE_MPLANE
13801.357464,v4l2_dqbuf,0,VIDEO_OUTPUT_MPLANE
13801.357657,v4l2_qbuf,0,VIDEO_OUTPUT_MPLANE
13801.357686,v4l2_qbuf,5,VIDEO_CAPTURE_MPLANE
13801.360893,v4l2_dqbuf,5,VIDEO_CAPTURE_MPLANE
13801.361066,v4l2_dqbuf,0,VIDEO_OUTPUT_MPLANE
13801.370529,v4l2_qbuf,0,VIDEO_OUTPUT_MPLANE
13801.370553,v4l2_qbuf,0,VIDEO_CAPTURE_MPLANE
13801.373923,v4l2_dqbuf,0,VIDEO_CAPTURE_MPLANE
13801.373935,v4l2_dqbuf,0,VIDEO_OUTPUT_MPLANE
13801.387114,v4l2_qbuf,0,VIDEO_OUTPUT_MPLANE
13801.387131,v4l2_qbuf,2,VIDEO_CAPTURE_MPLANE
13801.389214,v4l2_dqbuf,2,VIDEO_CAPTURE_MPLANE
13801.389226,v4l2_dqbuf,0,VIDEO_OUTPUT_MPLANE
13801.422167,v4l2_qbuf,0,VIDEO_OUTPUT_MPLANE
13801.422190,v4l2_qbuf,5,VIDEO_CAPTURE_MPLANE
13801.425430,v4l2_dqbuf,5,VIDEO_CAPTURE_MPLANE
13801.425474,v4l2_dqbuf,0,VIDEO_OUTPUT_MPLANE
13801.425655,v4l2_qbuf,0,VIDEO_OUTPUT_MPLANE
13801.425678,v4l2_qbuf,3,VIDEO_CAPTURE_MPLANE
13801.428708,v4l2_dqbuf,3,VIDEO_CAPTURE_MPLANE
13801.428787,v4l2_dqbuf,0,VIDEO_OUTPUT_MPLANE
13801.437032,v4l2_qbuf,0,VIDEO_OUTPUT_MPLANE
13801.437067,v4l2_qbuf,4,VIDEO_CAPTURE_MPLANE
13801.440298,v4l2_dqbuf,4,VIDEO_CAPTURE_MPLANE
13801.440321,v4l2_dqbuf,0,VIDEO_OUTPUT_MPLANE
13801.456773,v4l2_qbuf,0,VIDEO_OUTPUT_MPLANE
13801.456805,v4l2_qbuf,0,VIDEO_CAPTURE_MPLANE
13801.458994,v4l2_dqbuf,0,VIDEO_CAPTURE_MPLANE
13801.459047,v4l2_dqbuf,0,VIDEO_OUTPUT_MPLANE
13801.489928,v4l2_qbuf,0,VIDEO_OUTPUT_MPLANE
13801.489944,v4l2_qbuf,3,VIDEO_CAPTURE_MPLANE
13801.493028,v4l2_dqbuf,3,VIDEO_CAPTURE_MPLANE
13801.493061,v4l2_dqbuf,0,VIDEO_OUTPUT_MPLANE
13801.493217,v4l2_qbuf,0,VIDEO_OUTPUT_MPLANE
13801.493238,v4l2_qbuf,1,VIDEO_CAPTURE_MPLANE
13801.496251,v4l2_dqbuf,1,VIDEO_CAPTURE_MPLANE
13801.496378,v4l2_dqbuf,0,VIDEO_OUTPUT_MPLANE
13801.506789,v4l2_qbuf,0,VIDEO_OUTPUT_MPLANE
13801.506825,v4l2_qbuf,5,VIDEO_CAPTURE_MPLANE
13801.510084,v4l2_dqbuf,5,VIDEO_CAPTURE_MPLANE
13801.510097,v4l2_dqbuf,0,VIDEO_OUTPUT_MPLANE
13801.523251,v4l2_qbuf,0,VIDEO_OUTPUT_MPLANE
13801.523265,v4l2_qbuf,4,VIDEO_CAPTURE_MPLANE
13801.525358,v4l2_dqbuf,4,VIDEO_CAPTURE_MPLANE
13801.525369,v4l2_dqbuf,0,VIDEO_OUTPUT_MPLANE
13801.556840,v4l2_qbuf,0,VIDEO_OUTPUT_MPLANE
13801.556861,v4l2_qbuf,1,VIDEO_CAPTURE_MPLANE
13801.560241,v4l2_dqbuf,1,VIDEO_CAPTURE_MPLANE
13801.560268,v4l2_dqbuf,0,VIDEO_OUTPUT_MPLANE
13801.560379,v4l2_qbuf,0,VIDEO_OUTPUT_MPLANE
13801.560395,v4l2_qbuf,2,VIDEO_CAPTURE_MPLANE
13801.563536,v4l2_dqbuf,2,VIDEO_CAPTURE_MPLANE
13801.563627,v4l2_dqbuf,0,VIDEO_OUTPUT_MPLANE
13801.573714,v4l2_qbuf,0,VIDEO_OUTPUT_MPLANE
13801.573733,v4l2_qbuf,3,VIDEO_CAPTURE_MPLANE
13801.576978,v4l2_dqbuf,3,VIDEO_CAPTURE_MPLANE
13801.576992,v4l2_dqbuf,0,VIDEO_OUTPUT_MPLANE
13801.590273,v4l2_qbuf,0,VIDEO_OUTPUT_MPLANE
13801.590303,v4l2_qbuf,5,VIDEO_CAPTURE_MPLANE
13801.592664,v4l2_dqbuf,5,VIDEO_CAPTURE_MPLANE
13801.592680,v4l2_dqbuf,0,VIDEO_OUTPUT_MPLANE
13801.623456,v4l2_qbuf,0,VIDEO_OUTPUT_MPLANE
13801.623474,v4l2_qbuf,2,VIDEO_CAPTURE_MPLANE
13801.626763,v4l2_dqbuf,2,VIDEO_CAPTURE_MPLANE
13801.626783,v4l2_dqbuf,0,VIDEO_OUTPUT_MPLANE
13801.626880,v4l2_qbuf,0,VIDEO_OUTPUT_MPLANE
13801.626893,v4l2_qbuf,0,VIDEO_CAPTURE_MPLANE
13801.630180,v4l2_dqbuf,0,VIDEO_CAPTURE_MPLANE
13801.630339,v4l2_dqbuf,0,VIDEO_OUTPUT_MPLANE
13801.640075,v4l2_qbuf,0,VIDEO_OUTPUT_MPLANE
13801.640110,v4l2_qbuf,1,VIDEO_CAPTURE_MPLANE
13801.643460,v4l2_dqbuf,1,VIDEO_CAPTURE_MPLANE
13801.643473,v4l2_dqbuf,0,VIDEO_OUTPUT_MPLANE
13801.656952,v4l2_qbuf,0,VIDEO_OUTPUT_MPLANE
13801.656974,v4l2_qbuf,3,VIDEO_CAPTURE_MPLANE
13801.659305,v4l2_dqbuf,3,VIDEO_CAPTURE_MPLANE
13801.659329,v4l2_dqbuf,0,VIDEO_OUTPUT_MPLANE
13801.690398,v4l2_qbuf,0,VIDEO_OUTPUT_MPLANE
13801.690415,v4l2_qbuf,0,VIDEO_CAPTURE_MPLANE
13801.693613,v4l2_dqbuf,0,VIDEO_CAPTURE_MPLANE
13801.693633,v4l2_dqbuf,0,VIDEO_OUTPUT_MPLANE
13801.693725,v4l2_qbuf,0,VIDEO_OUTPUT_MPLANE
13801.693739,v4l2_qbuf,4,VIDEO_CAPTURE_MPLANE
13801.696867,v4l2_dqbuf,4,VIDEO_CAPTURE_MPLANE
13801.697024,v4l2_dqbuf,0,VIDEO_OUTPUT_MPLANE
13801.706800,v4l2_qbuf,0,VIDEO_OUTPUT_MPLANE
13801.706817,v4l2_qbuf,2,VIDEO_CAPTURE_MPLANE
13801.710104,v4l2_dqbuf,2,VIDEO_CAPTURE_MPLANE
13801.710135,v4l2_dqbuf,0,VIDEO_OUTPUT_MPLANE
13801.723677,v4l2_qbuf,0,VIDEO_OUTPUT_MPLANE
13801.723695,v4l2_qbuf,1,VIDEO_CAPTURE_MPLANE
13801.725970,v4l2_dqbuf,1,VIDEO_CAPTURE_MPLANE
13801.725998,v4l2_dqbuf,0,VIDEO_OUTPUT_MPLANE
13801.756701,v4l2_qbuf,0,VIDEO_OUTPUT_MPLANE
13801.756721,v4l2_qbuf,4,VIDEO_CAPTURE_MPLANE
13801.760195,v4l2_dqbuf,4,VIDEO_CAPTURE_MPLANE
13801.760212,v4l2_dqbuf,0,VIDEO_OUTPUT_MPLANE
13801.760313,v4l2_qbuf,0,VIDEO_OUTPUT_MPLANE
13801.760325,v4l2_qbuf,5,VIDEO_CAPTURE_MPLANE
13801.763719,v4l2_dqbuf,5,VIDEO_CAPTURE_MPLANE
13801.763729,v4l2_dqbuf,0,VIDEO_OUTPUT_MPLANE
13801.773673,v4l2_qbuf,0,VIDEO_OUTPUT_MPLANE
13801.773690,v4l2_qbuf,0,VIDEO_CAPTURE_MPLANE
13801.776018,v4l2_dqbuf,0,VIDEO_CAPTURE_MPLANE
13801.776029,v4l2_dqbuf,0,VIDEO_OUTPUT_MPLANE
13801.790305,v4l2_qbuf,0,VIDEO_OUTPUT_MPLANE
13801.790324,v4l2_qbuf,2,VIDEO_CAPTURE_MPLANE
13801.793594,v4l2_dqbuf,2,VIDEO_CAPTURE_MPLANE
13801.793619,v4l2_dqbuf,0,VIDEO_OUTPUT_MPLANE
13801.806735,v4l2_qbuf,0,VIDEO_OUTPUT_MPLANE
13801.806753,v4l2_qbuf,3,VIDEO_CAPTURE_MPLANE
13801.809767,v4l2_dqbuf,3,VIDEO_CAPTURE_MPLANE
13801.809848,v4l2_dqbuf,0,VIDEO_OUTPUT_MPLANE
13801.823442,v4l2_qbuf,0,VIDEO_OUTPUT_MPLANE
13801.823460,v4l2_qbuf,4,VIDEO_CAPTURE_MPLANE
13801.826493,v4l2_dqbuf,4,VIDEO_CAPTURE_MPLANE
13801.826600,v4l2_dqbuf,0,VIDEO_OUTPUT_MPLANE
13801.840988,v4l2_qbuf,0,VIDEO_OUTPUT_MPLANE
13801.841023,v4l2_qbuf,5,VIDEO_CAPTURE_MPLANE
13801.842971,v4l2_dqbuf,5,VIDEO_CAPTURE_MPLANE
13801.842984,v4l2_dqbuf,0,VIDEO_OUTPUT_MPLANE
13801.857664,v4l2_qbuf,0,VIDEO_OUTPUT_MPLANE
13801.857685,v4l2_qbuf,1,VIDEO_CAPTURE_MPLANE
13801.859928,v4l2_dqbuf,1,VIDEO_CAPTURE_MPLANE
13801.859940,v4l2_dqbuf,0,VIDEO_OUTPUT_MPLANE
13801.873603,v4l2_qbuf,0,VIDEO_OUTPUT_MPLANE
13801.873623,v4l2_qbuf,3,VIDEO_CAPTURE_MPLANE
13801.876688,v4l2_dqbuf,3,VIDEO_CAPTURE_MPLANE
13801.876698,v4l2_dqbuf,0,VIDEO_OUTPUT_MPLANE
13801.889979,v4l2_qbuf,0,VIDEO_OUTPUT_MPLANE
13801.889997,v4l2_qbuf,2,VIDEO_CAPTURE_MPLANE
13801.893244,v4l2_dqbuf,2,VIDEO_CAPTURE_MPLANE
13801.893333,v4l2_dqbuf,0,VIDEO_OUTPUT_MPLANE
13801.906782,v4l2_qbuf,0,VIDEO_OUTPUT_MPLANE
13801.906804,v4l2_qbuf,4,VIDEO_CAPTURE_MPLANE
13801.910036,v4l2_dqbuf,4,VIDEO_CAPTURE_MPLANE
13801.910050,v4l2_dqbuf,0,VIDEO_OUTPUT_MPLANE
13801.923422,v4l2_qbuf,0,VIDEO_OUTPUT_MPLANE
13801.923443,v4l2_qbuf,0,VIDEO_CAPTURE_MPLANE
13801.925653,v4l2_dqbuf,0,VIDEO_CAPTURE_MPLANE
13801.925666,v4l2_dqbuf,0,VIDEO_OUTPUT_MPLANE
13801.956595,v4l2_qbuf,0,VIDEO_OUTPUT_MPLANE
13801.956634,v4l2_qbuf,2,VIDEO_CAPTURE_MPLANE
13801.959728,v4l2_dqbuf,2,VIDEO_CAPTURE_MPLANE
13801.959755,v4l2_dqbuf,0,VIDEO_OUTPUT_MPLANE
13801.959895,v4l2_qbuf,0,VIDEO_OUTPUT_MPLANE
13801.959915,v4l2_qbuf,5,VIDEO_CAPTURE_MPLANE
13801.963077,v4l2_dqbuf,5,VIDEO_CAPTURE_MPLANE
13801.963194,v4l2_dqbuf,0,VIDEO_OUTPUT_MPLANE
13801.974297,v4l2_qbuf,0,VIDEO_OUTPUT_MPLANE
13801.974330,v4l2_qbuf,3,VIDEO_CAPTURE_MPLANE
13801.977684,v4l2_dqbuf,3,VIDEO_CAPTURE_MPLANE
13801.977694,v4l2_dqbuf,0,VIDEO_OUTPUT_MPLANE
13801.990122,v4l2_qbuf,0,VIDEO_OUTPUT_MPLANE
13801.990144,v4l2_qbuf,4,VIDEO_CAPTURE_MPLANE
13801.992357,v4l2_dqbuf,4,VIDEO_CAPTURE_MPLANE
13801.992369,v4l2_dqbuf,0,VIDEO_OUTPUT_MPLANE
13802.023621,v4l2_qbuf,0,VIDEO_OUTPUT_MPLANE
13802.023641,v4l2_qbuf,5,VIDEO_CAPTURE_MPLANE
13802.026793,v4l2_dqbuf,5,VIDEO_CAPTURE_MPLANE
13802.026825,v4l2_dqbuf,0,VIDEO_OUTPUT_MPLANE
13802.026950,v4l2_qbuf,0,VIDEO_OUTPUT_MPLANE
13802.026963,v4l2_qbuf,1,VIDEO_CAPTURE_MPLANE
13802.031271,v4l2_dqbuf,1,VIDEO_CAPTURE_MPLANE
13802.031467,v4l2_dqbuf,0,VIDEO_OUTPUT_MPLANE
13802.040386,v4l2_qbuf,0,VIDEO_OUTPUT_MPLANE
13802.040416,v4l2_qbuf,2,VIDEO_CAPTURE_MPLANE
13802.043590,v4l2_dqbuf,2,VIDEO_CAPTURE_MPLANE
13802.043605,v4l2_dqbuf,0,VIDEO_OUTPUT_MPLANE
13802.056810,v4l2_qbuf,0,VIDEO_OUTPUT_MPLANE
13802.056829,v4l2_qbuf,3,VIDEO_CAPTURE_MPLANE
13802.059050,v4l2_dqbuf,3,VIDEO_CAPTURE_MPLANE
13802.059064,v4l2_dqbuf,0,VIDEO_OUTPUT_MPLANE
13802.090341,v4l2_qbuf,0,VIDEO_OUTPUT_MPLANE
13802.090380,v4l2_qbuf,1,VIDEO_CAPTURE_MPLANE
13802.093754,v4l2_dqbuf,1,VIDEO_CAPTURE_MPLANE
13802.093790,v4l2_dqbuf,0,VIDEO_OUTPUT_MPLANE
13802.093963,v4l2_qbuf,0,VIDEO_OUTPUT_MPLANE
13802.093986,v4l2_qbuf,0,VIDEO_CAPTURE_MPLANE
13802.097309,v4l2_dqbuf,0,VIDEO_CAPTURE_MPLANE
13802.097407,v4l2_dqbuf,0,VIDEO_OUTPUT_MPLANE
13802.123471,v4l2_qbuf,0,VIDEO_OUTPUT_MPLANE
13802.123492,v4l2_qbuf,5,VIDEO_CAPTURE_MPLANE
13802.126747,v4l2_dqbuf,5,VIDEO_CAPTURE_MPLANE
13802.126768,v4l2_dqbuf,0,VIDEO_OUTPUT_MPLANE
13802.140373,v4l2_qbuf,0,VIDEO_OUTPUT_MPLANE
13802.140409,v4l2_qbuf,2,VIDEO_CAPTURE_MPLANE
13802.142753,v4l2_dqbuf,2,VIDEO_CAPTURE_MPLANE
13802.142774,v4l2_dqbuf,0,VIDEO_OUTPUT_MPLANE
13802.156963,v4l2_qbuf,0,VIDEO_OUTPUT_MPLANE
13802.156982,v4l2_qbuf,0,VIDEO_CAPTURE_MPLANE
13802.160132,v4l2_dqbuf,0,VIDEO_CAPTURE_MPLANE
13802.160152,v4l2_dqbuf,0,VIDEO_OUTPUT_MPLANE
13802.160256,v4l2_qbuf,0,VIDEO_OUTPUT_MPLANE
13802.160272,v4l2_qbuf,4,VIDEO_CAPTURE_MPLANE
13802.163495,v4l2_dqbuf,4,VIDEO_CAPTURE_MPLANE
13802.163576,v4l2_dqbuf,0,VIDEO_OUTPUT_MPLANE
13802.173666,v4l2_qbuf,0,VIDEO_OUTPUT_MPLANE
13802.173692,v4l2_qbuf,1,VIDEO_CAPTURE_MPLANE
13802.176851,v4l2_dqbuf,1,VIDEO_CAPTURE_MPLANE
13802.176866,v4l2_dqbuf,0,VIDEO_OUTPUT_MPLANE
13802.190384,v4l2_qbuf,0,VIDEO_OUTPUT_MPLANE
13802.190405,v4l2_qbuf,5,VIDEO_CAPTURE_MPLANE
13802.192542,v4l2_dqbuf,5,VIDEO_CAPTURE_MPLANE
13802.192555,v4l2_dqbuf,0,VIDEO_OUTPUT_MPLANE
13802.223697,v4l2_qbuf,0,VIDEO_OUTPUT_MPLANE
13802.223727,v4l2_qbuf,4,VIDEO_CAPTURE_MPLANE
13802.227094,v4l2_dqbuf,4,VIDEO_CAPTURE_MPLANE
13802.227135,v4l2_dqbuf,0,VIDEO_OUTPUT_MPLANE
13802.227323,v4l2_qbuf,0,VIDEO_OUTPUT_MPLANE
13802.227350,v4l2_qbuf,3,VIDEO_CAPTURE_MPLANE
13802.230638,v4l2_dqbuf,3,VIDEO_CAPTURE_MPLANE
13802.230775,v4l2_dqbuf,0,VIDEO_OUTPUT_MPLANE
13802.240115,v4l2_qbuf,0,VIDEO_OUTPUT_MPLANE
13802.240136,v4l2_qbuf,0,VIDEO_CAPTURE_MPLANE
13802.243445,v4l2_dqbuf,0,VIDEO_CAPTURE_MPLANE
13802.243473,v4l2_dqbuf,0,VIDEO_OUTPUT_MPLANE
13802.256862,v4l2_qbuf,0,VIDEO_OUTPUT_MPLANE
13802.256879,v4l2_qbuf,1,VIDEO_CAPTURE_MPLANE
13802.258912,v4l2_dqbuf,1,VIDEO_CAPTURE_MPLANE
13802.258925,v4l2_dqbuf,0,VIDEO_OUTPUT_MPLANE
13802.292204,v4l2_qbuf,0,VIDEO_OUTPUT_MPLANE
13802.292236,v4l2_qbuf,3,VIDEO_CAPTURE_MPLANE
13802.295548,v4l2_dqbuf,3,VIDEO_CAPTURE_MPLANE
13802.295573,v4l2_dqbuf,0,VIDEO_OUTPUT_MPLANE
13802.295723,v4l2_qbuf,0,VIDEO_OUTPUT_MPLANE
13802.295736,v4l2_qbuf,2,VIDEO_CAPTURE_MPLANE
13802.298987,v4l2_dqbuf,2,VIDEO_CAPTURE_MPLANE
13802.299078,v4l2_dqbuf,0,VIDEO_OUTPUT_MPLANE
13802.308191,v4l2_qbuf,0,VIDEO_OUTPUT_MPLANE
13802.308207,v4l2_qbuf,4,VIDEO_CAPTURE_MPLANE
13802.311286,v4l2_dqbuf,4,VIDEO_CAPTURE_MPLANE
13802.311298,v4l2_dqbuf,0,VIDEO_OUTPUT_MPLANE
13802.328191,v4l2_qbuf,0,VIDEO_OUTPUT_MPLANE
13802.328210,v4l2_qbuf,0,VIDEO_CAPTURE_MPLANE
13802.330499,v4l2_dqbuf,0,VIDEO_CAPTURE_MPLANE
13802.330512,v4l2_dqbuf,0,VIDEO_OUTPUT_MPLANE
13802.358490,v4l2_qbuf,0,VIDEO_OUTPUT_MPLANE
13802.358508,v4l2_qbuf,2,VIDEO_CAPTURE_MPLANE
13802.361802,v4l2_dqbuf,2,VIDEO_CAPTURE_MPLANE
13802.361826,v4l2_dqbuf,0,VIDEO_OUTPUT_MPLANE
13802.361943,v4l2_qbuf,0,VIDEO_OUTPUT_MPLANE
13802.361960,v4l2_qbuf,5,VIDEO_CAPTURE_MPLANE
13802.365302,v4l2_dqbuf,5,VIDEO_CAPTURE_MPLANE
13802.365390,v4l2_dqbuf,0,VIDEO_OUTPUT_MPLANE
13802.375337,v4l2_qbuf,0,VIDEO_OUTPUT_MPLANE
13802.375377,v4l2_qbuf,3,VIDEO_CAPTURE_MPLANE
13802.378785,v4l2_dqbuf,3,VIDEO_CAPTURE_MPLANE
13802.378810,v4l2_dqbuf,0,VIDEO_OUTPUT_MPLANE
13802.391703,v4l2_qbuf,0,VIDEO_OUTPUT_MPLANE
13802.391734,v4l2_qbuf,4,VIDEO_CAPTURE_MPLANE
13802.394059,v4l2_dqbuf,4,VIDEO_CAPTURE_MPLANE
13802.394084,v4l2_dqbuf,0,VIDEO_OUTPUT_MPLANE
13802.424931,v4l2_qbuf,0,VIDEO_OUTPUT_MPLANE
13802.424948,v4l2_qbuf,5,VIDEO_CAPTURE_MPLANE
13802.430877,v4l2_dqbuf,5,VIDEO_CAPTURE_MPLANE
13802.430904,v4l2_dqbuf,0,VIDEO_OUTPUT_MPLANE
13802.431015,v4l2_qbuf,0,VIDEO_OUTPUT_MPLANE
13802.431031,v4l2_qbuf,1,VIDEO_CAPTURE_MPLANE
13802.434503,v4l2_dqbuf,1,VIDEO_CAPTURE_MPLANE
13802.434774,v4l2_dqbuf,0,VIDEO_OUTPUT_MPLANE
13802.441809,v4l2_qbuf,0,VIDEO_OUTPUT_MPLANE
13802.441829,v4l2_qbuf,2,VIDEO_CAPTURE_MPLANE
13802.444988,v4l2_dqbuf,2,VIDEO_CAPTURE_MPLANE
13802.444997,v4l2_dqbuf,0,VIDEO_OUTPUT_MPLANE
13802.458421,v4l2_qbuf,0,VIDEO_OUTPUT_MPLANE
13802.458442,v4l2_qbuf,3,VIDEO_CAPTURE_MPLANE
13802.460613,v4l2_dqbuf,3,VIDEO_CAPTURE_MPLANE
13802.460639,v4l2_dqbuf,0,VIDEO_OUTPUT_MPLANE
13802.491672,v4l2_qbuf,0,VIDEO_OUTPUT_MPLANE
13802.491693,v4l2_qbuf,1,VIDEO_CAPTURE_MPLANE
13802.495098,v4l2_dqbuf,1,VIDEO_CAPTURE_MPLANE
13802.495120,v4l2_dqbuf,0,VIDEO_OUTPUT_MPLANE
13802.495240,v4l2_qbuf,0,VIDEO_OUTPUT_MPLANE
13802.495257,v4l2_qbuf,0,VIDEO_CAPTURE_MPLANE
13802.498605,v4l2_dqbuf,0,VIDEO_CAPTURE_MPLANE
13802.498687,v4l2_dqbuf,0,VIDEO_OUTPUT_MPLANE
13802.508561,v4l2_qbuf,0,VIDEO_OUTPUT_MPLANE
13802.508598,v4l2_qbuf,5,VIDEO_CAPTURE_MPLANE
13802.511937,v4l2_dqbuf,5,VIDEO_CAPTURE_MPLANE
13802.511965,v4l2_dqbuf,0,VIDEO_OUTPUT_MPLANE
13802.525102,v4l2_qbuf,0,VIDEO_OUTPUT_MPLANE
13802.525134,v4l2_qbuf,2,VIDEO_CAPTURE_MPLANE
13802.527243,v4l2_dqbuf,2,VIDEO_CAPTURE_MPLANE
13802.527262,v4l2_dqbuf,0,VIDEO_OUTPUT_MPLANE
13802.558273,v4l2_qbuf,0,VIDEO_OUTPUT_MPLANE
13802.558291,v4l2_qbuf,0,VIDEO_CAPTURE_MPLANE
13802.561240,v4l2_dqbuf,0,VIDEO_CAPTURE_MPLANE
13802.561258,v4l2_dqbuf,0,VIDEO_OUTPUT_MPLANE
13802.561355,v4l2_qbuf,0,VIDEO_OUTPUT_MPLANE
13802.561368,v4l2_qbuf,4,VIDEO_CAPTURE_MPLANE
13802.564330,v4l2_dqbuf,4,VIDEO_CAPTURE_MPLANE
13802.564406,v4l2_dqbuf,0,VIDEO_OUTPUT_MPLANE
13802.575125,v4l2_qbuf,0,VIDEO_OUTPUT_MPLANE
13802.575156,v4l2_qbuf,1,VIDEO_CAPTURE_MPLANE
13802.578187,v4l2_dqbuf,1,VIDEO_CAPTURE_MPLANE
13802.578280,v4l2_dqbuf,0,VIDEO_OUTPUT_MPLANE
13802.591641,v4l2_qbuf,0,VIDEO_OUTPUT_MPLANE
13802.591704,v4l2_qbuf,5,VIDEO_CAPTURE_MPLANE
13802.593853,v4l2_dqbuf,5,VIDEO_CAPTURE_MPLANE
13802.593863,v4l2_dqbuf,0,VIDEO_OUTPUT_MPLANE
13802.624818,v4l2_qbuf,0,VIDEO_OUTPUT_MPLANE
13802.624833,v4l2_qbuf,4,VIDEO_CAPTURE_MPLANE
13802.628043,v4l2_dqbuf,4,VIDEO_CAPTURE_MPLANE
13802.628063,v4l2_dqbuf,0,VIDEO_OUTPUT_MPLANE
13802.628157,v4l2_qbuf,0,VIDEO_OUTPUT_MPLANE
13802.628169,v4l2_qbuf,3,VIDEO_CAPTURE_MPLANE
13802.631922,v4l2_dqbuf,3,VIDEO_CAPTURE_MPLANE
13802.632160,v4l2_dqbuf,0,VIDEO_OUTPUT_MPLANE
13802.641852,v4l2_qbuf,0,VIDEO_OUTPUT_MPLANE
13802.641885,v4l2_qbuf,0,VIDEO_CAPTURE_MPLANE
13802.645125,v4l2_dqbuf,0,VIDEO_CAPTURE_MPLANE
13802.645145,v4l2_dqbuf,0,VIDEO_OUTPUT_MPLANE
13802.658482,v4l2_qbuf,0,VIDEO_OUTPUT_MPLANE
13802.658497,v4l2_qbuf,1,VIDEO_CAPTURE_MPLANE
13802.660726,v4l2_dqbuf,1,VIDEO_CAPTURE_MPLANE
13802.660769,v4l2_dqbuf,0,VIDEO_OUTPUT_MPLANE
13802.691465,v4l2_qbuf,0,VIDEO_OUTPUT_MPLANE
13802.691497,v4l2_qbuf,3,VIDEO_CAPTURE_MPLANE
13802.694517,v4l2_dqbuf,3,VIDEO_CAPTURE_MPLANE
13802.694549,v4l2_dqbuf,0,VIDEO_OUTPUT_MPLANE
13802.694713,v4l2_qbuf,0,VIDEO_OUTPUT_MPLANE
13802.694737,v4l2_qbuf,2,VIDEO_CAPTURE_MPLANE
13802.697873,v4l2_dqbuf,2,VIDEO_CAPTURE_MPLANE
13802.698208,v4l2_dqbuf,0,VIDEO_OUTPUT_MPLANE
13802.708384,v4l2_qbuf,0,VIDEO_OUTPUT_MPLANE
13802.708410,v4l2_qbuf,4,VIDEO_CAPTURE_MPLANE
13802.711659,v4l2_dqbuf,4,VIDEO_CAPTURE_MPLANE
13802.711675,v4l2_dqbuf,0,VIDEO_OUTPUT_MPLANE
13802.724805,v4l2_qbuf,0,VIDEO_OUTPUT_MPLANE
13802.724825,v4l2_qbuf,0,VIDEO_CAPTURE_MPLANE
13802.728840,v4l2_dqbuf,0,VIDEO_CAPTURE_MPLANE
13802.728860,v4l2_dqbuf,0,VIDEO_OUTPUT_MPLANE
13802.758300,v4l2_qbuf,0,VIDEO_OUTPUT_MPLANE
13802.758327,v4l2_qbuf,2,VIDEO_CAPTURE_MPLANE
13802.761472,v4l2_dqbuf,2,VIDEO_CAPTURE_MPLANE
13802.761512,v4l2_dqbuf,0,VIDEO_OUTPUT_MPLANE
13802.761696,v4l2_qbuf,0,VIDEO_OUTPUT_MPLANE
13802.761720,v4l2_qbuf,5,VIDEO_CAPTURE_MPLANE
13802.764864,v4l2_dqbuf,5,VIDEO_CAPTURE_MPLANE
13802.765025,v4l2_dqbuf,0,VIDEO_OUTPUT_MPLANE
13802.775106,v4l2_qbuf,0,VIDEO_OUTPUT_MPLANE
13802.775138,v4l2_qbuf,3,VIDEO_CAPTURE_MPLANE
13802.778321,v4l2_dqbuf,3,VIDEO_CAPTURE_MPLANE
13802.778331,v4l2_dqbuf,0,VIDEO_OUTPUT_MPLANE
13802.791718,v4l2_qbuf,0,VIDEO_OUTPUT_MPLANE
13802.791738,v4l2_qbuf,4,VIDEO_CAPTURE_MPLANE
13802.793917,v4l2_dqbuf,4,VIDEO_CAPTURE_MPLANE
13802.793931,v4l2_dqbuf,0,VIDEO_OUTPUT_MPLANE
13802.825226,v4l2_qbuf,0,VIDEO_OUTPUT_MPLANE
13802.825248,v4l2_qbuf,5,VIDEO_CAPTURE_MPLANE
13802.830298,v4l2_dqbuf,5,VIDEO_CAPTURE_MPLANE
13802.830327,v4l2_dqbuf,0,VIDEO_OUTPUT_MPLANE
13802.830457,v4l2_qbuf,0,VIDEO_OUTPUT_MPLANE
13802.830476,v4l2_qbuf,1,VIDEO_CAPTURE_MPLANE
13802.835232,v4l2_dqbuf,1,VIDEO_CAPTURE_MPLANE
13802.835393,v4l2_dqbuf,0,VIDEO_OUTPUT_MPLANE
13802.842295,v4l2_qbuf,0,VIDEO_OUTPUT_MPLANE
13802.842314,v4l2_qbuf,2,VIDEO_CAPTURE_MPLANE
13802.844136,v4l2_dqbuf,2,VIDEO_CAPTURE_MPLANE
13802.844147,v4l2_dqbuf,0,VIDEO_OUTPUT_MPLANE
13802.858320,v4l2_qbuf,0,VIDEO_OUTPUT_MPLANE
13802.858347,v4l2_qbuf,3,VIDEO_CAPTURE_MPLANE
13802.860377,v4l2_dqbuf,3,VIDEO_CAPTURE_MPLANE
13802.860390,v4l2_dqbuf,0,VIDEO_OUTPUT_MPLANE
13802.875028,v4l2_qbuf,0,VIDEO_OUTPUT_MPLANE
13802.875047,v4l2_qbuf,0,VIDEO_CAPTURE_MPLANE
13802.878139,v4l2_dqbuf,0,VIDEO_CAPTURE_MPLANE
13802.878150,v4l2_dqbuf,0,VIDEO_OUTPUT_MPLANE
13802.891922,v4l2_qbuf,0,VIDEO_OUTPUT_MPLANE
13802.891942,v4l2_qbuf,5,VIDEO_CAPTURE_MPLANE
13802.895195,v4l2_dqbuf,5,VIDEO_CAPTURE_MPLANE
13802.895283,v4l2_dqbuf,0,VIDEO_OUTPUT_MPLANE
13802.908382,v4l2_qbuf,0,VIDEO_OUTPUT_MPLANE
13802.908403,v4l2_qbuf,1,VIDEO_CAPTURE_MPLANE
13802.911699,v4l2_dqbuf,1,VIDEO_CAPTURE_MPLANE
13802.911711,v4l2_dqbuf,0,VIDEO_OUTPUT_MPLANE
13802.925192,v4l2_qbuf,0,VIDEO_OUTPUT_MPLANE
13802.925212,v4l2_qbuf,4,VIDEO_CAPTURE_MPLANE
13802.927530,v4l2_dqbuf,4,VIDEO_CAPTURE_MPLANE
13802.927544,v4l2_dqbuf,0,VIDEO_OUTPUT_MPLANE
13802.958267,v4l2_qbuf,0,VIDEO_OUTPUT_MPLANE
13802.958288,v4l2_qbuf,5,VIDEO_CAPTURE_MPLANE
13802.961537,v4l2_dqbuf,5,VIDEO_CAPTURE_MPLANE
13802.961562,v4l2_dqbuf,0,VIDEO_OUTPUT_MPLANE
13802.961676,v4l2_qbuf,0,VIDEO_OUTPUT_MPLANE
13802.961693,v4l2_qbuf,2,VIDEO_CAPTURE_MPLANE
13802.964875,v4l2_dqbuf,2,VIDEO_CAPTURE_MPLANE
13802.965040,v4l2_dqbuf,0,VIDEO_OUTPUT_MPLANE
13802.974882,v4l2_qbuf,0,VIDEO_OUTPUT_MPLANE
13802.974906,v4l2_qbuf,0,VIDEO_CAPTURE_MPLANE
13802.978302,v4l2_dqbuf,0,VIDEO_CAPTURE_MPLANE
13802.978315,v4l2_dqbuf,0,VIDEO_OUTPUT_MPLANE
13802.992034,v4l2_qbuf,0,VIDEO_OUTPUT_MPLANE
13802.992075,v4l2_qbuf,1,VIDEO_CAPTURE_MPLANE
13802.994405,v4l2_dqbuf,1,VIDEO_CAPTURE_MPLANE
13802.994429,v4l2_dqbuf,0,VIDEO_OUTPUT_MPLANE
13803.041881,v4l2_qbuf,0,VIDEO_OUTPUT_MPLANE
13803.041909,v4l2_qbuf,2,VIDEO_CAPTURE_MPLANE
13803.045211,v4l2_dqbuf,2,VIDEO_CAPTURE_MPLANE
13803.045240,v4l2_dqbuf,0,VIDEO_OUTPUT_MPLANE
13803.045380,v4l2_qbuf,0,VIDEO_OUTPUT_MPLANE
13803.045400,v4l2_qbuf,3,VIDEO_CAPTURE_MPLANE
13803.048588,v4l2_dqbuf,3,VIDEO_CAPTURE_MPLANE
13803.048677,v4l2_dqbuf,0,VIDEO_OUTPUT_MPLANE
13803.064441,v4l2_qbuf,0,VIDEO_OUTPUT_MPLANE
13803.064460,v4l2_qbuf,5,VIDEO_CAPTURE_MPLANE
13803.069445,v4l2_dqbuf,5,VIDEO_CAPTURE_MPLANE
13803.069465,v4l2_dqbuf,0,VIDEO_OUTPUT_MPLANE
13803.075295,v4l2_qbuf,0,VIDEO_OUTPUT_MPLANE
13803.075319,v4l2_qbuf,0,VIDEO_CAPTURE_MPLANE
13803.077733,v4l2_dqbuf,0,VIDEO_CAPTURE_MPLANE
13803.077748,v4l2_dqbuf,0,VIDEO_OUTPUT_MPLANE
13803.108545,v4l2_qbuf,0,VIDEO_OUTPUT_MPLANE
13803.108567,v4l2_qbuf,3,VIDEO_CAPTURE_MPLANE
13803.111732,v4l2_dqbuf,3,VIDEO_CAPTURE_MPLANE
13803.111755,v4l2_dqbuf,0,VIDEO_OUTPUT_MPLANE
13803.111870,v4l2_qbuf,0,VIDEO_OUTPUT_MPLANE
13803.111887,v4l2_qbuf,4,VIDEO_CAPTURE_MPLANE
13803.115287,v4l2_dqbuf,4,VIDEO_CAPTURE_MPLANE
13803.115401,v4l2_dqbuf,0,VIDEO_OUTPUT_MPLANE
13803.136305,v4l2_qbuf,0,VIDEO_OUTPUT_MPLANE
13803.136328,v4l2_qbuf,2,VIDEO_CAPTURE_MPLANE
13803.139660,v4l2_dqbuf,2,VIDEO_CAPTURE_MPLANE
13803.139673,v4l2_dqbuf,0,VIDEO_OUTPUT_MPLANE
13803.141665,v4l2_qbuf,0,VIDEO_OUTPUT_MPLANE
13803.141682,v4l2_qbuf,5,VIDEO_CAPTURE_MPLANE
13803.143921,v4l2_dqbuf,5,VIDEO_CAPTURE_MPLANE
13803.143934,v4l2_dqbuf,0,VIDEO_OUTPUT_MPLANE
13803.175182,v4l2_qbuf,0,VIDEO_OUTPUT_MPLANE
13803.175201,v4l2_qbuf,4,VIDEO_CAPTURE_MPLANE
13803.178542,v4l2_dqbuf,4,VIDEO_CAPTURE_MPLANE
13803.178565,v4l2_dqbuf,0,VIDEO_OUTPUT_MPLANE
13803.178687,v4l2_qbuf,0,VIDEO_OUTPUT_MPLANE
13803.178706,v4l2_qbuf,1,VIDEO_CAPTURE_MPLANE
13803.181866,v4l2_dqbuf,1,VIDEO_CAPTURE_MPLANE
13803.181947,v4l2_dqbuf,0,VIDEO_OUTPUT_MPLANE
13803.191744,v4l2_qbuf,0,VIDEO_OUTPUT_MPLANE
13803.191766,v4l2_qbuf,3,VIDEO_CAPTURE_MPLANE
13803.195125,v4l2_dqbuf,3,VIDEO_CAPTURE_MPLANE
13803.195163,v4l2_dqbuf,0,VIDEO_OUTPUT_MPLANE
13803.208456,v4l2_qbuf,0,VIDEO_OUTPUT_MPLANE
13803.208490,v4l2_qbuf,2,VIDEO_CAPTURE_MPLANE
13803.210757,v4l2_dqbuf,2,VIDEO_CAPTURE_MPLANE
13803.210779,v4l2_dqbuf,0,VIDEO_OUTPUT_MPLANE
13803.242179,v4l2_qbuf,0,VIDEO_OUTPUT_MPLANE
13803.242222,v4l2_qbuf,1,VIDEO_CAPTURE_MPLANE
13803.245503,v4l2_dqbuf,1,VIDEO_CAPTURE_MPLANE
13803.245523,v4l2_dqbuf,0,VIDEO_OUTPUT_MPLANE
13803.245629,v4l2_qbuf,0,VIDEO_OUTPUT_MPLANE
13803.245646,v4l2_qbuf,0,VIDEO_CAPTURE_MPLANE
13803.248746,v4l2_dqbuf,0,VIDEO_CAPTURE_MPLANE
13803.248826,v4l2_dqbuf,0,VIDEO_OUTPUT_MPLANE
13803.263427,v4l2_qbuf,0,VIDEO_OUTPUT_MPLANE
13803.263447,v4l2_qbuf,4,VIDEO_CAPTURE_MPLANE
13803.266581,v4l2_dqbuf,4,VIDEO_CAPTURE_MPLANE
13803.266592,v4l2_dqbuf,0,VIDEO_OUTPUT_MPLANE
13803.275014,v4l2_qbuf,0,VIDEO_OUTPUT_MPLANE
13803.275037,v4l2_qbuf,3,VIDEO_CAPTURE_MPLANE
13803.277328,v4l2_dqbuf,3,VIDEO_CAPTURE_MPLANE
13803.277343,v4l2_dqbuf,0,VIDEO_OUTPUT_MPLANE
13803.308261,v4l2_qbuf,0,VIDEO_OUTPUT_MPLANE
13803.308327,v4l2_qbuf,0,VIDEO_CAPTURE_MPLANE
13803.311580,v4l2_dqbuf,0,VIDEO_CAPTURE_MPLANE
13803.311625,v4l2_dqbuf,0,VIDEO_OUTPUT_MPLANE
13803.311806,v4l2_qbuf,0,VIDEO_OUTPUT_MPLANE
13803.311841,v4l2_qbuf,5,VIDEO_CAPTURE_MPLANE
13803.315049,v4l2_dqbuf,5,VIDEO_CAPTURE_MPLANE
13803.315202,v4l2_dqbuf,0,VIDEO_OUTPUT_MPLANE
13803.325613,v4l2_qbuf,0,VIDEO_OUTPUT_MPLANE
13803.325633,v4l2_qbuf,1,VIDEO_CAPTURE_MPLANE
13803.328991,v4l2_dqbuf,1,VIDEO_CAPTURE_MPLANE
13803.329013,v4l2_dqbuf,0,VIDEO_OUTPUT_MPLANE
13803.341965,v4l2_qbuf,0,VIDEO_OUTPUT_MPLANE
13803.341986,v4l2_qbuf,4,VIDEO_CAPTURE_MPLANE
13803.344316,v4l2_dqbuf,4,VIDEO_CAPTURE_MPLANE
13803.344358,v4l2_dqbuf,0,VIDEO_OUTPUT_MPLANE
13803.375411,v4l2_qbuf,0,VIDEO_OUTPUT_MPLANE
13803.376024,v4l2_qbuf,5,VIDEO_CAPTURE_MPLANE
13803.379388,v4l2_dqbuf,5,VIDEO_CAPTURE_MPLANE
13803.379416,v4l2_dqbuf,0,VIDEO_OUTPUT_MPLANE
13803.379546,v4l2_qbuf,0,VIDEO_OUTPUT_MPLANE
13803.379566,v4l2_qbuf,0,VIDEO_CAPTURE_MPLANE
13803.379705,v4l2_qbuf,1,VIDEO_OUTPUT_MPLANE
13803.379713,v4l2_qbuf,2,VIDEO_CAPTURE_MPLANE
13803.383086,v4l2_dqbuf,0,VIDEO_CAPTURE_MPLANE
13803.383254,v4l2_dqbuf,0,VIDEO_OUTPUT_MPLANE
13803.386097,v4l2_dqbuf,2,VIDEO_CAPTURE_MPLANE
13803.386115,v4l2_dqbuf,1,VIDEO_OUTPUT_MPLANE
13803.408321,v4l2_qbuf,0,VIDEO_OUTPUT_MPLANE
13803.408340,v4l2_qbuf,1,VIDEO_CAPTURE_MPLANE
13803.410626,v4l2_dqbuf,1,VIDEO_CAPTURE_MPLANE
13803.410653,v4l2_dqbuf,0,VIDEO_OUTPUT_MPLANE
13803.442338,v4l2_qbuf,0,VIDEO_OUTPUT_MPLANE
13803.442375,v4l2_qbuf,0,VIDEO_CAPTURE_MPLANE
13803.445633,v4l2_dqbuf,0,VIDEO_CAPTURE_MPLANE
13803.445664,v4l2_dqbuf,0,VIDEO_OUTPUT_MPLANE
13803.445815,v4l2_qbuf,0,VIDEO_OUTPUT_MPLANE
13803.445839,v4l2_qbuf,3,VIDEO_CAPTURE_MPLANE
13803.449250,v4l2_dqbuf,3,VIDEO_CAPTURE_MPLANE
13803.449347,v4l2_dqbuf,0,VIDEO_OUTPUT_MPLANE
13803.458395,v4l2_qbuf,0,VIDEO_OUTPUT_MPLANE
13803.458434,v4l2_qbuf,5,VIDEO_CAPTURE_MPLANE
13803.461658,v4l2_dqbuf,5,VIDEO_CAPTURE_MPLANE
13803.461670,v4l2_dqbuf,0,VIDEO_OUTPUT_MPLANE
13803.475105,v4l2_qbuf,0,VIDEO_OUTPUT_MPLANE
13803.475125,v4l2_qbuf,2,VIDEO_CAPTURE_MPLANE
13803.477286,v4l2_dqbuf,2,VIDEO_CAPTURE_MPLANE
13803.477299,v4l2_dqbuf,0,VIDEO_OUTPUT_MPLANE
13803.508588,v4l2_qbuf,0,VIDEO_OUTPUT_MPLANE
13803.508610,v4l2_qbuf,3,VIDEO_CAPTURE_MPLANE
13803.511892,v4l2_dqbuf,3,VIDEO_CAPTURE_MPLANE
13803.511918,v4l2_dqbuf,0,VIDEO_OUTPUT_MPLANE
13803.512058,v4l2_qbuf,0,VIDEO_OUTPUT_MPLANE
13803.512076,v4l2_qbuf,4,VIDEO_CAPTURE_MPLANE
13803.515203,v4l2_dqbuf,4,VIDEO_CAPTURE_MPLANE
13803.515283,v4l2_dqbuf,0,VIDEO_OUTPUT_MPLANE
13803.524982,v4l2_qbuf,0,VIDEO_OUTPUT_MPLANE
13803.525016,v4l2_qbuf,0,VIDEO_CAPTURE_MPLANE
13803.528177,v4l2_dqbuf,0,VIDEO_CAPTURE_MPLANE
13803.528189,v4l2_dqbuf,0,VIDEO_OUTPUT_MPLANE
13803.541900,v4l2_qbuf,0,VIDEO_OUTPUT_MPLANE
13803.541919,v4l2_qbuf,5,VIDEO_CAPTURE_MPLANE
13803.544122,v4l2_dqbuf,5,VIDEO_CAPTURE_MPLANE
13803.544143,v4l2_dqbuf,0,VIDEO_OUTPUT_MPLANE
13803.575377,v4l2_qbuf,0,VIDEO_OUTPUT_MPLANE
13803.575397,v4l2_qbuf,4,VIDEO_CAPTURE_MPLANE
13803.578669,v4l2_dqbuf,4,VIDEO_CAPTURE_MPLANE
13803.578690,v4l2_dqbuf,0,VIDEO_OUTPUT_MPLANE
13803.578800,v4l2_qbuf,0,VIDEO_OUTPUT_MPLANE
13803.578816,v4l2_qbuf,1,VIDEO_CAPTURE_MPLANE
13803.581969,v4l2_dqbuf,1,VIDEO_CAPTURE_MPLANE
13803.582110,v4l2_dqbuf,0,VIDEO_OUTPUT_MPLANE
13803.591831,v4l2_qbuf,0,VIDEO_OUTPUT_MPLANE
13803.591859,v4l2_qbuf,3,VIDEO_CAPTURE_MPLANE
13803.595209,v4l2_dqbuf,3,VIDEO_CAPTURE_MPLANE
13803.595223,v4l2_dqbuf,0,VIDEO_OUTPUT_MPLANE
13803.608577,v4l2_qbuf,0,VIDEO_OUTPUT_MPLANE
13803.608702,v4l2_qbuf,0,VIDEO_CAPTURE_MPLANE
13803.611059,v4l2_dqbuf,0,VIDEO_CAPTURE_MPLANE
13803.611105,v4l2_dqbuf,0,VIDEO_OUTPUT_MPLANE
13803.642150,v4l2_qbuf,0,VIDEO_OUTPUT_MPLANE
13803.642185,v4l2_qbuf,1,VIDEO_CAPTURE_MPLANE
13803.645539,v4l2_dqbuf,1,VIDEO_CAPTURE_MPLANE
13803.645576,v4l2_dqbuf,0,VIDEO_OUTPUT_MPLANE
13803.645772,v4l2_qbuf,0,VIDEO_OUTPUT_MPLANE
13803.645793,v4l2_qbuf,2,VIDEO_CAPTURE_MPLANE
13803.649177,v4l2_dqbuf,2,VIDEO_CAPTURE_MPLANE
13803.649382,v4l2_dqbuf,0,VIDEO_OUTPUT_MPLANE
13803.665123,v4l2_qbuf,0,VIDEO_OUTPUT_MPLANE
13803.665152,v4l2_qbuf,4,VIDEO_CAPTURE_MPLANE
13803.668564,v4l2_dqbuf,4,VIDEO_CAPTURE_MPLANE
13803.668592,v4l2_dqbuf,0,VIDEO_OUTPUT_MPLANE
13803.674783,v4l2_qbuf,0,VIDEO_OUTPUT_MPLANE
13803.674801,v4l2_qbuf,3,VIDEO_CAPTURE_MPLANE
13803.676881,v4l2_dqbuf,3,VIDEO_CAPTURE_MPLANE
13803.676895,v4l2_dqbuf,0,VIDEO_OUTPUT_MPLANE
13803.708101,v4l2_qbuf,0,VIDEO_OUTPUT_MPLANE
13803.708123,v4l2_qbuf,2,VIDEO_CAPTURE_MPLANE
13803.711444,v4l2_dqbuf,2,VIDEO_CAPTURE_MPLANE
13803.711467,v4l2_dqbuf,0,VIDEO_OUTPUT_MPLANE
13803.711588,v4l2_qbuf,0,VIDEO_OUTPUT_MPLANE
13803.711607,v4l2_qbuf,5,VIDEO_CAPTURE_MPLANE
13803.714746,v4l2_dqbuf,5,VIDEO_CAPTURE_MPLANE
13803.714895,v4l2_dqbuf,0,VIDEO_OUTPUT_MPLANE
13803.724870,v4l2_qbuf,0,VIDEO_OUTPUT_MPLANE
13803.724900,v4l2_qbuf,1,VIDEO_CAPTURE_MPLANE
13803.728160,v4l2_dqbuf,1,VIDEO_CAPTURE_MPLANE
13803.728182,v4l2_dqbuf,0,VIDEO_OUTPUT_MPLANE
13803.741832,v4l2_qbuf,0,VIDEO_OUTPUT_MPLANE
13803.741863,v4l2_qbuf,4,VIDEO_CAPTURE_MPLANE
13803.744173,v4l2_dqbuf,4,VIDEO_CAPTURE_MPLANE
13803.744187,v4l2_dqbuf,0,VIDEO_OUTPUT_MPLANE
13803.774817,v4l2_qbuf,0,VIDEO_OUTPUT_MPLANE
13803.774836,v4l2_qbuf,5,VIDEO_CAPTURE_MPLANE
13803.777966,v4l2_dqbuf,5,VIDEO_CAPTURE_MPLANE
13803.777984,v4l2_dqbuf,0,VIDEO_OUTPUT_MPLANE
13803.778130,v4l2_qbuf,0,VIDEO_OUTPUT_MPLANE
13803.778144,v4l2_qbuf,0,VIDEO_CAPTURE_MPLANE
13803.781290,v4l2_dqbuf,0,VIDEO_CAPTURE_MPLANE
13803.781370,v4l2_dqbuf,0,VIDEO_OUTPUT_MPLANE
13803.791718,v4l2_qbuf,0,VIDEO_OUTPUT_MPLANE
13803.791737,v4l2_qbuf,2,VIDEO_CAPTURE_MPLANE
13803.794980,v4l2_dqbuf,2,VIDEO_CAPTURE_MPLANE
13803.795013,v4l2_dqbuf,0,VIDEO_OUTPUT_MPLANE
13803.808326,v4l2_qbuf,0,VIDEO_OUTPUT_MPLANE
13803.808348,v4l2_qbuf,1,VIDEO_CAPTURE_MPLANE
13803.810713,v4l2_dqbuf,1,VIDEO_CAPTURE_MPLANE
13803.810737,v4l2_dqbuf,0,VIDEO_OUTPUT_MPLANE
13803.841620,v4l2_qbuf,0,VIDEO_OUTPUT_MPLANE
13803.841652,v4l2_qbuf,0,VIDEO_CAPTURE_MPLANE
13803.844901,v4l2_dqbuf,0,VIDEO_CAPTURE_MPLANE
13803.844933,v4l2_dqbuf,0,VIDEO_OUTPUT_MPLANE
13803.845098,v4l2_qbuf,0,VIDEO_OUTPUT_MPLANE
13803.845118,v4l2_qbuf,3,VIDEO_CAPTURE_MPLANE
13803.848493,v4l2_dqbuf,3,VIDEO_CAPTURE_MPLANE
13803.848590,v4l2_dqbuf,0,VIDEO_OUTPUT_MPLANE
13803.858469,v4l2_qbuf,0,VIDEO_OUTPUT_MPLANE
13803.858490,v4l2_qbuf,5,VIDEO_CAPTURE_MPLANE
13803.860386,v4l2_dqbuf,5,VIDEO_CAPTURE_MPLANE
13803.860406,v4l2_dqbuf,0,VIDEO_OUTPUT_MPLANE
13803.875210,v4l2_qbuf,0,VIDEO_OUTPUT_MPLANE
13803.875247,v4l2_qbuf,2,VIDEO_CAPTURE_MPLANE
13803.877411,v4l2_dqbuf,2,VIDEO_CAPTURE_MPLANE
13803.877423,v4l2_dqbuf,0,VIDEO_OUTPUT_MPLANE
13803.892047,v4l2_qbuf,0,VIDEO_OUTPUT_MPLANE
13803.892079,v4l2_qbuf,4,VIDEO_CAPTURE_MPLANE
13803.895261,v4l2_dqbuf,4,VIDEO_CAPTURE_MPLANE
13803.895273,v4l2_dqbuf,0,VIDEO_OUTPUT_MPLANE
13803.908255,v4l2_qbuf,0,VIDEO_OUTPUT_MPLANE
13803.908276,v4l2_qbuf,0,VIDEO_CAPTURE_MPLANE
13803.911598,v4l2_dqbuf,0,VIDEO_CAPTURE_MPLANE
13803.911694,v4l2_dqbuf,0,VIDEO_OUTPUT_MPLANE
13803.925168,v4l2_qbuf,0,VIDEO_OUTPUT_MPLANE
13803.925188,v4l2_qbuf,3,VIDEO_CAPTURE_MPLANE
13803.928413,v4l2_dqbuf,3,VIDEO_CAPTURE_MPLANE
13803.928426,v4l2_dqbuf,0,VIDEO_OUTPUT_MPLANE
13803.941905,v4l2_qbuf,0,VIDEO_OUTPUT_MPLANE
13803.941932,v4l2_qbuf,1,VIDEO_CAPTURE_MPLANE
13803.944074,v4l2_dqbuf,1,VIDEO_CAPTURE_MPLANE
13803.944098,v4l2_dqbuf,0,VIDEO_OUTPUT_MPLANE
13803.975702,v4l2_qbuf,0,VIDEO_OUTPUT_MPLANE
13803.975808,v4l2_qbuf,0,VIDEO_CAPTURE_MPLANE
13803.979043,v4l2_dqbuf,0,VIDEO_CAPTURE_MPLANE
13803.979065,v4l2_dqbuf,0,VIDEO_OUTPUT_MPLANE
13803.979164,v4l2_qbuf,0,VIDEO_OUTPUT_MPLANE
13803.979181,v4l2_qbuf,5,VIDEO_CAPTURE_MPLANE
13803.982292,v4l2_dqbuf,5,VIDEO_CAPTURE_MPLANE
13803.982373,v4l2_dqbuf,0,VIDEO_OUTPUT_MPLANE
13803.996669,v4l2_qbuf,0,VIDEO_OUTPUT_MPLANE
13803.996685,v4l2_qbuf,4,VIDEO_CAPTURE_MPLANE
13803.999822,v4l2_dqbuf,4,VIDEO_CAPTURE_MPLANE
13803.999834,v4l2_dqbuf,0,VIDEO_OUTPUT_MPLANE
13804.008331,v4l2_qbuf,0,VIDEO_OUTPUT_MPLANE
13804.008362,v4l2_qbuf,3,VIDEO_CAPTURE_MPLANE
13804.010621,v4l2_dqbuf,3,VIDEO_CAPTURE_MPLANE
13804.010632,v4l2_dqbuf,0,VIDEO_OUTPUT_MPLANE
13804.041819,v4l2_qbuf,0,VIDEO_OUTPUT_MPLANE
13804.041852,v4l2_qbuf,5,VIDEO_CAPTURE_MPLANE
13804.045324,v4l2_dqbuf,5,VIDEO_CAPTURE_MPLANE
13804.045376,v4l2_dqbuf,0,VIDEO_OUTPUT_MPLANE
13804.045580,v4l2_qbuf,0,VIDEO_OUTPUT_MPLANE
13804.045610,v4l2_qbuf,2,VIDEO_CAPTURE_MPLANE
13804.048858,v4l2_dqbuf,2,VIDEO_CAPTURE_MPLANE
13804.048968,v4l2_dqbuf,0,VIDEO_OUTPUT_MPLANE
13804.058330,v4l2_qbuf,0,VIDEO_OUTPUT_MPLANE
13804.058363,v4l2_qbuf,0,VIDEO_CAPTURE_MPLANE
13804.061625,v4l2_dqbuf,0,VIDEO_CAPTURE_MPLANE
13804.061654,v4l2_dqbuf,0,VIDEO_OUTPUT_MPLANE
13804.075395,v4l2_qbuf,0,VIDEO_OUTPUT_MPLANE
13804.075430,v4l2_qbuf,4,VIDEO_CAPTURE_MPLANE
13804.077743,v4l2_dqbuf,4,VIDEO_CAPTURE_MPLANE
13804.077767,v4l2_dqbuf,0,VIDEO_OUTPUT_MPLANE
13804.108925,v4l2_qbuf,0,VIDEO_OUTPUT_MPLANE
13804.108969,v4l2_qbuf,2,VIDEO_CAPTURE_MPLANE
13804.112386,v4l2_dqbuf,2,VIDEO_CAPTURE_MPLANE
13804.112435,v4l2_dqbuf,0,VIDEO_OUTPUT_MPLANE
13804.112668,v4l2_qbuf,0,VIDEO_OUTPUT_MPLANE
13804.112701,v4l2_qbuf,1,VIDEO_CAPTURE_MPLANE
13804.115879,v4l2_dqbuf,1,VIDEO_CAPTURE_MPLANE
13804.116029,v4l2_dqbuf,0,VIDEO_OUTPUT_MPLANE
13804.130797,v4l2_qbuf,0,VIDEO_OUTPUT_MPLANE
13804.130824,v4l2_qbuf,5,VIDEO_CAPTURE_MPLANE
13804.134254,v4l2_dqbuf,5,VIDEO_CAPTURE_MPLANE
13804.134267,v4l2_dqbuf,0,VIDEO_OUTPUT_MPLANE
13804.141609,v4l2_qbuf,0,VIDEO_OUTPUT_MPLANE
13804.141625,v4l2_qbuf,0,VIDEO_CAPTURE_MPLANE
13804.143795,v4l2_dqbuf,0,VIDEO_CAPTURE_MPLANE
13804.143817,v4l2_dqbuf,0,VIDEO_OUTPUT_MPLANE
13804.175630,v4l2_qbuf,0,VIDEO_OUTPUT_MPLANE
13804.175669,v4l2_qbuf,1,VIDEO_CAPTURE_MPLANE
13804.178928,v4l2_dqbuf,1,VIDEO_CAPTURE_MPLANE
13804.178947,v4l2_dqbuf,0,VIDEO_OUTPUT_MPLANE
13804.179064,v4l2_qbuf,0,VIDEO_OUTPUT_MPLANE
13804.179076,v4l2_qbuf,3,VIDEO_CAPTURE_MPLANE
13804.182874,v4l2_dqbuf,3,VIDEO_CAPTURE_MPLANE
13804.182966,v4l2_dqbuf,0,VIDEO_OUTPUT_MPLANE
13804.191440,v4l2_qbuf,0,VIDEO_OUTPUT_MPLANE
13804.191458,v4l2_qbuf,2,VIDEO_CAPTURE_MPLANE
13804.194615,v4l2_dqbuf,2,VIDEO_CAPTURE_MPLANE
13804.194626,v4l2_dqbuf,0,VIDEO_OUTPUT_MPLANE
13804.208150,v4l2_qbuf,0,VIDEO_OUTPUT_MPLANE
13804.208165,v4l2_qbuf,5,VIDEO_CAPTURE_MPLANE
13804.210327,v4l2_dqbuf,5,VIDEO_CAPTURE_MPLANE
13804.210339,v4l2_dqbuf,0,VIDEO_OUTPUT_MPLANE
13804.241811,v4l2_qbuf,0,VIDEO_OUTPUT_MPLANE
13804.241854,v4l2_qbuf,3,VIDEO_CAPTURE_MPLANE
13804.245161,v4l2_dqbuf,3,VIDEO_CAPTURE_MPLANE
13804.245197,v4l2_dqbuf,0,VIDEO_OUTPUT_MPLANE
13804.245374,v4l2_qbuf,0,VIDEO_OUTPUT_MPLANE
13804.245395,v4l2_qbuf,4,VIDEO_CAPTURE_MPLANE
13804.248673,v4l2_dqbuf,4,VIDEO_CAPTURE_MPLANE
13804.248797,v4l2_dqbuf,0,VIDEO_OUTPUT_MPLANE
13804.264709,v4l2_qbuf,0,VIDEO_OUTPUT_MPLANE
13804.264793,v4l2_qbuf,1,VIDEO_CAPTURE_MPLANE
13804.268191,v4l2_dqbuf,1,VIDEO_CAPTURE_MPLANE
13804.268203,v4l2_dqbuf,0,VIDEO_OUTPUT_MPLANE
13804.275154,v4l2_qbuf,0,VIDEO_OUTPUT_MPLANE
13804.275184,v4l2_qbuf,2,VIDEO_CAPTURE_MPLANE
13804.277504,v4l2_dqbuf,2,VIDEO_CAPTURE_MPLANE
13804.277553,v4l2_dqbuf,0,VIDEO_OUTPUT_MPLANE
13804.325678,v4l2_qbuf,0,VIDEO_OUTPUT_MPLANE
13804.325699,v4l2_qbuf,4,VIDEO_CAPTURE_MPLANE
13804.329065,v4l2_dqbuf,4,VIDEO_CAPTURE_MPLANE
13804.329091,v4l2_dqbuf,0,VIDEO_OUTPUT_MPLANE
13804.329222,v4l2_qbuf,0,VIDEO_OUTPUT_MPLANE
13804.329242,v4l2_qbuf,0,VIDEO_CAPTURE_MPLANE
13804.332560,v4l2_dqbuf,0,VIDEO_CAPTURE_MPLANE
13804.332643,v4l2_dqbuf,0,VIDEO_OUTPUT_MPLANE
13804.346000,v4l2_qbuf,0,VIDEO_OUTPUT_MPLANE
13804.346030,v4l2_qbuf,3,VIDEO_CAPTURE_MPLANE
13804.349372,v4l2_dqbuf,3,VIDEO_CAPTURE_MPLANE
13804.349434,v4l2_dqbuf,0,VIDEO_OUTPUT_MPLANE
13804.358514,v4l2_qbuf,0,VIDEO_OUTPUT_MPLANE
13804.358549,v4l2_qbuf,1,VIDEO_CAPTURE_MPLANE
13804.360712,v4l2_dqbuf,1,VIDEO_CAPTURE_MPLANE
13804.360724,v4l2_dqbuf,0,VIDEO_OUTPUT_MPLANE
13804.391775,v4l2_qbuf,0,VIDEO_OUTPUT_MPLANE
13804.391797,v4l2_qbuf,0,VIDEO_CAPTURE_MPLANE
13804.396318,v4l2_dqbuf,0,VIDEO_CAPTURE_MPLANE
13804.396345,v4l2_dqbuf,0,VIDEO_OUTPUT_MPLANE
13804.396472,v4l2_qbuf,0,VIDEO_OUTPUT_MPLANE
13804.396494,v4l2_qbuf,5,VIDEO_CAPTURE_MPLANE
13804.399758,v4l2_dqbuf,5,VIDEO_CAPTURE_MPLANE
13804.399859,v4l2_dqbuf,0,VIDEO_OUTPUT_MPLANE
13804.413364,v4l2_qbuf,0,VIDEO_OUTPUT_MPLANE
13804.413386,v4l2_qbuf,4,VIDEO_CAPTURE_MPLANE
13804.416684,v4l2_dqbuf,4,VIDEO_CAPTURE_MPLANE
13804.416697,v4l2_dqbuf,0,VIDEO_OUTPUT_MPLANE
13804.425052,v4l2_qbuf,0,VIDEO_OUTPUT_MPLANE
13804.425078,v4l2_qbuf,3,VIDEO_CAPTURE_MPLANE
13804.427278,v4l2_dqbuf,3,VIDEO_CAPTURE_MPLANE
13804.427291,v4l2_dqbuf,0,VIDEO_OUTPUT_MPLANE
13804.458630,v4l2_qbuf,0,VIDEO_OUTPUT_MPLANE
13804.458653,v4l2_qbuf,5,VIDEO_CAPTURE_MPLANE
13804.462150,v4l2_dqbuf,5,VIDEO_CAPTURE_MPLANE
13804.462190,v4l2_dqbuf,0,VIDEO_OUTPUT_MPLANE
13804.462490,v4l2_qbuf,0,VIDEO_OUTPUT_MPLANE
13804.462553,v4l2_qbuf,2,VIDEO_CAPTURE_MPLANE
13804.467310,v4l2_dqbuf,2,VIDEO_CAPTURE_MPLANE
13804.467437,v4l2_dqbuf,0,VIDEO_OUTPUT_MPLANE
13804.471018,v4l2_qbuf,0,VIDEO_OUTPUT_MPLANE
13804.471037,v4l2_qbuf,0,VIDEO_CAPTURE_MPLANE
13804.474383,v4l2_dqbuf,0,VIDEO_CAPTURE_MPLANE
13804.474397,v4l2_dqbuf,0,VIDEO_OUTPUT_MPLANE
13804.487844,v4l2_qbuf,0,VIDEO_OUTPUT_MPLANE
13804.487884,v4l2_qbuf,4,VIDEO_CAPTURE_MPLANE
13804.490043,v4l2_dqbuf,4,VIDEO_CAPTURE_MPLANE
13804.490068,v4l2_dqbuf,0,VIDEO_OUTPUT_MPLANE
13804.521548,v4l2_qbuf,0,VIDEO_OUTPUT_MPLANE
13804.521607,v4l2_qbuf,2,VIDEO_CAPTURE_MPLANE
13804.524901,v4l2_dqbuf,2,VIDEO_CAPTURE_MPLANE
13804.524928,v4l2_dqbuf,0,VIDEO_OUTPUT_MPLANE
13804.525073,v4l2_qbuf,0,VIDEO_OUTPUT_MPLANE
13804.525091,v4l2_qbuf,1,VIDEO_CAPTURE_MPLANE
13804.528378,v4l2_dqbuf,1,VIDEO_CAPTURE_MPLANE
13804.528469,v4l2_dqbuf,0,VIDEO_OUTPUT_MPLANE
13804.541774,v4l2_qbuf,0,VIDEO_OUTPUT_MPLANE
13804.541795,v4l2_qbuf,5,VIDEO_CAPTURE_MPLANE
13804.545131,v4l2_dqbuf,5,VIDEO_CAPTURE_MPLANE
13804.545144,v4l2_dqbuf,0,VIDEO_OUTPUT_MPLANE
13804.554540,v4l2_qbuf,0,VIDEO_OUTPUT_MPLANE
13804.554561,v4l2_qbuf,0,VIDEO_CAPTURE_MPLANE
13804.556894,v4l2_dqbuf,0,VIDEO_CAPTURE_MPLANE
13804.556909,v4l2_dqbuf,0,VIDEO_OUTPUT_MPLANE
13804.587685,v4l2_qbuf,0,VIDEO_OUTPUT_MPLANE
13804.587706,v4l2_qbuf,1,VIDEO_CAPTURE_MPLANE
13804.590913,v4l2_dqbuf,1,VIDEO_CAPTURE_MPLANE
13804.590935,v4l2_dqbuf,0,VIDEO_OUTPUT_MPLANE
13804.591065,v4l2_qbuf,0,VIDEO_OUTPUT_MPLANE
13804.591082,v4l2_qbuf,3,VIDEO_CAPTURE_MPLANE
13804.594185,v4l2_dqbuf,3,VIDEO_CAPTURE_MPLANE
13804.594255,v4l2_dqbuf,0,VIDEO_OUTPUT_MPLANE
13804.605570,v4l2_qbuf,0,VIDEO_OUTPUT_MPLANE
13804.605595,v4l2_qbuf,2,VIDEO_CAPTURE_MPLANE
13804.608797,v4l2_dqbuf,2,VIDEO_CAPTURE_MPLANE
13804.608812,v4l2_dqbuf,0,VIDEO_OUTPUT_MPLANE
13804.621222,v4l2_qbuf,0,VIDEO_OUTPUT_MPLANE
13804.621243,v4l2_qbuf,5,VIDEO_CAPTURE_MPLANE
13804.623461,v4l2_dqbuf,5,VIDEO_CAPTURE_MPLANE
13804.623476,v4l2_dqbuf,0,VIDEO_OUTPUT_MPLANE
13804.654545,v4l2_qbuf,0,VIDEO_OUTPUT_MPLANE
13804.654590,v4l2_qbuf,3,VIDEO_CAPTURE_MPLANE
13804.658064,v4l2_dqbuf,3,VIDEO_CAPTURE_MPLANE
13804.658100,v4l2_dqbuf,0,VIDEO_OUTPUT_MPLANE
13804.658309,v4l2_qbuf,0,VIDEO_OUTPUT_MPLANE
13804.658339,v4l2_qbuf,4,VIDEO_CAPTURE_MPLANE
13804.661620,v4l2_dqbuf,4,VIDEO_CAPTURE_MPLANE
13804.661764,v4l2_dqbuf,0,VIDEO_OUTPUT_MPLANE
13804.675909,v4l2_qbuf,0,VIDEO_OUTPUT_MPLANE
13804.675941,v4l2_qbuf,1,VIDEO_CAPTURE_MPLANE
13804.679772,v4l2_dqbuf,1,VIDEO_CAPTURE_MPLANE
13804.679790,v4l2_dqbuf,0,VIDEO_OUTPUT_MPLANE
13804.687897,v4l2_qbuf,0,VIDEO_OUTPUT_MPLANE
13804.687917,v4l2_qbuf,2,VIDEO_CAPTURE_MPLANE
13804.690097,v4l2_dqbuf,2,VIDEO_CAPTURE_MPLANE
13804.690108,v4l2_dqbuf,0,VIDEO_OUTPUT_MPLANE
13804.720932,v4l2_qbuf,0,VIDEO_OUTPUT_MPLANE
13804.720959,v4l2_qbuf,4,VIDEO_CAPTURE_MPLANE
13804.724244,v4l2_dqbuf,4,VIDEO_CAPTURE_MPLANE
13804.724275,v4l2_dqbuf,0,VIDEO_OUTPUT_MPLANE
13804.724399,v4l2_qbuf,0,VIDEO_OUTPUT_MPLANE
13804.724418,v4l2_qbuf,0,VIDEO_CAPTURE_MPLANE
13804.727522,v4l2_dqbuf,0,VIDEO_CAPTURE_MPLANE
13804.727607,v4l2_dqbuf,0,VIDEO_OUTPUT_MPLANE
13804.740624,v4l2_qbuf,0,VIDEO_OUTPUT_MPLANE
13804.740644,v4l2_qbuf,3,VIDEO_CAPTURE_MPLANE
13804.743988,v4l2_dqbuf,3,VIDEO_CAPTURE_MPLANE
13804.744000,v4l2_dqbuf,0,VIDEO_OUTPUT_MPLANE
13804.757441,v4l2_qbuf,0,VIDEO_OUTPUT_MPLANE
13804.757460,v4l2_qbuf,1,VIDEO_CAPTURE_MPLANE
13804.759707,v4l2_dqbuf,1,VIDEO_CAPTURE_MPLANE
13804.759729,v4l2_dqbuf,0,VIDEO_OUTPUT_MPLANE
13804.790693,v4l2_qbuf,0,VIDEO_OUTPUT_MPLANE
13804.790728,v4l2_qbuf,0,VIDEO_CAPTURE_MPLANE
13804.793943,v4l2_dqbuf,0,VIDEO_CAPTURE_MPLANE
13804.793966,v4l2_dqbuf,0,VIDEO_OUTPUT_MPLANE
13804.794091,v4l2_qbuf,0,VIDEO_OUTPUT_MPLANE
13804.794108,v4l2_qbuf,5,VIDEO_CAPTURE_MPLANE
13804.797303,v4l2_dqbuf,5,VIDEO_CAPTURE_MPLANE
13804.797379,v4l2_dqbuf,0,VIDEO_OUTPUT_MPLANE
13804.812419,v4l2_qbuf,0,VIDEO_OUTPUT_MPLANE
13804.812437,v4l2_qbuf,4,VIDEO_CAPTURE_MPLANE
13804.815721,v4l2_dqbuf,4,VIDEO_CAPTURE_MPLANE
13804.815733,v4l2_dqbuf,0,VIDEO_OUTPUT_MPLANE
13804.823930,v4l2_qbuf,0,VIDEO_OUTPUT_MPLANE
13804.823949,v4l2_qbuf,3,VIDEO_CAPTURE_MPLANE
13804.826037,v4l2_dqbuf,3,VIDEO_CAPTURE_MPLANE
13804.826050,v4l2_dqbuf,0,VIDEO_OUTPUT_MPLANE
13804.861167,v4l2_qbuf,0,VIDEO_OUTPUT_MPLANE
13804.861241,v4l2_qbuf,5,VIDEO_CAPTURE_MPLANE
13804.864754,v4l2_dqbuf,5,VIDEO_CAPTURE_MPLANE
13804.864793,v4l2_dqbuf,0,VIDEO_OUTPUT_MPLANE
13804.864981,v4l2_qbuf,0,VIDEO_OUTPUT_MPLANE
13804.865018,v4l2_qbuf,2,VIDEO_CAPTURE_MPLANE
13804.868335,v4l2_dqbuf,2,VIDEO_CAPTURE_MPLANE
13804.868498,v4l2_dqbuf,0,VIDEO_OUTPUT_MPLANE
13804.878187,v4l2_qbuf,0,VIDEO_OUTPUT_MPLANE
13804.878240,v4l2_qbuf,0,VIDEO_CAPTURE_MPLANE
13804.880140,v4l2_dqbuf,0,VIDEO_CAPTURE_MPLANE
13804.880154,v4l2_dqbuf,0,VIDEO_OUTPUT_MPLANE
13804.892906,v4l2_qbuf,0,VIDEO_OUTPUT_MPLANE
13804.892937,v4l2_qbuf,4,VIDEO_CAPTURE_MPLANE
13804.895020,v4l2_dqbuf,4,VIDEO_CAPTURE_MPLANE
13804.895029,v4l2_dqbuf,0,VIDEO_OUTPUT_MPLANE
13804.909623,v4l2_qbuf,0,VIDEO_OUTPUT_MPLANE
13804.909653,v4l2_qbuf,1,VIDEO_CAPTURE_MPLANE
13804.912814,v4l2_dqbuf,1,VIDEO_CAPTURE_MPLANE
13804.912832,v4l2_dqbuf,0,VIDEO_OUTPUT_MPLANE
13804.926128,v4l2_qbuf,0,VIDEO_OUTPUT_MPLANE
13804.926147,v4l2_qbuf,5,VIDEO_CAPTURE_MPLANE
13804.929276,v4l2_dqbuf,5,VIDEO_CAPTURE_MPLANE
13804.929450,v4l2_dqbuf,0,VIDEO_OUTPUT_MPLANE
13804.942816,v4l2_qbuf,0,VIDEO_OUTPUT_MPLANE
13804.942833,v4l2_qbuf,2,VIDEO_CAPTURE_MPLANE
13804.946049,v4l2_dqbuf,2,VIDEO_CAPTURE_MPLANE
13804.946061,v4l2_dqbuf,0,VIDEO_OUTPUT_MPLANE
13804.959552,v4l2_qbuf,0,VIDEO_OUTPUT_MPLANE
13804.959582,v4l2_qbuf,3,VIDEO_CAPTURE_MPLANE
13804.961837,v4l2_dqbuf,3,VIDEO_CAPTURE_MPLANE
13804.961865,v4l2_dqbuf,0,VIDEO_OUTPUT_MPLANE
13804.992660,v4l2_qbuf,0,VIDEO_OUTPUT_MPLANE
13804.992674,v4l2_qbuf,5,VIDEO_CAPTURE_MPLANE
13804.995863,v4l2_dqbuf,5,VIDEO_CAPTURE_MPLANE
13804.995877,v4l2_dqbuf,0,VIDEO_OUTPUT_MPLANE
13804.995953,v4l2_qbuf,0,VIDEO_OUTPUT_MPLANE
13804.995963,v4l2_qbuf,0,VIDEO_CAPTURE_MPLANE
13804.999186,v4l2_dqbuf,0,VIDEO_CAPTURE_MPLANE
13804.999244,v4l2_dqbuf,0,VIDEO_OUTPUT_MPLANE
13805.009564,v4l2_qbuf,0,VIDEO_OUTPUT_MPLANE
13805.009600,v4l2_qbuf,1,VIDEO_CAPTURE_MPLANE
13805.012873,v4l2_dqbuf,1,VIDEO_CAPTURE_MPLANE
13805.012883,v4l2_dqbuf,0,VIDEO_OUTPUT_MPLANE
13805.026379,v4l2_qbuf,0,VIDEO_OUTPUT_MPLANE
13805.026397,v4l2_qbuf,2,VIDEO_CAPTURE_MPLANE
13805.028696,v4l2_dqbuf,2,VIDEO_CAPTURE_MPLANE
13805.028708,v4l2_dqbuf,0,VIDEO_OUTPUT_MPLANE
13805.059691,v4l2_qbuf,0,VIDEO_OUTPUT_MPLANE
13805.059718,v4l2_qbuf,0,VIDEO_CAPTURE_MPLANE
13805.063074,v4l2_dqbuf,0,VIDEO_CAPTURE_MPLANE
13805.063104,v4l2_dqbuf,0,VIDEO_OUTPUT_MPLANE
13805.063244,v4l2_qbuf,0,VIDEO_OUTPUT_MPLANE
13805.063263,v4l2_qbuf,4,VIDEO_CAPTURE_MPLANE
13805.066610,v4l2_dqbuf,4,VIDEO_CAPTURE_MPLANE
13805.066727,v4l2_dqbuf,0,VIDEO_OUTPUT_MPLANE
13805.076703,v4l2_qbuf,0,VIDEO_OUTPUT_MPLANE
13805.076742,v4l2_qbuf,5,VIDEO_CAPTURE_MPLANE
13805.079873,v4l2_dqbuf,5,VIDEO_CAPTURE_MPLANE
13805.079900,v4l2_dqbuf,0,VIDEO_OUTPUT_MPLANE
13805.093513,v4l2_qbuf,0,VIDEO_OUTPUT_MPLANE
13805.093552,v4l2_qbuf,1,VIDEO_CAPTURE_MPLANE
13805.095817,v4l2_dqbuf,1,VIDEO_CAPTURE_MPLANE
13805.095850,v4l2_dqbuf,0,VIDEO_OUTPUT_MPLANE
13805.126336,v4l2_qbuf,0,VIDEO_OUTPUT_MPLANE
13805.126357,v4l2_qbuf,4,VIDEO_CAPTURE_MPLANE
13805.129570,v4l2_dqbuf,4,VIDEO_CAPTURE_MPLANE
13805.129592,v4l2_dqbuf,0,VIDEO_OUTPUT_MPLANE
13805.129697,v4l2_qbuf,0,VIDEO_OUTPUT_MPLANE
13805.129713,v4l2_qbuf,3,VIDEO_CAPTURE_MPLANE
13805.133132,v4l2_dqbuf,3,VIDEO_CAPTURE_MPLANE
13805.133326,v4l2_dqbuf,0,VIDEO_OUTPUT_MPLANE
13805.143213,v4l2_qbuf,0,VIDEO_OUTPUT_MPLANE
13805.143234,v4l2_qbuf,0,VIDEO_CAPTURE_MPLANE
13805.147286,v4l2_dqbuf,0,VIDEO_CAPTURE_MPLANE
13805.147303,v4l2_dqbuf,0,VIDEO_OUTPUT_MPLANE
13805.159707,v4l2_qbuf,0,VIDEO_OUTPUT_MPLANE
13805.159726,v4l2_qbuf,5,VIDEO_CAPTURE_MPLANE
13805.161913,v4l2_dqbuf,5,VIDEO_CAPTURE_MPLANE
13805.161923,v4l2_dqbuf,0,VIDEO_OUTPUT_MPLANE
13805.193394,v4l2_qbuf,0,VIDEO_OUTPUT_MPLANE
13805.193437,v4l2_qbuf,3,VIDEO_CAPTURE_MPLANE
13805.196912,v4l2_dqbuf,3,VIDEO_CAPTURE_MPLANE
13805.196979,v4l2_dqbuf,0,VIDEO_OUTPUT_MPLANE
13805.197304,v4l2_qbuf,0,VIDEO_OUTPUT_MPLANE
13805.197326,v4l2_qbuf,2,VIDEO_CAPTURE_MPLANE
13805.202335,v4l2_dqbuf,2,VIDEO_CAPTURE_MPLANE
13805.202463,v4l2_dqbuf,0,VIDEO_OUTPUT_MPLANE
13805.209700,v4l2_qbuf,0,VIDEO_OUTPUT_MPLANE
13805.209733,v4l2_qbuf,4,VIDEO_CAPTURE_MPLANE
13805.212939,v4l2_dqbuf,4,VIDEO_CAPTURE_MPLANE
13805.212958,v4l2_dqbuf,0,VIDEO_OUTPUT_MPLANE
13805.226331,v4l2_qbuf,0,VIDEO_OUTPUT_MPLANE
13805.226349,v4l2_qbuf,0,VIDEO_CAPTURE_MPLANE
13805.228590,v4l2_dqbuf,0,VIDEO_CAPTURE_MPLANE
13805.228602,v4l2_dqbuf,0,VIDEO_OUTPUT_MPLANE
13805.260177,v4l2_qbuf,0,VIDEO_OUTPUT_MPLANE
13805.260236,v4l2_qbuf,2,VIDEO_CAPTURE_MPLANE
13805.263702,v4l2_dqbuf,2,VIDEO_CAPTURE_MPLANE
13805.263730,v4l2_dqbuf,0,VIDEO_OUTPUT_MPLANE
13805.263849,v4l2_qbuf,0,VIDEO_OUTPUT_MPLANE
13805.263868,v4l2_qbuf,1,VIDEO_CAPTURE_MPLANE
13805.267115,v4l2_dqbuf,1,VIDEO_CAPTURE_MPLANE
13805.267208,v4l2_dqbuf,0,VIDEO_OUTPUT_MPLANE
13805.276538,v4l2_qbuf,0,VIDEO_OUTPUT_MPLANE
13805.276559,v4l2_qbuf,3,VIDEO_CAPTURE_MPLANE
13805.279881,v4l2_dqbuf,3,VIDEO_CAPTURE_MPLANE
13805.279893,v4l2_dqbuf,0,VIDEO_OUTPUT_MPLANE
13805.292768,v4l2_qbuf,0,VIDEO_OUTPUT_MPLANE
13805.292789,v4l2_qbuf,4,VIDEO_CAPTURE_MPLANE
13805.294978,v4l2_dqbuf,4,VIDEO_CAPTURE_MPLANE
13805.294990,v4l2_dqbuf,0,VIDEO_OUTPUT_MPLANE
13805.326247,v4l2_qbuf,0,VIDEO_OUTPUT_MPLANE
13805.326267,v4l2_qbuf,1,VIDEO_CAPTURE_MPLANE
13805.329603,v4l2_dqbuf,1,VIDEO_CAPTURE_MPLANE
13805.329624,v4l2_dqbuf,0,VIDEO_OUTPUT_MPLANE
13805.329721,v4l2_qbuf,0,VIDEO_OUTPUT_MPLANE
13805.329737,v4l2_qbuf,5,VIDEO_CAPTURE_MPLANE
13805.332957,v4l2_dqbuf,5,VIDEO_CAPTURE_MPLANE
13805.333069,v4l2_dqbuf,0,VIDEO_OUTPUT_MPLANE
13805.342697,v4l2_qbuf,0,VIDEO_OUTPUT_MPLANE
13805.342716,v4l2_qbuf,2,VIDEO_CAPTURE_MPLANE
13805.345938,v4l2_dqbuf,2,VIDEO_CAPTURE_MPLANE
13805.345951,v4l2_dqbuf,0,VIDEO_OUTPUT_MPLANE
13805.359857,v4l2_qbuf,0,VIDEO_OUTPUT_MPLANE
13805.359877,v4l2_qbuf,3,VIDEO_CAPTURE_MPLANE
13805.361916,v4l2_dqbuf,3,VIDEO_CAPTURE_MPLANE
13805.361927,v4l2_dqbuf,0,VIDEO_OUTPUT_MPLANE
13805.393215,v4l2_qbuf,0,VIDEO_OUTPUT_MPLANE
13805.393248,v4l2_qbuf,5,VIDEO_CAPTURE_MPLANE
13805.396428,v4l2_dqbuf,5,VIDEO_CAPTURE_MPLANE
13805.396467,v4l2_dqbuf,0,VIDEO_OUTPUT_MPLANE
13805.396661,v4l2_qbuf,0,VIDEO_OUTPUT_MPLANE
13805.396686,v4l2_qbuf,0,VIDEO_CAPTURE_MPLANE
13805.399991,v4l2_dqbuf,0,VIDEO_CAPTURE_MPLANE
13805.400097,v4l2_dqbuf,0,VIDEO_OUTPUT_MPLANE
13805.409614,v4l2_qbuf,0,VIDEO_OUTPUT_MPLANE
13805.409634,v4l2_qbuf,1,VIDEO_CAPTURE_MPLANE
13805.412921,v4l2_dqbuf,1,VIDEO_CAPTURE_MPLANE
13805.412948,v4l2_dqbuf,0,VIDEO_OUTPUT_MPLANE
13805.426408,v4l2_qbuf,0,VIDEO_OUTPUT_MPLANE
13805.426519,v4l2_qbuf,2,VIDEO_CAPTURE_MPLANE
13805.428775,v4l2_dqbuf,2,VIDEO_CAPTURE_MPLANE
13805.428796,v4l2_dqbuf,0,VIDEO_OUTPUT_MPLANE
13805.459859,v4l2_qbuf,0,VIDEO_OUTPUT_MPLANE
13805.459881,v4l2_qbuf,0,VIDEO_CAPTURE_MPLANE
13805.462877,v4l2_dqbuf,0,VIDEO_CAPTURE_MPLANE
13805.462899,v4l2_dqbuf,0,VIDEO_OUTPUT_MPLANE
13805.463018,v4l2_qbuf,0,VIDEO_OUTPUT_MPLANE
13805.463033,v4l2_qbuf,4,VIDEO_CAPTURE_MPLANE
13805.465980,v4l2_dqbuf,4,VIDEO_CAPTURE_MPLANE
13805.466066,v4l2_dqbuf,0,VIDEO_OUTPUT_MPLANE
13805.476208,v4l2_qbuf,0,VIDEO_OUTPUT_MPLANE
13805.476230,v4l2_qbuf,5,VIDEO_CAPTURE_MPLANE
13805.479493,v4l2_dqbuf,5,VIDEO_CAPTURE_MPLANE
13805.479508,v4l2_dqbuf,0,VIDEO_OUTPUT_MPLANE
13805.492965,v4l2_qbuf,0,VIDEO_OUTPUT_MPLANE
13805.492989,v4l2_qbuf,1,VIDEO_CAPTURE_MPLANE
13805.495278,v4l2_dqbuf,1,VIDEO_CAPTURE_MPLANE
13805.495291,v4l2_dqbuf,0,VIDEO_OUTPUT_MPLANE
13805.528809,v4l2_qbuf,0,VIDEO_OUTPUT_MPLANE
13805.528858,v4l2_qbuf,4,VIDEO_CAPTURE_MPLANE
13805.532103,v4l2_dqbuf,4,VIDEO_CAPTURE_MPLANE
13805.532130,v4l2_dqbuf,0,VIDEO_OUTPUT_MPLANE
13805.532257,v4l2_qbuf,0,VIDEO_OUTPUT_MPLANE
13805.532321,v4l2_qbuf,3,VIDEO_CAPTURE_MPLANE
13805.535678,v4l2_dqbuf,3,VIDEO_CAPTURE_MPLANE
13805.535852,v4l2_dqbuf,0,VIDEO_OUTPUT_MPLANE
13805.542920,v4l2_qbuf,0,VIDEO_OUTPUT_MPLANE
13805.542983,v4l2_qbuf,0,VIDEO_CAPTURE_MPLANE
13805.546300,v4l2_dqbuf,0,VIDEO_CAPTURE_MPLANE
13805.546313,v4l2_dqbuf,0,VIDEO_OUTPUT_MPLANE
13805.559406,v4l2_qbuf,0,VIDEO_OUTPUT_MPLANE
13805.559426,v4l2_qbuf,5,VIDEO_CAPTURE_MPLANE
13805.561560,v4l2_dqbuf,5,VIDEO_CAPTURE_MPLANE
13805.561574,v4l2_dqbuf,0,VIDEO_OUTPUT_MPLANE
13805.576274,v4l2_qbuf,0,VIDEO_OUTPUT_MPLANE
13805.576290,v4l2_qbuf,2,VIDEO_CAPTURE_MPLANE
13805.579469,v4l2_dqbuf,2,VIDEO_CAPTURE_MPLANE
13805.579488,v4l2_dqbuf,0,VIDEO_OUTPUT_MPLANE
13805.592860,v4l2_qbuf,0,VIDEO_OUTPUT_MPLANE
13805.592879,v4l2_qbuf,3,VIDEO_CAPTURE_MPLANE
13805.595135,v4l2_dqbuf,3,VIDEO_CAPTURE_MPLANE
13805.595154,v4l2_dqbuf,0,VIDEO_OUTPUT_MPLANE
13805.626092,v4l2_qbuf,0,VIDEO_OUTPUT_MPLANE
13805.626109,v4l2_qbuf,0,VIDEO_CAPTURE_MPLANE
13805.629451,v4l2_dqbuf,0,VIDEO_CAPTURE_MPLANE
13805.629475,v4l2_dqbuf,0,VIDEO_OUTPUT_MPLANE
13805.629567,v4l2_qbuf,0,VIDEO_OUTPUT_MPLANE
13805.629583,v4l2_qbuf,4,VIDEO_CAPTURE_MPLANE
13805.632729,v4l2_dqbuf,4,VIDEO_CAPTURE_MPLANE
13805.632810,v4l2_dqbuf,0,VIDEO_OUTPUT_MPLANE
13805.642813,v4l2_qbuf,0,VIDEO_OUTPUT_MPLANE
13805.642832,v4l2_qbuf,1,VIDEO_CAPTURE_MPLANE
13805.646208,v4l2_dqbuf,1,VIDEO_CAPTURE_MPLANE
13805.646223,v4l2_dqbuf,0,VIDEO_OUTPUT_MPLANE
13805.659438,v4l2_qbuf,0,VIDEO_OUTPUT_MPLANE
13805.659464,v4l2_qbuf,2,VIDEO_CAPTURE_MPLANE
13805.661562,v4l2_dqbuf,2,VIDEO_CAPTURE_MPLANE
13805.661575,v4l2_dqbuf,0,VIDEO_OUTPUT_MPLANE
13805.693138,v4l2_qbuf,0,VIDEO_OUTPUT_MPLANE
13805.693162,v4l2_qbuf,4,VIDEO_CAPTURE_MPLANE
13805.697602,v4l2_dqbuf,4,VIDEO_CAPTURE_MPLANE
13805.697633,v4l2_dqbuf,0,VIDEO_OUTPUT_MPLANE
13805.697760,v4l2_qbuf,0,VIDEO_OUTPUT_MPLANE
13805.697778,v4l2_qbuf,5,VIDEO_CAPTURE_MPLANE
13805.700920,v4l2_dqbuf,5,VIDEO_CAPTURE_MPLANE
13805.701038,v4l2_dqbuf,0,VIDEO_OUTPUT_MPLANE
13805.710155,v4l2_qbuf,0,VIDEO_OUTPUT_MPLANE
13805.710176,v4l2_qbuf,0,VIDEO_CAPTURE_MPLANE
13805.713305,v4l2_dqbuf,0,VIDEO_CAPTURE_MPLANE
13805.713319,v4l2_dqbuf,0,VIDEO_OUTPUT_MPLANE
13805.726474,v4l2_qbuf,0,VIDEO_OUTPUT_MPLANE
13805.726494,v4l2_qbuf,1,VIDEO_CAPTURE_MPLANE
13805.728602,v4l2_dqbuf,1,VIDEO_CAPTURE_MPLANE
13805.728613,v4l2_dqbuf,0,VIDEO_OUTPUT_MPLANE
13805.760581,v4l2_qbuf,0,VIDEO_OUTPUT_MPLANE
13805.760601,v4l2_qbuf,5,VIDEO_CAPTURE_MPLANE
13805.763723,v4l2_dqbuf,5,VIDEO_CAPTURE_MPLANE
13805.763744,v4l2_dqbuf,0,VIDEO_OUTPUT_MPLANE
13805.763844,v4l2_qbuf,0,VIDEO_OUTPUT_MPLANE
13805.763859,v4l2_qbuf,3,VIDEO_CAPTURE_MPLANE
13805.769149,v4l2_dqbuf,3,VIDEO_CAPTURE_MPLANE
13805.769253,v4l2_dqbuf,0,VIDEO_OUTPUT_MPLANE
13805.776086,v4l2_qbuf,0,VIDEO_OUTPUT_MPLANE
13805.776107,v4l2_qbuf,4,VIDEO_CAPTURE_MPLANE
13805.779444,v4l2_dqbuf,4,VIDEO_CAPTURE_MPLANE
13805.779457,v4l2_dqbuf,0,VIDEO_OUTPUT_MPLANE
13805.793078,v4l2_qbuf,0,VIDEO_OUTPUT_MPLANE
13805.793105,v4l2_qbuf,0,VIDEO_CAPTURE_MPLANE
13805.795351,v4l2_dqbuf,0,VIDEO_CAPTURE_MPLANE
13805.795363,v4l2_dqbuf,0,VIDEO_OUTPUT_MPLANE
13805.843401,v4l2_qbuf,0,VIDEO_OUTPUT_MPLANE
13805.843431,v4l2_qbuf,3,VIDEO_CAPTURE_MPLANE
13805.846763,v4l2_dqbuf,3,VIDEO_CAPTURE_MPLANE
13805.846787,v4l2_dqbuf,0,VIDEO_OUTPUT_MPLANE
13805.846912,v4l2_qbuf,0,VIDEO_OUTPUT_MPLANE
13805.846931,v4l2_qbuf,2,VIDEO_CAPTURE_MPLANE
13805.850541,v4l2_dqbuf,2,VIDEO_CAPTURE_MPLANE
13805.850763,v4l2_dqbuf,0,VIDEO_OUTPUT_MPLANE
13805.864813,v4l2_qbuf,0,VIDEO_OUTPUT_MPLANE
13805.864827,v4l2_qbuf,5,VIDEO_CAPTURE_MPLANE
13805.869838,v4l2_dqbuf,5,VIDEO_CAPTURE_MPLANE
13805.869853,v4l2_dqbuf,0,VIDEO_OUTPUT_MPLANE
13805.876221,v4l2_qbuf,0,VIDEO_OUTPUT_MPLANE
13805.876242,v4l2_qbuf,4,VIDEO_CAPTURE_MPLANE
13805.878487,v4l2_dqbuf,4,VIDEO_CAPTURE_MPLANE
13805.878552,v4l2_dqbuf,0,VIDEO_OUTPUT_MPLANE
13805.893432,v4l2_qbuf,0,VIDEO_OUTPUT_MPLANE
13805.893475,v4l2_qbuf,1,VIDEO_CAPTURE_MPLANE
13805.895419,v4l2_dqbuf,1,VIDEO_CAPTURE_MPLANE
13805.895430,v4l2_dqbuf,0,VIDEO_OUTPUT_MPLANE
13805.910380,v4l2_qbuf,0,VIDEO_OUTPUT_MPLANE
13805.910436,v4l2_qbuf,2,VIDEO_CAPTURE_MPLANE
13805.912663,v4l2_dqbuf,2,VIDEO_CAPTURE_MPLANE
13805.912674,v4l2_dqbuf,0,VIDEO_OUTPUT_MPLANE
13805.926825,v4l2_qbuf,0,VIDEO_OUTPUT_MPLANE
13805.926845,v4l2_qbuf,3,VIDEO_CAPTURE_MPLANE
13805.930393,v4l2_dqbuf,3,VIDEO_CAPTURE_MPLANE
13805.930408,v4l2_dqbuf,0,VIDEO_OUTPUT_MPLANE
13805.942856,v4l2_qbuf,0,VIDEO_OUTPUT_MPLANE
13805.942875,v4l2_qbuf,5,VIDEO_CAPTURE_MPLANE
13805.946072,v4l2_dqbuf,5,VIDEO_CAPTURE_MPLANE
13805.946152,v4l2_dqbuf,0,VIDEO_OUTPUT_MPLANE
13805.959611,v4l2_qbuf,0,VIDEO_OUTPUT_MPLANE
13805.959630,v4l2_qbuf,0,VIDEO_CAPTURE_MPLANE
13805.962940,v4l2_dqbuf,0,VIDEO_CAPTURE_MPLANE
13805.962991,v4l2_dqbuf,0,VIDEO_OUTPUT_MPLANE
13805.976567,v4l2_qbuf,0,VIDEO_OUTPUT_MPLANE
13805.976607,v4l2_qbuf,4,VIDEO_CAPTURE_MPLANE
13805.979081,v4l2_dqbuf,4,VIDEO_CAPTURE_MPLANE
13805.979109,v4l2_dqbuf,0,VIDEO_OUTPUT_MPLANE
13806.009726,v4l2_qbuf,0,VIDEO_OUTPUT_MPLANE
13806.009797,v4l2_qbuf,5,VIDEO_CAPTURE_MPLANE
13806.013182,v4l2_dqbuf,5,VIDEO_CAPTURE_MPLANE
13806.013207,v4l2_dqbuf,0,VIDEO_OUTPUT_MPLANE
13806.013341,v4l2_qbuf,0,VIDEO_OUTPUT_MPLANE
13806.013361,v4l2_qbuf,1,VIDEO_CAPTURE_MPLANE
13806.016722,v4l2_dqbuf,1,VIDEO_CAPTURE_MPLANE
13806.016829,v4l2_dqbuf,0,VIDEO_OUTPUT_MPLANE
13806.032274,v4l2_qbuf,0,VIDEO_OUTPUT_MPLANE
13806.032291,v4l2_qbuf,3,VIDEO_CAPTURE_MPLANE
13806.035566,v4l2_dqbuf,3,VIDEO_CAPTURE_MPLANE
13806.035577,v4l2_dqbuf,0,VIDEO_OUTPUT_MPLANE
13806.042560,v4l2_qbuf,0,VIDEO_OUTPUT_MPLANE
13806.042575,v4l2_qbuf,0,VIDEO_CAPTURE_MPLANE
13806.044782,v4l2_dqbuf,0,VIDEO_CAPTURE_MPLANE
13806.044793,v4l2_dqbuf,0,VIDEO_OUTPUT_MPLANE
13806.076266,v4l2_qbuf,0,VIDEO_OUTPUT_MPLANE
13806.076307,v4l2_qbuf,1,VIDEO_CAPTURE_MPLANE
13806.079470,v4l2_dqbuf,1,VIDEO_CAPTURE_MPLANE
13806.079507,v4l2_dqbuf,0,VIDEO_OUTPUT_MPLANE
13806.079692,v4l2_qbuf,0,VIDEO_OUTPUT_MPLANE
13806.079717,v4l2_qbuf,2,VIDEO_CAPTURE_MPLANE
13806.082801,v4l2_dqbuf,2,VIDEO_CAPTURE_MPLANE
13806.082944,v4l2_dqbuf,0,VIDEO_OUTPUT_MPLANE
13806.096323,v4l2_qbuf,0,VIDEO_OUTPUT_MPLANE
13806.096337,v4l2_qbuf,5,VIDEO_CAPTURE_MPLANE
13806.099444,v4l2_dqbuf,5,VIDEO_CAPTURE_MPLANE
13806.099465,v4l2_dqbuf,0,VIDEO_OUTPUT_MPLANE
13806.110347,v4l2_qbuf,0,VIDEO_OUTPUT_MPLANE
13806.110373,v4l2_qbuf,3,VIDEO_CAPTURE_MPLANE
13806.112624,v4l2_dqbuf,3,VIDEO_CAPTURE_MPLANE
13806.112638,v4l2_dqbuf,0,VIDEO_OUTPUT_MPLANE
13806.143980,v4l2_qbuf,0,VIDEO_OUTPUT_MPLANE
13806.144013,v4l2_qbuf,2,VIDEO_CAPTURE_MPLANE
13806.147451,v4l2_dqbuf,2,VIDEO_CAPTURE_MPLANE
13806.147474,v4l2_dqbuf,0,VIDEO_OUTPUT_MPLANE
13806.147589,v4l2_qbuf,0,VIDEO_OUTPUT_MPLANE
13806.147607,v4l2_qbuf,4,VIDEO_CAPTURE_MPLANE
13806.151113,v4l2_dqbuf,4,VIDEO_CAPTURE_MPLANE
13806.151220,v4l2_dqbuf,0,VIDEO_OUTPUT_MPLANE
13806.165400,v4l2_qbuf,0,VIDEO_OUTPUT_MPLANE
13806.165429,v4l2_qbuf,1,VIDEO_CAPTURE_MPLANE
13806.168760,v4l2_dqbuf,1,VIDEO_CAPTURE_MPLANE
13806.168773,v4l2_dqbuf,0,VIDEO_OUTPUT_MPLANE
13806.176256,v4l2_qbuf,0,VIDEO_OUTPUT_MPLANE
13806.176286,v4l2_qbuf,5,VIDEO_CAPTURE_MPLANE
13806.178423,v4l2_dqbuf,5,VIDEO_CAPTURE_MPLANE
13806.178436,v4l2_dqbuf,0,VIDEO_OUTPUT_MPLANE
13806.193120,v4l2_qbuf,0,VIDEO_OUTPUT_MPLANE
13806.193140,v4l2_qbuf,0,VIDEO_CAPTURE_MPLANE
13806.197628,v4l2_dqbuf,0,VIDEO_CAPTURE_MPLANE
13806.197645,v4l2_dqbuf,0,VIDEO_OUTPUT_MPLANE
13806.209924,v4l2_qbuf,0,VIDEO_OUTPUT_MPLANE
13806.209944,v4l2_qbuf,4,VIDEO_CAPTURE_MPLANE
13806.212391,v4l2_dqbuf,4,VIDEO_CAPTURE_MPLANE
13806.212408,v4l2_dqbuf,0,VIDEO_OUTPUT_MPLANE
13806.242831,v4l2_qbuf,0,VIDEO_OUTPUT_MPLANE
13806.242880,v4l2_qbuf,1,VIDEO_CAPTURE_MPLANE
13806.246117,v4l2_dqbuf,1,VIDEO_CAPTURE_MPLANE
13806.246140,v4l2_dqbuf,0,VIDEO_OUTPUT_MPLANE
13806.246255,v4l2_qbuf,0,VIDEO_OUTPUT_MPLANE
13806.246273,v4l2_qbuf,2,VIDEO_CAPTURE_MPLANE
13806.249536,v4l2_dqbuf,2,VIDEO_CAPTURE_MPLANE
13806.249619,v4l2_dqbuf,0,VIDEO_OUTPUT_MPLANE
13806.259662,v4l2_qbuf,0,VIDEO_OUTPUT_MPLANE
13806.259692,v4l2_qbuf,3,VIDEO_CAPTURE_MPLANE
13806.262799,v4l2_dqbuf,3,VIDEO_CAPTURE_MPLANE
13806.262818,v4l2_dqbuf,0,VIDEO_OUTPUT_MPLANE
13806.276450,v4l2_qbuf,0,VIDEO_OUTPUT_MPLANE
13806.276477,v4l2_qbuf,0,VIDEO_CAPTURE_MPLANE
13806.278648,v4l2_dqbuf,0,VIDEO_CAPTURE_MPLANE
13806.278659,v4l2_dqbuf,0,VIDEO_OUTPUT_MPLANE
13806.309555,v4l2_qbuf,0,VIDEO_OUTPUT_MPLANE
13806.309571,v4l2_qbuf,2,VIDEO_CAPTURE_MPLANE
13806.312841,v4l2_dqbuf,2,VIDEO_CAPTURE_MPLANE
13806.312867,v4l2_dqbuf,0,VIDEO_OUTPUT_MPLANE
13806.313039,v4l2_qbuf,0,VIDEO_OUTPUT_MPLANE
13806.313060,v4l2_qbuf,5,VIDEO_CAPTURE_MPLANE
13806.316037,v4l2_dqbuf,5,VIDEO_CAPTURE_MPLANE
13806.316050,v4l2_dqbuf,0,VIDEO_OUTPUT_MPLANE
13806.326498,v4l2_qbuf,0,VIDEO_OUTPUT_MPLANE
13806.326552,v4l2_qbuf,1,VIDEO_CAPTURE_MPLANE
13806.328691,v4l2_dqbuf,1,VIDEO_CAPTURE_MPLANE
13806.328705,v4l2_dqbuf,0,VIDEO_OUTPUT_MPLANE
13806.343071,v4l2_qbuf,0,VIDEO_OUTPUT_MPLANE
13806.343102,v4l2_qbuf,3,VIDEO_CAPTURE_MPLANE
13806.346296,v4l2_dqbuf,3,VIDEO_CAPTURE_MPLANE
13806.346318,v4l2_dqbuf,0,VIDEO_OUTPUT_MPLANE
13806.359718,v4l2_qbuf,0,VIDEO_OUTPUT_MPLANE
13806.359733,v4l2_qbuf,4,VIDEO_CAPTURE_MPLANE
13806.363025,v4l2_dqbuf,4,VIDEO_CAPTURE_MPLANE
13806.363172,v4l2_dqbuf,0,VIDEO_OUTPUT_MPLANE
13806.376273,v4l2_qbuf,0,VIDEO_OUTPUT_MPLANE
13806.376292,v4l2_qbuf,2,VIDEO_CAPTURE_MPLANE
13806.379406,v4l2_dqbuf,2,VIDEO_CAPTURE_MPLANE
13806.379428,v4l2_dqbuf,0,VIDEO_OUTPUT_MPLANE
13806.392908,v4l2_qbuf,0,VIDEO_OUTPUT_MPLANE
13806.392938,v4l2_qbuf,5,VIDEO_CAPTURE_MPLANE
13806.395202,v4l2_dqbuf,5,VIDEO_CAPTURE_MPLANE
13806.395225,v4l2_dqbuf,0,VIDEO_OUTPUT_MPLANE
13806.426206,v4l2_qbuf,0,VIDEO_OUTPUT_MPLANE
13806.426226,v4l2_qbuf,4,VIDEO_CAPTURE_MPLANE
13806.429213,v4l2_dqbuf,4,VIDEO_CAPTURE_MPLANE
13806.429234,v4l2_dqbuf,0,VIDEO_OUTPUT_MPLANE
13806.429347,v4l2_qbuf,0,VIDEO_OUTPUT_MPLANE
13806.429365,v4l2_qbuf,0,VIDEO_CAPTURE_MPLANE
13806.432506,v4l2_dqbuf,0,VIDEO_CAPTURE_MPLANE
13806.432526,v4l2_dqbuf,0,VIDEO_OUTPUT_MPLANE
13806.447627,v4l2_qbuf,0,VIDEO_OUTPUT_MPLANE
13806.447645,v4l2_qbuf,3,VIDEO_CAPTURE_MPLANE
13806.449822,v4l2_dqbuf,3,VIDEO_CAPTURE_MPLANE
13806.449835,v4l2_dqbuf,0,VIDEO_OUTPUT_MPLANE
13806.459789,v4l2_qbuf,0,VIDEO_OUTPUT_MPLANE
13806.459811,v4l2_qbuf,2,VIDEO_CAPTURE_MPLANE
13806.463064,v4l2_dqbuf,2,VIDEO_CAPTURE_MPLANE
13806.463090,v4l2_dqbuf,0,VIDEO_OUTPUT_MPLANE
13806.476716,v4l2_qbuf,0,VIDEO_OUTPUT_MPLANE
13806.476757,v4l2_qbuf,1,VIDEO_CAPTURE_MPLANE
13806.480087,v4l2_dqbuf,1,VIDEO_CAPTURE_MPLANE
13806.480223,v4l2_dqbuf,0,VIDEO_OUTPUT_MPLANE
13806.493151,v4l2_qbuf,0,VIDEO_OUTPUT_MPLANE
13806.493171,v4l2_qbuf,4,VIDEO_CAPTURE_MPLANE
13806.499107,v4l2_dqbuf,4,VIDEO_CAPTURE_MPLANE
13806.499140,v4l2_dqbuf,0,VIDEO_OUTPUT_MPLANE
13806.510044,v4l2_qbuf,0,VIDEO_OUTPUT_MPLANE
13806.510083,v4l2_qbuf,0,VIDEO_CAPTURE_MPLANE
13806.513300,v4l2_dqbuf,0,VIDEO_CAPTURE_MPLANE
13806.513315,v4l2_dqbuf,0,VIDEO_OUTPUT_MPLANE
13806.543632,v4l2_qbuf,0,VIDEO_OUTPUT_MPLANE
13806.543662,v4l2_qbuf,1,VIDEO_CAPTURE_MPLANE
13806.546864,v4l2_dqbuf,1,VIDEO_CAPTURE_MPLANE
13806.546902,v4l2_dqbuf,0,VIDEO_OUTPUT_MPLANE
13806.547238,v4l2_qbuf,0,VIDEO_OUTPUT_MPLANE
13806.547377,v4l2_qbuf,5,VIDEO_CAPTURE_MPLANE
13806.550860,v4l2_dqbuf,5,VIDEO_CAPTURE_MPLANE
13806.551042,v4l2_dqbuf,0,VIDEO_OUTPUT_MPLANE
13806.568244,v4l2_qbuf,0,VIDEO_OUTPUT_MPLANE
13806.568288,v4l2_qbuf,2,VIDEO_CAPTURE_MPLANE
13806.571577,v4l2_dqbuf,2,VIDEO_CAPTURE_MPLANE
13806.571663,v4l2_dqbuf,0,VIDEO_OUTPUT_MPLANE
13806.576237,v4l2_qbuf,0,VIDEO_OUTPUT_MPLANE
13806.576254,v4l2_qbuf,4,VIDEO_CAPTURE_MPLANE
13806.578515,v4l2_dqbuf,4,VIDEO_CAPTURE_MPLANE
13806.578526,v4l2_dqbuf,0,VIDEO_OUTPUT_MPLANE
13806.609908,v4l2_qbuf,0,VIDEO_OUTPUT_MPLANE
13806.609924,v4l2_qbuf,5,VIDEO_CAPTURE_MPLANE
13806.613592,v4l2_dqbuf,5,VIDEO_CAPTURE_MPLANE
13806.613618,v4l2_dqbuf,0,VIDEO_OUTPUT_MPLANE
13806.613744,v4l2_qbuf,0,VIDEO_OUTPUT_MPLANE
13806.613808,v4l2_qbuf,3,VIDEO_CAPTURE_MPLANE
13806.617168,v4l2_dqbuf,3,VIDEO_CAPTURE_MPLANE
13806.617183,v4l2_dqbuf,0,VIDEO_OUTPUT_MPLANE
13806.626276,v4l2_qbuf,0,VIDEO_OUTPUT_MPLANE
13806.626304,v4l2_qbuf,1,VIDEO_CAPTURE_MPLANE
13806.628492,v4l2_dqbuf,1,VIDEO_CAPTURE_MPLANE
13806.628514,v4l2_dqbuf,0,VIDEO_OUTPUT_MPLANE
13806.643073,v4l2_qbuf,0,VIDEO_OUTPUT_MPLANE
13806.643093,v4l2_qbuf,2,VIDEO_CAPTURE_MPLANE
13806.646166,v4l2_dqbuf,2,VIDEO_CAPTURE_MPLANE
13806.646180,v4l2_dqbuf,0,VIDEO_OUTPUT_MPLANE
13806.659705,v4l2_qbuf,0,VIDEO_OUTPUT_MPLANE
13806.659725,v4l2_qbuf,0,VIDEO_CAPTURE_MPLANE
13806.662801,v4l2_dqbuf,0,VIDEO_CAPTURE_MPLANE
13806.662888,v4l2_dqbuf,0,VIDEO_OUTPUT_MPLANE
13806.676278,v4l2_qbuf,0,VIDEO_OUTPUT_MPLANE
13806.676298,v4l2_qbuf,5,VIDEO_CAPTURE_MPLANE
13806.679426,v4l2_dqbuf,5,VIDEO_CAPTURE_MPLANE
13806.679440,v4l2_dqbuf,0,VIDEO_OUTPUT_MPLANE
13806.693314,v4l2_qbuf,0,VIDEO_OUTPUT_MPLANE
13806.693349,v4l2_qbuf,3,VIDEO_CAPTURE_MPLANE
13806.695716,v4l2_dqbuf,3,VIDEO_CAPTURE_MPLANE
13806.695730,v4l2_dqbuf,0,VIDEO_OUTPUT_MPLANE
13806.726840,v4l2_qbuf,0,VIDEO_OUTPUT_MPLANE
13806.726906,v4l2_qbuf,0,VIDEO_CAPTURE_MPLANE
13806.730332,v4l2_dqbuf,0,VIDEO_CAPTURE_MPLANE
13806.730354,v4l2_dqbuf,0,VIDEO_OUTPUT_MPLANE
13806.730473,v4l2_qbuf,0,VIDEO_OUTPUT_MPLANE
13806.730506,v4l2_qbuf,4,VIDEO_CAPTURE_MPLANE
13806.733634,v4l2_dqbuf,4,VIDEO_CAPTURE_MPLANE
13806.733753,v4l2_dqbuf,0,VIDEO_OUTPUT_MPLANE
13806.751073,v4l2_qbuf,0,VIDEO_OUTPUT_MPLANE
13806.751093,v4l2_qbuf,2,VIDEO_CAPTURE_MPLANE
13806.755849,v4l2_dqbuf,2,VIDEO_CAPTURE_MPLANE
13806.755868,v4l2_dqbuf,0,VIDEO_OUTPUT_MPLANE
13806.759830,v4l2_qbuf,0,VIDEO_OUTPUT_MPLANE
13806.759853,v4l2_qbuf,5,VIDEO_CAPTURE_MPLANE
13806.761998,v4l2_dqbuf,5,VIDEO_CAPTURE_MPLANE
13806.762015,v4l2_dqbuf,0,VIDEO_OUTPUT_MPLANE
13806.793655,v4l2_qbuf,0,VIDEO_OUTPUT_MPLANE
13806.793739,v4l2_qbuf,4,VIDEO_CAPTURE_MPLANE
13806.797084,v4l2_dqbuf,4,VIDEO_CAPTURE_MPLANE
13806.797132,v4l2_dqbuf,0,VIDEO_OUTPUT_MPLANE
13806.797326,v4l2_qbuf,0,VIDEO_OUTPUT_MPLANE
13806.797347,v4l2_qbuf,1,VIDEO_CAPTURE_MPLANE
13806.800594,v4l2_dqbuf,1,VIDEO_CAPTURE_MPLANE
13806.800753,v4l2_dqbuf,0,VIDEO_OUTPUT_MPLANE
13806.810342,v4l2_qbuf,0,VIDEO_OUTPUT_MPLANE
13806.810441,v4l2_qbuf,0,VIDEO_CAPTURE_MPLANE
13806.813806,v4l2_dqbuf,0,VIDEO_CAPTURE_MPLANE
13806.813819,v4l2_dqbuf,0,VIDEO_OUTPUT_MPLANE
13806.826768,v4l2_qbuf,0,VIDEO_OUTPUT_MPLANE
13806.826814,v4l2_qbuf,2,VIDEO_CAPTURE_MPLANE
13806.829054,v4l2_dqbuf,2,VIDEO_CAPTURE_MPLANE
13806.829066,v4l2_dqbuf,0,VIDEO_OUTPUT_MPLANE
13806.859675,v4l2_qbuf,0,VIDEO_OUTPUT_MPLANE
13806.859706,v4l2_qbuf,1,VIDEO_CAPTURE_MPLANE
13806.862807,v4l2_dqbuf,1,VIDEO_CAPTURE_MPLANE
13806.862823,v4l2_dqbuf,0,VIDEO_OUTPUT_MPLANE
13806.862908,v4l2_qbuf,0,VIDEO_OUTPUT_MPLANE
13806.862921,v4l2_qbuf,3,VIDEO_CAPTURE_MPLANE
13806.865980,v4l2_dqbuf,3,VIDEO_CAPTURE_MPLANE
13806.865997,v4l2_dqbuf,0,VIDEO_OUTPUT_MPLANE
13806.882847,v4l2_qbuf,0,VIDEO_OUTPUT_MPLANE
13806.882880,v4l2_qbuf,4,VIDEO_CAPTURE_MPLANE
13806.885681,v4l2_dqbuf,4,VIDEO_CAPTURE_MPLANE
13806.885930,v4l2_dqbuf,0,VIDEO_OUTPUT_MPLANE
13806.893228,v4l2_qbuf,0,VIDEO_OUTPUT_MPLANE
13806.893258,v4l2_qbuf,0,VIDEO_CAPTURE_MPLANE
13806.895276,v4l2_dqbuf,0,VIDEO_CAPTURE_MPLANE
13806.895295,v4l2_dqbuf,0,VIDEO_OUTPUT_MPLANE
13806.909604,v4l2_qbuf,0,VIDEO_OUTPUT_MPLANE
13806.909629,v4l2_qbuf,5,VIDEO_CAPTURE_MPLANE
13806.911771,v4l2_dqbuf,5,VIDEO_CAPTURE_MPLANE
13806.911790,v4l2_dqbuf,0,VIDEO_OUTPUT_MPLANE
13806.926774,v4l2_qbuf,0,VIDEO_OUTPUT_MPLANE
13806.926797,v4l2_qbuf,1,VIDEO_CAPTURE_MPLANE
13806.930250,v4l2_dqbuf,1,VIDEO_CAPTURE_MPLANE
13806.930264,v4l2_dqbuf,0,VIDEO_OUTPUT_MPLANE
13806.942895,v4l2_qbuf,0,VIDEO_OUTPUT_MPLANE
13806.942916,v4l2_qbuf,3,VIDEO_CAPTURE_MPLANE
13806.946044,v4l2_dqbuf,3,VIDEO_CAPTURE_MPLANE
13806.946055,v4l2_dqbuf,0,VIDEO_OUTPUT_MPLANE
13806.961839,v4l2_qbuf,0,VIDEO_OUTPUT_MPLANE
13806.961918,v4l2_qbuf,2,VIDEO_CAPTURE_MPLANE
13806.964279,v4l2_dqbuf,2,VIDEO_CAPTURE_MPLANE
13806.964293,v4l2_dqbuf,0,VIDEO_OUTPUT_MPLANE
13806.976202,v4l2_qbuf,0,VIDEO_OUTPUT_MPLANE
13806.976222,v4l2_qbuf,4,VIDEO_CAPTURE_MPLANE
13806.979185,v4l2_dqbuf,4,VIDEO_CAPTURE_MPLANE
13806.979196,v4l2_dqbuf,0,VIDEO_OUTPUT_MPLANE
13806.997671,v4l2_qbuf,0,VIDEO_OUTPUT_MPLANE
13806.997697,v4l2_qbuf,0,VIDEO_CAPTURE_MPLANE
13806.999991,v4l2_dqbuf,0,VIDEO_CAPTURE_MPLANE
13807.000022,v4l2_dqbuf,0,VIDEO_OUTPUT_MPLANE
13807.031413,v4l2_qbuf,0,VIDEO_OUTPUT_MPLANE
13807.031513,v4l2_qbuf,3,VIDEO_CAPTURE_MPLANE
13807.034924,v4l2_dqbuf,3,VIDEO_CAPTURE_MPLANE
13807.034948,v4l2_dqbuf,0,VIDEO_OUTPUT_MPLANE
13807.035078,v4l2_qbuf,0,VIDEO_OUTPUT_MPLANE
13807.035095,v4l2_qbuf,1,VIDEO_CAPTURE_MPLANE
13807.038942,v4l2_dqbuf,1,VIDEO_CAPTURE_MPLANE
13807.039060,v4l2_dqbuf,0,VIDEO_OUTPUT_MPLANE
13807.053643,v4l2_qbuf,0,VIDEO_OUTPUT_MPLANE
13807.053661,v4l2_qbuf,5,VIDEO_CAPTURE_MPLANE
13807.056991,v4l2_dqbuf,5,VIDEO_CAPTURE_MPLANE
13807.057030,v4l2_dqbuf,0,VIDEO_OUTPUT_MPLANE
13807.065768,v4l2_qbuf,0,VIDEO_OUTPUT_MPLANE
13807.065796,v4l2_qbuf,4,VIDEO_CAPTURE_MPLANE
13807.068104,v4l2_dqbuf,4,VIDEO_CAPTURE_MPLANE
13807.068125,v4l2_dqbuf,0,VIDEO_OUTPUT_MPLANE
13807.097736,v4l2_qbuf,0,VIDEO_OUTPUT_MPLANE
13807.097771,v4l2_qbuf,1,VIDEO_CAPTURE_MPLANE
13807.101076,v4l2_dqbuf,1,VIDEO_CAPTURE_MPLANE
13807.101101,v4l2_dqbuf,0,VIDEO_OUTPUT_MPLANE
13807.101245,v4l2_qbuf,0,VIDEO_OUTPUT_MPLANE
13807.101264,v4l2_qbuf,2,VIDEO_CAPTURE_MPLANE
13807.104443,v4l2_dqbuf,2,VIDEO_CAPTURE_MPLANE
13807.104589,v4l2_dqbuf,0,VIDEO_OUTPUT_MPLANE
13807.114717,v4l2_qbuf,0,VIDEO_OUTPUT_MPLANE
13807.114745,v4l2_qbuf,3,VIDEO_CAPTURE_MPLANE
13807.118031,v4l2_dqbuf,3,VIDEO_CAPTURE_MPLANE
13807.118045,v4l2_dqbuf,0,VIDEO_OUTPUT_MPLANE
13807.132634,v4l2_qbuf,0,VIDEO_OUTPUT_MPLANE
13807.132667,v4l2_qbuf,5,VIDEO_CAPTURE_MPLANE
13807.134850,v4l2_dqbuf,5,VIDEO_CAPTURE_MPLANE
13807.134860,v4l2_dqbuf,0,VIDEO_OUTPUT_MPLANE
13807.163778,v4l2_qbuf,0,VIDEO_OUTPUT_MPLANE
13807.163797,v4l2_qbuf,2,VIDEO_CAPTURE_MPLANE
13807.166997,v4l2_dqbuf,2,VIDEO_CAPTURE_MPLANE
13807.167128,v4l2_dqbuf,0,VIDEO_OUTPUT_MPLANE
13807.167307,v4l2_qbuf,0,VIDEO_OUTPUT_MPLANE
13807.167334,v4l2_qbuf,0,VIDEO_CAPTURE_MPLANE
13807.172462,v4l2_dqbuf,0,VIDEO_CAPTURE_MPLANE
13807.172595,v4l2_dqbuf,0,VIDEO_OUTPUT_MPLANE
13807.180703,v4l2_qbuf,0,VIDEO_OUTPUT_MPLANE
13807.180724,v4l2_qbuf,1,VIDEO_CAPTURE_MPLANE
13807.183912,v4l2_dqbuf,1,VIDEO_CAPTURE_MPLANE
13807.183932,v4l2_dqbuf,0,VIDEO_OUTPUT_MPLANE
13807.199228,v4l2_qbuf,0,VIDEO_OUTPUT_MPLANE
13807.199252,v4l2_qbuf,3,VIDEO_CAPTURE_MPLANE
13807.201636,v4l2_dqbuf,3,VIDEO_CAPTURE_MPLANE
13807.201648,v4l2_dqbuf,0,VIDEO_OUTPUT_MPLANE
13807.230897,v4l2_qbuf,0,VIDEO_OUTPUT_MPLANE
13807.230931,v4l2_qbuf,0,VIDEO_CAPTURE_MPLANE
13807.234239,v4l2_dqbuf,0,VIDEO_CAPTURE_MPLANE
13807.234259,v4l2_dqbuf,0,VIDEO_OUTPUT_MPLANE
13807.234359,v4l2_qbuf,0,VIDEO_OUTPUT_MPLANE
13807.234372,v4l2_qbuf,4,VIDEO_CAPTURE_MPLANE
13807.237569,v4l2_dqbuf,4,VIDEO_CAPTURE_MPLANE
13807.237722,v4l2_dqbuf,0,VIDEO_OUTPUT_MPLANE
13807.247799,v4l2_qbuf,0,VIDEO_OUTPUT_MPLANE
13807.247820,v4l2_qbuf,2,VIDEO_CAPTURE_MPLANE
13807.251138,v4l2_dqbuf,2,VIDEO_CAPTURE_MPLANE
13807.251148,v4l2_dqbuf,0,VIDEO_OUTPUT_MPLANE
13807.263810,v4l2_qbuf,0,VIDEO_OUTPUT_MPLANE
13807.263825,v4l2_qbuf,1,VIDEO_CAPTURE_MPLANE
13807.266089,v4l2_dqbuf,1,VIDEO_CAPTURE_MPLANE
13807.266116,v4l2_dqbuf,0,VIDEO_OUTPUT_MPLANE
13807.300338,v4l2_qbuf,0,VIDEO_OUTPUT_MPLANE
13807.300363,v4l2_qbuf,4,VIDEO_CAPTURE_MPLANE
13807.303619,v4l2_dqbuf,4,VIDEO_CAPTURE_MPLANE
13807.303641,v4l2_dqbuf,0,VIDEO_OUTPUT_MPLANE
13807.303759,v4l2_qbuf,0,VIDEO_OUTPUT_MPLANE
13807.303790,v4l2_qbuf,5,VIDEO_CAPTURE_MPLANE
13807.306890,v4l2_dqbuf,5,VIDEO_CAPTURE_MPLANE
13807.307058,v4l2_dqbuf,0,VIDEO_OUTPUT_MPLANE
13807.319238,v4l2_qbuf,0,VIDEO_OUTPUT_MPLANE
13807.319262,v4l2_qbuf,0,VIDEO_CAPTURE_MPLANE
13807.322499,v4l2_dqbuf,0,VIDEO_CAPTURE_MPLANE
13807.322535,v4l2_dqbuf,0,VIDEO_OUTPUT_MPLANE
13807.333543,v4l2_qbuf,0,VIDEO_OUTPUT_MPLANE
13807.333564,v4l2_qbuf,2,VIDEO_CAPTURE_MPLANE
13807.335817,v4l2_dqbuf,2,VIDEO_CAPTURE_MPLANE
13807.335830,v4l2_dqbuf,0,VIDEO_OUTPUT_MPLANE
13807.366779,v4l2_qbuf,0,VIDEO_OUTPUT_MPLANE
13807.366799,v4l2_qbuf,5,VIDEO_CAPTURE_MPLANE
13807.371553,v4l2_dqbuf,5,VIDEO_CAPTURE_MPLANE
13807.371580,v4l2_dqbuf,0,VIDEO_OUTPUT_MPLANE
13807.371703,v4l2_qbuf,0,VIDEO_OUTPUT_MPLANE
13807.371730,v4l2_qbuf,3,VIDEO_CAPTURE_MPLANE
13807.374877,v4l2_dqbuf,3,VIDEO_CAPTURE_MPLANE
13807.375063,v4l2_dqbuf,0,VIDEO_OUTPUT_MPLANE
13807.383703,v4l2_qbuf,0,VIDEO_OUTPUT_MPLANE
13807.383722,v4l2_qbuf,4,VIDEO_CAPTURE_MPLANE
13807.386999,v4l2_dqbuf,4,VIDEO_CAPTURE_MPLANE
13807.387029,v4l2_dqbuf,0,VIDEO_OUTPUT_MPLANE
13807.400394,v4l2_qbuf,0,VIDEO_OUTPUT_MPLANE
13807.400418,v4l2_qbuf,0,VIDEO_CAPTURE_MPLANE
13807.402707,v4l2_dqbuf,0,VIDEO_CAPTURE_MPLANE
13807.402722,v4l2_dqbuf,0,VIDEO_OUTPUT_MPLANE
13807.433655,v4l2_qbuf,0,VIDEO_OUTPUT_MPLANE
13807.433684,v4l2_qbuf,3,VIDEO_CAPTURE_MPLANE
13807.437046,v4l2_dqbuf,3,VIDEO_CAPTURE_MPLANE
13807.437069,v4l2_dqbuf,0,VIDEO_OUTPUT_MPLANE
13807.437185,v4l2_qbuf,0,VIDEO_OUTPUT_MPLANE
13807.437203,v4l2_qbuf,1,VIDEO_CAPTURE_MPLANE
13807.440456,v4l2_dqbuf,1,VIDEO_CAPTURE_MPLANE
13807.440549,v4l2_dqbuf,0,VIDEO_OUTPUT_MPLANE
13807.455079,v4l2_qbuf,0,VIDEO_OUTPUT_MPLANE
13807.455098,v4l2_qbuf,5,VIDEO_CAPTURE_MPLANE
13807.458416,v4l2_dqbuf,5,VIDEO_CAPTURE_MPLANE
13807.458429,v4l2_dqbuf,0,VIDEO_OUTPUT_MPLANE
13807.466603,v4l2_qbuf,0,VIDEO_OUTPUT_MPLANE
13807.466623,v4l2_qbuf,4,VIDEO_CAPTURE_MPLANE
13807.468793,v4l2_dqbuf,4,VIDEO_CAPTURE_MPLANE
13807.468803,v4l2_dqbuf,0,VIDEO_OUTPUT_MPLANE
13807.502111,v4l2_qbuf,0,VIDEO_OUTPUT_MPLANE
13807.502132,v4l2_qbuf,1,VIDEO_CAPTURE_MPLANE
13807.505468,v4l2_dqbuf,1,VIDEO_CAPTURE_MPLANE
13807.505498,v4l2_dqbuf,0,VIDEO_OUTPUT_MPLANE
13807.505610,v4l2_qbuf,0,VIDEO_OUTPUT_MPLANE
13807.505631,v4l2_qbuf,2,VIDEO_CAPTURE_MPLANE
13807.508839,v4l2_dqbuf,2,VIDEO_CAPTURE_MPLANE
13807.508932,v4l2_dqbuf,0,VIDEO_OUTPUT_MPLANE
13807.516985,v4l2_qbuf,0,VIDEO_OUTPUT_MPLANE
13807.517026,v4l2_qbuf,3,VIDEO_CAPTURE_MPLANE
13807.520258,v4l2_dqbuf,3,VIDEO_CAPTURE_MPLANE
13807.520273,v4l2_dqbuf,0,VIDEO_OUTPUT_MPLANE
13807.536779,v4l2_qbuf,0,VIDEO_OUTPUT_MPLANE
13807.536816,v4l2_qbuf,5,VIDEO_CAPTURE_MPLANE
13807.539053,v4l2_dqbuf,5,VIDEO_CAPTURE_MPLANE
13807.539069,v4l2_dqbuf,0,VIDEO_OUTPUT_MPLANE
13807.572370,v4l2_qbuf,0,VIDEO_OUTPUT_MPLANE
13807.572395,v4l2_qbuf,2,VIDEO_CAPTURE_MPLANE
13807.575715,v4l2_dqbuf,2,VIDEO_CAPTURE_MPLANE
13807.575740,v4l2_dqbuf,0,VIDEO_OUTPUT_MPLANE
13807.575862,v4l2_qbuf,0,VIDEO_OUTPUT_MPLANE
13807.575882,v4l2_qbuf,0,VIDEO_CAPTURE_MPLANE
13807.579145,v4l2_dqbuf,0,VIDEO_CAPTURE_MPLANE
13807.579276,v4l2_dqbuf,0,VIDEO_OUTPUT_MPLANE
13807.587383,v4l2_qbuf,0,VIDEO_OUTPUT_MPLANE
13807.587438,v4l2_qbuf,1,VIDEO_CAPTURE_MPLANE
13807.590830,v4l2_dqbuf,1,VIDEO_CAPTURE_MPLANE
13807.590844,v4l2_dqbuf,0,VIDEO_OUTPUT_MPLANE
13807.602911,v4l2_qbuf,0,VIDEO_OUTPUT_MPLANE
13807.602935,v4l2_qbuf,3,VIDEO_CAPTURE_MPLANE
13807.605138,v4l2_dqbuf,3,VIDEO_CAPTURE_MPLANE
13807.605249,v4l2_dqbuf,0,VIDEO_OUTPUT_MPLANE
13807.636654,v4l2_qbuf,0,VIDEO_OUTPUT_MPLANE
13807.636698,v4l2_qbuf,0,VIDEO_CAPTURE_MPLANE
13807.640055,v4l2_dqbuf,0,VIDEO_CAPTURE_MPLANE
13807.640100,v4l2_dqbuf,0,VIDEO_OUTPUT_MPLANE
13807.640244,v4l2_qbuf,0,VIDEO_OUTPUT_MPLANE
13807.640265,v4l2_qbuf,4,VIDEO_CAPTURE_MPLANE
13807.643422,v4l2_dqbuf,4,VIDEO_CAPTURE_MPLANE
13807.643577,v4l2_dqbuf,0,VIDEO_OUTPUT_MPLANE
13807.654634,v4l2_qbuf,0,VIDEO_OUTPUT_MPLANE
13807.654821,v4l2_qbuf,2,VIDEO_CAPTURE_MPLANE
13807.658440,v4l2_dqbuf,2,VIDEO_CAPTURE_MPLANE
13807.658493,v4l2_dqbuf,0,VIDEO_OUTPUT_MPLANE
13807.671658,v4l2_qbuf,0,VIDEO_OUTPUT_MPLANE
13807.671680,v4l2_qbuf,1,VIDEO_CAPTURE_MPLANE
13807.673833,v4l2_dqbuf,1,VIDEO_CAPTURE_MPLANE
13807.673847,v4l2_dqbuf,0,VIDEO_OUTPUT_MPLANE
13807.703047,v4l2_qbuf,0,VIDEO_OUTPUT_MPLANE
13807.703068,v4l2_qbuf,4,VIDEO_CAPTURE_MPLANE
13807.706391,v4l2_dqbuf,4,VIDEO_CAPTURE_MPLANE
13807.706419,v4l2_dqbuf,0,VIDEO_OUTPUT_MPLANE
13807.706545,v4l2_qbuf,0,VIDEO_OUTPUT_MPLANE
13807.706565,v4l2_qbuf,5,VIDEO_CAPTURE_MPLANE
13807.709792,v4l2_dqbuf,5,VIDEO_CAPTURE_MPLANE
13807.709880,v4l2_dqbuf,0,VIDEO_OUTPUT_MPLANE
13807.719647,v4l2_qbuf,0,VIDEO_OUTPUT_MPLANE
13807.719669,v4l2_qbuf,0,VIDEO_CAPTURE_MPLANE
13807.722848,v4l2_dqbuf,0,VIDEO_CAPTURE_MPLANE
13807.722862,v4l2_dqbuf,0,VIDEO_OUTPUT_MPLANE
13807.736327,v4l2_qbuf,0,VIDEO_OUTPUT_MPLANE
13807.736347,v4l2_qbuf,2,VIDEO_CAPTURE_MPLANE
13807.738651,v4l2_dqbuf,2,VIDEO_CAPTURE_MPLANE
13807.738675,v4l2_dqbuf,0,VIDEO_OUTPUT_MPLANE
13807.770022,v4l2_qbuf,0,VIDEO_OUTPUT_MPLANE
13807.770057,v4l2_qbuf,5,VIDEO_CAPTURE_MPLANE
13807.773258,v4l2_dqbuf,5,VIDEO_CAPTURE_MPLANE
13807.773281,v4l2_dqbuf,0,VIDEO_OUTPUT_MPLANE
13807.773463,v4l2_qbuf,0,VIDEO_OUTPUT_MPLANE
13807.773483,v4l2_qbuf,3,VIDEO_CAPTURE_MPLANE
13807.776755,v4l2_dqbuf,3,VIDEO_CAPTURE_MPLANE
13807.776849,v4l2_dqbuf,0,VIDEO_OUTPUT_MPLANE
13807.789018,v4l2_qbuf,0,VIDEO_OUTPUT_MPLANE
13807.789039,v4l2_qbuf,4,VIDEO_CAPTURE_MPLANE
13807.792441,v4l2_dqbuf,4,VIDEO_CAPTURE_MPLANE
13807.792456,v4l2_dqbuf,0,VIDEO_OUTPUT_MPLANE
13807.805997,v4l2_qbuf,0,VIDEO_OUTPUT_MPLANE
13807.806044,v4l2_qbuf,0,VIDEO_CAPTURE_MPLANE
13807.808280,v4l2_dqbuf,0,VIDEO_CAPTURE_MPLANE
13807.808299,v4l2_dqbuf,0,VIDEO_OUTPUT_MPLANE
13807.838913,v4l2_qbuf,0,VIDEO_OUTPUT_MPLANE
13807.838934,v4l2_qbuf,3,VIDEO_CAPTURE_MPLANE
13807.842541,v4l2_dqbuf,3,VIDEO_CAPTURE_MPLANE
13807.842566,v4l2_dqbuf,0,VIDEO_OUTPUT_MPLANE
13807.842676,v4l2_qbuf,0,VIDEO_OUTPUT_MPLANE
13807.842696,v4l2_qbuf,1,VIDEO_CAPTURE_MPLANE
13807.846039,v4l2_dqbuf,1,VIDEO_CAPTURE_MPLANE
13807.846261,v4l2_dqbuf,0,VIDEO_OUTPUT_MPLANE
13807.866540,v4l2_qbuf,0,VIDEO_OUTPUT_MPLANE
13807.866649,v4l2_qbuf,5,VIDEO_CAPTURE_MPLANE
13807.870030,v4l2_dqbuf,5,VIDEO_CAPTURE_MPLANE
13807.870056,v4l2_dqbuf,0,VIDEO_OUTPUT_MPLANE
13807.872477,v4l2_qbuf,0,VIDEO_OUTPUT_MPLANE
13807.872495,v4l2_qbuf,4,VIDEO_CAPTURE_MPLANE
13807.874902,v4l2_dqbuf,4,VIDEO_CAPTURE_MPLANE
13807.874914,v4l2_dqbuf,0,VIDEO_OUTPUT_MPLANE
13807.888934,v4l2_qbuf,0,VIDEO_OUTPUT_MPLANE
13807.888962,v4l2_qbuf,2,VIDEO_CAPTURE_MPLANE
13807.892947,v4l2_dqbuf,2,VIDEO_CAPTURE_MPLANE
13807.893138,v4l2_dqbuf,0,VIDEO_OUTPUT_MPLANE
