time,event,index,type
13739.242549,v4l2_qbuf,0,VIDEO_OUTPUT_MPLANE
13739.242575,v4l2_qbuf,0,VIDEO_CAPTURE_MPLANE
13739.243748,v4l2_qbuf,1,VIDEO_OUTPUT_MPLANE
13739.243763,v4l2_qbuf,1,VIDEO_CAPTURE_MPLANE
13739.244580,v4l2_qbuf,2,VIDEO_OUTPUT_MPLANE
13739.244593,v4l2_qbuf,2,VIDEO_CAPTURE_MPLANE
13739.245357,v4l2_qbuf,3,VIDEO_OUTPUT_MPLANE
13739.245377,v4l2_qbuf,3,VIDEO_CAPTURE_MPLANE
13739.246100,v4l2_qbuf,4,VIDEO_OUTPUT_MPLANE
13739.246136,v4l2_qbuf,4,VIDEO_CAPTURE_MPLANE
13739.246951,v4l2_qbuf,5,VIDEO_OUTPUT_MPLANE
13739.246972,v4l2_qbuf,5,VIDEO_CAPTURE_MPLANE
13739.247078,v4l2_dqbuf,0,VIDEO_CAPTURE_MPLANE
13739.247303,v4l2_dqbuf,1,VIDEO_CAPTURE_MPLANE
13739.247335,v4l2_dqbuf,0,VIDEO_OUTPUT_MPLANE
13739.247351,v4l2_dqbuf,1,VIDEO_OUTPUT_MPLANE
13739.250016,v4l2_dqbuf,2,VIDEO_CAPTURE_MPLANE
13739.250187,v4l2_dqbuf,2,VIDEO_OUTPUT_MPLANE
13739.253174,v4l2_dqbuf,3,VIDEO_CAPTURE_MPLANE
13739.253260,v4l2_dqbuf,3,VIDEO_OUTPUT_MPLANE
13739.256299,v4l2_dqbuf,4,VIDEO_CAPTURE_MPLANE
13739.256590,v4l2_dqbuf,4,VIDEO_OUTPUT_MPLANE
13739.258710,v4l2_dqbuf,5,VIDEO_CAPTURE_MPLANE
13739.258721,v4l2_dqbuf,5,VIDEO_OUTPUT_MPLANE
13739.275553,v4l2_qbuf,0,VIDEO_OUTPUT_MPLANE
13739.275591,v4l2_qbuf,0,VIDEO_CAPTURE_MPLANE
13739.278829,v4l2_dqbuf,0,VIDEO_CAPTURE_MPLANE
13739.278923,v4l2_dqbuf,0,VIDEO_OUTPUT_MPLANE
13739.292223,v4l2_qbuf,0,VIDEO_OUTPUT_MPLANE
13739.292238,v4l2_qbuf,2,VIDEO_CAPTURE_MPLANE
13739.295459,v4l2_dqbuf,2,VIDEO_CAPTURE_MPLANE
13739.295560,v4l2_dqbuf,0,VIDEO_OUTPUT_MPLANE
13739.308150,v4l2_qbuf,0,VIDEO_OUTPUT_MPLANE
13739.308181,v4l2_qbuf,3,VIDEO_CAPTURE_MPLANE
13739.311603,v4l2_dqbuf,3,VIDEO_CAPTURE_MPLANE
13739.311678,v4l2_dqbuf,0,VIDEO_OUTPUT_MPLANE
13739.324999,v4l2_qbuf,0,VIDEO_OUTPUT_MPLANE
13739.325030,v4l2_qbuf,4,VIDEO_CAPTURE_MPLANE
13739.327299,v4l2_dqbuf,4,VIDEO_CAPTURE_MPLANE
13739.327311,v4l2_dqbuf,0,VIDEO_OUTPUT_MPLANE
13739.341399,v4l2_qbuf,0,VIDEO_OUTPUT_MPLANE
13739.341428,v4l2_qbuf,1,VIDEO_CAPTURE_MPLANE
13739.344650,v4l2_dqbuf,1,VIDEO_CAPTURE_MPLANE
13739.344719,v4l2_dqbuf,0,VIDEO_OUTPUT_MPLANE
13739.358124,v4l2_qbuf,0,VIDEO_OUTPUT_MPLANE
13739.358138,v4l2_qbuf,0,VIDEO_CAPTURE_MPLANE
13739.361214,v4l2_dqbuf,0,VIDEO_CAPTURE_MPLANE
13739.361276,v4l2_dqbuf,0,VIDEO_OUTPUT_MPLANE
13739.374872,v4l2_qbuf,0,VIDEO_OUTPUT_MPLANE
13739.374888,v4l2_qbuf,2,VIDEO_CAPTURE_MPLANE
13739.378340,v4l2_dqbuf,2,VIDEO_CAPTURE_MPLANE
13739.378432,v4l2_dqbuf,0,VIDEO_OUTPUT_MPLANE
13739.391433,v4l2_qbuf,0,VIDEO_OUTPUT_MPLANE
13739.391449,v4l2_qbuf,3,VIDEO_CAPTURE_MPLANE
13739.393611,v4l2_dqbuf,3,VIDEO_CAPTURE_MPLANE
13739.393623,v4l2_dqbuf,0,VIDEO_OUTPUT_MPLANE
13739.408246,v4l2_qbuf,0,VIDEO_OUTPUT_MPLANE
13739.408263,v4l2_qbuf,5,VIDEO_CAPTURE_MPLANE
13739.411371,v4l2_dqbuf,5,VIDEO_CAPTURE_MPLANE
13739.411447,v4l2_dqbuf,0,VIDEO_OUTPUT_MPLANE
13739.424884,v4l2_qbuf,0,VIDEO_OUTPUT_MPLANE
13739.424900,v4l2_qbuf,1,VIDEO_CAPTURE_MPLANE
13739.428063,v4l2_dqbuf,1,VIDEO_CAPTURE_MPLANE
13739.428163,v4l2_dqbuf,0,VIDEO_OUTPUT_MPLANE
13739.441923,v4l2_qbuf,0,VIDEO_OUTPUT_MPLANE
13739.441942,v4l2_qbuf,0,VIDEO_CAPTURE_MPLANE
13739.445259,v4l2_dqbuf,0,VIDEO_CAPTURE_MPLANE
13739.445386,v4l2_dqbuf,0,VIDEO_OUTPUT_MPLANE
13739.458343,v4l2_qbuf,0,VIDEO_OUTPUT_MPLANE
13739.458363,v4l2_qbuf,2,VIDEO_CAPTURE_MPLANE
13739.460640,v4l2_dqbuf,2,VIDEO_CAPTURE_MPLANE
13739.460655,v4l2_dqbuf,0,VIDEO_OUTPUT_MPLANE
13739.475456,v4l2_qbuf,0,VIDEO_OUTPUT_MPLANE
13739.475490,v4l2_qbuf,4,VIDEO_CAPTURE_MPLANE
13739.479582,v4l2_dqbuf,4,VIDEO_CAPTURE_MPLANE
13739.479692,v4l2_dqbuf,0,VIDEO_OUTPUT_MPLANE
13739.491745,v4l2_qbuf,0,VIDEO_OUTPUT_MPLANE
13739.491765,v4l2_qbuf,5,VIDEO_CAPTURE_MPLANE
13739.494673,v4l2_dqbuf,5,VIDEO_CAPTURE_MPLANE
13739.494749,v4l2_dqbuf,0,VIDEO_OUTPUT_MPLANE
13739.508173,v4l2_qbuf,0,VIDEO_OUTPUT_MPLANE
13739.508197,v4l2_qbuf,1,VIDEO_CAPTURE_MPLANE
13739.511386,v4l2_dqbuf,1,VIDEO_CAPTURE_MPLANE
13739.511492,v4l2_dqbuf,0,VIDEO_OUTPUT_MPLANE
13739.525178,v4l2_qbuf,0,VIDEO_OUTPUT_MPLANE
13739.525213,v4l2_qbuf,0,VIDEO_CAPTURE_MPLANE
13739.527576,v4l2_dqbuf,0,VIDEO_CAPTURE_MPLANE
13739.527590,v4l2_dqbuf,0,VIDEO_OUTPUT_MPLANE
13739.541341,v4l2_qbuf,0,VIDEO_OUTPUT_MPLANE
13739.541362,v4l2_qbuf,3,VIDEO_CAPTURE_MPLANE
13739.544438,v4l2_dqbuf,3,VIDEO_CAPTURE_MPLANE
13739.544594,v4l2_dqbuf,0,VIDEO_OUTPUT_MPLANE
13739.558217,v4l2_qbuf,0,VIDEO_OUTPUT_MPLANE
13739.558240,v4l2_qbuf,4,VIDEO_CAPTURE_MPLANE
13739.561584,v4l2_dqbuf,4,VIDEO_CAPTURE_MPLANE
13739.561676,v4l2_dqbuf,0,VIDEO_OUTPUT_MPLANE
13739.574958,v4l2_qbuf,0,VIDEO_OUTPUT_MPLANE
13739.574979,v4l2_qbuf,5,VIDEO_CAPTURE_MPLANE
13739.578165,v4l2_dqbuf,5,VIDEO_CAPTURE_MPLANE
13739.578263,v4l2_dqbuf,0,VIDEO_OUTPUT_MPLANE
13739.591812,v4l2_qbuf,0,VIDEO_OUTPUT_MPLANE
13739.591835,v4l2_qbuf,1,VIDEO_CAPTURE_MPLANE
13739.594258,v4l2_dqbuf,1,VIDEO_CAPTURE_MPLANE
13739.594293,v4l2_dqbuf,0,VIDEO_OUTPUT_MPLANE
13739.608196,v4l2_qbuf,0,VIDEO_OUTPUT_MPLANE
13739.608212,v4l2_qbuf,2,VIDEO_CAPTURE_MPLANE
13739.611331,v4l2_dqbuf,2,VIDEO_CAPTURE_MPLANE
13739.611416,v4l2_dqbuf,0,VIDEO_OUTPUT_MPLANE
13739.624639,v4l2_qbuf,0,VIDEO_OUTPUT_MPLANE
13739.624661,v4l2_qbuf,3,VIDEO_CAPTURE_MPLANE
13739.627768,v4l2_dqbuf,3,VIDEO_CAPTURE_MPLANE
13739.627951,v4l2_dqbuf,0,VIDEO_OUTPUT_MPLANE
13739.641796,v4l2_qbuf,0,VIDEO_OUTPUT_MPLANE
13739.641818,v4l2_qbuf,4,VIDEO_CAPTURE_MPLANE
13739.645059,v4l2_dqbuf,4,VIDEO_CAPTURE_MPLANE
13739.645158,v4l2_dqbuf,0,VIDEO_OUTPUT_MPLANE
13739.658554,v4l2_qbuf,0,VIDEO_OUTPUT_MPLANE
13739.658590,v4l2_qbuf,5,VIDEO_CAPTURE_MPLANE
13739.661058,v4l2_dqbuf,5,VIDEO_CAPTURE_MPLANE
13739.661081,v4l2_dqbuf,0,VIDEO_OUTPUT_MPLANE
13739.674969,v4l2_qbuf,0,VIDEO_OUTPUT_MPLANE
13739.674985,v4l2_qbuf,0,VIDEO_CAPTURE_MPLANE
13739.678091,v4l2_dqbuf,0,VIDEO_CAPTURE_MPLANE
13739.678167,v4l2_dqbuf,0,VIDEO_OUTPUT_MPLANE
13739.691420,v4l2_qbuf,0,VIDEO_OUTPUT_MPLANE
13739.691441,v4l2_qbuf,2,VIDEO_CAPTURE_MPLANE
13739.694516,v4l2_dqbuf,2,VIDEO_CAPTURE_MPLANE
13739.694655,v4l2_dqbuf,0,VIDEO_OUTPUT_MPLANE
13739.708176,v4l2_qbuf,0,VIDEO_OUTPUT_MPLANE
13739.708210,v4l2_qbuf,3,VIDEO_CAPTURE_MPLANE
13739.711398,v4l2_dqbuf,3,VIDEO_CAPTURE_MPLANE
13739.711617,v4l2_dqbuf,0,VIDEO_OUTPUT_MPLANE
13739.724633,v4l2_qbuf,0,VIDEO_OUTPUT_MPLANE
13739.724660,v4l2_qbuf,4,VIDEO_CAPTURE_MPLANE
13739.726806,v4l2_dqbuf,4,VIDEO_CAPTURE_MPLANE
13739.726820,v4l2_dqbuf,0,VIDEO_OUTPUT_MPLANE
13739.741578,v4l2_qbuf,0,VIDEO_OUTPUT_MPLANE
13739.741598,v4l2_qbuf,1,VIDEO_CAPTURE_MPLANE
13739.744686,v4l2_dqbuf,1,VIDEO_CAPTURE_MPLANE
13739.744833,v4l2_dqbuf,0,VIDEO_OUTPUT_MPLANE
13739.758077,v4l2_qbuf,0,VIDEO_OUTPUT_MPLANE
13739.758104,v4l2_qbuf,0,VIDEO_CAPTURE_MPLANE
13739.761245,v4l2_dqbuf,0,VIDEO_CAPTURE_MPLANE
13739.761377,v4l2_dqbuf,0,VIDEO_OUTPUT_MPLANE
13739.775048,v4l2_qbuf,0,VIDEO_OUTPUT_MPLANE
13739.775127,v4l2_qbuf,2,VIDEO_CAPTURE_MPLANE
13739.778279,v4l2_dqbuf,2,VIDEO_CAPTURE_MPLANE
13739.778408,v4l2_dqbuf,0,VIDEO_OUTPUT_MPLANE
13739.791333,v4l2_qbuf,0,VIDEO_OUTPUT_MPLANE
13739.791366,v4l2_qbuf,3,VIDEO_CAPTURE_MPLANE
13739.793525,v4l2_dqbuf,3,VIDEO_CAPTURE_MPLANE
13739.793540,v4l2_dqbuf,0,VIDEO_OUTPUT_MPLANE
13739.807964,v4l2_qbuf,0,VIDEO_OUTPUT_MPLANE
13739.807985,v4l2_qbuf,5,VIDEO_CAPTURE_MPLANE
13739.811107,v4l2_dqbuf,5,VIDEO_CAPTURE_MPLANE
13739.811194,v4l2_dqbuf,0,VIDEO_OUTPUT_MPLANE
13739.824880,v4l2_qbuf,0,VIDEO_OUTPUT_MPLANE
13739.824899,v4l2_qbuf,1,VIDEO_CAPTURE_MPLANE
13739.827964,v4l2_dqbuf,1,VIDEO_CAPTURE_MPLANE
13739.828058,v4l2_dqbuf,0,VIDEO_OUTPUT_MPLANE
13739.841395,v4l2_qbuf,0,VIDEO_OUTPUT_MPLANE
13739.841418,v4l2_qbuf,0,VIDEO_CAPTURE_MPLANE
13739.844566,v4l2_dqbuf,0,VIDEO_CAPTURE_MPLANE
13739.844666,v4l2_dqbuf,0,VIDEO_OUTPUT_MPLANE
13739.858241,v4l2_qbuf,0,VIDEO_OUTPUT_MPLANE
13739.858261,v4l2_qbuf,2,VIDEO_CAPTURE_MPLANE
13739.860468,v4l2_dqbuf,2,VIDEO_CAPTURE_MPLANE
13739.860484,v4l2_dqbuf,0,VIDEO_OUTPUT_MPLANE
13739.874916,v4l2_qbuf,0,VIDEO_OUTPUT_MPLANE
13739.874936,v4l2_qbuf,4,VIDEO_CAPTURE_MPLANE
13739.878854,v4l2_dqbuf,4,VIDEO_CAPTURE_MPLANE
13739.879101,v4l2_dqbuf,0,VIDEO_OUTPUT_MPLANE
13739.891669,v4l2_qbuf,0,VIDEO_OUTPUT_MPLANE
13739.891688,v4l2_qbuf,5,VIDEO_CAPTURE_MPLANE
13739.894760,v4l2_dqbuf,5,VIDEO_CAPTURE_MPLANE
13739.894845,v4l2_dqbuf,0,VIDEO_OUTPUT_MPLANE
13739.908253,v4l2_qbuf,0,VIDEO_OUTPUT_MPLANE
13739.908276,v4l2_qbuf,1,VIDEO_CAPTURE_MPLANE
13739.911282,v4l2_dqbuf,1,VIDEO_CAPTURE_MPLANE
13739.911365,v4l2_dqbuf,0,VIDEO_OUTPUT_MPLANE
13739.924921,v4l2_qbuf,0,VIDEO_OUTPUT_MPLANE
13739.924943,v4l2_qbuf,0,VIDEO_CAPTURE_MPLANE
13739.927336,v4l2_dqbuf,0,VIDEO_CAPTURE_MPLANE
13739.927353,v4l2_dqbuf,0,VIDEO_OUTPUT_MPLANE
13739.941695,v4l2_qbuf,0,VIDEO_OUTPUT_MPLANE
13739.941740,v4l2_qbuf,3,VIDEO_CAPTURE_MPLANE
13739.944932,v4l2_dqbuf,3,VIDEO_CAPTURE_MPLANE
13739.945030,v4l2_dqbuf,0,VIDEO_OUTPUT_MPLANE
13739.958606,v4l2_qbuf,0,VIDEO_OUTPUT_MPLANE
13739.958691,v4l2_qbuf,4,VIDEO_CAPTURE_MPLANE
13739.961892,v4l2_dqbuf,4,VIDEO_CAPTURE_MPLANE
13739.962105,v4l2_dqbuf,0,VIDEO_OUTPUT_MPLANE
13739.975059,v4l2_qbuf,0,VIDEO_OUTPUT_MPLANE
13739.975081,v4l2_qbuf,5,VIDEO_CAPTURE_MPLANE
13739.978239,v4l2_dqbuf,5,VIDEO_CAPTURE_MPLANE
13739.978329,v4l2_dqbuf,0,VIDEO_OUTPUT_MPLANE
13739.991895,v4l2_qbuf,0,VIDEO_OUTPUT_MPLANE
13739.991932,v4l2_qbuf,1,VIDEO_CAPTURE_MPLANE
13739.994463,v4l2_dqbuf,1,VIDEO_CAPTURE_MPLANE
13739.994479,v4l2_dqbuf,0,VIDEO_OUTPUT_MPLANE
13740.007804,v4l2_qbuf,0,VIDEO_OUTPUT_MPLANE
13740.007825,v4l2_qbuf,2,VIDEO_CAPTURE_MPLANE
13740.010788,v4l2_dqbuf,2,VIDEO_CAPTURE_MPLANE
13740.010863,v4l2_dqbuf,0,VIDEO_OUTPUT_MPLANE
13740.024896,v4l2_qbuf,0,VIDEO_OUTPUT_MPLANE
13740.024916,v4l2_qbuf,3,VIDEO_CAPTURE_MPLANE
13740.028233,v4l2_dqbuf,3,VIDEO_CAPTURE_MPLANE
13740.028334,v4l2_dqbuf,0,VIDEO_OUTPUT_MPLANE
13740.041843,v4l2_qbuf,0,VIDEO_OUTPUT_MPLANE
13740.041868,v4l2_qbuf,4,VIDEO_CAPTURE_MPLANE
13740.045135,v4l2_dqbuf,4,VIDEO_CAPTURE_MPLANE
13740.045227,v4l2_dqbuf,0,VIDEO_OUTPUT_MPLANE
13740.058287,v4l2_qbuf,0,VIDEO_OUTPUT_MPLANE
13740.058310,v4l2_qbuf,5,VIDEO_CAPTURE_MPLANE
13740.060664,v4l2_dqbuf,5,VIDEO_CAPTURE_MPLANE
13740.060687,v4l2_dqbuf,0,VIDEO_OUTPUT_MPLANE
13740.074790,v4l2_qbuf,0,VIDEO_OUTPUT_MPLANE
13740.074813,v4l2_qbuf,0,VIDEO_CAPTURE_MPLANE
13740.077945,v4l2_dqbuf,0,VIDEO_CAPTURE_MPLANE
13740.078034,v4l2_dqbuf,0,VIDEO_OUTPUT_MPLANE
13740.091553,v4l2_qbuf,0,VIDEO_OUTPUT_MPLANE
13740.091574,v4l2_qbuf,2,VIDEO_CAPTURE_MPLANE
13740.097119,v4l2_dqbuf,2,VIDEO_CAPTURE_MPLANE
13740.097238,v4l2_dqbuf,0,VIDEO_OUTPUT_MPLANE
13740.108256,v4l2_qbuf,0,VIDEO_OUTPUT_MPLANE
13740.108276,v4l2_qbuf,3,VIDEO_CAPTURE_MPLANE
13740.111423,v4l2_dqbuf,3,VIDEO_CAPTURE_MPLANE
13740.111505,v4l2_dqbuf,0,VIDEO_OUTPUT_MPLANE
13740.125285,v4l2_qbuf,0,VIDEO_OUTPUT_MPLANE
13740.125326,v4l2_qbuf,4,VIDEO_CAPTURE_MPLANE
13740.127679,v4l2_dqbuf,4,VIDEO_CAPTURE_MPLANE
13740.127703,v4l2_dqbuf,0,VIDEO_OUTPUT_MPLANE
13740.141284,v4l2_qbuf,0,VIDEO_OUTPUT_MPLANE
13740.141304,v4l2_qbuf,1,VIDEO_CAPTURE_MPLANE
13740.144365,v4l2_dqbuf,1,VIDEO_CAPTURE_MPLANE
13740.144484,v4l2_dqbuf,0,VIDEO_OUTPUT_MPLANE
13740.158454,v4l2_qbuf,0,VIDEO_OUTPUT_MPLANE
13740.158495,v4l2_qbuf,0,VIDEO_CAPTURE_MPLANE
13740.161828,v4l2_dqbuf,0,VIDEO_CAPTURE_MPLANE
13740.162293,v4l2_dqbuf,0,VIDEO_OUTPUT_MPLANE
13740.175066,v4l2_qbuf,0,VIDEO_OUTPUT_MPLANE
13740.175087,v4l2_qbuf,2,VIDEO_CAPTURE_MPLANE
13740.176923,v4l2_dqbuf,2,VIDEO_CAPTURE_MPLANE
13740.176936,v4l2_dqbuf,0,VIDEO_OUTPUT_MPLANE
13740.191788,v4l2_qbuf,0,VIDEO_OUTPUT_MPLANE
13740.191830,v4l2_qbuf,3,VIDEO_CAPTURE_MPLANE
13740.193985,v4l2_dqbuf,3,VIDEO_CAPTURE_MPLANE
13740.194012,v4l2_dqbuf,0,VIDEO_OUTPUT_MPLANE
13740.208584,v4l2_qbuf,0,VIDEO_OUTPUT_MPLANE
13740.208605,v4l2_qbuf,5,VIDEO_CAPTURE_MPLANE
13740.211692,v4l2_dqbuf,5,VIDEO_CAPTURE_MPLANE
13740.211783,v4l2_dqbuf,0,VIDEO_OUTPUT_MPLANE
13740.224984,v4l2_qbuf,0,VIDEO_OUTPUT_MPLANE
13740.225015,v4l2_qbuf,1,VIDEO_CAPTURE_MPLANE
13740.228177,v4l2_dqbuf,1,VIDEO_CAPTURE_MPLANE
13740.228298,v4l2_dqbuf,0,VIDEO_OUTPUT_MPLANE
13740.241749,v4l2_qbuf,0,VIDEO_OUTPUT_MPLANE
13740.241769,v4l2_qbuf,0,VIDEO_CAPTURE_MPLANE
13740.245040,v4l2_dqbuf,0,VIDEO_CAPTURE_MPLANE
13740.245124,v4l2_dqbuf,0,VIDEO_OUTPUT_MPLANE
13740.258087,v4l2_qbuf,0,VIDEO_OUTPUT_MPLANE
13740.258110,v4l2_qbuf,4,VIDEO_CAPTURE_MPLANE
13740.260366,v4l2_dqbuf,4,VIDEO_CAPTURE_MPLANE
13740.260381,v4l2_dqbuf,0,VIDEO_OUTPUT_MPLANE
13740.275277,v4l2_qbuf,0,VIDEO_OUTPUT_MPLANE
13740.275312,v4l2_qbuf,2,VIDEO_CAPTURE_MPLANE
13740.278558,v4l2_dqbuf,2,VIDEO_CAPTURE_MPLANE
13740.278694,v4l2_dqbuf,0,VIDEO_OUTPUT_MPLANE
13740.291770,v4l2_qbuf,0,VIDEO_OUTPUT_MPLANE
13740.291815,v4l2_qbuf,5,VIDEO_CAPTURE_MPLANE
13740.295057,v4l2_dqbuf,5,VIDEO_CAPTURE_MPLANE
13740.295188,v4l2_dqbuf,0,VIDEO_OUTPUT_MPLANE
13740.308249,v4l2_qbuf,0,VIDEO_OUTPUT_MPLANE
13740.308270,v4l2_qbuf,1,VIDEO_CAPTURE_MPLANE
13740.311555,v4l2_dqbuf,1,VIDEO_CAPTURE_MPLANE
13740.311785,v4l2_dqbuf,0,VIDEO_OUTPUT_MPLANE
13740.324761,v4l2_qbuf,0,VIDEO_OUTPUT_MPLANE
13740.324797,v4l2_qbuf,0,VIDEO_CAPTURE_MPLANE
13740.326987,v4l2_dqbuf,0,VIDEO_CAPTURE_MPLANE
13740.327014,v4l2_dqbuf,0,VIDEO_OUTPUT_MPLANE
13740.341230,v4l2_qbuf,0,VIDEO_OUTPUT_MPLANE
13740.341257,v4l2_qbuf,3,VIDEO_CAPTURE_MPLANE
13740.344445,v4l2_dqbuf,3,VIDEO_CAPTURE_MPLANE
13740.344622,v4l2_dqbuf,0,VIDEO_OUTPUT_MPLANE
13740.358193,v4l2_qbuf,0,VIDEO_OUTPUT_MPLANE
13740.358219,v4l2_qbuf,2,VIDEO_CAPTURE_MPLANE
13740.361351,v4l2_dqbuf,2,VIDEO_CAPTURE_MPLANE
13740.361539,v4l2_dqbuf,0,VIDEO_OUTPUT_MPLANE
13740.375046,v4l2_qbuf,0,VIDEO_OUTPUT_MPLANE
13740.375085,v4l2_qbuf,5,VIDEO_CAPTURE_MPLANE
13740.378156,v4l2_dqbuf,5,VIDEO_CAPTURE_MPLANE
13740.378278,v4l2_dqbuf,0,VIDEO_OUTPUT_MPLANE
13740.391537,v4l2_qbuf,0,VIDEO_OUTPUT_MPLANE
13740.391560,v4l2_qbuf,1,VIDEO_CAPTURE_MPLANE
13740.393839,v4l2_dqbuf,1,VIDEO_CAPTURE_MPLANE
13740.393862,v4l2_dqbuf,0,VIDEO_OUTPUT_MPLANE
13740.408274,v4l2_qbuf,0,VIDEO_OUTPUT_MPLANE
13740.408306,v4l2_qbuf,4,VIDEO_CAPTURE_MPLANE
13740.412230,v4l2_dqbuf,4,VIDEO_CAPTURE_MPLANE
13740.413120,v4l2_dqbuf,0,VIDEO_OUTPUT_MPLANE
13740.424783,v4l2_qbuf,0,VIDEO_OUTPUT_MPLANE
13740.425020,v4l2_qbuf,3,VIDEO_CAPTURE_MPLANE
13740.428210,v4l2_dqbuf,3,VIDEO_CAPTURE_MPLANE
13740.428356,v4l2_dqbuf,0,VIDEO_OUTPUT_MPLANE
13740.441411,v4l2_qbuf,0,VIDEO_OUTPUT_MPLANE
13740.441436,v4l2_qbuf,2,VIDEO_CAPTURE_MPLANE
13740.444825,v4l2_dqbuf,2,VIDEO_CAPTURE_MPLANE
13740.444936,v4l2_dqbuf,0,VIDEO_OUTPUT_MPLANE
13740.458508,v4l2_qbuf,0,VIDEO_OUTPUT_MPLANE
13740.458547,v4l2_qbuf,5,VIDEO_CAPTURE_MPLANE
13740.460980,v4l2_dqbuf,5,VIDEO_CAPTURE_MPLANE
13740.461000,v4l2_dqbuf,0,VIDEO_OUTPUT_MPLANE
13740.475367,v4l2_qbuf,0,VIDEO_OUTPUT_MPLANE
13740.475410,v4l2_qbuf,0,VIDEO_CAPTURE_MPLANE
13740.478653,v4l2_dqbuf,0,VIDEO_CAPTURE_MPLANE
13740.478739,v4l2_dqbuf,0,VIDEO_OUTPUT_MPLANE
13740.491837,v4l2_qbuf,0,VIDEO_OUTPUT_MPLANE
13740.491857,v4l2_qbuf,4,VIDEO_CAPTURE_MPLANE
13740.494978,v4l2_dqbuf,4,VIDEO_CAPTURE_MPLANE
13740.495081,v4l2_dqbuf,0,VIDEO_OUTPUT_MPLANE
13740.508367,v4l2_qbuf,0,VIDEO_OUTPUT_MPLANE
13740.508389,v4l2_qbuf,3,VIDEO_CAPTURE_MPLANE
13740.511627,v4l2_dqbuf,3,VIDEO_CAPTURE_MPLANE
13740.512031,v4l2_dqbuf,0,VIDEO_OUTPUT_MPLANE
13740.524898,v4l2_qbuf,0,VIDEO_OUTPUT_MPLANE
13740.524918,v4l2_qbuf,2,VIDEO_CAPTURE_MPLANE
13740.527077,v4l2_dqbuf,2,VIDEO_CAPTURE_MPLANE
13740.527091,v4l2_dqbuf,0,VIDEO_OUTPUT_MPLANE
13740.541723,v4l2_qbuf,0,VIDEO_OUTPUT_MPLANE
13740.541743,v4l2_qbuf,1,VIDEO_CAPTURE_MPLANE
13740.544984,v4l2_dqbuf,1,VIDEO_CAPTURE_MPLANE
13740.545094,v4l2_dqbuf,0,VIDEO_OUTPUT_MPLANE
13740.558291,v4l2_qbuf,0,VIDEO_OUTPUT_MPLANE
13740.558313,v4l2_qbuf,0,VIDEO_CAPTURE_MPLANE
13740.561501,v4l2_dqbuf,0,VIDEO_CAPTURE_MPLANE
13740.561580,v4l2_dqbuf,0,VIDEO_OUTPUT_MPLANE
13740.574858,v4l2_qbuf,0,VIDEO_OUTPUT_MPLANE
13740.574893,v4l2_qbuf,4,VIDEO_CAPTURE_MPLANE
13740.578120,v4l2_dqbuf,4,VIDEO_CAPTURE_MPLANE
13740.578216,v4l2_dqbuf,0,VIDEO_OUTPUT_MPLANE
13740.591636,v4l2_qbuf,0,VIDEO_OUTPUT_MPLANE
13740.591656,v4l2_qbuf,3,VIDEO_CAPTURE_MPLANE
13740.593912,v4l2_dqbuf,3,VIDEO_CAPTURE_MPLANE
13740.593928,v4l2_dqbuf,0,VIDEO_OUTPUT_MPLANE
13740.608109,v4l2_qbuf,0,VIDEO_OUTPUT_MPLANE
13740.608172,v4l2_qbuf,5,VIDEO_CAPTURE_MPLANE
13740.613308,v4l2_dqbuf,5,VIDEO_CAPTURE_MPLANE
13740.613443,v4l2_dqbuf,0,VIDEO_OUTPUT_MPLANE
13740.625366,v4l2_qbuf,0,VIDEO_OUTPUT_MPLANE
13740.625386,v4l2_qbuf,1,VIDEO_CAPTURE_MPLANE
13740.628456,v4l2_dqbuf,1,VIDEO_CAPTURE_MPLANE
13740.628543,v4l2_dqbuf,0,VIDEO_OUTPUT_MPLANE
13740.641469,v4l2_qbuf,0,VIDEO_OUTPUT_MPLANE
13740.641490,v4l2_qbuf,0,VIDEO_CAPTURE_MPLANE
13740.644696,v4l2_dqbuf,0,VIDEO_CAPTURE_MPLANE
13740.644793,v4l2_dqbuf,0,VIDEO_OUTPUT_MPLANE
13740.658236,v4l2_qbuf,0,VIDEO_OUTPUT_MPLANE
13740.658263,v4l2_qbuf,4,VIDEO_CAPTURE_MPLANE
13740.660504,v4l2_dqbuf,4,VIDEO_CAPTURE_MPLANE
13740.660559,v4l2_dqbuf,0,VIDEO_OUTPUT_MPLANE
13740.674701,v4l2_qbuf,0,VIDEO_OUTPUT_MPLANE
13740.674721,v4l2_qbuf,2,VIDEO_CAPTURE_MPLANE
13740.677964,v4l2_dqbuf,2,VIDEO_CAPTURE_MPLANE
13740.678066,v4l2_dqbuf,0,VIDEO_OUTPUT_MPLANE
13740.691642,v4l2_qbuf,0,VIDEO_OUTPUT_MPLANE
13740.691678,v4l2_qbuf,5,VIDEO_CAPTURE_MPLANE
13740.694796,v4l2_dqbuf,5,VIDEO_CAPTURE_MPLANE
13740.694880,v4l2_dqbuf,0,VIDEO_OUTPUT_MPLANE
13740.708192,v4l2_qbuf,0,VIDEO_OUTPUT_MPLANE
13740.708212,v4l2_qbuf,1,VIDEO_CAPTURE_MPLANE
13740.714209,v4l2_dqbuf,1,VIDEO_CAPTURE_MPLANE
13740.714313,v4l2_dqbuf,0,VIDEO_OUTPUT_MPLANE
13740.724885,v4l2_qbuf,0,VIDEO_OUTPUT_MPLANE
13740.724906,v4l2_qbuf,0,VIDEO_CAPTURE_MPLANE
13740.727223,v4l2_dqbuf,0,VIDEO_CAPTURE_MPLANE
13740.727240,v4l2_dqbuf,0,VIDEO_OUTPUT_MPLANE
13740.741459,v4l2_qbuf,0,VIDEO_OUTPUT_MPLANE
13740.741482,v4l2_qbuf,3,VIDEO_CAPTURE_MPLANE
13740.744584,v4l2_dqbuf,3,VIDEO_CAPTURE_MPLANE
13740.744701,v4l2_dqbuf,0,VIDEO_OUTPUT_MPLANE
13740.758479,v4l2_qbuf,0,VIDEO_OUTPUT_MPLANE
13740.758499,v4l2_qbuf,2,VIDEO_CAPTURE_MPLANE
13740.761824,v4l2_dqbuf,2,VIDEO_CAPTURE_MPLANE
13740.761925,v4l2_dqbuf,0,VIDEO_OUTPUT_MPLANE
13740.775092,v4l2_qbuf,0,VIDEO_OUTPUT_MPLANE
13740.775116,v4l2_qbuf,5,VIDEO_CAPTURE_MPLANE
13740.778141,v4l2_dqbuf,5,VIDEO_CAPTURE_MPLANE
13740.778237,v4l2_dqbuf,0,VIDEO_OUTPUT_MPLANE
13740.792151,v4l2_qbuf,0,VIDEO_OUTPUT_MPLANE
13740.792182,v4l2_qbuf,1,VIDEO_CAPTURE_MPLANE
13740.794473,v4l2_dqbuf,1,VIDEO_CAPTURE_MPLANE
13740.794490,v4l2_dqbuf,0,VIDEO_OUTPUT_MPLANE
13740.808095,v4l2_qbuf,0,VIDEO_OUTPUT_MPLANE
13740.808119,v4l2_qbuf,4,VIDEO_CAPTURE_MPLANE
13740.811318,v4l2_dqbuf,4,VIDEO_CAPTURE_MPLANE
13740.811415,v4l2_dqbuf,0,VIDEO_OUTPUT_MPLANE
13740.824841,v4l2_qbuf,0,VIDEO_OUTPUT_MPLANE
13740.824874,v4l2_qbuf,3,VIDEO_CAPTURE_MPLANE
13740.827934,v4l2_dqbuf,3,VIDEO_CAPTURE_MPLANE
13740.828082,v4l2_dqbuf,0,VIDEO_OUTPUT_MPLANE
13740.841207,v4l2_qbuf,0,VIDEO_OUTPUT_MPLANE
13740.841235,v4l2_qbuf,2,VIDEO_CAPTURE_MPLANE
13740.844356,v4l2_dqbuf,2,VIDEO_CAPTURE_MPLANE
13740.844485,v4l2_dqbuf,0,VIDEO_OUTPUT_MPLANE
13740.858078,v4l2_qbuf,0,VIDEO_OUTPUT_MPLANE
13740.858106,v4l2_qbuf,5,VIDEO_CAPTURE_MPLANE
13740.860314,v4l2_dqbuf,5,VIDEO_CAPTURE_MPLANE
13740.860338,v4l2_dqbuf,0,VIDEO_OUTPUT_MPLANE
13740.874453,v4l2_qbuf,0,VIDEO_OUTPUT_MPLANE
13740.874473,v4l2_qbuf,0,VIDEO_CAPTURE_MPLANE
13740.878773,v4l2_dqbuf,0,VIDEO_CAPTURE_MPLANE
13740.878892,v4l2_dqbuf,0,VIDEO_OUTPUT_MPLANE
13740.891553,v4l2_qbuf,0,VIDEO_OUTPUT_MPLANE
13740.891584,v4l2_qbuf,4,VIDEO_CAPTURE_MPLANE
13740.894581,v4l2_dqbuf,4,VIDEO_CAPTURE_MPLANE
13740.894659,v4l2_dqbuf,0,VIDEO_OUTPUT_MPLANE
13740.907859,v4l2_qbuf,0,VIDEO_OUTPUT_MPLANE
13740.907878,v4l2_qbuf,3,VIDEO_CAPTURE_MPLANE
13740.911057,v4l2_dqbuf,3,VIDEO_CAPTURE_MPLANE
13740.911248,v4l2_dqbuf,0,VIDEO_OUTPUT_MPLANE
13740.924618,v4l2_qbuf,0,VIDEO_OUTPUT_MPLANE
13740.924649,v4l2_qbuf,2,VIDEO_CAPTURE_MPLANE
13740.926787,v4l2_dqbuf,2,VIDEO_CAPTURE_MPLANE
13740.926809,v4l2_dqbuf,0,VIDEO_OUTPUT_MPLANE
13740.941640,v4l2_qbuf,0,VIDEO_OUTPUT_MPLANE
13740.941680,v4l2_qbuf,1,VIDEO_CAPTURE_MPLANE
13740.945198,v4l2_dqbuf,1,VIDEO_CAPTURE_MPLANE
13740.945509,v4l2_dqbuf,0,VIDEO_OUTPUT_MPLANE
13740.957853,v4l2_qbuf,0,VIDEO_OUTPUT_MPLANE
13740.957874,v4l2_qbuf,0,VIDEO_CAPTURE_MPLANE
13740.961022,v4l2_dqbuf,0,VIDEO_CAPTURE_MPLANE
13740.961107,v4l2_dqbuf,0,VIDEO_OUTPUT_MPLANE
13740.974568,v4l2_qbuf,0,VIDEO_OUTPUT_MPLANE
13740.974594,v4l2_qbuf,4,VIDEO_CAPTURE_MPLANE
13740.977728,v4l2_dqbuf,4,VIDEO_CAPTURE_MPLANE
13740.977811,v4l2_dqbuf,0,VIDEO_OUTPUT_MPLANE
13740.991193,v4l2_qbuf,0,VIDEO_OUTPUT_MPLANE
13740.991213,v4l2_qbuf,3,VIDEO_CAPTURE_MPLANE
13740.993349,v4l2_dqbuf,3,VIDEO_CAPTURE_MPLANE
13740.993364,v4l2_dqbuf,0,VIDEO_OUTPUT_MPLANE
13741.007842,v4l2_qbuf,0,VIDEO_OUTPUT_MPLANE
13741.007860,v4l2_qbuf,5,VIDEO_CAPTURE_MPLANE
13741.010965,v4l2_dqbuf,5,VIDEO_CAPTURE_MPLANE
13741.011045,v4l2_dqbuf,0,VIDEO_OUTPUT_MPLANE
13741.024656,v4l2_qbuf,0,VIDEO_OUTPUT_MPLANE
13741.024693,v4l2_qbuf,1,VIDEO_CAPTURE_MPLANE
13741.028028,v4l2_dqbuf,1,VIDEO_CAPTURE_MPLANE
13741.028105,v4l2_dqbuf,0,VIDEO_OUTPUT_MPLANE
13741.041463,v4l2_qbuf,0,VIDEO_OUTPUT_MPLANE
13741.041482,v4l2_qbuf,0,VIDEO_CAPTURE_MPLANE
13741.044822,v4l2_dqbuf,0,VIDEO_CAPTURE_MPLANE
13741.045299,v4l2_dqbuf,0,VIDEO_OUTPUT_MPLANE
13741.058319,v4l2_qbuf,0,VIDEO_OUTPUT_MPLANE
13741.058334,v4l2_qbuf,4,VIDEO_CAPTURE_MPLANE
13741.060484,v4l2_dqbuf,4,VIDEO_CAPTURE_MPLANE
13741.060496,v4l2_dqbuf,0,VIDEO_OUTPUT_MPLANE
13741.074950,v4l2_qbuf,0,VIDEO_OUTPUT_MPLANE
13741.074968,v4l2_qbuf,2,VIDEO_CAPTURE_MPLANE
13741.078211,v4l2_dqbuf,2,VIDEO_CAPTURE_MPLANE
13741.078400,v4l2_dqbuf,0,VIDEO_OUTPUT_MPLANE
13741.091753,v4l2_qbuf,0,VIDEO_OUTPUT_MPLANE
13741.091790,v4l2_qbuf,5,VIDEO_CAPTURE_MPLANE
13741.095041,v4l2_dqbuf,5,VIDEO_CAPTURE_MPLANE
13741.095180,v4l2_dqbuf,0,VIDEO_OUTPUT_MPLANE
13741.108353,v4l2_qbuf,0,VIDEO_OUTPUT_MPLANE
13741.108390,v4l2_qbuf,1,VIDEO_CAPTURE_MPLANE
13741.111734,v4l2_dqbuf,1,VIDEO_CAPTURE_MPLANE
13741.111875,v4l2_dqbuf,0,VIDEO_OUTPUT_MPLANE
13741.125352,v4l2_qbuf,0,VIDEO_OUTPUT_MPLANE
13741.125418,v4l2_qbuf,0,VIDEO_CAPTURE_MPLANE
13741.127748,v4l2_dqbuf,0,VIDEO_CAPTURE_MPLANE
13741.127763,v4l2_dqbuf,0,VIDEO_OUTPUT_MPLANE
13741.141673,v4l2_qbuf,0,VIDEO_OUTPUT_MPLANE
13741.141706,v4l2_qbuf,3,VIDEO_CAPTURE_MPLANE
13741.145092,v4l2_dqbuf,3,VIDEO_CAPTURE_MPLANE
13741.145252,v4l2_dqbuf,0,VIDEO_OUTPUT_MPLANE
13741.158312,v4l2_qbuf,0,VIDEO_OUTPUT_MPLANE
13741.158343,v4l2_qbuf,2,VIDEO_CAPTURE_MPLANE
13741.161364,v4l2_dqbuf,2,VIDEO_CAPTURE_MPLANE
13741.161637,v4l2_dqbuf,0,VIDEO_OUTPUT_MPLANE
13741.175093,v4l2_qbuf,0,VIDEO_OUTPUT_MPLANE
13741.175134,v4l2_qbuf,5,VIDEO_CAPTURE_MPLANE
13741.177079,v4l2_dqbuf,5,VIDEO_CAPTURE_MPLANE
13741.177093,v4l2_dqbuf,0,VIDEO_OUTPUT_MPLANE
13741.191873,v4l2_qbuf,0,VIDEO_OUTPUT_MPLANE
13741.191893,v4l2_qbuf,1,VIDEO_CAPTURE_MPLANE
13741.194123,v4l2_dqbuf,1,VIDEO_CAPTURE_MPLANE
13741.194138,v4l2_dqbuf,0,VIDEO_OUTPUT_MPLANE
13741.208123,v4l2_qbuf,0,VIDEO_OUTPUT_MPLANE
13741.208142,v4l2_qbuf,4,VIDEO_CAPTURE_MPLANE
13741.211290,v4l2_dqbuf,4,VIDEO_CAPTURE_MPLANE
13741.211387,v4l2_dqbuf,0,VIDEO_OUTPUT_MPLANE
13741.224728,v4l2_qbuf,0,VIDEO_OUTPUT_MPLANE
13741.224750,v4l2_qbuf,3,VIDEO_CAPTURE_MPLANE
13741.227945,v4l2_dqbuf,3,VIDEO_CAPTURE_MPLANE
13741.228292,v4l2_dqbuf,0,VIDEO_OUTPUT_MPLANE
13741.242037,v4l2_qbuf,0,VIDEO_OUTPUT_MPLANE
13741.242077,v4l2_qbuf,2,VIDEO_CAPTURE_MPLANE
13741.248096,v4l2_dqbuf,2,VIDEO_CAPTURE_MPLANE
13741.248310,v4l2_dqbuf,0,VIDEO_OUTPUT_MPLANE
13741.258602,v4l2_qbuf,0,VIDEO_OUTPUT_MPLANE
13741.258644,v4l2_qbuf,0,VIDEO_CAPTURE_MPLANE
13741.260804,v4l2_dqbuf,0,VIDEO_CAPTURE_MPLANE
13741.260819,v4l2_dqbuf,0,VIDEO_OUTPUT_MPLANE
13741.274794,v4l2_qbuf,0,VIDEO_OUTPUT_MPLANE
13741.274814,v4l2_qbuf,5,VIDEO_CAPTURE_MPLANE
13741.278038,v4l2_dqbuf,5,VIDEO_CAPTURE_MPLANE
13741.278141,v4l2_dqbuf,0,VIDEO_OUTPUT_MPLANE
13741.291371,v4l2_qbuf,0,VIDEO_OUTPUT_MPLANE
13741.291393,v4l2_qbuf,4,VIDEO_CAPTURE_MPLANE
13741.294805,v4l2_dqbuf,4,VIDEO_CAPTURE_MPLANE
13741.295158,v4l2_dqbuf,0,VIDEO_OUTPUT_MPLANE
13741.308609,v4l2_qbuf,0,VIDEO_OUTPUT_MPLANE
13741.308651,v4l2_qbuf,3,VIDEO_CAPTURE_MPLANE
13741.311924,v4l2_dqbuf,3,VIDEO_CAPTURE_MPLANE
13741.312246,v4l2_dqbuf,0,VIDEO_OUTPUT_MPLANE
13741.325032,v4l2_qbuf,0,VIDEO_OUTPUT_MPLANE
13741.325052,v4l2_qbuf,2,VIDEO_CAPTURE_MPLANE
13741.327375,v4l2_dqbuf,2,VIDEO_CAPTURE_MPLANE
13741.327391,v4l2_dqbuf,0,VIDEO_OUTPUT_MPLANE
13741.341373,v4l2_qbuf,0,VIDEO_OUTPUT_MPLANE
13741.341392,v4l2_qbuf,1,VIDEO_CAPTURE_MPLANE
13741.344455,v4l2_dqbuf,1,VIDEO_CAPTURE_MPLANE
13741.344534,v4l2_dqbuf,0,VIDEO_OUTPUT_MPLANE
13741.358279,v4l2_qbuf,0,VIDEO_OUTPUT_MPLANE
13741.358319,v4l2_qbuf,5,VIDEO_CAPTURE_MPLANE
13741.361650,v4l2_dqbuf,5,VIDEO_CAPTURE_MPLANE
13741.361812,v4l2_dqbuf,0,VIDEO_OUTPUT_MPLANE
13741.374591,v4l2_qbuf,0,VIDEO_OUTPUT_MPLANE
13741.374609,v4l2_qbuf,4,VIDEO_CAPTURE_MPLANE
13741.377663,v4l2_dqbuf,4,VIDEO_CAPTURE_MPLANE
13741.377726,v4l2_dqbuf,0,VIDEO_OUTPUT_MPLANE
13741.391748,v4l2_qbuf,0,VIDEO_OUTPUT_MPLANE
13741.391776,v4l2_qbuf,3,VIDEO_CAPTURE_MPLANE
13741.393982,v4l2_dqbuf,3,VIDEO_CAPTURE_MPLANE
13741.393997,v4l2_dqbuf,0,VIDEO_OUTPUT_MPLANE
13741.407816,v4l2_qbuf,0,VIDEO_OUTPUT_MPLANE
13741.407836,v4l2_qbuf,0,VIDEO_CAPTURE_MPLANE
13741.411119,v4l2_dqbuf,0,VIDEO_CAPTURE_MPLANE
13741.411215,v4l2_dqbuf,0,VIDEO_OUTPUT_MPLANE
13741.426198,v4l2_qbuf,0,VIDEO_OUTPUT_MPLANE
13741.426228,v4l2_qbuf,1,VIDEO_CAPTURE_MPLANE
13741.429452,v4l2_dqbuf,1,VIDEO_CAPTURE_MPLANE
13741.429594,v4l2_dqbuf,0,VIDEO_OUTPUT_MPLANE
13741.443030,v4l2_qbuf,0,VIDEO_OUTPUT_MPLANE
13741.443049,v4l2_qbuf,5,VIDEO_CAPTURE_MPLANE
13741.446225,v4l2_dqbuf,5,VIDEO_CAPTURE_MPLANE
13741.446311,v4l2_dqbuf,0,VIDEO_OUTPUT_MPLANE
13741.459553,v4l2_qbuf,0,VIDEO_OUTPUT_MPLANE
13741.459569,v4l2_qbuf,4,VIDEO_CAPTURE_MPLANE
13741.461747,v4l2_dqbuf,4,VIDEO_CAPTURE_MPLANE
13741.461768,v4l2_dqbuf,0,VIDEO_OUTPUT_MPLANE
13741.476784,v4l2_qbuf,0,VIDEO_OUTPUT_MPLANE
13741.476824,v4l2_qbuf,2,VIDEO_CAPTURE_MPLANE
13741.480938,v4l2_dqbuf,2,VIDEO_CAPTURE_MPLANE
13741.481116,v4l2_dqbuf,0,VIDEO_OUTPUT_MPLANE
13741.493215,v4l2_qbuf,0,VIDEO_OUTPUT_MPLANE
13741.493303,v4l2_qbuf,0,VIDEO_CAPTURE_MPLANE
13741.496451,v4l2_dqbuf,0,VIDEO_CAPTURE_MPLANE
13741.496608,v4l2_dqbuf,0,VIDEO_OUTPUT_MPLANE
13741.509884,v4l2_qbuf,0,VIDEO_OUTPUT_MPLANE
13741.509917,v4l2_qbuf,1,VIDEO_CAPTURE_MPLANE
13741.513021,v4l2_dqbuf,1,VIDEO_CAPTURE_MPLANE
13741.513198,v4l2_dqbuf,0,VIDEO_OUTPUT_MPLANE
13741.526583,v4l2_qbuf,0,VIDEO_OUTPUT_MPLANE
13741.526618,v4l2_qbuf,5,VIDEO_CAPTURE_MPLANE
13741.528842,v4l2_dqbuf,5,VIDEO_CAPTURE_MPLANE
13741.528864,v4l2_dqbuf,0,VIDEO_OUTPUT_MPLANE
13741.543337,v4l2_qbuf,0,VIDEO_OUTPUT_MPLANE
13741.543377,v4l2_qbuf,3,VIDEO_CAPTURE_MPLANE
13741.546620,v4l2_dqbuf,3,VIDEO_CAPTURE_MPLANE
13741.546756,v4l2_dqbuf,0,VIDEO_OUTPUT_MPLANE
13741.559750,v4l2_qbuf,0,VIDEO_OUTPUT_MPLANE
13741.559781,v4l2_qbuf,2,VIDEO_CAPTURE_MPLANE
13741.562980,v4l2_dqbuf,2,VIDEO_CAPTURE_MPLANE
13741.563145,v4l2_dqbuf,0,VIDEO_OUTPUT_MPLANE
13741.576491,v4l2_qbuf,0,VIDEO_OUTPUT_MPLANE
13741.576511,v4l2_qbuf,0,VIDEO_CAPTURE_MPLANE
13741.581184,v4l2_dqbuf,0,VIDEO_CAPTURE_MPLANE
13741.581290,v4l2_dqbuf,0,VIDEO_OUTPUT_MPLANE
13741.593217,v4l2_qbuf,0,VIDEO_OUTPUT_MPLANE
13741.593246,v4l2_qbuf,1,VIDEO_CAPTURE_MPLANE
13741.595839,v4l2_dqbuf,1,VIDEO_CAPTURE_MPLANE
13741.595854,v4l2_dqbuf,0,VIDEO_OUTPUT_MPLANE
13741.609870,v4l2_qbuf,0,VIDEO_OUTPUT_MPLANE
13741.609891,v4l2_qbuf,4,VIDEO_CAPTURE_MPLANE
13741.613073,v4l2_dqbuf,4,VIDEO_CAPTURE_MPLANE
13741.613163,v4l2_dqbuf,0,VIDEO_OUTPUT_MPLANE
13741.626710,v4l2_qbuf,0,VIDEO_OUTPUT_MPLANE
13741.626729,v4l2_qbuf,3,VIDEO_CAPTURE_MPLANE
13741.629888,v4l2_dqbuf,3,VIDEO_CAPTURE_MPLANE
13741.629971,v4l2_dqbuf,0,VIDEO_OUTPUT_MPLANE
13741.643170,v4l2_qbuf,0,VIDEO_OUTPUT_MPLANE
13741.643192,v4l2_qbuf,2,VIDEO_CAPTURE_MPLANE
13741.646477,v4l2_dqbuf,2,VIDEO_CAPTURE_MPLANE
13741.646556,v4l2_dqbuf,0,VIDEO_OUTPUT_MPLANE
13741.659983,v4l2_qbuf,0,VIDEO_OUTPUT_MPLANE
13741.660037,v4l2_qbuf,0,VIDEO_CAPTURE_MPLANE
13741.662267,v4l2_dqbuf,0,VIDEO_CAPTURE_MPLANE
13741.662282,v4l2_dqbuf,0,VIDEO_OUTPUT_MPLANE
13741.676494,v4l2_qbuf,0,VIDEO_OUTPUT_MPLANE
13741.676514,v4l2_qbuf,5,VIDEO_CAPTURE_MPLANE
13741.680866,v4l2_dqbuf,5,VIDEO_CAPTURE_MPLANE
13741.680978,v4l2_dqbuf,0,VIDEO_OUTPUT_MPLANE
13741.692962,v4l2_qbuf,0,VIDEO_OUTPUT_MPLANE
13741.692981,v4l2_qbuf,4,VIDEO_CAPTURE_MPLANE
13741.696143,v4l2_dqbuf,4,VIDEO_CAPTURE_MPLANE
13741.696234,v4l2_dqbuf,0,VIDEO_OUTPUT_MPLANE
13741.709704,v4l2_qbuf,0,VIDEO_OUTPUT_MPLANE
13741.709732,v4l2_qbuf,3,VIDEO_CAPTURE_MPLANE
13741.712745,v4l2_dqbuf,3,VIDEO_CAPTURE_MPLANE
13741.712834,v4l2_dqbuf,0,VIDEO_OUTPUT_MPLANE
13741.726289,v4l2_qbuf,0,VIDEO_OUTPUT_MPLANE
13741.726312,v4l2_qbuf,2,VIDEO_CAPTURE_MPLANE
13741.728502,v4l2_dqbuf,2,VIDEO_CAPTURE_MPLANE
13741.728517,v4l2_dqbuf,0,VIDEO_OUTPUT_MPLANE
13741.743044,v4l2_qbuf,0,VIDEO_OUTPUT_MPLANE
13741.743064,v4l2_qbuf,1,VIDEO_CAPTURE_MPLANE
13741.746260,v4l2_dqbuf,1,VIDEO_CAPTURE_MPLANE
13741.746341,v4l2_dqbuf,0,VIDEO_OUTPUT_MPLANE
13741.760039,v4l2_qbuf,0,VIDEO_OUTPUT_MPLANE
13741.760061,v4l2_qbuf,5,VIDEO_CAPTURE_MPLANE
13741.763192,v4l2_dqbuf,5,VIDEO_CAPTURE_MPLANE
13741.763335,v4l2_dqbuf,0,VIDEO_OUTPUT_MPLANE
13741.776586,v4l2_qbuf,0,VIDEO_OUTPUT_MPLANE
13741.776619,v4l2_qbuf,4,VIDEO_CAPTURE_MPLANE
13741.779808,v4l2_dqbuf,4,VIDEO_CAPTURE_MPLANE
13741.779971,v4l2_dqbuf,0,VIDEO_OUTPUT_MPLANE
13741.794393,v4l2_qbuf,0,VIDEO_OUTPUT_MPLANE
13741.794415,v4l2_qbuf,3,VIDEO_CAPTURE_MPLANE
13741.796729,v4l2_dqbuf,3,VIDEO_CAPTURE_MPLANE
13741.796744,v4l2_dqbuf,0,VIDEO_OUTPUT_MPLANE
13741.826957,v4l2_qbuf,0,VIDEO_OUTPUT_MPLANE
13741.826977,v4l2_qbuf,0,VIDEO_CAPTURE_MPLANE
13741.827177,v4l2_qbuf,1,VIDEO_OUTPUT_MPLANE
13741.827188,v4l2_qbuf,1,VIDEO_CAPTURE_MPLANE
13741.830203,v4l2_dqbuf,0,VIDEO_CAPTURE_MPLANE
13741.830292,v4l2_dqbuf,0,VIDEO_OUTPUT_MPLANE
13741.833245,v4l2_dqbuf,1,VIDEO_CAPTURE_MPLANE
13741.833328,v4l2_dqbuf,1,VIDEO_OUTPUT_MPLANE
13741.859601,v4l2_qbuf,0,VIDEO_OUTPUT_MPLANE
13741.859632,v4l2_qbuf,5,VIDEO_CAPTURE_MPLANE
13741.862946,v4l2_dqbuf,5,VIDEO_CAPTURE_MPLANE
13741.863107,v4l2_dqbuf,0,VIDEO_OUTPUT_MPLANE
13741.868125,v4l2_qbuf,0,VIDEO_OUTPUT_MPLANE
13741.868154,v4l2_qbuf,4,VIDEO_CAPTURE_MPLANE
13741.870219,v4l2_dqbuf,4,VIDEO_CAPTURE_MPLANE
13741.870233,v4l2_dqbuf,0,VIDEO_OUTPUT_MPLANE
13741.881831,v4l2_qbuf,0,VIDEO_OUTPUT_MPLANE
13741.881854,v4l2_qbuf,2,VIDEO_CAPTURE_MPLANE
13741.884996,v4l2_dqbuf,2,VIDEO_CAPTURE_MPLANE
13741.885119,v4l2_dqbuf,0,VIDEO_OUTPUT_MPLANE
13741.897734,v4l2_qbuf,0,VIDEO_OUTPUT_MPLANE
13741.897763,v4l2_qbuf,0,VIDEO_CAPTURE_MPLANE
13741.900965,v4l2_dqbuf,0,VIDEO_CAPTURE_MPLANE
13741.901136,v4l2_dqbuf,0,VIDEO_OUTPUT_MPLANE
13741.917314,v4l2_qbuf,0,VIDEO_OUTPUT_MPLANE
13741.917351,v4l2_qbuf,1,VIDEO_CAPTURE_MPLANE
13741.920479,v4l2_dqbuf,1,VIDEO_CAPTURE_MPLANE
13741.920586,v4l2_dqbuf,0,VIDEO_OUTPUT_MPLANE
13741.934983,v4l2_qbuf,0,VIDEO_OUTPUT_MPLANE
13741.935016,v4l2_qbuf,5,VIDEO_CAPTURE_MPLANE
13741.937189,v4l2_dqbuf,5,VIDEO_CAPTURE_MPLANE
13741.937206,v4l2_dqbuf,0,VIDEO_OUTPUT_MPLANE
13741.950452,v4l2_qbuf,0,VIDEO_OUTPUT_MPLANE
13741.950481,v4l2_qbuf,3,VIDEO_CAPTURE_MPLANE
13741.953734,v4l2_dqbuf,3,VIDEO_CAPTURE_MPLANE
13741.953836,v4l2_dqbuf,0,VIDEO_OUTPUT_MPLANE
13741.968793,v4l2_qbuf,0,VIDEO_OUTPUT_MPLANE
13741.968810,v4l2_qbuf,2,VIDEO_CAPTURE_MPLANE
13741.971921,v4l2_dqbuf,2,VIDEO_CAPTURE_MPLANE
13741.972071,v4l2_dqbuf,0,VIDEO_OUTPUT_MPLANE
13741.985165,v4l2_qbuf,0,VIDEO_OUTPUT_MPLANE
13741.985182,v4l2_qbuf,0,VIDEO_CAPTURE_MPLANE
13741.988294,v4l2_dqbuf,0,VIDEO_CAPTURE_MPLANE
13741.988376,v4l2_dqbuf,0,VIDEO_OUTPUT_MPLANE
13742.004303,v4l2_qbuf,0,VIDEO_OUTPUT_MPLANE
13742.004341,v4l2_qbuf,1,VIDEO_CAPTURE_MPLANE
13742.006576,v4l2_dqbuf,1,VIDEO_CAPTURE_MPLANE
13742.006598,v4l2_dqbuf,0,VIDEO_OUTPUT_MPLANE
13742.021456,v4l2_qbuf,0,VIDEO_OUTPUT_MPLANE
13742.021484,v4l2_qbuf,4,VIDEO_CAPTURE_MPLANE
13742.024723,v4l2_dqbuf,4,VIDEO_CAPTURE_MPLANE
13742.024875,v4l2_dqbuf,0,VIDEO_OUTPUT_MPLANE
13742.037554,v4l2_qbuf,0,VIDEO_OUTPUT_MPLANE
13742.037584,v4l2_qbuf,3,VIDEO_CAPTURE_MPLANE
13742.040631,v4l2_dqbuf,3,VIDEO_CAPTURE_MPLANE
13742.040766,v4l2_dqbuf,0,VIDEO_OUTPUT_MPLANE
13742.054167,v4l2_qbuf,0,VIDEO_OUTPUT_MPLANE
13742.054199,v4l2_qbuf,2,VIDEO_CAPTURE_MPLANE
13742.057372,v4l2_dqbuf,2,VIDEO_CAPTURE_MPLANE
13742.057461,v4l2_dqbuf,0,VIDEO_OUTPUT_MPLANE
13742.070716,v4l2_qbuf,0,VIDEO_OUTPUT_MPLANE
13742.070746,v4l2_qbuf,0,VIDEO_CAPTURE_MPLANE
13742.072913,v4l2_dqbuf,0,VIDEO_CAPTURE_MPLANE
13742.072933,v4l2_dqbuf,0,VIDEO_OUTPUT_MPLANE
13742.089260,v4l2_qbuf,0,VIDEO_OUTPUT_MPLANE
13742.089281,v4l2_qbuf,5,VIDEO_CAPTURE_MPLANE
13742.092696,v4l2_dqbuf,5,VIDEO_CAPTURE_MPLANE
13742.092774,v4l2_dqbuf,0,VIDEO_OUTPUT_MPLANE
13742.106148,v4l2_qbuf,0,VIDEO_OUTPUT_MPLANE
13742.106169,v4l2_qbuf,4,VIDEO_CAPTURE_MPLANE
13742.109396,v4l2_dqbuf,4,VIDEO_CAPTURE_MPLANE
13742.109543,v4l2_dqbuf,0,VIDEO_OUTPUT_MPLANE
13742.121076,v4l2_qbuf,0,VIDEO_OUTPUT_MPLANE
13742.121109,v4l2_qbuf,3,VIDEO_CAPTURE_MPLANE
13742.124225,v4l2_dqbuf,3,VIDEO_CAPTURE_MPLANE
13742.124400,v4l2_dqbuf,0,VIDEO_OUTPUT_MPLANE
13742.140047,v4l2_qbuf,0,VIDEO_OUTPUT_MPLANE
13742.140074,v4l2_qbuf,2,VIDEO_CAPTURE_MPLANE
13742.142350,v4l2_dqbuf,2,VIDEO_CAPTURE_MPLANE
13742.142366,v4l2_dqbuf,0,VIDEO_OUTPUT_MPLANE
13742.154761,v4l2_qbuf,0,VIDEO_OUTPUT_MPLANE
13742.154787,v4l2_qbuf,1,VIDEO_CAPTURE_MPLANE
13742.157908,v4l2_dqbuf,1,VIDEO_CAPTURE_MPLANE
13742.157987,v4l2_dqbuf,0,VIDEO_OUTPUT_MPLANE
13742.173641,v4l2_qbuf,0,VIDEO_OUTPUT_MPLANE
13742.173671,v4l2_qbuf,5,VIDEO_CAPTURE_MPLANE
13742.177221,v4l2_dqbuf,5,VIDEO_CAPTURE_MPLANE
13742.177316,v4l2_dqbuf,0,VIDEO_OUTPUT_MPLANE
13742.189311,v4l2_qbuf,0,VIDEO_OUTPUT_MPLANE
13742.189333,v4l2_qbuf,4,VIDEO_CAPTURE_MPLANE
13742.191212,v4l2_dqbuf,4,VIDEO_CAPTURE_MPLANE
13742.191231,v4l2_dqbuf,0,VIDEO_OUTPUT_MPLANE
13742.206080,v4l2_qbuf,0,VIDEO_OUTPUT_MPLANE
13742.206117,v4l2_qbuf,3,VIDEO_CAPTURE_MPLANE
13742.208373,v4l2_dqbuf,3,VIDEO_CAPTURE_MPLANE
13742.208397,v4l2_dqbuf,0,VIDEO_OUTPUT_MPLANE
13742.222863,v4l2_qbuf,0,VIDEO_OUTPUT_MPLANE
13742.222896,v4l2_qbuf,0,VIDEO_CAPTURE_MPLANE
13742.225980,v4l2_dqbuf,0,VIDEO_CAPTURE_MPLANE
13742.226059,v4l2_dqbuf,0,VIDEO_OUTPUT_MPLANE
13742.239162,v4l2_qbuf,0,VIDEO_OUTPUT_MPLANE
13742.239188,v4l2_qbuf,1,VIDEO_CAPTURE_MPLANE
13742.242534,v4l2_dqbuf,1,VIDEO_CAPTURE_MPLANE
13742.242639,v4l2_dqbuf,0,VIDEO_OUTPUT_MPLANE
13742.255897,v4l2_qbuf,0,VIDEO_OUTPUT_MPLANE
13742.255916,v4l2_qbuf,5,VIDEO_CAPTURE_MPLANE
13742.259019,v4l2_dqbuf,5,VIDEO_CAPTURE_MPLANE
13742.259105,v4l2_dqbuf,0,VIDEO_OUTPUT_MPLANE
13742.272969,v4l2_qbuf,0,VIDEO_OUTPUT_MPLANE
13742.272989,v4l2_qbuf,2,VIDEO_CAPTURE_MPLANE
13742.275306,v4l2_dqbuf,2,VIDEO_CAPTURE_MPLANE
13742.275322,v4l2_dqbuf,0,VIDEO_OUTPUT_MPLANE
13742.289338,v4l2_qbuf,0,VIDEO_OUTPUT_MPLANE
13742.289358,v4l2_qbuf,4,VIDEO_CAPTURE_MPLANE
13742.292598,v4l2_dqbuf,4,VIDEO_CAPTURE_MPLANE
13742.292686,v4l2_dqbuf,0,VIDEO_OUTPUT_MPLANE
13742.305807,v4l2_qbuf,0,VIDEO_OUTPUT_MPLANE
13742.305829,v4l2_qbuf,0,VIDEO_CAPTURE_MPLANE
13742.309086,v4l2_dqbuf,0,VIDEO_CAPTURE_MPLANE
13742.309177,v4l2_dqbuf,0,VIDEO_OUTPUT_MPLANE
13742.322625,v4l2_qbuf,0,VIDEO_OUTPUT_MPLANE
13742.322657,v4l2_qbuf,1,VIDEO_CAPTURE_MPLANE
13742.325950,v4l2_dqbuf,1,VIDEO_CAPTURE_MPLANE
13742.326099,v4l2_dqbuf,0,VIDEO_OUTPUT_MPLANE
13742.339417,v4l2_qbuf,0,VIDEO_OUTPUT_MPLANE
13742.339438,v4l2_qbuf,5,VIDEO_CAPTURE_MPLANE
13742.341559,v4l2_dqbuf,5,VIDEO_CAPTURE_MPLANE
13742.341574,v4l2_dqbuf,0,VIDEO_OUTPUT_MPLANE
13742.356084,v4l2_qbuf,0,VIDEO_OUTPUT_MPLANE
13742.356107,v4l2_qbuf,3,VIDEO_CAPTURE_MPLANE
13742.359297,v4l2_dqbuf,3,VIDEO_CAPTURE_MPLANE
13742.359398,v4l2_dqbuf,0,VIDEO_OUTPUT_MPLANE
13742.372663,v4l2_qbuf,0,VIDEO_OUTPUT_MPLANE
13742.372697,v4l2_qbuf,4,VIDEO_CAPTURE_MPLANE
13742.375952,v4l2_dqbuf,4,VIDEO_CAPTURE_MPLANE
13742.376077,v4l2_dqbuf,0,VIDEO_OUTPUT_MPLANE
13742.389609,v4l2_qbuf,0,VIDEO_OUTPUT_MPLANE
13742.389637,v4l2_qbuf,0,VIDEO_CAPTURE_MPLANE
13742.392756,v4l2_dqbuf,0,VIDEO_CAPTURE_MPLANE
13742.392912,v4l2_dqbuf,0,VIDEO_OUTPUT_MPLANE
13742.406142,v4l2_qbuf,0,VIDEO_OUTPUT_MPLANE
13742.406176,v4l2_qbuf,1,VIDEO_CAPTURE_MPLANE
13742.408462,v4l2_dqbuf,1,VIDEO_CAPTURE_MPLANE
13742.408483,v4l2_dqbuf,0,VIDEO_OUTPUT_MPLANE
13742.422682,v4l2_qbuf,0,VIDEO_OUTPUT_MPLANE
13742.422702,v4l2_qbuf,2,VIDEO_CAPTURE_MPLANE
13742.425831,v4l2_dqbuf,2,VIDEO_CAPTURE_MPLANE
13742.425912,v4l2_dqbuf,0,VIDEO_OUTPUT_MPLANE
13742.439281,v4l2_qbuf,0,VIDEO_OUTPUT_MPLANE
13742.439302,v4l2_qbuf,3,VIDEO_CAPTURE_MPLANE
13742.442537,v4l2_dqbuf,3,VIDEO_CAPTURE_MPLANE
13742.442648,v4l2_dqbuf,0,VIDEO_OUTPUT_MPLANE
13742.455758,v4l2_qbuf,0,VIDEO_OUTPUT_MPLANE
13742.455778,v4l2_qbuf,4,VIDEO_CAPTURE_MPLANE
13742.459027,v4l2_dqbuf,4,VIDEO_CAPTURE_MPLANE
13742.459190,v4l2_dqbuf,0,VIDEO_OUTPUT_MPLANE
13742.472521,v4l2_qbuf,0,VIDEO_OUTPUT_MPLANE
13742.472547,v4l2_qbuf,0,VIDEO_CAPTURE_MPLANE
13742.474831,v4l2_dqbuf,0,VIDEO_CAPTURE_MPLANE
13742.474853,v4l2_dqbuf,0,VIDEO_OUTPUT_MPLANE
13742.489234,v4l2_qbuf,0,VIDEO_OUTPUT_MPLANE
13742.489261,v4l2_qbuf,5,VIDEO_CAPTURE_MPLANE
13742.492377,v4l2_dqbuf,5,VIDEO_CAPTURE_MPLANE
13742.492507,v4l2_dqbuf,0,VIDEO_OUTPUT_MPLANE
13742.506051,v4l2_qbuf,0,VIDEO_OUTPUT_MPLANE
13742.506072,v4l2_qbuf,2,VIDEO_CAPTURE_MPLANE
13742.509170,v4l2_dqbuf,2,VIDEO_CAPTURE_MPLANE
13742.509314,v4l2_dqbuf,0,VIDEO_OUTPUT_MPLANE
13742.522702,v4l2_qbuf,0,VIDEO_OUTPUT_MPLANE
13742.522730,v4l2_qbuf,3,VIDEO_CAPTURE_MPLANE
13742.526097,v4l2_dqbuf,3,VIDEO_CAPTURE_MPLANE
13742.526215,v4l2_dqbuf,0,VIDEO_OUTPUT_MPLANE
13742.540308,v4l2_qbuf,0,VIDEO_OUTPUT_MPLANE
13742.540328,v4l2_qbuf,4,VIDEO_CAPTURE_MPLANE
13742.542502,v4l2_dqbuf,4,VIDEO_CAPTURE_MPLANE
13742.542514,v4l2_dqbuf,0,VIDEO_OUTPUT_MPLANE
13742.555806,v4l2_qbuf,0,VIDEO_OUTPUT_MPLANE
13742.555826,v4l2_qbuf,1,VIDEO_CAPTURE_MPLANE
13742.558966,v4l2_dqbuf,1,VIDEO_CAPTURE_MPLANE
13742.559076,v4l2_dqbuf,0,VIDEO_OUTPUT_MPLANE
13742.572595,v4l2_qbuf,0,VIDEO_OUTPUT_MPLANE
13742.572614,v4l2_qbuf,5,VIDEO_CAPTURE_MPLANE
13742.575789,v4l2_dqbuf,5,VIDEO_CAPTURE_MPLANE
13742.575957,v4l2_dqbuf,0,VIDEO_OUTPUT_MPLANE
13742.589127,v4l2_qbuf,0,VIDEO_OUTPUT_MPLANE
13742.589149,v4l2_qbuf,2,VIDEO_CAPTURE_MPLANE
13742.592462,v4l2_dqbuf,2,VIDEO_CAPTURE_MPLANE
13742.592548,v4l2_dqbuf,0,VIDEO_OUTPUT_MPLANE
13742.606176,v4l2_qbuf,0,VIDEO_OUTPUT_MPLANE
13742.606217,v4l2_qbuf,3,VIDEO_CAPTURE_MPLANE
13742.608667,v4l2_dqbuf,3,VIDEO_CAPTURE_MPLANE
13742.608698,v4l2_dqbuf,0,VIDEO_OUTPUT_MPLANE
13742.622510,v4l2_qbuf,0,VIDEO_OUTPUT_MPLANE
13742.622531,v4l2_qbuf,0,VIDEO_CAPTURE_MPLANE
13742.625595,v4l2_dqbuf,0,VIDEO_CAPTURE_MPLANE
13742.625703,v4l2_dqbuf,0,VIDEO_OUTPUT_MPLANE
13742.639354,v4l2_qbuf,0,VIDEO_OUTPUT_MPLANE
13742.639374,v4l2_qbuf,1,VIDEO_CAPTURE_MPLANE
13742.642459,v4l2_dqbuf,1,VIDEO_CAPTURE_MPLANE
13742.642548,v4l2_dqbuf,0,VIDEO_OUTPUT_MPLANE
13742.655917,v4l2_qbuf,0,VIDEO_OUTPUT_MPLANE
13742.655954,v4l2_qbuf,5,VIDEO_CAPTURE_MPLANE
13742.659376,v4l2_dqbuf,5,VIDEO_CAPTURE_MPLANE
13742.659518,v4l2_dqbuf,0,VIDEO_OUTPUT_MPLANE
13742.672609,v4l2_qbuf,0,VIDEO_OUTPUT_MPLANE
13742.672653,v4l2_qbuf,2,VIDEO_CAPTURE_MPLANE
13742.675060,v4l2_dqbuf,2,VIDEO_CAPTURE_MPLANE
13742.675082,v4l2_dqbuf,0,VIDEO_OUTPUT_MPLANE
13742.689578,v4l2_qbuf,0,VIDEO_OUTPUT_MPLANE
13742.689614,v4l2_qbuf,4,VIDEO_CAPTURE_MPLANE
13742.692946,v4l2_dqbuf,4,VIDEO_CAPTURE_MPLANE
13742.693110,v4l2_dqbuf,0,VIDEO_OUTPUT_MPLANE
13742.706097,v4l2_qbuf,0,VIDEO_OUTPUT_MPLANE
13742.706124,v4l2_qbuf,0,VIDEO_CAPTURE_MPLANE
13742.709308,v4l2_dqbuf,0,VIDEO_CAPTURE_MPLANE
13742.709403,v4l2_dqbuf,0,VIDEO_OUTPUT_MPLANE
13742.722644,v4l2_qbuf,0,VIDEO_OUTPUT_MPLANE
13742.722665,v4l2_qbuf,1,VIDEO_CAPTURE_MPLANE
13742.724983,v4l2_dqbuf,1,VIDEO_CAPTURE_MPLANE
13742.724999,v4l2_dqbuf,0,VIDEO_OUTPUT_MPLANE
13742.739298,v4l2_qbuf,0,VIDEO_OUTPUT_MPLANE
13742.739319,v4l2_qbuf,5,VIDEO_CAPTURE_MPLANE
13742.742535,v4l2_dqbuf,5,VIDEO_CAPTURE_MPLANE
13742.742628,v4l2_dqbuf,0,VIDEO_OUTPUT_MPLANE
13742.756070,v4l2_qbuf,0,VIDEO_OUTPUT_MPLANE
13742.756092,v4l2_qbuf,3,VIDEO_CAPTURE_MPLANE
13742.759388,v4l2_dqbuf,3,VIDEO_CAPTURE_MPLANE
13742.759476,v4l2_dqbuf,0,VIDEO_OUTPUT_MPLANE
13742.772633,v4l2_qbuf,0,VIDEO_OUTPUT_MPLANE
13742.772653,v4l2_qbuf,4,VIDEO_CAPTURE_MPLANE
13742.775878,v4l2_dqbuf,4,VIDEO_CAPTURE_MPLANE
13742.775961,v4l2_dqbuf,0,VIDEO_OUTPUT_MPLANE
13742.789547,v4l2_qbuf,0,VIDEO_OUTPUT_MPLANE
13742.789591,v4l2_qbuf,0,VIDEO_CAPTURE_MPLANE
13742.791812,v4l2_dqbuf,0,VIDEO_CAPTURE_MPLANE
13742.791860,v4l2_dqbuf,0,VIDEO_OUTPUT_MPLANE
13742.806309,v4l2_qbuf,0,VIDEO_OUTPUT_MPLANE
13742.806331,v4l2_qbuf,2,VIDEO_CAPTURE_MPLANE
13742.809374,v4l2_dqbuf,2,VIDEO_CAPTURE_MPLANE
13742.809476,v4l2_dqbuf,0,VIDEO_OUTPUT_MPLANE
13742.822531,v4l2_qbuf,0,VIDEO_OUTPUT_MPLANE
13742.822553,v4l2_qbuf,5,VIDEO_CAPTURE_MPLANE
13742.825786,v4l2_dqbuf,5,VIDEO_CAPTURE_MPLANE
13742.825890,v4l2_dqbuf,0,VIDEO_OUTPUT_MPLANE
13742.839029,v4l2_qbuf,0,VIDEO_OUTPUT_MPLANE
13742.839056,v4l2_qbuf,3,VIDEO_CAPTURE_MPLANE
13742.842276,v4l2_dqbuf,3,VIDEO_CAPTURE_MPLANE
13742.842380,v4l2_dqbuf,0,VIDEO_OUTPUT_MPLANE
13742.856141,v4l2_qbuf,0,VIDEO_OUTPUT_MPLANE
13742.856186,v4l2_qbuf,4,VIDEO_CAPTURE_MPLANE
13742.858578,v4l2_dqbuf,4,VIDEO_CAPTURE_MPLANE
13742.858608,v4l2_dqbuf,0,VIDEO_OUTPUT_MPLANE
13742.872673,v4l2_qbuf,0,VIDEO_OUTPUT_MPLANE
13742.872711,v4l2_qbuf,1,VIDEO_CAPTURE_MPLANE
13742.875896,v4l2_dqbuf,1,VIDEO_CAPTURE_MPLANE
13742.876052,v4l2_dqbuf,0,VIDEO_OUTPUT_MPLANE
13742.889141,v4l2_qbuf,0,VIDEO_OUTPUT_MPLANE
13742.889161,v4l2_qbuf,2,VIDEO_CAPTURE_MPLANE
13742.892485,v4l2_dqbuf,2,VIDEO_CAPTURE_MPLANE
13742.892630,v4l2_dqbuf,0,VIDEO_OUTPUT_MPLANE
13742.906302,v4l2_qbuf,0,VIDEO_OUTPUT_MPLANE
13742.906324,v4l2_qbuf,5,VIDEO_CAPTURE_MPLANE
13742.909522,v4l2_dqbuf,5,VIDEO_CAPTURE_MPLANE
13742.909616,v4l2_dqbuf,0,VIDEO_OUTPUT_MPLANE
13742.922632,v4l2_qbuf,0,VIDEO_OUTPUT_MPLANE
13742.922653,v4l2_qbuf,3,VIDEO_CAPTURE_MPLANE
13742.924827,v4l2_dqbuf,3,VIDEO_CAPTURE_MPLANE
13742.924842,v4l2_dqbuf,0,VIDEO_OUTPUT_MPLANE
13742.939729,v4l2_qbuf,0,VIDEO_OUTPUT_MPLANE
13742.939748,v4l2_qbuf,0,VIDEO_CAPTURE_MPLANE
13742.943131,v4l2_dqbuf,0,VIDEO_CAPTURE_MPLANE
13742.943342,v4l2_dqbuf,0,VIDEO_OUTPUT_MPLANE
13742.956351,v4l2_qbuf,0,VIDEO_OUTPUT_MPLANE
13742.956373,v4l2_qbuf,1,VIDEO_CAPTURE_MPLANE
13742.959737,v4l2_dqbuf,1,VIDEO_CAPTURE_MPLANE
13742.959842,v4l2_dqbuf,0,VIDEO_OUTPUT_MPLANE
13742.972929,v4l2_qbuf,0,VIDEO_OUTPUT_MPLANE
13742.972951,v4l2_qbuf,2,VIDEO_CAPTURE_MPLANE
13742.976234,v4l2_dqbuf,2,VIDEO_CAPTURE_MPLANE
13742.976331,v4l2_dqbuf,0,VIDEO_OUTPUT_MPLANE
13742.989955,v4l2_qbuf,0,VIDEO_OUTPUT_MPLANE
13742.989974,v4l2_qbuf,5,VIDEO_CAPTURE_MPLANE
13742.992364,v4l2_dqbuf,5,VIDEO_CAPTURE_MPLANE
13742.992424,v4l2_dqbuf,0,VIDEO_OUTPUT_MPLANE
13743.006295,v4l2_qbuf,0,VIDEO_OUTPUT_MPLANE
13743.006327,v4l2_qbuf,4,VIDEO_CAPTURE_MPLANE
13743.009545,v4l2_dqbuf,4,VIDEO_CAPTURE_MPLANE
13743.009629,v4l2_dqbuf,0,VIDEO_OUTPUT_MPLANE
13743.022634,v4l2_qbuf,0,VIDEO_OUTPUT_MPLANE
13743.022656,v4l2_qbuf,0,VIDEO_CAPTURE_MPLANE
13743.025829,v4l2_dqbuf,0,VIDEO_CAPTURE_MPLANE
13743.025920,v4l2_dqbuf,0,VIDEO_OUTPUT_MPLANE
13743.039197,v4l2_qbuf,0,VIDEO_OUTPUT_MPLANE
13743.039225,v4l2_qbuf,1,VIDEO_CAPTURE_MPLANE
13743.042469,v4l2_dqbuf,1,VIDEO_CAPTURE_MPLANE
13743.042567,v4l2_dqbuf,0,VIDEO_OUTPUT_MPLANE
13743.055788,v4l2_qbuf,0,VIDEO_OUTPUT_MPLANE
13743.055809,v4l2_qbuf,2,VIDEO_CAPTURE_MPLANE
13743.057930,v4l2_dqbuf,2,VIDEO_CAPTURE_MPLANE
13743.057946,v4l2_dqbuf,0,VIDEO_OUTPUT_MPLANE
13743.072639,v4l2_qbuf,0,VIDEO_OUTPUT_MPLANE
13743.072660,v4l2_qbuf,3,VIDEO_CAPTURE_MPLANE
13743.076100,v4l2_dqbuf,3,VIDEO_CAPTURE_MPLANE
13743.076213,v4l2_dqbuf,0,VIDEO_OUTPUT_MPLANE
13743.089267,v4l2_qbuf,0,VIDEO_OUTPUT_MPLANE
13743.089288,v4l2_qbuf,4,VIDEO_CAPTURE_MPLANE
13743.092578,v4l2_dqbuf,4,VIDEO_CAPTURE_MPLANE
13743.092683,v4l2_dqbuf,0,VIDEO_OUTPUT_MPLANE
13743.105779,v4l2_qbuf,0,VIDEO_OUTPUT_MPLANE
13743.105798,v4l2_qbuf,0,VIDEO_CAPTURE_MPLANE
13743.109050,v4l2_dqbuf,0,VIDEO_CAPTURE_MPLANE
13743.109189,v4l2_dqbuf,0,VIDEO_OUTPUT_MPLANE
13743.122325,v4l2_qbuf,0,VIDEO_OUTPUT_MPLANE
13743.122340,v4l2_qbuf,1,VIDEO_CAPTURE_MPLANE
13743.124581,v4l2_dqbuf,1,VIDEO_CAPTURE_MPLANE
13743.124593,v4l2_dqbuf,0,VIDEO_OUTPUT_MPLANE
13743.139189,v4l2_qbuf,0,VIDEO_OUTPUT_MPLANE
13743.139210,v4l2_qbuf,5,VIDEO_CAPTURE_MPLANE
13743.142210,v4l2_dqbuf,5,VIDEO_CAPTURE_MPLANE
13743.142296,v4l2_dqbuf,0,VIDEO_OUTPUT_MPLANE
13743.155875,v4l2_qbuf,0,VIDEO_OUTPUT_MPLANE
13743.155897,v4l2_qbuf,3,VIDEO_CAPTURE_MPLANE
13743.157989,v4l2_dqbuf,3,VIDEO_CAPTURE_MPLANE
13743.158010,v4l2_dqbuf,0,VIDEO_OUTPUT_MPLANE
13743.172353,v4l2_qbuf,0,VIDEO_OUTPUT_MPLANE
13743.172374,v4l2_qbuf,4,VIDEO_CAPTURE_MPLANE
13743.175549,v4l2_dqbuf,4,VIDEO_CAPTURE_MPLANE
13743.175641,v4l2_dqbuf,0,VIDEO_OUTPUT_MPLANE
13743.189417,v4l2_qbuf,0,VIDEO_OUTPUT_MPLANE
13743.189437,v4l2_qbuf,0,VIDEO_CAPTURE_MPLANE
13743.191272,v4l2_dqbuf,0,VIDEO_CAPTURE_MPLANE
13743.191288,v4l2_dqbuf,0,VIDEO_OUTPUT_MPLANE
13743.205599,v4l2_qbuf,0,VIDEO_OUTPUT_MPLANE
13743.205620,v4l2_qbuf,2,VIDEO_CAPTURE_MPLANE
13743.207638,v4l2_dqbuf,2,VIDEO_CAPTURE_MPLANE
13743.207650,v4l2_dqbuf,0,VIDEO_OUTPUT_MPLANE
13743.222463,v4l2_qbuf,0,VIDEO_OUTPUT_MPLANE
13743.222484,v4l2_qbuf,5,VIDEO_CAPTURE_MPLANE
13743.225778,v4l2_dqbuf,5,VIDEO_CAPTURE_MPLANE
13743.225876,v4l2_dqbuf,0,VIDEO_OUTPUT_MPLANE
13743.239446,v4l2_qbuf,0,VIDEO_OUTPUT_MPLANE
13743.239467,v4l2_qbuf,1,VIDEO_CAPTURE_MPLANE
13743.241599,v4l2_dqbuf,1,VIDEO_CAPTURE_MPLANE
13743.241620,v4l2_dqbuf,0,VIDEO_OUTPUT_MPLANE
13743.257550,v4l2_qbuf,0,VIDEO_OUTPUT_MPLANE
13743.257571,v4l2_qbuf,4,VIDEO_CAPTURE_MPLANE
13743.260832,v4l2_dqbuf,4,VIDEO_CAPTURE_MPLANE
13743.260917,v4l2_dqbuf,0,VIDEO_OUTPUT_MPLANE
13743.272672,v4l2_qbuf,0,VIDEO_OUTPUT_MPLANE
13743.272692,v4l2_qbuf,3,VIDEO_CAPTURE_MPLANE
13743.275854,v4l2_dqbuf,3,VIDEO_CAPTURE_MPLANE
13743.275930,v4l2_dqbuf,0,VIDEO_OUTPUT_MPLANE
13743.289388,v4l2_qbuf,0,VIDEO_OUTPUT_MPLANE
13743.289404,v4l2_qbuf,0,VIDEO_CAPTURE_MPLANE
13743.292681,v4l2_dqbuf,0,VIDEO_CAPTURE_MPLANE
13743.292763,v4l2_dqbuf,0,VIDEO_OUTPUT_MPLANE
13743.305938,v4l2_qbuf,0,VIDEO_OUTPUT_MPLANE
13743.305971,v4l2_qbuf,5,VIDEO_CAPTURE_MPLANE
13743.308211,v4l2_dqbuf,5,VIDEO_CAPTURE_MPLANE
13743.308233,v4l2_dqbuf,0,VIDEO_OUTPUT_MPLANE
13743.322439,v4l2_qbuf,0,VIDEO_OUTPUT_MPLANE
13743.322455,v4l2_qbuf,2,VIDEO_CAPTURE_MPLANE
13743.325454,v4l2_dqbuf,2,VIDEO_CAPTURE_MPLANE
13743.325604,v4l2_dqbuf,0,VIDEO_OUTPUT_MPLANE
13743.339366,v4l2_qbuf,0,VIDEO_OUTPUT_MPLANE
13743.339386,v4l2_qbuf,4,VIDEO_CAPTURE_MPLANE
13743.342600,v4l2_dqbuf,4,VIDEO_CAPTURE_MPLANE
13743.342759,v4l2_dqbuf,0,VIDEO_OUTPUT_MPLANE
13743.356038,v4l2_qbuf,0,VIDEO_OUTPUT_MPLANE
13743.356074,v4l2_qbuf,3,VIDEO_CAPTURE_MPLANE
13743.359307,v4l2_dqbuf,3,VIDEO_CAPTURE_MPLANE
13743.359575,v4l2_dqbuf,0,VIDEO_OUTPUT_MPLANE
13743.372716,v4l2_qbuf,0,VIDEO_OUTPUT_MPLANE
13743.372737,v4l2_qbuf,0,VIDEO_CAPTURE_MPLANE
13743.375055,v4l2_dqbuf,0,VIDEO_CAPTURE_MPLANE
13743.375072,v4l2_dqbuf,0,VIDEO_OUTPUT_MPLANE
13743.389530,v4l2_qbuf,0,VIDEO_OUTPUT_MPLANE
13743.389549,v4l2_qbuf,1,VIDEO_CAPTURE_MPLANE
13743.392591,v4l2_dqbuf,1,VIDEO_CAPTURE_MPLANE
13743.392686,v4l2_dqbuf,0,VIDEO_OUTPUT_MPLANE
13743.406070,v4l2_qbuf,0,VIDEO_OUTPUT_MPLANE
13743.406104,v4l2_qbuf,2,VIDEO_CAPTURE_MPLANE
13743.409449,v4l2_dqbuf,2,VIDEO_CAPTURE_MPLANE
13743.409615,v4l2_dqbuf,0,VIDEO_OUTPUT_MPLANE
13743.422581,v4l2_qbuf,0,VIDEO_OUTPUT_MPLANE
13743.422601,v4l2_qbuf,4,VIDEO_CAPTURE_MPLANE
13743.425725,v4l2_dqbuf,4,VIDEO_CAPTURE_MPLANE
13743.425818,v4l2_dqbuf,0,VIDEO_OUTPUT_MPLANE
13743.439162,v4l2_qbuf,0,VIDEO_OUTPUT_MPLANE
13743.439183,v4l2_qbuf,3,VIDEO_CAPTURE_MPLANE
13743.441436,v4l2_dqbuf,3,VIDEO_CAPTURE_MPLANE
13743.441461,v4l2_dqbuf,0,VIDEO_OUTPUT_MPLANE
13743.456379,v4l2_qbuf,0,VIDEO_OUTPUT_MPLANE
13743.456423,v4l2_qbuf,5,VIDEO_CAPTURE_MPLANE
13743.459646,v4l2_dqbuf,5,VIDEO_CAPTURE_MPLANE
13743.459891,v4l2_dqbuf,0,VIDEO_OUTPUT_MPLANE
13743.472597,v4l2_qbuf,0,VIDEO_OUTPUT_MPLANE
13743.472623,v4l2_qbuf,1,VIDEO_CAPTURE_MPLANE
13743.475747,v4l2_dqbuf,1,VIDEO_CAPTURE_MPLANE
13743.475848,v4l2_dqbuf,0,VIDEO_OUTPUT_MPLANE
13743.488916,v4l2_qbuf,0,VIDEO_OUTPUT_MPLANE
13743.488936,v4l2_qbuf,2,VIDEO_CAPTURE_MPLANE
13743.492174,v4l2_dqbuf,2,VIDEO_CAPTURE_MPLANE
13743.492273,v4l2_dqbuf,0,VIDEO_OUTPUT_MPLANE
13743.505932,v4l2_qbuf,0,VIDEO_OUTPUT_MPLANE
13743.505952,v4l2_qbuf,4,VIDEO_CAPTURE_MPLANE
13743.508399,v4l2_dqbuf,4,VIDEO_CAPTURE_MPLANE
13743.508431,v4l2_dqbuf,0,VIDEO_OUTPUT_MPLANE
13743.522904,v4l2_qbuf,0,VIDEO_OUTPUT_MPLANE
13743.522942,v4l2_qbuf,0,VIDEO_CAPTURE_MPLANE
13743.526043,v4l2_dqbuf,0,VIDEO_CAPTURE_MPLANE
13743.526215,v4l2_dqbuf,0,VIDEO_OUTPUT_MPLANE
13743.539637,v4l2_qbuf,0,VIDEO_OUTPUT_MPLANE
13743.539672,v4l2_qbuf,5,VIDEO_CAPTURE_MPLANE
13743.542910,v4l2_dqbuf,5,VIDEO_CAPTURE_MPLANE
13743.543059,v4l2_dqbuf,0,VIDEO_OUTPUT_MPLANE
13743.556156,v4l2_qbuf,0,VIDEO_OUTPUT_MPLANE
13743.556193,v4l2_qbuf,1,VIDEO_CAPTURE_MPLANE
13743.559094,v4l2_dqbuf,1,VIDEO_CAPTURE_MPLANE
13743.559248,v4l2_dqbuf,0,VIDEO_OUTPUT_MPLANE
13743.572973,v4l2_qbuf,0,VIDEO_OUTPUT_MPLANE
13743.572994,v4l2_qbuf,2,VIDEO_CAPTURE_MPLANE
13743.575232,v4l2_dqbuf,2,VIDEO_CAPTURE_MPLANE
13743.575251,v4l2_dqbuf,0,VIDEO_OUTPUT_MPLANE
13743.589366,v4l2_qbuf,0,VIDEO_OUTPUT_MPLANE
13743.589387,v4l2_qbuf,3,VIDEO_CAPTURE_MPLANE
13743.592455,v4l2_dqbuf,3,VIDEO_CAPTURE_MPLANE
13743.592560,v4l2_dqbuf,0,VIDEO_OUTPUT_MPLANE
13743.605906,v4l2_qbuf,0,VIDEO_OUTPUT_MPLANE
13743.605922,v4l2_qbuf,0,VIDEO_CAPTURE_MPLANE
13743.608928,v4l2_dqbuf,0,VIDEO_CAPTURE_MPLANE
13743.609009,v4l2_dqbuf,0,VIDEO_OUTPUT_MPLANE
13743.622284,v4l2_qbuf,0,VIDEO_OUTPUT_MPLANE
13743.622303,v4l2_qbuf,5,VIDEO_CAPTURE_MPLANE
13743.625364,v4l2_dqbuf,5,VIDEO_CAPTURE_MPLANE
13743.625454,v4l2_dqbuf,0,VIDEO_OUTPUT_MPLANE
13743.638868,v4l2_qbuf,0,VIDEO_OUTPUT_MPLANE
13743.638894,v4l2_qbuf,1,VIDEO_CAPTURE_MPLANE
13743.640965,v4l2_dqbuf,1,VIDEO_CAPTURE_MPLANE
13743.640979,v4l2_dqbuf,0,VIDEO_OUTPUT_MPLANE
13743.655742,v4l2_qbuf,0,VIDEO_OUTPUT_MPLANE
13743.655766,v4l2_qbuf,4,VIDEO_CAPTURE_MPLANE
13743.660507,v4l2_dqbuf,4,VIDEO_CAPTURE_MPLANE
13743.660627,v4l2_dqbuf,0,VIDEO_OUTPUT_MPLANE
13743.672681,v4l2_qbuf,0,VIDEO_OUTPUT_MPLANE
13743.672701,v4l2_qbuf,3,VIDEO_CAPTURE_MPLANE
13743.675978,v4l2_dqbuf,3,VIDEO_CAPTURE_MPLANE
13743.676185,v4l2_dqbuf,0,VIDEO_OUTPUT_MPLANE
13743.689272,v4l2_qbuf,0,VIDEO_OUTPUT_MPLANE
13743.689301,v4l2_qbuf,0,VIDEO_CAPTURE_MPLANE
13743.692292,v4l2_dqbuf,0,VIDEO_CAPTURE_MPLANE
13743.692366,v4l2_dqbuf,0,VIDEO_OUTPUT_MPLANE
13743.706143,v4l2_qbuf,0,VIDEO_OUTPUT_MPLANE
13743.706174,v4l2_qbuf,5,VIDEO_CAPTURE_MPLANE
13743.708366,v4l2_dqbuf,5,VIDEO_CAPTURE_MPLANE
13743.708386,v4l2_dqbuf,0,VIDEO_OUTPUT_MPLANE
13743.722366,v4l2_qbuf,0,VIDEO_OUTPUT_MPLANE
13743.722386,v4l2_qbuf,2,VIDEO_CAPTURE_MPLANE
13743.725481,v4l2_dqbuf,2,VIDEO_CAPTURE_MPLANE
13743.725574,v4l2_dqbuf,0,VIDEO_OUTPUT_MPLANE
13743.739455,v4l2_qbuf,0,VIDEO_OUTPUT_MPLANE
13743.739477,v4l2_qbuf,4,VIDEO_CAPTURE_MPLANE
13743.742466,v4l2_dqbuf,4,VIDEO_CAPTURE_MPLANE
13743.742559,v4l2_dqbuf,0,VIDEO_OUTPUT_MPLANE
13743.755898,v4l2_qbuf,0,VIDEO_OUTPUT_MPLANE
13743.755925,v4l2_qbuf,3,VIDEO_CAPTURE_MPLANE
13743.758100,v4l2_dqbuf,3,VIDEO_CAPTURE_MPLANE
13743.758118,v4l2_dqbuf,0,VIDEO_OUTPUT_MPLANE
13743.772604,v4l2_qbuf,0,VIDEO_OUTPUT_MPLANE
13743.772627,v4l2_qbuf,0,VIDEO_CAPTURE_MPLANE
13743.775673,v4l2_dqbuf,0,VIDEO_CAPTURE_MPLANE
13743.775863,v4l2_dqbuf,0,VIDEO_OUTPUT_MPLANE
13743.789359,v4l2_qbuf,0,VIDEO_OUTPUT_MPLANE
13743.789379,v4l2_qbuf,1,VIDEO_CAPTURE_MPLANE
13743.792516,v4l2_dqbuf,1,VIDEO_CAPTURE_MPLANE
13743.792632,v4l2_dqbuf,0,VIDEO_OUTPUT_MPLANE
13743.805887,v4l2_qbuf,0,VIDEO_OUTPUT_MPLANE
13743.805907,v4l2_qbuf,2,VIDEO_CAPTURE_MPLANE
13743.808865,v4l2_dqbuf,2,VIDEO_CAPTURE_MPLANE
13743.808954,v4l2_dqbuf,0,VIDEO_OUTPUT_MPLANE
13743.822593,v4l2_qbuf,0,VIDEO_OUTPUT_MPLANE
13743.822615,v4l2_qbuf,4,VIDEO_CAPTURE_MPLANE
13743.824947,v4l2_dqbuf,4,VIDEO_CAPTURE_MPLANE
13743.824964,v4l2_dqbuf,0,VIDEO_OUTPUT_MPLANE
13743.839196,v4l2_qbuf,0,VIDEO_OUTPUT_MPLANE
13743.839215,v4l2_qbuf,5,VIDEO_CAPTURE_MPLANE
13743.842293,v4l2_dqbuf,5,VIDEO_CAPTURE_MPLANE
13743.842375,v4l2_dqbuf,0,VIDEO_OUTPUT_MPLANE
13743.855986,v4l2_qbuf,0,VIDEO_OUTPUT_MPLANE
13743.856019,v4l2_qbuf,0,VIDEO_CAPTURE_MPLANE
13743.859530,v4l2_dqbuf,0,VIDEO_CAPTURE_MPLANE
13743.859650,v4l2_dqbuf,0,VIDEO_OUTPUT_MPLANE
13743.872605,v4l2_qbuf,0,VIDEO_OUTPUT_MPLANE
13743.872626,v4l2_qbuf,1,VIDEO_CAPTURE_MPLANE
13743.874872,v4l2_dqbuf,1,VIDEO_CAPTURE_MPLANE
13743.874889,v4l2_dqbuf,0,VIDEO_OUTPUT_MPLANE
13743.889065,v4l2_qbuf,0,VIDEO_OUTPUT_MPLANE
13743.889083,v4l2_qbuf,2,VIDEO_CAPTURE_MPLANE
13743.893721,v4l2_dqbuf,2,VIDEO_CAPTURE_MPLANE
13743.893877,v4l2_dqbuf,0,VIDEO_OUTPUT_MPLANE
13743.906486,v4l2_qbuf,0,VIDEO_OUTPUT_MPLANE
13743.906502,v4l2_qbuf,3,VIDEO_CAPTURE_MPLANE
13743.909629,v4l2_dqbuf,3,VIDEO_CAPTURE_MPLANE
13743.909777,v4l2_dqbuf,0,VIDEO_OUTPUT_MPLANE
13743.922869,v4l2_qbuf,0,VIDEO_OUTPUT_MPLANE
13743.922999,v4l2_qbuf,5,VIDEO_CAPTURE_MPLANE
13743.926552,v4l2_dqbuf,5,VIDEO_CAPTURE_MPLANE
13743.926797,v4l2_dqbuf,0,VIDEO_OUTPUT_MPLANE
13743.939345,v4l2_qbuf,0,VIDEO_OUTPUT_MPLANE
13743.939368,v4l2_qbuf,0,VIDEO_CAPTURE_MPLANE
13743.941422,v4l2_dqbuf,0,VIDEO_CAPTURE_MPLANE
13743.941433,v4l2_dqbuf,0,VIDEO_OUTPUT_MPLANE
13743.955977,v4l2_qbuf,0,VIDEO_OUTPUT_MPLANE
13743.955997,v4l2_qbuf,4,VIDEO_CAPTURE_MPLANE
13743.960162,v4l2_dqbuf,4,VIDEO_CAPTURE_MPLANE
13743.960292,v4l2_dqbuf,0,VIDEO_OUTPUT_MPLANE
13743.972543,v4l2_qbuf,0,VIDEO_OUTPUT_MPLANE
13743.972561,v4l2_qbuf,2,VIDEO_CAPTURE_MPLANE
13743.974789,v4l2_dqbuf,2,VIDEO_CAPTURE_MPLANE
13743.974803,v4l2_dqbuf,0,VIDEO_OUTPUT_MPLANE
13743.989272,v4l2_qbuf,0,VIDEO_OUTPUT_MPLANE
13743.989292,v4l2_qbuf,3,VIDEO_CAPTURE_MPLANE
13743.992881,v4l2_dqbuf,3,VIDEO_CAPTURE_MPLANE
13743.993981,v4l2_dqbuf,0,VIDEO_OUTPUT_MPLANE
13744.005567,v4l2_qbuf,0,VIDEO_OUTPUT_MPLANE
13744.005584,v4l2_qbuf,5,VIDEO_CAPTURE_MPLANE
13744.008597,v4l2_dqbuf,5,VIDEO_CAPTURE_MPLANE
13744.008755,v4l2_dqbuf,0,VIDEO_OUTPUT_MPLANE
13744.022417,v4l2_qbuf,0,VIDEO_OUTPUT_MPLANE
13744.022451,v4l2_qbuf,1,VIDEO_CAPTURE_MPLANE
13744.025568,v4l2_dqbuf,1,VIDEO_CAPTURE_MPLANE
13744.025744,v4l2_dqbuf,0,VIDEO_OUTPUT_MPLANE
13744.039273,v4l2_qbuf,0,VIDEO_OUTPUT_MPLANE
13744.039303,v4l2_qbuf,4,VIDEO_CAPTURE_MPLANE
13744.041658,v4l2_dqbuf,4,VIDEO_CAPTURE_MPLANE
13744.041687,v4l2_dqbuf,0,VIDEO_OUTPUT_MPLANE
13744.056334,v4l2_qbuf,0,VIDEO_OUTPUT_MPLANE
13744.056367,v4l2_qbuf,0,VIDEO_CAPTURE_MPLANE
13744.059586,v4l2_dqbuf,0,VIDEO_CAPTURE_MPLANE
13744.059758,v4l2_dqbuf,0,VIDEO_OUTPUT_MPLANE
13744.072581,v4l2_qbuf,0,VIDEO_OUTPUT_MPLANE
13744.072601,v4l2_qbuf,3,VIDEO_CAPTURE_MPLANE
13744.075877,v4l2_dqbuf,3,VIDEO_CAPTURE_MPLANE
13744.075976,v4l2_dqbuf,0,VIDEO_OUTPUT_MPLANE
13744.089459,v4l2_qbuf,0,VIDEO_OUTPUT_MPLANE
13744.089493,v4l2_qbuf,5,VIDEO_CAPTURE_MPLANE
13744.092645,v4l2_dqbuf,5,VIDEO_CAPTURE_MPLANE
13744.092795,v4l2_dqbuf,0,VIDEO_OUTPUT_MPLANE
13744.106069,v4l2_qbuf,0,VIDEO_OUTPUT_MPLANE
13744.106091,v4l2_qbuf,1,VIDEO_CAPTURE_MPLANE
13744.108345,v4l2_dqbuf,1,VIDEO_CAPTURE_MPLANE
13744.108363,v4l2_dqbuf,0,VIDEO_OUTPUT_MPLANE
13744.122824,v4l2_qbuf,0,VIDEO_OUTPUT_MPLANE
13744.122864,v4l2_qbuf,2,VIDEO_CAPTURE_MPLANE
13744.126114,v4l2_dqbuf,2,VIDEO_CAPTURE_MPLANE
13744.126267,v4l2_dqbuf,0,VIDEO_OUTPUT_MPLANE
13744.139722,v4l2_qbuf,0,VIDEO_OUTPUT_MPLANE
13744.139761,v4l2_qbuf,0,VIDEO_CAPTURE_MPLANE
13744.143038,v4l2_dqbuf,0,VIDEO_CAPTURE_MPLANE
13744.143263,v4l2_dqbuf,0,VIDEO_OUTPUT_MPLANE
13744.156404,v4l2_qbuf,0,VIDEO_OUTPUT_MPLANE
13744.156444,v4l2_qbuf,3,VIDEO_CAPTURE_MPLANE
13744.159652,v4l2_dqbuf,3,VIDEO_CAPTURE_MPLANE
13744.159797,v4l2_dqbuf,0,VIDEO_OUTPUT_MPLANE
13744.172424,v4l2_qbuf,0,VIDEO_OUTPUT_MPLANE
13744.172447,v4l2_qbuf,5,VIDEO_CAPTURE_MPLANE
13744.174736,v4l2_dqbuf,5,VIDEO_CAPTURE_MPLANE
13744.174815,v4l2_dqbuf,0,VIDEO_OUTPUT_MPLANE
13744.189090,v4l2_qbuf,0,VIDEO_OUTPUT_MPLANE
13744.189110,v4l2_qbuf,4,VIDEO_CAPTURE_MPLANE
13744.191037,v4l2_dqbuf,4,VIDEO_CAPTURE_MPLANE
13744.191051,v4l2_dqbuf,0,VIDEO_OUTPUT_MPLANE
13744.207768,v4l2_qbuf,0,VIDEO_OUTPUT_MPLANE
13744.207796,v4l2_qbuf,2,VIDEO_CAPTURE_MPLANE
13744.209993,v4l2_dqbuf,2,VIDEO_CAPTURE_MPLANE
13744.210026,v4l2_dqbuf,0,VIDEO_OUTPUT_MPLANE
13744.222954,v4l2_qbuf,0,VIDEO_OUTPUT_MPLANE
13744.222976,v4l2_qbuf,0,VIDEO_CAPTURE_MPLANE
13744.226168,v4l2_dqbuf,0,VIDEO_CAPTURE_MPLANE
13744.226265,v4l2_dqbuf,0,VIDEO_OUTPUT_MPLANE
13744.239188,v4l2_qbuf,0,VIDEO_OUTPUT_MPLANE
13744.239208,v4l2_qbuf,3,VIDEO_CAPTURE_MPLANE
13744.242379,v4l2_dqbuf,3,VIDEO_CAPTURE_MPLANE
13744.242484,v4l2_dqbuf,0,VIDEO_OUTPUT_MPLANE
13744.255726,v4l2_qbuf,0,VIDEO_OUTPUT_MPLANE
13744.255769,v4l2_qbuf,1,VIDEO_CAPTURE_MPLANE
13744.257900,v4l2_dqbuf,1,VIDEO_CAPTURE_MPLANE
13744.257915,v4l2_dqbuf,0,VIDEO_OUTPUT_MPLANE
13744.272488,v4l2_qbuf,0,VIDEO_OUTPUT_MPLANE
13744.272511,v4l2_qbuf,5,VIDEO_CAPTURE_MPLANE
13744.275516,v4l2_dqbuf,5,VIDEO_CAPTURE_MPLANE
13744.275609,v4l2_dqbuf,0,VIDEO_OUTPUT_MPLANE
13744.289328,v4l2_qbuf,0,VIDEO_OUTPUT_MPLANE
13744.289415,v4l2_qbuf,4,VIDEO_CAPTURE_MPLANE
13744.292411,v4l2_dqbuf,4,VIDEO_CAPTURE_MPLANE
13744.292538,v4l2_dqbuf,0,VIDEO_OUTPUT_MPLANE
13744.306345,v4l2_qbuf,0,VIDEO_OUTPUT_MPLANE
13744.306378,v4l2_qbuf,0,VIDEO_CAPTURE_MPLANE
13744.308631,v4l2_dqbuf,0,VIDEO_CAPTURE_MPLANE
13744.308654,v4l2_dqbuf,0,VIDEO_OUTPUT_MPLANE
13744.322731,v4l2_qbuf,0,VIDEO_OUTPUT_MPLANE
13744.322765,v4l2_qbuf,3,VIDEO_CAPTURE_MPLANE
13744.325911,v4l2_dqbuf,3,VIDEO_CAPTURE_MPLANE
13744.326067,v4l2_dqbuf,0,VIDEO_OUTPUT_MPLANE
13744.338996,v4l2_qbuf,0,VIDEO_OUTPUT_MPLANE
13744.339025,v4l2_qbuf,2,VIDEO_CAPTURE_MPLANE
13744.341977,v4l2_dqbuf,2,VIDEO_CAPTURE_MPLANE
13744.342128,v4l2_dqbuf,0,VIDEO_OUTPUT_MPLANE
13744.355702,v4l2_qbuf,0,VIDEO_OUTPUT_MPLANE
13744.355728,v4l2_qbuf,5,VIDEO_CAPTURE_MPLANE
13744.357938,v4l2_dqbuf,5,VIDEO_CAPTURE_MPLANE
13744.357965,v4l2_dqbuf,0,VIDEO_OUTPUT_MPLANE
13744.372360,v4l2_qbuf,0,VIDEO_OUTPUT_MPLANE
13744.372388,v4l2_qbuf,4,VIDEO_CAPTURE_MPLANE
13744.375411,v4l2_dqbuf,4,VIDEO_CAPTURE_MPLANE
13744.375534,v4l2_dqbuf,0,VIDEO_OUTPUT_MPLANE
13744.390576,v4l2_qbuf,0,VIDEO_OUTPUT_MPLANE
13744.390618,v4l2_qbuf,1,VIDEO_CAPTURE_MPLANE
13744.393790,v4l2_dqbuf,1,VIDEO_CAPTURE_MPLANE
13744.393876,v4l2_dqbuf,0,VIDEO_OUTPUT_MPLANE
13744.407259,v4l2_qbuf,0,VIDEO_OUTPUT_MPLANE
13744.407273,v4l2_qbuf,3,VIDEO_CAPTURE_MPLANE
13744.410471,v4l2_dqbuf,3,VIDEO_CAPTURE_MPLANE
13744.410555,v4l2_dqbuf,0,VIDEO_OUTPUT_MPLANE
13744.422883,v4l2_qbuf,0,VIDEO_OUTPUT_MPLANE
13744.422904,v4l2_qbuf,2,VIDEO_CAPTURE_MPLANE
13744.425106,v4l2_dqbuf,2,VIDEO_CAPTURE_MPLANE
13744.425131,v4l2_dqbuf,0,VIDEO_OUTPUT_MPLANE
13744.439546,v4l2_qbuf,0,VIDEO_OUTPUT_MPLANE
13744.439599,v4l2_qbuf,0,VIDEO_CAPTURE_MPLANE
13744.442807,v4l2_dqbuf,0,VIDEO_CAPTURE_MPLANE
13744.442912,v4l2_dqbuf,0,VIDEO_OUTPUT_MPLANE
13744.455533,v4l2_qbuf,0,VIDEO_OUTPUT_MPLANE
13744.455554,v4l2_qbuf,4,VIDEO_CAPTURE_MPLANE
13744.458679,v4l2_dqbuf,4,VIDEO_CAPTURE_MPLANE
13744.458782,v4l2_dqbuf,0,VIDEO_OUTPUT_MPLANE
13744.474780,v4l2_qbuf,0,VIDEO_OUTPUT_MPLANE
13744.474797,v4l2_qbuf,1,VIDEO_CAPTURE_MPLANE
13744.477850,v4l2_dqbuf,1,VIDEO_CAPTURE_MPLANE
13744.477938,v4l2_dqbuf,0,VIDEO_OUTPUT_MPLANE
13744.491727,v4l2_qbuf,0,VIDEO_OUTPUT_MPLANE
13744.491747,v4l2_qbuf,3,VIDEO_CAPTURE_MPLANE
13744.493994,v4l2_dqbuf,3,VIDEO_CAPTURE_MPLANE
13744.494020,v4l2_dqbuf,0,VIDEO_OUTPUT_MPLANE
13744.508134,v4l2_qbuf,0,VIDEO_OUTPUT_MPLANE
13744.508156,v4l2_qbuf,5,VIDEO_CAPTURE_MPLANE
13744.511355,v4l2_dqbuf,5,VIDEO_CAPTURE_MPLANE
13744.511451,v4l2_dqbuf,0,VIDEO_OUTPUT_MPLANE
13744.525151,v4l2_qbuf,0,VIDEO_OUTPUT_MPLANE
13744.525169,v4l2_qbuf,0,VIDEO_CAPTURE_MPLANE
13744.528794,v4l2_dqbuf,0,VIDEO_CAPTURE_MPLANE
13744.528906,v4l2_dqbuf,0,VIDEO_OUTPUT_MPLANE
13744.541881,v4l2_qbuf,0,VIDEO_OUTPUT_MPLANE
13744.541900,v4l2_qbuf,4,VIDEO_CAPTURE_MPLANE
13744.544882,v4l2_dqbuf,4,VIDEO_CAPTURE_MPLANE
13744.544955,v4l2_dqbuf,0,VIDEO_OUTPUT_MPLANE
13744.558298,v4l2_qbuf,0,VIDEO_OUTPUT_MPLANE
13744.558318,v4l2_qbuf,1,VIDEO_CAPTURE_MPLANE
13744.560586,v4l2_dqbuf,1,VIDEO_CAPTURE_MPLANE
13744.560602,v4l2_dqbuf,0,VIDEO_OUTPUT_MPLANE
13744.575016,v4l2_qbuf,0,VIDEO_OUTPUT_MPLANE
13744.575039,v4l2_qbuf,2,VIDEO_CAPTURE_MPLANE
13744.578278,v4l2_dqbuf,2,VIDEO_CAPTURE_MPLANE
13744.578371,v4l2_dqbuf,0,VIDEO_OUTPUT_MPLANE
13744.591707,v4l2_qbuf,0,VIDEO_OUTPUT_MPLANE
13744.591726,v4l2_qbuf,5,VIDEO_CAPTURE_MPLANE
13744.595033,v4l2_dqbuf,5,VIDEO_CAPTURE_MPLANE
13744.595228,v4l2_dqbuf,0,VIDEO_OUTPUT_MPLANE
13744.608842,v4l2_qbuf,0,VIDEO_OUTPUT_MPLANE
13744.608876,v4l2_qbuf,0,VIDEO_CAPTURE_MPLANE
13744.612029,v4l2_dqbuf,0,VIDEO_CAPTURE_MPLANE
13744.612183,v4l2_dqbuf,0,VIDEO_OUTPUT_MPLANE
13744.625361,v4l2_qbuf,0,VIDEO_OUTPUT_MPLANE
13744.625463,v4l2_qbuf,4,VIDEO_CAPTURE_MPLANE
13744.629717,v4l2_dqbuf,4,VIDEO_CAPTURE_MPLANE
13744.629740,v4l2_dqbuf,0,VIDEO_OUTPUT_MPLANE
13744.641872,v4l2_qbuf,0,VIDEO_OUTPUT_MPLANE
13744.641892,v4l2_qbuf,3,VIDEO_CAPTURE_MPLANE
13744.645015,v4l2_dqbuf,3,VIDEO_CAPTURE_MPLANE
13744.645105,v4l2_dqbuf,0,VIDEO_OUTPUT_MPLANE
13744.658588,v4l2_qbuf,0,VIDEO_OUTPUT_MPLANE
13744.658672,v4l2_qbuf,2,VIDEO_CAPTURE_MPLANE
13744.661790,v4l2_dqbuf,2,VIDEO_CAPTURE_MPLANE
13744.661957,v4l2_dqbuf,0,VIDEO_OUTPUT_MPLANE
13744.675058,v4l2_qbuf,0,VIDEO_OUTPUT_MPLANE
13744.675101,v4l2_qbuf,5,VIDEO_CAPTURE_MPLANE
13744.678389,v4l2_dqbuf,5,VIDEO_CAPTURE_MPLANE
13744.678583,v4l2_dqbuf,0,VIDEO_OUTPUT_MPLANE
13744.692153,v4l2_qbuf,0,VIDEO_OUTPUT_MPLANE
13744.692189,v4l2_qbuf,0,VIDEO_CAPTURE_MPLANE
13744.694479,v4l2_dqbuf,0,VIDEO_CAPTURE_MPLANE
13744.694501,v4l2_dqbuf,0,VIDEO_OUTPUT_MPLANE
13744.708455,v4l2_qbuf,0,VIDEO_OUTPUT_MPLANE
13744.708490,v4l2_qbuf,1,VIDEO_CAPTURE_MPLANE
13744.711657,v4l2_dqbuf,1,VIDEO_CAPTURE_MPLANE
13744.711782,v4l2_dqbuf,0,VIDEO_OUTPUT_MPLANE
13744.725065,v4l2_qbuf,0,VIDEO_OUTPUT_MPLANE
13744.725103,v4l2_qbuf,3,VIDEO_CAPTURE_MPLANE
13744.729160,v4l2_dqbuf,3,VIDEO_CAPTURE_MPLANE
13744.729273,v4l2_dqbuf,0,VIDEO_OUTPUT_MPLANE
13744.741701,v4l2_qbuf,0,VIDEO_OUTPUT_MPLANE
13744.741736,v4l2_qbuf,2,VIDEO_CAPTURE_MPLANE
13744.744932,v4l2_dqbuf,2,VIDEO_CAPTURE_MPLANE
13744.745036,v4l2_dqbuf,0,VIDEO_OUTPUT_MPLANE
13744.758725,v4l2_qbuf,0,VIDEO_OUTPUT_MPLANE
13744.758747,v4l2_qbuf,5,VIDEO_CAPTURE_MPLANE
13744.761098,v4l2_dqbuf,5,VIDEO_CAPTURE_MPLANE
13744.761114,v4l2_dqbuf,0,VIDEO_OUTPUT_MPLANE
13744.775112,v4l2_qbuf,0,VIDEO_OUTPUT_MPLANE
13744.775133,v4l2_qbuf,4,VIDEO_CAPTURE_MPLANE
13744.778246,v4l2_dqbuf,4,VIDEO_CAPTURE_MPLANE
13744.778336,v4l2_dqbuf,0,VIDEO_OUTPUT_MPLANE
13744.791995,v4l2_qbuf,0,VIDEO_OUTPUT_MPLANE
13744.792072,v4l2_qbuf,1,VIDEO_CAPTURE_MPLANE
13744.795388,v4l2_dqbuf,1,VIDEO_CAPTURE_MPLANE
13744.795558,v4l2_dqbuf,0,VIDEO_OUTPUT_MPLANE
13744.808263,v4l2_qbuf,0,VIDEO_OUTPUT_MPLANE
13744.808284,v4l2_qbuf,3,VIDEO_CAPTURE_MPLANE
13744.811465,v4l2_dqbuf,3,VIDEO_CAPTURE_MPLANE
13744.811608,v4l2_dqbuf,0,VIDEO_OUTPUT_MPLANE
13744.828471,v4l2_qbuf,0,VIDEO_OUTPUT_MPLANE
13744.828502,v4l2_qbuf,2,VIDEO_CAPTURE_MPLANE
13744.830810,v4l2_dqbuf,2,VIDEO_CAPTURE_MPLANE
13744.830827,v4l2_dqbuf,0,VIDEO_OUTPUT_MPLANE
13744.841738,v4l2_qbuf,0,VIDEO_OUTPUT_MPLANE
13744.841759,v4l2_qbuf,0,VIDEO_CAPTURE_MPLANE
13744.844909,v4l2_dqbuf,0,VIDEO_CAPTURE_MPLANE
13744.845000,v4l2_dqbuf,0,VIDEO_OUTPUT_MPLANE
13744.858527,v4l2_qbuf,0,VIDEO_OUTPUT_MPLANE
13744.858565,v4l2_qbuf,4,VIDEO_CAPTURE_MPLANE
13744.861951,v4l2_dqbuf,4,VIDEO_CAPTURE_MPLANE
13744.862084,v4l2_dqbuf,0,VIDEO_OUTPUT_MPLANE
13744.874988,v4l2_qbuf,0,VIDEO_OUTPUT_MPLANE
13744.875023,v4l2_qbuf,1,VIDEO_CAPTURE_MPLANE
13744.878160,v4l2_dqbuf,1,VIDEO_CAPTURE_MPLANE
13744.878260,v4l2_dqbuf,0,VIDEO_OUTPUT_MPLANE
13744.892268,v4l2_qbuf,0,VIDEO_OUTPUT_MPLANE
13744.892295,v4l2_qbuf,3,VIDEO_CAPTURE_MPLANE
13744.894587,v4l2_dqbuf,3,VIDEO_CAPTURE_MPLANE
13744.894603,v4l2_dqbuf,0,VIDEO_OUTPUT_MPLANE
13744.908304,v4l2_qbuf,0,VIDEO_OUTPUT_MPLANE
13744.908326,v4l2_qbuf,5,VIDEO_CAPTURE_MPLANE
13744.911496,v4l2_dqbuf,5,VIDEO_CAPTURE_MPLANE
13744.911591,v4l2_dqbuf,0,VIDEO_OUTPUT_MPLANE
13744.927429,v4l2_qbuf,0,VIDEO_OUTPUT_MPLANE
13744.927459,v4l2_qbuf,0,VIDEO_CAPTURE_MPLANE
13744.930709,v4l2_dqbuf,0,VIDEO_CAPTURE_MPLANE
13744.930818,v4l2_dqbuf,0,VIDEO_OUTPUT_MPLANE
13744.941427,v4l2_qbuf,0,VIDEO_OUTPUT_MPLANE
13744.941444,v4l2_qbuf,4,VIDEO_CAPTURE_MPLANE
13744.944456,v4l2_dqbuf,4,VIDEO_CAPTURE_MPLANE
13744.944538,v4l2_dqbuf,0,VIDEO_OUTPUT_MPLANE
13744.960338,v4l2_qbuf,0,VIDEO_OUTPUT_MPLANE
13744.960357,v4l2_qbuf,1,VIDEO_CAPTURE_MPLANE
13744.962609,v4l2_dqbuf,1,VIDEO_CAPTURE_MPLANE
13744.962623,v4l2_dqbuf,0,VIDEO_OUTPUT_MPLANE
13744.977191,v4l2_qbuf,0,VIDEO_OUTPUT_MPLANE
13744.977220,v4l2_qbuf,2,VIDEO_CAPTURE_MPLANE
13744.980420,v4l2_dqbuf,2,VIDEO_CAPTURE_MPLANE
13744.980589,v4l2_dqbuf,0,VIDEO_OUTPUT_MPLANE
13744.993824,v4l2_qbuf,0,VIDEO_OUTPUT_MPLANE
13744.993853,v4l2_qbuf,5,VIDEO_CAPTURE_MPLANE
13744.997074,v4l2_dqbuf,5,VIDEO_CAPTURE_MPLANE
13744.997206,v4l2_dqbuf,0,VIDEO_OUTPUT_MPLANE
13745.010562,v4l2_qbuf,0,VIDEO_OUTPUT_MPLANE
13745.010592,v4l2_qbuf,0,VIDEO_CAPTURE_MPLANE
13745.014874,v4l2_dqbuf,0,VIDEO_CAPTURE_MPLANE
13745.015091,v4l2_dqbuf,0,VIDEO_OUTPUT_MPLANE
13745.027296,v4l2_qbuf,0,VIDEO_OUTPUT_MPLANE
13745.027311,v4l2_qbuf,4,VIDEO_CAPTURE_MPLANE
13745.029521,v4l2_dqbuf,4,VIDEO_CAPTURE_MPLANE
13745.029536,v4l2_dqbuf,0,VIDEO_OUTPUT_MPLANE
13745.045122,v4l2_qbuf,0,VIDEO_OUTPUT_MPLANE
13745.045145,v4l2_qbuf,3,VIDEO_CAPTURE_MPLANE
13745.048250,v4l2_dqbuf,3,VIDEO_CAPTURE_MPLANE
13745.048347,v4l2_dqbuf,0,VIDEO_OUTPUT_MPLANE
13745.060626,v4l2_qbuf,0,VIDEO_OUTPUT_MPLANE
13745.060666,v4l2_qbuf,2,VIDEO_CAPTURE_MPLANE
13745.063930,v4l2_dqbuf,2,VIDEO_CAPTURE_MPLANE
13745.064044,v4l2_dqbuf,0,VIDEO_OUTPUT_MPLANE
13745.076938,v4l2_qbuf,0,VIDEO_OUTPUT_MPLANE
13745.076965,v4l2_qbuf,5,VIDEO_CAPTURE_MPLANE
13745.080209,v4l2_dqbuf,5,VIDEO_CAPTURE_MPLANE
13745.080300,v4l2_dqbuf,0,VIDEO_OUTPUT_MPLANE
13745.093626,v4l2_qbuf,0,VIDEO_OUTPUT_MPLANE
13745.093639,v4l2_qbuf,0,VIDEO_CAPTURE_MPLANE
13745.095808,v4l2_dqbuf,0,VIDEO_CAPTURE_MPLANE
13745.095822,v4l2_dqbuf,0,VIDEO_OUTPUT_MPLANE
13745.110529,v4l2_qbuf,0,VIDEO_OUTPUT_MPLANE
13745.110544,v4l2_qbuf,1,VIDEO_CAPTURE_MPLANE
13745.113654,v4l2_dqbuf,1,VIDEO_CAPTURE_MPLANE
13745.113724,v4l2_dqbuf,0,VIDEO_OUTPUT_MPLANE
13745.128761,v4l2_qbuf,0,VIDEO_OUTPUT_MPLANE
13745.128791,v4l2_qbuf,3,VIDEO_CAPTURE_MPLANE
13745.132215,v4l2_dqbuf,3,VIDEO_CAPTURE_MPLANE
13745.132318,v4l2_dqbuf,0,VIDEO_OUTPUT_MPLANE
13745.143942,v4l2_qbuf,0,VIDEO_OUTPUT_MPLANE
13745.143981,v4l2_qbuf,2,VIDEO_CAPTURE_MPLANE
13745.147419,v4l2_dqbuf,2,VIDEO_CAPTURE_MPLANE
13745.147616,v4l2_dqbuf,0,VIDEO_OUTPUT_MPLANE
13745.160421,v4l2_qbuf,0,VIDEO_OUTPUT_MPLANE
13745.160454,v4l2_qbuf,5,VIDEO_CAPTURE_MPLANE
13745.162842,v4l2_dqbuf,5,VIDEO_CAPTURE_MPLANE
13745.162863,v4l2_dqbuf,0,VIDEO_OUTPUT_MPLANE
13745.176840,v4l2_qbuf,0,VIDEO_OUTPUT_MPLANE
13745.176857,v4l2_qbuf,4,VIDEO_CAPTURE_MPLANE
13745.180140,v4l2_dqbuf,4,VIDEO_CAPTURE_MPLANE
13745.180339,v4l2_dqbuf,0,VIDEO_OUTPUT_MPLANE
13745.194283,v4l2_qbuf,0,VIDEO_OUTPUT_MPLANE
13745.194318,v4l2_qbuf,1,VIDEO_CAPTURE_MPLANE
13745.196267,v4l2_dqbuf,1,VIDEO_CAPTURE_MPLANE
13745.196277,v4l2_dqbuf,0,VIDEO_OUTPUT_MPLANE
13745.210793,v4l2_qbuf,0,VIDEO_OUTPUT_MPLANE
13745.210811,v4l2_qbuf,3,VIDEO_CAPTURE_MPLANE
13745.213036,v4l2_dqbuf,3,VIDEO_CAPTURE_MPLANE
13745.213047,v4l2_dqbuf,0,VIDEO_OUTPUT_MPLANE
13745.226939,v4l2_qbuf,0,VIDEO_OUTPUT_MPLANE
13745.226957,v4l2_qbuf,2,VIDEO_CAPTURE_MPLANE
13745.230110,v4l2_dqbuf,2,VIDEO_CAPTURE_MPLANE
13745.230206,v4l2_dqbuf,0,VIDEO_OUTPUT_MPLANE
13745.243890,v4l2_qbuf,0,VIDEO_OUTPUT_MPLANE
13745.243909,v4l2_qbuf,0,VIDEO_CAPTURE_MPLANE
13745.247053,v4l2_dqbuf,0,VIDEO_CAPTURE_MPLANE
13745.247173,v4l2_dqbuf,0,VIDEO_OUTPUT_MPLANE
13745.260387,v4l2_qbuf,0,VIDEO_OUTPUT_MPLANE
13745.260407,v4l2_qbuf,4,VIDEO_CAPTURE_MPLANE
13745.263503,v4l2_dqbuf,4,VIDEO_CAPTURE_MPLANE
13745.263592,v4l2_dqbuf,0,VIDEO_OUTPUT_MPLANE
13745.277015,v4l2_qbuf,0,VIDEO_OUTPUT_MPLANE
13745.277038,v4l2_qbuf,5,VIDEO_CAPTURE_MPLANE
13745.279297,v4l2_dqbuf,5,VIDEO_CAPTURE_MPLANE
13745.279314,v4l2_dqbuf,0,VIDEO_OUTPUT_MPLANE
13745.293718,v4l2_qbuf,0,VIDEO_OUTPUT_MPLANE
13745.293738,v4l2_qbuf,1,VIDEO_CAPTURE_MPLANE
13745.296914,v4l2_dqbuf,1,VIDEO_CAPTURE_MPLANE
13745.297023,v4l2_dqbuf,0,VIDEO_OUTPUT_MPLANE
13745.310430,v4l2_qbuf,0,VIDEO_OUTPUT_MPLANE
13745.310449,v4l2_qbuf,2,VIDEO_CAPTURE_MPLANE
13745.313609,v4l2_dqbuf,2,VIDEO_CAPTURE_MPLANE
13745.313694,v4l2_dqbuf,0,VIDEO_OUTPUT_MPLANE
13745.327105,v4l2_qbuf,0,VIDEO_OUTPUT_MPLANE
13745.327139,v4l2_qbuf,0,VIDEO_CAPTURE_MPLANE
13745.330508,v4l2_dqbuf,0,VIDEO_CAPTURE_MPLANE
13745.330746,v4l2_dqbuf,0,VIDEO_OUTPUT_MPLANE
13745.344502,v4l2_qbuf,0,VIDEO_OUTPUT_MPLANE
13745.344572,v4l2_qbuf,4,VIDEO_CAPTURE_MPLANE
13745.347056,v4l2_dqbuf,4,VIDEO_CAPTURE_MPLANE
13745.347074,v4l2_dqbuf,0,VIDEO_OUTPUT_MPLANE
13745.360588,v4l2_qbuf,0,VIDEO_OUTPUT_MPLANE
13745.360631,v4l2_qbuf,3,VIDEO_CAPTURE_MPLANE
13745.363851,v4l2_dqbuf,3,VIDEO_CAPTURE_MPLANE
13745.364076,v4l2_dqbuf,0,VIDEO_OUTPUT_MPLANE
13745.377127,v4l2_qbuf,0,VIDEO_OUTPUT_MPLANE
13745.377167,v4l2_qbuf,1,VIDEO_CAPTURE_MPLANE
13745.380313,v4l2_dqbuf,1,VIDEO_CAPTURE_MPLANE
13745.380399,v4l2_dqbuf,0,VIDEO_OUTPUT_MPLANE
13745.394420,v4l2_qbuf,0,VIDEO_OUTPUT_MPLANE
13745.394439,v4l2_qbuf,2,VIDEO_CAPTURE_MPLANE
13745.397474,v4l2_dqbuf,2,VIDEO_CAPTURE_MPLANE
13745.397551,v4l2_dqbuf,0,VIDEO_OUTPUT_MPLANE
13745.410151,v4l2_qbuf,0,VIDEO_OUTPUT_MPLANE
13745.410166,v4l2_qbuf,0,VIDEO_CAPTURE_MPLANE
13745.412356,v4l2_dqbuf,0,VIDEO_CAPTURE_MPLANE
13745.412367,v4l2_dqbuf,0,VIDEO_OUTPUT_MPLANE
13745.427154,v4l2_qbuf,0,VIDEO_OUTPUT_MPLANE
13745.427170,v4l2_qbuf,5,VIDEO_CAPTURE_MPLANE
13745.434092,v4l2_dqbuf,5,VIDEO_CAPTURE_MPLANE
13745.434287,v4l2_dqbuf,0,VIDEO_OUTPUT_MPLANE
13745.443483,v4l2_qbuf,0,VIDEO_OUTPUT_MPLANE
13745.443504,v4l2_qbuf,3,VIDEO_CAPTURE_MPLANE
13745.447183,v4l2_dqbuf,3,VIDEO_CAPTURE_MPLANE
13745.447283,v4l2_dqbuf,0,VIDEO_OUTPUT_MPLANE
13745.459937,v4l2_qbuf,0,VIDEO_OUTPUT_MPLANE
13745.459956,v4l2_qbuf,1,VIDEO_CAPTURE_MPLANE
13745.463121,v4l2_dqbuf,1,VIDEO_CAPTURE_MPLANE
13745.463214,v4l2_dqbuf,0,VIDEO_OUTPUT_MPLANE
13745.476878,v4l2_qbuf,0,VIDEO_OUTPUT_MPLANE
13745.476898,v4l2_qbuf,2,VIDEO_CAPTURE_MPLANE
13745.478951,v4l2_dqbuf,2,VIDEO_CAPTURE_MPLANE
13745.478965,v4l2_dqbuf,0,VIDEO_OUTPUT_MPLANE
13745.493468,v4l2_qbuf,0,VIDEO_OUTPUT_MPLANE
13745.493497,v4l2_qbuf,4,VIDEO_CAPTURE_MPLANE
13745.496746,v4l2_dqbuf,4,VIDEO_CAPTURE_MPLANE
13745.496835,v4l2_dqbuf,0,VIDEO_OUTPUT_MPLANE
13745.510168,v4l2_qbuf,0,VIDEO_OUTPUT_MPLANE
13745.510200,v4l2_qbuf,5,VIDEO_CAPTURE_MPLANE
13745.513507,v4l2_dqbuf,5,VIDEO_CAPTURE_MPLANE
13745.513662,v4l2_dqbuf,0,VIDEO_OUTPUT_MPLANE
13745.527423,v4l2_qbuf,0,VIDEO_OUTPUT_MPLANE
13745.527451,v4l2_qbuf,3,VIDEO_CAPTURE_MPLANE
13745.530530,v4l2_dqbuf,3,VIDEO_CAPTURE_MPLANE
13745.530647,v4l2_dqbuf,0,VIDEO_OUTPUT_MPLANE
13745.543786,v4l2_qbuf,0,VIDEO_OUTPUT_MPLANE
13745.543813,v4l2_qbuf,1,VIDEO_CAPTURE_MPLANE
13745.546856,v4l2_dqbuf,1,VIDEO_CAPTURE_MPLANE
13745.546876,v4l2_dqbuf,0,VIDEO_OUTPUT_MPLANE
13745.561613,v4l2_qbuf,0,VIDEO_OUTPUT_MPLANE
13745.561629,v4l2_qbuf,0,VIDEO_CAPTURE_MPLANE
13745.564793,v4l2_dqbuf,0,VIDEO_CAPTURE_MPLANE
13745.564875,v4l2_dqbuf,0,VIDEO_OUTPUT_MPLANE
13745.576869,v4l2_qbuf,0,VIDEO_OUTPUT_MPLANE
13745.576885,v4l2_qbuf,4,VIDEO_CAPTURE_MPLANE
13745.579919,v4l2_dqbuf,4,VIDEO_CAPTURE_MPLANE
13745.579983,v4l2_dqbuf,0,VIDEO_OUTPUT_MPLANE
13745.593794,v4l2_qbuf,0,VIDEO_OUTPUT_MPLANE
13745.593828,v4l2_qbuf,5,VIDEO_CAPTURE_MPLANE
13745.597082,v4l2_dqbuf,5,VIDEO_CAPTURE_MPLANE
13745.597183,v4l2_dqbuf,0,VIDEO_OUTPUT_MPLANE
13745.610341,v4l2_qbuf,0,VIDEO_OUTPUT_MPLANE
13745.610360,v4l2_qbuf,3,VIDEO_CAPTURE_MPLANE
13745.612662,v4l2_dqbuf,3,VIDEO_CAPTURE_MPLANE
13745.612678,v4l2_dqbuf,0,VIDEO_OUTPUT_MPLANE
13745.627219,v4l2_qbuf,0,VIDEO_OUTPUT_MPLANE
13745.627248,v4l2_qbuf,2,VIDEO_CAPTURE_MPLANE
13745.631846,v4l2_dqbuf,2,VIDEO_CAPTURE_MPLANE
13745.631966,v4l2_dqbuf,0,VIDEO_OUTPUT_MPLANE
13745.643863,v4l2_qbuf,0,VIDEO_OUTPUT_MPLANE
13745.643883,v4l2_qbuf,0,VIDEO_CAPTURE_MPLANE
13745.647145,v4l2_dqbuf,0,VIDEO_CAPTURE_MPLANE
13745.647248,v4l2_dqbuf,0,VIDEO_OUTPUT_MPLANE
13745.660511,v4l2_qbuf,0,VIDEO_OUTPUT_MPLANE
13745.660531,v4l2_qbuf,4,VIDEO_CAPTURE_MPLANE
13745.663536,v4l2_dqbuf,4,VIDEO_CAPTURE_MPLANE
13745.663678,v4l2_dqbuf,0,VIDEO_OUTPUT_MPLANE
13745.677178,v4l2_qbuf,0,VIDEO_OUTPUT_MPLANE
13745.677217,v4l2_qbuf,5,VIDEO_CAPTURE_MPLANE
13745.679445,v4l2_dqbuf,5,VIDEO_CAPTURE_MPLANE
13745.679474,v4l2_dqbuf,0,VIDEO_OUTPUT_MPLANE
13745.694248,v4l2_qbuf,0,VIDEO_OUTPUT_MPLANE
13745.694285,v4l2_qbuf,1,VIDEO_CAPTURE_MPLANE
13745.697644,v4l2_dqbuf,1,VIDEO_CAPTURE_MPLANE
13745.697823,v4l2_dqbuf,0,VIDEO_OUTPUT_MPLANE
13745.710410,v4l2_qbuf,0,VIDEO_OUTPUT_MPLANE
13745.710429,v4l2_qbuf,2,VIDEO_CAPTURE_MPLANE
13745.713510,v4l2_dqbuf,2,VIDEO_CAPTURE_MPLANE
13745.713587,v4l2_dqbuf,0,VIDEO_OUTPUT_MPLANE
13745.726881,v4l2_qbuf,0,VIDEO_OUTPUT_MPLANE
13745.726900,v4l2_qbuf,0,VIDEO_CAPTURE_MPLANE
13745.729979,v4l2_dqbuf,0,VIDEO_CAPTURE_MPLANE
13745.730060,v4l2_dqbuf,0,VIDEO_OUTPUT_MPLANE
13745.743764,v4l2_qbuf,0,VIDEO_OUTPUT_MPLANE
13745.743797,v4l2_qbuf,4,VIDEO_CAPTURE_MPLANE
13745.747429,v4l2_dqbuf,4,VIDEO_CAPTURE_MPLANE
13745.747450,v4l2_dqbuf,0,VIDEO_OUTPUT_MPLANE
13745.760696,v4l2_qbuf,0,VIDEO_OUTPUT_MPLANE
13745.760741,v4l2_qbuf,3,VIDEO_CAPTURE_MPLANE
13745.763963,v4l2_dqbuf,3,VIDEO_CAPTURE_MPLANE
13745.764068,v4l2_dqbuf,0,VIDEO_OUTPUT_MPLANE
13745.777084,v4l2_qbuf,0,VIDEO_OUTPUT_MPLANE
13745.777107,v4l2_qbuf,1,VIDEO_CAPTURE_MPLANE
13745.780124,v4l2_dqbuf,1,VIDEO_CAPTURE_MPLANE
13745.780204,v4l2_dqbuf,0,VIDEO_OUTPUT_MPLANE
13745.793537,v4l2_qbuf,0,VIDEO_OUTPUT_MPLANE
13745.793558,v4l2_qbuf,2,VIDEO_CAPTURE_MPLANE
13745.796654,v4l2_dqbuf,2,VIDEO_CAPTURE_MPLANE
13745.796748,v4l2_dqbuf,0,VIDEO_OUTPUT_MPLANE
13745.810413,v4l2_qbuf,0,VIDEO_OUTPUT_MPLANE
13745.810434,v4l2_qbuf,0,VIDEO_CAPTURE_MPLANE
13745.812589,v4l2_dqbuf,0,VIDEO_CAPTURE_MPLANE
13745.812604,v4l2_dqbuf,0,VIDEO_OUTPUT_MPLANE
13745.827115,v4l2_qbuf,0,VIDEO_OUTPUT_MPLANE
13745.827137,v4l2_qbuf,5,VIDEO_CAPTURE_MPLANE
13745.833229,v4l2_dqbuf,5,VIDEO_CAPTURE_MPLANE
13745.833344,v4l2_dqbuf,0,VIDEO_OUTPUT_MPLANE
13745.843770,v4l2_qbuf,0,VIDEO_OUTPUT_MPLANE
13745.843800,v4l2_qbuf,3,VIDEO_CAPTURE_MPLANE
13745.847014,v4l2_dqbuf,3,VIDEO_CAPTURE_MPLANE
13745.847119,v4l2_dqbuf,0,VIDEO_OUTPUT_MPLANE
13745.860386,v4l2_qbuf,0,VIDEO_OUTPUT_MPLANE
13745.860420,v4l2_qbuf,1,VIDEO_CAPTURE_MPLANE
13745.863628,v4l2_dqbuf,1,VIDEO_CAPTURE_MPLANE
13745.863809,v4l2_dqbuf,0,VIDEO_OUTPUT_MPLANE
13745.876845,v4l2_qbuf,0,VIDEO_OUTPUT_MPLANE
13745.876866,v4l2_qbuf,2,VIDEO_CAPTURE_MPLANE
13745.879042,v4l2_dqbuf,2,VIDEO_CAPTURE_MPLANE
13745.879055,v4l2_dqbuf,0,VIDEO_OUTPUT_MPLANE
13745.893499,v4l2_qbuf,0,VIDEO_OUTPUT_MPLANE
13745.893521,v4l2_qbuf,4,VIDEO_CAPTURE_MPLANE
13745.896654,v4l2_dqbuf,4,VIDEO_CAPTURE_MPLANE
13745.896747,v4l2_dqbuf,0,VIDEO_OUTPUT_MPLANE
13745.910212,v4l2_qbuf,0,VIDEO_OUTPUT_MPLANE
13745.910231,v4l2_qbuf,5,VIDEO_CAPTURE_MPLANE
13745.913414,v4l2_dqbuf,5,VIDEO_CAPTURE_MPLANE
13745.913496,v4l2_dqbuf,0,VIDEO_OUTPUT_MPLANE
13745.926959,v4l2_qbuf,0,VIDEO_OUTPUT_MPLANE
13745.926981,v4l2_qbuf,3,VIDEO_CAPTURE_MPLANE
13745.930741,v4l2_dqbuf,3,VIDEO_CAPTURE_MPLANE
13745.930865,v4l2_dqbuf,0,VIDEO_OUTPUT_MPLANE
13745.945511,v4l2_qbuf,0,VIDEO_OUTPUT_MPLANE
13745.945535,v4l2_qbuf,1,VIDEO_CAPTURE_MPLANE
13745.947787,v4l2_dqbuf,1,VIDEO_CAPTURE_MPLANE
13745.947805,v4l2_dqbuf,0,VIDEO_OUTPUT_MPLANE
13745.960325,v4l2_qbuf,0,VIDEO_OUTPUT_MPLANE
13745.960347,v4l2_qbuf,0,VIDEO_CAPTURE_MPLANE
13745.963428,v4l2_dqbuf,0,VIDEO_CAPTURE_MPLANE
13745.963525,v4l2_dqbuf,0,VIDEO_OUTPUT_MPLANE
13745.977112,v4l2_qbuf,0,VIDEO_OUTPUT_MPLANE
13745.977133,v4l2_qbuf,4,VIDEO_CAPTURE_MPLANE
13745.980298,v4l2_dqbuf,4,VIDEO_CAPTURE_MPLANE
13745.980385,v4l2_dqbuf,0,VIDEO_OUTPUT_MPLANE
13745.994047,v4l2_qbuf,0,VIDEO_OUTPUT_MPLANE
13745.994070,v4l2_qbuf,5,VIDEO_CAPTURE_MPLANE
13745.997168,v4l2_dqbuf,5,VIDEO_CAPTURE_MPLANE
13745.997253,v4l2_dqbuf,0,VIDEO_OUTPUT_MPLANE
13746.010466,v4l2_qbuf,0,VIDEO_OUTPUT_MPLANE
13746.010488,v4l2_qbuf,3,VIDEO_CAPTURE_MPLANE
13746.012779,v4l2_dqbuf,3,VIDEO_CAPTURE_MPLANE
13746.012794,v4l2_dqbuf,0,VIDEO_OUTPUT_MPLANE
13746.027536,v4l2_qbuf,0,VIDEO_OUTPUT_MPLANE
13746.027559,v4l2_qbuf,2,VIDEO_CAPTURE_MPLANE
13746.030780,v4l2_dqbuf,2,VIDEO_CAPTURE_MPLANE
13746.030897,v4l2_dqbuf,0,VIDEO_OUTPUT_MPLANE
13746.043556,v4l2_qbuf,0,VIDEO_OUTPUT_MPLANE
13746.043584,v4l2_qbuf,0,VIDEO_CAPTURE_MPLANE
13746.046815,v4l2_dqbuf,0,VIDEO_CAPTURE_MPLANE
13746.046910,v4l2_dqbuf,0,VIDEO_OUTPUT_MPLANE
13746.060690,v4l2_qbuf,0,VIDEO_OUTPUT_MPLANE
13746.060712,v4l2_qbuf,4,VIDEO_CAPTURE_MPLANE
13746.063843,v4l2_dqbuf,4,VIDEO_CAPTURE_MPLANE
13746.063936,v4l2_dqbuf,0,VIDEO_OUTPUT_MPLANE
13746.077164,v4l2_qbuf,0,VIDEO_OUTPUT_MPLANE
13746.077194,v4l2_qbuf,5,VIDEO_CAPTURE_MPLANE
13746.079375,v4l2_dqbuf,5,VIDEO_CAPTURE_MPLANE
13746.079396,v4l2_dqbuf,0,VIDEO_OUTPUT_MPLANE
13746.093594,v4l2_qbuf,0,VIDEO_OUTPUT_MPLANE
13746.093622,v4l2_qbuf,1,VIDEO_CAPTURE_MPLANE
13746.096926,v4l2_dqbuf,1,VIDEO_CAPTURE_MPLANE
13746.097084,v4l2_dqbuf,0,VIDEO_OUTPUT_MPLANE
13746.110620,v4l2_qbuf,0,VIDEO_OUTPUT_MPLANE
13746.110656,v4l2_qbuf,2,VIDEO_CAPTURE_MPLANE
13746.113842,v4l2_dqbuf,2,VIDEO_CAPTURE_MPLANE
13746.114069,v4l2_dqbuf,0,VIDEO_OUTPUT_MPLANE
13746.130569,v4l2_qbuf,0,VIDEO_OUTPUT_MPLANE
13746.130588,v4l2_qbuf,0,VIDEO_CAPTURE_MPLANE
13746.133756,v4l2_dqbuf,0,VIDEO_CAPTURE_MPLANE
13746.133868,v4l2_dqbuf,0,VIDEO_OUTPUT_MPLANE
13746.143795,v4l2_qbuf,0,VIDEO_OUTPUT_MPLANE
13746.143819,v4l2_qbuf,4,VIDEO_CAPTURE_MPLANE
13746.146234,v4l2_dqbuf,4,VIDEO_CAPTURE_MPLANE
13746.146259,v4l2_dqbuf,0,VIDEO_OUTPUT_MPLANE
13746.160592,v4l2_qbuf,0,VIDEO_OUTPUT_MPLANE
13746.160621,v4l2_qbuf,3,VIDEO_CAPTURE_MPLANE
13746.163871,v4l2_dqbuf,3,VIDEO_CAPTURE_MPLANE
13746.164040,v4l2_dqbuf,0,VIDEO_OUTPUT_MPLANE
13746.177107,v4l2_qbuf,0,VIDEO_OUTPUT_MPLANE
13746.177151,v4l2_qbuf,1,VIDEO_CAPTURE_MPLANE
13746.180503,v4l2_dqbuf,1,VIDEO_CAPTURE_MPLANE
13746.180759,v4l2_dqbuf,0,VIDEO_OUTPUT_MPLANE
13746.194649,v4l2_qbuf,0,VIDEO_OUTPUT_MPLANE
13746.194676,v4l2_qbuf,2,VIDEO_CAPTURE_MPLANE
13746.196822,v4l2_dqbuf,2,VIDEO_CAPTURE_MPLANE
13746.196934,v4l2_dqbuf,0,VIDEO_OUTPUT_MPLANE
13746.210603,v4l2_qbuf,0,VIDEO_OUTPUT_MPLANE
13746.210662,v4l2_qbuf,0,VIDEO_CAPTURE_MPLANE
13746.212917,v4l2_dqbuf,0,VIDEO_CAPTURE_MPLANE
13746.212932,v4l2_dqbuf,0,VIDEO_OUTPUT_MPLANE
13746.227057,v4l2_qbuf,0,VIDEO_OUTPUT_MPLANE
13746.227084,v4l2_qbuf,5,VIDEO_CAPTURE_MPLANE
13746.230354,v4l2_dqbuf,5,VIDEO_CAPTURE_MPLANE
13746.230467,v4l2_dqbuf,0,VIDEO_OUTPUT_MPLANE
13746.243714,v4l2_qbuf,0,VIDEO_OUTPUT_MPLANE
13746.243735,v4l2_qbuf,3,VIDEO_CAPTURE_MPLANE
13746.246973,v4l2_dqbuf,3,VIDEO_CAPTURE_MPLANE
13746.247075,v4l2_dqbuf,0,VIDEO_OUTPUT_MPLANE
13746.260375,v4l2_qbuf,0,VIDEO_OUTPUT_MPLANE
13746.260400,v4l2_qbuf,1,VIDEO_CAPTURE_MPLANE
13746.263555,v4l2_dqbuf,1,VIDEO_CAPTURE_MPLANE
13746.263652,v4l2_dqbuf,0,VIDEO_OUTPUT_MPLANE
13746.276917,v4l2_qbuf,0,VIDEO_OUTPUT_MPLANE
13746.276937,v4l2_qbuf,4,VIDEO_CAPTURE_MPLANE
13746.279020,v4l2_dqbuf,4,VIDEO_CAPTURE_MPLANE
13746.279033,v4l2_dqbuf,0,VIDEO_OUTPUT_MPLANE
13746.293600,v4l2_qbuf,0,VIDEO_OUTPUT_MPLANE
13746.293617,v4l2_qbuf,2,VIDEO_CAPTURE_MPLANE
13746.296893,v4l2_dqbuf,2,VIDEO_CAPTURE_MPLANE
13746.296979,v4l2_dqbuf,0,VIDEO_OUTPUT_MPLANE
13746.310372,v4l2_qbuf,0,VIDEO_OUTPUT_MPLANE
13746.310400,v4l2_qbuf,5,VIDEO_CAPTURE_MPLANE
13746.315153,v4l2_dqbuf,5,VIDEO_CAPTURE_MPLANE
13746.315271,v4l2_dqbuf,0,VIDEO_OUTPUT_MPLANE
13746.326872,v4l2_qbuf,0,VIDEO_OUTPUT_MPLANE
13746.326893,v4l2_qbuf,3,VIDEO_CAPTURE_MPLANE
13746.330228,v4l2_dqbuf,3,VIDEO_CAPTURE_MPLANE
13746.330327,v4l2_dqbuf,0,VIDEO_OUTPUT_MPLANE
13746.343513,v4l2_qbuf,0,VIDEO_OUTPUT_MPLANE
13746.343530,v4l2_qbuf,1,VIDEO_CAPTURE_MPLANE
13746.345806,v4l2_dqbuf,1,VIDEO_CAPTURE_MPLANE
13746.345833,v4l2_dqbuf,0,VIDEO_OUTPUT_MPLANE
13746.360496,v4l2_qbuf,0,VIDEO_OUTPUT_MPLANE
13746.360518,v4l2_qbuf,0,VIDEO_CAPTURE_MPLANE
13746.363697,v4l2_dqbuf,0,VIDEO_CAPTURE_MPLANE
13746.363826,v4l2_dqbuf,0,VIDEO_OUTPUT_MPLANE
13746.376764,v4l2_qbuf,0,VIDEO_OUTPUT_MPLANE
13746.376786,v4l2_qbuf,2,VIDEO_CAPTURE_MPLANE
13746.379959,v4l2_dqbuf,2,VIDEO_CAPTURE_MPLANE
13746.380062,v4l2_dqbuf,0,VIDEO_OUTPUT_MPLANE
13746.393683,v4l2_qbuf,0,VIDEO_OUTPUT_MPLANE
13746.393703,v4l2_qbuf,5,VIDEO_CAPTURE_MPLANE
13746.398490,v4l2_dqbuf,5,VIDEO_CAPTURE_MPLANE
13746.398613,v4l2_dqbuf,0,VIDEO_OUTPUT_MPLANE
13746.410560,v4l2_qbuf,0,VIDEO_OUTPUT_MPLANE
13746.410582,v4l2_qbuf,3,VIDEO_CAPTURE_MPLANE
13746.413643,v4l2_dqbuf,3,VIDEO_CAPTURE_MPLANE
13746.413663,v4l2_dqbuf,0,VIDEO_OUTPUT_MPLANE
13746.427102,v4l2_qbuf,0,VIDEO_OUTPUT_MPLANE
13746.427118,v4l2_qbuf,4,VIDEO_CAPTURE_MPLANE
13746.430291,v4l2_dqbuf,4,VIDEO_CAPTURE_MPLANE
13746.430358,v4l2_dqbuf,0,VIDEO_OUTPUT_MPLANE
13746.443615,v4l2_qbuf,0,VIDEO_OUTPUT_MPLANE
13746.443636,v4l2_qbuf,0,VIDEO_CAPTURE_MPLANE
13746.446870,v4l2_dqbuf,0,VIDEO_CAPTURE_MPLANE
13746.446969,v4l2_dqbuf,0,VIDEO_OUTPUT_MPLANE
13746.460436,v4l2_qbuf,0,VIDEO_OUTPUT_MPLANE
13746.460457,v4l2_qbuf,2,VIDEO_CAPTURE_MPLANE
13746.463596,v4l2_dqbuf,2,VIDEO_CAPTURE_MPLANE
13746.463691,v4l2_dqbuf,0,VIDEO_OUTPUT_MPLANE
13746.476980,v4l2_qbuf,0,VIDEO_OUTPUT_MPLANE
13746.477022,v4l2_qbuf,5,VIDEO_CAPTURE_MPLANE
13746.479350,v4l2_dqbuf,5,VIDEO_CAPTURE_MPLANE
13746.479368,v4l2_dqbuf,0,VIDEO_OUTPUT_MPLANE
13746.493678,v4l2_qbuf,0,VIDEO_OUTPUT_MPLANE
13746.493699,v4l2_qbuf,1,VIDEO_CAPTURE_MPLANE
13746.496834,v4l2_dqbuf,1,VIDEO_CAPTURE_MPLANE
13746.496943,v4l2_dqbuf,0,VIDEO_OUTPUT_MPLANE
13746.510435,v4l2_qbuf,0,VIDEO_OUTPUT_MPLANE
13746.510537,v4l2_qbuf,4,VIDEO_CAPTURE_MPLANE
13746.513759,v4l2_dqbuf,4,VIDEO_CAPTURE_MPLANE
13746.513975,v4l2_dqbuf,0,VIDEO_OUTPUT_MPLANE
13746.526762,v4l2_qbuf,0,VIDEO_OUTPUT_MPLANE
13746.526784,v4l2_qbuf,0,VIDEO_CAPTURE_MPLANE
13746.529980,v4l2_dqbuf,0,VIDEO_CAPTURE_MPLANE
13746.530185,v4l2_dqbuf,0,VIDEO_OUTPUT_MPLANE
13746.543500,v4l2_qbuf,0,VIDEO_OUTPUT_MPLANE
13746.543517,v4l2_qbuf,2,VIDEO_CAPTURE_MPLANE
13746.545563,v4l2_dqbuf,2,VIDEO_CAPTURE_MPLANE
13746.545578,v4l2_dqbuf,0,VIDEO_OUTPUT_MPLANE
13746.560145,v4l2_qbuf,0,VIDEO_OUTPUT_MPLANE
13746.560161,v4l2_qbuf,3,VIDEO_CAPTURE_MPLANE
13746.563320,v4l2_dqbuf,3,VIDEO_CAPTURE_MPLANE
13746.563456,v4l2_dqbuf,0,VIDEO_OUTPUT_MPLANE
13746.577569,v4l2_qbuf,0,VIDEO_OUTPUT_MPLANE
13746.577598,v4l2_qbuf,1,VIDEO_CAPTURE_MPLANE
13746.580708,v4l2_dqbuf,1,VIDEO_CAPTURE_MPLANE
13746.580800,v4l2_dqbuf,0,VIDEO_OUTPUT_MPLANE
13746.593527,v4l2_qbuf,0,VIDEO_OUTPUT_MPLANE
13746.593542,v4l2_qbuf,4,VIDEO_CAPTURE_MPLANE
13746.600100,v4l2_dqbuf,4,VIDEO_CAPTURE_MPLANE
13746.600293,v4l2_dqbuf,0,VIDEO_OUTPUT_MPLANE
13746.610370,v4l2_qbuf,0,VIDEO_OUTPUT_MPLANE
13746.610390,v4l2_qbuf,0,VIDEO_CAPTURE_MPLANE
13746.613422,v4l2_dqbuf,0,VIDEO_CAPTURE_MPLANE
13746.613440,v4l2_dqbuf,0,VIDEO_OUTPUT_MPLANE
13746.629887,v4l2_qbuf,0,VIDEO_OUTPUT_MPLANE
13746.629942,v4l2_qbuf,5,VIDEO_CAPTURE_MPLANE
13746.633143,v4l2_dqbuf,5,VIDEO_CAPTURE_MPLANE
13746.633252,v4l2_dqbuf,0,VIDEO_OUTPUT_MPLANE
13746.643359,v4l2_qbuf,0,VIDEO_OUTPUT_MPLANE
13746.643380,v4l2_qbuf,3,VIDEO_CAPTURE_MPLANE
13746.646384,v4l2_dqbuf,3,VIDEO_CAPTURE_MPLANE
13746.646467,v4l2_dqbuf,0,VIDEO_OUTPUT_MPLANE
13746.660266,v4l2_qbuf,0,VIDEO_OUTPUT_MPLANE
13746.660285,v4l2_qbuf,1,VIDEO_CAPTURE_MPLANE
13746.663423,v4l2_dqbuf,1,VIDEO_CAPTURE_MPLANE
13746.663603,v4l2_dqbuf,0,VIDEO_OUTPUT_MPLANE
13746.677488,v4l2_qbuf,0,VIDEO_OUTPUT_MPLANE
13746.677533,v4l2_qbuf,4,VIDEO_CAPTURE_MPLANE
13746.679870,v4l2_dqbuf,4,VIDEO_CAPTURE_MPLANE
13746.679897,v4l2_dqbuf,0,VIDEO_OUTPUT_MPLANE
13746.693793,v4l2_qbuf,0,VIDEO_OUTPUT_MPLANE
13746.693814,v4l2_qbuf,2,VIDEO_CAPTURE_MPLANE
13746.696958,v4l2_dqbuf,2,VIDEO_CAPTURE_MPLANE
13746.697132,v4l2_dqbuf,0,VIDEO_OUTPUT_MPLANE
13746.710468,v4l2_qbuf,0,VIDEO_OUTPUT_MPLANE
13746.710501,v4l2_qbuf,5,VIDEO_CAPTURE_MPLANE
13746.713921,v4l2_dqbuf,5,VIDEO_CAPTURE_MPLANE
13746.714052,v4l2_dqbuf,0,VIDEO_OUTPUT_MPLANE
13746.726964,v4l2_qbuf,0,VIDEO_OUTPUT_MPLANE
13746.726991,v4l2_qbuf,3,VIDEO_CAPTURE_MPLANE
13746.729085,v4l2_dqbuf,3,VIDEO_CAPTURE_MPLANE
13746.729099,v4l2_dqbuf,0,VIDEO_OUTPUT_MPLANE
13746.743649,v4l2_qbuf,0,VIDEO_OUTPUT_MPLANE
13746.743676,v4l2_qbuf,1,VIDEO_CAPTURE_MPLANE
13746.747870,v4l2_dqbuf,1,VIDEO_CAPTURE_MPLANE
13746.747996,v4l2_dqbuf,0,VIDEO_OUTPUT_MPLANE
13746.761168,v4l2_qbuf,0,VIDEO_OUTPUT_MPLANE
13746.761191,v4l2_qbuf,0,VIDEO_CAPTURE_MPLANE
13746.763422,v4l2_dqbuf,0,VIDEO_CAPTURE_MPLANE
13746.763437,v4l2_dqbuf,0,VIDEO_OUTPUT_MPLANE
13746.776687,v4l2_qbuf,0,VIDEO_OUTPUT_MPLANE
13746.776708,v4l2_qbuf,2,VIDEO_CAPTURE_MPLANE
13746.780031,v4l2_dqbuf,2,VIDEO_CAPTURE_MPLANE
13746.780129,v4l2_dqbuf,0,VIDEO_OUTPUT_MPLANE
13746.793738,v4l2_qbuf,0,VIDEO_OUTPUT_MPLANE
13746.793758,v4l2_qbuf,5,VIDEO_CAPTURE_MPLANE
13746.796805,v4l2_dqbuf,5,VIDEO_CAPTURE_MPLANE
13746.796890,v4l2_dqbuf,0,VIDEO_OUTPUT_MPLANE
13746.810677,v4l2_qbuf,0,VIDEO_OUTPUT_MPLANE
13746.810695,v4l2_qbuf,4,VIDEO_CAPTURE_MPLANE
13746.813788,v4l2_dqbuf,4,VIDEO_CAPTURE_MPLANE
13746.813888,v4l2_dqbuf,0,VIDEO_OUTPUT_MPLANE
13746.826605,v4l2_qbuf,0,VIDEO_OUTPUT_MPLANE
13746.826624,v4l2_qbuf,1,VIDEO_CAPTURE_MPLANE
13746.828831,v4l2_dqbuf,1,VIDEO_CAPTURE_MPLANE
13746.828845,v4l2_dqbuf,0,VIDEO_OUTPUT_MPLANE
13746.843624,v4l2_qbuf,0,VIDEO_OUTPUT_MPLANE
13746.843645,v4l2_qbuf,3,VIDEO_CAPTURE_MPLANE
13746.846739,v4l2_dqbuf,3,VIDEO_CAPTURE_MPLANE
13746.846839,v4l2_dqbuf,0,VIDEO_OUTPUT_MPLANE
13746.860021,v4l2_qbuf,0,VIDEO_OUTPUT_MPLANE
13746.860093,v4l2_qbuf,2,VIDEO_CAPTURE_MPLANE
13746.863355,v4l2_dqbuf,2,VIDEO_CAPTURE_MPLANE
13746.863547,v4l2_dqbuf,0,VIDEO_OUTPUT_MPLANE
13746.876827,v4l2_qbuf,0,VIDEO_OUTPUT_MPLANE
13746.876898,v4l2_qbuf,5,VIDEO_CAPTURE_MPLANE
13746.879301,v4l2_dqbuf,5,VIDEO_CAPTURE_MPLANE
13746.879331,v4l2_dqbuf,0,VIDEO_OUTPUT_MPLANE
13746.893708,v4l2_qbuf,0,VIDEO_OUTPUT_MPLANE
13746.893730,v4l2_qbuf,4,VIDEO_CAPTURE_MPLANE
13746.896930,v4l2_dqbuf,4,VIDEO_CAPTURE_MPLANE
13746.897025,v4l2_dqbuf,0,VIDEO_OUTPUT_MPLANE
13746.910862,v4l2_qbuf,0,VIDEO_OUTPUT_MPLANE
13746.910883,v4l2_qbuf,0,VIDEO_CAPTURE_MPLANE
13746.914135,v4l2_dqbuf,0,VIDEO_CAPTURE_MPLANE
13746.914334,v4l2_dqbuf,0,VIDEO_OUTPUT_MPLANE
13746.927179,v4l2_qbuf,0,VIDEO_OUTPUT_MPLANE
13746.927210,v4l2_qbuf,3,VIDEO_CAPTURE_MPLANE
13746.932158,v4l2_dqbuf,3,VIDEO_CAPTURE_MPLANE
13746.932276,v4l2_dqbuf,0,VIDEO_OUTPUT_MPLANE
13746.945644,v4l2_qbuf,0,VIDEO_OUTPUT_MPLANE
13746.945667,v4l2_qbuf,2,VIDEO_CAPTURE_MPLANE
13746.947975,v4l2_dqbuf,2,VIDEO_CAPTURE_MPLANE
13746.948027,v4l2_dqbuf,0,VIDEO_OUTPUT_MPLANE
13746.960437,v4l2_qbuf,0,VIDEO_OUTPUT_MPLANE
13746.960458,v4l2_qbuf,1,VIDEO_CAPTURE_MPLANE
13746.963593,v4l2_dqbuf,1,VIDEO_CAPTURE_MPLANE
13746.963748,v4l2_dqbuf,0,VIDEO_OUTPUT_MPLANE
13746.976998,v4l2_qbuf,0,VIDEO_OUTPUT_MPLANE
13746.977038,v4l2_qbuf,4,VIDEO_CAPTURE_MPLANE
13746.980348,v4l2_dqbuf,4,VIDEO_CAPTURE_MPLANE
13746.980535,v4l2_dqbuf,0,VIDEO_OUTPUT_MPLANE
13746.993848,v4l2_qbuf,0,VIDEO_OUTPUT_MPLANE
13746.993892,v4l2_qbuf,0,VIDEO_CAPTURE_MPLANE
13746.996214,v4l2_dqbuf,0,VIDEO_CAPTURE_MPLANE
13746.996239,v4l2_dqbuf,0,VIDEO_OUTPUT_MPLANE
13747.010417,v4l2_qbuf,0,VIDEO_OUTPUT_MPLANE
13747.010451,v4l2_qbuf,3,VIDEO_CAPTURE_MPLANE
13747.015566,v4l2_dqbuf,3,VIDEO_CAPTURE_MPLANE
13747.015681,v4l2_dqbuf,0,VIDEO_OUTPUT_MPLANE
13747.026892,v4l2_qbuf,0,VIDEO_OUTPUT_MPLANE
13747.026918,v4l2_qbuf,5,VIDEO_CAPTURE_MPLANE
13747.030484,v4l2_dqbuf,5,VIDEO_CAPTURE_MPLANE
13747.030613,v4l2_dqbuf,0,VIDEO_OUTPUT_MPLANE
13747.044435,v4l2_qbuf,0,VIDEO_OUTPUT_MPLANE
13747.044463,v4l2_qbuf,1,VIDEO_CAPTURE_MPLANE
13747.047530,v4l2_dqbuf,1,VIDEO_CAPTURE_MPLANE
13747.047626,v4l2_dqbuf,0,VIDEO_OUTPUT_MPLANE
13747.060282,v4l2_qbuf,0,VIDEO_OUTPUT_MPLANE
13747.060300,v4l2_qbuf,4,VIDEO_CAPTURE_MPLANE
13747.062477,v4l2_dqbuf,4,VIDEO_CAPTURE_MPLANE
13747.062489,v4l2_dqbuf,0,VIDEO_OUTPUT_MPLANE
13747.076865,v4l2_qbuf,0,VIDEO_OUTPUT_MPLANE
13747.076886,v4l2_qbuf,2,VIDEO_CAPTURE_MPLANE
13747.080188,v4l2_dqbuf,2,VIDEO_CAPTURE_MPLANE
13747.080303,v4l2_dqbuf,0,VIDEO_OUTPUT_MPLANE
13747.093734,v4l2_qbuf,0,VIDEO_OUTPUT_MPLANE
13747.093766,v4l2_qbuf,3,VIDEO_CAPTURE_MPLANE
13747.097040,v4l2_dqbuf,3,VIDEO_CAPTURE_MPLANE
13747.097139,v4l2_dqbuf,0,VIDEO_OUTPUT_MPLANE
13747.110638,v4l2_qbuf,0,VIDEO_OUTPUT_MPLANE
13747.110680,v4l2_qbuf,5,VIDEO_CAPTURE_MPLANE
13747.113077,v4l2_dqbuf,5,VIDEO_CAPTURE_MPLANE
13747.113102,v4l2_dqbuf,0,VIDEO_OUTPUT_MPLANE
13747.127172,v4l2_qbuf,0,VIDEO_OUTPUT_MPLANE
13747.127202,v4l2_qbuf,1,VIDEO_CAPTURE_MPLANE
13747.132098,v4l2_dqbuf,1,VIDEO_CAPTURE_MPLANE
13747.132272,v4l2_dqbuf,0,VIDEO_OUTPUT_MPLANE
13747.146057,v4l2_qbuf,0,VIDEO_OUTPUT_MPLANE
13747.146079,v4l2_qbuf,0,VIDEO_CAPTURE_MPLANE
13747.149263,v4l2_dqbuf,0,VIDEO_CAPTURE_MPLANE
13747.149361,v4l2_dqbuf,0,VIDEO_OUTPUT_MPLANE
13747.160398,v4l2_qbuf,0,VIDEO_OUTPUT_MPLANE
13747.160424,v4l2_qbuf,2,VIDEO_CAPTURE_MPLANE
13747.162641,v4l2_dqbuf,2,VIDEO_CAPTURE_MPLANE
13747.162660,v4l2_dqbuf,0,VIDEO_OUTPUT_MPLANE
13747.177053,v4l2_qbuf,0,VIDEO_OUTPUT_MPLANE
13747.177077,v4l2_qbuf,3,VIDEO_CAPTURE_MPLANE
13747.180339,v4l2_dqbuf,3,VIDEO_CAPTURE_MPLANE
13747.180533,v4l2_dqbuf,0,VIDEO_OUTPUT_MPLANE
13747.193765,v4l2_qbuf,0,VIDEO_OUTPUT_MPLANE
13747.193800,v4l2_qbuf,4,VIDEO_CAPTURE_MPLANE
13747.195774,v4l2_dqbuf,4,VIDEO_CAPTURE_MPLANE
13747.195787,v4l2_dqbuf,0,VIDEO_OUTPUT_MPLANE
13747.210958,v4l2_qbuf,0,VIDEO_OUTPUT_MPLANE
13747.211077,v4l2_qbuf,1,VIDEO_CAPTURE_MPLANE
13747.213136,v4l2_dqbuf,1,VIDEO_CAPTURE_MPLANE
13747.213156,v4l2_dqbuf,0,VIDEO_OUTPUT_MPLANE
13747.227194,v4l2_qbuf,0,VIDEO_OUTPUT_MPLANE
13747.227228,v4l2_qbuf,0,VIDEO_CAPTURE_MPLANE
13747.230367,v4l2_dqbuf,0,VIDEO_CAPTURE_MPLANE
13747.230484,v4l2_dqbuf,0,VIDEO_OUTPUT_MPLANE
13747.243868,v4l2_qbuf,0,VIDEO_OUTPUT_MPLANE
13747.243914,v4l2_qbuf,5,VIDEO_CAPTURE_MPLANE
13747.246872,v4l2_dqbuf,5,VIDEO_CAPTURE_MPLANE
13747.246953,v4l2_dqbuf,0,VIDEO_OUTPUT_MPLANE
13747.260476,v4l2_qbuf,0,VIDEO_OUTPUT_MPLANE
13747.260498,v4l2_qbuf,3,VIDEO_CAPTURE_MPLANE
13747.263687,v4l2_dqbuf,3,VIDEO_CAPTURE_MPLANE
13747.263786,v4l2_dqbuf,0,VIDEO_OUTPUT_MPLANE
13747.277301,v4l2_qbuf,0,VIDEO_OUTPUT_MPLANE
13747.277345,v4l2_qbuf,2,VIDEO_CAPTURE_MPLANE
13747.279705,v4l2_dqbuf,2,VIDEO_CAPTURE_MPLANE
13747.279729,v4l2_dqbuf,0,VIDEO_OUTPUT_MPLANE
13747.293782,v4l2_qbuf,0,VIDEO_OUTPUT_MPLANE
13747.293814,v4l2_qbuf,4,VIDEO_CAPTURE_MPLANE
13747.297041,v4l2_dqbuf,4,VIDEO_CAPTURE_MPLANE
13747.297178,v4l2_dqbuf,0,VIDEO_OUTPUT_MPLANE
13747.310392,v4l2_qbuf,0,VIDEO_OUTPUT_MPLANE
13747.310414,v4l2_qbuf,0,VIDEO_CAPTURE_MPLANE
13747.313604,v4l2_dqbuf,0,VIDEO_CAPTURE_MPLANE
13747.313708,v4l2_dqbuf,0,VIDEO_OUTPUT_MPLANE
13747.327365,v4l2_qbuf,0,VIDEO_OUTPUT_MPLANE
13747.327388,v4l2_qbuf,5,VIDEO_CAPTURE_MPLANE
13747.330659,v4l2_dqbuf,5,VIDEO_CAPTURE_MPLANE
13747.330755,v4l2_dqbuf,0,VIDEO_OUTPUT_MPLANE
13747.343567,v4l2_qbuf,0,VIDEO_OUTPUT_MPLANE
13747.343585,v4l2_qbuf,3,VIDEO_CAPTURE_MPLANE
13747.346104,v4l2_dqbuf,3,VIDEO_CAPTURE_MPLANE
13747.346133,v4l2_dqbuf,0,VIDEO_OUTPUT_MPLANE
13747.360329,v4l2_qbuf,0,VIDEO_OUTPUT_MPLANE
13747.360356,v4l2_qbuf,1,VIDEO_CAPTURE_MPLANE
13747.363544,v4l2_dqbuf,1,VIDEO_CAPTURE_MPLANE
13747.363690,v4l2_dqbuf,0,VIDEO_OUTPUT_MPLANE
13747.378240,v4l2_qbuf,0,VIDEO_OUTPUT_MPLANE
13747.378280,v4l2_qbuf,4,VIDEO_CAPTURE_MPLANE
13747.382303,v4l2_dqbuf,4,VIDEO_CAPTURE_MPLANE
13747.382405,v4l2_dqbuf,0,VIDEO_OUTPUT_MPLANE
13747.393474,v4l2_qbuf,0,VIDEO_OUTPUT_MPLANE
13747.393494,v4l2_qbuf,0,VIDEO_CAPTURE_MPLANE
13747.395596,v4l2_dqbuf,0,VIDEO_CAPTURE_MPLANE
13747.395606,v4l2_dqbuf,0,VIDEO_OUTPUT_MPLANE
13747.410320,v4l2_qbuf,0,VIDEO_OUTPUT_MPLANE
13747.410353,v4l2_qbuf,5,VIDEO_CAPTURE_MPLANE
13747.413702,v4l2_dqbuf,5,VIDEO_CAPTURE_MPLANE
13747.413867,v4l2_dqbuf,0,VIDEO_OUTPUT_MPLANE
13747.427143,v4l2_qbuf,0,VIDEO_OUTPUT_MPLANE
13747.427179,v4l2_qbuf,2,VIDEO_CAPTURE_MPLANE
13747.429375,v4l2_dqbuf,2,VIDEO_CAPTURE_MPLANE
13747.429395,v4l2_dqbuf,0,VIDEO_OUTPUT_MPLANE
13747.443715,v4l2_qbuf,0,VIDEO_OUTPUT_MPLANE
13747.443735,v4l2_qbuf,1,VIDEO_CAPTURE_MPLANE
13747.446938,v4l2_dqbuf,1,VIDEO_CAPTURE_MPLANE
13747.447085,v4l2_dqbuf,0,VIDEO_OUTPUT_MPLANE
13747.460477,v4l2_qbuf,0,VIDEO_OUTPUT_MPLANE
13747.460498,v4l2_qbuf,4,VIDEO_CAPTURE_MPLANE
13747.463698,v4l2_dqbuf,4,VIDEO_CAPTURE_MPLANE
13747.463808,v4l2_dqbuf,0,VIDEO_OUTPUT_MPLANE
13747.477045,v4l2_qbuf,0,VIDEO_OUTPUT_MPLANE
13747.477067,v4l2_qbuf,3,VIDEO_CAPTURE_MPLANE
13747.483150,v4l2_dqbuf,3,VIDEO_CAPTURE_MPLANE
13747.483270,v4l2_dqbuf,0,VIDEO_OUTPUT_MPLANE
13747.493644,v4l2_qbuf,0,VIDEO_OUTPUT_MPLANE
13747.493664,v4l2_qbuf,5,VIDEO_CAPTURE_MPLANE
13747.496024,v4l2_dqbuf,5,VIDEO_CAPTURE_MPLANE
13747.496141,v4l2_dqbuf,0,VIDEO_OUTPUT_MPLANE
13747.510311,v4l2_qbuf,0,VIDEO_OUTPUT_MPLANE
13747.510435,v4l2_qbuf,0,VIDEO_CAPTURE_MPLANE
13747.513527,v4l2_dqbuf,0,VIDEO_CAPTURE_MPLANE
13747.513678,v4l2_dqbuf,0,VIDEO_OUTPUT_MPLANE
13747.527185,v4l2_qbuf,0,VIDEO_OUTPUT_MPLANE
13747.527206,v4l2_qbuf,1,VIDEO_CAPTURE_MPLANE
13747.530462,v4l2_dqbuf,1,VIDEO_CAPTURE_MPLANE
13747.530572,v4l2_dqbuf,0,VIDEO_OUTPUT_MPLANE
13747.543898,v4l2_qbuf,0,VIDEO_OUTPUT_MPLANE
13747.543931,v4l2_qbuf,4,VIDEO_CAPTURE_MPLANE
13747.546951,v4l2_dqbuf,4,VIDEO_CAPTURE_MPLANE
13747.547051,v4l2_dqbuf,0,VIDEO_OUTPUT_MPLANE
13747.560728,v4l2_qbuf,0,VIDEO_OUTPUT_MPLANE
13747.560768,v4l2_qbuf,3,VIDEO_CAPTURE_MPLANE
13747.563178,v4l2_dqbuf,3,VIDEO_CAPTURE_MPLANE
13747.563194,v4l2_dqbuf,0,VIDEO_OUTPUT_MPLANE
13747.576899,v4l2_qbuf,0,VIDEO_OUTPUT_MPLANE
13747.576918,v4l2_qbuf,2,VIDEO_CAPTURE_MPLANE
13747.581930,v4l2_dqbuf,2,VIDEO_CAPTURE_MPLANE
13747.582164,v4l2_dqbuf,0,VIDEO_OUTPUT_MPLANE
13747.593589,v4l2_qbuf,0,VIDEO_OUTPUT_MPLANE
13747.593609,v4l2_qbuf,0,VIDEO_CAPTURE_MPLANE
13747.596921,v4l2_dqbuf,0,VIDEO_CAPTURE_MPLANE
13747.597067,v4l2_dqbuf,0,VIDEO_OUTPUT_MPLANE
13747.610323,v4l2_qbuf,0,VIDEO_OUTPUT_MPLANE
13747.610361,v4l2_qbuf,1,VIDEO_CAPTURE_MPLANE
13747.613465,v4l2_dqbuf,1,VIDEO_CAPTURE_MPLANE
13747.613604,v4l2_dqbuf,0,VIDEO_OUTPUT_MPLANE
13747.627069,v4l2_qbuf,0,VIDEO_OUTPUT_MPLANE
13747.627090,v4l2_qbuf,4,VIDEO_CAPTURE_MPLANE
13747.629284,v4l2_dqbuf,4,VIDEO_CAPTURE_MPLANE
13747.629305,v4l2_dqbuf,0,VIDEO_OUTPUT_MPLANE
13747.643945,v4l2_qbuf,0,VIDEO_OUTPUT_MPLANE
13747.643975,v4l2_qbuf,5,VIDEO_CAPTURE_MPLANE
13747.647281,v4l2_dqbuf,5,VIDEO_CAPTURE_MPLANE
13747.647459,v4l2_dqbuf,0,VIDEO_OUTPUT_MPLANE
13747.660286,v4l2_qbuf,0,VIDEO_OUTPUT_MPLANE
13747.660316,v4l2_qbuf,2,VIDEO_CAPTURE_MPLANE
13747.663444,v4l2_dqbuf,2,VIDEO_CAPTURE_MPLANE
13747.663598,v4l2_dqbuf,0,VIDEO_OUTPUT_MPLANE
13747.676848,v4l2_qbuf,0,VIDEO_OUTPUT_MPLANE
13747.676866,v4l2_qbuf,0,VIDEO_CAPTURE_MPLANE
13747.679956,v4l2_dqbuf,0,VIDEO_CAPTURE_MPLANE
13747.680030,v4l2_dqbuf,0,VIDEO_OUTPUT_MPLANE
13747.693621,v4l2_qbuf,0,VIDEO_OUTPUT_MPLANE
13747.693658,v4l2_qbuf,1,VIDEO_CAPTURE_MPLANE
13747.697533,v4l2_dqbuf,1,VIDEO_CAPTURE_MPLANE
13747.697553,v4l2_dqbuf,0,VIDEO_OUTPUT_MPLANE
13747.710227,v4l2_qbuf,0,VIDEO_OUTPUT_MPLANE
13747.710243,v4l2_qbuf,3,VIDEO_CAPTURE_MPLANE
13747.713631,v4l2_dqbuf,3,VIDEO_CAPTURE_MPLANE
13747.713866,v4l2_dqbuf,0,VIDEO_OUTPUT_MPLANE
13747.726615,v4l2_qbuf,0,VIDEO_OUTPUT_MPLANE
13747.726642,v4l2_qbuf,5,VIDEO_CAPTURE_MPLANE
13747.729640,v4l2_dqbuf,5,VIDEO_CAPTURE_MPLANE
13747.729775,v4l2_dqbuf,0,VIDEO_OUTPUT_MPLANE
13747.743308,v4l2_qbuf,0,VIDEO_OUTPUT_MPLANE
13747.743324,v4l2_qbuf,2,VIDEO_CAPTURE_MPLANE
13747.746400,v4l2_dqbuf,2,VIDEO_CAPTURE_MPLANE
13747.746473,v4l2_dqbuf,0,VIDEO_OUTPUT_MPLANE
13747.759972,v4l2_qbuf,0,VIDEO_OUTPUT_MPLANE
13747.760000,v4l2_qbuf,0,VIDEO_CAPTURE_MPLANE
13747.762229,v4l2_dqbuf,0,VIDEO_CAPTURE_MPLANE
13747.762244,v4l2_dqbuf,0,VIDEO_OUTPUT_MPLANE
13747.776953,v4l2_qbuf,0,VIDEO_OUTPUT_MPLANE
13747.776991,v4l2_qbuf,4,VIDEO_CAPTURE_MPLANE
13747.780133,v4l2_dqbuf,4,VIDEO_CAPTURE_MPLANE
13747.780224,v4l2_dqbuf,0,VIDEO_OUTPUT_MPLANE
13747.793564,v4l2_qbuf,0,VIDEO_OUTPUT_MPLANE
13747.793595,v4l2_qbuf,3,VIDEO_CAPTURE_MPLANE
13747.796902,v4l2_dqbuf,3,VIDEO_CAPTURE_MPLANE
13747.797019,v4l2_dqbuf,0,VIDEO_OUTPUT_MPLANE
13747.811879,v4l2_qbuf,0,VIDEO_OUTPUT_MPLANE
13747.811926,v4l2_qbuf,5,VIDEO_CAPTURE_MPLANE
13747.815189,v4l2_dqbuf,5,VIDEO_CAPTURE_MPLANE
13747.815294,v4l2_dqbuf,0,VIDEO_OUTPUT_MPLANE
13747.826707,v4l2_qbuf,0,VIDEO_OUTPUT_MPLANE
13747.826729,v4l2_qbuf,2,VIDEO_CAPTURE_MPLANE
13747.828888,v4l2_dqbuf,2,VIDEO_CAPTURE_MPLANE
13747.828903,v4l2_dqbuf,0,VIDEO_OUTPUT_MPLANE
13747.843830,v4l2_qbuf,0,VIDEO_OUTPUT_MPLANE
13747.843936,v4l2_qbuf,1,VIDEO_CAPTURE_MPLANE
13747.847225,v4l2_dqbuf,1,VIDEO_CAPTURE_MPLANE
13747.847326,v4l2_dqbuf,0,VIDEO_OUTPUT_MPLANE
13747.860714,v4l2_qbuf,0,VIDEO_OUTPUT_MPLANE
13747.860815,v4l2_qbuf,4,VIDEO_CAPTURE_MPLANE
13747.863969,v4l2_dqbuf,4,VIDEO_CAPTURE_MPLANE
13747.864139,v4l2_dqbuf,0,VIDEO_OUTPUT_MPLANE
13747.877384,v4l2_qbuf,0,VIDEO_OUTPUT_MPLANE
13747.877428,v4l2_qbuf,3,VIDEO_CAPTURE_MPLANE
13747.880654,v4l2_dqbuf,3,VIDEO_CAPTURE_MPLANE
13747.880867,v4l2_dqbuf,0,VIDEO_OUTPUT_MPLANE
13747.894042,v4l2_qbuf,0,VIDEO_OUTPUT_MPLANE
13747.894084,v4l2_qbuf,5,VIDEO_CAPTURE_MPLANE
13747.896330,v4l2_dqbuf,5,VIDEO_CAPTURE_MPLANE
13747.896342,v4l2_dqbuf,0,VIDEO_OUTPUT_MPLANE
13747.910479,v4l2_qbuf,0,VIDEO_OUTPUT_MPLANE
13747.910501,v4l2_qbuf,0,VIDEO_CAPTURE_MPLANE
13747.915123,v4l2_dqbuf,0,VIDEO_CAPTURE_MPLANE
13747.915227,v4l2_dqbuf,0,VIDEO_OUTPUT_MPLANE
13747.927207,v4l2_qbuf,0,VIDEO_OUTPUT_MPLANE
13747.927248,v4l2_qbuf,1,VIDEO_CAPTURE_MPLANE
13747.930345,v4l2_dqbuf,1,VIDEO_CAPTURE_MPLANE
13747.930416,v4l2_dqbuf,0,VIDEO_OUTPUT_MPLANE
13747.943634,v4l2_qbuf,0,VIDEO_OUTPUT_MPLANE
13747.943655,v4l2_qbuf,4,VIDEO_CAPTURE_MPLANE
13747.946715,v4l2_dqbuf,4,VIDEO_CAPTURE_MPLANE
13747.946813,v4l2_dqbuf,0,VIDEO_OUTPUT_MPLANE
13747.960399,v4l2_qbuf,0,VIDEO_OUTPUT_MPLANE
13747.960419,v4l2_qbuf,3,VIDEO_CAPTURE_MPLANE
13747.962614,v4l2_dqbuf,3,VIDEO_CAPTURE_MPLANE
13747.962627,v4l2_dqbuf,0,VIDEO_OUTPUT_MPLANE
13747.976843,v4l2_qbuf,0,VIDEO_OUTPUT_MPLANE
13747.976862,v4l2_qbuf,2,VIDEO_CAPTURE_MPLANE
13747.979949,v4l2_dqbuf,2,VIDEO_CAPTURE_MPLANE
13747.980041,v4l2_dqbuf,0,VIDEO_OUTPUT_MPLANE
13747.993808,v4l2_qbuf,0,VIDEO_OUTPUT_MPLANE
13747.993827,v4l2_qbuf,0,VIDEO_CAPTURE_MPLANE
13747.998153,v4l2_dqbuf,0,VIDEO_CAPTURE_MPLANE
13747.998270,v4l2_dqbuf,0,VIDEO_OUTPUT_MPLANE
13748.012440,v4l2_qbuf,0,VIDEO_OUTPUT_MPLANE
13748.012486,v4l2_qbuf,1,VIDEO_CAPTURE_MPLANE
13748.014737,v4l2_dqbuf,1,VIDEO_CAPTURE_MPLANE
13748.014751,v4l2_dqbuf,0,VIDEO_OUTPUT_MPLANE
13748.026783,v4l2_qbuf,0,VIDEO_OUTPUT_MPLANE
13748.026799,v4l2_qbuf,4,VIDEO_CAPTURE_MPLANE
13748.029861,v4l2_dqbuf,4,VIDEO_CAPTURE_MPLANE
13748.029947,v4l2_dqbuf,0,VIDEO_OUTPUT_MPLANE
13748.043575,v4l2_qbuf,0,VIDEO_OUTPUT_MPLANE
13748.043596,v4l2_qbuf,5,VIDEO_CAPTURE_MPLANE
13748.046778,v4l2_dqbuf,5,VIDEO_CAPTURE_MPLANE
13748.046860,v4l2_dqbuf,0,VIDEO_OUTPUT_MPLANE
13748.060475,v4l2_qbuf,0,VIDEO_OUTPUT_MPLANE
13748.060493,v4l2_qbuf,2,VIDEO_CAPTURE_MPLANE
13748.063618,v4l2_dqbuf,2,VIDEO_CAPTURE_MPLANE
13748.063704,v4l2_dqbuf,0,VIDEO_OUTPUT_MPLANE
13748.077033,v4l2_qbuf,0,VIDEO_OUTPUT_MPLANE
13748.077053,v4l2_qbuf,0,VIDEO_CAPTURE_MPLANE
13748.079249,v4l2_dqbuf,0,VIDEO_CAPTURE_MPLANE
13748.079263,v4l2_dqbuf,0,VIDEO_OUTPUT_MPLANE
13748.093796,v4l2_qbuf,0,VIDEO_OUTPUT_MPLANE
13748.093826,v4l2_qbuf,3,VIDEO_CAPTURE_MPLANE
13748.097022,v4l2_dqbuf,3,VIDEO_CAPTURE_MPLANE
13748.097226,v4l2_dqbuf,0,VIDEO_OUTPUT_MPLANE
13748.109981,v4l2_qbuf,0,VIDEO_OUTPUT_MPLANE
13748.110010,v4l2_qbuf,4,VIDEO_CAPTURE_MPLANE
13748.112971,v4l2_dqbuf,4,VIDEO_CAPTURE_MPLANE
13748.113071,v4l2_dqbuf,0,VIDEO_OUTPUT_MPLANE
13748.126766,v4l2_qbuf,0,VIDEO_OUTPUT_MPLANE
13748.126785,v4l2_qbuf,5,VIDEO_CAPTURE_MPLANE
13748.129139,v4l2_dqbuf,5,VIDEO_CAPTURE_MPLANE
13748.129157,v4l2_dqbuf,0,VIDEO_OUTPUT_MPLANE
13748.143513,v4l2_qbuf,0,VIDEO_OUTPUT_MPLANE
13748.143538,v4l2_qbuf,2,VIDEO_CAPTURE_MPLANE
13748.146534,v4l2_dqbuf,2,VIDEO_CAPTURE_MPLANE
13748.146644,v4l2_dqbuf,0,VIDEO_OUTPUT_MPLANE
13748.160396,v4l2_qbuf,0,VIDEO_OUTPUT_MPLANE
13748.160414,v4l2_qbuf,1,VIDEO_CAPTURE_MPLANE
13748.163362,v4l2_dqbuf,1,VIDEO_CAPTURE_MPLANE
13748.163435,v4l2_dqbuf,0,VIDEO_OUTPUT_MPLANE
13748.176809,v4l2_qbuf,0,VIDEO_OUTPUT_MPLANE
13748.176833,v4l2_qbuf,3,VIDEO_CAPTURE_MPLANE
13748.179845,v4l2_dqbuf,3,VIDEO_CAPTURE_MPLANE
13748.179963,v4l2_dqbuf,0,VIDEO_OUTPUT_MPLANE
13748.193692,v4l2_qbuf,0,VIDEO_OUTPUT_MPLANE
13748.193711,v4l2_qbuf,4,VIDEO_CAPTURE_MPLANE
13748.195691,v4l2_dqbuf,4,VIDEO_CAPTURE_MPLANE
13748.195703,v4l2_dqbuf,0,VIDEO_OUTPUT_MPLANE
13748.210178,v4l2_qbuf,0,VIDEO_OUTPUT_MPLANE
13748.210199,v4l2_qbuf,0,VIDEO_CAPTURE_MPLANE
13748.212329,v4l2_dqbuf,0,VIDEO_CAPTURE_MPLANE
13748.212340,v4l2_dqbuf,0,VIDEO_OUTPUT_MPLANE
13748.226962,v4l2_qbuf,0,VIDEO_OUTPUT_MPLANE
13748.226982,v4l2_qbuf,2,VIDEO_CAPTURE_MPLANE
13748.230801,v4l2_dqbuf,2,VIDEO_CAPTURE_MPLANE
13748.230994,v4l2_dqbuf,0,VIDEO_OUTPUT_MPLANE
13748.244089,v4l2_qbuf,0,VIDEO_OUTPUT_MPLANE
13748.244135,v4l2_qbuf,1,VIDEO_CAPTURE_MPLANE
13748.247348,v4l2_dqbuf,1,VIDEO_CAPTURE_MPLANE
13748.247453,v4l2_dqbuf,0,VIDEO_OUTPUT_MPLANE
13748.260284,v4l2_qbuf,0,VIDEO_OUTPUT_MPLANE
13748.260305,v4l2_qbuf,3,VIDEO_CAPTURE_MPLANE
13748.262587,v4l2_dqbuf,3,VIDEO_CAPTURE_MPLANE
13748.262602,v4l2_dqbuf,0,VIDEO_OUTPUT_MPLANE
13748.277126,v4l2_qbuf,0,VIDEO_OUTPUT_MPLANE
13748.277148,v4l2_qbuf,5,VIDEO_CAPTURE_MPLANE
13748.280363,v4l2_dqbuf,5,VIDEO_CAPTURE_MPLANE
13748.280459,v4l2_dqbuf,0,VIDEO_OUTPUT_MPLANE
13748.294034,v4l2_qbuf,0,VIDEO_OUTPUT_MPLANE
13748.294079,v4l2_qbuf,4,VIDEO_CAPTURE_MPLANE
13748.297236,v4l2_dqbuf,4,VIDEO_CAPTURE_MPLANE
13748.297322,v4l2_dqbuf,0,VIDEO_OUTPUT_MPLANE
13748.310607,v4l2_qbuf,0,VIDEO_OUTPUT_MPLANE
13748.310628,v4l2_qbuf,2,VIDEO_CAPTURE_MPLANE
13748.314823,v4l2_dqbuf,2,VIDEO_CAPTURE_MPLANE
13748.314937,v4l2_dqbuf,0,VIDEO_OUTPUT_MPLANE
13748.326820,v4l2_qbuf,0,VIDEO_OUTPUT_MPLANE
13748.326844,v4l2_qbuf,1,VIDEO_CAPTURE_MPLANE
13748.329233,v4l2_dqbuf,1,VIDEO_CAPTURE_MPLANE
13748.329250,v4l2_dqbuf,0,VIDEO_OUTPUT_MPLANE
13748.343529,v4l2_qbuf,0,VIDEO_OUTPUT_MPLANE
13748.343556,v4l2_qbuf,0,VIDEO_CAPTURE_MPLANE
13748.346691,v4l2_dqbuf,0,VIDEO_CAPTURE_MPLANE
13748.346773,v4l2_dqbuf,0,VIDEO_OUTPUT_MPLANE
13748.360237,v4l2_qbuf,0,VIDEO_OUTPUT_MPLANE
13748.360257,v4l2_qbuf,5,VIDEO_CAPTURE_MPLANE
13748.362459,v4l2_dqbuf,5,VIDEO_CAPTURE_MPLANE
13748.362475,v4l2_dqbuf,0,VIDEO_OUTPUT_MPLANE
13748.377203,v4l2_qbuf,0,VIDEO_OUTPUT_MPLANE
13748.377233,v4l2_qbuf,4,VIDEO_CAPTURE_MPLANE
13748.380382,v4l2_dqbuf,4,VIDEO_CAPTURE_MPLANE
13748.380559,v4l2_dqbuf,0,VIDEO_OUTPUT_MPLANE
13748.394248,v4l2_qbuf,0,VIDEO_OUTPUT_MPLANE
13748.394355,v4l2_qbuf,2,VIDEO_CAPTURE_MPLANE
13748.397515,v4l2_dqbuf,2,VIDEO_CAPTURE_MPLANE
13748.397697,v4l2_dqbuf,0,VIDEO_OUTPUT_MPLANE
13748.410900,v4l2_qbuf,0,VIDEO_OUTPUT_MPLANE
13748.410940,v4l2_qbuf,3,VIDEO_CAPTURE_MPLANE
13748.414116,v4l2_dqbuf,3,VIDEO_CAPTURE_MPLANE
13748.414303,v4l2_dqbuf,0,VIDEO_OUTPUT_MPLANE
13748.427451,v4l2_qbuf,0,VIDEO_OUTPUT_MPLANE
13748.427549,v4l2_qbuf,0,VIDEO_CAPTURE_MPLANE
13748.429795,v4l2_dqbuf,0,VIDEO_CAPTURE_MPLANE
13748.429815,v4l2_dqbuf,0,VIDEO_OUTPUT_MPLANE
13748.443581,v4l2_qbuf,0,VIDEO_OUTPUT_MPLANE
13748.443608,v4l2_qbuf,1,VIDEO_CAPTURE_MPLANE
13748.446825,v4l2_dqbuf,1,VIDEO_CAPTURE_MPLANE
13748.446930,v4l2_dqbuf,0,VIDEO_OUTPUT_MPLANE
13748.460371,v4l2_qbuf,0,VIDEO_OUTPUT_MPLANE
13748.460392,v4l2_qbuf,4,VIDEO_CAPTURE_MPLANE
13748.463536,v4l2_dqbuf,4,VIDEO_CAPTURE_MPLANE
13748.463624,v4l2_dqbuf,0,VIDEO_OUTPUT_MPLANE
13748.477087,v4l2_qbuf,0,VIDEO_OUTPUT_MPLANE
13748.477109,v4l2_qbuf,2,VIDEO_CAPTURE_MPLANE
13748.480260,v4l2_dqbuf,2,VIDEO_CAPTURE_MPLANE
13748.480353,v4l2_dqbuf,0,VIDEO_OUTPUT_MPLANE
13748.493747,v4l2_qbuf,0,VIDEO_OUTPUT_MPLANE
13748.493769,v4l2_qbuf,3,VIDEO_CAPTURE_MPLANE
13748.495969,v4l2_dqbuf,3,VIDEO_CAPTURE_MPLANE
13748.495982,v4l2_dqbuf,0,VIDEO_OUTPUT_MPLANE
13748.510609,v4l2_qbuf,0,VIDEO_OUTPUT_MPLANE
13748.510649,v4l2_qbuf,5,VIDEO_CAPTURE_MPLANE
13748.513805,v4l2_dqbuf,5,VIDEO_CAPTURE_MPLANE
13748.513948,v4l2_dqbuf,0,VIDEO_OUTPUT_MPLANE
13748.527377,v4l2_qbuf,0,VIDEO_OUTPUT_MPLANE
13748.527420,v4l2_qbuf,1,VIDEO_CAPTURE_MPLANE
13748.531810,v4l2_dqbuf,1,VIDEO_CAPTURE_MPLANE
13748.531920,v4l2_dqbuf,0,VIDEO_OUTPUT_MPLANE
13748.544166,v4l2_qbuf,0,VIDEO_OUTPUT_MPLANE
13748.544188,v4l2_qbuf,4,VIDEO_CAPTURE_MPLANE
13748.547327,v4l2_dqbuf,4,VIDEO_CAPTURE_MPLANE
13748.547436,v4l2_dqbuf,0,VIDEO_OUTPUT_MPLANE
13748.560300,v4l2_qbuf,0,VIDEO_OUTPUT_MPLANE
13748.560331,v4l2_qbuf,2,VIDEO_CAPTURE_MPLANE
13748.562491,v4l2_dqbuf,2,VIDEO_CAPTURE_MPLANE
13748.562511,v4l2_dqbuf,0,VIDEO_OUTPUT_MPLANE
13748.577298,v4l2_qbuf,0,VIDEO_OUTPUT_MPLANE
13748.577443,v4l2_qbuf,0,VIDEO_CAPTURE_MPLANE
13748.580747,v4l2_dqbuf,0,VIDEO_CAPTURE_MPLANE
13748.580893,v4l2_dqbuf,0,VIDEO_OUTPUT_MPLANE
13748.593596,v4l2_qbuf,0,VIDEO_OUTPUT_MPLANE
13748.593623,v4l2_qbuf,5,VIDEO_CAPTURE_MPLANE
13748.596873,v4l2_dqbuf,5,VIDEO_CAPTURE_MPLANE
13748.596964,v4l2_dqbuf,0,VIDEO_OUTPUT_MPLANE
13748.610401,v4l2_qbuf,0,VIDEO_OUTPUT_MPLANE
13748.610442,v4l2_qbuf,1,VIDEO_CAPTURE_MPLANE
13748.613628,v4l2_dqbuf,1,VIDEO_CAPTURE_MPLANE
13748.613792,v4l2_dqbuf,0,VIDEO_OUTPUT_MPLANE
13748.626794,v4l2_qbuf,0,VIDEO_OUTPUT_MPLANE
13748.626815,v4l2_qbuf,4,VIDEO_CAPTURE_MPLANE
13748.629101,v4l2_dqbuf,4,VIDEO_CAPTURE_MPLANE
13748.629129,v4l2_dqbuf,0,VIDEO_OUTPUT_MPLANE
13748.643689,v4l2_qbuf,0,VIDEO_OUTPUT_MPLANE
13748.643729,v4l2_qbuf,3,VIDEO_CAPTURE_MPLANE
13748.646832,v4l2_dqbuf,3,VIDEO_CAPTURE_MPLANE
13748.646945,v4l2_dqbuf,0,VIDEO_OUTPUT_MPLANE
13748.660429,v4l2_qbuf,0,VIDEO_OUTPUT_MPLANE
13748.660450,v4l2_qbuf,0,VIDEO_CAPTURE_MPLANE
13748.663497,v4l2_dqbuf,0,VIDEO_CAPTURE_MPLANE
13748.663646,v4l2_dqbuf,0,VIDEO_OUTPUT_MPLANE
13748.676943,v4l2_qbuf,0,VIDEO_OUTPUT_MPLANE
13748.676965,v4l2_qbuf,5,VIDEO_CAPTURE_MPLANE
13748.680080,v4l2_dqbuf,5,VIDEO_CAPTURE_MPLANE
13748.680177,v4l2_dqbuf,0,VIDEO_OUTPUT_MPLANE
13748.693777,v4l2_qbuf,0,VIDEO_OUTPUT_MPLANE
13748.693815,v4l2_qbuf,1,VIDEO_CAPTURE_MPLANE
13748.696064,v4l2_dqbuf,1,VIDEO_CAPTURE_MPLANE
13748.696079,v4l2_dqbuf,0,VIDEO_OUTPUT_MPLANE
13748.710282,v4l2_qbuf,0,VIDEO_OUTPUT_MPLANE
13748.710304,v4l2_qbuf,2,VIDEO_CAPTURE_MPLANE
13748.713420,v4l2_dqbuf,2,VIDEO_CAPTURE_MPLANE
13748.713509,v4l2_dqbuf,0,VIDEO_OUTPUT_MPLANE
13748.726995,v4l2_qbuf,0,VIDEO_OUTPUT_MPLANE
13748.727032,v4l2_qbuf,3,VIDEO_CAPTURE_MPLANE
13748.731354,v4l2_dqbuf,3,VIDEO_CAPTURE_MPLANE
13748.731471,v4l2_dqbuf,0,VIDEO_OUTPUT_MPLANE
13748.743913,v4l2_qbuf,0,VIDEO_OUTPUT_MPLANE
13748.743953,v4l2_qbuf,0,VIDEO_CAPTURE_MPLANE
13748.747196,v4l2_dqbuf,0,VIDEO_CAPTURE_MPLANE
13748.747306,v4l2_dqbuf,0,VIDEO_OUTPUT_MPLANE
13748.760384,v4l2_qbuf,0,VIDEO_OUTPUT_MPLANE
13748.760406,v4l2_qbuf,5,VIDEO_CAPTURE_MPLANE
13748.762578,v4l2_dqbuf,5,VIDEO_CAPTURE_MPLANE
13748.762594,v4l2_dqbuf,0,VIDEO_OUTPUT_MPLANE
13748.776926,v4l2_qbuf,0,VIDEO_OUTPUT_MPLANE
13748.776972,v4l2_qbuf,4,VIDEO_CAPTURE_MPLANE
13748.780173,v4l2_dqbuf,4,VIDEO_CAPTURE_MPLANE
13748.780351,v4l2_dqbuf,0,VIDEO_OUTPUT_MPLANE
13748.793497,v4l2_qbuf,0,VIDEO_OUTPUT_MPLANE
13748.793526,v4l2_qbuf,2,VIDEO_CAPTURE_MPLANE
13748.796515,v4l2_dqbuf,2,VIDEO_CAPTURE_MPLANE
13748.796601,v4l2_dqbuf,0,VIDEO_OUTPUT_MPLANE
13748.809946,v4l2_qbuf,0,VIDEO_OUTPUT_MPLANE
13748.809966,v4l2_qbuf,3,VIDEO_CAPTURE_MPLANE
13748.812984,v4l2_dqbuf,3,VIDEO_CAPTURE_MPLANE
13748.813138,v4l2_dqbuf,0,VIDEO_OUTPUT_MPLANE
13748.827114,v4l2_qbuf,0,VIDEO_OUTPUT_MPLANE
13748.827180,v4l2_qbuf,0,VIDEO_CAPTURE_MPLANE
13748.829638,v4l2_dqbuf,0,VIDEO_CAPTURE_MPLANE
13748.829655,v4l2_dqbuf,0,VIDEO_OUTPUT_MPLANE
13748.846928,v4l2_qbuf,0,VIDEO_OUTPUT_MPLANE
13748.846951,v4l2_qbuf,1,VIDEO_CAPTURE_MPLANE
13748.850272,v4l2_dqbuf,1,VIDEO_CAPTURE_MPLANE
13748.850377,v4l2_dqbuf,0,VIDEO_OUTPUT_MPLANE
13748.859925,v4l2_qbuf,0,VIDEO_OUTPUT_MPLANE
13748.859943,v4l2_qbuf,4,VIDEO_CAPTURE_MPLANE
13748.863125,v4l2_dqbuf,4,VIDEO_CAPTURE_MPLANE
13748.863324,v4l2_dqbuf,0,VIDEO_OUTPUT_MPLANE
13748.878680,v4l2_qbuf,0,VIDEO_OUTPUT_MPLANE
13748.878712,v4l2_qbuf,2,VIDEO_CAPTURE_MPLANE
13748.881784,v4l2_dqbuf,2,VIDEO_CAPTURE_MPLANE
13748.881856,v4l2_dqbuf,0,VIDEO_OUTPUT_MPLANE
13748.895604,v4l2_qbuf,0,VIDEO_OUTPUT_MPLANE
13748.895675,v4l2_qbuf,3,VIDEO_CAPTURE_MPLANE
13748.897785,v4l2_dqbuf,3,VIDEO_CAPTURE_MPLANE
13748.897806,v4l2_dqbuf,0,VIDEO_OUTPUT_MPLANE
13748.912412,v4l2_qbuf,0,VIDEO_OUTPUT_MPLANE
13748.912445,v4l2_qbuf,5,VIDEO_CAPTURE_MPLANE
13748.916046,v4l2_dqbuf,5,VIDEO_CAPTURE_MPLANE
13748.916152,v4l2_dqbuf,0,VIDEO_OUTPUT_MPLANE
13748.929173,v4l2_qbuf,0,VIDEO_OUTPUT_MPLANE
13748.929207,v4l2_qbuf,1,VIDEO_CAPTURE_MPLANE
13748.932516,v4l2_dqbuf,1,VIDEO_CAPTURE_MPLANE
13748.932615,v4l2_dqbuf,0,VIDEO_OUTPUT_MPLANE
13748.948210,v4l2_qbuf,0,VIDEO_OUTPUT_MPLANE
13748.948231,v4l2_qbuf,4,VIDEO_CAPTURE_MPLANE
13748.951309,v4l2_dqbuf,4,VIDEO_CAPTURE_MPLANE
13748.951379,v4l2_dqbuf,0,VIDEO_OUTPUT_MPLANE
13748.962180,v4l2_qbuf,0,VIDEO_OUTPUT_MPLANE
13748.962193,v4l2_qbuf,2,VIDEO_CAPTURE_MPLANE
13748.964285,v4l2_dqbuf,2,VIDEO_CAPTURE_MPLANE
13748.964294,v4l2_dqbuf,0,VIDEO_OUTPUT_MPLANE
13748.978870,v4l2_qbuf,0,VIDEO_OUTPUT_MPLANE
13748.978898,v4l2_qbuf,0,VIDEO_CAPTURE_MPLANE
13748.982057,v4l2_dqbuf,0,VIDEO_CAPTURE_MPLANE
13748.982144,v4l2_dqbuf,0,VIDEO_OUTPUT_MPLANE
13748.995528,v4l2_qbuf,0,VIDEO_OUTPUT_MPLANE
13748.995549,v4l2_qbuf,5,VIDEO_CAPTURE_MPLANE
13748.998839,v4l2_dqbuf,5,VIDEO_CAPTURE_MPLANE
13748.999037,v4l2_dqbuf,0,VIDEO_OUTPUT_MPLANE
13749.012420,v4l2_qbuf,0,VIDEO_OUTPUT_MPLANE
13749.012457,v4l2_qbuf,1,VIDEO_CAPTURE_MPLANE
13749.015711,v4l2_dqbuf,1,VIDEO_CAPTURE_MPLANE
13749.015828,v4l2_dqbuf,0,VIDEO_OUTPUT_MPLANE
13749.030573,v4l2_qbuf,0,VIDEO_OUTPUT_MPLANE
13749.030601,v4l2_qbuf,4,VIDEO_CAPTURE_MPLANE
13749.032799,v4l2_dqbuf,4,VIDEO_CAPTURE_MPLANE
13749.032816,v4l2_dqbuf,0,VIDEO_OUTPUT_MPLANE
13749.046370,v4l2_qbuf,0,VIDEO_OUTPUT_MPLANE
13749.046392,v4l2_qbuf,3,VIDEO_CAPTURE_MPLANE
13749.049515,v4l2_dqbuf,3,VIDEO_CAPTURE_MPLANE
13749.049605,v4l2_dqbuf,0,VIDEO_OUTPUT_MPLANE
13749.064879,v4l2_qbuf,0,VIDEO_OUTPUT_MPLANE
13749.064899,v4l2_qbuf,0,VIDEO_CAPTURE_MPLANE
13749.068208,v4l2_dqbuf,0,VIDEO_CAPTURE_MPLANE
13749.068297,v4l2_dqbuf,0,VIDEO_OUTPUT_MPLANE
13749.081515,v4l2_qbuf,0,VIDEO_OUTPUT_MPLANE
13749.081536,v4l2_qbuf,5,VIDEO_CAPTURE_MPLANE
13749.086127,v4l2_dqbuf,5,VIDEO_CAPTURE_MPLANE
13749.086246,v4l2_dqbuf,0,VIDEO_OUTPUT_MPLANE
13749.098128,v4l2_qbuf,0,VIDEO_OUTPUT_MPLANE
13749.098148,v4l2_qbuf,1,VIDEO_CAPTURE_MPLANE
13749.101121,v4l2_dqbuf,1,VIDEO_CAPTURE_MPLANE
13749.101142,v4l2_dqbuf,0,VIDEO_OUTPUT_MPLANE
13749.117191,v4l2_qbuf,0,VIDEO_OUTPUT_MPLANE
13749.117266,v4l2_qbuf,2,VIDEO_CAPTURE_MPLANE
13749.120417,v4l2_dqbuf,2,VIDEO_CAPTURE_MPLANE
13749.120517,v4l2_dqbuf,0,VIDEO_OUTPUT_MPLANE
13749.132983,v4l2_qbuf,0,VIDEO_OUTPUT_MPLANE
13749.133018,v4l2_qbuf,3,VIDEO_CAPTURE_MPLANE
13749.136262,v4l2_dqbuf,3,VIDEO_CAPTURE_MPLANE
13749.136479,v4l2_dqbuf,0,VIDEO_OUTPUT_MPLANE
13749.148492,v4l2_qbuf,0,VIDEO_OUTPUT_MPLANE
13749.148512,v4l2_qbuf,0,VIDEO_CAPTURE_MPLANE
13749.151424,v4l2_dqbuf,0,VIDEO_CAPTURE_MPLANE
13749.151516,v4l2_dqbuf,0,VIDEO_OUTPUT_MPLANE
13749.164539,v4l2_qbuf,0,VIDEO_OUTPUT_MPLANE
13749.164555,v4l2_qbuf,5,VIDEO_CAPTURE_MPLANE
13749.166734,v4l2_dqbuf,5,VIDEO_CAPTURE_MPLANE
13749.166745,v4l2_dqbuf,0,VIDEO_OUTPUT_MPLANE
13749.182059,v4l2_qbuf,0,VIDEO_OUTPUT_MPLANE
13749.182082,v4l2_qbuf,4,VIDEO_CAPTURE_MPLANE
13749.185189,v4l2_dqbuf,4,VIDEO_CAPTURE_MPLANE
13749.185393,v4l2_dqbuf,0,VIDEO_OUTPUT_MPLANE
13749.198390,v4l2_qbuf,0,VIDEO_OUTPUT_MPLANE
13749.198410,v4l2_qbuf,2,VIDEO_CAPTURE_MPLANE
13749.202252,v4l2_dqbuf,2,VIDEO_CAPTURE_MPLANE
13749.202274,v4l2_dqbuf,0,VIDEO_OUTPUT_MPLANE
13749.214886,v4l2_qbuf,0,VIDEO_OUTPUT_MPLANE
13749.214928,v4l2_qbuf,3,VIDEO_CAPTURE_MPLANE
13749.217196,v4l2_dqbuf,3,VIDEO_CAPTURE_MPLANE
13749.217212,v4l2_dqbuf,0,VIDEO_OUTPUT_MPLANE
13749.233302,v4l2_qbuf,0,VIDEO_OUTPUT_MPLANE
13749.233323,v4l2_qbuf,0,VIDEO_CAPTURE_MPLANE
13749.236419,v4l2_dqbuf,0,VIDEO_CAPTURE_MPLANE
13749.236508,v4l2_dqbuf,0,VIDEO_OUTPUT_MPLANE
13749.249951,v4l2_qbuf,0,VIDEO_OUTPUT_MPLANE
13749.249974,v4l2_qbuf,1,VIDEO_CAPTURE_MPLANE
13749.253245,v4l2_dqbuf,1,VIDEO_CAPTURE_MPLANE
13749.253346,v4l2_dqbuf,0,VIDEO_OUTPUT_MPLANE
13749.264815,v4l2_qbuf,0,VIDEO_OUTPUT_MPLANE
13749.264845,v4l2_qbuf,4,VIDEO_CAPTURE_MPLANE
13749.267939,v4l2_dqbuf,4,VIDEO_CAPTURE_MPLANE
13749.268048,v4l2_dqbuf,0,VIDEO_OUTPUT_MPLANE
13749.283605,v4l2_qbuf,0,VIDEO_OUTPUT_MPLANE
13749.283626,v4l2_qbuf,5,VIDEO_CAPTURE_MPLANE
13749.285853,v4l2_dqbuf,5,VIDEO_CAPTURE_MPLANE
13749.285870,v4l2_dqbuf,0,VIDEO_OUTPUT_MPLANE
13749.300120,v4l2_qbuf,0,VIDEO_OUTPUT_MPLANE
13749.300143,v4l2_qbuf,2,VIDEO_CAPTURE_MPLANE
13749.303592,v4l2_dqbuf,2,VIDEO_CAPTURE_MPLANE
13749.303722,v4l2_dqbuf,0,VIDEO_OUTPUT_MPLANE
13749.320117,v4l2_qbuf,0,VIDEO_OUTPUT_MPLANE
13749.320146,v4l2_qbuf,0,VIDEO_CAPTURE_MPLANE
13749.323305,v4l2_dqbuf,0,VIDEO_CAPTURE_MPLANE
13749.323410,v4l2_dqbuf,0,VIDEO_OUTPUT_MPLANE
13749.333652,v4l2_qbuf,0,VIDEO_OUTPUT_MPLANE
13749.333673,v4l2_qbuf,1,VIDEO_CAPTURE_MPLANE
13749.337903,v4l2_dqbuf,1,VIDEO_CAPTURE_MPLANE
13749.338048,v4l2_dqbuf,0,VIDEO_OUTPUT_MPLANE
13749.350068,v4l2_qbuf,0,VIDEO_OUTPUT_MPLANE
13749.350089,v4l2_qbuf,4,VIDEO_CAPTURE_MPLANE
13749.352286,v4l2_dqbuf,4,VIDEO_CAPTURE_MPLANE
13749.352302,v4l2_dqbuf,0,VIDEO_OUTPUT_MPLANE
13749.368066,v4l2_qbuf,0,VIDEO_OUTPUT_MPLANE
13749.368105,v4l2_qbuf,3,VIDEO_CAPTURE_MPLANE
13749.371364,v4l2_dqbuf,3,VIDEO_CAPTURE_MPLANE
13749.371513,v4l2_dqbuf,0,VIDEO_OUTPUT_MPLANE
13749.383728,v4l2_qbuf,0,VIDEO_OUTPUT_MPLANE
13749.383764,v4l2_qbuf,2,VIDEO_CAPTURE_MPLANE
13749.386977,v4l2_dqbuf,2,VIDEO_CAPTURE_MPLANE
13749.387088,v4l2_dqbuf,0,VIDEO_OUTPUT_MPLANE
13749.402181,v4l2_qbuf,0,VIDEO_OUTPUT_MPLANE
13749.402201,v4l2_qbuf,0,VIDEO_CAPTURE_MPLANE
13749.405278,v4l2_dqbuf,0,VIDEO_CAPTURE_MPLANE
13749.405390,v4l2_dqbuf,0,VIDEO_OUTPUT_MPLANE
13749.416548,v4l2_qbuf,0,VIDEO_OUTPUT_MPLANE
13749.416570,v4l2_qbuf,1,VIDEO_CAPTURE_MPLANE
13749.418733,v4l2_dqbuf,1,VIDEO_CAPTURE_MPLANE
13749.418748,v4l2_dqbuf,0,VIDEO_OUTPUT_MPLANE
13749.433598,v4l2_qbuf,0,VIDEO_OUTPUT_MPLANE
13749.433620,v4l2_qbuf,5,VIDEO_CAPTURE_MPLANE
13749.436738,v4l2_dqbuf,5,VIDEO_CAPTURE_MPLANE
13749.436838,v4l2_dqbuf,0,VIDEO_OUTPUT_MPLANE
13749.450414,v4l2_qbuf,0,VIDEO_OUTPUT_MPLANE
13749.450508,v4l2_qbuf,3,VIDEO_CAPTURE_MPLANE
13749.453686,v4l2_dqbuf,3,VIDEO_CAPTURE_MPLANE
13749.453840,v4l2_dqbuf,0,VIDEO_OUTPUT_MPLANE
13749.466735,v4l2_qbuf,0,VIDEO_OUTPUT_MPLANE
13749.466763,v4l2_qbuf,2,VIDEO_CAPTURE_MPLANE
13749.472073,v4l2_dqbuf,2,VIDEO_CAPTURE_MPLANE
13749.472188,v4l2_dqbuf,0,VIDEO_OUTPUT_MPLANE
13749.483670,v4l2_qbuf,0,VIDEO_OUTPUT_MPLANE
13749.483698,v4l2_qbuf,0,VIDEO_CAPTURE_MPLANE
13749.485871,v4l2_dqbuf,0,VIDEO_CAPTURE_MPLANE
13749.485906,v4l2_dqbuf,0,VIDEO_OUTPUT_MPLANE
13749.503271,v4l2_qbuf,0,VIDEO_OUTPUT_MPLANE
13749.503291,v4l2_qbuf,4,VIDEO_CAPTURE_MPLANE
13749.506558,v4l2_dqbuf,4,VIDEO_CAPTURE_MPLANE
13749.506677,v4l2_dqbuf,0,VIDEO_OUTPUT_MPLANE
13749.531853,v4l2_qbuf,0,VIDEO_OUTPUT_MPLANE
13749.531877,v4l2_qbuf,5,VIDEO_CAPTURE_MPLANE
13749.535049,v4l2_dqbuf,5,VIDEO_CAPTURE_MPLANE
13749.535143,v4l2_dqbuf,0,VIDEO_OUTPUT_MPLANE
13749.536421,v4l2_qbuf,0,VIDEO_OUTPUT_MPLANE
13749.536446,v4l2_qbuf,3,VIDEO_CAPTURE_MPLANE
13749.536609,v4l2_qbuf,1,VIDEO_OUTPUT_MPLANE
13749.536619,v4l2_qbuf,4,VIDEO_CAPTURE_MPLANE
13749.539738,v4l2_dqbuf,3,VIDEO_CAPTURE_MPLANE
13749.539895,v4l2_dqbuf,0,VIDEO_OUTPUT_MPLANE
13749.541951,v4l2_dqbuf,4,VIDEO_CAPTURE_MPLANE
13749.541977,v4l2_dqbuf,1,VIDEO_OUTPUT_MPLANE
13749.542244,v4l2_qbuf,0,VIDEO_OUTPUT_MPLANE
13749.542263,v4l2_qbuf,1,VIDEO_CAPTURE_MPLANE
13749.546797,v4l2_dqbuf,1,VIDEO_CAPTURE_MPLANE
13749.546903,v4l2_dqbuf,0,VIDEO_OUTPUT_MPLANE
13749.552955,v4l2_qbuf,0,VIDEO_OUTPUT_MPLANE
13749.552976,v4l2_qbuf,2,VIDEO_CAPTURE_MPLANE
13749.556175,v4l2_dqbuf,2,VIDEO_CAPTURE_MPLANE
13749.556477,v4l2_dqbuf,0,VIDEO_OUTPUT_MPLANE
13749.569962,v4l2_qbuf,0,VIDEO_OUTPUT_MPLANE
13749.570027,v4l2_qbuf,5,VIDEO_CAPTURE_MPLANE
13749.573228,v4l2_dqbuf,5,VIDEO_CAPTURE_MPLANE
13749.573427,v4l2_dqbuf,0,VIDEO_OUTPUT_MPLANE
13749.586289,v4l2_qbuf,0,VIDEO_OUTPUT_MPLANE
13749.586320,v4l2_qbuf,3,VIDEO_CAPTURE_MPLANE
13749.588355,v4l2_dqbuf,3,VIDEO_CAPTURE_MPLANE
13749.588368,v4l2_dqbuf,0,VIDEO_OUTPUT_MPLANE
13749.603132,v4l2_qbuf,0,VIDEO_OUTPUT_MPLANE
13749.603151,v4l2_qbuf,0,VIDEO_CAPTURE_MPLANE
13749.606089,v4l2_dqbuf,0,VIDEO_CAPTURE_MPLANE
13749.606168,v4l2_dqbuf,0,VIDEO_OUTPUT_MPLANE
13749.619728,v4l2_qbuf,0,VIDEO_OUTPUT_MPLANE
13749.619752,v4l2_qbuf,1,VIDEO_CAPTURE_MPLANE
13749.623101,v4l2_dqbuf,1,VIDEO_CAPTURE_MPLANE
13749.623336,v4l2_dqbuf,0,VIDEO_OUTPUT_MPLANE
13749.636346,v4l2_qbuf,0,VIDEO_OUTPUT_MPLANE
13749.636360,v4l2_qbuf,2,VIDEO_CAPTURE_MPLANE
13749.639792,v4l2_dqbuf,2,VIDEO_CAPTURE_MPLANE
13749.639912,v4l2_dqbuf,0,VIDEO_OUTPUT_MPLANE
13749.653320,v4l2_qbuf,0,VIDEO_OUTPUT_MPLANE
13749.653341,v4l2_qbuf,5,VIDEO_CAPTURE_MPLANE
13749.655591,v4l2_dqbuf,5,VIDEO_CAPTURE_MPLANE
13749.655608,v4l2_dqbuf,0,VIDEO_OUTPUT_MPLANE
13749.670147,v4l2_qbuf,0,VIDEO_OUTPUT_MPLANE
13749.670168,v4l2_qbuf,4,VIDEO_CAPTURE_MPLANE
13749.673502,v4l2_dqbuf,4,VIDEO_CAPTURE_MPLANE
13749.673573,v4l2_dqbuf,0,VIDEO_OUTPUT_MPLANE
13749.686046,v4l2_qbuf,0,VIDEO_OUTPUT_MPLANE
13749.686069,v4l2_qbuf,0,VIDEO_CAPTURE_MPLANE
13749.689166,v4l2_dqbuf,0,VIDEO_CAPTURE_MPLANE
13749.689251,v4l2_dqbuf,0,VIDEO_OUTPUT_MPLANE
13749.702826,v4l2_qbuf,0,VIDEO_OUTPUT_MPLANE
13749.702840,v4l2_qbuf,1,VIDEO_CAPTURE_MPLANE
13749.705856,v4l2_dqbuf,1,VIDEO_CAPTURE_MPLANE
13749.705934,v4l2_dqbuf,0,VIDEO_OUTPUT_MPLANE
13749.721850,v4l2_qbuf,0,VIDEO_OUTPUT_MPLANE
13749.721866,v4l2_qbuf,2,VIDEO_CAPTURE_MPLANE
13749.724065,v4l2_dqbuf,2,VIDEO_CAPTURE_MPLANE
13749.724082,v4l2_dqbuf,0,VIDEO_OUTPUT_MPLANE
13749.736888,v4l2_qbuf,0,VIDEO_OUTPUT_MPLANE
13749.736909,v4l2_qbuf,3,VIDEO_CAPTURE_MPLANE
13749.740109,v4l2_dqbuf,3,VIDEO_CAPTURE_MPLANE
13749.740208,v4l2_dqbuf,0,VIDEO_OUTPUT_MPLANE
13749.754689,v4l2_qbuf,0,VIDEO_OUTPUT_MPLANE
13749.754709,v4l2_qbuf,4,VIDEO_CAPTURE_MPLANE
13749.757880,v4l2_dqbuf,4,VIDEO_CAPTURE_MPLANE
13749.758117,v4l2_dqbuf,0,VIDEO_OUTPUT_MPLANE
13749.771618,v4l2_qbuf,0,VIDEO_OUTPUT_MPLANE
13749.771639,v4l2_qbuf,0,VIDEO_CAPTURE_MPLANE
13749.774781,v4l2_dqbuf,0,VIDEO_CAPTURE_MPLANE
13749.774880,v4l2_dqbuf,0,VIDEO_OUTPUT_MPLANE
13749.787890,v4l2_qbuf,0,VIDEO_OUTPUT_MPLANE
13749.787910,v4l2_qbuf,1,VIDEO_CAPTURE_MPLANE
13749.790283,v4l2_dqbuf,1,VIDEO_CAPTURE_MPLANE
13749.790300,v4l2_dqbuf,0,VIDEO_OUTPUT_MPLANE
13749.804528,v4l2_qbuf,0,VIDEO_OUTPUT_MPLANE
13749.804549,v4l2_qbuf,5,VIDEO_CAPTURE_MPLANE
13749.807597,v4l2_dqbuf,5,VIDEO_CAPTURE_MPLANE
13749.807677,v4l2_dqbuf,0,VIDEO_OUTPUT_MPLANE
13749.821055,v4l2_qbuf,0,VIDEO_OUTPUT_MPLANE
13749.821075,v4l2_qbuf,3,VIDEO_CAPTURE_MPLANE
13749.824221,v4l2_dqbuf,3,VIDEO_CAPTURE_MPLANE
13749.824304,v4l2_dqbuf,0,VIDEO_OUTPUT_MPLANE
13749.837906,v4l2_qbuf,0,VIDEO_OUTPUT_MPLANE
13749.837925,v4l2_qbuf,4,VIDEO_CAPTURE_MPLANE
13749.841560,v4l2_dqbuf,4,VIDEO_CAPTURE_MPLANE
13749.841674,v4l2_dqbuf,0,VIDEO_OUTPUT_MPLANE
13749.855861,v4l2_qbuf,0,VIDEO_OUTPUT_MPLANE
13749.855882,v4l2_qbuf,0,VIDEO_CAPTURE_MPLANE
13749.859761,v4l2_dqbuf,0,VIDEO_CAPTURE_MPLANE
13749.859783,v4l2_dqbuf,0,VIDEO_OUTPUT_MPLANE
13749.871078,v4l2_qbuf,0,VIDEO_OUTPUT_MPLANE
13749.871096,v4l2_qbuf,2,VIDEO_CAPTURE_MPLANE
13749.874406,v4l2_dqbuf,2,VIDEO_CAPTURE_MPLANE
13749.874470,v4l2_dqbuf,0,VIDEO_OUTPUT_MPLANE
13749.888875,v4l2_qbuf,0,VIDEO_OUTPUT_MPLANE
13749.888892,v4l2_qbuf,5,VIDEO_CAPTURE_MPLANE
13749.892066,v4l2_dqbuf,5,VIDEO_CAPTURE_MPLANE
13749.892156,v4l2_dqbuf,0,VIDEO_OUTPUT_MPLANE
13749.904780,v4l2_qbuf,0,VIDEO_OUTPUT_MPLANE
13749.904795,v4l2_qbuf,3,VIDEO_CAPTURE_MPLANE
13749.907820,v4l2_dqbuf,3,VIDEO_CAPTURE_MPLANE
13749.907911,v4l2_dqbuf,0,VIDEO_OUTPUT_MPLANE
13749.921416,v4l2_qbuf,0,VIDEO_OUTPUT_MPLANE
13749.921436,v4l2_qbuf,4,VIDEO_CAPTURE_MPLANE
13749.923677,v4l2_dqbuf,4,VIDEO_CAPTURE_MPLANE
13749.923695,v4l2_dqbuf,0,VIDEO_OUTPUT_MPLANE
13749.937677,v4l2_qbuf,0,VIDEO_OUTPUT_MPLANE
13749.937701,v4l2_qbuf,1,VIDEO_CAPTURE_MPLANE
13749.940849,v4l2_dqbuf,1,VIDEO_CAPTURE_MPLANE
13749.940938,v4l2_dqbuf,0,VIDEO_OUTPUT_MPLANE
13749.954417,v4l2_qbuf,0,VIDEO_OUTPUT_MPLANE
13749.954433,v4l2_qbuf,2,VIDEO_CAPTURE_MPLANE
13749.957554,v4l2_dqbuf,2,VIDEO_CAPTURE_MPLANE
13749.957622,v4l2_dqbuf,0,VIDEO_OUTPUT_MPLANE
13749.971090,v4l2_qbuf,0,VIDEO_OUTPUT_MPLANE
13749.971109,v4l2_qbuf,5,VIDEO_CAPTURE_MPLANE
13749.974126,v4l2_dqbuf,5,VIDEO_CAPTURE_MPLANE
13749.974263,v4l2_dqbuf,0,VIDEO_OUTPUT_MPLANE
13749.988253,v4l2_qbuf,0,VIDEO_OUTPUT_MPLANE
13749.988272,v4l2_qbuf,3,VIDEO_CAPTURE_MPLANE
13749.990466,v4l2_dqbuf,3,VIDEO_CAPTURE_MPLANE
13749.990480,v4l2_dqbuf,0,VIDEO_OUTPUT_MPLANE
13750.004623,v4l2_qbuf,0,VIDEO_OUTPUT_MPLANE
13750.004644,v4l2_qbuf,0,VIDEO_CAPTURE_MPLANE
13750.007782,v4l2_dqbuf,0,VIDEO_CAPTURE_MPLANE
13750.007872,v4l2_dqbuf,0,VIDEO_OUTPUT_MPLANE
13750.032210,v4l2_qbuf,0,VIDEO_OUTPUT_MPLANE
13750.032231,v4l2_qbuf,1,VIDEO_CAPTURE_MPLANE
13750.035442,v4l2_dqbuf,1,VIDEO_CAPTURE_MPLANE
13750.035522,v4l2_dqbuf,0,VIDEO_OUTPUT_MPLANE
13750.037571,v4l2_qbuf,0,VIDEO_OUTPUT_MPLANE
13750.037591,v4l2_qbuf,2,VIDEO_CAPTURE_MPLANE
13750.040799,v4l2_dqbuf,2,VIDEO_CAPTURE_MPLANE
13750.040963,v4l2_dqbuf,0,VIDEO_OUTPUT_MPLANE
13750.054369,v4l2_qbuf,0,VIDEO_OUTPUT_MPLANE
13750.054384,v4l2_qbuf,5,VIDEO_CAPTURE_MPLANE
13750.056583,v4l2_dqbuf,5,VIDEO_CAPTURE_MPLANE
13750.056604,v4l2_dqbuf,0,VIDEO_OUTPUT_MPLANE
13750.071552,v4l2_qbuf,0,VIDEO_OUTPUT_MPLANE
13750.071580,v4l2_qbuf,4,VIDEO_CAPTURE_MPLANE
13750.074790,v4l2_dqbuf,4,VIDEO_CAPTURE_MPLANE
13750.074904,v4l2_dqbuf,0,VIDEO_OUTPUT_MPLANE
13750.088024,v4l2_qbuf,0,VIDEO_OUTPUT_MPLANE
13750.088068,v4l2_qbuf,0,VIDEO_CAPTURE_MPLANE
13750.091386,v4l2_dqbuf,0,VIDEO_CAPTURE_MPLANE
13750.091530,v4l2_dqbuf,0,VIDEO_OUTPUT_MPLANE
13750.104877,v4l2_qbuf,0,VIDEO_OUTPUT_MPLANE
13750.104971,v4l2_qbuf,1,VIDEO_CAPTURE_MPLANE
13750.108135,v4l2_dqbuf,1,VIDEO_CAPTURE_MPLANE
13750.108517,v4l2_dqbuf,0,VIDEO_OUTPUT_MPLANE
13750.121429,v4l2_qbuf,0,VIDEO_OUTPUT_MPLANE
13750.121529,v4l2_qbuf,2,VIDEO_CAPTURE_MPLANE
13750.123796,v4l2_dqbuf,2,VIDEO_CAPTURE_MPLANE
13750.123830,v4l2_dqbuf,0,VIDEO_OUTPUT_MPLANE
13750.137886,v4l2_qbuf,0,VIDEO_OUTPUT_MPLANE
13750.137919,v4l2_qbuf,3,VIDEO_CAPTURE_MPLANE
13750.141113,v4l2_dqbuf,3,VIDEO_CAPTURE_MPLANE
13750.141244,v4l2_dqbuf,0,VIDEO_OUTPUT_MPLANE
13750.154982,v4l2_qbuf,0,VIDEO_OUTPUT_MPLANE
13750.155037,v4l2_qbuf,4,VIDEO_CAPTURE_MPLANE
13750.158300,v4l2_dqbuf,4,VIDEO_CAPTURE_MPLANE
13750.158492,v4l2_dqbuf,0,VIDEO_OUTPUT_MPLANE
13750.171072,v4l2_qbuf,0,VIDEO_OUTPUT_MPLANE
13750.171090,v4l2_qbuf,0,VIDEO_CAPTURE_MPLANE
13750.172952,v4l2_dqbuf,0,VIDEO_CAPTURE_MPLANE
13750.172969,v4l2_dqbuf,0,VIDEO_OUTPUT_MPLANE
13750.187665,v4l2_qbuf,0,VIDEO_OUTPUT_MPLANE
13750.187685,v4l2_qbuf,1,VIDEO_CAPTURE_MPLANE
13750.189842,v4l2_dqbuf,1,VIDEO_CAPTURE_MPLANE
13750.189854,v4l2_dqbuf,0,VIDEO_OUTPUT_MPLANE
13750.204373,v4l2_qbuf,0,VIDEO_OUTPUT_MPLANE
13750.204393,v4l2_qbuf,5,VIDEO_CAPTURE_MPLANE
13750.207536,v4l2_dqbuf,5,VIDEO_CAPTURE_MPLANE
13750.207694,v4l2_dqbuf,0,VIDEO_OUTPUT_MPLANE
13750.221585,v4l2_qbuf,0,VIDEO_OUTPUT_MPLANE
13750.221615,v4l2_qbuf,3,VIDEO_CAPTURE_MPLANE
13750.224882,v4l2_dqbuf,3,VIDEO_CAPTURE_MPLANE
13750.224976,v4l2_dqbuf,0,VIDEO_OUTPUT_MPLANE
13750.237905,v4l2_qbuf,0,VIDEO_OUTPUT_MPLANE
13750.237926,v4l2_qbuf,4,VIDEO_CAPTURE_MPLANE
13750.241076,v4l2_dqbuf,4,VIDEO_CAPTURE_MPLANE
13750.241156,v4l2_dqbuf,0,VIDEO_OUTPUT_MPLANE
13750.254464,v4l2_qbuf,0,VIDEO_OUTPUT_MPLANE
13750.254484,v4l2_qbuf,2,VIDEO_CAPTURE_MPLANE
13750.256722,v4l2_dqbuf,2,VIDEO_CAPTURE_MPLANE
13750.256736,v4l2_dqbuf,0,VIDEO_OUTPUT_MPLANE
13750.271085,v4l2_qbuf,0,VIDEO_OUTPUT_MPLANE
13750.271111,v4l2_qbuf,0,VIDEO_CAPTURE_MPLANE
13750.274578,v4l2_dqbuf,0,VIDEO_CAPTURE_MPLANE
13750.274766,v4l2_dqbuf,0,VIDEO_OUTPUT_MPLANE
13750.288248,v4l2_qbuf,0,VIDEO_OUTPUT_MPLANE
13750.288288,v4l2_qbuf,5,VIDEO_CAPTURE_MPLANE
13750.291557,v4l2_dqbuf,5,VIDEO_CAPTURE_MPLANE
13750.291701,v4l2_dqbuf,0,VIDEO_OUTPUT_MPLANE
13750.305656,v4l2_qbuf,0,VIDEO_OUTPUT_MPLANE
13750.305676,v4l2_qbuf,3,VIDEO_CAPTURE_MPLANE
13750.308898,v4l2_dqbuf,3,VIDEO_CAPTURE_MPLANE
13750.308998,v4l2_dqbuf,0,VIDEO_OUTPUT_MPLANE
13750.321045,v4l2_qbuf,0,VIDEO_OUTPUT_MPLANE
13750.321067,v4l2_qbuf,4,VIDEO_CAPTURE_MPLANE
13750.323212,v4l2_dqbuf,4,VIDEO_CAPTURE_MPLANE
13750.323227,v4l2_dqbuf,0,VIDEO_OUTPUT_MPLANE
13750.337912,v4l2_qbuf,0,VIDEO_OUTPUT_MPLANE
13750.337933,v4l2_qbuf,1,VIDEO_CAPTURE_MPLANE
13750.341128,v4l2_dqbuf,1,VIDEO_CAPTURE_MPLANE
13750.341283,v4l2_dqbuf,0,VIDEO_OUTPUT_MPLANE
13750.354524,v4l2_qbuf,0,VIDEO_OUTPUT_MPLANE
13750.354551,v4l2_qbuf,0,VIDEO_CAPTURE_MPLANE
13750.357756,v4l2_dqbuf,0,VIDEO_CAPTURE_MPLANE
13750.357896,v4l2_dqbuf,0,VIDEO_OUTPUT_MPLANE
13750.371223,v4l2_qbuf,0,VIDEO_OUTPUT_MPLANE
13750.371250,v4l2_qbuf,5,VIDEO_CAPTURE_MPLANE
13750.374541,v4l2_dqbuf,5,VIDEO_CAPTURE_MPLANE
13750.374693,v4l2_dqbuf,0,VIDEO_OUTPUT_MPLANE
13750.388113,v4l2_qbuf,0,VIDEO_OUTPUT_MPLANE
13750.388132,v4l2_qbuf,3,VIDEO_CAPTURE_MPLANE
13750.390232,v4l2_dqbuf,3,VIDEO_CAPTURE_MPLANE
13750.390246,v4l2_dqbuf,0,VIDEO_OUTPUT_MPLANE
13750.406446,v4l2_qbuf,0,VIDEO_OUTPUT_MPLANE
13750.406466,v4l2_qbuf,2,VIDEO_CAPTURE_MPLANE
13750.409716,v4l2_dqbuf,2,VIDEO_CAPTURE_MPLANE
13750.409899,v4l2_dqbuf,0,VIDEO_OUTPUT_MPLANE
13750.421615,v4l2_qbuf,0,VIDEO_OUTPUT_MPLANE
13750.421635,v4l2_qbuf,1,VIDEO_CAPTURE_MPLANE
13750.424789,v4l2_dqbuf,1,VIDEO_CAPTURE_MPLANE
13750.424889,v4l2_dqbuf,0,VIDEO_OUTPUT_MPLANE
13750.437997,v4l2_qbuf,0,VIDEO_OUTPUT_MPLANE
13750.438033,v4l2_qbuf,0,VIDEO_CAPTURE_MPLANE
13750.441096,v4l2_dqbuf,0,VIDEO_CAPTURE_MPLANE
13750.441250,v4l2_dqbuf,0,VIDEO_OUTPUT_MPLANE
13750.454607,v4l2_qbuf,0,VIDEO_OUTPUT_MPLANE
13750.454647,v4l2_qbuf,5,VIDEO_CAPTURE_MPLANE
13750.456822,v4l2_dqbuf,5,VIDEO_CAPTURE_MPLANE
13750.456841,v4l2_dqbuf,0,VIDEO_OUTPUT_MPLANE
13750.471477,v4l2_qbuf,0,VIDEO_OUTPUT_MPLANE
13750.471509,v4l2_qbuf,4,VIDEO_CAPTURE_MPLANE
13750.474730,v4l2_dqbuf,4,VIDEO_CAPTURE_MPLANE
13750.474880,v4l2_dqbuf,0,VIDEO_OUTPUT_MPLANE
13750.489433,v4l2_qbuf,0,VIDEO_OUTPUT_MPLANE
13750.489455,v4l2_qbuf,2,VIDEO_CAPTURE_MPLANE
13750.492450,v4l2_dqbuf,2,VIDEO_CAPTURE_MPLANE
13750.492549,v4l2_dqbuf,0,VIDEO_OUTPUT_MPLANE
13750.504768,v4l2_qbuf,0,VIDEO_OUTPUT_MPLANE
13750.504795,v4l2_qbuf,1,VIDEO_CAPTURE_MPLANE
13750.506980,v4l2_dqbuf,1,VIDEO_CAPTURE_MPLANE
13750.506997,v4l2_dqbuf,0,VIDEO_OUTPUT_MPLANE
13750.521395,v4l2_qbuf,0,VIDEO_OUTPUT_MPLANE
13750.521414,v4l2_qbuf,0,VIDEO_CAPTURE_MPLANE
13750.524649,v4l2_dqbuf,0,VIDEO_CAPTURE_MPLANE
13750.524770,v4l2_dqbuf,0,VIDEO_OUTPUT_MPLANE
13750.537884,v4l2_qbuf,0,VIDEO_OUTPUT_MPLANE
13750.537911,v4l2_qbuf,3,VIDEO_CAPTURE_MPLANE
13750.541142,v4l2_dqbuf,3,VIDEO_CAPTURE_MPLANE
13750.541317,v4l2_dqbuf,0,VIDEO_OUTPUT_MPLANE
13750.554389,v4l2_qbuf,0,VIDEO_OUTPUT_MPLANE
13750.554411,v4l2_qbuf,4,VIDEO_CAPTURE_MPLANE
13750.557585,v4l2_dqbuf,4,VIDEO_CAPTURE_MPLANE
13750.557714,v4l2_dqbuf,0,VIDEO_OUTPUT_MPLANE
13750.571214,v4l2_qbuf,0,VIDEO_OUTPUT_MPLANE
13750.571237,v4l2_qbuf,2,VIDEO_CAPTURE_MPLANE
13750.573279,v4l2_dqbuf,2,VIDEO_CAPTURE_MPLANE
13750.573292,v4l2_dqbuf,0,VIDEO_OUTPUT_MPLANE
13750.588883,v4l2_qbuf,0,VIDEO_OUTPUT_MPLANE
13750.588904,v4l2_qbuf,5,VIDEO_CAPTURE_MPLANE
13750.592190,v4l2_dqbuf,5,VIDEO_CAPTURE_MPLANE
13750.592576,v4l2_dqbuf,0,VIDEO_OUTPUT_MPLANE
13750.604456,v4l2_qbuf,0,VIDEO_OUTPUT_MPLANE
13750.604477,v4l2_qbuf,0,VIDEO_CAPTURE_MPLANE
13750.607481,v4l2_dqbuf,0,VIDEO_CAPTURE_MPLANE
13750.607567,v4l2_dqbuf,0,VIDEO_OUTPUT_MPLANE
13750.621560,v4l2_qbuf,0,VIDEO_OUTPUT_MPLANE
13750.621580,v4l2_qbuf,3,VIDEO_CAPTURE_MPLANE
13750.623734,v4l2_dqbuf,3,VIDEO_CAPTURE_MPLANE
13750.623752,v4l2_dqbuf,0,VIDEO_OUTPUT_MPLANE
13750.637868,v4l2_qbuf,0,VIDEO_OUTPUT_MPLANE
13750.637884,v4l2_qbuf,4,VIDEO_CAPTURE_MPLANE
13750.640997,v4l2_dqbuf,4,VIDEO_CAPTURE_MPLANE
13750.641203,v4l2_dqbuf,0,VIDEO_OUTPUT_MPLANE
13750.654925,v4l2_qbuf,0,VIDEO_OUTPUT_MPLANE
13750.654956,v4l2_qbuf,1,VIDEO_CAPTURE_MPLANE
13750.657271,v4l2_dqbuf,1,VIDEO_CAPTURE_MPLANE
13750.657294,v4l2_dqbuf,0,VIDEO_OUTPUT_MPLANE
13750.671326,v4l2_qbuf,0,VIDEO_OUTPUT_MPLANE
13750.671346,v4l2_qbuf,5,VIDEO_CAPTURE_MPLANE
13750.674631,v4l2_dqbuf,5,VIDEO_CAPTURE_MPLANE
13750.674797,v4l2_dqbuf,0,VIDEO_OUTPUT_MPLANE
13750.690729,v4l2_qbuf,0,VIDEO_OUTPUT_MPLANE
13750.690752,v4l2_qbuf,0,VIDEO_CAPTURE_MPLANE
13750.693991,v4l2_dqbuf,0,VIDEO_CAPTURE_MPLANE
13750.694099,v4l2_dqbuf,0,VIDEO_OUTPUT_MPLANE
13750.704635,v4l2_qbuf,0,VIDEO_OUTPUT_MPLANE
13750.704690,v4l2_qbuf,2,VIDEO_CAPTURE_MPLANE
13750.706908,v4l2_dqbuf,2,VIDEO_CAPTURE_MPLANE
13750.706924,v4l2_dqbuf,0,VIDEO_OUTPUT_MPLANE
13750.721438,v4l2_qbuf,0,VIDEO_OUTPUT_MPLANE
13750.721467,v4l2_qbuf,4,VIDEO_CAPTURE_MPLANE
13750.724691,v4l2_dqbuf,4,VIDEO_CAPTURE_MPLANE
13750.724785,v4l2_dqbuf,0,VIDEO_OUTPUT_MPLANE
13750.737923,v4l2_qbuf,0,VIDEO_OUTPUT_MPLANE
13750.737951,v4l2_qbuf,3,VIDEO_CAPTURE_MPLANE
13750.740055,v4l2_dqbuf,3,VIDEO_CAPTURE_MPLANE
13750.740076,v4l2_dqbuf,0,VIDEO_OUTPUT_MPLANE
13750.754949,v4l2_qbuf,0,VIDEO_OUTPUT_MPLANE
13750.754977,v4l2_qbuf,5,VIDEO_CAPTURE_MPLANE
13750.758195,v4l2_dqbuf,5,VIDEO_CAPTURE_MPLANE
13750.758282,v4l2_dqbuf,0,VIDEO_OUTPUT_MPLANE
13750.771331,v4l2_qbuf,0,VIDEO_OUTPUT_MPLANE
13750.771351,v4l2_qbuf,0,VIDEO_CAPTURE_MPLANE
13750.773622,v4l2_dqbuf,0,VIDEO_CAPTURE_MPLANE
13750.773637,v4l2_dqbuf,0,VIDEO_OUTPUT_MPLANE
13750.788339,v4l2_qbuf,0,VIDEO_OUTPUT_MPLANE
13750.788373,v4l2_qbuf,1,VIDEO_CAPTURE_MPLANE
13750.791458,v4l2_dqbuf,1,VIDEO_CAPTURE_MPLANE
13750.791602,v4l2_dqbuf,0,VIDEO_OUTPUT_MPLANE
13750.804556,v4l2_qbuf,0,VIDEO_OUTPUT_MPLANE
13750.804573,v4l2_qbuf,4,VIDEO_CAPTURE_MPLANE
13750.807674,v4l2_dqbuf,4,VIDEO_CAPTURE_MPLANE
13750.807772,v4l2_dqbuf,0,VIDEO_OUTPUT_MPLANE
13750.821372,v4l2_qbuf,0,VIDEO_OUTPUT_MPLANE
13750.821394,v4l2_qbuf,2,VIDEO_CAPTURE_MPLANE
13750.824589,v4l2_dqbuf,2,VIDEO_CAPTURE_MPLANE
13750.824692,v4l2_dqbuf,0,VIDEO_OUTPUT_MPLANE
13750.838056,v4l2_qbuf,0,VIDEO_OUTPUT_MPLANE
13750.838078,v4l2_qbuf,5,VIDEO_CAPTURE_MPLANE
13750.840331,v4l2_dqbuf,5,VIDEO_CAPTURE_MPLANE
13750.840346,v4l2_dqbuf,0,VIDEO_OUTPUT_MPLANE
13750.854581,v4l2_qbuf,0,VIDEO_OUTPUT_MPLANE
13750.854603,v4l2_qbuf,3,VIDEO_CAPTURE_MPLANE
13750.857656,v4l2_dqbuf,3,VIDEO_CAPTURE_MPLANE
13750.857746,v4l2_dqbuf,0,VIDEO_OUTPUT_MPLANE
13750.871396,v4l2_qbuf,0,VIDEO_OUTPUT_MPLANE
13750.871416,v4l2_qbuf,1,VIDEO_CAPTURE_MPLANE
13750.874581,v4l2_dqbuf,1,VIDEO_CAPTURE_MPLANE
13750.874672,v4l2_dqbuf,0,VIDEO_OUTPUT_MPLANE
13750.888087,v4l2_qbuf,0,VIDEO_OUTPUT_MPLANE
13750.888107,v4l2_qbuf,4,VIDEO_CAPTURE_MPLANE
13750.891222,v4l2_dqbuf,4,VIDEO_CAPTURE_MPLANE
13750.891308,v4l2_dqbuf,0,VIDEO_OUTPUT_MPLANE
13750.905293,v4l2_qbuf,0,VIDEO_OUTPUT_MPLANE
13750.905313,v4l2_qbuf,2,VIDEO_CAPTURE_MPLANE
13750.907403,v4l2_dqbuf,2,VIDEO_CAPTURE_MPLANE
13750.907418,v4l2_dqbuf,0,VIDEO_OUTPUT_MPLANE
13750.921363,v4l2_qbuf,0,VIDEO_OUTPUT_MPLANE
13750.921384,v4l2_qbuf,0,VIDEO_CAPTURE_MPLANE
13750.924561,v4l2_dqbuf,0,VIDEO_CAPTURE_MPLANE
13750.924665,v4l2_dqbuf,0,VIDEO_OUTPUT_MPLANE
13750.938065,v4l2_qbuf,0,VIDEO_OUTPUT_MPLANE
13750.938087,v4l2_qbuf,3,VIDEO_CAPTURE_MPLANE
13750.941259,v4l2_dqbuf,3,VIDEO_CAPTURE_MPLANE
13750.941365,v4l2_dqbuf,0,VIDEO_OUTPUT_MPLANE
13750.954821,v4l2_qbuf,0,VIDEO_OUTPUT_MPLANE
13750.954845,v4l2_qbuf,1,VIDEO_CAPTURE_MPLANE
13750.958212,v4l2_dqbuf,1,VIDEO_CAPTURE_MPLANE
13750.958309,v4l2_dqbuf,0,VIDEO_OUTPUT_MPLANE
13750.971790,v4l2_qbuf,0,VIDEO_OUTPUT_MPLANE
13750.971839,v4l2_qbuf,4,VIDEO_CAPTURE_MPLANE
13750.974360,v4l2_dqbuf,4,VIDEO_CAPTURE_MPLANE
13750.974389,v4l2_dqbuf,0,VIDEO_OUTPUT_MPLANE
13750.988413,v4l2_qbuf,0,VIDEO_OUTPUT_MPLANE
13750.988457,v4l2_qbuf,5,VIDEO_CAPTURE_MPLANE
13750.991921,v4l2_dqbuf,5,VIDEO_CAPTURE_MPLANE
13750.992077,v4l2_dqbuf,0,VIDEO_OUTPUT_MPLANE
13751.005525,v4l2_qbuf,0,VIDEO_OUTPUT_MPLANE
13751.005547,v4l2_qbuf,0,VIDEO_CAPTURE_MPLANE
13751.008628,v4l2_dqbuf,0,VIDEO_CAPTURE_MPLANE
13751.008722,v4l2_dqbuf,0,VIDEO_OUTPUT_MPLANE
13751.021511,v4l2_qbuf,0,VIDEO_OUTPUT_MPLANE
13751.021531,v4l2_qbuf,3,VIDEO_CAPTURE_MPLANE
13751.024526,v4l2_dqbuf,3,VIDEO_CAPTURE_MPLANE
13751.024630,v4l2_dqbuf,0,VIDEO_OUTPUT_MPLANE
13751.038408,v4l2_qbuf,0,VIDEO_OUTPUT_MPLANE
13751.038447,v4l2_qbuf,1,VIDEO_CAPTURE_MPLANE
13751.040742,v4l2_dqbuf,1,VIDEO_CAPTURE_MPLANE
13751.040756,v4l2_dqbuf,0,VIDEO_OUTPUT_MPLANE
13751.054752,v4l2_qbuf,0,VIDEO_OUTPUT_MPLANE
13751.054773,v4l2_qbuf,2,VIDEO_CAPTURE_MPLANE
13751.057810,v4l2_dqbuf,2,VIDEO_CAPTURE_MPLANE
13751.058047,v4l2_dqbuf,0,VIDEO_OUTPUT_MPLANE
13751.071133,v4l2_qbuf,0,VIDEO_OUTPUT_MPLANE
13751.071163,v4l2_qbuf,5,VIDEO_CAPTURE_MPLANE
13751.074435,v4l2_dqbuf,5,VIDEO_CAPTURE_MPLANE
13751.074531,v4l2_dqbuf,0,VIDEO_OUTPUT_MPLANE
13751.088047,v4l2_qbuf,0,VIDEO_OUTPUT_MPLANE
13751.088141,v4l2_qbuf,0,VIDEO_CAPTURE_MPLANE
13751.091199,v4l2_dqbuf,0,VIDEO_CAPTURE_MPLANE
13751.091288,v4l2_dqbuf,0,VIDEO_OUTPUT_MPLANE
13751.104838,v4l2_qbuf,0,VIDEO_OUTPUT_MPLANE
13751.104861,v4l2_qbuf,3,VIDEO_CAPTURE_MPLANE
13751.107164,v4l2_dqbuf,3,VIDEO_CAPTURE_MPLANE
13751.107183,v4l2_dqbuf,0,VIDEO_OUTPUT_MPLANE
13751.120938,v4l2_qbuf,0,VIDEO_OUTPUT_MPLANE
13751.120956,v4l2_qbuf,4,VIDEO_CAPTURE_MPLANE
13751.124035,v4l2_dqbuf,4,VIDEO_CAPTURE_MPLANE
13751.124135,v4l2_dqbuf,0,VIDEO_OUTPUT_MPLANE
13751.137985,v4l2_qbuf,0,VIDEO_OUTPUT_MPLANE
13751.138016,v4l2_qbuf,2,VIDEO_CAPTURE_MPLANE
13751.141127,v4l2_dqbuf,2,VIDEO_CAPTURE_MPLANE
13751.141217,v4l2_dqbuf,0,VIDEO_OUTPUT_MPLANE
13751.154523,v4l2_qbuf,0,VIDEO_OUTPUT_MPLANE
13751.154539,v4l2_qbuf,5,VIDEO_CAPTURE_MPLANE
13751.157640,v4l2_dqbuf,5,VIDEO_CAPTURE_MPLANE
13751.157733,v4l2_dqbuf,0,VIDEO_OUTPUT_MPLANE
13751.171050,v4l2_qbuf,0,VIDEO_OUTPUT_MPLANE
13751.171065,v4l2_qbuf,0,VIDEO_CAPTURE_MPLANE
13751.172862,v4l2_dqbuf,0,VIDEO_CAPTURE_MPLANE
13751.172872,v4l2_dqbuf,0,VIDEO_OUTPUT_MPLANE
13751.188317,v4l2_qbuf,0,VIDEO_OUTPUT_MPLANE
13751.188393,v4l2_qbuf,1,VIDEO_CAPTURE_MPLANE
13751.190614,v4l2_dqbuf,1,VIDEO_CAPTURE_MPLANE
13751.190637,v4l2_dqbuf,0,VIDEO_OUTPUT_MPLANE
13751.205147,v4l2_qbuf,0,VIDEO_OUTPUT_MPLANE
13751.205173,v4l2_qbuf,4,VIDEO_CAPTURE_MPLANE
13751.208409,v4l2_dqbuf,4,VIDEO_CAPTURE_MPLANE
13751.208562,v4l2_dqbuf,0,VIDEO_OUTPUT_MPLANE
13751.221294,v4l2_qbuf,0,VIDEO_OUTPUT_MPLANE
13751.221324,v4l2_qbuf,2,VIDEO_CAPTURE_MPLANE
13751.224300,v4l2_dqbuf,2,VIDEO_CAPTURE_MPLANE
13751.224414,v4l2_dqbuf,0,VIDEO_OUTPUT_MPLANE
13751.238034,v4l2_qbuf,0,VIDEO_OUTPUT_MPLANE
13751.238080,v4l2_qbuf,5,VIDEO_CAPTURE_MPLANE
13751.241221,v4l2_dqbuf,5,VIDEO_CAPTURE_MPLANE
13751.241344,v4l2_dqbuf,0,VIDEO_OUTPUT_MPLANE
13751.254714,v4l2_qbuf,0,VIDEO_OUTPUT_MPLANE
13751.254747,v4l2_qbuf,3,VIDEO_CAPTURE_MPLANE
13751.257042,v4l2_dqbuf,3,VIDEO_CAPTURE_MPLANE
13751.257064,v4l2_dqbuf,0,VIDEO_OUTPUT_MPLANE
13751.272018,v4l2_qbuf,0,VIDEO_OUTPUT_MPLANE
13751.272093,v4l2_qbuf,0,VIDEO_CAPTURE_MPLANE
13751.275368,v4l2_dqbuf,0,VIDEO_CAPTURE_MPLANE
13751.275470,v4l2_dqbuf,0,VIDEO_OUTPUT_MPLANE
13751.288147,v4l2_qbuf,0,VIDEO_OUTPUT_MPLANE
13751.288162,v4l2_qbuf,4,VIDEO_CAPTURE_MPLANE
13751.291236,v4l2_dqbuf,4,VIDEO_CAPTURE_MPLANE
13751.291325,v4l2_dqbuf,0,VIDEO_OUTPUT_MPLANE
13751.304904,v4l2_qbuf,0,VIDEO_OUTPUT_MPLANE
13751.304924,v4l2_qbuf,2,VIDEO_CAPTURE_MPLANE
13751.308151,v4l2_dqbuf,2,VIDEO_CAPTURE_MPLANE
13751.308245,v4l2_dqbuf,0,VIDEO_OUTPUT_MPLANE
13751.321374,v4l2_qbuf,0,VIDEO_OUTPUT_MPLANE
13751.321402,v4l2_qbuf,5,VIDEO_CAPTURE_MPLANE
13751.323670,v4l2_dqbuf,5,VIDEO_CAPTURE_MPLANE
13751.323695,v4l2_dqbuf,0,VIDEO_OUTPUT_MPLANE
13751.338124,v4l2_qbuf,0,VIDEO_OUTPUT_MPLANE
13751.338179,v4l2_qbuf,1,VIDEO_CAPTURE_MPLANE
13751.341570,v4l2_dqbuf,1,VIDEO_CAPTURE_MPLANE
13751.341786,v4l2_dqbuf,0,VIDEO_OUTPUT_MPLANE
13751.354735,v4l2_qbuf,0,VIDEO_OUTPUT_MPLANE
13751.354754,v4l2_qbuf,0,VIDEO_CAPTURE_MPLANE
13751.357970,v4l2_dqbuf,0,VIDEO_CAPTURE_MPLANE
13751.358070,v4l2_dqbuf,0,VIDEO_OUTPUT_MPLANE
13751.373279,v4l2_qbuf,0,VIDEO_OUTPUT_MPLANE
13751.373318,v4l2_qbuf,4,VIDEO_CAPTURE_MPLANE
13751.376654,v4l2_dqbuf,4,VIDEO_CAPTURE_MPLANE
13751.376929,v4l2_dqbuf,0,VIDEO_OUTPUT_MPLANE
13751.388058,v4l2_qbuf,0,VIDEO_OUTPUT_MPLANE
13751.388079,v4l2_qbuf,2,VIDEO_CAPTURE_MPLANE
13751.390409,v4l2_dqbuf,2,VIDEO_CAPTURE_MPLANE
13751.390433,v4l2_dqbuf,0,VIDEO_OUTPUT_MPLANE
13751.404875,v4l2_qbuf,0,VIDEO_OUTPUT_MPLANE
13751.404933,v4l2_qbuf,3,VIDEO_CAPTURE_MPLANE
13751.408023,v4l2_dqbuf,3,VIDEO_CAPTURE_MPLANE
13751.408132,v4l2_dqbuf,0,VIDEO_OUTPUT_MPLANE
13751.421511,v4l2_qbuf,0,VIDEO_OUTPUT_MPLANE
13751.421538,v4l2_qbuf,1,VIDEO_CAPTURE_MPLANE
13751.424819,v4l2_dqbuf,1,VIDEO_CAPTURE_MPLANE
13751.424958,v4l2_dqbuf,0,VIDEO_OUTPUT_MPLANE
13751.438303,v4l2_qbuf,0,VIDEO_OUTPUT_MPLANE
13751.438332,v4l2_qbuf,0,VIDEO_CAPTURE_MPLANE
13751.441655,v4l2_dqbuf,0,VIDEO_CAPTURE_MPLANE
13751.441842,v4l2_dqbuf,0,VIDEO_OUTPUT_MPLANE
13751.455034,v4l2_qbuf,0,VIDEO_OUTPUT_MPLANE
13751.455065,v4l2_qbuf,4,VIDEO_CAPTURE_MPLANE
13751.457255,v4l2_dqbuf,4,VIDEO_CAPTURE_MPLANE
13751.457311,v4l2_dqbuf,0,VIDEO_OUTPUT_MPLANE
13751.471866,v4l2_qbuf,0,VIDEO_OUTPUT_MPLANE
13751.471887,v4l2_qbuf,5,VIDEO_CAPTURE_MPLANE
13751.475071,v4l2_dqbuf,5,VIDEO_CAPTURE_MPLANE
13751.475170,v4l2_dqbuf,0,VIDEO_OUTPUT_MPLANE
13751.502314,v4l2_qbuf,0,VIDEO_OUTPUT_MPLANE
13751.502337,v4l2_qbuf,3,VIDEO_CAPTURE_MPLANE
13751.505456,v4l2_dqbuf,3,VIDEO_CAPTURE_MPLANE
13751.505622,v4l2_dqbuf,0,VIDEO_OUTPUT_MPLANE
13751.506257,v4l2_qbuf,0,VIDEO_OUTPUT_MPLANE
13751.506304,v4l2_qbuf,1,VIDEO_CAPTURE_MPLANE
13751.509535,v4l2_dqbuf,1,VIDEO_CAPTURE_MPLANE
13751.509710,v4l2_dqbuf,0,VIDEO_OUTPUT_MPLANE
13751.522953,v4l2_qbuf,0,VIDEO_OUTPUT_MPLANE
13751.522996,v4l2_qbuf,0,VIDEO_CAPTURE_MPLANE
13751.525444,v4l2_dqbuf,0,VIDEO_CAPTURE_MPLANE
13751.525474,v4l2_dqbuf,0,VIDEO_OUTPUT_MPLANE
13751.540255,v4l2_qbuf,0,VIDEO_OUTPUT_MPLANE
13751.540309,v4l2_qbuf,2,VIDEO_CAPTURE_MPLANE
13751.543619,v4l2_dqbuf,2,VIDEO_CAPTURE_MPLANE
13751.543777,v4l2_dqbuf,0,VIDEO_OUTPUT_MPLANE
13751.556834,v4l2_qbuf,0,VIDEO_OUTPUT_MPLANE
13751.556873,v4l2_qbuf,5,VIDEO_CAPTURE_MPLANE
13751.560097,v4l2_dqbuf,5,VIDEO_CAPTURE_MPLANE
13751.560364,v4l2_dqbuf,0,VIDEO_OUTPUT_MPLANE
13751.573218,v4l2_qbuf,0,VIDEO_OUTPUT_MPLANE
13751.573241,v4l2_qbuf,3,VIDEO_CAPTURE_MPLANE
13751.576407,v4l2_dqbuf,3,VIDEO_CAPTURE_MPLANE
13751.576489,v4l2_dqbuf,0,VIDEO_OUTPUT_MPLANE
13751.589852,v4l2_qbuf,0,VIDEO_OUTPUT_MPLANE
13751.589874,v4l2_qbuf,1,VIDEO_CAPTURE_MPLANE
13751.592083,v4l2_dqbuf,1,VIDEO_CAPTURE_MPLANE
13751.592097,v4l2_dqbuf,0,VIDEO_OUTPUT_MPLANE
13751.606786,v4l2_qbuf,0,VIDEO_OUTPUT_MPLANE
13751.606824,v4l2_qbuf,4,VIDEO_CAPTURE_MPLANE
13751.610022,v4l2_dqbuf,4,VIDEO_CAPTURE_MPLANE
13751.610235,v4l2_dqbuf,0,VIDEO_OUTPUT_MPLANE
13751.623142,v4l2_qbuf,0,VIDEO_OUTPUT_MPLANE
13751.623164,v4l2_qbuf,2,VIDEO_CAPTURE_MPLANE
13751.626408,v4l2_dqbuf,2,VIDEO_CAPTURE_MPLANE
13751.626545,v4l2_dqbuf,0,VIDEO_OUTPUT_MPLANE
13751.640175,v4l2_qbuf,0,VIDEO_OUTPUT_MPLANE
13751.640218,v4l2_qbuf,5,VIDEO_CAPTURE_MPLANE
13751.643468,v4l2_dqbuf,5,VIDEO_CAPTURE_MPLANE
13751.643539,v4l2_dqbuf,0,VIDEO_OUTPUT_MPLANE
13751.656347,v4l2_qbuf,0,VIDEO_OUTPUT_MPLANE
13751.656368,v4l2_qbuf,3,VIDEO_CAPTURE_MPLANE
13751.658482,v4l2_dqbuf,3,VIDEO_CAPTURE_MPLANE
13751.658496,v4l2_dqbuf,0,VIDEO_OUTPUT_MPLANE
13751.673408,v4l2_qbuf,0,VIDEO_OUTPUT_MPLANE
13751.673429,v4l2_qbuf,0,VIDEO_CAPTURE_MPLANE
13751.676651,v4l2_dqbuf,0,VIDEO_CAPTURE_MPLANE
13751.676732,v4l2_dqbuf,0,VIDEO_OUTPUT_MPLANE
13751.690041,v4l2_qbuf,0,VIDEO_OUTPUT_MPLANE
13751.690061,v4l2_qbuf,4,VIDEO_CAPTURE_MPLANE
13751.693204,v4l2_dqbuf,4,VIDEO_CAPTURE_MPLANE
13751.693301,v4l2_dqbuf,0,VIDEO_OUTPUT_MPLANE
13751.706475,v4l2_qbuf,0,VIDEO_OUTPUT_MPLANE
13751.706500,v4l2_qbuf,2,VIDEO_CAPTURE_MPLANE
13751.709707,v4l2_dqbuf,2,VIDEO_CAPTURE_MPLANE
13751.709805,v4l2_dqbuf,0,VIDEO_OUTPUT_MPLANE
13751.723204,v4l2_qbuf,0,VIDEO_OUTPUT_MPLANE
13751.723223,v4l2_qbuf,5,VIDEO_CAPTURE_MPLANE
13751.725496,v4l2_dqbuf,5,VIDEO_CAPTURE_MPLANE
13751.725511,v4l2_dqbuf,0,VIDEO_OUTPUT_MPLANE
13751.739751,v4l2_qbuf,0,VIDEO_OUTPUT_MPLANE
13751.739777,v4l2_qbuf,1,VIDEO_CAPTURE_MPLANE
13751.742944,v4l2_dqbuf,1,VIDEO_CAPTURE_MPLANE
13751.743022,v4l2_dqbuf,0,VIDEO_OUTPUT_MPLANE
13751.756673,v4l2_qbuf,0,VIDEO_OUTPUT_MPLANE
13751.756693,v4l2_qbuf,0,VIDEO_CAPTURE_MPLANE
13751.759925,v4l2_dqbuf,0,VIDEO_CAPTURE_MPLANE
13751.760020,v4l2_dqbuf,0,VIDEO_OUTPUT_MPLANE
13751.773370,v4l2_qbuf,0,VIDEO_OUTPUT_MPLANE
13751.773394,v4l2_qbuf,4,VIDEO_CAPTURE_MPLANE
13751.776431,v4l2_dqbuf,4,VIDEO_CAPTURE_MPLANE
13751.776528,v4l2_dqbuf,0,VIDEO_OUTPUT_MPLANE
13751.789736,v4l2_qbuf,0,VIDEO_OUTPUT_MPLANE
13751.789757,v4l2_qbuf,2,VIDEO_CAPTURE_MPLANE
13751.791951,v4l2_dqbuf,2,VIDEO_CAPTURE_MPLANE
13751.791963,v4l2_dqbuf,0,VIDEO_OUTPUT_MPLANE
13751.806286,v4l2_qbuf,0,VIDEO_OUTPUT_MPLANE
13751.806308,v4l2_qbuf,3,VIDEO_CAPTURE_MPLANE
13751.809509,v4l2_dqbuf,3,VIDEO_CAPTURE_MPLANE
13751.809667,v4l2_dqbuf,0,VIDEO_OUTPUT_MPLANE
13751.823333,v4l2_qbuf,0,VIDEO_OUTPUT_MPLANE
13751.823374,v4l2_qbuf,1,VIDEO_CAPTURE_MPLANE
13751.826624,v4l2_dqbuf,1,VIDEO_CAPTURE_MPLANE
13751.826775,v4l2_dqbuf,0,VIDEO_OUTPUT_MPLANE
13751.839954,v4l2_qbuf,0,VIDEO_OUTPUT_MPLANE
13751.839988,v4l2_qbuf,0,VIDEO_CAPTURE_MPLANE
13751.843323,v4l2_dqbuf,0,VIDEO_CAPTURE_MPLANE
13751.843479,v4l2_dqbuf,0,VIDEO_OUTPUT_MPLANE
13751.856667,v4l2_qbuf,0,VIDEO_OUTPUT_MPLANE
13751.856713,v4l2_qbuf,4,VIDEO_CAPTURE_MPLANE
13751.858982,v4l2_dqbuf,4,VIDEO_CAPTURE_MPLANE
13751.859028,v4l2_dqbuf,0,VIDEO_OUTPUT_MPLANE
13751.873092,v4l2_qbuf,0,VIDEO_OUTPUT_MPLANE
13751.873116,v4l2_qbuf,5,VIDEO_CAPTURE_MPLANE
13751.876161,v4l2_dqbuf,5,VIDEO_CAPTURE_MPLANE
13751.876242,v4l2_dqbuf,0,VIDEO_OUTPUT_MPLANE
13751.889734,v4l2_qbuf,0,VIDEO_OUTPUT_MPLANE
13751.889756,v4l2_qbuf,3,VIDEO_CAPTURE_MPLANE
13751.892956,v4l2_dqbuf,3,VIDEO_CAPTURE_MPLANE
13751.893058,v4l2_dqbuf,0,VIDEO_OUTPUT_MPLANE
13751.906170,v4l2_qbuf,0,VIDEO_OUTPUT_MPLANE
13751.906191,v4l2_qbuf,1,VIDEO_CAPTURE_MPLANE
13751.909398,v4l2_dqbuf,1,VIDEO_CAPTURE_MPLANE
13751.909541,v4l2_dqbuf,0,VIDEO_OUTPUT_MPLANE
13751.923092,v4l2_qbuf,0,VIDEO_OUTPUT_MPLANE
13751.923113,v4l2_qbuf,0,VIDEO_CAPTURE_MPLANE
13751.925378,v4l2_dqbuf,0,VIDEO_CAPTURE_MPLANE
13751.925400,v4l2_dqbuf,0,VIDEO_OUTPUT_MPLANE
13751.939890,v4l2_qbuf,0,VIDEO_OUTPUT_MPLANE
13751.939911,v4l2_qbuf,2,VIDEO_CAPTURE_MPLANE
13751.943040,v4l2_dqbuf,2,VIDEO_CAPTURE_MPLANE
13751.943124,v4l2_dqbuf,0,VIDEO_OUTPUT_MPLANE
13751.957030,v4l2_qbuf,0,VIDEO_OUTPUT_MPLANE
13751.957059,v4l2_qbuf,5,VIDEO_CAPTURE_MPLANE
13751.960381,v4l2_dqbuf,5,VIDEO_CAPTURE_MPLANE
13751.960574,v4l2_dqbuf,0,VIDEO_OUTPUT_MPLANE
13751.975124,v4l2_qbuf,0,VIDEO_OUTPUT_MPLANE
13751.975156,v4l2_qbuf,3,VIDEO_CAPTURE_MPLANE
13751.978385,v4l2_dqbuf,3,VIDEO_CAPTURE_MPLANE
13751.978494,v4l2_dqbuf,0,VIDEO_OUTPUT_MPLANE
13751.989660,v4l2_qbuf,0,VIDEO_OUTPUT_MPLANE
13751.989681,v4l2_qbuf,1,VIDEO_CAPTURE_MPLANE
13751.991791,v4l2_dqbuf,1,VIDEO_CAPTURE_MPLANE
13751.991805,v4l2_dqbuf,0,VIDEO_OUTPUT_MPLANE
13752.011142,v4l2_qbuf,0,VIDEO_OUTPUT_MPLANE
13752.011216,v4l2_qbuf,4,VIDEO_CAPTURE_MPLANE
13752.014162,v4l2_dqbuf,4,VIDEO_CAPTURE_MPLANE
13752.014414,v4l2_dqbuf,0,VIDEO_OUTPUT_MPLANE
13752.026961,v4l2_qbuf,0,VIDEO_OUTPUT_MPLANE
13752.027024,v4l2_qbuf,2,VIDEO_CAPTURE_MPLANE
13752.031169,v4l2_dqbuf,2,VIDEO_CAPTURE_MPLANE
13752.031347,v4l2_dqbuf,0,VIDEO_OUTPUT_MPLANE
13752.044577,v4l2_qbuf,0,VIDEO_OUTPUT_MPLANE
13752.044619,v4l2_qbuf,5,VIDEO_CAPTURE_MPLANE
13752.047881,v4l2_dqbuf,5,VIDEO_CAPTURE_MPLANE
13752.047986,v4l2_dqbuf,0,VIDEO_OUTPUT_MPLANE
13752.060435,v4l2_qbuf,0,VIDEO_OUTPUT_MPLANE
13752.060453,v4l2_qbuf,3,VIDEO_CAPTURE_MPLANE
13752.063310,v4l2_dqbuf,3,VIDEO_CAPTURE_MPLANE
13752.063326,v4l2_dqbuf,0,VIDEO_OUTPUT_MPLANE
13752.078364,v4l2_qbuf,0,VIDEO_OUTPUT_MPLANE
13752.078388,v4l2_qbuf,0,VIDEO_CAPTURE_MPLANE
13752.081566,v4l2_dqbuf,0,VIDEO_CAPTURE_MPLANE
13752.081681,v4l2_dqbuf,0,VIDEO_OUTPUT_MPLANE
13752.093306,v4l2_qbuf,0,VIDEO_OUTPUT_MPLANE
13752.093322,v4l2_qbuf,4,VIDEO_CAPTURE_MPLANE
13752.096325,v4l2_dqbuf,4,VIDEO_CAPTURE_MPLANE
13752.096390,v4l2_dqbuf,0,VIDEO_OUTPUT_MPLANE
13752.110634,v4l2_qbuf,0,VIDEO_OUTPUT_MPLANE
13752.110657,v4l2_qbuf,2,VIDEO_CAPTURE_MPLANE
13752.113833,v4l2_dqbuf,2,VIDEO_CAPTURE_MPLANE
13752.113985,v4l2_dqbuf,0,VIDEO_OUTPUT_MPLANE
13752.126936,v4l2_qbuf,0,VIDEO_OUTPUT_MPLANE
13752.126953,v4l2_qbuf,5,VIDEO_CAPTURE_MPLANE
13752.129105,v4l2_dqbuf,5,VIDEO_CAPTURE_MPLANE
13752.129129,v4l2_dqbuf,0,VIDEO_OUTPUT_MPLANE
13752.143996,v4l2_qbuf,0,VIDEO_OUTPUT_MPLANE
13752.144050,v4l2_qbuf,1,VIDEO_CAPTURE_MPLANE
13752.147042,v4l2_dqbuf,1,VIDEO_CAPTURE_MPLANE
13752.147129,v4l2_dqbuf,0,VIDEO_OUTPUT_MPLANE
13752.160252,v4l2_qbuf,0,VIDEO_OUTPUT_MPLANE
13752.160269,v4l2_qbuf,0,VIDEO_CAPTURE_MPLANE
13752.163371,v4l2_dqbuf,0,VIDEO_CAPTURE_MPLANE
13752.163486,v4l2_dqbuf,0,VIDEO_OUTPUT_MPLANE
13752.177227,v4l2_qbuf,0,VIDEO_OUTPUT_MPLANE
13752.177250,v4l2_qbuf,4,VIDEO_CAPTURE_MPLANE
13752.180796,v4l2_dqbuf,4,VIDEO_CAPTURE_MPLANE
13752.180815,v4l2_dqbuf,0,VIDEO_OUTPUT_MPLANE
13752.193640,v4l2_qbuf,0,VIDEO_OUTPUT_MPLANE
13752.193663,v4l2_qbuf,2,VIDEO_CAPTURE_MPLANE
13752.195831,v4l2_dqbuf,2,VIDEO_CAPTURE_MPLANE
13752.195853,v4l2_dqbuf,0,VIDEO_OUTPUT_MPLANE
13752.210140,v4l2_qbuf,0,VIDEO_OUTPUT_MPLANE
13752.210160,v4l2_qbuf,3,VIDEO_CAPTURE_MPLANE
13752.213268,v4l2_dqbuf,3,VIDEO_CAPTURE_MPLANE
13752.213358,v4l2_dqbuf,0,VIDEO_OUTPUT_MPLANE
13752.226929,v4l2_qbuf,0,VIDEO_OUTPUT_MPLANE
13752.226947,v4l2_qbuf,1,VIDEO_CAPTURE_MPLANE
13752.230020,v4l2_dqbuf,1,VIDEO_CAPTURE_MPLANE
13752.230127,v4l2_dqbuf,0,VIDEO_OUTPUT_MPLANE
13752.243460,v4l2_qbuf,0,VIDEO_OUTPUT_MPLANE
13752.243480,v4l2_qbuf,0,VIDEO_CAPTURE_MPLANE
13752.245627,v4l2_dqbuf,0,VIDEO_CAPTURE_MPLANE
13752.245648,v4l2_dqbuf,0,VIDEO_OUTPUT_MPLANE
13752.260265,v4l2_qbuf,0,VIDEO_OUTPUT_MPLANE
13752.260294,v4l2_qbuf,5,VIDEO_CAPTURE_MPLANE
13752.263347,v4l2_dqbuf,5,VIDEO_CAPTURE_MPLANE
13752.263444,v4l2_dqbuf,0,VIDEO_OUTPUT_MPLANE
13752.276888,v4l2_qbuf,0,VIDEO_OUTPUT_MPLANE
13752.276904,v4l2_qbuf,4,VIDEO_CAPTURE_MPLANE
13752.280152,v4l2_dqbuf,4,VIDEO_CAPTURE_MPLANE
13752.280583,v4l2_dqbuf,0,VIDEO_OUTPUT_MPLANE
13752.293908,v4l2_qbuf,0,VIDEO_OUTPUT_MPLANE
13752.293946,v4l2_qbuf,3,VIDEO_CAPTURE_MPLANE
13752.297194,v4l2_dqbuf,3,VIDEO_CAPTURE_MPLANE
13752.297300,v4l2_dqbuf,0,VIDEO_OUTPUT_MPLANE
13752.310259,v4l2_qbuf,0,VIDEO_OUTPUT_MPLANE
13752.310287,v4l2_qbuf,1,VIDEO_CAPTURE_MPLANE
13752.312367,v4l2_dqbuf,1,VIDEO_CAPTURE_MPLANE
13752.312385,v4l2_dqbuf,0,VIDEO_OUTPUT_MPLANE
13752.326723,v4l2_qbuf,0,VIDEO_OUTPUT_MPLANE
13752.326739,v4l2_qbuf,2,VIDEO_CAPTURE_MPLANE
13752.329772,v4l2_dqbuf,2,VIDEO_CAPTURE_MPLANE
13752.329931,v4l2_dqbuf,0,VIDEO_OUTPUT_MPLANE
13752.343605,v4l2_qbuf,0,VIDEO_OUTPUT_MPLANE
13752.343635,v4l2_qbuf,5,VIDEO_CAPTURE_MPLANE
13752.346711,v4l2_dqbuf,5,VIDEO_CAPTURE_MPLANE
13752.346855,v4l2_dqbuf,0,VIDEO_OUTPUT_MPLANE
13752.360409,v4l2_qbuf,0,VIDEO_OUTPUT_MPLANE
13752.360436,v4l2_qbuf,4,VIDEO_CAPTURE_MPLANE
13752.364076,v4l2_dqbuf,4,VIDEO_CAPTURE_MPLANE
13752.364285,v4l2_dqbuf,0,VIDEO_OUTPUT_MPLANE
13752.377018,v4l2_qbuf,0,VIDEO_OUTPUT_MPLANE
13752.377059,v4l2_qbuf,3,VIDEO_CAPTURE_MPLANE
13752.379319,v4l2_dqbuf,3,VIDEO_CAPTURE_MPLANE
13752.379333,v4l2_dqbuf,0,VIDEO_OUTPUT_MPLANE
13752.393882,v4l2_qbuf,0,VIDEO_OUTPUT_MPLANE
13752.393916,v4l2_qbuf,0,VIDEO_CAPTURE_MPLANE
13752.397055,v4l2_dqbuf,0,VIDEO_CAPTURE_MPLANE
13752.397188,v4l2_dqbuf,0,VIDEO_OUTPUT_MPLANE
13752.410629,v4l2_qbuf,0,VIDEO_OUTPUT_MPLANE
13752.410666,v4l2_qbuf,2,VIDEO_CAPTURE_MPLANE
13752.413869,v4l2_dqbuf,2,VIDEO_CAPTURE_MPLANE
13752.414000,v4l2_dqbuf,0,VIDEO_OUTPUT_MPLANE
13752.427548,v4l2_qbuf,0,VIDEO_OUTPUT_MPLANE
13752.427586,v4l2_qbuf,5,VIDEO_CAPTURE_MPLANE
13752.430792,v4l2_dqbuf,5,VIDEO_CAPTURE_MPLANE
13752.430947,v4l2_dqbuf,0,VIDEO_OUTPUT_MPLANE
13752.443790,v4l2_qbuf,0,VIDEO_OUTPUT_MPLANE
13752.443820,v4l2_qbuf,4,VIDEO_CAPTURE_MPLANE
13752.445955,v4l2_dqbuf,4,VIDEO_CAPTURE_MPLANE
13752.445974,v4l2_dqbuf,0,VIDEO_OUTPUT_MPLANE
13752.460136,v4l2_qbuf,0,VIDEO_OUTPUT_MPLANE
13752.460153,v4l2_qbuf,1,VIDEO_CAPTURE_MPLANE
13752.463445,v4l2_dqbuf,1,VIDEO_CAPTURE_MPLANE
13752.463555,v4l2_dqbuf,0,VIDEO_OUTPUT_MPLANE
13752.476922,v4l2_qbuf,0,VIDEO_OUTPUT_MPLANE
13752.476941,v4l2_qbuf,0,VIDEO_CAPTURE_MPLANE
13752.479873,v4l2_dqbuf,0,VIDEO_CAPTURE_MPLANE
13752.479953,v4l2_dqbuf,0,VIDEO_OUTPUT_MPLANE
13752.493616,v4l2_qbuf,0,VIDEO_OUTPUT_MPLANE
13752.493636,v4l2_qbuf,2,VIDEO_CAPTURE_MPLANE
13752.496751,v4l2_dqbuf,2,VIDEO_CAPTURE_MPLANE
13752.496903,v4l2_dqbuf,0,VIDEO_OUTPUT_MPLANE
13752.510438,v4l2_qbuf,0,VIDEO_OUTPUT_MPLANE
13752.510469,v4l2_qbuf,5,VIDEO_CAPTURE_MPLANE
13752.512711,v4l2_dqbuf,5,VIDEO_CAPTURE_MPLANE
13752.512727,v4l2_dqbuf,0,VIDEO_OUTPUT_MPLANE
13752.527114,v4l2_qbuf,0,VIDEO_OUTPUT_MPLANE
13752.527142,v4l2_qbuf,3,VIDEO_CAPTURE_MPLANE
13752.530365,v4l2_dqbuf,3,VIDEO_CAPTURE_MPLANE
13752.530548,v4l2_dqbuf,0,VIDEO_OUTPUT_MPLANE
13752.543782,v4l2_qbuf,0,VIDEO_OUTPUT_MPLANE
13752.543804,v4l2_qbuf,1,VIDEO_CAPTURE_MPLANE
13752.547064,v4l2_dqbuf,1,VIDEO_CAPTURE_MPLANE
13752.547266,v4l2_dqbuf,0,VIDEO_OUTPUT_MPLANE
13752.563090,v4l2_qbuf,0,VIDEO_OUTPUT_MPLANE
13752.563221,v4l2_qbuf,0,VIDEO_CAPTURE_MPLANE
13752.566525,v4l2_dqbuf,0,VIDEO_CAPTURE_MPLANE
13752.566682,v4l2_dqbuf,0,VIDEO_OUTPUT_MPLANE
13752.577258,v4l2_qbuf,0,VIDEO_OUTPUT_MPLANE
13752.577298,v4l2_qbuf,2,VIDEO_CAPTURE_MPLANE
13752.579584,v4l2_dqbuf,2,VIDEO_CAPTURE_MPLANE
13752.579643,v4l2_dqbuf,0,VIDEO_OUTPUT_MPLANE
13752.593587,v4l2_qbuf,0,VIDEO_OUTPUT_MPLANE
13752.593609,v4l2_qbuf,4,VIDEO_CAPTURE_MPLANE
13752.596895,v4l2_dqbuf,4,VIDEO_CAPTURE_MPLANE
13752.597095,v4l2_dqbuf,0,VIDEO_OUTPUT_MPLANE
13752.610616,v4l2_qbuf,0,VIDEO_OUTPUT_MPLANE
13752.610638,v4l2_qbuf,3,VIDEO_CAPTURE_MPLANE
13752.613706,v4l2_dqbuf,3,VIDEO_CAPTURE_MPLANE
13752.613846,v4l2_dqbuf,0,VIDEO_OUTPUT_MPLANE
13752.626949,v4l2_qbuf,0,VIDEO_OUTPUT_MPLANE
13752.626971,v4l2_qbuf,1,VIDEO_CAPTURE_MPLANE
13752.629980,v4l2_dqbuf,1,VIDEO_CAPTURE_MPLANE
13752.630102,v4l2_dqbuf,0,VIDEO_OUTPUT_MPLANE
13752.643598,v4l2_qbuf,0,VIDEO_OUTPUT_MPLANE
13752.643617,v4l2_qbuf,0,VIDEO_CAPTURE_MPLANE
13752.648150,v4l2_dqbuf,0,VIDEO_CAPTURE_MPLANE
13752.648171,v4l2_dqbuf,0,VIDEO_OUTPUT_MPLANE
13752.662463,v4l2_qbuf,0,VIDEO_OUTPUT_MPLANE
13752.662484,v4l2_qbuf,5,VIDEO_CAPTURE_MPLANE
13752.665506,v4l2_dqbuf,5,VIDEO_CAPTURE_MPLANE
13752.665611,v4l2_dqbuf,0,VIDEO_OUTPUT_MPLANE
13752.676867,v4l2_qbuf,0,VIDEO_OUTPUT_MPLANE
13752.676884,v4l2_qbuf,4,VIDEO_CAPTURE_MPLANE
13752.679874,v4l2_dqbuf,4,VIDEO_CAPTURE_MPLANE
13752.679949,v4l2_dqbuf,0,VIDEO_OUTPUT_MPLANE
13752.693853,v4l2_qbuf,0,VIDEO_OUTPUT_MPLANE
13752.693873,v4l2_qbuf,3,VIDEO_CAPTURE_MPLANE
13752.696952,v4l2_dqbuf,3,VIDEO_CAPTURE_MPLANE
13752.697041,v4l2_dqbuf,0,VIDEO_OUTPUT_MPLANE
13752.710453,v4l2_qbuf,0,VIDEO_OUTPUT_MPLANE
13752.710478,v4l2_qbuf,1,VIDEO_CAPTURE_MPLANE
13752.712780,v4l2_dqbuf,1,VIDEO_CAPTURE_MPLANE
13752.712795,v4l2_dqbuf,0,VIDEO_OUTPUT_MPLANE
13752.726764,v4l2_qbuf,0,VIDEO_OUTPUT_MPLANE
13752.726780,v4l2_qbuf,2,VIDEO_CAPTURE_MPLANE
13752.733105,v4l2_dqbuf,2,VIDEO_CAPTURE_MPLANE
13752.733348,v4l2_dqbuf,0,VIDEO_OUTPUT_MPLANE
13752.744129,v4l2_qbuf,0,VIDEO_OUTPUT_MPLANE
13752.744161,v4l2_qbuf,5,VIDEO_CAPTURE_MPLANE
13752.747349,v4l2_dqbuf,5,VIDEO_CAPTURE_MPLANE
13752.747540,v4l2_dqbuf,0,VIDEO_OUTPUT_MPLANE
13752.760576,v4l2_qbuf,0,VIDEO_OUTPUT_MPLANE
13752.760638,v4l2_qbuf,4,VIDEO_CAPTURE_MPLANE
13752.763813,v4l2_dqbuf,4,VIDEO_CAPTURE_MPLANE
13752.763912,v4l2_dqbuf,0,VIDEO_OUTPUT_MPLANE
13752.776975,v4l2_qbuf,0,VIDEO_OUTPUT_MPLANE
13752.776994,v4l2_qbuf,3,VIDEO_CAPTURE_MPLANE
13752.779113,v4l2_dqbuf,3,VIDEO_CAPTURE_MPLANE
13752.779127,v4l2_dqbuf,0,VIDEO_OUTPUT_MPLANE
13752.793829,v4l2_qbuf,0,VIDEO_OUTPUT_MPLANE
13752.793849,v4l2_qbuf,0,VIDEO_CAPTURE_MPLANE
13752.796991,v4l2_dqbuf,0,VIDEO_CAPTURE_MPLANE
13752.797073,v4l2_dqbuf,0,VIDEO_OUTPUT_MPLANE
13752.810632,v4l2_qbuf,0,VIDEO_OUTPUT_MPLANE
13752.810674,v4l2_qbuf,2,VIDEO_CAPTURE_MPLANE
13752.813856,v4l2_dqbuf,2,VIDEO_CAPTURE_MPLANE
13752.813977,v4l2_dqbuf,0,VIDEO_OUTPUT_MPLANE
13752.827237,v4l2_qbuf,0,VIDEO_OUTPUT_MPLANE
13752.827261,v4l2_qbuf,5,VIDEO_CAPTURE_MPLANE
13752.830383,v4l2_dqbuf,5,VIDEO_CAPTURE_MPLANE
13752.830494,v4l2_dqbuf,0,VIDEO_OUTPUT_MPLANE
13752.844214,v4l2_qbuf,0,VIDEO_OUTPUT_MPLANE
13752.844302,v4l2_qbuf,4,VIDEO_CAPTURE_MPLANE
13752.846721,v4l2_dqbuf,4,VIDEO_CAPTURE_MPLANE
13752.846752,v4l2_dqbuf,0,VIDEO_OUTPUT_MPLANE
13752.860393,v4l2_qbuf,0,VIDEO_OUTPUT_MPLANE
13752.860415,v4l2_qbuf,1,VIDEO_CAPTURE_MPLANE
13752.863575,v4l2_dqbuf,1,VIDEO_CAPTURE_MPLANE
13752.863730,v4l2_dqbuf,0,VIDEO_OUTPUT_MPLANE
13752.877492,v4l2_qbuf,0,VIDEO_OUTPUT_MPLANE
13752.877509,v4l2_qbuf,0,VIDEO_CAPTURE_MPLANE
13752.880804,v4l2_dqbuf,0,VIDEO_CAPTURE_MPLANE
13752.880986,v4l2_dqbuf,0,VIDEO_OUTPUT_MPLANE
13752.893874,v4l2_qbuf,0,VIDEO_OUTPUT_MPLANE
13752.893914,v4l2_qbuf,2,VIDEO_CAPTURE_MPLANE
13752.897050,v4l2_dqbuf,2,VIDEO_CAPTURE_MPLANE
13752.897191,v4l2_dqbuf,0,VIDEO_OUTPUT_MPLANE
13752.910285,v4l2_qbuf,0,VIDEO_OUTPUT_MPLANE
13752.910302,v4l2_qbuf,5,VIDEO_CAPTURE_MPLANE
13752.912391,v4l2_dqbuf,5,VIDEO_CAPTURE_MPLANE
13752.912402,v4l2_dqbuf,0,VIDEO_OUTPUT_MPLANE
13752.926950,v4l2_qbuf,0,VIDEO_OUTPUT_MPLANE
13752.926979,v4l2_qbuf,3,VIDEO_CAPTURE_MPLANE
13752.930253,v4l2_dqbuf,3,VIDEO_CAPTURE_MPLANE
13752.930393,v4l2_dqbuf,0,VIDEO_OUTPUT_MPLANE
13752.944193,v4l2_qbuf,0,VIDEO_OUTPUT_MPLANE
13752.944229,v4l2_qbuf,1,VIDEO_CAPTURE_MPLANE
13752.948801,v4l2_dqbuf,1,VIDEO_CAPTURE_MPLANE
13752.948904,v4l2_dqbuf,0,VIDEO_OUTPUT_MPLANE
13752.960293,v4l2_qbuf,0,VIDEO_OUTPUT_MPLANE
13752.960313,v4l2_qbuf,0,VIDEO_CAPTURE_MPLANE
13752.963540,v4l2_dqbuf,0,VIDEO_CAPTURE_MPLANE
13752.963650,v4l2_dqbuf,0,VIDEO_OUTPUT_MPLANE
13752.976865,v4l2_qbuf,0,VIDEO_OUTPUT_MPLANE
13752.976885,v4l2_qbuf,2,VIDEO_CAPTURE_MPLANE
13752.979138,v4l2_dqbuf,2,VIDEO_CAPTURE_MPLANE
13752.979168,v4l2_dqbuf,0,VIDEO_OUTPUT_MPLANE
13752.993780,v4l2_qbuf,0,VIDEO_OUTPUT_MPLANE
13752.993801,v4l2_qbuf,4,VIDEO_CAPTURE_MPLANE
13752.997055,v4l2_dqbuf,4,VIDEO_CAPTURE_MPLANE
13752.997231,v4l2_dqbuf,0,VIDEO_OUTPUT_MPLANE
13753.010463,v4l2_qbuf,0,VIDEO_OUTPUT_MPLANE
13753.010493,v4l2_qbuf,3,VIDEO_CAPTURE_MPLANE
13753.013724,v4l2_dqbuf,3,VIDEO_CAPTURE_MPLANE
13753.013866,v4l2_dqbuf,0,VIDEO_OUTPUT_MPLANE
13753.027254,v4l2_qbuf,0,VIDEO_OUTPUT_MPLANE
13753.027296,v4l2_qbuf,1,VIDEO_CAPTURE_MPLANE
13753.030634,v4l2_dqbuf,1,VIDEO_CAPTURE_MPLANE
13753.030824,v4l2_dqbuf,0,VIDEO_OUTPUT_MPLANE
13753.044149,v4l2_qbuf,0,VIDEO_OUTPUT_MPLANE
13753.044183,v4l2_qbuf,0,VIDEO_CAPTURE_MPLANE
13753.046572,v4l2_dqbuf,0,VIDEO_CAPTURE_MPLANE
13753.046601,v4l2_dqbuf,0,VIDEO_OUTPUT_MPLANE
13753.060518,v4l2_qbuf,0,VIDEO_OUTPUT_MPLANE
13753.060548,v4l2_qbuf,5,VIDEO_CAPTURE_MPLANE
13753.063835,v4l2_dqbuf,5,VIDEO_CAPTURE_MPLANE
13753.064027,v4l2_dqbuf,0,VIDEO_OUTPUT_MPLANE
13753.077048,v4l2_qbuf,0,VIDEO_OUTPUT_MPLANE
13753.077070,v4l2_qbuf,4,VIDEO_CAPTURE_MPLANE
13753.080163,v4l2_dqbuf,4,VIDEO_CAPTURE_MPLANE
13753.080249,v4l2_dqbuf,0,VIDEO_OUTPUT_MPLANE
13753.093501,v4l2_qbuf,0,VIDEO_OUTPUT_MPLANE
13753.093521,v4l2_qbuf,3,VIDEO_CAPTURE_MPLANE
13753.096725,v4l2_dqbuf,3,VIDEO_CAPTURE_MPLANE
13753.096828,v4l2_dqbuf,0,VIDEO_OUTPUT_MPLANE
13753.110528,v4l2_qbuf,0,VIDEO_OUTPUT_MPLANE
13753.110548,v4l2_qbuf,1,VIDEO_CAPTURE_MPLANE
13753.112741,v4l2_dqbuf,1,VIDEO_CAPTURE_MPLANE
13753.112756,v4l2_dqbuf,0,VIDEO_OUTPUT_MPLANE
13753.127228,v4l2_qbuf,0,VIDEO_OUTPUT_MPLANE
13753.127248,v4l2_qbuf,2,VIDEO_CAPTURE_MPLANE
13753.130464,v4l2_dqbuf,2,VIDEO_CAPTURE_MPLANE
13753.130609,v4l2_dqbuf,0,VIDEO_OUTPUT_MPLANE
13753.143813,v4l2_qbuf,0,VIDEO_OUTPUT_MPLANE
13753.143833,v4l2_qbuf,5,VIDEO_CAPTURE_MPLANE
13753.147769,v4l2_dqbuf,5,VIDEO_CAPTURE_MPLANE
13753.147907,v4l2_dqbuf,0,VIDEO_OUTPUT_MPLANE
13753.160418,v4l2_qbuf,0,VIDEO_OUTPUT_MPLANE
13753.160436,v4l2_qbuf,4,VIDEO_CAPTURE_MPLANE
13753.163587,v4l2_dqbuf,4,VIDEO_CAPTURE_MPLANE
13753.163731,v4l2_dqbuf,0,VIDEO_OUTPUT_MPLANE
13753.177776,v4l2_qbuf,0,VIDEO_OUTPUT_MPLANE
13753.177831,v4l2_qbuf,3,VIDEO_CAPTURE_MPLANE
13753.179912,v4l2_dqbuf,3,VIDEO_CAPTURE_MPLANE
13753.179938,v4l2_dqbuf,0,VIDEO_OUTPUT_MPLANE
13753.193639,v4l2_qbuf,0,VIDEO_OUTPUT_MPLANE
13753.193661,v4l2_qbuf,0,VIDEO_CAPTURE_MPLANE
13753.195846,v4l2_dqbuf,0,VIDEO_CAPTURE_MPLANE
13753.195861,v4l2_dqbuf,0,VIDEO_OUTPUT_MPLANE
13753.210481,v4l2_qbuf,0,VIDEO_OUTPUT_MPLANE
13753.210513,v4l2_qbuf,2,VIDEO_CAPTURE_MPLANE
13753.213603,v4l2_dqbuf,2,VIDEO_CAPTURE_MPLANE
13753.213738,v4l2_dqbuf,0,VIDEO_OUTPUT_MPLANE
13753.227088,v4l2_qbuf,0,VIDEO_OUTPUT_MPLANE
13753.227107,v4l2_qbuf,5,VIDEO_CAPTURE_MPLANE
13753.230209,v4l2_dqbuf,5,VIDEO_CAPTURE_MPLANE
13753.230299,v4l2_dqbuf,0,VIDEO_OUTPUT_MPLANE
13753.243847,v4l2_qbuf,0,VIDEO_OUTPUT_MPLANE
13753.243869,v4l2_qbuf,4,VIDEO_CAPTURE_MPLANE
13753.246997,v4l2_dqbuf,4,VIDEO_CAPTURE_MPLANE
13753.247221,v4l2_dqbuf,0,VIDEO_OUTPUT_MPLANE
13753.260625,v4l2_qbuf,0,VIDEO_OUTPUT_MPLANE
13753.260653,v4l2_qbuf,1,VIDEO_CAPTURE_MPLANE
13753.263544,v4l2_dqbuf,1,VIDEO_CAPTURE_MPLANE
13753.263561,v4l2_dqbuf,0,VIDEO_OUTPUT_MPLANE
13753.277273,v4l2_qbuf,0,VIDEO_OUTPUT_MPLANE
13753.277294,v4l2_qbuf,3,VIDEO_CAPTURE_MPLANE
13753.280401,v4l2_dqbuf,3,VIDEO_CAPTURE_MPLANE
13753.280489,v4l2_dqbuf,0,VIDEO_OUTPUT_MPLANE
13753.293597,v4l2_qbuf,0,VIDEO_OUTPUT_MPLANE
13753.293618,v4l2_qbuf,2,VIDEO_CAPTURE_MPLANE
13753.296681,v4l2_dqbuf,2,VIDEO_CAPTURE_MPLANE
13753.296766,v4l2_dqbuf,0,VIDEO_OUTPUT_MPLANE
13753.310456,v4l2_qbuf,0,VIDEO_OUTPUT_MPLANE
13753.310498,v4l2_qbuf,5,VIDEO_CAPTURE_MPLANE
13753.315278,v4l2_dqbuf,5,VIDEO_CAPTURE_MPLANE
13753.315393,v4l2_dqbuf,0,VIDEO_OUTPUT_MPLANE
13753.328896,v4l2_qbuf,0,VIDEO_OUTPUT_MPLANE
13753.328919,v4l2_qbuf,4,VIDEO_CAPTURE_MPLANE
13753.331150,v4l2_dqbuf,4,VIDEO_CAPTURE_MPLANE
13753.331166,v4l2_dqbuf,0,VIDEO_OUTPUT_MPLANE
13753.343698,v4l2_qbuf,0,VIDEO_OUTPUT_MPLANE
13753.343739,v4l2_qbuf,0,VIDEO_CAPTURE_MPLANE
13753.346967,v4l2_dqbuf,0,VIDEO_CAPTURE_MPLANE
13753.347186,v4l2_dqbuf,0,VIDEO_OUTPUT_MPLANE
13753.360322,v4l2_qbuf,0,VIDEO_OUTPUT_MPLANE
13753.360355,v4l2_qbuf,3,VIDEO_CAPTURE_MPLANE
13753.363641,v4l2_dqbuf,3,VIDEO_CAPTURE_MPLANE
13753.363843,v4l2_dqbuf,0,VIDEO_OUTPUT_MPLANE
13753.376872,v4l2_qbuf,0,VIDEO_OUTPUT_MPLANE
13753.376890,v4l2_qbuf,2,VIDEO_CAPTURE_MPLANE
13753.381469,v4l2_dqbuf,2,VIDEO_CAPTURE_MPLANE
13753.381573,v4l2_dqbuf,0,VIDEO_OUTPUT_MPLANE
13753.393686,v4l2_qbuf,0,VIDEO_OUTPUT_MPLANE
13753.393719,v4l2_qbuf,5,VIDEO_CAPTURE_MPLANE
13753.395952,v4l2_dqbuf,5,VIDEO_CAPTURE_MPLANE
13753.395975,v4l2_dqbuf,0,VIDEO_OUTPUT_MPLANE
13753.410348,v4l2_qbuf,0,VIDEO_OUTPUT_MPLANE
13753.410368,v4l2_qbuf,1,VIDEO_CAPTURE_MPLANE
13753.415412,v4l2_dqbuf,1,VIDEO_CAPTURE_MPLANE
13753.415526,v4l2_dqbuf,0,VIDEO_OUTPUT_MPLANE
13753.426774,v4l2_qbuf,0,VIDEO_OUTPUT_MPLANE
13753.426805,v4l2_qbuf,0,VIDEO_CAPTURE_MPLANE
13753.430074,v4l2_dqbuf,0,VIDEO_CAPTURE_MPLANE
13753.430268,v4l2_dqbuf,0,VIDEO_OUTPUT_MPLANE
13753.444851,v4l2_qbuf,0,VIDEO_OUTPUT_MPLANE
13753.444909,v4l2_qbuf,3,VIDEO_CAPTURE_MPLANE
13753.448054,v4l2_dqbuf,3,VIDEO_CAPTURE_MPLANE
13753.448270,v4l2_dqbuf,0,VIDEO_OUTPUT_MPLANE
13753.459964,v4l2_qbuf,0,VIDEO_OUTPUT_MPLANE
13753.459980,v4l2_qbuf,2,VIDEO_CAPTURE_MPLANE
13753.462054,v4l2_dqbuf,2,VIDEO_CAPTURE_MPLANE
13753.462068,v4l2_dqbuf,0,VIDEO_OUTPUT_MPLANE
13753.476693,v4l2_qbuf,0,VIDEO_OUTPUT_MPLANE
13753.476715,v4l2_qbuf,4,VIDEO_CAPTURE_MPLANE
13753.479785,v4l2_dqbuf,4,VIDEO_CAPTURE_MPLANE
13753.479859,v4l2_dqbuf,0,VIDEO_OUTPUT_MPLANE
13753.493558,v4l2_qbuf,0,VIDEO_OUTPUT_MPLANE
13753.493577,v4l2_qbuf,1,VIDEO_CAPTURE_MPLANE
13753.496655,v4l2_dqbuf,1,VIDEO_CAPTURE_MPLANE
13753.496725,v4l2_dqbuf,0,VIDEO_OUTPUT_MPLANE
13753.510192,v4l2_qbuf,0,VIDEO_OUTPUT_MPLANE
13753.510224,v4l2_qbuf,0,VIDEO_CAPTURE_MPLANE
13753.513666,v4l2_dqbuf,0,VIDEO_CAPTURE_MPLANE
13753.513867,v4l2_dqbuf,0,VIDEO_OUTPUT_MPLANE
13753.526684,v4l2_qbuf,0,VIDEO_OUTPUT_MPLANE
13753.526707,v4l2_qbuf,3,VIDEO_CAPTURE_MPLANE
13753.528994,v4l2_dqbuf,3,VIDEO_CAPTURE_MPLANE
13753.529016,v4l2_dqbuf,0,VIDEO_OUTPUT_MPLANE
13753.543421,v4l2_qbuf,0,VIDEO_OUTPUT_MPLANE
13753.543441,v4l2_qbuf,5,VIDEO_CAPTURE_MPLANE
13753.546492,v4l2_dqbuf,5,VIDEO_CAPTURE_MPLANE
13753.546577,v4l2_dqbuf,0,VIDEO_OUTPUT_MPLANE
13753.560392,v4l2_qbuf,0,VIDEO_OUTPUT_MPLANE
13753.560425,v4l2_qbuf,4,VIDEO_CAPTURE_MPLANE
13753.563559,v4l2_dqbuf,4,VIDEO_CAPTURE_MPLANE
13753.563677,v4l2_dqbuf,0,VIDEO_OUTPUT_MPLANE
13753.577241,v4l2_qbuf,0,VIDEO_OUTPUT_MPLANE
13753.577273,v4l2_qbuf,1,VIDEO_CAPTURE_MPLANE
13753.580450,v4l2_dqbuf,1,VIDEO_CAPTURE_MPLANE
13753.580586,v4l2_dqbuf,0,VIDEO_OUTPUT_MPLANE
13753.593708,v4l2_qbuf,0,VIDEO_OUTPUT_MPLANE
13753.593740,v4l2_qbuf,0,VIDEO_CAPTURE_MPLANE
13753.597765,v4l2_dqbuf,0,VIDEO_CAPTURE_MPLANE
13753.597786,v4l2_dqbuf,0,VIDEO_OUTPUT_MPLANE
13753.612600,v4l2_qbuf,0,VIDEO_OUTPUT_MPLANE
13753.612619,v4l2_qbuf,2,VIDEO_CAPTURE_MPLANE
13753.615959,v4l2_dqbuf,2,VIDEO_CAPTURE_MPLANE
13753.616071,v4l2_dqbuf,0,VIDEO_OUTPUT_MPLANE
13753.627325,v4l2_qbuf,0,VIDEO_OUTPUT_MPLANE
13753.627362,v4l2_qbuf,5,VIDEO_CAPTURE_MPLANE
13753.630603,v4l2_dqbuf,5,VIDEO_CAPTURE_MPLANE
13753.630777,v4l2_dqbuf,0,VIDEO_OUTPUT_MPLANE
13753.643900,v4l2_qbuf,0,VIDEO_OUTPUT_MPLANE
13753.643920,v4l2_qbuf,4,VIDEO_CAPTURE_MPLANE
13753.647036,v4l2_dqbuf,4,VIDEO_CAPTURE_MPLANE
13753.647111,v4l2_dqbuf,0,VIDEO_OUTPUT_MPLANE
13753.660612,v4l2_qbuf,0,VIDEO_OUTPUT_MPLANE
13753.660634,v4l2_qbuf,1,VIDEO_CAPTURE_MPLANE
13753.662896,v4l2_dqbuf,1,VIDEO_CAPTURE_MPLANE
13753.662918,v4l2_dqbuf,0,VIDEO_OUTPUT_MPLANE
13753.677340,v4l2_qbuf,0,VIDEO_OUTPUT_MPLANE
13753.677361,v4l2_qbuf,3,VIDEO_CAPTURE_MPLANE
13753.680536,v4l2_dqbuf,3,VIDEO_CAPTURE_MPLANE
13753.680619,v4l2_dqbuf,0,VIDEO_OUTPUT_MPLANE
13753.693803,v4l2_qbuf,0,VIDEO_OUTPUT_MPLANE
13753.693822,v4l2_qbuf,2,VIDEO_CAPTURE_MPLANE
13753.699239,v4l2_dqbuf,2,VIDEO_CAPTURE_MPLANE
13753.699339,v4l2_dqbuf,0,VIDEO_OUTPUT_MPLANE
13753.710365,v4l2_qbuf,0,VIDEO_OUTPUT_MPLANE
13753.710386,v4l2_qbuf,5,VIDEO_CAPTURE_MPLANE
13753.713438,v4l2_dqbuf,5,VIDEO_CAPTURE_MPLANE
13753.713567,v4l2_dqbuf,0,VIDEO_OUTPUT_MPLANE
13753.727106,v4l2_qbuf,0,VIDEO_OUTPUT_MPLANE
13753.727139,v4l2_qbuf,4,VIDEO_CAPTURE_MPLANE
13753.729291,v4l2_dqbuf,4,VIDEO_CAPTURE_MPLANE
13753.729311,v4l2_dqbuf,0,VIDEO_OUTPUT_MPLANE
13753.746268,v4l2_qbuf,0,VIDEO_OUTPUT_MPLANE
13753.746325,v4l2_qbuf,0,VIDEO_CAPTURE_MPLANE
13753.749709,v4l2_dqbuf,0,VIDEO_CAPTURE_MPLANE
13753.749814,v4l2_dqbuf,0,VIDEO_OUTPUT_MPLANE
13753.760700,v4l2_qbuf,0,VIDEO_OUTPUT_MPLANE
13753.760722,v4l2_qbuf,3,VIDEO_CAPTURE_MPLANE
13753.764018,v4l2_dqbuf,3,VIDEO_CAPTURE_MPLANE
13753.764269,v4l2_dqbuf,0,VIDEO_OUTPUT_MPLANE
13753.777294,v4l2_qbuf,0,VIDEO_OUTPUT_MPLANE
13753.777314,v4l2_qbuf,2,VIDEO_CAPTURE_MPLANE
13753.780515,v4l2_dqbuf,2,VIDEO_CAPTURE_MPLANE
13753.780603,v4l2_dqbuf,0,VIDEO_OUTPUT_MPLANE
13753.793582,v4l2_qbuf,0,VIDEO_OUTPUT_MPLANE
13753.793602,v4l2_qbuf,5,VIDEO_CAPTURE_MPLANE
13753.795871,v4l2_dqbuf,5,VIDEO_CAPTURE_MPLANE
13753.795885,v4l2_dqbuf,0,VIDEO_OUTPUT_MPLANE
13753.810451,v4l2_qbuf,0,VIDEO_OUTPUT_MPLANE
13753.810666,v4l2_qbuf,1,VIDEO_CAPTURE_MPLANE
13753.813881,v4l2_dqbuf,1,VIDEO_CAPTURE_MPLANE
13753.813953,v4l2_dqbuf,0,VIDEO_OUTPUT_MPLANE
13753.827159,v4l2_qbuf,0,VIDEO_OUTPUT_MPLANE
13753.827183,v4l2_qbuf,0,VIDEO_CAPTURE_MPLANE
13753.833223,v4l2_dqbuf,0,VIDEO_CAPTURE_MPLANE
13753.833330,v4l2_dqbuf,0,VIDEO_OUTPUT_MPLANE
13753.843897,v4l2_qbuf,0,VIDEO_OUTPUT_MPLANE
13753.843932,v4l2_qbuf,3,VIDEO_CAPTURE_MPLANE
13753.847319,v4l2_dqbuf,3,VIDEO_CAPTURE_MPLANE
13753.847502,v4l2_dqbuf,0,VIDEO_OUTPUT_MPLANE
13753.860625,v4l2_qbuf,0,VIDEO_OUTPUT_MPLANE
13753.860657,v4l2_qbuf,2,VIDEO_CAPTURE_MPLANE
13753.862777,v4l2_dqbuf,2,VIDEO_CAPTURE_MPLANE
13753.862791,v4l2_dqbuf,0,VIDEO_OUTPUT_MPLANE
13753.877077,v4l2_qbuf,0,VIDEO_OUTPUT_MPLANE
13753.877099,v4l2_qbuf,4,VIDEO_CAPTURE_MPLANE
13753.880260,v4l2_dqbuf,4,VIDEO_CAPTURE_MPLANE
13753.880355,v4l2_dqbuf,0,VIDEO_OUTPUT_MPLANE
13753.893620,v4l2_qbuf,0,VIDEO_OUTPUT_MPLANE
13753.893643,v4l2_qbuf,1,VIDEO_CAPTURE_MPLANE
13753.896784,v4l2_dqbuf,1,VIDEO_CAPTURE_MPLANE
13753.896869,v4l2_dqbuf,0,VIDEO_OUTPUT_MPLANE
13753.910713,v4l2_qbuf,0,VIDEO_OUTPUT_MPLANE
13753.910734,v4l2_qbuf,0,VIDEO_CAPTURE_MPLANE
13753.914032,v4l2_dqbuf,0,VIDEO_CAPTURE_MPLANE
13753.914116,v4l2_dqbuf,0,VIDEO_OUTPUT_MPLANE
13753.926994,v4l2_qbuf,0,VIDEO_OUTPUT_MPLANE
13753.927025,v4l2_qbuf,3,VIDEO_CAPTURE_MPLANE
13753.929283,v4l2_dqbuf,3,VIDEO_CAPTURE_MPLANE
13753.929298,v4l2_dqbuf,0,VIDEO_OUTPUT_MPLANE
13753.943370,v4l2_qbuf,0,VIDEO_OUTPUT_MPLANE
13753.943387,v4l2_qbuf,5,VIDEO_CAPTURE_MPLANE
13753.946643,v4l2_dqbuf,5,VIDEO_CAPTURE_MPLANE
13753.946758,v4l2_dqbuf,0,VIDEO_OUTPUT_MPLANE
13753.960437,v4l2_qbuf,0,VIDEO_OUTPUT_MPLANE
13753.960458,v4l2_qbuf,4,VIDEO_CAPTURE_MPLANE
13753.963630,v4l2_dqbuf,4,VIDEO_CAPTURE_MPLANE
13753.963715,v4l2_dqbuf,0,VIDEO_OUTPUT_MPLANE
13753.976792,v4l2_qbuf,0,VIDEO_OUTPUT_MPLANE
13753.976815,v4l2_qbuf,1,VIDEO_CAPTURE_MPLANE
13753.980159,v4l2_dqbuf,1,VIDEO_CAPTURE_MPLANE
13753.980273,v4l2_dqbuf,0,VIDEO_OUTPUT_MPLANE
13753.994316,v4l2_qbuf,0,VIDEO_OUTPUT_MPLANE
13753.994395,v4l2_qbuf,0,VIDEO_CAPTURE_MPLANE
13753.996791,v4l2_dqbuf,0,VIDEO_CAPTURE_MPLANE
13753.996806,v4l2_dqbuf,0,VIDEO_OUTPUT_MPLANE
13754.010336,v4l2_qbuf,0,VIDEO_OUTPUT_MPLANE
13754.010353,v4l2_qbuf,2,VIDEO_CAPTURE_MPLANE
13754.013722,v4l2_dqbuf,2,VIDEO_CAPTURE_MPLANE
13754.013811,v4l2_dqbuf,0,VIDEO_OUTPUT_MPLANE
13754.026841,v4l2_qbuf,0,VIDEO_OUTPUT_MPLANE
13754.026861,v4l2_qbuf,5,VIDEO_CAPTURE_MPLANE
13754.030079,v4l2_dqbuf,5,VIDEO_CAPTURE_MPLANE
13754.030163,v4l2_dqbuf,0,VIDEO_OUTPUT_MPLANE
13754.043589,v4l2_qbuf,0,VIDEO_OUTPUT_MPLANE
13754.043610,v4l2_qbuf,4,VIDEO_CAPTURE_MPLANE
13754.046813,v4l2_dqbuf,4,VIDEO_CAPTURE_MPLANE
13754.046980,v4l2_dqbuf,0,VIDEO_OUTPUT_MPLANE
13754.062594,v4l2_qbuf,0,VIDEO_OUTPUT_MPLANE
13754.062614,v4l2_qbuf,1,VIDEO_CAPTURE_MPLANE
13754.064877,v4l2_dqbuf,1,VIDEO_CAPTURE_MPLANE
13754.064895,v4l2_dqbuf,0,VIDEO_OUTPUT_MPLANE
13754.076865,v4l2_qbuf,0,VIDEO_OUTPUT_MPLANE
13754.076885,v4l2_qbuf,3,VIDEO_CAPTURE_MPLANE
13754.080136,v4l2_dqbuf,3,VIDEO_CAPTURE_MPLANE
13754.080229,v4l2_dqbuf,0,VIDEO_OUTPUT_MPLANE
13754.093967,v4l2_qbuf,0,VIDEO_OUTPUT_MPLANE
13754.094050,v4l2_qbuf,2,VIDEO_CAPTURE_MPLANE
13754.097451,v4l2_dqbuf,2,VIDEO_CAPTURE_MPLANE
13754.097630,v4l2_dqbuf,0,VIDEO_OUTPUT_MPLANE
13754.110555,v4l2_qbuf,0,VIDEO_OUTPUT_MPLANE
13754.110602,v4l2_qbuf,5,VIDEO_CAPTURE_MPLANE
13754.113808,v4l2_dqbuf,5,VIDEO_CAPTURE_MPLANE
13754.113963,v4l2_dqbuf,0,VIDEO_OUTPUT_MPLANE
13754.127550,v4l2_qbuf,0,VIDEO_OUTPUT_MPLANE
13754.127590,v4l2_qbuf,4,VIDEO_CAPTURE_MPLANE
13754.129888,v4l2_dqbuf,4,VIDEO_CAPTURE_MPLANE
13754.129918,v4l2_dqbuf,0,VIDEO_OUTPUT_MPLANE
13754.143864,v4l2_qbuf,0,VIDEO_OUTPUT_MPLANE
13754.143900,v4l2_qbuf,0,VIDEO_CAPTURE_MPLANE
13754.147618,v4l2_dqbuf,0,VIDEO_CAPTURE_MPLANE
13754.147740,v4l2_dqbuf,0,VIDEO_OUTPUT_MPLANE
13754.160486,v4l2_qbuf,0,VIDEO_OUTPUT_MPLANE
13754.160520,v4l2_qbuf,3,VIDEO_CAPTURE_MPLANE
13754.163915,v4l2_dqbuf,3,VIDEO_CAPTURE_MPLANE
13754.164071,v4l2_dqbuf,0,VIDEO_OUTPUT_MPLANE
13754.177177,v4l2_qbuf,0,VIDEO_OUTPUT_MPLANE
13754.177198,v4l2_qbuf,2,VIDEO_CAPTURE_MPLANE
13754.179154,v4l2_dqbuf,2,VIDEO_CAPTURE_MPLANE
13754.179170,v4l2_dqbuf,0,VIDEO_OUTPUT_MPLANE
13754.193535,v4l2_qbuf,0,VIDEO_OUTPUT_MPLANE
13754.193560,v4l2_qbuf,5,VIDEO_CAPTURE_MPLANE
13754.195726,v4l2_dqbuf,5,VIDEO_CAPTURE_MPLANE
13754.195736,v4l2_dqbuf,0,VIDEO_OUTPUT_MPLANE
13754.210271,v4l2_qbuf,0,VIDEO_OUTPUT_MPLANE
13754.210293,v4l2_qbuf,1,VIDEO_CAPTURE_MPLANE
13754.213596,v4l2_dqbuf,1,VIDEO_CAPTURE_MPLANE
13754.213761,v4l2_dqbuf,0,VIDEO_OUTPUT_MPLANE
13754.227348,v4l2_qbuf,0,VIDEO_OUTPUT_MPLANE
13754.227388,v4l2_qbuf,0,VIDEO_CAPTURE_MPLANE
13754.230614,v4l2_dqbuf,0,VIDEO_CAPTURE_MPLANE
13754.230745,v4l2_dqbuf,0,VIDEO_OUTPUT_MPLANE
13754.243678,v4l2_qbuf,0,VIDEO_OUTPUT_MPLANE
13754.243698,v4l2_qbuf,3,VIDEO_CAPTURE_MPLANE
13754.246759,v4l2_dqbuf,3,VIDEO_CAPTURE_MPLANE
13754.246859,v4l2_dqbuf,0,VIDEO_OUTPUT_MPLANE
13754.260400,v4l2_qbuf,0,VIDEO_OUTPUT_MPLANE
13754.260426,v4l2_qbuf,4,VIDEO_CAPTURE_MPLANE
13754.262722,v4l2_dqbuf,4,VIDEO_CAPTURE_MPLANE
13754.262741,v4l2_dqbuf,0,VIDEO_OUTPUT_MPLANE
13754.277109,v4l2_qbuf,0,VIDEO_OUTPUT_MPLANE
13754.277153,v4l2_qbuf,2,VIDEO_CAPTURE_MPLANE
13754.280435,v4l2_dqbuf,2,VIDEO_CAPTURE_MPLANE
13754.280530,v4l2_dqbuf,0,VIDEO_OUTPUT_MPLANE
13754.293304,v4l2_qbuf,0,VIDEO_OUTPUT_MPLANE
13754.293322,v4l2_qbuf,1,VIDEO_CAPTURE_MPLANE
13754.296557,v4l2_dqbuf,1,VIDEO_CAPTURE_MPLANE
13754.296683,v4l2_dqbuf,0,VIDEO_OUTPUT_MPLANE
13754.310532,v4l2_qbuf,0,VIDEO_OUTPUT_MPLANE
13754.310554,v4l2_qbuf,0,VIDEO_CAPTURE_MPLANE
13754.315188,v4l2_dqbuf,0,VIDEO_CAPTURE_MPLANE
13754.315427,v4l2_dqbuf,0,VIDEO_OUTPUT_MPLANE
13754.326975,v4l2_qbuf,0,VIDEO_OUTPUT_MPLANE
13754.326998,v4l2_qbuf,3,VIDEO_CAPTURE_MPLANE
13754.329385,v4l2_dqbuf,3,VIDEO_CAPTURE_MPLANE
13754.329409,v4l2_dqbuf,0,VIDEO_OUTPUT_MPLANE
13754.343986,v4l2_qbuf,0,VIDEO_OUTPUT_MPLANE
13754.344051,v4l2_qbuf,5,VIDEO_CAPTURE_MPLANE
13754.347210,v4l2_dqbuf,5,VIDEO_CAPTURE_MPLANE
13754.347330,v4l2_dqbuf,0,VIDEO_OUTPUT_MPLANE
13754.360086,v4l2_qbuf,0,VIDEO_OUTPUT_MPLANE
13754.360101,v4l2_qbuf,2,VIDEO_CAPTURE_MPLANE
13754.363538,v4l2_dqbuf,2,VIDEO_CAPTURE_MPLANE
13754.363641,v4l2_dqbuf,0,VIDEO_OUTPUT_MPLANE
13754.377292,v4l2_qbuf,0,VIDEO_OUTPUT_MPLANE
13754.377348,v4l2_qbuf,1,VIDEO_CAPTURE_MPLANE
13754.380686,v4l2_dqbuf,1,VIDEO_CAPTURE_MPLANE
13754.380867,v4l2_dqbuf,0,VIDEO_OUTPUT_MPLANE
13754.393708,v4l2_qbuf,0,VIDEO_OUTPUT_MPLANE
13754.393749,v4l2_qbuf,0,VIDEO_CAPTURE_MPLANE
13754.396032,v4l2_dqbuf,0,VIDEO_CAPTURE_MPLANE
13754.396056,v4l2_dqbuf,0,VIDEO_OUTPUT_MPLANE
13754.410406,v4l2_qbuf,0,VIDEO_OUTPUT_MPLANE
13754.410442,v4l2_qbuf,4,VIDEO_CAPTURE_MPLANE
13754.415525,v4l2_dqbuf,4,VIDEO_CAPTURE_MPLANE
13754.415647,v4l2_dqbuf,0,VIDEO_OUTPUT_MPLANE
13754.426866,v4l2_qbuf,0,VIDEO_OUTPUT_MPLANE
13754.426887,v4l2_qbuf,5,VIDEO_CAPTURE_MPLANE
13754.430133,v4l2_dqbuf,5,VIDEO_CAPTURE_MPLANE
13754.432073,v4l2_dqbuf,0,VIDEO_OUTPUT_MPLANE
13754.445752,v4l2_qbuf,0,VIDEO_OUTPUT_MPLANE
13754.445773,v4l2_qbuf,2,VIDEO_CAPTURE_MPLANE
13754.448934,v4l2_dqbuf,2,VIDEO_CAPTURE_MPLANE
13754.449052,v4l2_dqbuf,0,VIDEO_OUTPUT_MPLANE
13754.460173,v4l2_qbuf,0,VIDEO_OUTPUT_MPLANE
13754.460194,v4l2_qbuf,1,VIDEO_CAPTURE_MPLANE
13754.462238,v4l2_dqbuf,1,VIDEO_CAPTURE_MPLANE
13754.462252,v4l2_dqbuf,0,VIDEO_OUTPUT_MPLANE
13754.476963,v4l2_qbuf,0,VIDEO_OUTPUT_MPLANE
13754.476995,v4l2_qbuf,3,VIDEO_CAPTURE_MPLANE
13754.480255,v4l2_dqbuf,3,VIDEO_CAPTURE_MPLANE
13754.480350,v4l2_dqbuf,0,VIDEO_OUTPUT_MPLANE
13754.493510,v4l2_qbuf,0,VIDEO_OUTPUT_MPLANE
13754.493534,v4l2_qbuf,4,VIDEO_CAPTURE_MPLANE
13754.496674,v4l2_dqbuf,4,VIDEO_CAPTURE_MPLANE
13754.496759,v4l2_dqbuf,0,VIDEO_OUTPUT_MPLANE
13754.510250,v4l2_qbuf,0,VIDEO_OUTPUT_MPLANE
13754.510270,v4l2_qbuf,5,VIDEO_CAPTURE_MPLANE
13754.513291,v4l2_dqbuf,5,VIDEO_CAPTURE_MPLANE
13754.513369,v4l2_dqbuf,0,VIDEO_OUTPUT_MPLANE
13754.527079,v4l2_qbuf,0,VIDEO_OUTPUT_MPLANE
13754.527098,v4l2_qbuf,2,VIDEO_CAPTURE_MPLANE
13754.530192,v4l2_dqbuf,2,VIDEO_CAPTURE_MPLANE
13754.530213,v4l2_dqbuf,0,VIDEO_OUTPUT_MPLANE
13754.543452,v4l2_qbuf,0,VIDEO_OUTPUT_MPLANE
13754.543474,v4l2_qbuf,0,VIDEO_CAPTURE_MPLANE
13754.546570,v4l2_dqbuf,0,VIDEO_CAPTURE_MPLANE
13754.546642,v4l2_dqbuf,0,VIDEO_OUTPUT_MPLANE
13754.559998,v4l2_qbuf,0,VIDEO_OUTPUT_MPLANE
13754.560036,v4l2_qbuf,3,VIDEO_CAPTURE_MPLANE
13754.563513,v4l2_dqbuf,3,VIDEO_CAPTURE_MPLANE
13754.563641,v4l2_dqbuf,0,VIDEO_OUTPUT_MPLANE
13754.576627,v4l2_qbuf,0,VIDEO_OUTPUT_MPLANE
13754.576645,v4l2_qbuf,4,VIDEO_CAPTURE_MPLANE
13754.579806,v4l2_dqbuf,4,VIDEO_CAPTURE_MPLANE
13754.579910,v4l2_dqbuf,0,VIDEO_OUTPUT_MPLANE
13754.593723,v4l2_qbuf,0,VIDEO_OUTPUT_MPLANE
13754.593743,v4l2_qbuf,5,VIDEO_CAPTURE_MPLANE
13754.596029,v4l2_dqbuf,5,VIDEO_CAPTURE_MPLANE
13754.596059,v4l2_dqbuf,0,VIDEO_OUTPUT_MPLANE
13754.610211,v4l2_qbuf,0,VIDEO_OUTPUT_MPLANE
13754.610239,v4l2_qbuf,1,VIDEO_CAPTURE_MPLANE
13754.613412,v4l2_dqbuf,1,VIDEO_CAPTURE_MPLANE
13754.613516,v4l2_dqbuf,0,VIDEO_OUTPUT_MPLANE
13754.626705,v4l2_qbuf,0,VIDEO_OUTPUT_MPLANE
13754.626726,v4l2_qbuf,0,VIDEO_CAPTURE_MPLANE
13754.629858,v4l2_dqbuf,0,VIDEO_CAPTURE_MPLANE
13754.629943,v4l2_dqbuf,0,VIDEO_OUTPUT_MPLANE
13754.643433,v4l2_qbuf,0,VIDEO_OUTPUT_MPLANE
13754.643454,v4l2_qbuf,3,VIDEO_CAPTURE_MPLANE
13754.646728,v4l2_dqbuf,3,VIDEO_CAPTURE_MPLANE
13754.646835,v4l2_dqbuf,0,VIDEO_OUTPUT_MPLANE
13754.662059,v4l2_qbuf,0,VIDEO_OUTPUT_MPLANE
13754.662078,v4l2_qbuf,4,VIDEO_CAPTURE_MPLANE
13754.664320,v4l2_dqbuf,4,VIDEO_CAPTURE_MPLANE
13754.664336,v4l2_dqbuf,0,VIDEO_OUTPUT_MPLANE
13754.676895,v4l2_qbuf,0,VIDEO_OUTPUT_MPLANE
13754.676921,v4l2_qbuf,2,VIDEO_CAPTURE_MPLANE
13754.680208,v4l2_dqbuf,2,VIDEO_CAPTURE_MPLANE
13754.680346,v4l2_dqbuf,0,VIDEO_OUTPUT_MPLANE
13754.695620,v4l2_qbuf,0,VIDEO_OUTPUT_MPLANE
13754.695645,v4l2_qbuf,1,VIDEO_CAPTURE_MPLANE
13754.698793,v4l2_dqbuf,1,VIDEO_CAPTURE_MPLANE
13754.698924,v4l2_dqbuf,0,VIDEO_OUTPUT_MPLANE
13754.712669,v4l2_qbuf,0,VIDEO_OUTPUT_MPLANE
13754.712697,v4l2_qbuf,0,VIDEO_CAPTURE_MPLANE
13754.715895,v4l2_dqbuf,0,VIDEO_CAPTURE_MPLANE
13754.715916,v4l2_dqbuf,0,VIDEO_OUTPUT_MPLANE
13754.731192,v4l2_qbuf,0,VIDEO_OUTPUT_MPLANE
13754.731214,v4l2_qbuf,3,VIDEO_CAPTURE_MPLANE
13754.734295,v4l2_dqbuf,3,VIDEO_CAPTURE_MPLANE
13754.734397,v4l2_dqbuf,0,VIDEO_OUTPUT_MPLANE
13754.746719,v4l2_qbuf,0,VIDEO_OUTPUT_MPLANE
13754.746741,v4l2_qbuf,5,VIDEO_CAPTURE_MPLANE
13754.750052,v4l2_dqbuf,5,VIDEO_CAPTURE_MPLANE
13754.750153,v4l2_dqbuf,0,VIDEO_OUTPUT_MPLANE
13754.762525,v4l2_qbuf,0,VIDEO_OUTPUT_MPLANE
13754.762546,v4l2_qbuf,2,VIDEO_CAPTURE_MPLANE
13754.765746,v4l2_dqbuf,2,VIDEO_CAPTURE_MPLANE
13754.765838,v4l2_dqbuf,0,VIDEO_OUTPUT_MPLANE
13754.779474,v4l2_qbuf,0,VIDEO_OUTPUT_MPLANE
13754.779519,v4l2_qbuf,1,VIDEO_CAPTURE_MPLANE
13754.781807,v4l2_dqbuf,1,VIDEO_CAPTURE_MPLANE
13754.781821,v4l2_dqbuf,0,VIDEO_OUTPUT_MPLANE
13754.796045,v4l2_qbuf,0,VIDEO_OUTPUT_MPLANE
13754.796067,v4l2_qbuf,4,VIDEO_CAPTURE_MPLANE
13754.799906,v4l2_dqbuf,4,VIDEO_CAPTURE_MPLANE
13754.800044,v4l2_dqbuf,0,VIDEO_OUTPUT_MPLANE
13754.813044,v4l2_qbuf,0,VIDEO_OUTPUT_MPLANE
13754.813077,v4l2_qbuf,3,VIDEO_CAPTURE_MPLANE
13754.816421,v4l2_dqbuf,3,VIDEO_CAPTURE_MPLANE
13754.816645,v4l2_dqbuf,0,VIDEO_OUTPUT_MPLANE
13754.829229,v4l2_qbuf,0,VIDEO_OUTPUT_MPLANE
13754.829251,v4l2_qbuf,5,VIDEO_CAPTURE_MPLANE
13754.832346,v4l2_dqbuf,5,VIDEO_CAPTURE_MPLANE
13754.832447,v4l2_dqbuf,0,VIDEO_OUTPUT_MPLANE
13754.847440,v4l2_qbuf,0,VIDEO_OUTPUT_MPLANE
13754.847466,v4l2_qbuf,2,VIDEO_CAPTURE_MPLANE
13754.849640,v4l2_dqbuf,2,VIDEO_CAPTURE_MPLANE
13754.849665,v4l2_dqbuf,0,VIDEO_OUTPUT_MPLANE
13754.862452,v4l2_qbuf,0,VIDEO_OUTPUT_MPLANE
13754.862481,v4l2_qbuf,0,VIDEO_CAPTURE_MPLANE
13754.865643,v4l2_dqbuf,0,VIDEO_CAPTURE_MPLANE
13754.865811,v4l2_dqbuf,0,VIDEO_OUTPUT_MPLANE
13754.879034,v4l2_qbuf,0,VIDEO_OUTPUT_MPLANE
13754.879054,v4l2_qbuf,4,VIDEO_CAPTURE_MPLANE
13754.882042,v4l2_dqbuf,4,VIDEO_CAPTURE_MPLANE
13754.882184,v4l2_dqbuf,0,VIDEO_OUTPUT_MPLANE
13754.895648,v4l2_qbuf,0,VIDEO_OUTPUT_MPLANE
13754.895673,v4l2_qbuf,3,VIDEO_CAPTURE_MPLANE
13754.898816,v4l2_dqbuf,3,VIDEO_CAPTURE_MPLANE
13754.898902,v4l2_dqbuf,0,VIDEO_OUTPUT_MPLANE
13754.912605,v4l2_qbuf,0,VIDEO_OUTPUT_MPLANE
13754.912626,v4l2_qbuf,5,VIDEO_CAPTURE_MPLANE
13754.914880,v4l2_dqbuf,5,VIDEO_CAPTURE_MPLANE
13754.914903,v4l2_dqbuf,0,VIDEO_OUTPUT_MPLANE
13754.929074,v4l2_qbuf,0,VIDEO_OUTPUT_MPLANE
13754.929094,v4l2_qbuf,1,VIDEO_CAPTURE_MPLANE
13754.933348,v4l2_dqbuf,1,VIDEO_CAPTURE_MPLANE
13754.933584,v4l2_dqbuf,0,VIDEO_OUTPUT_MPLANE
13754.945972,v4l2_qbuf,0,VIDEO_OUTPUT_MPLANE
13754.946029,v4l2_qbuf,0,VIDEO_CAPTURE_MPLANE
13754.952125,v4l2_dqbuf,0,VIDEO_CAPTURE_MPLANE
13754.952234,v4l2_dqbuf,0,VIDEO_OUTPUT_MPLANE
13754.962266,v4l2_qbuf,0,VIDEO_OUTPUT_MPLANE
13754.962288,v4l2_qbuf,4,VIDEO_CAPTURE_MPLANE
13754.965484,v4l2_dqbuf,4,VIDEO_CAPTURE_MPLANE
13754.965597,v4l2_dqbuf,0,VIDEO_OUTPUT_MPLANE
13754.980640,v4l2_qbuf,0,VIDEO_OUTPUT_MPLANE
13754.980669,v4l2_qbuf,3,VIDEO_CAPTURE_MPLANE
13754.982908,v4l2_dqbuf,3,VIDEO_CAPTURE_MPLANE
13754.982925,v4l2_dqbuf,0,VIDEO_OUTPUT_MPLANE
13754.995699,v4l2_qbuf,0,VIDEO_OUTPUT_MPLANE
13754.995720,v4l2_qbuf,2,VIDEO_CAPTURE_MPLANE
13754.998783,v4l2_dqbuf,2,VIDEO_CAPTURE_MPLANE
13754.998852,v4l2_dqbuf,0,VIDEO_OUTPUT_MPLANE
13755.012408,v4l2_qbuf,0,VIDEO_OUTPUT_MPLANE
13755.012429,v4l2_qbuf,1,VIDEO_CAPTURE_MPLANE
13755.015695,v4l2_dqbuf,1,VIDEO_CAPTURE_MPLANE
13755.015779,v4l2_dqbuf,0,VIDEO_OUTPUT_MPLANE
13755.029701,v4l2_qbuf,0,VIDEO_OUTPUT_MPLANE
13755.029748,v4l2_qbuf,0,VIDEO_CAPTURE_MPLANE
13755.032869,v4l2_dqbuf,0,VIDEO_CAPTURE_MPLANE
13755.033052,v4l2_dqbuf,0,VIDEO_OUTPUT_MPLANE
13755.045946,v4l2_qbuf,0,VIDEO_OUTPUT_MPLANE
13755.045992,v4l2_qbuf,4,VIDEO_CAPTURE_MPLANE
13755.050476,v4l2_dqbuf,4,VIDEO_CAPTURE_MPLANE
13755.050494,v4l2_dqbuf,0,VIDEO_OUTPUT_MPLANE
13755.062595,v4l2_qbuf,0,VIDEO_OUTPUT_MPLANE
13755.062627,v4l2_qbuf,5,VIDEO_CAPTURE_MPLANE
13755.066022,v4l2_dqbuf,5,VIDEO_CAPTURE_MPLANE
13755.066139,v4l2_dqbuf,0,VIDEO_OUTPUT_MPLANE
13755.080927,v4l2_qbuf,0,VIDEO_OUTPUT_MPLANE
13755.080955,v4l2_qbuf,2,VIDEO_CAPTURE_MPLANE
13755.084010,v4l2_dqbuf,2,VIDEO_CAPTURE_MPLANE
13755.084118,v4l2_dqbuf,0,VIDEO_OUTPUT_MPLANE
13755.095655,v4l2_qbuf,0,VIDEO_OUTPUT_MPLANE
13755.095675,v4l2_qbuf,1,VIDEO_CAPTURE_MPLANE
13755.098790,v4l2_dqbuf,1,VIDEO_CAPTURE_MPLANE
13755.098878,v4l2_dqbuf,0,VIDEO_OUTPUT_MPLANE
13755.114494,v4l2_qbuf,0,VIDEO_OUTPUT_MPLANE
13755.114539,v4l2_qbuf,0,VIDEO_CAPTURE_MPLANE
13755.116838,v4l2_dqbuf,0,VIDEO_CAPTURE_MPLANE
13755.116852,v4l2_dqbuf,0,VIDEO_OUTPUT_MPLANE
13755.131144,v4l2_qbuf,0,VIDEO_OUTPUT_MPLANE
13755.131164,v4l2_qbuf,3,VIDEO_CAPTURE_MPLANE
13755.135353,v4l2_dqbuf,3,VIDEO_CAPTURE_MPLANE
13755.135485,v4l2_dqbuf,0,VIDEO_OUTPUT_MPLANE
13755.147748,v4l2_qbuf,0,VIDEO_OUTPUT_MPLANE
13755.147770,v4l2_qbuf,5,VIDEO_CAPTURE_MPLANE
13755.152192,v4l2_dqbuf,5,VIDEO_CAPTURE_MPLANE
13755.152213,v4l2_dqbuf,0,VIDEO_OUTPUT_MPLANE
13755.165527,v4l2_qbuf,0,VIDEO_OUTPUT_MPLANE
13755.165876,v4l2_qbuf,2,VIDEO_CAPTURE_MPLANE
13755.169059,v4l2_dqbuf,2,VIDEO_CAPTURE_MPLANE
13755.169306,v4l2_dqbuf,0,VIDEO_OUTPUT_MPLANE
13755.183126,v4l2_qbuf,0,VIDEO_OUTPUT_MPLANE
13755.183148,v4l2_qbuf,1,VIDEO_CAPTURE_MPLANE
13755.184959,v4l2_dqbuf,1,VIDEO_CAPTURE_MPLANE
13755.184980,v4l2_dqbuf,0,VIDEO_OUTPUT_MPLANE
13755.197890,v4l2_qbuf,0,VIDEO_OUTPUT_MPLANE
13755.197910,v4l2_qbuf,4,VIDEO_CAPTURE_MPLANE
13755.200116,v4l2_dqbuf,4,VIDEO_CAPTURE_MPLANE
13755.200132,v4l2_dqbuf,0,VIDEO_OUTPUT_MPLANE
13755.214494,v4l2_qbuf,0,VIDEO_OUTPUT_MPLANE
13755.214513,v4l2_qbuf,3,VIDEO_CAPTURE_MPLANE
13755.217672,v4l2_dqbuf,3,VIDEO_CAPTURE_MPLANE
13755.217759,v4l2_dqbuf,0,VIDEO_OUTPUT_MPLANE
13755.230932,v4l2_qbuf,0,VIDEO_OUTPUT_MPLANE
13755.230952,v4l2_qbuf,0,VIDEO_CAPTURE_MPLANE
13755.235296,v4l2_dqbuf,0,VIDEO_CAPTURE_MPLANE
13755.235427,v4l2_dqbuf,0,VIDEO_OUTPUT_MPLANE
13755.247720,v4l2_qbuf,0,VIDEO_OUTPUT_MPLANE
13755.247741,v4l2_qbuf,2,VIDEO_CAPTURE_MPLANE
13755.250955,v4l2_dqbuf,2,VIDEO_CAPTURE_MPLANE
13755.251129,v4l2_dqbuf,0,VIDEO_OUTPUT_MPLANE
13755.266308,v4l2_qbuf,0,VIDEO_OUTPUT_MPLANE
13755.266330,v4l2_qbuf,5,VIDEO_CAPTURE_MPLANE
13755.268680,v4l2_dqbuf,5,VIDEO_CAPTURE_MPLANE
13755.268697,v4l2_dqbuf,0,VIDEO_OUTPUT_MPLANE
13755.295588,v4l2_qbuf,0,VIDEO_OUTPUT_MPLANE
13755.295609,v4l2_qbuf,1,VIDEO_CAPTURE_MPLANE
13755.298739,v4l2_dqbuf,1,VIDEO_CAPTURE_MPLANE
13755.298829,v4l2_dqbuf,0,VIDEO_OUTPUT_MPLANE
13755.301473,v4l2_qbuf,0,VIDEO_OUTPUT_MPLANE
13755.301494,v4l2_qbuf,3,VIDEO_CAPTURE_MPLANE
13755.305311,v4l2_dqbuf,3,VIDEO_CAPTURE_MPLANE
13755.305435,v4l2_dqbuf,0,VIDEO_OUTPUT_MPLANE
13755.317843,v4l2_qbuf,0,VIDEO_OUTPUT_MPLANE
13755.317866,v4l2_qbuf,0,VIDEO_CAPTURE_MPLANE
13755.321035,v4l2_dqbuf,0,VIDEO_CAPTURE_MPLANE
13755.321106,v4l2_dqbuf,0,VIDEO_OUTPUT_MPLANE
13755.334923,v4l2_qbuf,0,VIDEO_OUTPUT_MPLANE
13755.334941,v4l2_qbuf,2,VIDEO_CAPTURE_MPLANE
13755.337110,v4l2_dqbuf,2,VIDEO_CAPTURE_MPLANE
13755.337125,v4l2_dqbuf,0,VIDEO_OUTPUT_MPLANE
13755.351584,v4l2_qbuf,0,VIDEO_OUTPUT_MPLANE
13755.351606,v4l2_qbuf,4,VIDEO_CAPTURE_MPLANE
13755.355821,v4l2_dqbuf,4,VIDEO_CAPTURE_MPLANE
13755.355965,v4l2_dqbuf,0,VIDEO_OUTPUT_MPLANE
13755.368374,v4l2_qbuf,0,VIDEO_OUTPUT_MPLANE
13755.368396,v4l2_qbuf,1,VIDEO_CAPTURE_MPLANE
13755.371566,v4l2_dqbuf,1,VIDEO_CAPTURE_MPLANE
13755.371649,v4l2_dqbuf,0,VIDEO_OUTPUT_MPLANE
13755.385093,v4l2_qbuf,0,VIDEO_OUTPUT_MPLANE
13755.385111,v4l2_qbuf,3,VIDEO_CAPTURE_MPLANE
13755.388387,v4l2_dqbuf,3,VIDEO_CAPTURE_MPLANE
13755.388631,v4l2_dqbuf,0,VIDEO_OUTPUT_MPLANE
13755.402255,v4l2_qbuf,0,VIDEO_OUTPUT_MPLANE
13755.402296,v4l2_qbuf,0,VIDEO_CAPTURE_MPLANE
13755.404494,v4l2_dqbuf,0,VIDEO_CAPTURE_MPLANE
13755.404523,v4l2_dqbuf,0,VIDEO_OUTPUT_MPLANE
13755.420154,v4l2_qbuf,0,VIDEO_OUTPUT_MPLANE
13755.420173,v4l2_qbuf,5,VIDEO_CAPTURE_MPLANE
13755.423153,v4l2_dqbuf,5,VIDEO_CAPTURE_MPLANE
13755.423255,v4l2_dqbuf,0,VIDEO_OUTPUT_MPLANE
13755.434916,v4l2_qbuf,0,VIDEO_OUTPUT_MPLANE
13755.434933,v4l2_qbuf,4,VIDEO_CAPTURE_MPLANE
13755.438026,v4l2_dqbuf,4,VIDEO_CAPTURE_MPLANE
13755.438130,v4l2_dqbuf,0,VIDEO_OUTPUT_MPLANE
13755.451323,v4l2_qbuf,0,VIDEO_OUTPUT_MPLANE
13755.451352,v4l2_qbuf,1,VIDEO_CAPTURE_MPLANE
13755.453524,v4l2_dqbuf,1,VIDEO_CAPTURE_MPLANE
13755.453541,v4l2_dqbuf,0,VIDEO_OUTPUT_MPLANE
13755.467772,v4l2_qbuf,0,VIDEO_OUTPUT_MPLANE
13755.467803,v4l2_qbuf,3,VIDEO_CAPTURE_MPLANE
13755.470957,v4l2_dqbuf,3,VIDEO_CAPTURE_MPLANE
13755.471245,v4l2_dqbuf,0,VIDEO_OUTPUT_MPLANE
13755.484849,v4l2_qbuf,0,VIDEO_OUTPUT_MPLANE
13755.484872,v4l2_qbuf,2,VIDEO_CAPTURE_MPLANE
13755.487968,v4l2_dqbuf,2,VIDEO_CAPTURE_MPLANE
13755.488062,v4l2_dqbuf,0,VIDEO_OUTPUT_MPLANE
13755.501279,v4l2_qbuf,0,VIDEO_OUTPUT_MPLANE
13755.501300,v4l2_qbuf,5,VIDEO_CAPTURE_MPLANE
13755.503514,v4l2_dqbuf,5,VIDEO_CAPTURE_MPLANE
13755.503531,v4l2_dqbuf,0,VIDEO_OUTPUT_MPLANE
13755.520513,v4l2_qbuf,0,VIDEO_OUTPUT_MPLANE
13755.520534,v4l2_qbuf,4,VIDEO_CAPTURE_MPLANE
13755.523294,v4l2_dqbuf,4,VIDEO_CAPTURE_MPLANE
13755.523412,v4l2_dqbuf,0,VIDEO_OUTPUT_MPLANE
13755.535471,v4l2_qbuf,0,VIDEO_OUTPUT_MPLANE
13755.535507,v4l2_qbuf,0,VIDEO_CAPTURE_MPLANE
13755.538609,v4l2_dqbuf,0,VIDEO_CAPTURE_MPLANE
13755.538785,v4l2_dqbuf,0,VIDEO_OUTPUT_MPLANE
13755.555937,v4l2_qbuf,0,VIDEO_OUTPUT_MPLANE
13755.555977,v4l2_qbuf,3,VIDEO_CAPTURE_MPLANE
13755.559225,v4l2_dqbuf,3,VIDEO_CAPTURE_MPLANE
13755.559380,v4l2_dqbuf,0,VIDEO_OUTPUT_MPLANE
13755.571661,v4l2_qbuf,0,VIDEO_OUTPUT_MPLANE
13755.571682,v4l2_qbuf,2,VIDEO_CAPTURE_MPLANE
13755.573840,v4l2_dqbuf,2,VIDEO_CAPTURE_MPLANE
13755.573851,v4l2_dqbuf,0,VIDEO_OUTPUT_MPLANE
13755.588670,v4l2_qbuf,0,VIDEO_OUTPUT_MPLANE
13755.588713,v4l2_qbuf,1,VIDEO_CAPTURE_MPLANE
13755.591888,v4l2_dqbuf,1,VIDEO_CAPTURE_MPLANE
13755.592058,v4l2_dqbuf,0,VIDEO_OUTPUT_MPLANE
13755.605311,v4l2_qbuf,0,VIDEO_OUTPUT_MPLANE
13755.605391,v4l2_qbuf,4,VIDEO_CAPTURE_MPLANE
13755.608635,v4l2_dqbuf,4,VIDEO_CAPTURE_MPLANE
13755.608787,v4l2_dqbuf,0,VIDEO_OUTPUT_MPLANE
13755.622017,v4l2_qbuf,0,VIDEO_OUTPUT_MPLANE
13755.622038,v4l2_qbuf,0,VIDEO_CAPTURE_MPLANE
13755.625222,v4l2_dqbuf,0,VIDEO_CAPTURE_MPLANE
13755.625371,v4l2_dqbuf,0,VIDEO_OUTPUT_MPLANE
13755.638462,v4l2_qbuf,0,VIDEO_OUTPUT_MPLANE
13755.638483,v4l2_qbuf,3,VIDEO_CAPTURE_MPLANE
13755.640685,v4l2_dqbuf,3,VIDEO_CAPTURE_MPLANE
13755.640701,v4l2_dqbuf,0,VIDEO_OUTPUT_MPLANE
13755.655138,v4l2_qbuf,0,VIDEO_OUTPUT_MPLANE
13755.655172,v4l2_qbuf,5,VIDEO_CAPTURE_MPLANE
13755.658117,v4l2_dqbuf,5,VIDEO_CAPTURE_MPLANE
13755.658209,v4l2_dqbuf,0,VIDEO_OUTPUT_MPLANE
13755.671555,v4l2_qbuf,0,VIDEO_OUTPUT_MPLANE
13755.671576,v4l2_qbuf,1,VIDEO_CAPTURE_MPLANE
13755.674605,v4l2_dqbuf,1,VIDEO_CAPTURE_MPLANE
13755.674763,v4l2_dqbuf,0,VIDEO_OUTPUT_MPLANE
13755.688480,v4l2_qbuf,0,VIDEO_OUTPUT_MPLANE
13755.688501,v4l2_qbuf,4,VIDEO_CAPTURE_MPLANE
13755.691488,v4l2_dqbuf,4,VIDEO_CAPTURE_MPLANE
13755.691580,v4l2_dqbuf,0,VIDEO_OUTPUT_MPLANE
13755.706208,v4l2_qbuf,0,VIDEO_OUTPUT_MPLANE
13755.706232,v4l2_qbuf,0,VIDEO_CAPTURE_MPLANE
13755.708453,v4l2_dqbuf,0,VIDEO_CAPTURE_MPLANE
13755.708466,v4l2_dqbuf,0,VIDEO_OUTPUT_MPLANE
13755.722103,v4l2_qbuf,0,VIDEO_OUTPUT_MPLANE
13755.722160,v4l2_qbuf,2,VIDEO_CAPTURE_MPLANE
13755.725174,v4l2_dqbuf,2,VIDEO_CAPTURE_MPLANE
13755.725266,v4l2_dqbuf,0,VIDEO_OUTPUT_MPLANE
13755.738383,v4l2_qbuf,0,VIDEO_OUTPUT_MPLANE
13755.738403,v4l2_qbuf,5,VIDEO_CAPTURE_MPLANE
13755.741372,v4l2_dqbuf,5,VIDEO_CAPTURE_MPLANE
13755.741468,v4l2_dqbuf,0,VIDEO_OUTPUT_MPLANE
13755.754826,v4l2_qbuf,0,VIDEO_OUTPUT_MPLANE
13755.754842,v4l2_qbuf,1,VIDEO_CAPTURE_MPLANE
13755.757862,v4l2_dqbuf,1,VIDEO_CAPTURE_MPLANE
13755.757959,v4l2_dqbuf,0,VIDEO_OUTPUT_MPLANE
13755.771596,v4l2_qbuf,0,VIDEO_OUTPUT_MPLANE
13755.771612,v4l2_qbuf,4,VIDEO_CAPTURE_MPLANE
13755.773683,v4l2_dqbuf,4,VIDEO_CAPTURE_MPLANE
13755.773698,v4l2_dqbuf,0,VIDEO_OUTPUT_MPLANE
13755.788662,v4l2_qbuf,0,VIDEO_OUTPUT_MPLANE
13755.788691,v4l2_qbuf,3,VIDEO_CAPTURE_MPLANE
13755.791764,v4l2_dqbuf,3,VIDEO_CAPTURE_MPLANE
13755.791871,v4l2_dqbuf,0,VIDEO_OUTPUT_MPLANE
13755.804879,v4l2_qbuf,0,VIDEO_OUTPUT_MPLANE
13755.804900,v4l2_qbuf,2,VIDEO_CAPTURE_MPLANE
13755.807880,v4l2_dqbuf,2,VIDEO_CAPTURE_MPLANE
13755.807950,v4l2_dqbuf,0,VIDEO_OUTPUT_MPLANE
13755.821927,v4l2_qbuf,0,VIDEO_OUTPUT_MPLANE
13755.821957,v4l2_qbuf,5,VIDEO_CAPTURE_MPLANE
13755.824204,v4l2_dqbuf,5,VIDEO_CAPTURE_MPLANE
13755.824222,v4l2_dqbuf,0,VIDEO_OUTPUT_MPLANE
13755.838324,v4l2_qbuf,0,VIDEO_OUTPUT_MPLANE
13755.838345,v4l2_qbuf,1,VIDEO_CAPTURE_MPLANE
13755.841421,v4l2_dqbuf,1,VIDEO_CAPTURE_MPLANE
13755.841505,v4l2_dqbuf,0,VIDEO_OUTPUT_MPLANE
13755.855228,v4l2_qbuf,0,VIDEO_OUTPUT_MPLANE
13755.855249,v4l2_qbuf,0,VIDEO_CAPTURE_MPLANE
13755.858195,v4l2_dqbuf,0,VIDEO_CAPTURE_MPLANE
13755.858285,v4l2_dqbuf,0,VIDEO_OUTPUT_MPLANE
13755.871931,v4l2_qbuf,0,VIDEO_OUTPUT_MPLANE
13755.871953,v4l2_qbuf,3,VIDEO_CAPTURE_MPLANE
13755.874098,v4l2_dqbuf,3,VIDEO_CAPTURE_MPLANE
13755.874125,v4l2_dqbuf,0,VIDEO_OUTPUT_MPLANE
13755.888612,v4l2_qbuf,0,VIDEO_OUTPUT_MPLANE
13755.888638,v4l2_qbuf,2,VIDEO_CAPTURE_MPLANE
13755.891941,v4l2_dqbuf,2,VIDEO_CAPTURE_MPLANE
13755.892067,v4l2_dqbuf,0,VIDEO_OUTPUT_MPLANE
13755.905125,v4l2_qbuf,0,VIDEO_OUTPUT_MPLANE
13755.905145,v4l2_qbuf,4,VIDEO_CAPTURE_MPLANE
13755.908504,v4l2_dqbuf,4,VIDEO_CAPTURE_MPLANE
13755.908605,v4l2_dqbuf,0,VIDEO_OUTPUT_MPLANE
13755.921884,v4l2_qbuf,0,VIDEO_OUTPUT_MPLANE
13755.921905,v4l2_qbuf,1,VIDEO_CAPTURE_MPLANE
13755.925131,v4l2_dqbuf,1,VIDEO_CAPTURE_MPLANE
13755.925319,v4l2_dqbuf,0,VIDEO_OUTPUT_MPLANE
13755.938746,v4l2_qbuf,0,VIDEO_OUTPUT_MPLANE
13755.938774,v4l2_qbuf,0,VIDEO_CAPTURE_MPLANE
13755.941161,v4l2_dqbuf,0,VIDEO_CAPTURE_MPLANE
13755.941189,v4l2_dqbuf,0,VIDEO_OUTPUT_MPLANE
13755.955687,v4l2_qbuf,0,VIDEO_OUTPUT_MPLANE
13755.955727,v4l2_qbuf,5,VIDEO_CAPTURE_MPLANE
13755.958937,v4l2_dqbuf,5,VIDEO_CAPTURE_MPLANE
13755.959146,v4l2_dqbuf,0,VIDEO_OUTPUT_MPLANE
13755.972471,v4l2_qbuf,0,VIDEO_OUTPUT_MPLANE
13755.972492,v4l2_qbuf,2,VIDEO_CAPTURE_MPLANE
13755.975490,v4l2_dqbuf,2,VIDEO_CAPTURE_MPLANE
13755.975649,v4l2_dqbuf,0,VIDEO_OUTPUT_MPLANE
13755.988536,v4l2_qbuf,0,VIDEO_OUTPUT_MPLANE
13755.988556,v4l2_qbuf,4,VIDEO_CAPTURE_MPLANE
13755.991723,v4l2_dqbuf,4,VIDEO_CAPTURE_MPLANE
13755.991820,v4l2_dqbuf,0,VIDEO_OUTPUT_MPLANE
13756.005029,v4l2_qbuf,0,VIDEO_OUTPUT_MPLANE
13756.005050,v4l2_qbuf,1,VIDEO_CAPTURE_MPLANE
13756.007079,v4l2_dqbuf,1,VIDEO_CAPTURE_MPLANE
13756.007091,v4l2_dqbuf,0,VIDEO_OUTPUT_MPLANE
13756.022146,v4l2_qbuf,0,VIDEO_OUTPUT_MPLANE
13756.022170,v4l2_qbuf,3,VIDEO_CAPTURE_MPLANE
13756.025426,v4l2_dqbuf,3,VIDEO_CAPTURE_MPLANE
13756.025519,v4l2_dqbuf,0,VIDEO_OUTPUT_MPLANE
13756.038481,v4l2_qbuf,0,VIDEO_OUTPUT_MPLANE
13756.038502,v4l2_qbuf,5,VIDEO_CAPTURE_MPLANE
13756.041746,v4l2_dqbuf,5,VIDEO_CAPTURE_MPLANE
13756.041873,v4l2_dqbuf,0,VIDEO_OUTPUT_MPLANE
13756.055255,v4l2_qbuf,0,VIDEO_OUTPUT_MPLANE
13756.055363,v4l2_qbuf,2,VIDEO_CAPTURE_MPLANE
13756.057580,v4l2_dqbuf,2,VIDEO_CAPTURE_MPLANE
13756.057611,v4l2_dqbuf,0,VIDEO_OUTPUT_MPLANE
13756.071890,v4l2_qbuf,0,VIDEO_OUTPUT_MPLANE
13756.071964,v4l2_qbuf,4,VIDEO_CAPTURE_MPLANE
13756.075138,v4l2_dqbuf,4,VIDEO_CAPTURE_MPLANE
13756.075238,v4l2_dqbuf,0,VIDEO_OUTPUT_MPLANE
13756.088600,v4l2_qbuf,0,VIDEO_OUTPUT_MPLANE
13756.088622,v4l2_qbuf,0,VIDEO_CAPTURE_MPLANE
13756.091645,v4l2_dqbuf,0,VIDEO_CAPTURE_MPLANE
13756.091748,v4l2_dqbuf,0,VIDEO_OUTPUT_MPLANE
13756.105050,v4l2_qbuf,0,VIDEO_OUTPUT_MPLANE
13756.105071,v4l2_qbuf,3,VIDEO_CAPTURE_MPLANE
13756.107314,v4l2_dqbuf,3,VIDEO_CAPTURE_MPLANE
13756.107330,v4l2_dqbuf,0,VIDEO_OUTPUT_MPLANE
13756.121666,v4l2_qbuf,0,VIDEO_OUTPUT_MPLANE
13756.121687,v4l2_qbuf,5,VIDEO_CAPTURE_MPLANE
13756.124817,v4l2_dqbuf,5,VIDEO_CAPTURE_MPLANE
13756.124927,v4l2_dqbuf,0,VIDEO_OUTPUT_MPLANE
13756.138575,v4l2_qbuf,0,VIDEO_OUTPUT_MPLANE
13756.138598,v4l2_qbuf,1,VIDEO_CAPTURE_MPLANE
13756.141852,v4l2_dqbuf,1,VIDEO_CAPTURE_MPLANE
13756.141946,v4l2_dqbuf,0,VIDEO_OUTPUT_MPLANE
13756.155125,v4l2_qbuf,0,VIDEO_OUTPUT_MPLANE
13756.155145,v4l2_qbuf,4,VIDEO_CAPTURE_MPLANE
13756.158262,v4l2_dqbuf,4,VIDEO_CAPTURE_MPLANE
13756.158354,v4l2_dqbuf,0,VIDEO_OUTPUT_MPLANE
13756.172198,v4l2_qbuf,0,VIDEO_OUTPUT_MPLANE
13756.172219,v4l2_qbuf,0,VIDEO_CAPTURE_MPLANE
13756.174322,v4l2_dqbuf,0,VIDEO_CAPTURE_MPLANE
13756.174415,v4l2_dqbuf,0,VIDEO_OUTPUT_MPLANE
13756.188872,v4l2_qbuf,0,VIDEO_OUTPUT_MPLANE
13756.188893,v4l2_qbuf,2,VIDEO_CAPTURE_MPLANE
13756.190747,v4l2_dqbuf,2,VIDEO_CAPTURE_MPLANE
13756.190763,v4l2_dqbuf,0,VIDEO_OUTPUT_MPLANE
13756.205160,v4l2_qbuf,0,VIDEO_OUTPUT_MPLANE
13756.205181,v4l2_qbuf,5,VIDEO_CAPTURE_MPLANE
13756.207243,v4l2_dqbuf,5,VIDEO_CAPTURE_MPLANE
13756.207255,v4l2_dqbuf,0,VIDEO_OUTPUT_MPLANE
13756.221740,v4l2_qbuf,0,VIDEO_OUTPUT_MPLANE
13756.221780,v4l2_qbuf,1,VIDEO_CAPTURE_MPLANE
13756.225063,v4l2_dqbuf,1,VIDEO_CAPTURE_MPLANE
13756.225163,v4l2_dqbuf,0,VIDEO_OUTPUT_MPLANE
13756.238277,v4l2_qbuf,0,VIDEO_OUTPUT_MPLANE
13756.238300,v4l2_qbuf,4,VIDEO_CAPTURE_MPLANE
13756.241476,v4l2_dqbuf,4,VIDEO_CAPTURE_MPLANE
13756.241565,v4l2_dqbuf,0,VIDEO_OUTPUT_MPLANE
13756.255022,v4l2_qbuf,0,VIDEO_OUTPUT_MPLANE
13756.255061,v4l2_qbuf,3,VIDEO_CAPTURE_MPLANE
13756.257256,v4l2_dqbuf,3,VIDEO_CAPTURE_MPLANE
13756.257278,v4l2_dqbuf,0,VIDEO_OUTPUT_MPLANE
13756.271725,v4l2_qbuf,0,VIDEO_OUTPUT_MPLANE
13756.271765,v4l2_qbuf,0,VIDEO_CAPTURE_MPLANE
13756.274862,v4l2_dqbuf,0,VIDEO_CAPTURE_MPLANE
13756.274949,v4l2_dqbuf,0,VIDEO_OUTPUT_MPLANE
13756.289542,v4l2_qbuf,0,VIDEO_OUTPUT_MPLANE
13756.289562,v4l2_qbuf,2,VIDEO_CAPTURE_MPLANE
13756.292667,v4l2_dqbuf,2,VIDEO_CAPTURE_MPLANE
13756.292773,v4l2_dqbuf,0,VIDEO_OUTPUT_MPLANE
13756.308645,v4l2_qbuf,0,VIDEO_OUTPUT_MPLANE
13756.308666,v4l2_qbuf,1,VIDEO_CAPTURE_MPLANE
13756.311059,v4l2_dqbuf,1,VIDEO_CAPTURE_MPLANE
13756.311090,v4l2_dqbuf,0,VIDEO_OUTPUT_MPLANE
13756.321909,v4l2_qbuf,0,VIDEO_OUTPUT_MPLANE
13756.321990,v4l2_qbuf,4,VIDEO_CAPTURE_MPLANE
13756.325287,v4l2_dqbuf,4,VIDEO_CAPTURE_MPLANE
13756.325442,v4l2_dqbuf,0,VIDEO_OUTPUT_MPLANE
13756.339064,v4l2_qbuf,0,VIDEO_OUTPUT_MPLANE
13756.339100,v4l2_qbuf,5,VIDEO_CAPTURE_MPLANE
13756.344606,v4l2_dqbuf,5,VIDEO_CAPTURE_MPLANE
13756.344804,v4l2_dqbuf,0,VIDEO_OUTPUT_MPLANE
13756.355240,v4l2_qbuf,0,VIDEO_OUTPUT_MPLANE
13756.355273,v4l2_qbuf,0,VIDEO_CAPTURE_MPLANE
13756.357455,v4l2_dqbuf,0,VIDEO_CAPTURE_MPLANE
13756.357476,v4l2_dqbuf,0,VIDEO_OUTPUT_MPLANE
13756.372289,v4l2_qbuf,0,VIDEO_OUTPUT_MPLANE
13756.372322,v4l2_qbuf,2,VIDEO_CAPTURE_MPLANE
13756.375501,v4l2_dqbuf,2,VIDEO_CAPTURE_MPLANE
13756.375684,v4l2_dqbuf,0,VIDEO_OUTPUT_MPLANE
13756.388974,v4l2_qbuf,0,VIDEO_OUTPUT_MPLANE
13756.389022,v4l2_qbuf,3,VIDEO_CAPTURE_MPLANE
13756.392189,v4l2_dqbuf,3,VIDEO_CAPTURE_MPLANE
13756.392386,v4l2_dqbuf,0,VIDEO_OUTPUT_MPLANE
13756.406740,v4l2_qbuf,0,VIDEO_OUTPUT_MPLANE
13756.406763,v4l2_qbuf,4,VIDEO_CAPTURE_MPLANE
13756.409851,v4l2_dqbuf,4,VIDEO_CAPTURE_MPLANE
13756.409933,v4l2_dqbuf,0,VIDEO_OUTPUT_MPLANE
13756.421916,v4l2_qbuf,0,VIDEO_OUTPUT_MPLANE
13756.421935,v4l2_qbuf,5,VIDEO_CAPTURE_MPLANE
13756.423994,v4l2_dqbuf,5,VIDEO_CAPTURE_MPLANE
13756.424039,v4l2_dqbuf,0,VIDEO_OUTPUT_MPLANE
13756.438437,v4l2_qbuf,0,VIDEO_OUTPUT_MPLANE
13756.438465,v4l2_qbuf,1,VIDEO_CAPTURE_MPLANE
13756.441494,v4l2_dqbuf,1,VIDEO_CAPTURE_MPLANE
13756.441632,v4l2_dqbuf,0,VIDEO_OUTPUT_MPLANE
13756.455423,v4l2_qbuf,0,VIDEO_OUTPUT_MPLANE
13756.455450,v4l2_qbuf,2,VIDEO_CAPTURE_MPLANE
13756.458641,v4l2_dqbuf,2,VIDEO_CAPTURE_MPLANE
13756.458783,v4l2_dqbuf,0,VIDEO_OUTPUT_MPLANE
13756.471786,v4l2_qbuf,0,VIDEO_OUTPUT_MPLANE
13756.471802,v4l2_qbuf,3,VIDEO_CAPTURE_MPLANE
13756.474958,v4l2_dqbuf,3,VIDEO_CAPTURE_MPLANE
13756.475059,v4l2_dqbuf,0,VIDEO_OUTPUT_MPLANE
13756.488466,v4l2_qbuf,0,VIDEO_OUTPUT_MPLANE
13756.488481,v4l2_qbuf,4,VIDEO_CAPTURE_MPLANE
13756.490706,v4l2_dqbuf,4,VIDEO_CAPTURE_MPLANE
13756.490732,v4l2_dqbuf,0,VIDEO_OUTPUT_MPLANE
13756.504972,v4l2_qbuf,0,VIDEO_OUTPUT_MPLANE
13756.504986,v4l2_qbuf,0,VIDEO_CAPTURE_MPLANE
13756.508010,v4l2_dqbuf,0,VIDEO_CAPTURE_MPLANE
13756.508094,v4l2_dqbuf,0,VIDEO_OUTPUT_MPLANE
13756.521711,v4l2_qbuf,0,VIDEO_OUTPUT_MPLANE
13756.521725,v4l2_qbuf,1,VIDEO_CAPTURE_MPLANE
13756.524788,v4l2_dqbuf,1,VIDEO_CAPTURE_MPLANE
13756.524857,v4l2_dqbuf,0,VIDEO_OUTPUT_MPLANE
13756.538360,v4l2_qbuf,0,VIDEO_OUTPUT_MPLANE
13756.538375,v4l2_qbuf,2,VIDEO_CAPTURE_MPLANE
13756.541380,v4l2_dqbuf,2,VIDEO_CAPTURE_MPLANE
13756.541471,v4l2_dqbuf,0,VIDEO_OUTPUT_MPLANE
13756.554993,v4l2_qbuf,0,VIDEO_OUTPUT_MPLANE
13756.555034,v4l2_qbuf,3,VIDEO_CAPTURE_MPLANE
13756.557210,v4l2_dqbuf,3,VIDEO_CAPTURE_MPLANE
13756.557235,v4l2_dqbuf,0,VIDEO_OUTPUT_MPLANE
13756.572210,v4l2_qbuf,0,VIDEO_OUTPUT_MPLANE
13756.572280,v4l2_qbuf,5,VIDEO_CAPTURE_MPLANE
13756.575472,v4l2_dqbuf,5,VIDEO_CAPTURE_MPLANE
13756.575635,v4l2_dqbuf,0,VIDEO_OUTPUT_MPLANE
13756.588570,v4l2_qbuf,0,VIDEO_OUTPUT_MPLANE
13756.588585,v4l2_qbuf,0,VIDEO_CAPTURE_MPLANE
13756.591770,v4l2_dqbuf,0,VIDEO_CAPTURE_MPLANE
13756.591878,v4l2_dqbuf,0,VIDEO_OUTPUT_MPLANE
13756.604927,v4l2_qbuf,0,VIDEO_OUTPUT_MPLANE
13756.604955,v4l2_qbuf,1,VIDEO_CAPTURE_MPLANE
13756.608087,v4l2_dqbuf,1,VIDEO_CAPTURE_MPLANE
13756.608268,v4l2_dqbuf,0,VIDEO_OUTPUT_MPLANE
13756.622182,v4l2_qbuf,0,VIDEO_OUTPUT_MPLANE
13756.622230,v4l2_qbuf,2,VIDEO_CAPTURE_MPLANE
13756.624529,v4l2_dqbuf,2,VIDEO_CAPTURE_MPLANE
13756.624560,v4l2_dqbuf,0,VIDEO_OUTPUT_MPLANE
13756.638570,v4l2_qbuf,0,VIDEO_OUTPUT_MPLANE
13756.638607,v4l2_qbuf,4,VIDEO_CAPTURE_MPLANE
13756.641826,v4l2_dqbuf,4,VIDEO_CAPTURE_MPLANE
13756.642045,v4l2_dqbuf,0,VIDEO_OUTPUT_MPLANE
13756.655333,v4l2_qbuf,0,VIDEO_OUTPUT_MPLANE
13756.655364,v4l2_qbuf,5,VIDEO_CAPTURE_MPLANE
13756.658470,v4l2_dqbuf,5,VIDEO_CAPTURE_MPLANE
13756.658646,v4l2_dqbuf,0,VIDEO_OUTPUT_MPLANE
13756.672221,v4l2_qbuf,0,VIDEO_OUTPUT_MPLANE
13756.672248,v4l2_qbuf,0,VIDEO_CAPTURE_MPLANE
13756.675270,v4l2_dqbuf,0,VIDEO_CAPTURE_MPLANE
13756.675357,v4l2_dqbuf,0,VIDEO_OUTPUT_MPLANE
13756.688645,v4l2_qbuf,0,VIDEO_OUTPUT_MPLANE
13756.688671,v4l2_qbuf,1,VIDEO_CAPTURE_MPLANE
13756.690816,v4l2_dqbuf,1,VIDEO_CAPTURE_MPLANE
13756.690833,v4l2_dqbuf,0,VIDEO_OUTPUT_MPLANE
13756.705588,v4l2_qbuf,0,VIDEO_OUTPUT_MPLANE
13756.705608,v4l2_qbuf,3,VIDEO_CAPTURE_MPLANE
13756.708725,v4l2_dqbuf,3,VIDEO_CAPTURE_MPLANE
13756.708880,v4l2_dqbuf,0,VIDEO_OUTPUT_MPLANE
13756.721799,v4l2_qbuf,0,VIDEO_OUTPUT_MPLANE
13756.721820,v4l2_qbuf,4,VIDEO_CAPTURE_MPLANE
13756.725126,v4l2_dqbuf,4,VIDEO_CAPTURE_MPLANE
13756.725341,v4l2_dqbuf,0,VIDEO_OUTPUT_MPLANE
13756.738243,v4l2_qbuf,0,VIDEO_OUTPUT_MPLANE
13756.738272,v4l2_qbuf,5,VIDEO_CAPTURE_MPLANE
13756.741415,v4l2_dqbuf,5,VIDEO_CAPTURE_MPLANE
13756.741579,v4l2_dqbuf,0,VIDEO_OUTPUT_MPLANE
13756.755379,v4l2_qbuf,0,VIDEO_OUTPUT_MPLANE
13756.755461,v4l2_qbuf,0,VIDEO_CAPTURE_MPLANE
13756.757705,v4l2_dqbuf,0,VIDEO_CAPTURE_MPLANE
13756.757728,v4l2_dqbuf,0,VIDEO_OUTPUT_MPLANE
13756.772661,v4l2_qbuf,0,VIDEO_OUTPUT_MPLANE
13756.772687,v4l2_qbuf,2,VIDEO_CAPTURE_MPLANE
13756.775759,v4l2_dqbuf,2,VIDEO_CAPTURE_MPLANE
13756.775862,v4l2_dqbuf,0,VIDEO_OUTPUT_MPLANE
13756.789427,v4l2_qbuf,0,VIDEO_OUTPUT_MPLANE
13756.789447,v4l2_qbuf,3,VIDEO_CAPTURE_MPLANE
13756.792487,v4l2_dqbuf,3,VIDEO_CAPTURE_MPLANE
13756.792580,v4l2_dqbuf,0,VIDEO_OUTPUT_MPLANE
13756.807405,v4l2_qbuf,0,VIDEO_OUTPUT_MPLANE
13756.807469,v4l2_qbuf,4,VIDEO_CAPTURE_MPLANE
13756.810512,v4l2_dqbuf,4,VIDEO_CAPTURE_MPLANE
13756.810650,v4l2_dqbuf,0,VIDEO_OUTPUT_MPLANE
13756.824040,v4l2_qbuf,0,VIDEO_OUTPUT_MPLANE
13756.824077,v4l2_qbuf,5,VIDEO_CAPTURE_MPLANE
13756.826293,v4l2_dqbuf,5,VIDEO_CAPTURE_MPLANE
13756.826315,v4l2_dqbuf,0,VIDEO_OUTPUT_MPLANE
13756.840685,v4l2_qbuf,0,VIDEO_OUTPUT_MPLANE
13756.840770,v4l2_qbuf,1,VIDEO_CAPTURE_MPLANE
13756.843833,v4l2_dqbuf,1,VIDEO_CAPTURE_MPLANE
13756.843972,v4l2_dqbuf,0,VIDEO_OUTPUT_MPLANE
13756.857081,v4l2_qbuf,0,VIDEO_OUTPUT_MPLANE
13756.857101,v4l2_qbuf,2,VIDEO_CAPTURE_MPLANE
13756.860288,v4l2_dqbuf,2,VIDEO_CAPTURE_MPLANE
13756.860468,v4l2_dqbuf,0,VIDEO_OUTPUT_MPLANE
13756.873888,v4l2_qbuf,0,VIDEO_OUTPUT_MPLANE
13756.873909,v4l2_qbuf,3,VIDEO_CAPTURE_MPLANE
13756.877043,v4l2_dqbuf,3,VIDEO_CAPTURE_MPLANE
13756.877138,v4l2_dqbuf,0,VIDEO_OUTPUT_MPLANE
13756.890748,v4l2_qbuf,0,VIDEO_OUTPUT_MPLANE
13756.890779,v4l2_qbuf,4,VIDEO_CAPTURE_MPLANE
13756.892928,v4l2_dqbuf,4,VIDEO_CAPTURE_MPLANE
13756.892952,v4l2_dqbuf,0,VIDEO_OUTPUT_MPLANE
13756.907322,v4l2_qbuf,0,VIDEO_OUTPUT_MPLANE
13756.907381,v4l2_qbuf,0,VIDEO_CAPTURE_MPLANE
13756.910540,v4l2_dqbuf,0,VIDEO_CAPTURE_MPLANE
13756.910675,v4l2_dqbuf,0,VIDEO_OUTPUT_MPLANE
13756.923724,v4l2_qbuf,0,VIDEO_OUTPUT_MPLANE
13756.923746,v4l2_qbuf,1,VIDEO_CAPTURE_MPLANE
13756.926782,v4l2_dqbuf,1,VIDEO_CAPTURE_MPLANE
13756.926873,v4l2_dqbuf,0,VIDEO_OUTPUT_MPLANE
13756.940629,v4l2_qbuf,0,VIDEO_OUTPUT_MPLANE
13756.940648,v4l2_qbuf,2,VIDEO_CAPTURE_MPLANE
13756.943741,v4l2_dqbuf,2,VIDEO_CAPTURE_MPLANE
13756.943833,v4l2_dqbuf,0,VIDEO_OUTPUT_MPLANE
13756.957634,v4l2_qbuf,0,VIDEO_OUTPUT_MPLANE
13756.957657,v4l2_qbuf,3,VIDEO_CAPTURE_MPLANE
13756.959736,v4l2_dqbuf,3,VIDEO_CAPTURE_MPLANE
13756.959749,v4l2_dqbuf,0,VIDEO_OUTPUT_MPLANE
13756.974436,v4l2_qbuf,0,VIDEO_OUTPUT_MPLANE
13756.974466,v4l2_qbuf,5,VIDEO_CAPTURE_MPLANE
13756.977616,v4l2_dqbuf,5,VIDEO_CAPTURE_MPLANE
13756.977708,v4l2_dqbuf,0,VIDEO_OUTPUT_MPLANE
13756.990919,v4l2_qbuf,0,VIDEO_OUTPUT_MPLANE
13756.990954,v4l2_qbuf,0,VIDEO_CAPTURE_MPLANE
13756.994115,v4l2_dqbuf,0,VIDEO_CAPTURE_MPLANE
13756.994246,v4l2_dqbuf,0,VIDEO_OUTPUT_MPLANE
13757.007447,v4l2_qbuf,0,VIDEO_OUTPUT_MPLANE
13757.007479,v4l2_qbuf,1,VIDEO_CAPTURE_MPLANE
13757.010492,v4l2_dqbuf,1,VIDEO_CAPTURE_MPLANE
13757.010652,v4l2_dqbuf,0,VIDEO_OUTPUT_MPLANE
13757.024377,v4l2_qbuf,0,VIDEO_OUTPUT_MPLANE
13757.024411,v4l2_qbuf,2,VIDEO_CAPTURE_MPLANE
13757.026579,v4l2_dqbuf,2,VIDEO_CAPTURE_MPLANE
13757.026600,v4l2_dqbuf,0,VIDEO_OUTPUT_MPLANE
13757.040555,v4l2_qbuf,0,VIDEO_OUTPUT_MPLANE
13757.040583,v4l2_qbuf,4,VIDEO_CAPTURE_MPLANE
13757.043810,v4l2_dqbuf,4,VIDEO_CAPTURE_MPLANE
13757.043914,v4l2_dqbuf,0,VIDEO_OUTPUT_MPLANE
13757.057346,v4l2_qbuf,0,VIDEO_OUTPUT_MPLANE
13757.057366,v4l2_qbuf,5,VIDEO_CAPTURE_MPLANE
13757.060720,v4l2_dqbuf,5,VIDEO_CAPTURE_MPLANE
13757.060880,v4l2_dqbuf,0,VIDEO_OUTPUT_MPLANE
13757.074229,v4l2_qbuf,0,VIDEO_OUTPUT_MPLANE
13757.074249,v4l2_qbuf,0,VIDEO_CAPTURE_MPLANE
13757.077370,v4l2_dqbuf,0,VIDEO_CAPTURE_MPLANE
13757.077535,v4l2_dqbuf,0,VIDEO_OUTPUT_MPLANE
13757.091080,v4l2_qbuf,0,VIDEO_OUTPUT_MPLANE
13757.091109,v4l2_qbuf,1,VIDEO_CAPTURE_MPLANE
13757.093453,v4l2_dqbuf,1,VIDEO_CAPTURE_MPLANE
13757.093471,v4l2_dqbuf,0,VIDEO_OUTPUT_MPLANE
13757.107362,v4l2_qbuf,0,VIDEO_OUTPUT_MPLANE
13757.107391,v4l2_qbuf,3,VIDEO_CAPTURE_MPLANE
13757.110469,v4l2_dqbuf,3,VIDEO_CAPTURE_MPLANE
13757.110770,v4l2_dqbuf,0,VIDEO_OUTPUT_MPLANE
13757.123840,v4l2_qbuf,0,VIDEO_OUTPUT_MPLANE
13757.123946,v4l2_qbuf,4,VIDEO_CAPTURE_MPLANE
13757.126972,v4l2_dqbuf,4,VIDEO_CAPTURE_MPLANE
13757.127066,v4l2_dqbuf,0,VIDEO_OUTPUT_MPLANE
13757.140513,v4l2_qbuf,0,VIDEO_OUTPUT_MPLANE
13757.140531,v4l2_qbuf,5,VIDEO_CAPTURE_MPLANE
13757.143570,v4l2_dqbuf,5,VIDEO_CAPTURE_MPLANE
13757.143659,v4l2_dqbuf,0,VIDEO_OUTPUT_MPLANE
13757.157118,v4l2_qbuf,0,VIDEO_OUTPUT_MPLANE
13757.157139,v4l2_qbuf,0,VIDEO_CAPTURE_MPLANE
13757.159215,v4l2_dqbuf,0,VIDEO_CAPTURE_MPLANE
13757.159229,v4l2_dqbuf,0,VIDEO_OUTPUT_MPLANE
13757.173860,v4l2_qbuf,0,VIDEO_OUTPUT_MPLANE
13757.173888,v4l2_qbuf,2,VIDEO_CAPTURE_MPLANE
13757.177068,v4l2_dqbuf,2,VIDEO_CAPTURE_MPLANE
13757.177343,v4l2_dqbuf,0,VIDEO_OUTPUT_MPLANE
13757.190740,v4l2_qbuf,0,VIDEO_OUTPUT_MPLANE
13757.190762,v4l2_qbuf,3,VIDEO_CAPTURE_MPLANE
13757.192674,v4l2_dqbuf,3,VIDEO_CAPTURE_MPLANE
13757.192698,v4l2_dqbuf,0,VIDEO_OUTPUT_MPLANE
13757.207342,v4l2_qbuf,0,VIDEO_OUTPUT_MPLANE
13757.207368,v4l2_qbuf,4,VIDEO_CAPTURE_MPLANE
13757.209477,v4l2_dqbuf,4,VIDEO_CAPTURE_MPLANE
13757.209492,v4l2_dqbuf,0,VIDEO_OUTPUT_MPLANE
13757.224464,v4l2_qbuf,0,VIDEO_OUTPUT_MPLANE
13757.224563,v4l2_qbuf,5,VIDEO_CAPTURE_MPLANE
13757.227590,v4l2_dqbuf,5,VIDEO_CAPTURE_MPLANE
13757.227732,v4l2_dqbuf,0,VIDEO_OUTPUT_MPLANE
13757.240832,v4l2_qbuf,0,VIDEO_OUTPUT_MPLANE
13757.240853,v4l2_qbuf,1,VIDEO_CAPTURE_MPLANE
13757.244160,v4l2_dqbuf,1,VIDEO_CAPTURE_MPLANE
13757.244387,v4l2_dqbuf,0,VIDEO_OUTPUT_MPLANE
13757.257711,v4l2_qbuf,0,VIDEO_OUTPUT_MPLANE
13757.257747,v4l2_qbuf,2,VIDEO_CAPTURE_MPLANE
13757.260920,v4l2_dqbuf,2,VIDEO_CAPTURE_MPLANE
13757.261102,v4l2_dqbuf,0,VIDEO_OUTPUT_MPLANE
13757.274169,v4l2_qbuf,0,VIDEO_OUTPUT_MPLANE
13757.274194,v4l2_qbuf,0,VIDEO_CAPTURE_MPLANE
13757.276396,v4l2_dqbuf,0,VIDEO_CAPTURE_MPLANE
13757.276410,v4l2_dqbuf,0,VIDEO_OUTPUT_MPLANE
13757.290819,v4l2_qbuf,0,VIDEO_OUTPUT_MPLANE
13757.290839,v4l2_qbuf,3,VIDEO_CAPTURE_MPLANE
13757.293921,v4l2_dqbuf,3,VIDEO_CAPTURE_MPLANE
13757.294134,v4l2_dqbuf,0,VIDEO_OUTPUT_MPLANE
13757.307416,v4l2_qbuf,0,VIDEO_OUTPUT_MPLANE
13757.307522,v4l2_qbuf,5,VIDEO_CAPTURE_MPLANE
13757.310714,v4l2_dqbuf,5,VIDEO_CAPTURE_MPLANE
13757.310849,v4l2_dqbuf,0,VIDEO_OUTPUT_MPLANE
13757.324412,v4l2_qbuf,0,VIDEO_OUTPUT_MPLANE
13757.324482,v4l2_qbuf,1,VIDEO_CAPTURE_MPLANE
13757.327663,v4l2_dqbuf,1,VIDEO_CAPTURE_MPLANE
13757.327854,v4l2_dqbuf,0,VIDEO_OUTPUT_MPLANE
13757.341297,v4l2_qbuf,0,VIDEO_OUTPUT_MPLANE
13757.341410,v4l2_qbuf,2,VIDEO_CAPTURE_MPLANE
13757.343737,v4l2_dqbuf,2,VIDEO_CAPTURE_MPLANE
13757.343757,v4l2_dqbuf,0,VIDEO_OUTPUT_MPLANE
13757.357739,v4l2_qbuf,0,VIDEO_OUTPUT_MPLANE
13757.357820,v4l2_qbuf,4,VIDEO_CAPTURE_MPLANE
13757.361025,v4l2_dqbuf,4,VIDEO_CAPTURE_MPLANE
13757.361118,v4l2_dqbuf,0,VIDEO_OUTPUT_MPLANE
13757.374068,v4l2_qbuf,0,VIDEO_OUTPUT_MPLANE
13757.374129,v4l2_qbuf,3,VIDEO_CAPTURE_MPLANE
13757.377335,v4l2_dqbuf,3,VIDEO_CAPTURE_MPLANE
13757.377471,v4l2_dqbuf,0,VIDEO_OUTPUT_MPLANE
13757.390789,v4l2_qbuf,0,VIDEO_OUTPUT_MPLANE
13757.390821,v4l2_qbuf,5,VIDEO_CAPTURE_MPLANE
13757.393846,v4l2_dqbuf,5,VIDEO_CAPTURE_MPLANE
13757.393989,v4l2_dqbuf,0,VIDEO_OUTPUT_MPLANE
13757.407581,v4l2_qbuf,0,VIDEO_OUTPUT_MPLANE
13757.407612,v4l2_qbuf,1,VIDEO_CAPTURE_MPLANE
13757.409854,v4l2_dqbuf,1,VIDEO_CAPTURE_MPLANE
13757.409964,v4l2_dqbuf,0,VIDEO_OUTPUT_MPLANE
13757.424059,v4l2_qbuf,0,VIDEO_OUTPUT_MPLANE
13757.424081,v4l2_qbuf,0,VIDEO_CAPTURE_MPLANE
13757.427204,v4l2_dqbuf,0,VIDEO_CAPTURE_MPLANE
13757.427285,v4l2_dqbuf,0,VIDEO_OUTPUT_MPLANE
13757.440571,v4l2_qbuf,0,VIDEO_OUTPUT_MPLANE
13757.440587,v4l2_qbuf,4,VIDEO_CAPTURE_MPLANE
13757.443598,v4l2_dqbuf,4,VIDEO_CAPTURE_MPLANE
13757.443664,v4l2_dqbuf,0,VIDEO_OUTPUT_MPLANE
13757.457553,v4l2_qbuf,0,VIDEO_OUTPUT_MPLANE
13757.457583,v4l2_qbuf,3,VIDEO_CAPTURE_MPLANE
13757.460772,v4l2_dqbuf,3,VIDEO_CAPTURE_MPLANE
13757.460921,v4l2_dqbuf,0,VIDEO_OUTPUT_MPLANE
13757.474448,v4l2_qbuf,0,VIDEO_OUTPUT_MPLANE
13757.474469,v4l2_qbuf,5,VIDEO_CAPTURE_MPLANE
13757.476717,v4l2_dqbuf,5,VIDEO_CAPTURE_MPLANE
13757.476738,v4l2_dqbuf,0,VIDEO_OUTPUT_MPLANE
13757.490726,v4l2_qbuf,0,VIDEO_OUTPUT_MPLANE
13757.490762,v4l2_qbuf,2,VIDEO_CAPTURE_MPLANE
13757.493819,v4l2_dqbuf,2,VIDEO_CAPTURE_MPLANE
13757.494086,v4l2_dqbuf,0,VIDEO_OUTPUT_MPLANE
13757.507979,v4l2_qbuf,0,VIDEO_OUTPUT_MPLANE
13757.508044,v4l2_qbuf,0,VIDEO_CAPTURE_MPLANE
13757.511361,v4l2_dqbuf,0,VIDEO_CAPTURE_MPLANE
13757.511513,v4l2_dqbuf,0,VIDEO_OUTPUT_MPLANE
13757.524727,v4l2_qbuf,0,VIDEO_OUTPUT_MPLANE
13757.524777,v4l2_qbuf,4,VIDEO_CAPTURE_MPLANE
13757.527993,v4l2_dqbuf,4,VIDEO_CAPTURE_MPLANE
13757.528193,v4l2_dqbuf,0,VIDEO_OUTPUT_MPLANE
13757.543678,v4l2_qbuf,0,VIDEO_OUTPUT_MPLANE
13757.543701,v4l2_qbuf,3,VIDEO_CAPTURE_MPLANE
13757.545892,v4l2_dqbuf,3,VIDEO_CAPTURE_MPLANE
13757.545909,v4l2_dqbuf,0,VIDEO_OUTPUT_MPLANE
13757.557402,v4l2_qbuf,0,VIDEO_OUTPUT_MPLANE
13757.557425,v4l2_qbuf,1,VIDEO_CAPTURE_MPLANE
13757.560639,v4l2_dqbuf,1,VIDEO_CAPTURE_MPLANE
13757.560744,v4l2_dqbuf,0,VIDEO_OUTPUT_MPLANE
13757.574405,v4l2_qbuf,0,VIDEO_OUTPUT_MPLANE
13757.574425,v4l2_qbuf,2,VIDEO_CAPTURE_MPLANE
13757.577525,v4l2_dqbuf,2,VIDEO_CAPTURE_MPLANE
13757.577607,v4l2_dqbuf,0,VIDEO_OUTPUT_MPLANE
13757.591042,v4l2_qbuf,0,VIDEO_OUTPUT_MPLANE
13757.591081,v4l2_qbuf,0,VIDEO_CAPTURE_MPLANE
13757.594203,v4l2_dqbuf,0,VIDEO_CAPTURE_MPLANE
13757.594305,v4l2_dqbuf,0,VIDEO_OUTPUT_MPLANE
13757.607272,v4l2_qbuf,0,VIDEO_OUTPUT_MPLANE
13757.607295,v4l2_qbuf,4,VIDEO_CAPTURE_MPLANE
13757.609622,v4l2_dqbuf,4,VIDEO_CAPTURE_MPLANE
13757.609644,v4l2_dqbuf,0,VIDEO_OUTPUT_MPLANE
13757.624123,v4l2_qbuf,0,VIDEO_OUTPUT_MPLANE
13757.624145,v4l2_qbuf,5,VIDEO_CAPTURE_MPLANE
13757.627233,v4l2_dqbuf,5,VIDEO_CAPTURE_MPLANE
13757.627320,v4l2_dqbuf,0,VIDEO_OUTPUT_MPLANE
13757.641190,v4l2_qbuf,0,VIDEO_OUTPUT_MPLANE
13757.641228,v4l2_qbuf,1,VIDEO_CAPTURE_MPLANE
13757.644545,v4l2_dqbuf,1,VIDEO_CAPTURE_MPLANE
13757.644695,v4l2_dqbuf,0,VIDEO_OUTPUT_MPLANE
13757.657624,v4l2_qbuf,0,VIDEO_OUTPUT_MPLANE
13757.657651,v4l2_qbuf,2,VIDEO_CAPTURE_MPLANE
13757.660842,v4l2_dqbuf,2,VIDEO_CAPTURE_MPLANE
13757.661053,v4l2_dqbuf,0,VIDEO_OUTPUT_MPLANE
13757.674115,v4l2_qbuf,0,VIDEO_OUTPUT_MPLANE
13757.674147,v4l2_qbuf,0,VIDEO_CAPTURE_MPLANE
13757.676453,v4l2_dqbuf,0,VIDEO_CAPTURE_MPLANE
13757.676472,v4l2_dqbuf,0,VIDEO_OUTPUT_MPLANE
13757.690868,v4l2_qbuf,0,VIDEO_OUTPUT_MPLANE
13757.690889,v4l2_qbuf,3,VIDEO_CAPTURE_MPLANE
13757.694072,v4l2_dqbuf,3,VIDEO_CAPTURE_MPLANE
13757.694184,v4l2_dqbuf,0,VIDEO_OUTPUT_MPLANE
13757.707424,v4l2_qbuf,0,VIDEO_OUTPUT_MPLANE
13757.707462,v4l2_qbuf,5,VIDEO_CAPTURE_MPLANE
13757.710852,v4l2_dqbuf,5,VIDEO_CAPTURE_MPLANE
13757.711058,v4l2_dqbuf,0,VIDEO_OUTPUT_MPLANE
13757.723967,v4l2_qbuf,0,VIDEO_OUTPUT_MPLANE
13757.723988,v4l2_qbuf,1,VIDEO_CAPTURE_MPLANE
13757.727245,v4l2_dqbuf,1,VIDEO_CAPTURE_MPLANE
13757.727341,v4l2_dqbuf,0,VIDEO_OUTPUT_MPLANE
13757.740913,v4l2_qbuf,0,VIDEO_OUTPUT_MPLANE
13757.740941,v4l2_qbuf,2,VIDEO_CAPTURE_MPLANE
13757.743239,v4l2_dqbuf,2,VIDEO_CAPTURE_MPLANE
13757.743259,v4l2_dqbuf,0,VIDEO_OUTPUT_MPLANE
13757.757715,v4l2_qbuf,0,VIDEO_OUTPUT_MPLANE
13757.757746,v4l2_qbuf,4,VIDEO_CAPTURE_MPLANE
13757.760912,v4l2_dqbuf,4,VIDEO_CAPTURE_MPLANE
13757.761054,v4l2_dqbuf,0,VIDEO_OUTPUT_MPLANE
13757.774236,v4l2_qbuf,0,VIDEO_OUTPUT_MPLANE
13757.774261,v4l2_qbuf,3,VIDEO_CAPTURE_MPLANE
13757.777398,v4l2_dqbuf,3,VIDEO_CAPTURE_MPLANE
13757.777495,v4l2_dqbuf,0,VIDEO_OUTPUT_MPLANE
13757.790630,v4l2_qbuf,0,VIDEO_OUTPUT_MPLANE
13757.790651,v4l2_qbuf,5,VIDEO_CAPTURE_MPLANE
13757.793974,v4l2_dqbuf,5,VIDEO_CAPTURE_MPLANE
13757.794097,v4l2_dqbuf,0,VIDEO_OUTPUT_MPLANE
13757.807056,v4l2_qbuf,0,VIDEO_OUTPUT_MPLANE
13757.807079,v4l2_qbuf,1,VIDEO_CAPTURE_MPLANE
13757.809346,v4l2_dqbuf,1,VIDEO_CAPTURE_MPLANE
13757.809360,v4l2_dqbuf,0,VIDEO_OUTPUT_MPLANE
13757.824336,v4l2_qbuf,0,VIDEO_OUTPUT_MPLANE
13757.824356,v4l2_qbuf,0,VIDEO_CAPTURE_MPLANE
13757.827518,v4l2_dqbuf,0,VIDEO_CAPTURE_MPLANE
13757.827615,v4l2_dqbuf,0,VIDEO_OUTPUT_MPLANE
13757.840700,v4l2_qbuf,0,VIDEO_OUTPUT_MPLANE
13757.840727,v4l2_qbuf,4,VIDEO_CAPTURE_MPLANE
13757.843764,v4l2_dqbuf,4,VIDEO_CAPTURE_MPLANE
13757.843875,v4l2_dqbuf,0,VIDEO_OUTPUT_MPLANE
13757.857281,v4l2_qbuf,0,VIDEO_OUTPUT_MPLANE
13757.857310,v4l2_qbuf,3,VIDEO_CAPTURE_MPLANE
13757.860470,v4l2_dqbuf,3,VIDEO_CAPTURE_MPLANE
13757.860584,v4l2_dqbuf,0,VIDEO_OUTPUT_MPLANE
13757.875235,v4l2_qbuf,0,VIDEO_OUTPUT_MPLANE
13757.875258,v4l2_qbuf,5,VIDEO_CAPTURE_MPLANE
13757.877522,v4l2_dqbuf,5,VIDEO_CAPTURE_MPLANE
13757.877537,v4l2_dqbuf,0,VIDEO_OUTPUT_MPLANE
13757.892818,v4l2_qbuf,0,VIDEO_OUTPUT_MPLANE
13757.892847,v4l2_qbuf,2,VIDEO_CAPTURE_MPLANE
13757.895965,v4l2_dqbuf,2,VIDEO_CAPTURE_MPLANE
13757.896056,v4l2_dqbuf,0,VIDEO_OUTPUT_MPLANE
13757.907406,v4l2_qbuf,0,VIDEO_OUTPUT_MPLANE
13757.907436,v4l2_qbuf,0,VIDEO_CAPTURE_MPLANE
13757.910656,v4l2_dqbuf,0,VIDEO_CAPTURE_MPLANE
13757.910841,v4l2_dqbuf,0,VIDEO_OUTPUT_MPLANE
13757.925086,v4l2_qbuf,0,VIDEO_OUTPUT_MPLANE
13757.925109,v4l2_qbuf,4,VIDEO_CAPTURE_MPLANE
13757.928229,v4l2_dqbuf,4,VIDEO_CAPTURE_MPLANE
13757.928341,v4l2_dqbuf,0,VIDEO_OUTPUT_MPLANE
13757.940721,v4l2_qbuf,0,VIDEO_OUTPUT_MPLANE
13757.940739,v4l2_qbuf,3,VIDEO_CAPTURE_MPLANE
13757.943031,v4l2_dqbuf,3,VIDEO_CAPTURE_MPLANE
13757.943044,v4l2_dqbuf,0,VIDEO_OUTPUT_MPLANE
13757.959355,v4l2_qbuf,0,VIDEO_OUTPUT_MPLANE
13757.959384,v4l2_qbuf,1,VIDEO_CAPTURE_MPLANE
13757.962583,v4l2_dqbuf,1,VIDEO_CAPTURE_MPLANE
13757.962715,v4l2_dqbuf,0,VIDEO_OUTPUT_MPLANE
13757.975845,v4l2_qbuf,0,VIDEO_OUTPUT_MPLANE
13757.975873,v4l2_qbuf,2,VIDEO_CAPTURE_MPLANE
13757.980099,v4l2_dqbuf,2,VIDEO_CAPTURE_MPLANE
13757.980293,v4l2_dqbuf,0,VIDEO_OUTPUT_MPLANE
13757.992627,v4l2_qbuf,0,VIDEO_OUTPUT_MPLANE
13757.992658,v4l2_qbuf,0,VIDEO_CAPTURE_MPLANE
13757.996063,v4l2_dqbuf,0,VIDEO_CAPTURE_MPLANE
13757.996266,v4l2_dqbuf,0,VIDEO_OUTPUT_MPLANE
13758.009153,v4l2_qbuf,0,VIDEO_OUTPUT_MPLANE
13758.009183,v4l2_qbuf,4,VIDEO_CAPTURE_MPLANE
13758.011249,v4l2_dqbuf,4,VIDEO_CAPTURE_MPLANE
13758.011267,v4l2_dqbuf,0,VIDEO_OUTPUT_MPLANE
13758.025983,v4l2_qbuf,0,VIDEO_OUTPUT_MPLANE
13758.025999,v4l2_qbuf,5,VIDEO_CAPTURE_MPLANE
13758.029138,v4l2_dqbuf,5,VIDEO_CAPTURE_MPLANE
13758.029207,v4l2_dqbuf,0,VIDEO_OUTPUT_MPLANE
13758.042501,v4l2_qbuf,0,VIDEO_OUTPUT_MPLANE
13758.042531,v4l2_qbuf,1,VIDEO_CAPTURE_MPLANE
13758.045679,v4l2_dqbuf,1,VIDEO_CAPTURE_MPLANE
13758.045750,v4l2_dqbuf,0,VIDEO_OUTPUT_MPLANE
13758.059207,v4l2_qbuf,0,VIDEO_OUTPUT_MPLANE
13758.059223,v4l2_qbuf,2,VIDEO_CAPTURE_MPLANE
13758.062308,v4l2_dqbuf,2,VIDEO_CAPTURE_MPLANE
13758.062384,v4l2_dqbuf,0,VIDEO_OUTPUT_MPLANE
13758.075791,v4l2_qbuf,0,VIDEO_OUTPUT_MPLANE
13758.075807,v4l2_qbuf,0,VIDEO_CAPTURE_MPLANE
13758.079113,v4l2_dqbuf,0,VIDEO_CAPTURE_MPLANE
13758.079132,v4l2_dqbuf,0,VIDEO_OUTPUT_MPLANE
13758.092478,v4l2_qbuf,0,VIDEO_OUTPUT_MPLANE
13758.092498,v4l2_qbuf,3,VIDEO_CAPTURE_MPLANE
13758.095638,v4l2_dqbuf,3,VIDEO_CAPTURE_MPLANE
13758.095709,v4l2_dqbuf,0,VIDEO_OUTPUT_MPLANE
13758.109653,v4l2_qbuf,0,VIDEO_OUTPUT_MPLANE
13758.109674,v4l2_qbuf,5,VIDEO_CAPTURE_MPLANE
13758.112833,v4l2_dqbuf,5,VIDEO_CAPTURE_MPLANE
13758.112912,v4l2_dqbuf,0,VIDEO_OUTPUT_MPLANE
13758.126073,v4l2_qbuf,0,VIDEO_OUTPUT_MPLANE
13758.126095,v4l2_qbuf,1,VIDEO_CAPTURE_MPLANE
13758.129219,v4l2_dqbuf,1,VIDEO_CAPTURE_MPLANE
13758.129304,v4l2_dqbuf,0,VIDEO_OUTPUT_MPLANE
13758.142889,v4l2_qbuf,0,VIDEO_OUTPUT_MPLANE
13758.142991,v4l2_qbuf,2,VIDEO_CAPTURE_MPLANE
13758.145385,v4l2_dqbuf,2,VIDEO_CAPTURE_MPLANE
13758.145411,v4l2_dqbuf,0,VIDEO_OUTPUT_MPLANE
13758.159368,v4l2_qbuf,0,VIDEO_OUTPUT_MPLANE
13758.159490,v4l2_qbuf,4,VIDEO_CAPTURE_MPLANE
13758.163127,v4l2_dqbuf,4,VIDEO_CAPTURE_MPLANE
13758.163349,v4l2_dqbuf,0,VIDEO_OUTPUT_MPLANE
13758.176306,v4l2_qbuf,0,VIDEO_OUTPUT_MPLANE
13758.176340,v4l2_qbuf,3,VIDEO_CAPTURE_MPLANE
13758.179710,v4l2_dqbuf,3,VIDEO_CAPTURE_MPLANE
13758.179843,v4l2_dqbuf,0,VIDEO_OUTPUT_MPLANE
13758.193146,v4l2_qbuf,0,VIDEO_OUTPUT_MPLANE
13758.193167,v4l2_qbuf,5,VIDEO_CAPTURE_MPLANE
13758.195200,v4l2_dqbuf,5,VIDEO_CAPTURE_MPLANE
13758.195225,v4l2_dqbuf,0,VIDEO_OUTPUT_MPLANE
13758.209907,v4l2_qbuf,0,VIDEO_OUTPUT_MPLANE
13758.209949,v4l2_qbuf,1,VIDEO_CAPTURE_MPLANE
13758.212168,v4l2_dqbuf,1,VIDEO_CAPTURE_MPLANE
13758.212192,v4l2_dqbuf,0,VIDEO_OUTPUT_MPLANE
13758.226590,v4l2_qbuf,0,VIDEO_OUTPUT_MPLANE
13758.226634,v4l2_qbuf,0,VIDEO_CAPTURE_MPLANE
13758.229953,v4l2_dqbuf,0,VIDEO_CAPTURE_MPLANE
13758.230064,v4l2_dqbuf,0,VIDEO_OUTPUT_MPLANE
13758.242774,v4l2_qbuf,0,VIDEO_OUTPUT_MPLANE
13758.242796,v4l2_qbuf,4,VIDEO_CAPTURE_MPLANE
13758.246036,v4l2_dqbuf,4,VIDEO_CAPTURE_MPLANE
13758.246121,v4l2_dqbuf,0,VIDEO_OUTPUT_MPLANE
13758.259623,v4l2_qbuf,0,VIDEO_OUTPUT_MPLANE
13758.259646,v4l2_qbuf,3,VIDEO_CAPTURE_MPLANE
13758.264450,v4l2_dqbuf,3,VIDEO_CAPTURE_MPLANE
13758.264566,v4l2_dqbuf,0,VIDEO_OUTPUT_MPLANE
13758.276140,v4l2_qbuf,0,VIDEO_OUTPUT_MPLANE
13758.276162,v4l2_qbuf,2,VIDEO_CAPTURE_MPLANE
13758.279619,v4l2_dqbuf,2,VIDEO_CAPTURE_MPLANE
13758.279640,v4l2_dqbuf,0,VIDEO_OUTPUT_MPLANE
13758.292931,v4l2_qbuf,0,VIDEO_OUTPUT_MPLANE
13758.292954,v4l2_qbuf,5,VIDEO_CAPTURE_MPLANE
13758.296244,v4l2_dqbuf,5,VIDEO_CAPTURE_MPLANE
13758.296334,v4l2_dqbuf,0,VIDEO_OUTPUT_MPLANE
13758.309709,v4l2_qbuf,0,VIDEO_OUTPUT_MPLANE
13758.309730,v4l2_qbuf,0,VIDEO_CAPTURE_MPLANE
13758.313029,v4l2_dqbuf,0,VIDEO_CAPTURE_MPLANE
13758.313121,v4l2_dqbuf,0,VIDEO_OUTPUT_MPLANE
13758.326254,v4l2_qbuf,0,VIDEO_OUTPUT_MPLANE
13758.326275,v4l2_qbuf,4,VIDEO_CAPTURE_MPLANE
13758.329549,v4l2_dqbuf,4,VIDEO_CAPTURE_MPLANE
13758.329697,v4l2_dqbuf,0,VIDEO_OUTPUT_MPLANE
13758.342627,v4l2_qbuf,0,VIDEO_OUTPUT_MPLANE
13758.342649,v4l2_qbuf,3,VIDEO_CAPTURE_MPLANE
13758.344852,v4l2_dqbuf,3,VIDEO_CAPTURE_MPLANE
13758.344866,v4l2_dqbuf,0,VIDEO_OUTPUT_MPLANE
13758.359521,v4l2_qbuf,0,VIDEO_OUTPUT_MPLANE
13758.359568,v4l2_qbuf,1,VIDEO_CAPTURE_MPLANE
13758.362806,v4l2_dqbuf,1,VIDEO_CAPTURE_MPLANE
13758.362923,v4l2_dqbuf,0,VIDEO_OUTPUT_MPLANE
13758.376341,v4l2_qbuf,0,VIDEO_OUTPUT_MPLANE
13758.376364,v4l2_qbuf,5,VIDEO_CAPTURE_MPLANE
13758.379705,v4l2_dqbuf,5,VIDEO_CAPTURE_MPLANE
13758.379919,v4l2_dqbuf,0,VIDEO_OUTPUT_MPLANE
13758.393284,v4l2_qbuf,0,VIDEO_OUTPUT_MPLANE
13758.393305,v4l2_qbuf,0,VIDEO_CAPTURE_MPLANE
13758.396426,v4l2_dqbuf,0,VIDEO_CAPTURE_MPLANE
13758.396532,v4l2_dqbuf,0,VIDEO_OUTPUT_MPLANE
13758.409683,v4l2_qbuf,0,VIDEO_OUTPUT_MPLANE
13758.409717,v4l2_qbuf,4,VIDEO_CAPTURE_MPLANE
13758.412073,v4l2_dqbuf,4,VIDEO_CAPTURE_MPLANE
13758.412104,v4l2_dqbuf,0,VIDEO_OUTPUT_MPLANE
13758.426179,v4l2_qbuf,0,VIDEO_OUTPUT_MPLANE
13758.426201,v4l2_qbuf,2,VIDEO_CAPTURE_MPLANE
13758.429534,v4l2_dqbuf,2,VIDEO_CAPTURE_MPLANE
13758.429715,v4l2_dqbuf,0,VIDEO_OUTPUT_MPLANE
13758.442942,v4l2_qbuf,0,VIDEO_OUTPUT_MPLANE
13758.443016,v4l2_qbuf,1,VIDEO_CAPTURE_MPLANE
13758.446351,v4l2_dqbuf,1,VIDEO_CAPTURE_MPLANE
13758.446443,v4l2_dqbuf,0,VIDEO_OUTPUT_MPLANE
13758.459427,v4l2_qbuf,0,VIDEO_OUTPUT_MPLANE
13758.459443,v4l2_qbuf,5,VIDEO_CAPTURE_MPLANE
13758.462587,v4l2_dqbuf,5,VIDEO_CAPTURE_MPLANE
13758.462672,v4l2_dqbuf,0,VIDEO_OUTPUT_MPLANE
13758.475995,v4l2_qbuf,0,VIDEO_OUTPUT_MPLANE
13758.476030,v4l2_qbuf,0,VIDEO_CAPTURE_MPLANE
13758.478386,v4l2_dqbuf,0,VIDEO_CAPTURE_MPLANE
13758.478400,v4l2_dqbuf,0,VIDEO_OUTPUT_MPLANE
13758.492537,v4l2_qbuf,0,VIDEO_OUTPUT_MPLANE
13758.492556,v4l2_qbuf,3,VIDEO_CAPTURE_MPLANE
13758.495859,v4l2_dqbuf,3,VIDEO_CAPTURE_MPLANE
13758.495943,v4l2_dqbuf,0,VIDEO_OUTPUT_MPLANE
13758.509414,v4l2_qbuf,0,VIDEO_OUTPUT_MPLANE
13758.509436,v4l2_qbuf,2,VIDEO_CAPTURE_MPLANE
13758.512481,v4l2_dqbuf,2,VIDEO_CAPTURE_MPLANE
13758.512570,v4l2_dqbuf,0,VIDEO_OUTPUT_MPLANE
13758.525997,v4l2_qbuf,0,VIDEO_OUTPUT_MPLANE
13758.526034,v4l2_qbuf,1,VIDEO_CAPTURE_MPLANE
13758.528337,v4l2_dqbuf,1,VIDEO_CAPTURE_MPLANE
13758.528353,v4l2_dqbuf,0,VIDEO_OUTPUT_MPLANE
13758.542712,v4l2_qbuf,0,VIDEO_OUTPUT_MPLANE
13758.542732,v4l2_qbuf,5,VIDEO_CAPTURE_MPLANE
13758.546120,v4l2_dqbuf,5,VIDEO_CAPTURE_MPLANE
13758.546236,v4l2_dqbuf,0,VIDEO_OUTPUT_MPLANE
13758.559248,v4l2_qbuf,0,VIDEO_OUTPUT_MPLANE
13758.559269,v4l2_qbuf,4,VIDEO_CAPTURE_MPLANE
13758.562373,v4l2_dqbuf,4,VIDEO_CAPTURE_MPLANE
13758.562462,v4l2_dqbuf,0,VIDEO_OUTPUT_MPLANE
13758.576135,v4l2_qbuf,0,VIDEO_OUTPUT_MPLANE
13758.576155,v4l2_qbuf,3,VIDEO_CAPTURE_MPLANE
13758.579324,v4l2_dqbuf,3,VIDEO_CAPTURE_MPLANE
13758.579434,v4l2_dqbuf,0,VIDEO_OUTPUT_MPLANE
13758.592661,v4l2_qbuf,0,VIDEO_OUTPUT_MPLANE
13758.592689,v4l2_qbuf,2,VIDEO_CAPTURE_MPLANE
13758.594985,v4l2_dqbuf,2,VIDEO_CAPTURE_MPLANE
13758.595017,v4l2_dqbuf,0,VIDEO_OUTPUT_MPLANE
13758.610171,v4l2_qbuf,0,VIDEO_OUTPUT_MPLANE
13758.610208,v4l2_qbuf,0,VIDEO_CAPTURE_MPLANE
13758.613466,v4l2_dqbuf,0,VIDEO_CAPTURE_MPLANE
13758.613606,v4l2_dqbuf,0,VIDEO_OUTPUT_MPLANE
13758.626420,v4l2_qbuf,0,VIDEO_OUTPUT_MPLANE
13758.626464,v4l2_qbuf,5,VIDEO_CAPTURE_MPLANE
13758.629862,v4l2_dqbuf,5,VIDEO_CAPTURE_MPLANE
13758.630147,v4l2_dqbuf,0,VIDEO_OUTPUT_MPLANE
13758.643375,v4l2_qbuf,0,VIDEO_OUTPUT_MPLANE
13758.643415,v4l2_qbuf,4,VIDEO_CAPTURE_MPLANE
13758.646841,v4l2_dqbuf,4,VIDEO_CAPTURE_MPLANE
13758.646857,v4l2_dqbuf,0,VIDEO_OUTPUT_MPLANE
13758.659271,v4l2_qbuf,0,VIDEO_OUTPUT_MPLANE
13758.659287,v4l2_qbuf,3,VIDEO_CAPTURE_MPLANE
13758.662280,v4l2_dqbuf,3,VIDEO_CAPTURE_MPLANE
13758.662365,v4l2_dqbuf,0,VIDEO_OUTPUT_MPLANE
13758.676086,v4l2_qbuf,0,VIDEO_OUTPUT_MPLANE
13758.676107,v4l2_qbuf,1,VIDEO_CAPTURE_MPLANE
13758.678431,v4l2_dqbuf,1,VIDEO_CAPTURE_MPLANE
13758.678448,v4l2_dqbuf,0,VIDEO_OUTPUT_MPLANE
13758.692549,v4l2_qbuf,0,VIDEO_OUTPUT_MPLANE
13758.692573,v4l2_qbuf,0,VIDEO_CAPTURE_MPLANE
13758.695868,v4l2_dqbuf,0,VIDEO_CAPTURE_MPLANE
13758.696041,v4l2_dqbuf,0,VIDEO_OUTPUT_MPLANE
13758.709660,v4l2_qbuf,0,VIDEO_OUTPUT_MPLANE
13758.709682,v4l2_qbuf,5,VIDEO_CAPTURE_MPLANE
13758.713057,v4l2_dqbuf,5,VIDEO_CAPTURE_MPLANE
13758.713187,v4l2_dqbuf,0,VIDEO_OUTPUT_MPLANE
13758.726399,v4l2_qbuf,0,VIDEO_OUTPUT_MPLANE
13758.726420,v4l2_qbuf,2,VIDEO_CAPTURE_MPLANE
13758.728737,v4l2_dqbuf,2,VIDEO_CAPTURE_MPLANE
13758.728753,v4l2_dqbuf,0,VIDEO_OUTPUT_MPLANE
13758.742969,v4l2_qbuf,0,VIDEO_OUTPUT_MPLANE
13758.742996,v4l2_qbuf,3,VIDEO_CAPTURE_MPLANE
13758.746401,v4l2_dqbuf,3,VIDEO_CAPTURE_MPLANE
13758.746598,v4l2_dqbuf,0,VIDEO_OUTPUT_MPLANE
13758.759575,v4l2_qbuf,0,VIDEO_OUTPUT_MPLANE
13758.759607,v4l2_qbuf,4,VIDEO_CAPTURE_MPLANE
13758.762714,v4l2_dqbuf,4,VIDEO_CAPTURE_MPLANE
13758.762800,v4l2_dqbuf,0,VIDEO_OUTPUT_MPLANE
13758.775929,v4l2_qbuf,0,VIDEO_OUTPUT_MPLANE
13758.775949,v4l2_qbuf,0,VIDEO_CAPTURE_MPLANE
13758.779283,v4l2_dqbuf,0,VIDEO_CAPTURE_MPLANE
13758.779471,v4l2_dqbuf,0,VIDEO_OUTPUT_MPLANE
13758.792890,v4l2_qbuf,0,VIDEO_OUTPUT_MPLANE
13758.792910,v4l2_qbuf,5,VIDEO_CAPTURE_MPLANE
13758.795224,v4l2_dqbuf,5,VIDEO_CAPTURE_MPLANE
13758.795250,v4l2_dqbuf,0,VIDEO_OUTPUT_MPLANE
13758.809602,v4l2_qbuf,0,VIDEO_OUTPUT_MPLANE
13758.809624,v4l2_qbuf,1,VIDEO_CAPTURE_MPLANE
13758.812914,v4l2_dqbuf,1,VIDEO_CAPTURE_MPLANE
13758.813019,v4l2_dqbuf,0,VIDEO_OUTPUT_MPLANE
13758.826524,v4l2_qbuf,0,VIDEO_OUTPUT_MPLANE
13758.826548,v4l2_qbuf,3,VIDEO_CAPTURE_MPLANE
13758.831107,v4l2_dqbuf,3,VIDEO_CAPTURE_MPLANE
13758.831230,v4l2_dqbuf,0,VIDEO_OUTPUT_MPLANE
13758.842933,v4l2_qbuf,0,VIDEO_OUTPUT_MPLANE
13758.842954,v4l2_qbuf,4,VIDEO_CAPTURE_MPLANE
13758.846191,v4l2_dqbuf,4,VIDEO_CAPTURE_MPLANE
13758.846305,v4l2_dqbuf,0,VIDEO_OUTPUT_MPLANE
13758.859232,v4l2_qbuf,0,VIDEO_OUTPUT_MPLANE
13758.859251,v4l2_qbuf,0,VIDEO_CAPTURE_MPLANE
13758.861409,v4l2_dqbuf,0,VIDEO_CAPTURE_MPLANE
13758.861421,v4l2_dqbuf,0,VIDEO_OUTPUT_MPLANE
13758.876238,v4l2_qbuf,0,VIDEO_OUTPUT_MPLANE
13758.876259,v4l2_qbuf,2,VIDEO_CAPTURE_MPLANE
13758.879459,v4l2_dqbuf,2,VIDEO_CAPTURE_MPLANE
13758.879556,v4l2_dqbuf,0,VIDEO_OUTPUT_MPLANE
13758.892786,v4l2_qbuf,0,VIDEO_OUTPUT_MPLANE
13758.892913,v4l2_qbuf,1,VIDEO_CAPTURE_MPLANE
13758.896135,v4l2_dqbuf,1,VIDEO_CAPTURE_MPLANE
13758.896233,v4l2_dqbuf,0,VIDEO_OUTPUT_MPLANE
13758.909642,v4l2_qbuf,0,VIDEO_OUTPUT_MPLANE
13758.909664,v4l2_qbuf,3,VIDEO_CAPTURE_MPLANE
13758.912028,v4l2_dqbuf,3,VIDEO_CAPTURE_MPLANE
13758.912048,v4l2_dqbuf,0,VIDEO_OUTPUT_MPLANE
13758.926455,v4l2_qbuf,0,VIDEO_OUTPUT_MPLANE
13758.926493,v4l2_qbuf,4,VIDEO_CAPTURE_MPLANE
13758.929637,v4l2_dqbuf,4,VIDEO_CAPTURE_MPLANE
13758.929735,v4l2_dqbuf,0,VIDEO_OUTPUT_MPLANE
13758.942925,v4l2_qbuf,0,VIDEO_OUTPUT_MPLANE
13758.942946,v4l2_qbuf,5,VIDEO_CAPTURE_MPLANE
13758.946571,v4l2_dqbuf,5,VIDEO_CAPTURE_MPLANE
13758.946698,v4l2_dqbuf,0,VIDEO_OUTPUT_MPLANE
13758.959417,v4l2_qbuf,0,VIDEO_OUTPUT_MPLANE
13758.959437,v4l2_qbuf,2,VIDEO_CAPTURE_MPLANE
13758.961641,v4l2_dqbuf,2,VIDEO_CAPTURE_MPLANE
13758.961657,v4l2_dqbuf,0,VIDEO_OUTPUT_MPLANE
13758.975880,v4l2_qbuf,0,VIDEO_OUTPUT_MPLANE
13758.975902,v4l2_qbuf,1,VIDEO_CAPTURE_MPLANE
13758.979227,v4l2_dqbuf,1,VIDEO_CAPTURE_MPLANE
13758.979427,v4l2_dqbuf,0,VIDEO_OUTPUT_MPLANE
13758.992825,v4l2_qbuf,0,VIDEO_OUTPUT_MPLANE
13758.992851,v4l2_qbuf,0,VIDEO_CAPTURE_MPLANE
13758.996164,v4l2_dqbuf,0,VIDEO_CAPTURE_MPLANE
13758.996314,v4l2_dqbuf,0,VIDEO_OUTPUT_MPLANE
13759.009550,v4l2_qbuf,0,VIDEO_OUTPUT_MPLANE
13759.009570,v4l2_qbuf,4,VIDEO_CAPTURE_MPLANE
13759.011908,v4l2_dqbuf,4,VIDEO_CAPTURE_MPLANE
13759.011924,v4l2_dqbuf,0,VIDEO_OUTPUT_MPLANE
13759.026078,v4l2_qbuf,0,VIDEO_OUTPUT_MPLANE
13759.026109,v4l2_qbuf,5,VIDEO_CAPTURE_MPLANE
13759.031075,v4l2_dqbuf,5,VIDEO_CAPTURE_MPLANE
13759.031191,v4l2_dqbuf,0,VIDEO_OUTPUT_MPLANE
13759.043142,v4l2_qbuf,0,VIDEO_OUTPUT_MPLANE
13759.043175,v4l2_qbuf,3,VIDEO_CAPTURE_MPLANE
13759.045621,v4l2_dqbuf,3,VIDEO_CAPTURE_MPLANE
13759.045640,v4l2_dqbuf,0,VIDEO_OUTPUT_MPLANE
13759.059550,v4l2_qbuf,0,VIDEO_OUTPUT_MPLANE
13759.059573,v4l2_qbuf,1,VIDEO_CAPTURE_MPLANE
13759.062634,v4l2_dqbuf,1,VIDEO_CAPTURE_MPLANE
13759.062719,v4l2_dqbuf,0,VIDEO_OUTPUT_MPLANE
13759.076071,v4l2_qbuf,0,VIDEO_OUTPUT_MPLANE
13759.076088,v4l2_qbuf,0,VIDEO_CAPTURE_MPLANE
13759.079395,v4l2_dqbuf,0,VIDEO_CAPTURE_MPLANE
13759.079489,v4l2_dqbuf,0,VIDEO_OUTPUT_MPLANE
13759.092637,v4l2_qbuf,0,VIDEO_OUTPUT_MPLANE
13759.092654,v4l2_qbuf,2,VIDEO_CAPTURE_MPLANE
13759.094753,v4l2_dqbuf,2,VIDEO_CAPTURE_MPLANE
13759.094764,v4l2_dqbuf,0,VIDEO_OUTPUT_MPLANE
13759.109085,v4l2_qbuf,0,VIDEO_OUTPUT_MPLANE
13759.109107,v4l2_qbuf,5,VIDEO_CAPTURE_MPLANE
13759.112250,v4l2_dqbuf,5,VIDEO_CAPTURE_MPLANE
13759.112393,v4l2_dqbuf,0,VIDEO_OUTPUT_MPLANE
13759.126056,v4l2_qbuf,0,VIDEO_OUTPUT_MPLANE
13759.126107,v4l2_qbuf,4,VIDEO_CAPTURE_MPLANE
13759.128382,v4l2_dqbuf,4,VIDEO_CAPTURE_MPLANE
13759.128407,v4l2_dqbuf,0,VIDEO_OUTPUT_MPLANE
13759.142535,v4l2_qbuf,0,VIDEO_OUTPUT_MPLANE
13759.142563,v4l2_qbuf,1,VIDEO_CAPTURE_MPLANE
13759.145671,v4l2_dqbuf,1,VIDEO_CAPTURE_MPLANE
13759.145764,v4l2_dqbuf,0,VIDEO_OUTPUT_MPLANE
13759.159287,v4l2_qbuf,0,VIDEO_OUTPUT_MPLANE
13759.159308,v4l2_qbuf,0,VIDEO_CAPTURE_MPLANE
13759.162316,v4l2_dqbuf,0,VIDEO_CAPTURE_MPLANE
13759.162410,v4l2_dqbuf,0,VIDEO_OUTPUT_MPLANE
13759.175860,v4l2_qbuf,0,VIDEO_OUTPUT_MPLANE
13759.175881,v4l2_qbuf,3,VIDEO_CAPTURE_MPLANE
13759.178860,v4l2_dqbuf,3,VIDEO_CAPTURE_MPLANE
13759.178967,v4l2_dqbuf,0,VIDEO_OUTPUT_MPLANE
13759.192678,v4l2_qbuf,0,VIDEO_OUTPUT_MPLANE
13759.192694,v4l2_qbuf,5,VIDEO_CAPTURE_MPLANE
13759.194537,v4l2_dqbuf,5,VIDEO_CAPTURE_MPLANE
13759.194546,v4l2_dqbuf,0,VIDEO_OUTPUT_MPLANE
13759.209303,v4l2_qbuf,0,VIDEO_OUTPUT_MPLANE
13759.209332,v4l2_qbuf,2,VIDEO_CAPTURE_MPLANE
13759.211418,v4l2_dqbuf,2,VIDEO_CAPTURE_MPLANE
13759.211436,v4l2_dqbuf,0,VIDEO_OUTPUT_MPLANE
13759.225982,v4l2_qbuf,0,VIDEO_OUTPUT_MPLANE
13759.226032,v4l2_qbuf,1,VIDEO_CAPTURE_MPLANE
13759.230133,v4l2_dqbuf,1,VIDEO_CAPTURE_MPLANE
13759.230315,v4l2_dqbuf,0,VIDEO_OUTPUT_MPLANE
13759.242809,v4l2_qbuf,0,VIDEO_OUTPUT_MPLANE
13759.242836,v4l2_qbuf,0,VIDEO_CAPTURE_MPLANE
13759.245033,v4l2_dqbuf,0,VIDEO_CAPTURE_MPLANE
13759.245053,v4l2_dqbuf,0,VIDEO_OUTPUT_MPLANE
13759.259596,v4l2_qbuf,0,VIDEO_OUTPUT_MPLANE
13759.259627,v4l2_qbuf,3,VIDEO_CAPTURE_MPLANE
13759.262996,v4l2_dqbuf,3,VIDEO_CAPTURE_MPLANE
13759.263156,v4l2_dqbuf,0,VIDEO_OUTPUT_MPLANE
13759.276103,v4l2_qbuf,0,VIDEO_OUTPUT_MPLANE
13759.276132,v4l2_qbuf,4,VIDEO_CAPTURE_MPLANE
13759.278291,v4l2_dqbuf,4,VIDEO_CAPTURE_MPLANE
13759.278305,v4l2_dqbuf,0,VIDEO_OUTPUT_MPLANE
13759.292594,v4l2_qbuf,0,VIDEO_OUTPUT_MPLANE
13759.292619,v4l2_qbuf,5,VIDEO_CAPTURE_MPLANE
13759.295645,v4l2_dqbuf,5,VIDEO_CAPTURE_MPLANE
13759.295726,v4l2_dqbuf,0,VIDEO_OUTPUT_MPLANE
13759.309562,v4l2_qbuf,0,VIDEO_OUTPUT_MPLANE
13759.309591,v4l2_qbuf,1,VIDEO_CAPTURE_MPLANE
13759.312783,v4l2_dqbuf,1,VIDEO_CAPTURE_MPLANE
13759.312884,v4l2_dqbuf,0,VIDEO_OUTPUT_MPLANE
13759.328566,v4l2_qbuf,0,VIDEO_OUTPUT_MPLANE
13759.328594,v4l2_qbuf,2,VIDEO_CAPTURE_MPLANE
13759.332078,v4l2_dqbuf,2,VIDEO_CAPTURE_MPLANE
13759.332827,v4l2_dqbuf,0,VIDEO_OUTPUT_MPLANE
13759.342433,v4l2_qbuf,0,VIDEO_OUTPUT_MPLANE
13759.342456,v4l2_qbuf,3,VIDEO_CAPTURE_MPLANE
13759.344710,v4l2_dqbuf,3,VIDEO_CAPTURE_MPLANE
13759.344724,v4l2_dqbuf,0,VIDEO_OUTPUT_MPLANE
13759.362612,v4l2_qbuf,0,VIDEO_OUTPUT_MPLANE
13759.362644,v4l2_qbuf,0,VIDEO_CAPTURE_MPLANE
13759.365906,v4l2_dqbuf,0,VIDEO_CAPTURE_MPLANE
13759.366072,v4l2_dqbuf,0,VIDEO_OUTPUT_MPLANE
13759.375820,v4l2_qbuf,0,VIDEO_OUTPUT_MPLANE
13759.375840,v4l2_qbuf,5,VIDEO_CAPTURE_MPLANE
13759.379129,v4l2_dqbuf,5,VIDEO_CAPTURE_MPLANE
13759.379282,v4l2_dqbuf,0,VIDEO_OUTPUT_MPLANE
13759.392434,v4l2_qbuf,0,VIDEO_OUTPUT_MPLANE
13759.392453,v4l2_qbuf,1,VIDEO_CAPTURE_MPLANE
13759.394687,v4l2_dqbuf,1,VIDEO_CAPTURE_MPLANE
13759.394702,v4l2_dqbuf,0,VIDEO_OUTPUT_MPLANE
13759.409156,v4l2_qbuf,0,VIDEO_OUTPUT_MPLANE
13759.409176,v4l2_qbuf,2,VIDEO_CAPTURE_MPLANE
13759.412347,v4l2_dqbuf,2,VIDEO_CAPTURE_MPLANE
13759.412527,v4l2_dqbuf,0,VIDEO_OUTPUT_MPLANE
13759.425763,v4l2_qbuf,0,VIDEO_OUTPUT_MPLANE
13759.425779,v4l2_qbuf,4,VIDEO_CAPTURE_MPLANE
13759.427893,v4l2_dqbuf,4,VIDEO_CAPTURE_MPLANE
13759.427907,v4l2_dqbuf,0,VIDEO_OUTPUT_MPLANE
13759.442488,v4l2_qbuf,0,VIDEO_OUTPUT_MPLANE
13759.442503,v4l2_qbuf,0,VIDEO_CAPTURE_MPLANE
13759.445605,v4l2_dqbuf,0,VIDEO_CAPTURE_MPLANE
13759.445676,v4l2_dqbuf,0,VIDEO_OUTPUT_MPLANE
13759.459258,v4l2_qbuf,0,VIDEO_OUTPUT_MPLANE
13759.459279,v4l2_qbuf,5,VIDEO_CAPTURE_MPLANE
13759.462396,v4l2_dqbuf,5,VIDEO_CAPTURE_MPLANE
13759.462555,v4l2_dqbuf,0,VIDEO_OUTPUT_MPLANE
13759.475901,v4l2_qbuf,0,VIDEO_OUTPUT_MPLANE
13759.475920,v4l2_qbuf,3,VIDEO_CAPTURE_MPLANE
13759.481143,v4l2_dqbuf,3,VIDEO_CAPTURE_MPLANE
13759.481263,v4l2_dqbuf,0,VIDEO_OUTPUT_MPLANE
13759.492734,v4l2_qbuf,0,VIDEO_OUTPUT_MPLANE
13759.492802,v4l2_qbuf,2,VIDEO_CAPTURE_MPLANE
13759.495014,v4l2_dqbuf,2,VIDEO_CAPTURE_MPLANE
13759.495029,v4l2_dqbuf,0,VIDEO_OUTPUT_MPLANE
13759.509369,v4l2_qbuf,0,VIDEO_OUTPUT_MPLANE
13759.509389,v4l2_qbuf,1,VIDEO_CAPTURE_MPLANE
13759.512628,v4l2_dqbuf,1,VIDEO_CAPTURE_MPLANE
13759.512706,v4l2_dqbuf,0,VIDEO_OUTPUT_MPLANE
13759.525718,v4l2_qbuf,0,VIDEO_OUTPUT_MPLANE
13759.525740,v4l2_qbuf,0,VIDEO_CAPTURE_MPLANE
13759.529018,v4l2_dqbuf,0,VIDEO_CAPTURE_MPLANE
13759.529109,v4l2_dqbuf,0,VIDEO_OUTPUT_MPLANE
13759.542681,v4l2_qbuf,0,VIDEO_OUTPUT_MPLANE
13759.542703,v4l2_qbuf,5,VIDEO_CAPTURE_MPLANE
13759.545953,v4l2_dqbuf,5,VIDEO_CAPTURE_MPLANE
13759.546126,v4l2_dqbuf,0,VIDEO_OUTPUT_MPLANE
13759.559207,v4l2_qbuf,0,VIDEO_OUTPUT_MPLANE
13759.559236,v4l2_qbuf,3,VIDEO_CAPTURE_MPLANE
13759.561428,v4l2_dqbuf,3,VIDEO_CAPTURE_MPLANE
13759.561452,v4l2_dqbuf,0,VIDEO_OUTPUT_MPLANE
13759.575958,v4l2_qbuf,0,VIDEO_OUTPUT_MPLANE
13759.575979,v4l2_qbuf,4,VIDEO_CAPTURE_MPLANE
13759.580315,v4l2_dqbuf,4,VIDEO_CAPTURE_MPLANE
13759.580425,v4l2_dqbuf,0,VIDEO_OUTPUT_MPLANE
13759.592492,v4l2_qbuf,0,VIDEO_OUTPUT_MPLANE
13759.592514,v4l2_qbuf,1,VIDEO_CAPTURE_MPLANE
13759.594663,v4l2_dqbuf,1,VIDEO_CAPTURE_MPLANE
13759.594692,v4l2_dqbuf,0,VIDEO_OUTPUT_MPLANE
13759.609554,v4l2_qbuf,0,VIDEO_OUTPUT_MPLANE
13759.609594,v4l2_qbuf,0,VIDEO_CAPTURE_MPLANE
13759.612822,v4l2_dqbuf,0,VIDEO_CAPTURE_MPLANE
13759.612986,v4l2_dqbuf,0,VIDEO_OUTPUT_MPLANE
13759.626223,v4l2_qbuf,0,VIDEO_OUTPUT_MPLANE
13759.626246,v4l2_qbuf,5,VIDEO_CAPTURE_MPLANE
13759.628598,v4l2_dqbuf,5,VIDEO_CAPTURE_MPLANE
13759.628626,v4l2_dqbuf,0,VIDEO_OUTPUT_MPLANE
13759.642797,v4l2_qbuf,0,VIDEO_OUTPUT_MPLANE
13759.642817,v4l2_qbuf,2,VIDEO_CAPTURE_MPLANE
13759.646101,v4l2_dqbuf,2,VIDEO_CAPTURE_MPLANE
13759.646197,v4l2_dqbuf,0,VIDEO_OUTPUT_MPLANE
13759.659715,v4l2_qbuf,0,VIDEO_OUTPUT_MPLANE
13759.659734,v4l2_qbuf,4,VIDEO_CAPTURE_MPLANE
13759.662919,v4l2_dqbuf,4,VIDEO_CAPTURE_MPLANE
13759.662996,v4l2_dqbuf,0,VIDEO_OUTPUT_MPLANE
13759.676192,v4l2_qbuf,0,VIDEO_OUTPUT_MPLANE
13759.676210,v4l2_qbuf,3,VIDEO_CAPTURE_MPLANE
13759.680419,v4l2_dqbuf,3,VIDEO_CAPTURE_MPLANE
13759.680534,v4l2_dqbuf,0,VIDEO_OUTPUT_MPLANE
13759.692722,v4l2_qbuf,0,VIDEO_OUTPUT_MPLANE
13759.692745,v4l2_qbuf,0,VIDEO_CAPTURE_MPLANE
13759.695084,v4l2_dqbuf,0,VIDEO_CAPTURE_MPLANE
13759.695104,v4l2_dqbuf,0,VIDEO_OUTPUT_MPLANE
13759.709685,v4l2_qbuf,0,VIDEO_OUTPUT_MPLANE
13759.709705,v4l2_qbuf,1,VIDEO_CAPTURE_MPLANE
13759.712691,v4l2_dqbuf,1,VIDEO_CAPTURE_MPLANE
13759.712780,v4l2_dqbuf,0,VIDEO_OUTPUT_MPLANE
13759.726060,v4l2_qbuf,0,VIDEO_OUTPUT_MPLANE
13759.726081,v4l2_qbuf,2,VIDEO_CAPTURE_MPLANE
13759.729281,v4l2_dqbuf,2,VIDEO_CAPTURE_MPLANE
13759.729371,v4l2_dqbuf,0,VIDEO_OUTPUT_MPLANE
13759.742713,v4l2_qbuf,0,VIDEO_OUTPUT_MPLANE
13759.742734,v4l2_qbuf,4,VIDEO_CAPTURE_MPLANE
13759.746172,v4l2_dqbuf,4,VIDEO_CAPTURE_MPLANE
13759.746400,v4l2_dqbuf,0,VIDEO_OUTPUT_MPLANE
13759.759623,v4l2_qbuf,0,VIDEO_OUTPUT_MPLANE
13759.759645,v4l2_qbuf,3,VIDEO_CAPTURE_MPLANE
13759.761999,v4l2_dqbuf,3,VIDEO_CAPTURE_MPLANE
13759.762025,v4l2_dqbuf,0,VIDEO_OUTPUT_MPLANE
13759.776337,v4l2_qbuf,0,VIDEO_OUTPUT_MPLANE
13759.776358,v4l2_qbuf,5,VIDEO_CAPTURE_MPLANE
13759.781107,v4l2_dqbuf,5,VIDEO_CAPTURE_MPLANE
13759.781235,v4l2_dqbuf,0,VIDEO_OUTPUT_MPLANE
13759.792723,v4l2_qbuf,0,VIDEO_OUTPUT_MPLANE
13759.792753,v4l2_qbuf,1,VIDEO_CAPTURE_MPLANE
13759.796082,v4l2_dqbuf,1,VIDEO_CAPTURE_MPLANE
13759.796189,v4l2_dqbuf,0,VIDEO_OUTPUT_MPLANE
13759.809654,v4l2_qbuf,0,VIDEO_OUTPUT_MPLANE
13759.809756,v4l2_qbuf,2,VIDEO_CAPTURE_MPLANE
13759.812860,v4l2_dqbuf,2,VIDEO_CAPTURE_MPLANE
13759.812948,v4l2_dqbuf,0,VIDEO_OUTPUT_MPLANE
13759.825951,v4l2_qbuf,0,VIDEO_OUTPUT_MPLANE
13759.825973,v4l2_qbuf,4,VIDEO_CAPTURE_MPLANE
13759.828167,v4l2_dqbuf,4,VIDEO_CAPTURE_MPLANE
13759.828184,v4l2_dqbuf,0,VIDEO_OUTPUT_MPLANE
13759.842543,v4l2_qbuf,0,VIDEO_OUTPUT_MPLANE
13759.842563,v4l2_qbuf,0,VIDEO_CAPTURE_MPLANE
13759.845841,v4l2_dqbuf,0,VIDEO_CAPTURE_MPLANE
13759.846095,v4l2_dqbuf,0,VIDEO_OUTPUT_MPLANE
13759.859954,v4l2_qbuf,0,VIDEO_OUTPUT_MPLANE
13759.859998,v4l2_qbuf,5,VIDEO_CAPTURE_MPLANE
13759.863515,v4l2_dqbuf,5,VIDEO_CAPTURE_MPLANE
13759.863726,v4l2_dqbuf,0,VIDEO_OUTPUT_MPLANE
13759.876304,v4l2_qbuf,0,VIDEO_OUTPUT_MPLANE
13759.876336,v4l2_qbuf,1,VIDEO_CAPTURE_MPLANE
13759.880172,v4l2_dqbuf,1,VIDEO_CAPTURE_MPLANE
13759.880372,v4l2_dqbuf,0,VIDEO_OUTPUT_MPLANE
13759.892763,v4l2_qbuf,0,VIDEO_OUTPUT_MPLANE
13759.892795,v4l2_qbuf,2,VIDEO_CAPTURE_MPLANE
13759.896875,v4l2_dqbuf,2,VIDEO_CAPTURE_MPLANE
13759.896895,v4l2_dqbuf,0,VIDEO_OUTPUT_MPLANE
13759.909711,v4l2_qbuf,0,VIDEO_OUTPUT_MPLANE
13759.909813,v4l2_qbuf,3,VIDEO_CAPTURE_MPLANE
13759.912986,v4l2_dqbuf,3,VIDEO_CAPTURE_MPLANE
13759.913182,v4l2_dqbuf,0,VIDEO_OUTPUT_MPLANE
13759.926056,v4l2_qbuf,0,VIDEO_OUTPUT_MPLANE
13759.926089,v4l2_qbuf,0,VIDEO_CAPTURE_MPLANE
13759.929207,v4l2_dqbuf,0,VIDEO_CAPTURE_MPLANE
13759.929294,v4l2_dqbuf,0,VIDEO_OUTPUT_MPLANE
13759.942979,v4l2_qbuf,0,VIDEO_OUTPUT_MPLANE
13759.943017,v4l2_qbuf,5,VIDEO_CAPTURE_MPLANE
13759.946200,v4l2_dqbuf,5,VIDEO_CAPTURE_MPLANE
13759.946364,v4l2_dqbuf,0,VIDEO_OUTPUT_MPLANE
13759.959255,v4l2_qbuf,0,VIDEO_OUTPUT_MPLANE
13759.959271,v4l2_qbuf,1,VIDEO_CAPTURE_MPLANE
13759.961380,v4l2_dqbuf,1,VIDEO_CAPTURE_MPLANE
13759.961393,v4l2_dqbuf,0,VIDEO_OUTPUT_MPLANE
13759.975971,v4l2_qbuf,0,VIDEO_OUTPUT_MPLANE
13759.975992,v4l2_qbuf,4,VIDEO_CAPTURE_MPLANE
13759.979155,v4l2_dqbuf,4,VIDEO_CAPTURE_MPLANE
13759.979298,v4l2_dqbuf,0,VIDEO_OUTPUT_MPLANE
13759.992964,v4l2_qbuf,0,VIDEO_OUTPUT_MPLANE
13759.992996,v4l2_qbuf,3,VIDEO_CAPTURE_MPLANE
13759.996353,v4l2_dqbuf,3,VIDEO_CAPTURE_MPLANE
13759.996487,v4l2_dqbuf,0,VIDEO_OUTPUT_MPLANE
13760.009399,v4l2_qbuf,0,VIDEO_OUTPUT_MPLANE
13760.009438,v4l2_qbuf,0,VIDEO_CAPTURE_MPLANE
13760.011712,v4l2_dqbuf,0,VIDEO_CAPTURE_MPLANE
13760.011727,v4l2_dqbuf,0,VIDEO_OUTPUT_MPLANE
13760.026546,v4l2_qbuf,0,VIDEO_OUTPUT_MPLANE
13760.026584,v4l2_qbuf,5,VIDEO_CAPTURE_MPLANE
13760.031173,v4l2_dqbuf,5,VIDEO_CAPTURE_MPLANE
13760.031284,v4l2_dqbuf,0,VIDEO_OUTPUT_MPLANE
13760.043054,v4l2_qbuf,0,VIDEO_OUTPUT_MPLANE
13760.043080,v4l2_qbuf,2,VIDEO_CAPTURE_MPLANE
13760.046194,v4l2_dqbuf,2,VIDEO_CAPTURE_MPLANE
13760.046273,v4l2_dqbuf,0,VIDEO_OUTPUT_MPLANE
13760.059322,v4l2_qbuf,0,VIDEO_OUTPUT_MPLANE
13760.059337,v4l2_qbuf,4,VIDEO_CAPTURE_MPLANE
13760.062302,v4l2_dqbuf,4,VIDEO_CAPTURE_MPLANE
13760.062370,v4l2_dqbuf,0,VIDEO_OUTPUT_MPLANE
13760.076357,v4l2_qbuf,0,VIDEO_OUTPUT_MPLANE
13760.076423,v4l2_qbuf,3,VIDEO_CAPTURE_MPLANE
13760.078741,v4l2_dqbuf,3,VIDEO_CAPTURE_MPLANE
13760.078766,v4l2_dqbuf,0,VIDEO_OUTPUT_MPLANE
13760.092920,v4l2_qbuf,0,VIDEO_OUTPUT_MPLANE
13760.092959,v4l2_qbuf,1,VIDEO_CAPTURE_MPLANE
13760.096237,v4l2_dqbuf,1,VIDEO_CAPTURE_MPLANE
13760.096324,v4l2_dqbuf,0,VIDEO_OUTPUT_MPLANE
13760.111894,v4l2_qbuf,0,VIDEO_OUTPUT_MPLANE
13760.111914,v4l2_qbuf,5,VIDEO_CAPTURE_MPLANE
13760.115974,v4l2_dqbuf,5,VIDEO_CAPTURE_MPLANE
13760.116108,v4l2_dqbuf,0,VIDEO_OUTPUT_MPLANE
13760.125970,v4l2_qbuf,0,VIDEO_OUTPUT_MPLANE
13760.125985,v4l2_qbuf,2,VIDEO_CAPTURE_MPLANE
13760.128187,v4l2_dqbuf,2,VIDEO_CAPTURE_MPLANE
13760.128199,v4l2_dqbuf,0,VIDEO_OUTPUT_MPLANE
13760.142722,v4l2_qbuf,0,VIDEO_OUTPUT_MPLANE
13760.142738,v4l2_qbuf,4,VIDEO_CAPTURE_MPLANE
13760.145768,v4l2_dqbuf,4,VIDEO_CAPTURE_MPLANE
13760.145846,v4l2_dqbuf,0,VIDEO_OUTPUT_MPLANE
13760.159225,v4l2_qbuf,0,VIDEO_OUTPUT_MPLANE
13760.159245,v4l2_qbuf,0,VIDEO_CAPTURE_MPLANE
13760.162368,v4l2_dqbuf,0,VIDEO_CAPTURE_MPLANE
13760.162454,v4l2_dqbuf,0,VIDEO_OUTPUT_MPLANE
13760.176288,v4l2_qbuf,0,VIDEO_OUTPUT_MPLANE
13760.176307,v4l2_qbuf,1,VIDEO_CAPTURE_MPLANE
13760.179895,v4l2_dqbuf,1,VIDEO_CAPTURE_MPLANE
13760.180031,v4l2_dqbuf,0,VIDEO_OUTPUT_MPLANE
13760.193022,v4l2_qbuf,0,VIDEO_OUTPUT_MPLANE
13760.193044,v4l2_qbuf,5,VIDEO_CAPTURE_MPLANE
13760.195054,v4l2_dqbuf,5,VIDEO_CAPTURE_MPLANE
13760.195066,v4l2_dqbuf,0,VIDEO_OUTPUT_MPLANE
13760.209362,v4l2_qbuf,0,VIDEO_OUTPUT_MPLANE
13760.209386,v4l2_qbuf,3,VIDEO_CAPTURE_MPLANE
13760.211613,v4l2_dqbuf,3,VIDEO_CAPTURE_MPLANE
13760.211626,v4l2_dqbuf,0,VIDEO_OUTPUT_MPLANE
13760.225899,v4l2_qbuf,0,VIDEO_OUTPUT_MPLANE
13760.225915,v4l2_qbuf,4,VIDEO_CAPTURE_MPLANE
13760.229161,v4l2_dqbuf,4,VIDEO_CAPTURE_MPLANE
13760.229261,v4l2_dqbuf,0,VIDEO_OUTPUT_MPLANE
13760.242794,v4l2_qbuf,0,VIDEO_OUTPUT_MPLANE
13760.242816,v4l2_qbuf,0,VIDEO_CAPTURE_MPLANE
13760.245982,v4l2_dqbuf,0,VIDEO_CAPTURE_MPLANE
13760.246066,v4l2_dqbuf,0,VIDEO_OUTPUT_MPLANE
13760.259431,v4l2_qbuf,0,VIDEO_OUTPUT_MPLANE
13760.259464,v4l2_qbuf,2,VIDEO_CAPTURE_MPLANE
13760.261754,v4l2_dqbuf,2,VIDEO_CAPTURE_MPLANE
13760.261765,v4l2_dqbuf,0,VIDEO_OUTPUT_MPLANE
13760.275832,v4l2_qbuf,0,VIDEO_OUTPUT_MPLANE
13760.275849,v4l2_qbuf,1,VIDEO_CAPTURE_MPLANE
13760.278990,v4l2_dqbuf,1,VIDEO_CAPTURE_MPLANE
13760.279123,v4l2_dqbuf,0,VIDEO_OUTPUT_MPLANE
13760.292599,v4l2_qbuf,0,VIDEO_OUTPUT_MPLANE
13760.292619,v4l2_qbuf,5,VIDEO_CAPTURE_MPLANE
13760.295640,v4l2_dqbuf,5,VIDEO_CAPTURE_MPLANE
13760.295726,v4l2_dqbuf,0,VIDEO_OUTPUT_MPLANE
13760.309131,v4l2_qbuf,0,VIDEO_OUTPUT_MPLANE
13760.309150,v4l2_qbuf,4,VIDEO_CAPTURE_MPLANE
13760.312192,v4l2_dqbuf,4,VIDEO_CAPTURE_MPLANE
13760.312265,v4l2_dqbuf,0,VIDEO_OUTPUT_MPLANE
13760.325875,v4l2_qbuf,0,VIDEO_OUTPUT_MPLANE
13760.325891,v4l2_qbuf,0,VIDEO_CAPTURE_MPLANE
13760.328062,v4l2_dqbuf,0,VIDEO_CAPTURE_MPLANE
13760.328077,v4l2_dqbuf,0,VIDEO_OUTPUT_MPLANE
13760.342555,v4l2_qbuf,0,VIDEO_OUTPUT_MPLANE
13760.342576,v4l2_qbuf,3,VIDEO_CAPTURE_MPLANE
13760.345786,v4l2_dqbuf,3,VIDEO_CAPTURE_MPLANE
13760.345871,v4l2_dqbuf,0,VIDEO_OUTPUT_MPLANE
13760.359393,v4l2_qbuf,0,VIDEO_OUTPUT_MPLANE
13760.359412,v4l2_qbuf,1,VIDEO_CAPTURE_MPLANE
13760.363434,v4l2_dqbuf,1,VIDEO_CAPTURE_MPLANE
13760.363469,v4l2_dqbuf,0,VIDEO_OUTPUT_MPLANE
13760.376176,v4l2_qbuf,0,VIDEO_OUTPUT_MPLANE
13760.376208,v4l2_qbuf,5,VIDEO_CAPTURE_MPLANE
13760.379381,v4l2_dqbuf,5,VIDEO_CAPTURE_MPLANE
13760.379536,v4l2_dqbuf,0,VIDEO_OUTPUT_MPLANE
13760.392847,v4l2_qbuf,0,VIDEO_OUTPUT_MPLANE
13760.392894,v4l2_qbuf,4,VIDEO_CAPTURE_MPLANE
13760.396181,v4l2_dqbuf,4,VIDEO_CAPTURE_MPLANE
13760.396322,v4l2_dqbuf,0,VIDEO_OUTPUT_MPLANE
13760.409431,v4l2_qbuf,0,VIDEO_OUTPUT_MPLANE
13760.409494,v4l2_qbuf,2,VIDEO_CAPTURE_MPLANE
13760.412702,v4l2_dqbuf,2,VIDEO_CAPTURE_MPLANE
13760.412897,v4l2_dqbuf,0,VIDEO_OUTPUT_MPLANE
13760.426208,v4l2_qbuf,0,VIDEO_OUTPUT_MPLANE
13760.426236,v4l2_qbuf,3,VIDEO_CAPTURE_MPLANE
13760.428566,v4l2_dqbuf,3,VIDEO_CAPTURE_MPLANE
13760.428587,v4l2_dqbuf,0,VIDEO_OUTPUT_MPLANE
13760.442728,v4l2_qbuf,0,VIDEO_OUTPUT_MPLANE
13760.442771,v4l2_qbuf,0,VIDEO_CAPTURE_MPLANE
13760.447510,v4l2_dqbuf,0,VIDEO_CAPTURE_MPLANE
13760.447621,v4l2_dqbuf,0,VIDEO_OUTPUT_MPLANE
13760.459345,v4l2_qbuf,0,VIDEO_OUTPUT_MPLANE
13760.459368,v4l2_qbuf,5,VIDEO_CAPTURE_MPLANE
13760.462566,v4l2_dqbuf,5,VIDEO_CAPTURE_MPLANE
13760.462682,v4l2_dqbuf,0,VIDEO_OUTPUT_MPLANE
13760.476025,v4l2_qbuf,0,VIDEO_OUTPUT_MPLANE
13760.476048,v4l2_qbuf,4,VIDEO_CAPTURE_MPLANE
13760.479270,v4l2_dqbuf,4,VIDEO_CAPTURE_MPLANE
13760.479410,v4l2_dqbuf,0,VIDEO_OUTPUT_MPLANE
13760.492704,v4l2_qbuf,0,VIDEO_OUTPUT_MPLANE
13760.492725,v4l2_qbuf,2,VIDEO_CAPTURE_MPLANE
13760.494990,v4l2_dqbuf,2,VIDEO_CAPTURE_MPLANE
13760.495016,v4l2_dqbuf,0,VIDEO_OUTPUT_MPLANE
13760.509513,v4l2_qbuf,0,VIDEO_OUTPUT_MPLANE
13760.509533,v4l2_qbuf,1,VIDEO_CAPTURE_MPLANE
13760.512667,v4l2_dqbuf,1,VIDEO_CAPTURE_MPLANE
13760.512754,v4l2_dqbuf,0,VIDEO_OUTPUT_MPLANE
13760.526657,v4l2_qbuf,0,VIDEO_OUTPUT_MPLANE
13760.526679,v4l2_qbuf,0,VIDEO_CAPTURE_MPLANE
13760.529888,v4l2_dqbuf,0,VIDEO_CAPTURE_MPLANE
13760.529990,v4l2_dqbuf,0,VIDEO_OUTPUT_MPLANE
13760.542841,v4l2_qbuf,0,VIDEO_OUTPUT_MPLANE
13760.542861,v4l2_qbuf,5,VIDEO_CAPTURE_MPLANE
13760.547331,v4l2_dqbuf,5,VIDEO_CAPTURE_MPLANE
13760.547452,v4l2_dqbuf,0,VIDEO_OUTPUT_MPLANE
13760.559551,v4l2_qbuf,0,VIDEO_OUTPUT_MPLANE
13760.559582,v4l2_qbuf,4,VIDEO_CAPTURE_MPLANE
13760.562159,v4l2_dqbuf,4,VIDEO_CAPTURE_MPLANE
13760.562179,v4l2_dqbuf,0,VIDEO_OUTPUT_MPLANE
13760.575934,v4l2_qbuf,0,VIDEO_OUTPUT_MPLANE
13760.575956,v4l2_qbuf,3,VIDEO_CAPTURE_MPLANE
13760.579087,v4l2_dqbuf,3,VIDEO_CAPTURE_MPLANE
13760.579175,v4l2_dqbuf,0,VIDEO_OUTPUT_MPLANE
13760.592725,v4l2_qbuf,0,VIDEO_OUTPUT_MPLANE
13760.592764,v4l2_qbuf,1,VIDEO_CAPTURE_MPLANE
13760.595907,v4l2_dqbuf,1,VIDEO_CAPTURE_MPLANE
13760.596051,v4l2_dqbuf,0,VIDEO_OUTPUT_MPLANE
13760.609300,v4l2_qbuf,0,VIDEO_OUTPUT_MPLANE
13760.609322,v4l2_qbuf,0,VIDEO_CAPTURE_MPLANE
13760.612587,v4l2_dqbuf,0,VIDEO_CAPTURE_MPLANE
13760.612779,v4l2_dqbuf,0,VIDEO_OUTPUT_MPLANE
13760.626123,v4l2_qbuf,0,VIDEO_OUTPUT_MPLANE
13760.626143,v4l2_qbuf,5,VIDEO_CAPTURE_MPLANE
13760.628276,v4l2_dqbuf,5,VIDEO_CAPTURE_MPLANE
13760.628290,v4l2_dqbuf,0,VIDEO_OUTPUT_MPLANE
13760.642837,v4l2_qbuf,0,VIDEO_OUTPUT_MPLANE
13760.642865,v4l2_qbuf,2,VIDEO_CAPTURE_MPLANE
13760.646159,v4l2_dqbuf,2,VIDEO_CAPTURE_MPLANE
13760.646257,v4l2_dqbuf,0,VIDEO_OUTPUT_MPLANE
13760.659658,v4l2_qbuf,0,VIDEO_OUTPUT_MPLANE
13760.659706,v4l2_qbuf,3,VIDEO_CAPTURE_MPLANE
13760.663025,v4l2_dqbuf,3,VIDEO_CAPTURE_MPLANE
13760.663140,v4l2_dqbuf,0,VIDEO_OUTPUT_MPLANE
13760.675795,v4l2_qbuf,0,VIDEO_OUTPUT_MPLANE
13760.675810,v4l2_qbuf,1,VIDEO_CAPTURE_MPLANE
13760.678911,v4l2_dqbuf,1,VIDEO_CAPTURE_MPLANE
13760.678979,v4l2_dqbuf,0,VIDEO_OUTPUT_MPLANE
13760.692820,v4l2_qbuf,0,VIDEO_OUTPUT_MPLANE
13760.692852,v4l2_qbuf,0,VIDEO_CAPTURE_MPLANE
13760.695010,v4l2_dqbuf,0,VIDEO_CAPTURE_MPLANE
13760.695025,v4l2_dqbuf,0,VIDEO_OUTPUT_MPLANE
13760.709296,v4l2_qbuf,0,VIDEO_OUTPUT_MPLANE
13760.709320,v4l2_qbuf,4,VIDEO_CAPTURE_MPLANE
13760.714102,v4l2_dqbuf,4,VIDEO_CAPTURE_MPLANE
13760.714196,v4l2_dqbuf,0,VIDEO_OUTPUT_MPLANE
13760.726112,v4l2_qbuf,0,VIDEO_OUTPUT_MPLANE
13760.726132,v4l2_qbuf,2,VIDEO_CAPTURE_MPLANE
13760.729340,v4l2_dqbuf,2,VIDEO_CAPTURE_MPLANE
13760.729544,v4l2_dqbuf,0,VIDEO_OUTPUT_MPLANE
13760.742674,v4l2_qbuf,0,VIDEO_OUTPUT_MPLANE
13760.742711,v4l2_qbuf,3,VIDEO_CAPTURE_MPLANE
13760.745976,v4l2_dqbuf,3,VIDEO_CAPTURE_MPLANE
13760.746169,v4l2_dqbuf,0,VIDEO_OUTPUT_MPLANE
13760.759306,v4l2_qbuf,0,VIDEO_OUTPUT_MPLANE
13760.759328,v4l2_qbuf,1,VIDEO_CAPTURE_MPLANE
13760.761528,v4l2_dqbuf,1,VIDEO_CAPTURE_MPLANE
13760.761559,v4l2_dqbuf,0,VIDEO_OUTPUT_MPLANE
13760.776169,v4l2_qbuf,0,VIDEO_OUTPUT_MPLANE
13760.776190,v4l2_qbuf,5,VIDEO_CAPTURE_MPLANE
13760.779398,v4l2_dqbuf,5,VIDEO_CAPTURE_MPLANE
13760.779553,v4l2_dqbuf,0,VIDEO_OUTPUT_MPLANE
13760.792701,v4l2_qbuf,0,VIDEO_OUTPUT_MPLANE
13760.792722,v4l2_qbuf,4,VIDEO_CAPTURE_MPLANE
13760.798136,v4l2_dqbuf,4,VIDEO_CAPTURE_MPLANE
13760.798260,v4l2_dqbuf,0,VIDEO_OUTPUT_MPLANE
13760.809393,v4l2_qbuf,0,VIDEO_OUTPUT_MPLANE
13760.809415,v4l2_qbuf,2,VIDEO_CAPTURE_MPLANE
13760.812742,v4l2_dqbuf,2,VIDEO_CAPTURE_MPLANE
13760.812869,v4l2_dqbuf,0,VIDEO_OUTPUT_MPLANE
13760.826320,v4l2_qbuf,0,VIDEO_OUTPUT_MPLANE
13760.826336,v4l2_qbuf,3,VIDEO_CAPTURE_MPLANE
13760.828449,v4l2_dqbuf,3,VIDEO_CAPTURE_MPLANE
13760.828471,v4l2_dqbuf,0,VIDEO_OUTPUT_MPLANE
13760.842358,v4l2_qbuf,0,VIDEO_OUTPUT_MPLANE
13760.842387,v4l2_qbuf,0,VIDEO_CAPTURE_MPLANE
13760.845582,v4l2_dqbuf,0,VIDEO_CAPTURE_MPLANE
13760.845684,v4l2_dqbuf,0,VIDEO_OUTPUT_MPLANE
13760.859095,v4l2_qbuf,0,VIDEO_OUTPUT_MPLANE
13760.859117,v4l2_qbuf,5,VIDEO_CAPTURE_MPLANE
13760.862280,v4l2_dqbuf,5,VIDEO_CAPTURE_MPLANE
13760.862416,v4l2_dqbuf,0,VIDEO_OUTPUT_MPLANE
13760.875980,v4l2_qbuf,0,VIDEO_OUTPUT_MPLANE
13760.875999,v4l2_qbuf,4,VIDEO_CAPTURE_MPLANE
13760.878956,v4l2_dqbuf,4,VIDEO_CAPTURE_MPLANE
13760.879046,v4l2_dqbuf,0,VIDEO_OUTPUT_MPLANE
13760.894050,v4l2_qbuf,0,VIDEO_OUTPUT_MPLANE
13760.894067,v4l2_qbuf,2,VIDEO_CAPTURE_MPLANE
13760.896456,v4l2_dqbuf,2,VIDEO_CAPTURE_MPLANE
13760.896473,v4l2_dqbuf,0,VIDEO_OUTPUT_MPLANE
13760.909302,v4l2_qbuf,0,VIDEO_OUTPUT_MPLANE
13760.909338,v4l2_qbuf,1,VIDEO_CAPTURE_MPLANE
13760.912569,v4l2_dqbuf,1,VIDEO_CAPTURE_MPLANE
13760.912753,v4l2_dqbuf,0,VIDEO_OUTPUT_MPLANE
13760.925897,v4l2_qbuf,0,VIDEO_OUTPUT_MPLANE
13760.925912,v4l2_qbuf,0,VIDEO_CAPTURE_MPLANE
13760.929106,v4l2_dqbuf,0,VIDEO_CAPTURE_MPLANE
13760.929197,v4l2_dqbuf,0,VIDEO_OUTPUT_MPLANE
13760.942950,v4l2_qbuf,0,VIDEO_OUTPUT_MPLANE
13760.942993,v4l2_qbuf,5,VIDEO_CAPTURE_MPLANE
13760.946142,v4l2_dqbuf,5,VIDEO_CAPTURE_MPLANE
13760.946274,v4l2_dqbuf,0,VIDEO_OUTPUT_MPLANE
13760.959743,v4l2_qbuf,0,VIDEO_OUTPUT_MPLANE
13760.959787,v4l2_qbuf,4,VIDEO_CAPTURE_MPLANE
13760.962161,v4l2_dqbuf,4,VIDEO_CAPTURE_MPLANE
13760.962187,v4l2_dqbuf,0,VIDEO_OUTPUT_MPLANE
13760.976239,v4l2_qbuf,0,VIDEO_OUTPUT_MPLANE
13760.976260,v4l2_qbuf,3,VIDEO_CAPTURE_MPLANE
13760.979438,v4l2_dqbuf,3,VIDEO_CAPTURE_MPLANE
13760.979523,v4l2_dqbuf,0,VIDEO_OUTPUT_MPLANE
13760.992794,v4l2_qbuf,0,VIDEO_OUTPUT_MPLANE
13760.992824,v4l2_qbuf,1,VIDEO_CAPTURE_MPLANE
13760.996853,v4l2_dqbuf,1,VIDEO_CAPTURE_MPLANE
13760.996983,v4l2_dqbuf,0,VIDEO_OUTPUT_MPLANE
13761.009266,v4l2_qbuf,0,VIDEO_OUTPUT_MPLANE
13761.009296,v4l2_qbuf,0,VIDEO_CAPTURE_MPLANE
13761.012383,v4l2_dqbuf,0,VIDEO_CAPTURE_MPLANE
13761.012570,v4l2_dqbuf,0,VIDEO_OUTPUT_MPLANE
13761.026084,v4l2_qbuf,0,VIDEO_OUTPUT_MPLANE
13761.026105,v4l2_qbuf,5,VIDEO_CAPTURE_MPLANE
13761.028217,v4l2_dqbuf,5,VIDEO_CAPTURE_MPLANE
13761.028235,v4l2_dqbuf,0,VIDEO_OUTPUT_MPLANE
13761.042898,v4l2_qbuf,0,VIDEO_OUTPUT_MPLANE
13761.042919,v4l2_qbuf,2,VIDEO_CAPTURE_MPLANE
13761.046140,v4l2_dqbuf,2,VIDEO_CAPTURE_MPLANE
13761.046230,v4l2_dqbuf,0,VIDEO_OUTPUT_MPLANE
13761.059621,v4l2_qbuf,0,VIDEO_OUTPUT_MPLANE
13761.059644,v4l2_qbuf,3,VIDEO_CAPTURE_MPLANE
13761.062809,v4l2_dqbuf,3,VIDEO_CAPTURE_MPLANE
13761.062902,v4l2_dqbuf,0,VIDEO_OUTPUT_MPLANE
13761.076414,v4l2_qbuf,0,VIDEO_OUTPUT_MPLANE
13761.076435,v4l2_qbuf,1,VIDEO_CAPTURE_MPLANE
13761.079670,v4l2_dqbuf,1,VIDEO_CAPTURE_MPLANE
13761.079759,v4l2_dqbuf,0,VIDEO_OUTPUT_MPLANE
13761.092938,v4l2_qbuf,0,VIDEO_OUTPUT_MPLANE
13761.092959,v4l2_qbuf,0,VIDEO_CAPTURE_MPLANE
13761.095225,v4l2_dqbuf,0,VIDEO_CAPTURE_MPLANE
13761.095242,v4l2_dqbuf,0,VIDEO_OUTPUT_MPLANE
13761.109763,v4l2_qbuf,0,VIDEO_OUTPUT_MPLANE
13761.109783,v4l2_qbuf,4,VIDEO_CAPTURE_MPLANE
13761.113164,v4l2_dqbuf,4,VIDEO_CAPTURE_MPLANE
13761.113266,v4l2_dqbuf,0,VIDEO_OUTPUT_MPLANE
13761.126118,v4l2_qbuf,0,VIDEO_OUTPUT_MPLANE
13761.126148,v4l2_qbuf,2,VIDEO_CAPTURE_MPLANE
13761.129350,v4l2_dqbuf,2,VIDEO_CAPTURE_MPLANE
13761.129483,v4l2_dqbuf,0,VIDEO_OUTPUT_MPLANE
13761.142870,v4l2_qbuf,0,VIDEO_OUTPUT_MPLANE
13761.142916,v4l2_qbuf,3,VIDEO_CAPTURE_MPLANE
13761.146312,v4l2_dqbuf,3,VIDEO_CAPTURE_MPLANE
13761.146465,v4l2_dqbuf,0,VIDEO_OUTPUT_MPLANE
13761.159216,v4l2_qbuf,0,VIDEO_OUTPUT_MPLANE
13761.159237,v4l2_qbuf,1,VIDEO_CAPTURE_MPLANE
13761.161535,v4l2_dqbuf,1,VIDEO_CAPTURE_MPLANE
13761.161561,v4l2_dqbuf,0,VIDEO_OUTPUT_MPLANE
13761.176356,v4l2_qbuf,0,VIDEO_OUTPUT_MPLANE
13761.176395,v4l2_qbuf,5,VIDEO_CAPTURE_MPLANE
13761.179624,v4l2_dqbuf,5,VIDEO_CAPTURE_MPLANE
13761.179886,v4l2_dqbuf,0,VIDEO_OUTPUT_MPLANE
13761.192743,v4l2_qbuf,0,VIDEO_OUTPUT_MPLANE
13761.192764,v4l2_qbuf,4,VIDEO_CAPTURE_MPLANE
13761.194821,v4l2_dqbuf,4,VIDEO_CAPTURE_MPLANE
13761.194834,v4l2_dqbuf,0,VIDEO_OUTPUT_MPLANE
13761.209493,v4l2_qbuf,0,VIDEO_OUTPUT_MPLANE
13761.209513,v4l2_qbuf,2,VIDEO_CAPTURE_MPLANE
13761.213268,v4l2_dqbuf,2,VIDEO_CAPTURE_MPLANE
13761.213285,v4l2_dqbuf,0,VIDEO_OUTPUT_MPLANE
13761.225942,v4l2_qbuf,0,VIDEO_OUTPUT_MPLANE
13761.225961,v4l2_qbuf,3,VIDEO_CAPTURE_MPLANE
13761.228970,v4l2_dqbuf,3,VIDEO_CAPTURE_MPLANE
13761.229063,v4l2_dqbuf,0,VIDEO_OUTPUT_MPLANE
13761.242706,v4l2_qbuf,0,VIDEO_OUTPUT_MPLANE
13761.242725,v4l2_qbuf,0,VIDEO_CAPTURE_MPLANE
13761.245751,v4l2_dqbuf,0,VIDEO_CAPTURE_MPLANE
13761.245829,v4l2_dqbuf,0,VIDEO_OUTPUT_MPLANE
13761.259072,v4l2_qbuf,0,VIDEO_OUTPUT_MPLANE
13761.259091,v4l2_qbuf,5,VIDEO_CAPTURE_MPLANE
13761.262314,v4l2_dqbuf,5,VIDEO_CAPTURE_MPLANE
13761.262430,v4l2_dqbuf,0,VIDEO_OUTPUT_MPLANE
13761.276318,v4l2_qbuf,0,VIDEO_OUTPUT_MPLANE
13761.276342,v4l2_qbuf,1,VIDEO_CAPTURE_MPLANE
13761.278601,v4l2_dqbuf,1,VIDEO_CAPTURE_MPLANE
13761.278618,v4l2_dqbuf,0,VIDEO_OUTPUT_MPLANE
13761.292483,v4l2_qbuf,0,VIDEO_OUTPUT_MPLANE
13761.292505,v4l2_qbuf,4,VIDEO_CAPTURE_MPLANE
13761.295656,v4l2_dqbuf,4,VIDEO_CAPTURE_MPLANE
13761.295754,v4l2_dqbuf,0,VIDEO_OUTPUT_MPLANE
13761.309625,v4l2_qbuf,0,VIDEO_OUTPUT_MPLANE
13761.309706,v4l2_qbuf,3,VIDEO_CAPTURE_MPLANE
13761.312926,v4l2_dqbuf,3,VIDEO_CAPTURE_MPLANE
13761.313029,v4l2_dqbuf,0,VIDEO_OUTPUT_MPLANE
13761.327415,v4l2_qbuf,0,VIDEO_OUTPUT_MPLANE
13761.327438,v4l2_qbuf,0,VIDEO_CAPTURE_MPLANE
13761.331147,v4l2_dqbuf,0,VIDEO_CAPTURE_MPLANE
13761.331356,v4l2_dqbuf,0,VIDEO_OUTPUT_MPLANE
13761.343052,v4l2_qbuf,0,VIDEO_OUTPUT_MPLANE
13761.343090,v4l2_qbuf,5,VIDEO_CAPTURE_MPLANE
13761.345334,v4l2_dqbuf,5,VIDEO_CAPTURE_MPLANE
13761.345358,v4l2_dqbuf,0,VIDEO_OUTPUT_MPLANE
13761.361252,v4l2_qbuf,0,VIDEO_OUTPUT_MPLANE
13761.361273,v4l2_qbuf,2,VIDEO_CAPTURE_MPLANE
13761.364593,v4l2_dqbuf,2,VIDEO_CAPTURE_MPLANE
13761.364922,v4l2_dqbuf,0,VIDEO_OUTPUT_MPLANE
13761.375741,v4l2_qbuf,0,VIDEO_OUTPUT_MPLANE
13761.375762,v4l2_qbuf,4,VIDEO_CAPTURE_MPLANE
13761.378993,v4l2_dqbuf,4,VIDEO_CAPTURE_MPLANE
13761.379093,v4l2_dqbuf,0,VIDEO_OUTPUT_MPLANE
13761.392696,v4l2_qbuf,0,VIDEO_OUTPUT_MPLANE
13761.392738,v4l2_qbuf,3,VIDEO_CAPTURE_MPLANE
13761.395754,v4l2_dqbuf,3,VIDEO_CAPTURE_MPLANE
13761.395899,v4l2_dqbuf,0,VIDEO_OUTPUT_MPLANE
13761.409115,v4l2_qbuf,0,VIDEO_OUTPUT_MPLANE
13761.409141,v4l2_qbuf,0,VIDEO_CAPTURE_MPLANE
13761.411273,v4l2_dqbuf,0,VIDEO_CAPTURE_MPLANE
13761.411291,v4l2_dqbuf,0,VIDEO_OUTPUT_MPLANE
13761.425791,v4l2_qbuf,0,VIDEO_OUTPUT_MPLANE
13761.425823,v4l2_qbuf,1,VIDEO_CAPTURE_MPLANE
13761.430025,v4l2_dqbuf,1,VIDEO_CAPTURE_MPLANE
13761.430140,v4l2_dqbuf,0,VIDEO_OUTPUT_MPLANE
13761.442410,v4l2_qbuf,0,VIDEO_OUTPUT_MPLANE
13761.442431,v4l2_qbuf,2,VIDEO_CAPTURE_MPLANE
13761.445748,v4l2_dqbuf,2,VIDEO_CAPTURE_MPLANE
13761.445956,v4l2_dqbuf,0,VIDEO_OUTPUT_MPLANE
13761.458926,v4l2_qbuf,0,VIDEO_OUTPUT_MPLANE
13761.458941,v4l2_qbuf,4,VIDEO_CAPTURE_MPLANE
13761.461911,v4l2_dqbuf,4,VIDEO_CAPTURE_MPLANE
13761.461997,v4l2_dqbuf,0,VIDEO_OUTPUT_MPLANE
13761.475631,v4l2_qbuf,0,VIDEO_OUTPUT_MPLANE
13761.475654,v4l2_qbuf,3,VIDEO_CAPTURE_MPLANE
13761.477724,v4l2_dqbuf,3,VIDEO_CAPTURE_MPLANE
13761.477750,v4l2_dqbuf,0,VIDEO_OUTPUT_MPLANE
13761.492463,v4l2_qbuf,0,VIDEO_OUTPUT_MPLANE
13761.492494,v4l2_qbuf,5,VIDEO_CAPTURE_MPLANE
13761.495569,v4l2_dqbuf,5,VIDEO_CAPTURE_MPLANE
13761.495709,v4l2_dqbuf,0,VIDEO_OUTPUT_MPLANE
13761.509198,v4l2_qbuf,0,VIDEO_OUTPUT_MPLANE
13761.509216,v4l2_qbuf,1,VIDEO_CAPTURE_MPLANE
13761.512329,v4l2_dqbuf,1,VIDEO_CAPTURE_MPLANE
13761.512422,v4l2_dqbuf,0,VIDEO_OUTPUT_MPLANE
13761.525856,v4l2_qbuf,0,VIDEO_OUTPUT_MPLANE
13761.525877,v4l2_qbuf,2,VIDEO_CAPTURE_MPLANE
13761.529114,v4l2_dqbuf,2,VIDEO_CAPTURE_MPLANE
13761.529201,v4l2_dqbuf,0,VIDEO_OUTPUT_MPLANE
13761.542352,v4l2_qbuf,0,VIDEO_OUTPUT_MPLANE
13761.542367,v4l2_qbuf,4,VIDEO_CAPTURE_MPLANE
13761.544501,v4l2_dqbuf,4,VIDEO_CAPTURE_MPLANE
13761.544513,v4l2_dqbuf,0,VIDEO_OUTPUT_MPLANE
13761.559422,v4l2_qbuf,0,VIDEO_OUTPUT_MPLANE
13761.559442,v4l2_qbuf,0,VIDEO_CAPTURE_MPLANE
13761.562580,v4l2_dqbuf,0,VIDEO_CAPTURE_MPLANE
13761.562677,v4l2_dqbuf,0,VIDEO_OUTPUT_MPLANE
13761.575991,v4l2_qbuf,0,VIDEO_OUTPUT_MPLANE
13761.576030,v4l2_qbuf,5,VIDEO_CAPTURE_MPLANE
13761.579186,v4l2_dqbuf,5,VIDEO_CAPTURE_MPLANE
13761.579255,v4l2_dqbuf,0,VIDEO_OUTPUT_MPLANE
13761.592453,v4l2_qbuf,0,VIDEO_OUTPUT_MPLANE
13761.592469,v4l2_qbuf,1,VIDEO_CAPTURE_MPLANE
13761.595564,v4l2_dqbuf,1,VIDEO_CAPTURE_MPLANE
13761.595635,v4l2_dqbuf,0,VIDEO_OUTPUT_MPLANE
13761.609064,v4l2_qbuf,0,VIDEO_OUTPUT_MPLANE
13761.609080,v4l2_qbuf,2,VIDEO_CAPTURE_MPLANE
13761.611249,v4l2_dqbuf,2,VIDEO_CAPTURE_MPLANE
13761.611261,v4l2_dqbuf,0,VIDEO_OUTPUT_MPLANE
13761.626032,v4l2_qbuf,0,VIDEO_OUTPUT_MPLANE
13761.626050,v4l2_qbuf,3,VIDEO_CAPTURE_MPLANE
13761.629217,v4l2_dqbuf,3,VIDEO_CAPTURE_MPLANE
13761.629338,v4l2_dqbuf,0,VIDEO_OUTPUT_MPLANE
13761.642335,v4l2_qbuf,0,VIDEO_OUTPUT_MPLANE
13761.642355,v4l2_qbuf,0,VIDEO_CAPTURE_MPLANE
13761.645399,v4l2_dqbuf,0,VIDEO_CAPTURE_MPLANE
13761.645524,v4l2_dqbuf,0,VIDEO_OUTPUT_MPLANE
13761.659420,v4l2_qbuf,0,VIDEO_OUTPUT_MPLANE
13761.659453,v4l2_qbuf,5,VIDEO_CAPTURE_MPLANE
13761.662684,v4l2_dqbuf,5,VIDEO_CAPTURE_MPLANE
13761.662829,v4l2_dqbuf,0,VIDEO_OUTPUT_MPLANE
13761.675974,v4l2_qbuf,0,VIDEO_OUTPUT_MPLANE
13761.676025,v4l2_qbuf,1,VIDEO_CAPTURE_MPLANE
13761.678272,v4l2_dqbuf,1,VIDEO_CAPTURE_MPLANE
13761.678290,v4l2_dqbuf,0,VIDEO_OUTPUT_MPLANE
13761.692663,v4l2_qbuf,0,VIDEO_OUTPUT_MPLANE
13761.692708,v4l2_qbuf,4,VIDEO_CAPTURE_MPLANE
13761.696060,v4l2_dqbuf,4,VIDEO_CAPTURE_MPLANE
13761.696211,v4l2_dqbuf,0,VIDEO_OUTPUT_MPLANE
13761.709572,v4l2_qbuf,0,VIDEO_OUTPUT_MPLANE
13761.709611,v4l2_qbuf,3,VIDEO_CAPTURE_MPLANE
13761.714169,v4l2_dqbuf,3,VIDEO_CAPTURE_MPLANE
13761.714276,v4l2_dqbuf,0,VIDEO_OUTPUT_MPLANE
13761.725876,v4l2_qbuf,0,VIDEO_OUTPUT_MPLANE
13761.725915,v4l2_qbuf,0,VIDEO_CAPTURE_MPLANE
13761.729721,v4l2_dqbuf,0,VIDEO_CAPTURE_MPLANE
13761.729820,v4l2_dqbuf,0,VIDEO_OUTPUT_MPLANE
13761.742529,v4l2_qbuf,0,VIDEO_OUTPUT_MPLANE
13761.742547,v4l2_qbuf,5,VIDEO_CAPTURE_MPLANE
13761.744745,v4l2_dqbuf,5,VIDEO_CAPTURE_MPLANE
13761.744767,v4l2_dqbuf,0,VIDEO_OUTPUT_MPLANE
13761.759355,v4l2_qbuf,0,VIDEO_OUTPUT_MPLANE
13761.759376,v4l2_qbuf,2,VIDEO_CAPTURE_MPLANE
13761.762626,v4l2_dqbuf,2,VIDEO_CAPTURE_MPLANE
13761.762711,v4l2_dqbuf,0,VIDEO_OUTPUT_MPLANE
13761.776058,v4l2_qbuf,0,VIDEO_OUTPUT_MPLANE
13761.776087,v4l2_qbuf,4,VIDEO_CAPTURE_MPLANE
13761.779306,v4l2_dqbuf,4,VIDEO_CAPTURE_MPLANE
13761.779502,v4l2_dqbuf,0,VIDEO_OUTPUT_MPLANE
13761.792702,v4l2_qbuf,0,VIDEO_OUTPUT_MPLANE
13761.792725,v4l2_qbuf,3,VIDEO_CAPTURE_MPLANE
13761.795944,v4l2_dqbuf,3,VIDEO_CAPTURE_MPLANE
13761.796032,v4l2_dqbuf,0,VIDEO_OUTPUT_MPLANE
13761.809444,v4l2_qbuf,0,VIDEO_OUTPUT_MPLANE
13761.809465,v4l2_qbuf,0,VIDEO_CAPTURE_MPLANE
13761.811751,v4l2_dqbuf,0,VIDEO_CAPTURE_MPLANE
13761.811768,v4l2_dqbuf,0,VIDEO_OUTPUT_MPLANE
13761.826127,v4l2_qbuf,0,VIDEO_OUTPUT_MPLANE
13761.826149,v4l2_qbuf,1,VIDEO_CAPTURE_MPLANE
13761.830251,v4l2_dqbuf,1,VIDEO_CAPTURE_MPLANE
13761.830371,v4l2_dqbuf,0,VIDEO_OUTPUT_MPLANE
13761.842816,v4l2_qbuf,0,VIDEO_OUTPUT_MPLANE
13761.842835,v4l2_qbuf,2,VIDEO_CAPTURE_MPLANE
13761.846041,v4l2_dqbuf,2,VIDEO_CAPTURE_MPLANE
13761.846127,v4l2_dqbuf,0,VIDEO_OUTPUT_MPLANE
13761.859567,v4l2_qbuf,0,VIDEO_OUTPUT_MPLANE
13761.859589,v4l2_qbuf,4,VIDEO_CAPTURE_MPLANE
13761.862880,v4l2_dqbuf,4,VIDEO_CAPTURE_MPLANE
13761.862989,v4l2_dqbuf,0,VIDEO_OUTPUT_MPLANE
13761.876015,v4l2_qbuf,0,VIDEO_OUTPUT_MPLANE
13761.876037,v4l2_qbuf,3,VIDEO_CAPTURE_MPLANE
13761.878123,v4l2_dqbuf,3,VIDEO_CAPTURE_MPLANE
13761.878137,v4l2_dqbuf,0,VIDEO_OUTPUT_MPLANE
13761.892546,v4l2_qbuf,0,VIDEO_OUTPUT_MPLANE
13761.892568,v4l2_qbuf,5,VIDEO_CAPTURE_MPLANE
13761.895741,v4l2_dqbuf,5,VIDEO_CAPTURE_MPLANE
13761.895835,v4l2_dqbuf,0,VIDEO_OUTPUT_MPLANE
13761.920839,v4l2_qbuf,0,VIDEO_OUTPUT_MPLANE
13761.920860,v4l2_qbuf,1,VIDEO_CAPTURE_MPLANE
13761.924125,v4l2_dqbuf,1,VIDEO_CAPTURE_MPLANE
13761.924298,v4l2_dqbuf,0,VIDEO_OUTPUT_MPLANE
13761.925697,v4l2_qbuf,0,VIDEO_OUTPUT_MPLANE
13761.925726,v4l2_qbuf,2,VIDEO_CAPTURE_MPLANE
13761.929094,v4l2_dqbuf,2,VIDEO_CAPTURE_MPLANE
13761.929196,v4l2_dqbuf,0,VIDEO_OUTPUT_MPLANE
13761.942725,v4l2_qbuf,0,VIDEO_OUTPUT_MPLANE
13761.942742,v4l2_qbuf,4,VIDEO_CAPTURE_MPLANE
13761.945065,v4l2_dqbuf,4,VIDEO_CAPTURE_MPLANE
13761.945096,v4l2_dqbuf,0,VIDEO_OUTPUT_MPLANE
13761.959397,v4l2_qbuf,0,VIDEO_OUTPUT_MPLANE
13761.959431,v4l2_qbuf,0,VIDEO_CAPTURE_MPLANE
13761.962691,v4l2_dqbuf,0,VIDEO_CAPTURE_MPLANE
13761.962857,v4l2_dqbuf,0,VIDEO_OUTPUT_MPLANE
13761.976193,v4l2_qbuf,0,VIDEO_OUTPUT_MPLANE
13761.976315,v4l2_qbuf,5,VIDEO_CAPTURE_MPLANE
13761.979581,v4l2_dqbuf,5,VIDEO_CAPTURE_MPLANE
13761.979769,v4l2_dqbuf,0,VIDEO_OUTPUT_MPLANE
13761.992754,v4l2_qbuf,0,VIDEO_OUTPUT_MPLANE
13761.992776,v4l2_qbuf,1,VIDEO_CAPTURE_MPLANE
13761.995823,v4l2_dqbuf,1,VIDEO_CAPTURE_MPLANE
13761.995914,v4l2_dqbuf,0,VIDEO_OUTPUT_MPLANE
13762.009965,v4l2_qbuf,0,VIDEO_OUTPUT_MPLANE
13762.010053,v4l2_qbuf,2,VIDEO_CAPTURE_MPLANE
13762.012264,v4l2_dqbuf,2,VIDEO_CAPTURE_MPLANE
13762.012280,v4l2_dqbuf,0,VIDEO_OUTPUT_MPLANE
13762.026052,v4l2_qbuf,0,VIDEO_OUTPUT_MPLANE
13762.026070,v4l2_qbuf,3,VIDEO_CAPTURE_MPLANE
13762.031194,v4l2_dqbuf,3,VIDEO_CAPTURE_MPLANE
13762.031292,v4l2_dqbuf,0,VIDEO_OUTPUT_MPLANE
13762.042655,v4l2_qbuf,0,VIDEO_OUTPUT_MPLANE
13762.042673,v4l2_qbuf,0,VIDEO_CAPTURE_MPLANE
13762.045863,v4l2_dqbuf,0,VIDEO_CAPTURE_MPLANE
13762.045958,v4l2_dqbuf,0,VIDEO_OUTPUT_MPLANE
13762.059386,v4l2_qbuf,0,VIDEO_OUTPUT_MPLANE
13762.059414,v4l2_qbuf,5,VIDEO_CAPTURE_MPLANE
13762.062526,v4l2_dqbuf,5,VIDEO_CAPTURE_MPLANE
13762.062763,v4l2_dqbuf,0,VIDEO_OUTPUT_MPLANE
13762.076155,v4l2_qbuf,0,VIDEO_OUTPUT_MPLANE
13762.076186,v4l2_qbuf,1,VIDEO_CAPTURE_MPLANE
13762.078429,v4l2_dqbuf,1,VIDEO_CAPTURE_MPLANE
13762.078443,v4l2_dqbuf,0,VIDEO_OUTPUT_MPLANE
13762.092693,v4l2_qbuf,0,VIDEO_OUTPUT_MPLANE
13762.092714,v4l2_qbuf,4,VIDEO_CAPTURE_MPLANE
13762.096111,v4l2_dqbuf,4,VIDEO_CAPTURE_MPLANE
13762.096206,v4l2_dqbuf,0,VIDEO_OUTPUT_MPLANE
13762.109300,v4l2_qbuf,0,VIDEO_OUTPUT_MPLANE
13762.109334,v4l2_qbuf,3,VIDEO_CAPTURE_MPLANE
13762.114606,v4l2_dqbuf,3,VIDEO_CAPTURE_MPLANE
13762.114727,v4l2_dqbuf,0,VIDEO_OUTPUT_MPLANE
13762.125934,v4l2_qbuf,0,VIDEO_OUTPUT_MPLANE
13762.125955,v4l2_qbuf,0,VIDEO_CAPTURE_MPLANE
13762.129385,v4l2_dqbuf,0,VIDEO_CAPTURE_MPLANE
13762.129503,v4l2_dqbuf,0,VIDEO_OUTPUT_MPLANE
13762.142734,v4l2_qbuf,0,VIDEO_OUTPUT_MPLANE
13762.142765,v4l2_qbuf,5,VIDEO_CAPTURE_MPLANE
13762.144962,v4l2_dqbuf,5,VIDEO_CAPTURE_MPLANE
13762.144990,v4l2_dqbuf,0,VIDEO_OUTPUT_MPLANE
13762.159119,v4l2_qbuf,0,VIDEO_OUTPUT_MPLANE
13762.159135,v4l2_qbuf,2,VIDEO_CAPTURE_MPLANE
13762.162323,v4l2_dqbuf,2,VIDEO_CAPTURE_MPLANE
13762.162423,v4l2_dqbuf,0,VIDEO_OUTPUT_MPLANE
13762.175773,v4l2_qbuf,0,VIDEO_OUTPUT_MPLANE
13762.175792,v4l2_qbuf,4,VIDEO_CAPTURE_MPLANE
13762.179201,v4l2_dqbuf,4,VIDEO_CAPTURE_MPLANE
13762.179299,v4l2_dqbuf,0,VIDEO_OUTPUT_MPLANE
13762.192865,v4l2_qbuf,0,VIDEO_OUTPUT_MPLANE
13762.192889,v4l2_qbuf,3,VIDEO_CAPTURE_MPLANE
13762.194842,v4l2_dqbuf,3,VIDEO_CAPTURE_MPLANE
13762.194854,v4l2_dqbuf,0,VIDEO_OUTPUT_MPLANE
13762.209725,v4l2_qbuf,0,VIDEO_OUTPUT_MPLANE
13762.209748,v4l2_qbuf,0,VIDEO_CAPTURE_MPLANE
13762.211939,v4l2_dqbuf,0,VIDEO_CAPTURE_MPLANE
13762.211953,v4l2_dqbuf,0,VIDEO_OUTPUT_MPLANE
13762.226285,v4l2_qbuf,0,VIDEO_OUTPUT_MPLANE
13762.226307,v4l2_qbuf,1,VIDEO_CAPTURE_MPLANE
13762.229867,v4l2_dqbuf,1,VIDEO_CAPTURE_MPLANE
13762.229982,v4l2_dqbuf,0,VIDEO_OUTPUT_MPLANE
13762.243052,v4l2_qbuf,0,VIDEO_OUTPUT_MPLANE
13762.243091,v4l2_qbuf,2,VIDEO_CAPTURE_MPLANE
13762.246348,v4l2_dqbuf,2,VIDEO_CAPTURE_MPLANE
13762.246441,v4l2_dqbuf,0,VIDEO_OUTPUT_MPLANE
13762.259307,v4l2_qbuf,0,VIDEO_OUTPUT_MPLANE
13762.259327,v4l2_qbuf,4,VIDEO_CAPTURE_MPLANE
13762.262496,v4l2_dqbuf,4,VIDEO_CAPTURE_MPLANE
13762.262605,v4l2_dqbuf,0,VIDEO_OUTPUT_MPLANE
13762.276290,v4l2_qbuf,0,VIDEO_OUTPUT_MPLANE
13762.276389,v4l2_qbuf,5,VIDEO_CAPTURE_MPLANE
13762.278735,v4l2_dqbuf,5,VIDEO_CAPTURE_MPLANE
13762.278753,v4l2_dqbuf,0,VIDEO_OUTPUT_MPLANE
13762.292435,v4l2_qbuf,0,VIDEO_OUTPUT_MPLANE
13762.292456,v4l2_qbuf,3,VIDEO_CAPTURE_MPLANE
13762.295699,v4l2_dqbuf,3,VIDEO_CAPTURE_MPLANE
13762.295808,v4l2_dqbuf,0,VIDEO_OUTPUT_MPLANE
13762.309732,v4l2_qbuf,0,VIDEO_OUTPUT_MPLANE
13762.309754,v4l2_qbuf,1,VIDEO_CAPTURE_MPLANE
13762.313040,v4l2_dqbuf,1,VIDEO_CAPTURE_MPLANE
13762.313154,v4l2_dqbuf,0,VIDEO_OUTPUT_MPLANE
13762.326224,v4l2_qbuf,0,VIDEO_OUTPUT_MPLANE
13762.326258,v4l2_qbuf,2,VIDEO_CAPTURE_MPLANE
13762.329646,v4l2_dqbuf,2,VIDEO_CAPTURE_MPLANE
13762.329835,v4l2_dqbuf,0,VIDEO_OUTPUT_MPLANE
13762.342515,v4l2_qbuf,0,VIDEO_OUTPUT_MPLANE
13762.342537,v4l2_qbuf,4,VIDEO_CAPTURE_MPLANE
13762.344734,v4l2_dqbuf,4,VIDEO_CAPTURE_MPLANE
13762.344750,v4l2_dqbuf,0,VIDEO_OUTPUT_MPLANE
13762.359277,v4l2_qbuf,0,VIDEO_OUTPUT_MPLANE
13762.359312,v4l2_qbuf,0,VIDEO_CAPTURE_MPLANE
13762.362529,v4l2_dqbuf,0,VIDEO_CAPTURE_MPLANE
13762.362603,v4l2_dqbuf,0,VIDEO_OUTPUT_MPLANE
13762.375995,v4l2_qbuf,0,VIDEO_OUTPUT_MPLANE
13762.376027,v4l2_qbuf,3,VIDEO_CAPTURE_MPLANE
13762.379201,v4l2_dqbuf,3,VIDEO_CAPTURE_MPLANE
13762.379286,v4l2_dqbuf,0,VIDEO_OUTPUT_MPLANE
13762.392644,v4l2_qbuf,0,VIDEO_OUTPUT_MPLANE
13762.392682,v4l2_qbuf,1,VIDEO_CAPTURE_MPLANE
13762.396048,v4l2_dqbuf,1,VIDEO_CAPTURE_MPLANE
13762.396167,v4l2_dqbuf,0,VIDEO_OUTPUT_MPLANE
13762.409426,v4l2_qbuf,0,VIDEO_OUTPUT_MPLANE
13762.409454,v4l2_qbuf,2,VIDEO_CAPTURE_MPLANE
13762.411745,v4l2_dqbuf,2,VIDEO_CAPTURE_MPLANE
13762.411766,v4l2_dqbuf,0,VIDEO_OUTPUT_MPLANE
13762.425885,v4l2_qbuf,0,VIDEO_OUTPUT_MPLANE
13762.425909,v4l2_qbuf,5,VIDEO_CAPTURE_MPLANE
13762.429306,v4l2_dqbuf,5,VIDEO_CAPTURE_MPLANE
13762.429495,v4l2_dqbuf,0,VIDEO_OUTPUT_MPLANE
13762.442734,v4l2_qbuf,0,VIDEO_OUTPUT_MPLANE
13762.442773,v4l2_qbuf,0,VIDEO_CAPTURE_MPLANE
13762.446028,v4l2_dqbuf,0,VIDEO_CAPTURE_MPLANE
13762.446278,v4l2_dqbuf,0,VIDEO_OUTPUT_MPLANE
13762.459758,v4l2_qbuf,0,VIDEO_OUTPUT_MPLANE
13762.459791,v4l2_qbuf,3,VIDEO_CAPTURE_MPLANE
13762.462921,v4l2_dqbuf,3,VIDEO_CAPTURE_MPLANE
13762.463057,v4l2_dqbuf,0,VIDEO_OUTPUT_MPLANE
13762.475906,v4l2_qbuf,0,VIDEO_OUTPUT_MPLANE
13762.475930,v4l2_qbuf,1,VIDEO_CAPTURE_MPLANE
13762.478131,v4l2_dqbuf,1,VIDEO_CAPTURE_MPLANE
13762.478146,v4l2_dqbuf,0,VIDEO_OUTPUT_MPLANE
13762.492934,v4l2_qbuf,0,VIDEO_OUTPUT_MPLANE
13762.492979,v4l2_qbuf,4,VIDEO_CAPTURE_MPLANE
13762.500134,v4l2_dqbuf,4,VIDEO_CAPTURE_MPLANE
13762.500392,v4l2_dqbuf,0,VIDEO_OUTPUT_MPLANE
13762.509487,v4l2_qbuf,0,VIDEO_OUTPUT_MPLANE
13762.509510,v4l2_qbuf,5,VIDEO_CAPTURE_MPLANE
13762.512503,v4l2_dqbuf,5,VIDEO_CAPTURE_MPLANE
13762.512604,v4l2_dqbuf,0,VIDEO_OUTPUT_MPLANE
13762.525582,v4l2_qbuf,0,VIDEO_OUTPUT_MPLANE
13762.525601,v4l2_qbuf,0,VIDEO_CAPTURE_MPLANE
13762.527739,v4l2_dqbuf,0,VIDEO_CAPTURE_MPLANE
13762.527750,v4l2_dqbuf,0,VIDEO_OUTPUT_MPLANE
13762.542498,v4l2_qbuf,0,VIDEO_OUTPUT_MPLANE
13762.542529,v4l2_qbuf,3,VIDEO_CAPTURE_MPLANE
13762.545824,v4l2_dqbuf,3,VIDEO_CAPTURE_MPLANE
13762.545909,v4l2_dqbuf,0,VIDEO_OUTPUT_MPLANE
13762.559039,v4l2_qbuf,0,VIDEO_OUTPUT_MPLANE
13762.559059,v4l2_qbuf,2,VIDEO_CAPTURE_MPLANE
13762.562123,v4l2_dqbuf,2,VIDEO_CAPTURE_MPLANE
13762.562201,v4l2_dqbuf,0,VIDEO_OUTPUT_MPLANE
13762.575840,v4l2_qbuf,0,VIDEO_OUTPUT_MPLANE
13762.575860,v4l2_qbuf,4,VIDEO_CAPTURE_MPLANE
13762.578923,v4l2_dqbuf,4,VIDEO_CAPTURE_MPLANE
13762.579025,v4l2_dqbuf,0,VIDEO_OUTPUT_MPLANE
13762.592554,v4l2_qbuf,0,VIDEO_OUTPUT_MPLANE
13762.592572,v4l2_qbuf,5,VIDEO_CAPTURE_MPLANE
13762.594991,v4l2_dqbuf,5,VIDEO_CAPTURE_MPLANE
13762.595026,v4l2_dqbuf,0,VIDEO_OUTPUT_MPLANE
13762.609269,v4l2_qbuf,0,VIDEO_OUTPUT_MPLANE
13762.609299,v4l2_qbuf,1,VIDEO_CAPTURE_MPLANE
13762.612580,v4l2_dqbuf,1,VIDEO_CAPTURE_MPLANE
13762.612669,v4l2_dqbuf,0,VIDEO_OUTPUT_MPLANE
13762.625862,v4l2_qbuf,0,VIDEO_OUTPUT_MPLANE
13762.625894,v4l2_qbuf,3,VIDEO_CAPTURE_MPLANE
13762.629071,v4l2_dqbuf,3,VIDEO_CAPTURE_MPLANE
13762.629210,v4l2_dqbuf,0,VIDEO_OUTPUT_MPLANE
13762.642564,v4l2_qbuf,0,VIDEO_OUTPUT_MPLANE
13762.642596,v4l2_qbuf,2,VIDEO_CAPTURE_MPLANE
13762.644777,v4l2_dqbuf,2,VIDEO_CAPTURE_MPLANE
13762.644799,v4l2_dqbuf,0,VIDEO_OUTPUT_MPLANE
13762.658960,v4l2_qbuf,0,VIDEO_OUTPUT_MPLANE
13762.658977,v4l2_qbuf,4,VIDEO_CAPTURE_MPLANE
13762.662115,v4l2_dqbuf,4,VIDEO_CAPTURE_MPLANE
13762.662279,v4l2_dqbuf,0,VIDEO_OUTPUT_MPLANE
13762.675785,v4l2_qbuf,0,VIDEO_OUTPUT_MPLANE
13762.675815,v4l2_qbuf,0,VIDEO_CAPTURE_MPLANE
13762.678043,v4l2_dqbuf,0,VIDEO_CAPTURE_MPLANE
13762.678055,v4l2_dqbuf,0,VIDEO_OUTPUT_MPLANE
13762.692810,v4l2_qbuf,0,VIDEO_OUTPUT_MPLANE
13762.692832,v4l2_qbuf,1,VIDEO_CAPTURE_MPLANE
13762.696072,v4l2_dqbuf,1,VIDEO_CAPTURE_MPLANE
13762.696176,v4l2_dqbuf,0,VIDEO_OUTPUT_MPLANE
13762.709093,v4l2_qbuf,0,VIDEO_OUTPUT_MPLANE
13762.709107,v4l2_qbuf,3,VIDEO_CAPTURE_MPLANE
13762.712162,v4l2_dqbuf,3,VIDEO_CAPTURE_MPLANE
13762.712228,v4l2_dqbuf,0,VIDEO_OUTPUT_MPLANE
13762.726366,v4l2_qbuf,0,VIDEO_OUTPUT_MPLANE
13762.726389,v4l2_qbuf,5,VIDEO_CAPTURE_MPLANE
13762.728653,v4l2_dqbuf,5,VIDEO_CAPTURE_MPLANE
13762.728685,v4l2_dqbuf,0,VIDEO_OUTPUT_MPLANE
13762.743080,v4l2_qbuf,0,VIDEO_OUTPUT_MPLANE
13762.743114,v4l2_qbuf,4,VIDEO_CAPTURE_MPLANE
13762.746209,v4l2_dqbuf,4,VIDEO_CAPTURE_MPLANE
13762.746337,v4l2_dqbuf,0,VIDEO_OUTPUT_MPLANE
13762.759125,v4l2_qbuf,0,VIDEO_OUTPUT_MPLANE
13762.759143,v4l2_qbuf,2,VIDEO_CAPTURE_MPLANE
13762.762367,v4l2_dqbuf,2,VIDEO_CAPTURE_MPLANE
13762.762515,v4l2_dqbuf,0,VIDEO_OUTPUT_MPLANE
13762.776364,v4l2_qbuf,0,VIDEO_OUTPUT_MPLANE
13762.776406,v4l2_qbuf,1,VIDEO_CAPTURE_MPLANE
13762.781251,v4l2_dqbuf,1,VIDEO_CAPTURE_MPLANE
13762.781368,v4l2_dqbuf,0,VIDEO_OUTPUT_MPLANE
13762.792794,v4l2_qbuf,0,VIDEO_OUTPUT_MPLANE
13762.792827,v4l2_qbuf,3,VIDEO_CAPTURE_MPLANE
13762.795180,v4l2_dqbuf,3,VIDEO_CAPTURE_MPLANE
13762.795197,v4l2_dqbuf,0,VIDEO_OUTPUT_MPLANE
13762.809431,v4l2_qbuf,0,VIDEO_OUTPUT_MPLANE
13762.809464,v4l2_qbuf,0,VIDEO_CAPTURE_MPLANE
13762.812595,v4l2_dqbuf,0,VIDEO_CAPTURE_MPLANE
13762.812681,v4l2_dqbuf,0,VIDEO_OUTPUT_MPLANE
13762.826455,v4l2_qbuf,0,VIDEO_OUTPUT_MPLANE
13762.826527,v4l2_qbuf,4,VIDEO_CAPTURE_MPLANE
13762.829795,v4l2_dqbuf,4,VIDEO_CAPTURE_MPLANE
13762.829975,v4l2_dqbuf,0,VIDEO_OUTPUT_MPLANE
13762.842940,v4l2_qbuf,0,VIDEO_OUTPUT_MPLANE
13762.842971,v4l2_qbuf,2,VIDEO_CAPTURE_MPLANE
13762.846336,v4l2_dqbuf,2,VIDEO_CAPTURE_MPLANE
13762.846488,v4l2_dqbuf,0,VIDEO_OUTPUT_MPLANE
13762.860031,v4l2_qbuf,0,VIDEO_OUTPUT_MPLANE
13762.860079,v4l2_qbuf,1,VIDEO_CAPTURE_MPLANE
13762.862401,v4l2_dqbuf,1,VIDEO_CAPTURE_MPLANE
13762.862429,v4l2_dqbuf,0,VIDEO_OUTPUT_MPLANE
13762.876183,v4l2_qbuf,0,VIDEO_OUTPUT_MPLANE
13762.876206,v4l2_qbuf,5,VIDEO_CAPTURE_MPLANE
13762.881110,v4l2_dqbuf,5,VIDEO_CAPTURE_MPLANE
13762.881234,v4l2_dqbuf,0,VIDEO_OUTPUT_MPLANE
13762.892771,v4l2_qbuf,0,VIDEO_OUTPUT_MPLANE
13762.892794,v4l2_qbuf,0,VIDEO_CAPTURE_MPLANE
13762.896149,v4l2_dqbuf,0,VIDEO_CAPTURE_MPLANE
13762.896273,v4l2_dqbuf,0,VIDEO_OUTPUT_MPLANE
13762.909149,v4l2_qbuf,0,VIDEO_OUTPUT_MPLANE
13762.909163,v4l2_qbuf,4,VIDEO_CAPTURE_MPLANE
13762.912348,v4l2_dqbuf,4,VIDEO_CAPTURE_MPLANE
13762.912501,v4l2_dqbuf,0,VIDEO_OUTPUT_MPLANE
13762.925832,v4l2_qbuf,0,VIDEO_OUTPUT_MPLANE
13762.925862,v4l2_qbuf,2,VIDEO_CAPTURE_MPLANE
13762.928141,v4l2_dqbuf,2,VIDEO_CAPTURE_MPLANE
13762.928174,v4l2_dqbuf,0,VIDEO_OUTPUT_MPLANE
13762.943090,v4l2_qbuf,0,VIDEO_OUTPUT_MPLANE
13762.943166,v4l2_qbuf,3,VIDEO_CAPTURE_MPLANE
13762.946450,v4l2_dqbuf,3,VIDEO_CAPTURE_MPLANE
13762.946639,v4l2_dqbuf,0,VIDEO_OUTPUT_MPLANE
13762.959841,v4l2_qbuf,0,VIDEO_OUTPUT_MPLANE
13762.959876,v4l2_qbuf,5,VIDEO_CAPTURE_MPLANE
13762.963161,v4l2_dqbuf,5,VIDEO_CAPTURE_MPLANE
13762.963310,v4l2_dqbuf,0,VIDEO_OUTPUT_MPLANE
13762.975840,v4l2_qbuf,0,VIDEO_OUTPUT_MPLANE
13762.975861,v4l2_qbuf,0,VIDEO_CAPTURE_MPLANE
13762.978062,v4l2_dqbuf,0,VIDEO_CAPTURE_MPLANE
13762.978077,v4l2_dqbuf,0,VIDEO_OUTPUT_MPLANE
13762.993063,v4l2_qbuf,0,VIDEO_OUTPUT_MPLANE
13762.993102,v4l2_qbuf,4,VIDEO_CAPTURE_MPLANE
13762.996524,v4l2_dqbuf,4,VIDEO_CAPTURE_MPLANE
13762.996684,v4l2_dqbuf,0,VIDEO_OUTPUT_MPLANE
13763.009746,v4l2_qbuf,0,VIDEO_OUTPUT_MPLANE
13763.009781,v4l2_qbuf,1,VIDEO_CAPTURE_MPLANE
13763.012041,v4l2_dqbuf,1,VIDEO_CAPTURE_MPLANE
13763.012073,v4l2_dqbuf,0,VIDEO_OUTPUT_MPLANE
13763.026144,v4l2_qbuf,0,VIDEO_OUTPUT_MPLANE
13763.026166,v4l2_qbuf,3,VIDEO_CAPTURE_MPLANE
13763.029382,v4l2_dqbuf,3,VIDEO_CAPTURE_MPLANE
13763.029474,v4l2_dqbuf,0,VIDEO_OUTPUT_MPLANE
13763.042849,v4l2_qbuf,0,VIDEO_OUTPUT_MPLANE
13763.042870,v4l2_qbuf,5,VIDEO_CAPTURE_MPLANE
13763.046141,v4l2_dqbuf,5,VIDEO_CAPTURE_MPLANE
13763.046243,v4l2_dqbuf,0,VIDEO_OUTPUT_MPLANE
13763.059944,v4l2_qbuf,0,VIDEO_OUTPUT_MPLANE
13763.059979,v4l2_qbuf,2,VIDEO_CAPTURE_MPLANE
13763.063252,v4l2_dqbuf,2,VIDEO_CAPTURE_MPLANE
13763.063344,v4l2_dqbuf,0,VIDEO_OUTPUT_MPLANE
13763.076036,v4l2_qbuf,0,VIDEO_OUTPUT_MPLANE
13763.076056,v4l2_qbuf,4,VIDEO_CAPTURE_MPLANE
13763.078324,v4l2_dqbuf,4,VIDEO_CAPTURE_MPLANE
13763.078339,v4l2_dqbuf,0,VIDEO_OUTPUT_MPLANE
13763.092933,v4l2_qbuf,0,VIDEO_OUTPUT_MPLANE
13763.092971,v4l2_qbuf,0,VIDEO_CAPTURE_MPLANE
13763.096323,v4l2_dqbuf,0,VIDEO_CAPTURE_MPLANE
13763.096447,v4l2_dqbuf,0,VIDEO_OUTPUT_MPLANE
13763.109409,v4l2_qbuf,0,VIDEO_OUTPUT_MPLANE
13763.109430,v4l2_qbuf,3,VIDEO_CAPTURE_MPLANE
13763.112611,v4l2_dqbuf,3,VIDEO_CAPTURE_MPLANE
13763.112697,v4l2_dqbuf,0,VIDEO_OUTPUT_MPLANE
13763.125704,v4l2_qbuf,0,VIDEO_OUTPUT_MPLANE
13763.125725,v4l2_qbuf,5,VIDEO_CAPTURE_MPLANE
13763.127896,v4l2_dqbuf,5,VIDEO_CAPTURE_MPLANE
13763.127922,v4l2_dqbuf,0,VIDEO_OUTPUT_MPLANE
13763.142983,v4l2_qbuf,0,VIDEO_OUTPUT_MPLANE
13763.143065,v4l2_qbuf,2,VIDEO_CAPTURE_MPLANE
13763.146400,v4l2_dqbuf,2,VIDEO_CAPTURE_MPLANE
13763.146536,v4l2_dqbuf,0,VIDEO_OUTPUT_MPLANE
13763.159451,v4l2_qbuf,0,VIDEO_OUTPUT_MPLANE
13763.159490,v4l2_qbuf,1,VIDEO_CAPTURE_MPLANE
13763.162722,v4l2_dqbuf,1,VIDEO_CAPTURE_MPLANE
13763.162899,v4l2_dqbuf,0,VIDEO_OUTPUT_MPLANE
13763.175759,v4l2_qbuf,0,VIDEO_OUTPUT_MPLANE
13763.175780,v4l2_qbuf,0,VIDEO_CAPTURE_MPLANE
13763.178872,v4l2_dqbuf,0,VIDEO_CAPTURE_MPLANE
13763.179013,v4l2_dqbuf,0,VIDEO_OUTPUT_MPLANE
13763.192508,v4l2_qbuf,0,VIDEO_OUTPUT_MPLANE
13763.192530,v4l2_qbuf,3,VIDEO_CAPTURE_MPLANE
13763.194569,v4l2_dqbuf,3,VIDEO_CAPTURE_MPLANE
13763.194580,v4l2_dqbuf,0,VIDEO_OUTPUT_MPLANE
13763.209130,v4l2_qbuf,0,VIDEO_OUTPUT_MPLANE
13763.209152,v4l2_qbuf,4,VIDEO_CAPTURE_MPLANE
13763.211258,v4l2_dqbuf,4,VIDEO_CAPTURE_MPLANE
13763.211280,v4l2_dqbuf,0,VIDEO_OUTPUT_MPLANE
13763.226122,v4l2_qbuf,0,VIDEO_OUTPUT_MPLANE
13763.226159,v4l2_qbuf,2,VIDEO_CAPTURE_MPLANE
13763.229530,v4l2_dqbuf,2,VIDEO_CAPTURE_MPLANE
13763.229684,v4l2_dqbuf,0,VIDEO_OUTPUT_MPLANE
13763.242695,v4l2_qbuf,0,VIDEO_OUTPUT_MPLANE
13763.242717,v4l2_qbuf,1,VIDEO_CAPTURE_MPLANE
13763.246022,v4l2_dqbuf,1,VIDEO_CAPTURE_MPLANE
13763.246206,v4l2_dqbuf,0,VIDEO_OUTPUT_MPLANE
13763.259545,v4l2_qbuf,0,VIDEO_OUTPUT_MPLANE
13763.259588,v4l2_qbuf,0,VIDEO_CAPTURE_MPLANE
13763.262838,v4l2_dqbuf,0,VIDEO_CAPTURE_MPLANE
13763.263048,v4l2_dqbuf,0,VIDEO_OUTPUT_MPLANE
13763.276191,v4l2_qbuf,0,VIDEO_OUTPUT_MPLANE
13763.276212,v4l2_qbuf,5,VIDEO_CAPTURE_MPLANE
13763.278464,v4l2_dqbuf,5,VIDEO_CAPTURE_MPLANE
13763.278480,v4l2_dqbuf,0,VIDEO_OUTPUT_MPLANE
13763.292717,v4l2_qbuf,0,VIDEO_OUTPUT_MPLANE
13763.292736,v4l2_qbuf,3,VIDEO_CAPTURE_MPLANE
13763.298147,v4l2_dqbuf,3,VIDEO_CAPTURE_MPLANE
13763.298263,v4l2_dqbuf,0,VIDEO_OUTPUT_MPLANE
13763.309323,v4l2_qbuf,0,VIDEO_OUTPUT_MPLANE
13763.309342,v4l2_qbuf,2,VIDEO_CAPTURE_MPLANE
13763.312427,v4l2_dqbuf,2,VIDEO_CAPTURE_MPLANE
13763.312513,v4l2_dqbuf,0,VIDEO_OUTPUT_MPLANE
13763.326095,v4l2_qbuf,0,VIDEO_OUTPUT_MPLANE
13763.326117,v4l2_qbuf,1,VIDEO_CAPTURE_MPLANE
13763.329257,v4l2_dqbuf,1,VIDEO_CAPTURE_MPLANE
13763.329353,v4l2_dqbuf,0,VIDEO_OUTPUT_MPLANE
13763.342719,v4l2_qbuf,0,VIDEO_OUTPUT_MPLANE
13763.342740,v4l2_qbuf,0,VIDEO_CAPTURE_MPLANE
13763.345075,v4l2_dqbuf,0,VIDEO_CAPTURE_MPLANE
13763.345093,v4l2_dqbuf,0,VIDEO_OUTPUT_MPLANE
13763.359488,v4l2_qbuf,0,VIDEO_OUTPUT_MPLANE
13763.359508,v4l2_qbuf,4,VIDEO_CAPTURE_MPLANE
13763.362732,v4l2_dqbuf,4,VIDEO_CAPTURE_MPLANE
13763.362823,v4l2_dqbuf,0,VIDEO_OUTPUT_MPLANE
13763.376033,v4l2_qbuf,0,VIDEO_OUTPUT_MPLANE
13763.376063,v4l2_qbuf,3,VIDEO_CAPTURE_MPLANE
13763.379288,v4l2_dqbuf,3,VIDEO_CAPTURE_MPLANE
13763.379459,v4l2_dqbuf,0,VIDEO_OUTPUT_MPLANE
13763.392817,v4l2_qbuf,0,VIDEO_OUTPUT_MPLANE
13763.392838,v4l2_qbuf,2,VIDEO_CAPTURE_MPLANE
13763.397605,v4l2_dqbuf,2,VIDEO_CAPTURE_MPLANE
13763.397723,v4l2_dqbuf,0,VIDEO_OUTPUT_MPLANE
13763.409395,v4l2_qbuf,0,VIDEO_OUTPUT_MPLANE
13763.409428,v4l2_qbuf,1,VIDEO_CAPTURE_MPLANE
13763.411785,v4l2_dqbuf,1,VIDEO_CAPTURE_MPLANE
13763.411809,v4l2_dqbuf,0,VIDEO_OUTPUT_MPLANE
13763.426211,v4l2_qbuf,0,VIDEO_OUTPUT_MPLANE
13763.426251,v4l2_qbuf,5,VIDEO_CAPTURE_MPLANE
13763.429581,v4l2_dqbuf,5,VIDEO_CAPTURE_MPLANE
13763.429774,v4l2_dqbuf,0,VIDEO_OUTPUT_MPLANE
13763.442666,v4l2_qbuf,0,VIDEO_OUTPUT_MPLANE
13763.442710,v4l2_qbuf,4,VIDEO_CAPTURE_MPLANE
13763.445763,v4l2_dqbuf,4,VIDEO_CAPTURE_MPLANE
13763.445927,v4l2_dqbuf,0,VIDEO_OUTPUT_MPLANE
13763.459571,v4l2_qbuf,0,VIDEO_OUTPUT_MPLANE
13763.459613,v4l2_qbuf,3,VIDEO_CAPTURE_MPLANE
13763.462996,v4l2_dqbuf,3,VIDEO_CAPTURE_MPLANE
13763.463158,v4l2_dqbuf,0,VIDEO_OUTPUT_MPLANE
13763.476033,v4l2_qbuf,0,VIDEO_OUTPUT_MPLANE
13763.476063,v4l2_qbuf,2,VIDEO_CAPTURE_MPLANE
13763.478209,v4l2_dqbuf,2,VIDEO_CAPTURE_MPLANE
13763.478225,v4l2_dqbuf,0,VIDEO_OUTPUT_MPLANE
13763.492583,v4l2_qbuf,0,VIDEO_OUTPUT_MPLANE
13763.492604,v4l2_qbuf,0,VIDEO_CAPTURE_MPLANE
13763.495668,v4l2_dqbuf,0,VIDEO_CAPTURE_MPLANE
13763.495754,v4l2_dqbuf,0,VIDEO_OUTPUT_MPLANE
13763.509704,v4l2_qbuf,0,VIDEO_OUTPUT_MPLANE
13763.509750,v4l2_qbuf,5,VIDEO_CAPTURE_MPLANE
13763.512891,v4l2_dqbuf,5,VIDEO_CAPTURE_MPLANE
13763.512967,v4l2_dqbuf,0,VIDEO_OUTPUT_MPLANE
13763.526312,v4l2_qbuf,0,VIDEO_OUTPUT_MPLANE
13763.526333,v4l2_qbuf,4,VIDEO_CAPTURE_MPLANE
13763.529590,v4l2_dqbuf,4,VIDEO_CAPTURE_MPLANE
13763.529674,v4l2_dqbuf,0,VIDEO_OUTPUT_MPLANE
13763.542998,v4l2_qbuf,0,VIDEO_OUTPUT_MPLANE
13763.543026,v4l2_qbuf,3,VIDEO_CAPTURE_MPLANE
13763.545254,v4l2_dqbuf,3,VIDEO_CAPTURE_MPLANE
13763.545266,v4l2_dqbuf,0,VIDEO_OUTPUT_MPLANE
13763.558935,v4l2_qbuf,0,VIDEO_OUTPUT_MPLANE
13763.558949,v4l2_qbuf,1,VIDEO_CAPTURE_MPLANE
13763.562016,v4l2_dqbuf,1,VIDEO_CAPTURE_MPLANE
13763.562080,v4l2_dqbuf,0,VIDEO_OUTPUT_MPLANE
13763.575991,v4l2_qbuf,0,VIDEO_OUTPUT_MPLANE
13763.576063,v4l2_qbuf,0,VIDEO_CAPTURE_MPLANE
13763.579392,v4l2_dqbuf,0,VIDEO_CAPTURE_MPLANE
13763.579567,v4l2_dqbuf,0,VIDEO_OUTPUT_MPLANE
13763.592909,v4l2_qbuf,0,VIDEO_OUTPUT_MPLANE
13763.592955,v4l2_qbuf,5,VIDEO_CAPTURE_MPLANE
13763.596283,v4l2_dqbuf,5,VIDEO_CAPTURE_MPLANE
13763.596450,v4l2_dqbuf,0,VIDEO_OUTPUT_MPLANE
13763.609452,v4l2_qbuf,0,VIDEO_OUTPUT_MPLANE
13763.609493,v4l2_qbuf,4,VIDEO_CAPTURE_MPLANE
13763.611758,v4l2_dqbuf,4,VIDEO_CAPTURE_MPLANE
13763.611785,v4l2_dqbuf,0,VIDEO_OUTPUT_MPLANE
13763.625785,v4l2_qbuf,0,VIDEO_OUTPUT_MPLANE
13763.625806,v4l2_qbuf,2,VIDEO_CAPTURE_MPLANE
13763.630226,v4l2_dqbuf,2,VIDEO_CAPTURE_MPLANE
13763.630347,v4l2_dqbuf,0,VIDEO_OUTPUT_MPLANE
13763.642583,v4l2_qbuf,0,VIDEO_OUTPUT_MPLANE
13763.642603,v4l2_qbuf,1,VIDEO_CAPTURE_MPLANE
13763.645687,v4l2_dqbuf,1,VIDEO_CAPTURE_MPLANE
13763.645771,v4l2_dqbuf,0,VIDEO_OUTPUT_MPLANE
13763.659128,v4l2_qbuf,0,VIDEO_OUTPUT_MPLANE
13763.659184,v4l2_qbuf,0,VIDEO_CAPTURE_MPLANE
13763.662217,v4l2_dqbuf,0,VIDEO_CAPTURE_MPLANE
13763.662286,v4l2_dqbuf,0,VIDEO_OUTPUT_MPLANE
13763.675734,v4l2_qbuf,0,VIDEO_OUTPUT_MPLANE
13763.675755,v4l2_qbuf,5,VIDEO_CAPTURE_MPLANE
13763.677874,v4l2_dqbuf,5,VIDEO_CAPTURE_MPLANE
13763.677890,v4l2_dqbuf,0,VIDEO_OUTPUT_MPLANE
13763.692604,v4l2_qbuf,0,VIDEO_OUTPUT_MPLANE
13763.692633,v4l2_qbuf,3,VIDEO_CAPTURE_MPLANE
13763.695710,v4l2_dqbuf,3,VIDEO_CAPTURE_MPLANE
13763.695806,v4l2_dqbuf,0,VIDEO_OUTPUT_MPLANE
13763.709173,v4l2_qbuf,0,VIDEO_OUTPUT_MPLANE
13763.709203,v4l2_qbuf,2,VIDEO_CAPTURE_MPLANE
13763.713649,v4l2_dqbuf,2,VIDEO_CAPTURE_MPLANE
13763.713758,v4l2_dqbuf,0,VIDEO_OUTPUT_MPLANE
13763.725723,v4l2_qbuf,0,VIDEO_OUTPUT_MPLANE
13763.725751,v4l2_qbuf,1,VIDEO_CAPTURE_MPLANE
13763.730061,v4l2_dqbuf,1,VIDEO_CAPTURE_MPLANE
13763.730189,v4l2_dqbuf,0,VIDEO_OUTPUT_MPLANE
13763.742335,v4l2_qbuf,0,VIDEO_OUTPUT_MPLANE
13763.742352,v4l2_qbuf,0,VIDEO_CAPTURE_MPLANE
13763.744399,v4l2_dqbuf,0,VIDEO_CAPTURE_MPLANE
13763.744413,v4l2_dqbuf,0,VIDEO_OUTPUT_MPLANE
13763.759138,v4l2_qbuf,0,VIDEO_OUTPUT_MPLANE
13763.759153,v4l2_qbuf,4,VIDEO_CAPTURE_MPLANE
13763.762202,v4l2_dqbuf,4,VIDEO_CAPTURE_MPLANE
13763.762271,v4l2_dqbuf,0,VIDEO_OUTPUT_MPLANE
13763.775810,v4l2_qbuf,0,VIDEO_OUTPUT_MPLANE
13763.775833,v4l2_qbuf,3,VIDEO_CAPTURE_MPLANE
13763.778986,v4l2_dqbuf,3,VIDEO_CAPTURE_MPLANE
13763.779123,v4l2_dqbuf,0,VIDEO_OUTPUT_MPLANE
13763.792513,v4l2_qbuf,0,VIDEO_OUTPUT_MPLANE
13763.792527,v4l2_qbuf,2,VIDEO_CAPTURE_MPLANE
13763.795620,v4l2_dqbuf,2,VIDEO_CAPTURE_MPLANE
13763.795688,v4l2_dqbuf,0,VIDEO_OUTPUT_MPLANE
13763.809246,v4l2_qbuf,0,VIDEO_OUTPUT_MPLANE
13763.809263,v4l2_qbuf,1,VIDEO_CAPTURE_MPLANE
13763.811594,v4l2_dqbuf,1,VIDEO_CAPTURE_MPLANE
13763.811623,v4l2_dqbuf,0,VIDEO_OUTPUT_MPLANE
13763.825645,v4l2_qbuf,0,VIDEO_OUTPUT_MPLANE
13763.825665,v4l2_qbuf,5,VIDEO_CAPTURE_MPLANE
13763.828522,v4l2_dqbuf,5,VIDEO_CAPTURE_MPLANE
13763.828606,v4l2_dqbuf,0,VIDEO_OUTPUT_MPLANE
13763.842671,v4l2_qbuf,0,VIDEO_OUTPUT_MPLANE
13763.842699,v4l2_qbuf,4,VIDEO_CAPTURE_MPLANE
13763.845705,v4l2_dqbuf,4,VIDEO_CAPTURE_MPLANE
13763.845853,v4l2_dqbuf,0,VIDEO_OUTPUT_MPLANE
13763.859257,v4l2_qbuf,0,VIDEO_OUTPUT_MPLANE
13763.859277,v4l2_qbuf,3,VIDEO_CAPTURE_MPLANE
13763.862367,v4l2_dqbuf,3,VIDEO_CAPTURE_MPLANE
13763.862458,v4l2_dqbuf,0,VIDEO_OUTPUT_MPLANE
13763.875748,v4l2_qbuf,0,VIDEO_OUTPUT_MPLANE
13763.875764,v4l2_qbuf,2,VIDEO_CAPTURE_MPLANE
13763.877992,v4l2_dqbuf,2,VIDEO_CAPTURE_MPLANE
13763.878025,v4l2_dqbuf,0,VIDEO_OUTPUT_MPLANE
13763.892496,v4l2_qbuf,0,VIDEO_OUTPUT_MPLANE
13763.892535,v4l2_qbuf,0,VIDEO_CAPTURE_MPLANE
13763.895685,v4l2_dqbuf,0,VIDEO_CAPTURE_MPLANE
13763.895866,v4l2_dqbuf,0,VIDEO_OUTPUT_MPLANE
13763.909139,v4l2_qbuf,0,VIDEO_OUTPUT_MPLANE
13763.909156,v4l2_qbuf,5,VIDEO_CAPTURE_MPLANE
13763.912371,v4l2_dqbuf,5,VIDEO_CAPTURE_MPLANE
13763.912467,v4l2_dqbuf,0,VIDEO_OUTPUT_MPLANE
13763.925911,v4l2_qbuf,0,VIDEO_OUTPUT_MPLANE
13763.925928,v4l2_qbuf,4,VIDEO_CAPTURE_MPLANE
13763.928950,v4l2_dqbuf,4,VIDEO_CAPTURE_MPLANE
13763.929033,v4l2_dqbuf,0,VIDEO_OUTPUT_MPLANE
13763.942545,v4l2_qbuf,0,VIDEO_OUTPUT_MPLANE
13763.942571,v4l2_qbuf,3,VIDEO_CAPTURE_MPLANE
13763.944853,v4l2_dqbuf,3,VIDEO_CAPTURE_MPLANE
13763.944867,v4l2_dqbuf,0,VIDEO_OUTPUT_MPLANE
13763.959177,v4l2_qbuf,0,VIDEO_OUTPUT_MPLANE
13763.959198,v4l2_qbuf,1,VIDEO_CAPTURE_MPLANE
13763.962392,v4l2_dqbuf,1,VIDEO_CAPTURE_MPLANE
13763.962482,v4l2_dqbuf,0,VIDEO_OUTPUT_MPLANE
13763.976086,v4l2_qbuf,0,VIDEO_OUTPUT_MPLANE
13763.976107,v4l2_qbuf,0,VIDEO_CAPTURE_MPLANE
13763.979274,v4l2_dqbuf,0,VIDEO_CAPTURE_MPLANE
13763.979403,v4l2_dqbuf,0,VIDEO_OUTPUT_MPLANE
13763.992923,v4l2_qbuf,0,VIDEO_OUTPUT_MPLANE
13763.992964,v4l2_qbuf,5,VIDEO_CAPTURE_MPLANE
13763.999174,v4l2_dqbuf,5,VIDEO_CAPTURE_MPLANE
13763.999300,v4l2_dqbuf,0,VIDEO_OUTPUT_MPLANE
13764.009513,v4l2_qbuf,0,VIDEO_OUTPUT_MPLANE
13764.009533,v4l2_qbuf,4,VIDEO_CAPTURE_MPLANE
13764.012381,v4l2_dqbuf,4,VIDEO_CAPTURE_MPLANE
13764.012398,v4l2_dqbuf,0,VIDEO_OUTPUT_MPLANE
13764.026148,v4l2_qbuf,0,VIDEO_OUTPUT_MPLANE
13764.026170,v4l2_qbuf,2,VIDEO_CAPTURE_MPLANE
13764.029116,v4l2_dqbuf,2,VIDEO_CAPTURE_MPLANE
13764.029202,v4l2_dqbuf,0,VIDEO_OUTPUT_MPLANE
13764.042897,v4l2_qbuf,0,VIDEO_OUTPUT_MPLANE
13764.042919,v4l2_qbuf,1,VIDEO_CAPTURE_MPLANE
13764.046087,v4l2_dqbuf,1,VIDEO_CAPTURE_MPLANE
13764.046172,v4l2_dqbuf,0,VIDEO_OUTPUT_MPLANE
13764.059256,v4l2_qbuf,0,VIDEO_OUTPUT_MPLANE
13764.059281,v4l2_qbuf,0,VIDEO_CAPTURE_MPLANE
13764.062665,v4l2_dqbuf,0,VIDEO_CAPTURE_MPLANE
13764.062819,v4l2_dqbuf,0,VIDEO_OUTPUT_MPLANE
13764.075908,v4l2_qbuf,0,VIDEO_OUTPUT_MPLANE
13764.075944,v4l2_qbuf,5,VIDEO_CAPTURE_MPLANE
13764.078327,v4l2_dqbuf,5,VIDEO_CAPTURE_MPLANE
13764.078357,v4l2_dqbuf,0,VIDEO_OUTPUT_MPLANE
13764.092476,v4l2_qbuf,0,VIDEO_OUTPUT_MPLANE
13764.092498,v4l2_qbuf,3,VIDEO_CAPTURE_MPLANE
13764.095587,v4l2_dqbuf,3,VIDEO_CAPTURE_MPLANE
13764.095677,v4l2_dqbuf,0,VIDEO_OUTPUT_MPLANE
13764.109373,v4l2_qbuf,0,VIDEO_OUTPUT_MPLANE
13764.109396,v4l2_qbuf,2,VIDEO_CAPTURE_MPLANE
13764.113117,v4l2_dqbuf,2,VIDEO_CAPTURE_MPLANE
13764.113232,v4l2_dqbuf,0,VIDEO_OUTPUT_MPLANE
13764.126145,v4l2_qbuf,0,VIDEO_OUTPUT_MPLANE
13764.126229,v4l2_qbuf,1,VIDEO_CAPTURE_MPLANE
13764.129392,v4l2_dqbuf,1,VIDEO_CAPTURE_MPLANE
13764.129549,v4l2_dqbuf,0,VIDEO_OUTPUT_MPLANE
13764.142580,v4l2_qbuf,0,VIDEO_OUTPUT_MPLANE
13764.142624,v4l2_qbuf,0,VIDEO_CAPTURE_MPLANE
13764.145105,v4l2_dqbuf,0,VIDEO_CAPTURE_MPLANE
13764.145138,v4l2_dqbuf,0,VIDEO_OUTPUT_MPLANE
13764.159125,v4l2_qbuf,0,VIDEO_OUTPUT_MPLANE
13764.159147,v4l2_qbuf,4,VIDEO_CAPTURE_MPLANE
13764.162317,v4l2_dqbuf,4,VIDEO_CAPTURE_MPLANE
13764.162444,v4l2_dqbuf,0,VIDEO_OUTPUT_MPLANE
13764.176063,v4l2_qbuf,0,VIDEO_OUTPUT_MPLANE
13764.176087,v4l2_qbuf,3,VIDEO_CAPTURE_MPLANE
13764.179479,v4l2_dqbuf,3,VIDEO_CAPTURE_MPLANE
13764.179598,v4l2_dqbuf,0,VIDEO_OUTPUT_MPLANE
13764.192573,v4l2_qbuf,0,VIDEO_OUTPUT_MPLANE
13764.192602,v4l2_qbuf,2,VIDEO_CAPTURE_MPLANE
13764.194527,v4l2_dqbuf,2,VIDEO_CAPTURE_MPLANE
13764.194544,v4l2_dqbuf,0,VIDEO_OUTPUT_MPLANE
13764.209325,v4l2_qbuf,0,VIDEO_OUTPUT_MPLANE
13764.209358,v4l2_qbuf,1,VIDEO_CAPTURE_MPLANE
13764.213078,v4l2_dqbuf,1,VIDEO_CAPTURE_MPLANE
13764.213100,v4l2_dqbuf,0,VIDEO_OUTPUT_MPLANE
13764.226110,v4l2_qbuf,0,VIDEO_OUTPUT_MPLANE
13764.226130,v4l2_qbuf,5,VIDEO_CAPTURE_MPLANE
13764.229205,v4l2_dqbuf,5,VIDEO_CAPTURE_MPLANE
13764.229293,v4l2_dqbuf,0,VIDEO_OUTPUT_MPLANE
13764.242426,v4l2_qbuf,0,VIDEO_OUTPUT_MPLANE
13764.242448,v4l2_qbuf,4,VIDEO_CAPTURE_MPLANE
13764.245663,v4l2_dqbuf,4,VIDEO_CAPTURE_MPLANE
13764.245873,v4l2_dqbuf,0,VIDEO_OUTPUT_MPLANE
13764.259248,v4l2_qbuf,0,VIDEO_OUTPUT_MPLANE
13764.259271,v4l2_qbuf,3,VIDEO_CAPTURE_MPLANE
13764.262550,v4l2_dqbuf,3,VIDEO_CAPTURE_MPLANE
13764.262769,v4l2_dqbuf,0,VIDEO_OUTPUT_MPLANE
13764.276189,v4l2_qbuf,0,VIDEO_OUTPUT_MPLANE
13764.276210,v4l2_qbuf,0,VIDEO_CAPTURE_MPLANE
13764.278399,v4l2_dqbuf,0,VIDEO_CAPTURE_MPLANE
13764.278413,v4l2_dqbuf,0,VIDEO_OUTPUT_MPLANE
13764.292368,v4l2_qbuf,0,VIDEO_OUTPUT_MPLANE
13764.292388,v4l2_qbuf,2,VIDEO_CAPTURE_MPLANE
13764.295468,v4l2_dqbuf,2,VIDEO_CAPTURE_MPLANE
13764.295554,v4l2_dqbuf,0,VIDEO_OUTPUT_MPLANE
13764.309844,v4l2_qbuf,0,VIDEO_OUTPUT_MPLANE
13764.309871,v4l2_qbuf,5,VIDEO_CAPTURE_MPLANE
13764.313346,v4l2_dqbuf,5,VIDEO_CAPTURE_MPLANE
13764.313551,v4l2_dqbuf,0,VIDEO_OUTPUT_MPLANE
13764.326129,v4l2_qbuf,0,VIDEO_OUTPUT_MPLANE
13764.326176,v4l2_qbuf,4,VIDEO_CAPTURE_MPLANE
13764.329520,v4l2_dqbuf,4,VIDEO_CAPTURE_MPLANE
13764.329709,v4l2_dqbuf,0,VIDEO_OUTPUT_MPLANE
13764.342680,v4l2_qbuf,0,VIDEO_OUTPUT_MPLANE
13764.342701,v4l2_qbuf,3,VIDEO_CAPTURE_MPLANE
13764.345094,v4l2_dqbuf,3,VIDEO_CAPTURE_MPLANE
13764.345134,v4l2_dqbuf,0,VIDEO_OUTPUT_MPLANE
13764.359299,v4l2_qbuf,0,VIDEO_OUTPUT_MPLANE
13764.359328,v4l2_qbuf,1,VIDEO_CAPTURE_MPLANE
13764.362477,v4l2_dqbuf,1,VIDEO_CAPTURE_MPLANE
13764.362644,v4l2_dqbuf,0,VIDEO_OUTPUT_MPLANE
13764.376035,v4l2_qbuf,0,VIDEO_OUTPUT_MPLANE
13764.376068,v4l2_qbuf,2,VIDEO_CAPTURE_MPLANE
13764.379257,v4l2_dqbuf,2,VIDEO_CAPTURE_MPLANE
13764.379348,v4l2_dqbuf,0,VIDEO_OUTPUT_MPLANE
13764.392867,v4l2_qbuf,0,VIDEO_OUTPUT_MPLANE
13764.392901,v4l2_qbuf,5,VIDEO_CAPTURE_MPLANE
13764.397082,v4l2_dqbuf,5,VIDEO_CAPTURE_MPLANE
13764.397192,v4l2_dqbuf,0,VIDEO_OUTPUT_MPLANE
13764.409398,v4l2_qbuf,0,VIDEO_OUTPUT_MPLANE
13764.409492,v4l2_qbuf,4,VIDEO_CAPTURE_MPLANE
13764.411821,v4l2_dqbuf,4,VIDEO_CAPTURE_MPLANE
13764.411855,v4l2_dqbuf,0,VIDEO_OUTPUT_MPLANE
13764.425931,v4l2_qbuf,0,VIDEO_OUTPUT_MPLANE
13764.425952,v4l2_qbuf,0,VIDEO_CAPTURE_MPLANE
13764.429160,v4l2_dqbuf,0,VIDEO_CAPTURE_MPLANE
13764.429254,v4l2_dqbuf,0,VIDEO_OUTPUT_MPLANE
13764.442467,v4l2_qbuf,0,VIDEO_OUTPUT_MPLANE
13764.442489,v4l2_qbuf,1,VIDEO_CAPTURE_MPLANE
13764.445730,v4l2_dqbuf,1,VIDEO_CAPTURE_MPLANE
13764.445981,v4l2_dqbuf,0,VIDEO_OUTPUT_MPLANE
13764.459286,v4l2_qbuf,0,VIDEO_OUTPUT_MPLANE
13764.459307,v4l2_qbuf,2,VIDEO_CAPTURE_MPLANE
13764.462528,v4l2_dqbuf,2,VIDEO_CAPTURE_MPLANE
13764.462746,v4l2_dqbuf,0,VIDEO_OUTPUT_MPLANE
13764.475898,v4l2_qbuf,0,VIDEO_OUTPUT_MPLANE
13764.475919,v4l2_qbuf,5,VIDEO_CAPTURE_MPLANE
13764.478263,v4l2_dqbuf,5,VIDEO_CAPTURE_MPLANE
13764.478295,v4l2_dqbuf,0,VIDEO_OUTPUT_MPLANE
13764.492388,v4l2_qbuf,0,VIDEO_OUTPUT_MPLANE
13764.492406,v4l2_qbuf,3,VIDEO_CAPTURE_MPLANE
13764.496827,v4l2_dqbuf,3,VIDEO_CAPTURE_MPLANE
13764.497136,v4l2_dqbuf,0,VIDEO_OUTPUT_MPLANE
13764.509405,v4l2_qbuf,0,VIDEO_OUTPUT_MPLANE
13764.509436,v4l2_qbuf,0,VIDEO_CAPTURE_MPLANE
13764.512609,v4l2_dqbuf,0,VIDEO_CAPTURE_MPLANE
13764.512728,v4l2_dqbuf,0,VIDEO_OUTPUT_MPLANE
13764.525863,v4l2_qbuf,0,VIDEO_OUTPUT_MPLANE
13764.525879,v4l2_qbuf,1,VIDEO_CAPTURE_MPLANE
13764.528938,v4l2_dqbuf,1,VIDEO_CAPTURE_MPLANE
13764.529036,v4l2_dqbuf,0,VIDEO_OUTPUT_MPLANE
13764.542617,v4l2_qbuf,0,VIDEO_OUTPUT_MPLANE
13764.542638,v4l2_qbuf,2,VIDEO_CAPTURE_MPLANE
13764.544917,v4l2_dqbuf,2,VIDEO_CAPTURE_MPLANE
13764.544935,v4l2_dqbuf,0,VIDEO_OUTPUT_MPLANE
13764.559131,v4l2_qbuf,0,VIDEO_OUTPUT_MPLANE
13764.559163,v4l2_qbuf,4,VIDEO_CAPTURE_MPLANE
13764.562209,v4l2_dqbuf,4,VIDEO_CAPTURE_MPLANE
13764.562291,v4l2_dqbuf,0,VIDEO_OUTPUT_MPLANE
13764.575692,v4l2_qbuf,0,VIDEO_OUTPUT_MPLANE
13764.575712,v4l2_qbuf,3,VIDEO_CAPTURE_MPLANE
13764.578802,v4l2_dqbuf,3,VIDEO_CAPTURE_MPLANE
13764.578881,v4l2_dqbuf,0,VIDEO_OUTPUT_MPLANE
13764.593989,v4l2_qbuf,0,VIDEO_OUTPUT_MPLANE
13764.594023,v4l2_qbuf,0,VIDEO_CAPTURE_MPLANE
13764.599167,v4l2_dqbuf,0,VIDEO_CAPTURE_MPLANE
13764.599295,v4l2_dqbuf,0,VIDEO_OUTPUT_MPLANE
13764.610120,v4l2_qbuf,0,VIDEO_OUTPUT_MPLANE
13764.610142,v4l2_qbuf,1,VIDEO_CAPTURE_MPLANE
13764.612432,v4l2_dqbuf,1,VIDEO_CAPTURE_MPLANE
13764.612463,v4l2_dqbuf,0,VIDEO_OUTPUT_MPLANE
13764.626021,v4l2_qbuf,0,VIDEO_OUTPUT_MPLANE
13764.626041,v4l2_qbuf,5,VIDEO_CAPTURE_MPLANE
13764.629389,v4l2_dqbuf,5,VIDEO_CAPTURE_MPLANE
13764.629566,v4l2_dqbuf,0,VIDEO_OUTPUT_MPLANE
13764.642636,v4l2_qbuf,0,VIDEO_OUTPUT_MPLANE
13764.642651,v4l2_qbuf,4,VIDEO_CAPTURE_MPLANE
13764.645866,v4l2_dqbuf,4,VIDEO_CAPTURE_MPLANE
13764.646033,v4l2_dqbuf,0,VIDEO_OUTPUT_MPLANE
13764.659486,v4l2_qbuf,0,VIDEO_OUTPUT_MPLANE
13764.659503,v4l2_qbuf,3,VIDEO_CAPTURE_MPLANE
13764.662507,v4l2_dqbuf,3,VIDEO_CAPTURE_MPLANE
13764.662585,v4l2_dqbuf,0,VIDEO_OUTPUT_MPLANE
13764.676197,v4l2_qbuf,0,VIDEO_OUTPUT_MPLANE
13764.676238,v4l2_qbuf,0,VIDEO_CAPTURE_MPLANE
13764.678375,v4l2_dqbuf,0,VIDEO_CAPTURE_MPLANE
13764.678387,v4l2_dqbuf,0,VIDEO_OUTPUT_MPLANE
13764.692967,v4l2_qbuf,0,VIDEO_OUTPUT_MPLANE
13764.693026,v4l2_qbuf,2,VIDEO_CAPTURE_MPLANE
13764.696861,v4l2_dqbuf,2,VIDEO_CAPTURE_MPLANE
13764.696981,v4l2_dqbuf,0,VIDEO_OUTPUT_MPLANE
13764.709210,v4l2_qbuf,0,VIDEO_OUTPUT_MPLANE
13764.709230,v4l2_qbuf,5,VIDEO_CAPTURE_MPLANE
13764.712405,v4l2_dqbuf,5,VIDEO_CAPTURE_MPLANE
13764.712491,v4l2_dqbuf,0,VIDEO_OUTPUT_MPLANE
13764.725969,v4l2_qbuf,0,VIDEO_OUTPUT_MPLANE
13764.725994,v4l2_qbuf,4,VIDEO_CAPTURE_MPLANE
13764.729194,v4l2_dqbuf,4,VIDEO_CAPTURE_MPLANE
13764.729281,v4l2_dqbuf,0,VIDEO_OUTPUT_MPLANE
13764.742429,v4l2_qbuf,0,VIDEO_OUTPUT_MPLANE
13764.742452,v4l2_qbuf,3,VIDEO_CAPTURE_MPLANE
13764.744768,v4l2_dqbuf,3,VIDEO_CAPTURE_MPLANE
13764.744784,v4l2_dqbuf,0,VIDEO_OUTPUT_MPLANE
13764.759461,v4l2_qbuf,0,VIDEO_OUTPUT_MPLANE
13764.759502,v4l2_qbuf,1,VIDEO_CAPTURE_MPLANE
13764.762754,v4l2_dqbuf,1,VIDEO_CAPTURE_MPLANE
13764.762929,v4l2_dqbuf,0,VIDEO_OUTPUT_MPLANE
13764.776467,v4l2_qbuf,0,VIDEO_OUTPUT_MPLANE
13764.776622,v4l2_qbuf,2,VIDEO_CAPTURE_MPLANE
13764.782161,v4l2_dqbuf,2,VIDEO_CAPTURE_MPLANE
13764.782275,v4l2_dqbuf,0,VIDEO_OUTPUT_MPLANE
13764.792481,v4l2_qbuf,0,VIDEO_OUTPUT_MPLANE
13764.792497,v4l2_qbuf,5,VIDEO_CAPTURE_MPLANE
13764.795699,v4l2_dqbuf,5,VIDEO_CAPTURE_MPLANE
13764.795970,v4l2_dqbuf,0,VIDEO_OUTPUT_MPLANE
13764.808927,v4l2_qbuf,0,VIDEO_OUTPUT_MPLANE
13764.808944,v4l2_qbuf,4,VIDEO_CAPTURE_MPLANE
13764.810978,v4l2_dqbuf,4,VIDEO_CAPTURE_MPLANE
13764.810992,v4l2_dqbuf,0,VIDEO_OUTPUT_MPLANE
13764.825806,v4l2_qbuf,0,VIDEO_OUTPUT_MPLANE
13764.825826,v4l2_qbuf,0,VIDEO_CAPTURE_MPLANE
13764.828872,v4l2_dqbuf,0,VIDEO_CAPTURE_MPLANE
13764.828958,v4l2_dqbuf,0,VIDEO_OUTPUT_MPLANE
13764.842359,v4l2_qbuf,0,VIDEO_OUTPUT_MPLANE
13764.842381,v4l2_qbuf,1,VIDEO_CAPTURE_MPLANE
13764.845396,v4l2_dqbuf,1,VIDEO_CAPTURE_MPLANE
13764.845470,v4l2_dqbuf,0,VIDEO_OUTPUT_MPLANE
13764.858853,v4l2_qbuf,0,VIDEO_OUTPUT_MPLANE
13764.858868,v4l2_qbuf,2,VIDEO_CAPTURE_MPLANE
13764.861899,v4l2_dqbuf,2,VIDEO_CAPTURE_MPLANE
13764.862047,v4l2_dqbuf,0,VIDEO_OUTPUT_MPLANE
13764.875895,v4l2_qbuf,0,VIDEO_OUTPUT_MPLANE
13764.875925,v4l2_qbuf,5,VIDEO_CAPTURE_MPLANE
13764.878178,v4l2_dqbuf,5,VIDEO_CAPTURE_MPLANE
13764.878197,v4l2_dqbuf,0,VIDEO_OUTPUT_MPLANE
13764.892358,v4l2_qbuf,0,VIDEO_OUTPUT_MPLANE
13764.892390,v4l2_qbuf,3,VIDEO_CAPTURE_MPLANE
13764.895608,v4l2_dqbuf,3,VIDEO_CAPTURE_MPLANE
13764.895723,v4l2_dqbuf,0,VIDEO_OUTPUT_MPLANE
13764.909114,v4l2_qbuf,0,VIDEO_OUTPUT_MPLANE
13764.909131,v4l2_qbuf,0,VIDEO_CAPTURE_MPLANE
13764.912094,v4l2_dqbuf,0,VIDEO_CAPTURE_MPLANE
13764.912168,v4l2_dqbuf,0,VIDEO_OUTPUT_MPLANE
13764.925826,v4l2_qbuf,0,VIDEO_OUTPUT_MPLANE
13764.925840,v4l2_qbuf,1,VIDEO_CAPTURE_MPLANE
13764.928767,v4l2_dqbuf,1,VIDEO_CAPTURE_MPLANE
13764.928829,v4l2_dqbuf,0,VIDEO_OUTPUT_MPLANE
13764.942588,v4l2_qbuf,0,VIDEO_OUTPUT_MPLANE
13764.942606,v4l2_qbuf,2,VIDEO_CAPTURE_MPLANE
13764.944757,v4l2_dqbuf,2,VIDEO_CAPTURE_MPLANE
13764.944772,v4l2_dqbuf,0,VIDEO_OUTPUT_MPLANE
13764.959316,v4l2_qbuf,0,VIDEO_OUTPUT_MPLANE
13764.959334,v4l2_qbuf,4,VIDEO_CAPTURE_MPLANE
13764.962358,v4l2_dqbuf,4,VIDEO_CAPTURE_MPLANE
13764.962442,v4l2_dqbuf,0,VIDEO_OUTPUT_MPLANE
13764.976090,v4l2_qbuf,0,VIDEO_OUTPUT_MPLANE
13764.976127,v4l2_qbuf,3,VIDEO_CAPTURE_MPLANE
13764.980102,v4l2_dqbuf,3,VIDEO_CAPTURE_MPLANE
13764.980301,v4l2_dqbuf,0,VIDEO_OUTPUT_MPLANE
13764.992740,v4l2_qbuf,0,VIDEO_OUTPUT_MPLANE
13764.992767,v4l2_qbuf,0,VIDEO_CAPTURE_MPLANE
13764.996683,v4l2_dqbuf,0,VIDEO_CAPTURE_MPLANE
13764.996842,v4l2_dqbuf,0,VIDEO_OUTPUT_MPLANE
13765.009731,v4l2_qbuf,0,VIDEO_OUTPUT_MPLANE
13765.009751,v4l2_qbuf,1,VIDEO_CAPTURE_MPLANE
13765.012101,v4l2_dqbuf,1,VIDEO_CAPTURE_MPLANE
13765.012147,v4l2_dqbuf,0,VIDEO_OUTPUT_MPLANE
13765.025799,v4l2_qbuf,0,VIDEO_OUTPUT_MPLANE
13765.025816,v4l2_qbuf,5,VIDEO_CAPTURE_MPLANE
13765.028961,v4l2_dqbuf,5,VIDEO_CAPTURE_MPLANE
13765.029068,v4l2_dqbuf,0,VIDEO_OUTPUT_MPLANE
13765.042706,v4l2_qbuf,0,VIDEO_OUTPUT_MPLANE
13765.042724,v4l2_qbuf,4,VIDEO_CAPTURE_MPLANE
13765.045751,v4l2_dqbuf,4,VIDEO_CAPTURE_MPLANE
13765.045825,v4l2_dqbuf,0,VIDEO_OUTPUT_MPLANE
13765.059292,v4l2_qbuf,0,VIDEO_OUTPUT_MPLANE
13765.059314,v4l2_qbuf,3,VIDEO_CAPTURE_MPLANE
13765.062469,v4l2_dqbuf,3,VIDEO_CAPTURE_MPLANE
13765.062560,v4l2_dqbuf,0,VIDEO_OUTPUT_MPLANE
13765.076380,v4l2_qbuf,0,VIDEO_OUTPUT_MPLANE
13765.076400,v4l2_qbuf,0,VIDEO_CAPTURE_MPLANE
13765.078648,v4l2_dqbuf,0,VIDEO_CAPTURE_MPLANE
13765.078665,v4l2_dqbuf,0,VIDEO_OUTPUT_MPLANE
13765.093026,v4l2_qbuf,0,VIDEO_OUTPUT_MPLANE
13765.093048,v4l2_qbuf,2,VIDEO_CAPTURE_MPLANE
13765.096323,v4l2_dqbuf,2,VIDEO_CAPTURE_MPLANE
13765.096451,v4l2_dqbuf,0,VIDEO_OUTPUT_MPLANE
13765.109787,v4l2_qbuf,0,VIDEO_OUTPUT_MPLANE
13765.109807,v4l2_qbuf,5,VIDEO_CAPTURE_MPLANE
13765.114375,v4l2_dqbuf,5,VIDEO_CAPTURE_MPLANE
13765.114493,v4l2_dqbuf,0,VIDEO_OUTPUT_MPLANE
13765.126048,v4l2_qbuf,0,VIDEO_OUTPUT_MPLANE
13765.126070,v4l2_qbuf,4,VIDEO_CAPTURE_MPLANE
13765.129112,v4l2_dqbuf,4,VIDEO_CAPTURE_MPLANE
13765.129198,v4l2_dqbuf,0,VIDEO_OUTPUT_MPLANE
13765.142974,v4l2_qbuf,0,VIDEO_OUTPUT_MPLANE
13765.142995,v4l2_qbuf,3,VIDEO_CAPTURE_MPLANE
13765.145205,v4l2_dqbuf,3,VIDEO_CAPTURE_MPLANE
13765.145224,v4l2_dqbuf,0,VIDEO_OUTPUT_MPLANE
13765.159036,v4l2_qbuf,0,VIDEO_OUTPUT_MPLANE
13765.159058,v4l2_qbuf,1,VIDEO_CAPTURE_MPLANE
13765.162288,v4l2_dqbuf,1,VIDEO_CAPTURE_MPLANE
13765.162392,v4l2_dqbuf,0,VIDEO_OUTPUT_MPLANE
13765.175937,v4l2_qbuf,0,VIDEO_OUTPUT_MPLANE
13765.175958,v4l2_qbuf,2,VIDEO_CAPTURE_MPLANE
13765.179296,v4l2_dqbuf,2,VIDEO_CAPTURE_MPLANE
13765.179484,v4l2_dqbuf,0,VIDEO_OUTPUT_MPLANE
13765.192807,v4l2_qbuf,0,VIDEO_OUTPUT_MPLANE
13765.192906,v4l2_qbuf,5,VIDEO_CAPTURE_MPLANE
13765.195042,v4l2_dqbuf,5,VIDEO_CAPTURE_MPLANE
13765.195059,v4l2_dqbuf,0,VIDEO_OUTPUT_MPLANE
13765.209423,v4l2_qbuf,0,VIDEO_OUTPUT_MPLANE
13765.209453,v4l2_qbuf,4,VIDEO_CAPTURE_MPLANE
13765.212411,v4l2_dqbuf,4,VIDEO_CAPTURE_MPLANE
13765.212424,v4l2_dqbuf,0,VIDEO_OUTPUT_MPLANE
13765.226200,v4l2_qbuf,0,VIDEO_OUTPUT_MPLANE
13765.226233,v4l2_qbuf,0,VIDEO_CAPTURE_MPLANE
13765.229374,v4l2_dqbuf,0,VIDEO_CAPTURE_MPLANE
13765.229522,v4l2_dqbuf,0,VIDEO_OUTPUT_MPLANE
13765.242716,v4l2_qbuf,0,VIDEO_OUTPUT_MPLANE
13765.242749,v4l2_qbuf,1,VIDEO_CAPTURE_MPLANE
13765.245944,v4l2_dqbuf,1,VIDEO_CAPTURE_MPLANE
13765.246103,v4l2_dqbuf,0,VIDEO_OUTPUT_MPLANE
13765.259356,v4l2_qbuf,0,VIDEO_OUTPUT_MPLANE
13765.259391,v4l2_qbuf,2,VIDEO_CAPTURE_MPLANE
13765.262477,v4l2_dqbuf,2,VIDEO_CAPTURE_MPLANE
13765.262639,v4l2_dqbuf,0,VIDEO_OUTPUT_MPLANE
13765.276285,v4l2_qbuf,0,VIDEO_OUTPUT_MPLANE
13765.276318,v4l2_qbuf,3,VIDEO_CAPTURE_MPLANE
13765.278598,v4l2_dqbuf,3,VIDEO_CAPTURE_MPLANE
13765.278621,v4l2_dqbuf,0,VIDEO_OUTPUT_MPLANE
13765.292581,v4l2_qbuf,0,VIDEO_OUTPUT_MPLANE
13765.292613,v4l2_qbuf,5,VIDEO_CAPTURE_MPLANE
13765.298142,v4l2_dqbuf,5,VIDEO_CAPTURE_MPLANE
13765.298266,v4l2_dqbuf,0,VIDEO_OUTPUT_MPLANE
13765.309537,v4l2_qbuf,0,VIDEO_OUTPUT_MPLANE
13765.309558,v4l2_qbuf,0,VIDEO_CAPTURE_MPLANE
13765.312851,v4l2_dqbuf,0,VIDEO_CAPTURE_MPLANE
13765.313101,v4l2_dqbuf,0,VIDEO_OUTPUT_MPLANE
13765.325932,v4l2_qbuf,0,VIDEO_OUTPUT_MPLANE
13765.325952,v4l2_qbuf,1,VIDEO_CAPTURE_MPLANE
13765.328940,v4l2_dqbuf,1,VIDEO_CAPTURE_MPLANE
13765.329087,v4l2_dqbuf,0,VIDEO_OUTPUT_MPLANE
13765.342767,v4l2_qbuf,0,VIDEO_OUTPUT_MPLANE
13765.342805,v4l2_qbuf,2,VIDEO_CAPTURE_MPLANE
13765.345173,v4l2_dqbuf,2,VIDEO_CAPTURE_MPLANE
13765.345191,v4l2_dqbuf,0,VIDEO_OUTPUT_MPLANE
13765.359411,v4l2_qbuf,0,VIDEO_OUTPUT_MPLANE
13765.359456,v4l2_qbuf,4,VIDEO_CAPTURE_MPLANE
13765.362765,v4l2_dqbuf,4,VIDEO_CAPTURE_MPLANE
13765.362916,v4l2_dqbuf,0,VIDEO_OUTPUT_MPLANE
13765.376220,v4l2_qbuf,0,VIDEO_OUTPUT_MPLANE
13765.376251,v4l2_qbuf,5,VIDEO_CAPTURE_MPLANE
13765.379491,v4l2_dqbuf,5,VIDEO_CAPTURE_MPLANE
13765.379621,v4l2_dqbuf,0,VIDEO_OUTPUT_MPLANE
13765.393069,v4l2_qbuf,0,VIDEO_OUTPUT_MPLANE
13765.393103,v4l2_qbuf,0,VIDEO_CAPTURE_MPLANE
13765.397096,v4l2_dqbuf,0,VIDEO_CAPTURE_MPLANE
13765.397219,v4l2_dqbuf,0,VIDEO_OUTPUT_MPLANE
13765.409243,v4l2_qbuf,0,VIDEO_OUTPUT_MPLANE
13765.409265,v4l2_qbuf,1,VIDEO_CAPTURE_MPLANE
13765.411545,v4l2_dqbuf,1,VIDEO_CAPTURE_MPLANE
13765.411578,v4l2_dqbuf,0,VIDEO_OUTPUT_MPLANE
13765.426190,v4l2_qbuf,0,VIDEO_OUTPUT_MPLANE
13765.426211,v4l2_qbuf,3,VIDEO_CAPTURE_MPLANE
13765.429553,v4l2_dqbuf,3,VIDEO_CAPTURE_MPLANE
13765.429650,v4l2_dqbuf,0,VIDEO_OUTPUT_MPLANE
13765.442621,v4l2_qbuf,0,VIDEO_OUTPUT_MPLANE
13765.442650,v4l2_qbuf,4,VIDEO_CAPTURE_MPLANE
13765.445777,v4l2_dqbuf,4,VIDEO_CAPTURE_MPLANE
13765.445856,v4l2_dqbuf,0,VIDEO_OUTPUT_MPLANE
13765.459076,v4l2_qbuf,0,VIDEO_OUTPUT_MPLANE
13765.459092,v4l2_qbuf,5,VIDEO_CAPTURE_MPLANE
13765.462157,v4l2_dqbuf,5,VIDEO_CAPTURE_MPLANE
13765.462227,v4l2_dqbuf,0,VIDEO_OUTPUT_MPLANE
13765.475804,v4l2_qbuf,0,VIDEO_OUTPUT_MPLANE
13765.475820,v4l2_qbuf,0,VIDEO_CAPTURE_MPLANE
13765.477980,v4l2_dqbuf,0,VIDEO_CAPTURE_MPLANE
13765.477994,v4l2_dqbuf,0,VIDEO_OUTPUT_MPLANE
13765.492542,v4l2_qbuf,0,VIDEO_OUTPUT_MPLANE
13765.492564,v4l2_qbuf,2,VIDEO_CAPTURE_MPLANE
13765.496548,v4l2_dqbuf,2,VIDEO_CAPTURE_MPLANE
13765.496828,v4l2_dqbuf,0,VIDEO_OUTPUT_MPLANE
13765.509593,v4l2_qbuf,0,VIDEO_OUTPUT_MPLANE
13765.509643,v4l2_qbuf,3,VIDEO_CAPTURE_MPLANE
13765.512776,v4l2_dqbuf,3,VIDEO_CAPTURE_MPLANE
13765.512856,v4l2_dqbuf,0,VIDEO_OUTPUT_MPLANE
13765.525924,v4l2_qbuf,0,VIDEO_OUTPUT_MPLANE
13765.525945,v4l2_qbuf,4,VIDEO_CAPTURE_MPLANE
13765.530729,v4l2_dqbuf,4,VIDEO_CAPTURE_MPLANE
13765.530845,v4l2_dqbuf,0,VIDEO_OUTPUT_MPLANE
13765.542725,v4l2_qbuf,0,VIDEO_OUTPUT_MPLANE
13765.542843,v4l2_qbuf,5,VIDEO_CAPTURE_MPLANE
13765.545228,v4l2_dqbuf,5,VIDEO_CAPTURE_MPLANE
13765.545246,v4l2_dqbuf,0,VIDEO_OUTPUT_MPLANE
13765.559439,v4l2_qbuf,0,VIDEO_OUTPUT_MPLANE
13765.559462,v4l2_qbuf,1,VIDEO_CAPTURE_MPLANE
13765.562692,v4l2_dqbuf,1,VIDEO_CAPTURE_MPLANE
13765.562782,v4l2_dqbuf,0,VIDEO_OUTPUT_MPLANE
13765.576074,v4l2_qbuf,0,VIDEO_OUTPUT_MPLANE
13765.576095,v4l2_qbuf,2,VIDEO_CAPTURE_MPLANE
13765.579214,v4l2_dqbuf,2,VIDEO_CAPTURE_MPLANE
13765.579296,v4l2_dqbuf,0,VIDEO_OUTPUT_MPLANE
13765.592523,v4l2_qbuf,0,VIDEO_OUTPUT_MPLANE
13765.592545,v4l2_qbuf,3,VIDEO_CAPTURE_MPLANE
13765.595744,v4l2_dqbuf,3,VIDEO_CAPTURE_MPLANE
13765.595831,v4l2_dqbuf,0,VIDEO_OUTPUT_MPLANE
13765.609163,v4l2_qbuf,0,VIDEO_OUTPUT_MPLANE
13765.609179,v4l2_qbuf,4,VIDEO_CAPTURE_MPLANE
13765.611522,v4l2_dqbuf,4,VIDEO_CAPTURE_MPLANE
13765.611554,v4l2_dqbuf,0,VIDEO_OUTPUT_MPLANE
13765.626228,v4l2_qbuf,0,VIDEO_OUTPUT_MPLANE
13765.626273,v4l2_qbuf,0,VIDEO_CAPTURE_MPLANE
13765.631328,v4l2_dqbuf,0,VIDEO_CAPTURE_MPLANE
13765.631453,v4l2_dqbuf,0,VIDEO_OUTPUT_MPLANE
13765.643132,v4l2_qbuf,0,VIDEO_OUTPUT_MPLANE
13765.643178,v4l2_qbuf,1,VIDEO_CAPTURE_MPLANE
13765.646415,v4l2_dqbuf,1,VIDEO_CAPTURE_MPLANE
13765.646504,v4l2_dqbuf,0,VIDEO_OUTPUT_MPLANE
13765.659315,v4l2_qbuf,0,VIDEO_OUTPUT_MPLANE
13765.659336,v4l2_qbuf,2,VIDEO_CAPTURE_MPLANE
13765.662566,v4l2_dqbuf,2,VIDEO_CAPTURE_MPLANE
13765.662710,v4l2_dqbuf,0,VIDEO_OUTPUT_MPLANE
13765.676311,v4l2_qbuf,0,VIDEO_OUTPUT_MPLANE
13765.676430,v4l2_qbuf,3,VIDEO_CAPTURE_MPLANE
13765.678746,v4l2_dqbuf,3,VIDEO_CAPTURE_MPLANE
13765.678770,v4l2_dqbuf,0,VIDEO_OUTPUT_MPLANE
13765.693191,v4l2_qbuf,0,VIDEO_OUTPUT_MPLANE
13765.693220,v4l2_qbuf,5,VIDEO_CAPTURE_MPLANE
13765.696627,v4l2_dqbuf,5,VIDEO_CAPTURE_MPLANE
13765.696726,v4l2_dqbuf,0,VIDEO_OUTPUT_MPLANE
13765.709212,v4l2_qbuf,0,VIDEO_OUTPUT_MPLANE
13765.709230,v4l2_qbuf,0,VIDEO_CAPTURE_MPLANE
13765.712453,v4l2_dqbuf,0,VIDEO_CAPTURE_MPLANE
13765.712538,v4l2_dqbuf,0,VIDEO_OUTPUT_MPLANE
13765.726406,v4l2_qbuf,0,VIDEO_OUTPUT_MPLANE
13765.726429,v4l2_qbuf,1,VIDEO_CAPTURE_MPLANE
13765.729571,v4l2_dqbuf,1,VIDEO_CAPTURE_MPLANE
13765.729670,v4l2_dqbuf,0,VIDEO_OUTPUT_MPLANE
13765.742592,v4l2_qbuf,0,VIDEO_OUTPUT_MPLANE
13765.742629,v4l2_qbuf,2,VIDEO_CAPTURE_MPLANE
13765.744921,v4l2_dqbuf,2,VIDEO_CAPTURE_MPLANE
13765.744951,v4l2_dqbuf,0,VIDEO_OUTPUT_MPLANE
13765.759382,v4l2_qbuf,0,VIDEO_OUTPUT_MPLANE
13765.759416,v4l2_qbuf,4,VIDEO_CAPTURE_MPLANE
13765.762806,v4l2_dqbuf,4,VIDEO_CAPTURE_MPLANE
13765.762965,v4l2_dqbuf,0,VIDEO_OUTPUT_MPLANE
13765.775970,v4l2_qbuf,0,VIDEO_OUTPUT_MPLANE
13765.776015,v4l2_qbuf,5,VIDEO_CAPTURE_MPLANE
13765.779302,v4l2_dqbuf,5,VIDEO_CAPTURE_MPLANE
13765.779470,v4l2_dqbuf,0,VIDEO_OUTPUT_MPLANE
13765.792883,v4l2_qbuf,0,VIDEO_OUTPUT_MPLANE
13765.792918,v4l2_qbuf,0,VIDEO_CAPTURE_MPLANE
13765.796273,v4l2_dqbuf,0,VIDEO_CAPTURE_MPLANE
13765.796436,v4l2_dqbuf,0,VIDEO_OUTPUT_MPLANE
13765.809513,v4l2_qbuf,0,VIDEO_OUTPUT_MPLANE
13765.809555,v4l2_qbuf,1,VIDEO_CAPTURE_MPLANE
13765.811899,v4l2_dqbuf,1,VIDEO_CAPTURE_MPLANE
13765.811912,v4l2_dqbuf,0,VIDEO_OUTPUT_MPLANE
13765.826101,v4l2_qbuf,0,VIDEO_OUTPUT_MPLANE
13765.826123,v4l2_qbuf,3,VIDEO_CAPTURE_MPLANE
13765.829314,v4l2_dqbuf,3,VIDEO_CAPTURE_MPLANE
13765.829411,v4l2_dqbuf,0,VIDEO_OUTPUT_MPLANE
13765.842456,v4l2_qbuf,0,VIDEO_OUTPUT_MPLANE
13765.842523,v4l2_qbuf,4,VIDEO_CAPTURE_MPLANE
13765.849147,v4l2_dqbuf,4,VIDEO_CAPTURE_MPLANE
13765.849256,v4l2_dqbuf,0,VIDEO_OUTPUT_MPLANE
13765.859373,v4l2_qbuf,0,VIDEO_OUTPUT_MPLANE
13765.859395,v4l2_qbuf,5,VIDEO_CAPTURE_MPLANE
13765.862643,v4l2_dqbuf,5,VIDEO_CAPTURE_MPLANE
13765.862749,v4l2_dqbuf,0,VIDEO_OUTPUT_MPLANE
13765.875820,v4l2_qbuf,0,VIDEO_OUTPUT_MPLANE
13765.875841,v4l2_qbuf,0,VIDEO_CAPTURE_MPLANE
13765.877981,v4l2_dqbuf,0,VIDEO_CAPTURE_MPLANE
13765.877998,v4l2_dqbuf,0,VIDEO_OUTPUT_MPLANE
13765.892417,v4l2_qbuf,0,VIDEO_OUTPUT_MPLANE
13765.892439,v4l2_qbuf,2,VIDEO_CAPTURE_MPLANE
13765.895680,v4l2_dqbuf,2,VIDEO_CAPTURE_MPLANE
13765.895889,v4l2_dqbuf,0,VIDEO_OUTPUT_MPLANE
13765.909165,v4l2_qbuf,0,VIDEO_OUTPUT_MPLANE
13765.909188,v4l2_qbuf,3,VIDEO_CAPTURE_MPLANE
13765.912393,v4l2_dqbuf,3,VIDEO_CAPTURE_MPLANE
13765.912566,v4l2_dqbuf,0,VIDEO_OUTPUT_MPLANE
13765.926046,v4l2_qbuf,0,VIDEO_OUTPUT_MPLANE
13765.926109,v4l2_qbuf,4,VIDEO_CAPTURE_MPLANE
13765.929592,v4l2_dqbuf,4,VIDEO_CAPTURE_MPLANE
13765.929748,v4l2_dqbuf,0,VIDEO_OUTPUT_MPLANE
13765.943337,v4l2_qbuf,0,VIDEO_OUTPUT_MPLANE
13765.943380,v4l2_qbuf,5,VIDEO_CAPTURE_MPLANE
13765.947222,v4l2_dqbuf,5,VIDEO_CAPTURE_MPLANE
13765.947242,v4l2_dqbuf,0,VIDEO_OUTPUT_MPLANE
13765.959330,v4l2_qbuf,0,VIDEO_OUTPUT_MPLANE
13765.959358,v4l2_qbuf,1,VIDEO_CAPTURE_MPLANE
13765.962604,v4l2_dqbuf,1,VIDEO_CAPTURE_MPLANE
13765.962764,v4l2_dqbuf,0,VIDEO_OUTPUT_MPLANE
13765.975710,v4l2_qbuf,0,VIDEO_OUTPUT_MPLANE
13765.975727,v4l2_qbuf,2,VIDEO_CAPTURE_MPLANE
13765.978858,v4l2_dqbuf,2,VIDEO_CAPTURE_MPLANE
13765.978990,v4l2_dqbuf,0,VIDEO_OUTPUT_MPLANE
13765.992376,v4l2_qbuf,0,VIDEO_OUTPUT_MPLANE
13765.992401,v4l2_qbuf,3,VIDEO_CAPTURE_MPLANE
13765.995659,v4l2_dqbuf,3,VIDEO_CAPTURE_MPLANE
13765.995862,v4l2_dqbuf,0,VIDEO_OUTPUT_MPLANE
13766.008933,v4l2_qbuf,0,VIDEO_OUTPUT_MPLANE
13766.008950,v4l2_qbuf,4,VIDEO_CAPTURE_MPLANE
13766.011043,v4l2_dqbuf,4,VIDEO_CAPTURE_MPLANE
13766.011077,v4l2_dqbuf,0,VIDEO_OUTPUT_MPLANE
13766.025936,v4l2_qbuf,0,VIDEO_OUTPUT_MPLANE
13766.025953,v4l2_qbuf,0,VIDEO_CAPTURE_MPLANE
13766.029051,v4l2_dqbuf,0,VIDEO_CAPTURE_MPLANE
13766.029146,v4l2_dqbuf,0,VIDEO_OUTPUT_MPLANE
13766.042298,v4l2_qbuf,0,VIDEO_OUTPUT_MPLANE
13766.042314,v4l2_qbuf,1,VIDEO_CAPTURE_MPLANE
13766.045333,v4l2_dqbuf,1,VIDEO_CAPTURE_MPLANE
13766.045411,v4l2_dqbuf,0,VIDEO_OUTPUT_MPLANE
13766.058855,v4l2_qbuf,0,VIDEO_OUTPUT_MPLANE
13766.058959,v4l2_qbuf,2,VIDEO_CAPTURE_MPLANE
13766.062117,v4l2_dqbuf,2,VIDEO_CAPTURE_MPLANE
13766.062205,v4l2_dqbuf,0,VIDEO_OUTPUT_MPLANE
13766.075823,v4l2_qbuf,0,VIDEO_OUTPUT_MPLANE
13766.075839,v4l2_qbuf,3,VIDEO_CAPTURE_MPLANE
13766.077972,v4l2_dqbuf,3,VIDEO_CAPTURE_MPLANE
13766.077986,v4l2_dqbuf,0,VIDEO_OUTPUT_MPLANE
13766.095397,v4l2_qbuf,0,VIDEO_OUTPUT_MPLANE
13766.095428,v4l2_qbuf,5,VIDEO_CAPTURE_MPLANE
13766.098716,v4l2_dqbuf,5,VIDEO_CAPTURE_MPLANE
13766.098864,v4l2_dqbuf,0,VIDEO_OUTPUT_MPLANE
13766.111288,v4l2_qbuf,0,VIDEO_OUTPUT_MPLANE
13766.111308,v4l2_qbuf,0,VIDEO_CAPTURE_MPLANE
13766.114496,v4l2_dqbuf,0,VIDEO_CAPTURE_MPLANE
13766.114583,v4l2_dqbuf,0,VIDEO_OUTPUT_MPLANE
13766.130326,v4l2_qbuf,0,VIDEO_OUTPUT_MPLANE
13766.130357,v4l2_qbuf,1,VIDEO_CAPTURE_MPLANE
13766.133595,v4l2_dqbuf,1,VIDEO_CAPTURE_MPLANE
13766.133759,v4l2_dqbuf,0,VIDEO_OUTPUT_MPLANE
13766.146822,v4l2_qbuf,0,VIDEO_OUTPUT_MPLANE
13766.146842,v4l2_qbuf,2,VIDEO_CAPTURE_MPLANE
13766.149815,v4l2_dqbuf,2,VIDEO_CAPTURE_MPLANE
13766.149831,v4l2_dqbuf,0,VIDEO_OUTPUT_MPLANE
13766.165370,v4l2_qbuf,0,VIDEO_OUTPUT_MPLANE
13766.165391,v4l2_qbuf,4,VIDEO_CAPTURE_MPLANE
13766.168534,v4l2_dqbuf,4,VIDEO_CAPTURE_MPLANE
13766.168729,v4l2_dqbuf,0,VIDEO_OUTPUT_MPLANE
13766.181138,v4l2_qbuf,0,VIDEO_OUTPUT_MPLANE
13766.181167,v4l2_qbuf,5,VIDEO_CAPTURE_MPLANE
13766.184493,v4l2_dqbuf,5,VIDEO_CAPTURE_MPLANE
13766.184625,v4l2_dqbuf,0,VIDEO_OUTPUT_MPLANE
13766.197499,v4l2_qbuf,0,VIDEO_OUTPUT_MPLANE
13766.197513,v4l2_qbuf,0,VIDEO_CAPTURE_MPLANE
13766.199402,v4l2_dqbuf,0,VIDEO_CAPTURE_MPLANE
13766.199411,v4l2_dqbuf,0,VIDEO_OUTPUT_MPLANE
13766.213708,v4l2_qbuf,0,VIDEO_OUTPUT_MPLANE
13766.213722,v4l2_qbuf,1,VIDEO_CAPTURE_MPLANE
13766.215772,v4l2_dqbuf,1,VIDEO_CAPTURE_MPLANE
13766.215786,v4l2_dqbuf,0,VIDEO_OUTPUT_MPLANE
13766.230411,v4l2_qbuf,0,VIDEO_OUTPUT_MPLANE
13766.230429,v4l2_qbuf,3,VIDEO_CAPTURE_MPLANE
13766.233560,v4l2_dqbuf,3,VIDEO_CAPTURE_MPLANE
13766.233659,v4l2_dqbuf,0,VIDEO_OUTPUT_MPLANE
13766.247376,v4l2_qbuf,0,VIDEO_OUTPUT_MPLANE
13766.247400,v4l2_qbuf,4,VIDEO_CAPTURE_MPLANE
13766.250694,v4l2_dqbuf,4,VIDEO_CAPTURE_MPLANE
13766.250910,v4l2_dqbuf,0,VIDEO_OUTPUT_MPLANE
13766.264069,v4l2_qbuf,0,VIDEO_OUTPUT_MPLANE
13766.264099,v4l2_qbuf,5,VIDEO_CAPTURE_MPLANE
13766.267491,v4l2_dqbuf,5,VIDEO_CAPTURE_MPLANE
13766.267685,v4l2_dqbuf,0,VIDEO_OUTPUT_MPLANE
13766.280570,v4l2_qbuf,0,VIDEO_OUTPUT_MPLANE
13766.280606,v4l2_qbuf,2,VIDEO_CAPTURE_MPLANE
13766.283073,v4l2_dqbuf,2,VIDEO_CAPTURE_MPLANE
13766.283100,v4l2_dqbuf,0,VIDEO_OUTPUT_MPLANE
13766.300193,v4l2_qbuf,0,VIDEO_OUTPUT_MPLANE
13766.300214,v4l2_qbuf,0,VIDEO_CAPTURE_MPLANE
13766.303708,v4l2_dqbuf,0,VIDEO_CAPTURE_MPLANE
13766.303808,v4l2_dqbuf,0,VIDEO_OUTPUT_MPLANE
13766.313849,v4l2_qbuf,0,VIDEO_OUTPUT_MPLANE
13766.313866,v4l2_qbuf,3,VIDEO_CAPTURE_MPLANE
13766.317013,v4l2_dqbuf,3,VIDEO_CAPTURE_MPLANE
13766.317099,v4l2_dqbuf,0,VIDEO_OUTPUT_MPLANE
13766.330114,v4l2_qbuf,0,VIDEO_OUTPUT_MPLANE
13766.330139,v4l2_qbuf,4,VIDEO_CAPTURE_MPLANE
13766.333312,v4l2_dqbuf,4,VIDEO_CAPTURE_MPLANE
13766.333397,v4l2_dqbuf,0,VIDEO_OUTPUT_MPLANE
13766.347208,v4l2_qbuf,0,VIDEO_OUTPUT_MPLANE
13766.347241,v4l2_qbuf,5,VIDEO_CAPTURE_MPLANE
13766.349573,v4l2_dqbuf,5,VIDEO_CAPTURE_MPLANE
13766.349605,v4l2_dqbuf,0,VIDEO_OUTPUT_MPLANE
13766.363854,v4l2_qbuf,0,VIDEO_OUTPUT_MPLANE
13766.363885,v4l2_qbuf,1,VIDEO_CAPTURE_MPLANE
13766.367409,v4l2_dqbuf,1,VIDEO_CAPTURE_MPLANE
13766.367656,v4l2_dqbuf,0,VIDEO_OUTPUT_MPLANE
13766.381084,v4l2_qbuf,0,VIDEO_OUTPUT_MPLANE
13766.381137,v4l2_qbuf,0,VIDEO_CAPTURE_MPLANE
13766.384408,v4l2_dqbuf,0,VIDEO_CAPTURE_MPLANE
13766.384508,v4l2_dqbuf,0,VIDEO_OUTPUT_MPLANE
13766.398833,v4l2_qbuf,0,VIDEO_OUTPUT_MPLANE
13766.398909,v4l2_qbuf,3,VIDEO_CAPTURE_MPLANE
13766.402077,v4l2_dqbuf,3,VIDEO_CAPTURE_MPLANE
13766.402188,v4l2_dqbuf,0,VIDEO_OUTPUT_MPLANE
13766.414532,v4l2_qbuf,0,VIDEO_OUTPUT_MPLANE
13766.414560,v4l2_qbuf,4,VIDEO_CAPTURE_MPLANE
13766.416784,v4l2_dqbuf,4,VIDEO_CAPTURE_MPLANE
13766.416803,v4l2_dqbuf,0,VIDEO_OUTPUT_MPLANE
13766.433808,v4l2_qbuf,0,VIDEO_OUTPUT_MPLANE
13766.433829,v4l2_qbuf,2,VIDEO_CAPTURE_MPLANE
13766.438829,v4l2_dqbuf,2,VIDEO_CAPTURE_MPLANE
13766.438954,v4l2_dqbuf,0,VIDEO_OUTPUT_MPLANE
13766.449912,v4l2_qbuf,0,VIDEO_OUTPUT_MPLANE
13766.449929,v4l2_qbuf,1,VIDEO_CAPTURE_MPLANE
13766.455157,v4l2_dqbuf,1,VIDEO_CAPTURE_MPLANE
13766.455273,v4l2_dqbuf,0,VIDEO_OUTPUT_MPLANE
13766.469366,v4l2_qbuf,0,VIDEO_OUTPUT_MPLANE
13766.469390,v4l2_qbuf,0,VIDEO_CAPTURE_MPLANE
13766.472267,v4l2_dqbuf,0,VIDEO_CAPTURE_MPLANE
13766.472368,v4l2_dqbuf,0,VIDEO_OUTPUT_MPLANE
13766.484483,v4l2_qbuf,0,VIDEO_OUTPUT_MPLANE
13766.484505,v4l2_qbuf,3,VIDEO_CAPTURE_MPLANE
13766.486779,v4l2_dqbuf,3,VIDEO_CAPTURE_MPLANE
13766.486799,v4l2_dqbuf,0,VIDEO_OUTPUT_MPLANE
13766.501419,v4l2_qbuf,0,VIDEO_OUTPUT_MPLANE
13766.501439,v4l2_qbuf,5,VIDEO_CAPTURE_MPLANE
13766.504563,v4l2_dqbuf,5,VIDEO_CAPTURE_MPLANE
13766.504659,v4l2_dqbuf,0,VIDEO_OUTPUT_MPLANE
13766.519238,v4l2_qbuf,0,VIDEO_OUTPUT_MPLANE
13766.519259,v4l2_qbuf,2,VIDEO_CAPTURE_MPLANE
13766.522424,v4l2_dqbuf,2,VIDEO_CAPTURE_MPLANE
13766.522516,v4l2_dqbuf,0,VIDEO_OUTPUT_MPLANE
13766.536230,v4l2_qbuf,0,VIDEO_OUTPUT_MPLANE
13766.536250,v4l2_qbuf,1,VIDEO_CAPTURE_MPLANE
13766.539319,v4l2_dqbuf,1,VIDEO_CAPTURE_MPLANE
13766.539409,v4l2_dqbuf,0,VIDEO_OUTPUT_MPLANE
13766.553441,v4l2_qbuf,0,VIDEO_OUTPUT_MPLANE
13766.553462,v4l2_qbuf,0,VIDEO_CAPTURE_MPLANE
13766.555649,v4l2_dqbuf,0,VIDEO_CAPTURE_MPLANE
13766.555666,v4l2_dqbuf,0,VIDEO_OUTPUT_MPLANE
13766.569467,v4l2_qbuf,0,VIDEO_OUTPUT_MPLANE
13766.569510,v4l2_qbuf,4,VIDEO_CAPTURE_MPLANE
13766.572763,v4l2_dqbuf,4,VIDEO_CAPTURE_MPLANE
13766.572865,v4l2_dqbuf,0,VIDEO_OUTPUT_MPLANE
13766.586065,v4l2_qbuf,0,VIDEO_OUTPUT_MPLANE
13766.586089,v4l2_qbuf,5,VIDEO_CAPTURE_MPLANE
13766.589320,v4l2_dqbuf,5,VIDEO_CAPTURE_MPLANE
13766.589417,v4l2_dqbuf,0,VIDEO_OUTPUT_MPLANE
13766.602561,v4l2_qbuf,0,VIDEO_OUTPUT_MPLANE
13766.602591,v4l2_qbuf,2,VIDEO_CAPTURE_MPLANE
13766.605947,v4l2_dqbuf,2,VIDEO_CAPTURE_MPLANE
13766.606143,v4l2_dqbuf,0,VIDEO_OUTPUT_MPLANE
13766.619366,v4l2_qbuf,0,VIDEO_OUTPUT_MPLANE
13766.619387,v4l2_qbuf,1,VIDEO_CAPTURE_MPLANE
13766.621756,v4l2_dqbuf,1,VIDEO_CAPTURE_MPLANE
13766.621789,v4l2_dqbuf,0,VIDEO_OUTPUT_MPLANE
13766.636643,v4l2_qbuf,0,VIDEO_OUTPUT_MPLANE
13766.636670,v4l2_qbuf,3,VIDEO_CAPTURE_MPLANE
13766.639945,v4l2_dqbuf,3,VIDEO_CAPTURE_MPLANE
13766.640057,v4l2_dqbuf,0,VIDEO_OUTPUT_MPLANE
13766.654108,v4l2_qbuf,0,VIDEO_OUTPUT_MPLANE
13766.654174,v4l2_qbuf,4,VIDEO_CAPTURE_MPLANE
13766.657452,v4l2_dqbuf,4,VIDEO_CAPTURE_MPLANE
13766.657565,v4l2_dqbuf,0,VIDEO_OUTPUT_MPLANE
13766.671824,v4l2_qbuf,0,VIDEO_OUTPUT_MPLANE
13766.671848,v4l2_qbuf,5,VIDEO_CAPTURE_MPLANE
13766.671999,v4l2_qbuf,1,VIDEO_OUTPUT_MPLANE
13766.672019,v4l2_qbuf,3,VIDEO_CAPTURE_MPLANE
13766.675085,v4l2_dqbuf,5,VIDEO_CAPTURE_MPLANE
13766.675410,v4l2_dqbuf,0,VIDEO_OUTPUT_MPLANE
13766.677451,v4l2_dqbuf,3,VIDEO_CAPTURE_MPLANE
13766.677497,v4l2_dqbuf,1,VIDEO_OUTPUT_MPLANE
13766.677739,v4l2_qbuf,0,VIDEO_OUTPUT_MPLANE
13766.677765,v4l2_qbuf,0,VIDEO_CAPTURE_MPLANE
13766.680953,v4l2_dqbuf,0,VIDEO_CAPTURE_MPLANE
13766.681152,v4l2_dqbuf,0,VIDEO_OUTPUT_MPLANE
13766.688572,v4l2_qbuf,0,VIDEO_OUTPUT_MPLANE
13766.688592,v4l2_qbuf,2,VIDEO_CAPTURE_MPLANE
13766.691668,v4l2_dqbuf,2,VIDEO_CAPTURE_MPLANE
13766.691738,v4l2_dqbuf,0,VIDEO_OUTPUT_MPLANE
13766.705224,v4l2_qbuf,0,VIDEO_OUTPUT_MPLANE
13766.705254,v4l2_qbuf,4,VIDEO_CAPTURE_MPLANE
13766.707524,v4l2_dqbuf,4,VIDEO_CAPTURE_MPLANE
13766.707544,v4l2_dqbuf,0,VIDEO_OUTPUT_MPLANE
13766.722174,v4l2_qbuf,0,VIDEO_OUTPUT_MPLANE
13766.722267,v4l2_qbuf,5,VIDEO_CAPTURE_MPLANE
13766.725405,v4l2_dqbuf,5,VIDEO_CAPTURE_MPLANE
13766.725591,v4l2_dqbuf,0,VIDEO_OUTPUT_MPLANE
13766.739394,v4l2_qbuf,0,VIDEO_OUTPUT_MPLANE
13766.739413,v4l2_qbuf,1,VIDEO_CAPTURE_MPLANE
13766.742442,v4l2_dqbuf,1,VIDEO_CAPTURE_MPLANE
13766.742541,v4l2_dqbuf,0,VIDEO_OUTPUT_MPLANE
13766.755176,v4l2_qbuf,0,VIDEO_OUTPUT_MPLANE
13766.755202,v4l2_qbuf,0,VIDEO_CAPTURE_MPLANE
13766.758176,v4l2_dqbuf,0,VIDEO_CAPTURE_MPLANE
13766.758275,v4l2_dqbuf,0,VIDEO_OUTPUT_MPLANE
13766.771773,v4l2_qbuf,0,VIDEO_OUTPUT_MPLANE
13766.771796,v4l2_qbuf,2,VIDEO_CAPTURE_MPLANE
13766.773928,v4l2_dqbuf,2,VIDEO_CAPTURE_MPLANE
13766.773944,v4l2_dqbuf,0,VIDEO_OUTPUT_MPLANE
13766.805368,v4l2_qbuf,0,VIDEO_OUTPUT_MPLANE
13766.805384,v4l2_qbuf,3,VIDEO_CAPTURE_MPLANE
13766.805527,v4l2_qbuf,1,VIDEO_OUTPUT_MPLANE
13766.805534,v4l2_qbuf,1,VIDEO_CAPTURE_MPLANE
13766.808676,v4l2_dqbuf,3,VIDEO_CAPTURE_MPLANE
13766.808853,v4l2_dqbuf,0,VIDEO_OUTPUT_MPLANE
13766.811600,v4l2_dqbuf,1,VIDEO_CAPTURE_MPLANE
13766.811708,v4l2_dqbuf,1,VIDEO_OUTPUT_MPLANE
13766.822204,v4l2_qbuf,0,VIDEO_OUTPUT_MPLANE
13766.822237,v4l2_qbuf,5,VIDEO_CAPTURE_MPLANE
13766.825390,v4l2_dqbuf,5,VIDEO_CAPTURE_MPLANE
13766.825524,v4l2_dqbuf,0,VIDEO_OUTPUT_MPLANE
13766.839085,v4l2_qbuf,0,VIDEO_OUTPUT_MPLANE
13766.839128,v4l2_qbuf,0,VIDEO_CAPTURE_MPLANE
13766.841435,v4l2_dqbuf,0,VIDEO_CAPTURE_MPLANE
13766.841456,v4l2_dqbuf,0,VIDEO_OUTPUT_MPLANE
13766.855888,v4l2_qbuf,0,VIDEO_OUTPUT_MPLANE
13766.855916,v4l2_qbuf,4,VIDEO_CAPTURE_MPLANE
13766.859263,v4l2_dqbuf,4,VIDEO_CAPTURE_MPLANE
13766.859360,v4l2_dqbuf,0,VIDEO_OUTPUT_MPLANE
13766.871748,v4l2_qbuf,0,VIDEO_OUTPUT_MPLANE
13766.871770,v4l2_qbuf,3,VIDEO_CAPTURE_MPLANE
13766.874996,v4l2_dqbuf,3,VIDEO_CAPTURE_MPLANE
13766.875109,v4l2_dqbuf,0,VIDEO_OUTPUT_MPLANE
13766.890534,v4l2_qbuf,0,VIDEO_OUTPUT_MPLANE
13766.890568,v4l2_qbuf,1,VIDEO_CAPTURE_MPLANE
13766.893753,v4l2_dqbuf,1,VIDEO_CAPTURE_MPLANE
13766.893884,v4l2_dqbuf,0,VIDEO_OUTPUT_MPLANE
13766.907368,v4l2_qbuf,0,VIDEO_OUTPUT_MPLANE
13766.907413,v4l2_qbuf,5,VIDEO_CAPTURE_MPLANE
13766.909719,v4l2_dqbuf,5,VIDEO_CAPTURE_MPLANE
13766.909753,v4l2_dqbuf,0,VIDEO_OUTPUT_MPLANE
13766.923979,v4l2_qbuf,0,VIDEO_OUTPUT_MPLANE
13766.924038,v4l2_qbuf,2,VIDEO_CAPTURE_MPLANE
13766.927311,v4l2_dqbuf,2,VIDEO_CAPTURE_MPLANE
13766.927480,v4l2_dqbuf,0,VIDEO_OUTPUT_MPLANE
13766.940625,v4l2_qbuf,0,VIDEO_OUTPUT_MPLANE
13766.940664,v4l2_qbuf,4,VIDEO_CAPTURE_MPLANE
13766.943879,v4l2_dqbuf,4,VIDEO_CAPTURE_MPLANE
13766.944061,v4l2_dqbuf,0,VIDEO_OUTPUT_MPLANE
13766.957482,v4l2_qbuf,0,VIDEO_OUTPUT_MPLANE
13766.957519,v4l2_qbuf,3,VIDEO_CAPTURE_MPLANE
13766.960766,v4l2_dqbuf,3,VIDEO_CAPTURE_MPLANE
13766.960894,v4l2_dqbuf,0,VIDEO_OUTPUT_MPLANE
13766.974069,v4l2_qbuf,0,VIDEO_OUTPUT_MPLANE
13766.974117,v4l2_qbuf,1,VIDEO_CAPTURE_MPLANE
13766.976404,v4l2_dqbuf,1,VIDEO_CAPTURE_MPLANE
13766.976435,v4l2_dqbuf,0,VIDEO_OUTPUT_MPLANE
13766.990606,v4l2_qbuf,0,VIDEO_OUTPUT_MPLANE
13766.990639,v4l2_qbuf,0,VIDEO_CAPTURE_MPLANE
13766.993900,v4l2_dqbuf,0,VIDEO_CAPTURE_MPLANE
13766.994120,v4l2_dqbuf,0,VIDEO_OUTPUT_MPLANE
13767.007494,v4l2_qbuf,0,VIDEO_OUTPUT_MPLANE
13767.007541,v4l2_qbuf,2,VIDEO_CAPTURE_MPLANE
13767.010801,v4l2_dqbuf,2,VIDEO_CAPTURE_MPLANE
13767.010944,v4l2_dqbuf,0,VIDEO_OUTPUT_MPLANE
13767.023935,v4l2_qbuf,0,VIDEO_OUTPUT_MPLANE
13767.023963,v4l2_qbuf,4,VIDEO_CAPTURE_MPLANE
13767.027080,v4l2_dqbuf,4,VIDEO_CAPTURE_MPLANE
13767.027229,v4l2_dqbuf,0,VIDEO_OUTPUT_MPLANE
13767.040497,v4l2_qbuf,0,VIDEO_OUTPUT_MPLANE
13767.040525,v4l2_qbuf,3,VIDEO_CAPTURE_MPLANE
13767.042891,v4l2_dqbuf,3,VIDEO_CAPTURE_MPLANE
13767.042911,v4l2_dqbuf,0,VIDEO_OUTPUT_MPLANE
13767.056855,v4l2_qbuf,0,VIDEO_OUTPUT_MPLANE
13767.056873,v4l2_qbuf,5,VIDEO_CAPTURE_MPLANE
13767.060103,v4l2_dqbuf,5,VIDEO_CAPTURE_MPLANE
13767.060213,v4l2_dqbuf,0,VIDEO_OUTPUT_MPLANE
13767.073965,v4l2_qbuf,0,VIDEO_OUTPUT_MPLANE
13767.073987,v4l2_qbuf,0,VIDEO_CAPTURE_MPLANE
13767.077242,v4l2_dqbuf,0,VIDEO_CAPTURE_MPLANE
13767.077358,v4l2_dqbuf,0,VIDEO_OUTPUT_MPLANE
13767.090141,v4l2_qbuf,0,VIDEO_OUTPUT_MPLANE
13767.090159,v4l2_qbuf,2,VIDEO_CAPTURE_MPLANE
13767.093348,v4l2_dqbuf,2,VIDEO_CAPTURE_MPLANE
13767.093437,v4l2_dqbuf,0,VIDEO_OUTPUT_MPLANE
13767.106924,v4l2_qbuf,0,VIDEO_OUTPUT_MPLANE
13767.106958,v4l2_qbuf,4,VIDEO_CAPTURE_MPLANE
13767.109184,v4l2_dqbuf,4,VIDEO_CAPTURE_MPLANE
13767.109197,v4l2_dqbuf,0,VIDEO_OUTPUT_MPLANE
13767.123658,v4l2_qbuf,0,VIDEO_OUTPUT_MPLANE
13767.123679,v4l2_qbuf,1,VIDEO_CAPTURE_MPLANE
13767.126691,v4l2_dqbuf,1,VIDEO_CAPTURE_MPLANE
13767.126781,v4l2_dqbuf,0,VIDEO_OUTPUT_MPLANE
13767.140423,v4l2_qbuf,0,VIDEO_OUTPUT_MPLANE
13767.140478,v4l2_qbuf,5,VIDEO_CAPTURE_MPLANE
13767.143650,v4l2_dqbuf,5,VIDEO_CAPTURE_MPLANE
13767.143746,v4l2_dqbuf,0,VIDEO_OUTPUT_MPLANE
13767.156909,v4l2_qbuf,0,VIDEO_OUTPUT_MPLANE
13767.156925,v4l2_qbuf,0,VIDEO_CAPTURE_MPLANE
13767.160007,v4l2_dqbuf,0,VIDEO_CAPTURE_MPLANE
13767.160103,v4l2_dqbuf,0,VIDEO_OUTPUT_MPLANE
13767.173460,v4l2_qbuf,0,VIDEO_OUTPUT_MPLANE
13767.173482,v4l2_qbuf,2,VIDEO_CAPTURE_MPLANE
13767.175295,v4l2_dqbuf,2,VIDEO_CAPTURE_MPLANE
13767.175315,v4l2_dqbuf,0,VIDEO_OUTPUT_MPLANE
13767.190513,v4l2_qbuf,0,VIDEO_OUTPUT_MPLANE
13767.190542,v4l2_qbuf,3,VIDEO_CAPTURE_MPLANE
13767.192639,v4l2_dqbuf,3,VIDEO_CAPTURE_MPLANE
13767.192656,v4l2_dqbuf,0,VIDEO_OUTPUT_MPLANE
13767.206887,v4l2_qbuf,0,VIDEO_OUTPUT_MPLANE
13767.206915,v4l2_qbuf,1,VIDEO_CAPTURE_MPLANE
13767.210062,v4l2_dqbuf,1,VIDEO_CAPTURE_MPLANE
13767.210142,v4l2_dqbuf,0,VIDEO_OUTPUT_MPLANE
13767.223547,v4l2_qbuf,0,VIDEO_OUTPUT_MPLANE
13767.223562,v4l2_qbuf,5,VIDEO_CAPTURE_MPLANE
13767.226630,v4l2_dqbuf,5,VIDEO_CAPTURE_MPLANE
13767.226699,v4l2_dqbuf,0,VIDEO_OUTPUT_MPLANE
13767.240140,v4l2_qbuf,0,VIDEO_OUTPUT_MPLANE
13767.240158,v4l2_qbuf,0,VIDEO_CAPTURE_MPLANE
13767.242320,v4l2_dqbuf,0,VIDEO_CAPTURE_MPLANE
13767.242332,v4l2_dqbuf,0,VIDEO_OUTPUT_MPLANE
13767.256967,v4l2_qbuf,0,VIDEO_OUTPUT_MPLANE
13767.256995,v4l2_qbuf,4,VIDEO_CAPTURE_MPLANE
13767.259745,v4l2_dqbuf,4,VIDEO_CAPTURE_MPLANE
13767.259875,v4l2_dqbuf,0,VIDEO_OUTPUT_MPLANE
13767.273611,v4l2_qbuf,0,VIDEO_OUTPUT_MPLANE
13767.273630,v4l2_qbuf,2,VIDEO_CAPTURE_MPLANE
13767.276917,v4l2_dqbuf,2,VIDEO_CAPTURE_MPLANE
13767.277073,v4l2_dqbuf,0,VIDEO_OUTPUT_MPLANE
13767.290365,v4l2_qbuf,0,VIDEO_OUTPUT_MPLANE
13767.290387,v4l2_qbuf,1,VIDEO_CAPTURE_MPLANE
13767.293426,v4l2_dqbuf,1,VIDEO_CAPTURE_MPLANE
13767.293553,v4l2_dqbuf,0,VIDEO_OUTPUT_MPLANE
13767.307013,v4l2_qbuf,0,VIDEO_OUTPUT_MPLANE
13767.307036,v4l2_qbuf,5,VIDEO_CAPTURE_MPLANE
13767.309289,v4l2_dqbuf,5,VIDEO_CAPTURE_MPLANE
13767.309302,v4l2_dqbuf,0,VIDEO_OUTPUT_MPLANE
13767.323684,v4l2_qbuf,0,VIDEO_OUTPUT_MPLANE
13767.323706,v4l2_qbuf,3,VIDEO_CAPTURE_MPLANE
13767.326908,v4l2_dqbuf,3,VIDEO_CAPTURE_MPLANE
13767.327072,v4l2_dqbuf,0,VIDEO_OUTPUT_MPLANE
13767.340583,v4l2_qbuf,0,VIDEO_OUTPUT_MPLANE
13767.340621,v4l2_qbuf,4,VIDEO_CAPTURE_MPLANE
13767.343694,v4l2_dqbuf,4,VIDEO_CAPTURE_MPLANE
13767.343789,v4l2_dqbuf,0,VIDEO_OUTPUT_MPLANE
13767.357319,v4l2_qbuf,0,VIDEO_OUTPUT_MPLANE
13767.357341,v4l2_qbuf,2,VIDEO_CAPTURE_MPLANE
13767.360669,v4l2_dqbuf,2,VIDEO_CAPTURE_MPLANE
13767.360744,v4l2_dqbuf,0,VIDEO_OUTPUT_MPLANE
13767.373801,v4l2_qbuf,0,VIDEO_OUTPUT_MPLANE
13767.373821,v4l2_qbuf,1,VIDEO_CAPTURE_MPLANE
13767.376160,v4l2_dqbuf,1,VIDEO_CAPTURE_MPLANE
13767.376176,v4l2_dqbuf,0,VIDEO_OUTPUT_MPLANE
13767.390653,v4l2_qbuf,0,VIDEO_OUTPUT_MPLANE
13767.390689,v4l2_qbuf,0,VIDEO_CAPTURE_MPLANE
13767.393676,v4l2_dqbuf,0,VIDEO_CAPTURE_MPLANE
13767.393817,v4l2_dqbuf,0,VIDEO_OUTPUT_MPLANE
13767.406980,v4l2_qbuf,0,VIDEO_OUTPUT_MPLANE
13767.406997,v4l2_qbuf,3,VIDEO_CAPTURE_MPLANE
13767.410284,v4l2_dqbuf,3,VIDEO_CAPTURE_MPLANE
13767.410482,v4l2_dqbuf,0,VIDEO_OUTPUT_MPLANE
13767.423708,v4l2_qbuf,0,VIDEO_OUTPUT_MPLANE
13767.423726,v4l2_qbuf,4,VIDEO_CAPTURE_MPLANE
13767.426881,v4l2_dqbuf,4,VIDEO_CAPTURE_MPLANE
13767.427021,v4l2_dqbuf,0,VIDEO_OUTPUT_MPLANE
13767.440605,v4l2_qbuf,0,VIDEO_OUTPUT_MPLANE
13767.440621,v4l2_qbuf,2,VIDEO_CAPTURE_MPLANE
13767.442956,v4l2_dqbuf,2,VIDEO_CAPTURE_MPLANE
13767.442969,v4l2_dqbuf,0,VIDEO_OUTPUT_MPLANE
13767.457516,v4l2_qbuf,0,VIDEO_OUTPUT_MPLANE
13767.457535,v4l2_qbuf,5,VIDEO_CAPTURE_MPLANE
13767.460696,v4l2_dqbuf,5,VIDEO_CAPTURE_MPLANE
13767.460798,v4l2_dqbuf,0,VIDEO_OUTPUT_MPLANE
13767.473976,v4l2_qbuf,0,VIDEO_OUTPUT_MPLANE
13767.473999,v4l2_qbuf,0,VIDEO_CAPTURE_MPLANE
13767.477228,v4l2_dqbuf,0,VIDEO_CAPTURE_MPLANE
13767.477315,v4l2_dqbuf,0,VIDEO_OUTPUT_MPLANE
13767.490396,v4l2_qbuf,0,VIDEO_OUTPUT_MPLANE
13767.490438,v4l2_qbuf,3,VIDEO_CAPTURE_MPLANE
13767.492756,v4l2_dqbuf,3,VIDEO_CAPTURE_MPLANE
13767.492771,v4l2_dqbuf,0,VIDEO_OUTPUT_MPLANE
13767.507186,v4l2_qbuf,0,VIDEO_OUTPUT_MPLANE
13767.507206,v4l2_qbuf,4,VIDEO_CAPTURE_MPLANE
13767.510085,v4l2_dqbuf,4,VIDEO_CAPTURE_MPLANE
13767.510184,v4l2_dqbuf,0,VIDEO_OUTPUT_MPLANE
13767.523643,v4l2_qbuf,0,VIDEO_OUTPUT_MPLANE
13767.523665,v4l2_qbuf,1,VIDEO_CAPTURE_MPLANE
13767.526793,v4l2_dqbuf,1,VIDEO_CAPTURE_MPLANE
13767.526874,v4l2_dqbuf,0,VIDEO_OUTPUT_MPLANE
13767.540417,v4l2_qbuf,0,VIDEO_OUTPUT_MPLANE
13767.540435,v4l2_qbuf,5,VIDEO_CAPTURE_MPLANE
13767.543459,v4l2_dqbuf,5,VIDEO_CAPTURE_MPLANE
13767.543629,v4l2_dqbuf,0,VIDEO_OUTPUT_MPLANE
13767.557325,v4l2_qbuf,0,VIDEO_OUTPUT_MPLANE
13767.557366,v4l2_qbuf,0,VIDEO_CAPTURE_MPLANE
13767.559567,v4l2_dqbuf,0,VIDEO_CAPTURE_MPLANE
13767.559596,v4l2_dqbuf,0,VIDEO_OUTPUT_MPLANE
13767.574527,v4l2_qbuf,0,VIDEO_OUTPUT_MPLANE
13767.574592,v4l2_qbuf,2,VIDEO_CAPTURE_MPLANE
13767.577896,v4l2_dqbuf,2,VIDEO_CAPTURE_MPLANE
13767.578300,v4l2_dqbuf,0,VIDEO_OUTPUT_MPLANE
13767.591125,v4l2_qbuf,0,VIDEO_OUTPUT_MPLANE
13767.591165,v4l2_qbuf,4,VIDEO_CAPTURE_MPLANE
13767.594165,v4l2_dqbuf,4,VIDEO_CAPTURE_MPLANE
13767.594234,v4l2_dqbuf,0,VIDEO_OUTPUT_MPLANE
13767.607048,v4l2_qbuf,0,VIDEO_OUTPUT_MPLANE
13767.607066,v4l2_qbuf,1,VIDEO_CAPTURE_MPLANE
13767.609336,v4l2_dqbuf,1,VIDEO_CAPTURE_MPLANE
13767.609350,v4l2_dqbuf,0,VIDEO_OUTPUT_MPLANE
13767.623537,v4l2_qbuf,0,VIDEO_OUTPUT_MPLANE
13767.623551,v4l2_qbuf,5,VIDEO_CAPTURE_MPLANE
13767.626674,v4l2_dqbuf,5,VIDEO_CAPTURE_MPLANE
13767.626740,v4l2_dqbuf,0,VIDEO_OUTPUT_MPLANE
13767.640315,v4l2_qbuf,0,VIDEO_OUTPUT_MPLANE
13767.640364,v4l2_qbuf,3,VIDEO_CAPTURE_MPLANE
13767.643647,v4l2_dqbuf,3,VIDEO_CAPTURE_MPLANE
13767.643732,v4l2_dqbuf,0,VIDEO_OUTPUT_MPLANE
13767.657254,v4l2_qbuf,0,VIDEO_OUTPUT_MPLANE
13767.657270,v4l2_qbuf,2,VIDEO_CAPTURE_MPLANE
13767.660132,v4l2_dqbuf,2,VIDEO_CAPTURE_MPLANE
13767.660200,v4l2_dqbuf,0,VIDEO_OUTPUT_MPLANE
13767.674357,v4l2_qbuf,0,VIDEO_OUTPUT_MPLANE
13767.674378,v4l2_qbuf,4,VIDEO_CAPTURE_MPLANE
13767.676625,v4l2_dqbuf,4,VIDEO_CAPTURE_MPLANE
13767.676648,v4l2_dqbuf,0,VIDEO_OUTPUT_MPLANE
13767.690461,v4l2_qbuf,0,VIDEO_OUTPUT_MPLANE
13767.690482,v4l2_qbuf,0,VIDEO_CAPTURE_MPLANE
13767.693756,v4l2_dqbuf,0,VIDEO_CAPTURE_MPLANE
13767.693831,v4l2_dqbuf,0,VIDEO_OUTPUT_MPLANE
13767.707241,v4l2_qbuf,0,VIDEO_OUTPUT_MPLANE
13767.707259,v4l2_qbuf,5,VIDEO_CAPTURE_MPLANE
13767.710255,v4l2_dqbuf,5,VIDEO_CAPTURE_MPLANE
13767.710335,v4l2_dqbuf,0,VIDEO_OUTPUT_MPLANE
13767.723899,v4l2_qbuf,0,VIDEO_OUTPUT_MPLANE
13767.723935,v4l2_qbuf,3,VIDEO_CAPTURE_MPLANE
13767.726374,v4l2_dqbuf,3,VIDEO_CAPTURE_MPLANE
13767.726397,v4l2_dqbuf,0,VIDEO_OUTPUT_MPLANE
13767.740364,v4l2_qbuf,0,VIDEO_OUTPUT_MPLANE
13767.740384,v4l2_qbuf,2,VIDEO_CAPTURE_MPLANE
13767.743614,v4l2_dqbuf,2,VIDEO_CAPTURE_MPLANE
13767.743761,v4l2_dqbuf,0,VIDEO_OUTPUT_MPLANE
13767.757166,v4l2_qbuf,0,VIDEO_OUTPUT_MPLANE
13767.757188,v4l2_qbuf,1,VIDEO_CAPTURE_MPLANE
13767.760385,v4l2_dqbuf,1,VIDEO_CAPTURE_MPLANE
13767.760469,v4l2_dqbuf,0,VIDEO_OUTPUT_MPLANE
13767.774240,v4l2_qbuf,0,VIDEO_OUTPUT_MPLANE
13767.774288,v4l2_qbuf,0,VIDEO_CAPTURE_MPLANE
13767.777436,v4l2_dqbuf,0,VIDEO_CAPTURE_MPLANE
13767.777615,v4l2_dqbuf,0,VIDEO_OUTPUT_MPLANE
13767.790549,v4l2_qbuf,0,VIDEO_OUTPUT_MPLANE
13767.790571,v4l2_qbuf,5,VIDEO_CAPTURE_MPLANE
13767.792891,v4l2_dqbuf,5,VIDEO_CAPTURE_MPLANE
13767.792925,v4l2_dqbuf,0,VIDEO_OUTPUT_MPLANE
13767.807280,v4l2_qbuf,0,VIDEO_OUTPUT_MPLANE
13767.807299,v4l2_qbuf,4,VIDEO_CAPTURE_MPLANE
13767.810518,v4l2_dqbuf,4,VIDEO_CAPTURE_MPLANE
13767.810619,v4l2_dqbuf,0,VIDEO_OUTPUT_MPLANE
13767.824244,v4l2_qbuf,0,VIDEO_OUTPUT_MPLANE
13767.824267,v4l2_qbuf,2,VIDEO_CAPTURE_MPLANE
13767.827542,v4l2_dqbuf,2,VIDEO_CAPTURE_MPLANE
13767.827750,v4l2_dqbuf,0,VIDEO_OUTPUT_MPLANE
13767.840840,v4l2_qbuf,0,VIDEO_OUTPUT_MPLANE
13767.840878,v4l2_qbuf,1,VIDEO_CAPTURE_MPLANE
13767.844117,v4l2_dqbuf,1,VIDEO_CAPTURE_MPLANE
13767.844205,v4l2_dqbuf,0,VIDEO_OUTPUT_MPLANE
13767.857220,v4l2_qbuf,0,VIDEO_OUTPUT_MPLANE
13767.857241,v4l2_qbuf,0,VIDEO_CAPTURE_MPLANE
13767.859612,v4l2_dqbuf,0,VIDEO_CAPTURE_MPLANE
13767.859628,v4l2_dqbuf,0,VIDEO_OUTPUT_MPLANE
13767.874121,v4l2_qbuf,0,VIDEO_OUTPUT_MPLANE
13767.874143,v4l2_qbuf,3,VIDEO_CAPTURE_MPLANE
13767.877403,v4l2_dqbuf,3,VIDEO_CAPTURE_MPLANE
13767.877497,v4l2_dqbuf,0,VIDEO_OUTPUT_MPLANE
13767.890598,v4l2_qbuf,0,VIDEO_OUTPUT_MPLANE
13767.890617,v4l2_qbuf,4,VIDEO_CAPTURE_MPLANE
13767.893970,v4l2_dqbuf,4,VIDEO_CAPTURE_MPLANE
13767.894055,v4l2_dqbuf,0,VIDEO_OUTPUT_MPLANE
13767.907289,v4l2_qbuf,0,VIDEO_OUTPUT_MPLANE
13767.907309,v4l2_qbuf,2,VIDEO_CAPTURE_MPLANE
13767.909390,v4l2_dqbuf,2,VIDEO_CAPTURE_MPLANE
13767.909402,v4l2_dqbuf,0,VIDEO_OUTPUT_MPLANE
13767.923739,v4l2_qbuf,0,VIDEO_OUTPUT_MPLANE
13767.923762,v4l2_qbuf,1,VIDEO_CAPTURE_MPLANE
13767.926894,v4l2_dqbuf,1,VIDEO_CAPTURE_MPLANE
13767.926997,v4l2_dqbuf,0,VIDEO_OUTPUT_MPLANE
13767.940298,v4l2_qbuf,0,VIDEO_OUTPUT_MPLANE
13767.940319,v4l2_qbuf,5,VIDEO_CAPTURE_MPLANE
13767.943632,v4l2_dqbuf,5,VIDEO_CAPTURE_MPLANE
13767.943816,v4l2_dqbuf,0,VIDEO_OUTPUT_MPLANE
13767.957213,v4l2_qbuf,0,VIDEO_OUTPUT_MPLANE
13767.957235,v4l2_qbuf,3,VIDEO_CAPTURE_MPLANE
13767.960568,v4l2_dqbuf,3,VIDEO_CAPTURE_MPLANE
13767.960664,v4l2_dqbuf,0,VIDEO_OUTPUT_MPLANE
13767.974283,v4l2_qbuf,0,VIDEO_OUTPUT_MPLANE
13767.974325,v4l2_qbuf,4,VIDEO_CAPTURE_MPLANE
13767.976646,v4l2_dqbuf,4,VIDEO_CAPTURE_MPLANE
13767.976661,v4l2_dqbuf,0,VIDEO_OUTPUT_MPLANE
13767.990655,v4l2_qbuf,0,VIDEO_OUTPUT_MPLANE
13767.990676,v4l2_qbuf,0,VIDEO_CAPTURE_MPLANE
13767.993824,v4l2_dqbuf,0,VIDEO_CAPTURE_MPLANE
13767.993907,v4l2_dqbuf,0,VIDEO_OUTPUT_MPLANE
13768.007288,v4l2_qbuf,0,VIDEO_OUTPUT_MPLANE
13768.007311,v4l2_qbuf,1,VIDEO_CAPTURE_MPLANE
13768.010457,v4l2_dqbuf,1,VIDEO_CAPTURE_MPLANE
13768.010640,v4l2_dqbuf,0,VIDEO_OUTPUT_MPLANE
13768.024353,v4l2_qbuf,0,VIDEO_OUTPUT_MPLANE
13768.024396,v4l2_qbuf,5,VIDEO_CAPTURE_MPLANE
13768.027418,v4l2_dqbuf,5,VIDEO_CAPTURE_MPLANE
13768.027559,v4l2_dqbuf,0,VIDEO_OUTPUT_MPLANE
13768.040459,v4l2_qbuf,0,VIDEO_OUTPUT_MPLANE
13768.040480,v4l2_qbuf,3,VIDEO_CAPTURE_MPLANE
13768.042791,v4l2_dqbuf,3,VIDEO_CAPTURE_MPLANE
13768.042810,v4l2_dqbuf,0,VIDEO_OUTPUT_MPLANE
13768.057223,v4l2_qbuf,0,VIDEO_OUTPUT_MPLANE
13768.057243,v4l2_qbuf,2,VIDEO_CAPTURE_MPLANE
13768.060565,v4l2_dqbuf,2,VIDEO_CAPTURE_MPLANE
13768.060668,v4l2_dqbuf,0,VIDEO_OUTPUT_MPLANE
13768.073641,v4l2_qbuf,0,VIDEO_OUTPUT_MPLANE
13768.073662,v4l2_qbuf,0,VIDEO_CAPTURE_MPLANE
13768.076883,v4l2_dqbuf,0,VIDEO_CAPTURE_MPLANE
13768.076977,v4l2_dqbuf,0,VIDEO_OUTPUT_MPLANE
13768.090285,v4l2_qbuf,0,VIDEO_OUTPUT_MPLANE
13768.090304,v4l2_qbuf,1,VIDEO_CAPTURE_MPLANE
13768.093514,v4l2_dqbuf,1,VIDEO_CAPTURE_MPLANE
13768.093602,v4l2_dqbuf,0,VIDEO_OUTPUT_MPLANE
13768.107048,v4l2_qbuf,0,VIDEO_OUTPUT_MPLANE
13768.107078,v4l2_qbuf,5,VIDEO_CAPTURE_MPLANE
13768.109266,v4l2_dqbuf,5,VIDEO_CAPTURE_MPLANE
13768.109286,v4l2_dqbuf,0,VIDEO_OUTPUT_MPLANE
13768.123897,v4l2_qbuf,0,VIDEO_OUTPUT_MPLANE
13768.123914,v4l2_qbuf,4,VIDEO_CAPTURE_MPLANE
13768.127180,v4l2_dqbuf,4,VIDEO_CAPTURE_MPLANE
13768.127256,v4l2_dqbuf,0,VIDEO_OUTPUT_MPLANE
13768.142204,v4l2_qbuf,0,VIDEO_OUTPUT_MPLANE
13768.142228,v4l2_qbuf,2,VIDEO_CAPTURE_MPLANE
13768.145482,v4l2_dqbuf,2,VIDEO_CAPTURE_MPLANE
13768.145560,v4l2_dqbuf,0,VIDEO_OUTPUT_MPLANE
13768.156877,v4l2_qbuf,0,VIDEO_OUTPUT_MPLANE
13768.156904,v4l2_qbuf,0,VIDEO_CAPTURE_MPLANE
13768.159322,v4l2_dqbuf,0,VIDEO_CAPTURE_MPLANE
13768.159390,v4l2_dqbuf,0,VIDEO_OUTPUT_MPLANE
13768.173796,v4l2_qbuf,0,VIDEO_OUTPUT_MPLANE
13768.173812,v4l2_qbuf,1,VIDEO_CAPTURE_MPLANE
13768.175736,v4l2_dqbuf,1,VIDEO_CAPTURE_MPLANE
13768.175751,v4l2_dqbuf,0,VIDEO_OUTPUT_MPLANE
13768.190284,v4l2_qbuf,0,VIDEO_OUTPUT_MPLANE
13768.190310,v4l2_qbuf,3,VIDEO_CAPTURE_MPLANE
13768.192664,v4l2_dqbuf,3,VIDEO_CAPTURE_MPLANE
13768.192680,v4l2_dqbuf,0,VIDEO_OUTPUT_MPLANE
13768.207055,v4l2_qbuf,0,VIDEO_OUTPUT_MPLANE
13768.207087,v4l2_qbuf,4,VIDEO_CAPTURE_MPLANE
13768.210426,v4l2_dqbuf,4,VIDEO_CAPTURE_MPLANE
13768.210515,v4l2_dqbuf,0,VIDEO_OUTPUT_MPLANE
13768.223424,v4l2_qbuf,0,VIDEO_OUTPUT_MPLANE
13768.223446,v4l2_qbuf,2,VIDEO_CAPTURE_MPLANE
13768.226618,v4l2_dqbuf,2,VIDEO_CAPTURE_MPLANE
13768.226684,v4l2_dqbuf,0,VIDEO_OUTPUT_MPLANE
13768.240545,v4l2_qbuf,0,VIDEO_OUTPUT_MPLANE
13768.240562,v4l2_qbuf,5,VIDEO_CAPTURE_MPLANE
13768.242825,v4l2_dqbuf,5,VIDEO_CAPTURE_MPLANE
13768.242838,v4l2_dqbuf,0,VIDEO_OUTPUT_MPLANE
13768.257017,v4l2_qbuf,0,VIDEO_OUTPUT_MPLANE
13768.257046,v4l2_qbuf,0,VIDEO_CAPTURE_MPLANE
13768.260266,v4l2_dqbuf,0,VIDEO_CAPTURE_MPLANE
13768.260336,v4l2_dqbuf,0,VIDEO_OUTPUT_MPLANE
13768.273687,v4l2_qbuf,0,VIDEO_OUTPUT_MPLANE
13768.273717,v4l2_qbuf,1,VIDEO_CAPTURE_MPLANE
13768.275834,v4l2_dqbuf,1,VIDEO_CAPTURE_MPLANE
13768.275846,v4l2_dqbuf,0,VIDEO_OUTPUT_MPLANE
13768.290767,v4l2_qbuf,0,VIDEO_OUTPUT_MPLANE
13768.290807,v4l2_qbuf,4,VIDEO_CAPTURE_MPLANE
13768.294043,v4l2_dqbuf,4,VIDEO_CAPTURE_MPLANE
13768.294126,v4l2_dqbuf,0,VIDEO_OUTPUT_MPLANE
13768.306930,v4l2_qbuf,0,VIDEO_OUTPUT_MPLANE
13768.306946,v4l2_qbuf,2,VIDEO_CAPTURE_MPLANE
13768.310106,v4l2_dqbuf,2,VIDEO_CAPTURE_MPLANE
13768.310180,v4l2_dqbuf,0,VIDEO_OUTPUT_MPLANE
13768.323424,v4l2_qbuf,0,VIDEO_OUTPUT_MPLANE
13768.323439,v4l2_qbuf,3,VIDEO_CAPTURE_MPLANE
13768.325594,v4l2_dqbuf,3,VIDEO_CAPTURE_MPLANE
13768.325606,v4l2_dqbuf,0,VIDEO_OUTPUT_MPLANE
13768.340257,v4l2_qbuf,0,VIDEO_OUTPUT_MPLANE
13768.340285,v4l2_qbuf,0,VIDEO_CAPTURE_MPLANE
13768.343550,v4l2_dqbuf,0,VIDEO_CAPTURE_MPLANE
13768.343803,v4l2_dqbuf,0,VIDEO_OUTPUT_MPLANE
13768.356888,v4l2_qbuf,0,VIDEO_OUTPUT_MPLANE
13768.356904,v4l2_qbuf,5,VIDEO_CAPTURE_MPLANE
13768.360024,v4l2_dqbuf,5,VIDEO_CAPTURE_MPLANE
13768.360206,v4l2_dqbuf,0,VIDEO_OUTPUT_MPLANE
13768.374661,v4l2_qbuf,0,VIDEO_OUTPUT_MPLANE
13768.374676,v4l2_qbuf,4,VIDEO_CAPTURE_MPLANE
13768.377810,v4l2_dqbuf,4,VIDEO_CAPTURE_MPLANE
13768.377917,v4l2_dqbuf,0,VIDEO_OUTPUT_MPLANE
13768.390117,v4l2_qbuf,0,VIDEO_OUTPUT_MPLANE
13768.390133,v4l2_qbuf,2,VIDEO_CAPTURE_MPLANE
13768.392294,v4l2_dqbuf,2,VIDEO_CAPTURE_MPLANE
13768.392308,v4l2_dqbuf,0,VIDEO_OUTPUT_MPLANE
13768.407305,v4l2_qbuf,0,VIDEO_OUTPUT_MPLANE
13768.407334,v4l2_qbuf,1,VIDEO_CAPTURE_MPLANE
13768.410453,v4l2_dqbuf,1,VIDEO_CAPTURE_MPLANE
13768.410575,v4l2_dqbuf,0,VIDEO_OUTPUT_MPLANE
13768.423576,v4l2_qbuf,0,VIDEO_OUTPUT_MPLANE
13768.423593,v4l2_qbuf,0,VIDEO_CAPTURE_MPLANE
13768.426692,v4l2_dqbuf,0,VIDEO_CAPTURE_MPLANE
13768.426768,v4l2_dqbuf,0,VIDEO_OUTPUT_MPLANE
13768.441753,v4l2_qbuf,0,VIDEO_OUTPUT_MPLANE
13768.441787,v4l2_qbuf,5,VIDEO_CAPTURE_MPLANE
13768.445230,v4l2_dqbuf,5,VIDEO_CAPTURE_MPLANE
13768.445321,v4l2_dqbuf,0,VIDEO_OUTPUT_MPLANE
13768.457026,v4l2_qbuf,0,VIDEO_OUTPUT_MPLANE
13768.457059,v4l2_qbuf,4,VIDEO_CAPTURE_MPLANE
13768.459418,v4l2_dqbuf,4,VIDEO_CAPTURE_MPLANE
13768.459451,v4l2_dqbuf,0,VIDEO_OUTPUT_MPLANE
13768.473886,v4l2_qbuf,0,VIDEO_OUTPUT_MPLANE
13768.473925,v4l2_qbuf,3,VIDEO_CAPTURE_MPLANE
13768.477294,v4l2_dqbuf,3,VIDEO_CAPTURE_MPLANE
13768.477447,v4l2_dqbuf,0,VIDEO_OUTPUT_MPLANE
13768.490578,v4l2_qbuf,0,VIDEO_OUTPUT_MPLANE
13768.490613,v4l2_qbuf,1,VIDEO_CAPTURE_MPLANE
13768.492987,v4l2_dqbuf,1,VIDEO_CAPTURE_MPLANE
13768.493022,v4l2_dqbuf,0,VIDEO_OUTPUT_MPLANE
13768.507372,v4l2_qbuf,0,VIDEO_OUTPUT_MPLANE
13768.507408,v4l2_qbuf,0,VIDEO_CAPTURE_MPLANE
13768.510460,v4l2_dqbuf,0,VIDEO_CAPTURE_MPLANE
13768.510526,v4l2_dqbuf,0,VIDEO_OUTPUT_MPLANE
13768.524100,v4l2_qbuf,0,VIDEO_OUTPUT_MPLANE
13768.524138,v4l2_qbuf,5,VIDEO_CAPTURE_MPLANE
13768.527678,v4l2_dqbuf,5,VIDEO_CAPTURE_MPLANE
13768.527919,v4l2_dqbuf,0,VIDEO_OUTPUT_MPLANE
13768.540812,v4l2_qbuf,0,VIDEO_OUTPUT_MPLANE
13768.540854,v4l2_qbuf,2,VIDEO_CAPTURE_MPLANE
13768.544044,v4l2_dqbuf,2,VIDEO_CAPTURE_MPLANE
13768.544199,v4l2_dqbuf,0,VIDEO_OUTPUT_MPLANE
13768.557109,v4l2_qbuf,0,VIDEO_OUTPUT_MPLANE
13768.557132,v4l2_qbuf,3,VIDEO_CAPTURE_MPLANE
13768.559492,v4l2_dqbuf,3,VIDEO_CAPTURE_MPLANE
13768.559510,v4l2_dqbuf,0,VIDEO_OUTPUT_MPLANE
13768.573848,v4l2_qbuf,0,VIDEO_OUTPUT_MPLANE
13768.573877,v4l2_qbuf,4,VIDEO_CAPTURE_MPLANE
13768.577055,v4l2_dqbuf,4,VIDEO_CAPTURE_MPLANE
13768.577151,v4l2_dqbuf,0,VIDEO_OUTPUT_MPLANE
13768.590542,v4l2_qbuf,0,VIDEO_OUTPUT_MPLANE
13768.590565,v4l2_qbuf,0,VIDEO_CAPTURE_MPLANE
13768.593987,v4l2_dqbuf,0,VIDEO_CAPTURE_MPLANE
13768.594085,v4l2_dqbuf,0,VIDEO_OUTPUT_MPLANE
13768.606963,v4l2_qbuf,0,VIDEO_OUTPUT_MPLANE
13768.606986,v4l2_qbuf,5,VIDEO_CAPTURE_MPLANE
13768.610403,v4l2_dqbuf,5,VIDEO_CAPTURE_MPLANE
13768.610502,v4l2_dqbuf,0,VIDEO_OUTPUT_MPLANE
13768.624062,v4l2_qbuf,0,VIDEO_OUTPUT_MPLANE
13768.624085,v4l2_qbuf,2,VIDEO_CAPTURE_MPLANE
13768.626302,v4l2_dqbuf,2,VIDEO_CAPTURE_MPLANE
13768.626319,v4l2_dqbuf,0,VIDEO_OUTPUT_MPLANE
13768.640581,v4l2_qbuf,0,VIDEO_OUTPUT_MPLANE
13768.640604,v4l2_qbuf,1,VIDEO_CAPTURE_MPLANE
13768.643603,v4l2_dqbuf,1,VIDEO_CAPTURE_MPLANE
13768.643685,v4l2_dqbuf,0,VIDEO_OUTPUT_MPLANE
13768.657122,v4l2_qbuf,0,VIDEO_OUTPUT_MPLANE
13768.657144,v4l2_qbuf,4,VIDEO_CAPTURE_MPLANE
13768.660268,v4l2_dqbuf,4,VIDEO_CAPTURE_MPLANE
13768.660349,v4l2_dqbuf,0,VIDEO_OUTPUT_MPLANE
13768.673487,v4l2_qbuf,0,VIDEO_OUTPUT_MPLANE
13768.673510,v4l2_qbuf,0,VIDEO_CAPTURE_MPLANE
13768.676611,v4l2_dqbuf,0,VIDEO_CAPTURE_MPLANE
13768.676723,v4l2_dqbuf,0,VIDEO_OUTPUT_MPLANE
13768.690927,v4l2_qbuf,0,VIDEO_OUTPUT_MPLANE
13768.690949,v4l2_qbuf,5,VIDEO_CAPTURE_MPLANE
13768.693270,v4l2_dqbuf,5,VIDEO_CAPTURE_MPLANE
13768.693298,v4l2_dqbuf,0,VIDEO_OUTPUT_MPLANE
13768.707752,v4l2_qbuf,0,VIDEO_OUTPUT_MPLANE
13768.707794,v4l2_qbuf,3,VIDEO_CAPTURE_MPLANE
13768.711144,v4l2_dqbuf,3,VIDEO_CAPTURE_MPLANE
13768.711232,v4l2_dqbuf,0,VIDEO_OUTPUT_MPLANE
13768.723762,v4l2_qbuf,0,VIDEO_OUTPUT_MPLANE
13768.723783,v4l2_qbuf,1,VIDEO_CAPTURE_MPLANE
13768.727038,v4l2_dqbuf,1,VIDEO_CAPTURE_MPLANE
13768.727131,v4l2_dqbuf,0,VIDEO_OUTPUT_MPLANE
13768.740233,v4l2_qbuf,0,VIDEO_OUTPUT_MPLANE
13768.740256,v4l2_qbuf,4,VIDEO_CAPTURE_MPLANE
13768.743301,v4l2_dqbuf,4,VIDEO_CAPTURE_MPLANE
13768.743383,v4l2_dqbuf,0,VIDEO_OUTPUT_MPLANE
13768.757150,v4l2_qbuf,0,VIDEO_OUTPUT_MPLANE
13768.757183,v4l2_qbuf,0,VIDEO_CAPTURE_MPLANE
13768.759559,v4l2_dqbuf,0,VIDEO_CAPTURE_MPLANE
13768.759592,v4l2_dqbuf,0,VIDEO_OUTPUT_MPLANE
13768.774452,v4l2_qbuf,0,VIDEO_OUTPUT_MPLANE
13768.774517,v4l2_qbuf,2,VIDEO_CAPTURE_MPLANE
13768.777701,v4l2_dqbuf,2,VIDEO_CAPTURE_MPLANE
13768.777849,v4l2_dqbuf,0,VIDEO_OUTPUT_MPLANE
13768.790089,v4l2_qbuf,0,VIDEO_OUTPUT_MPLANE
13768.790106,v4l2_qbuf,3,VIDEO_CAPTURE_MPLANE
13768.793249,v4l2_dqbuf,3,VIDEO_CAPTURE_MPLANE
13768.793338,v4l2_dqbuf,0,VIDEO_OUTPUT_MPLANE
13768.807279,v4l2_qbuf,0,VIDEO_OUTPUT_MPLANE
13768.807305,v4l2_qbuf,1,VIDEO_CAPTURE_MPLANE
13768.810593,v4l2_dqbuf,1,VIDEO_CAPTURE_MPLANE
13768.810682,v4l2_dqbuf,0,VIDEO_OUTPUT_MPLANE
13768.823942,v4l2_qbuf,0,VIDEO_OUTPUT_MPLANE
13768.823963,v4l2_qbuf,4,VIDEO_CAPTURE_MPLANE
13768.826382,v4l2_dqbuf,4,VIDEO_CAPTURE_MPLANE
13768.826398,v4l2_dqbuf,0,VIDEO_OUTPUT_MPLANE
13768.840640,v4l2_qbuf,0,VIDEO_OUTPUT_MPLANE
13768.840679,v4l2_qbuf,5,VIDEO_CAPTURE_MPLANE
13768.843887,v4l2_dqbuf,5,VIDEO_CAPTURE_MPLANE
13768.843973,v4l2_dqbuf,0,VIDEO_OUTPUT_MPLANE
13768.856870,v4l2_qbuf,0,VIDEO_OUTPUT_MPLANE
13768.856889,v4l2_qbuf,2,VIDEO_CAPTURE_MPLANE
13768.859922,v4l2_dqbuf,2,VIDEO_CAPTURE_MPLANE
13768.860020,v4l2_dqbuf,0,VIDEO_OUTPUT_MPLANE
13768.874483,v4l2_qbuf,0,VIDEO_OUTPUT_MPLANE
13768.874505,v4l2_qbuf,3,VIDEO_CAPTURE_MPLANE
13768.877512,v4l2_dqbuf,3,VIDEO_CAPTURE_MPLANE
13768.877623,v4l2_dqbuf,0,VIDEO_OUTPUT_MPLANE
13768.890220,v4l2_qbuf,0,VIDEO_OUTPUT_MPLANE
13768.890240,v4l2_qbuf,1,VIDEO_CAPTURE_MPLANE
13768.892505,v4l2_dqbuf,1,VIDEO_CAPTURE_MPLANE
13768.892529,v4l2_dqbuf,0,VIDEO_OUTPUT_MPLANE
13768.907351,v4l2_qbuf,0,VIDEO_OUTPUT_MPLANE
13768.907382,v4l2_qbuf,0,VIDEO_CAPTURE_MPLANE
13768.910622,v4l2_dqbuf,0,VIDEO_CAPTURE_MPLANE
13768.910788,v4l2_dqbuf,0,VIDEO_OUTPUT_MPLANE
13768.923733,v4l2_qbuf,0,VIDEO_OUTPUT_MPLANE
13768.923751,v4l2_qbuf,5,VIDEO_CAPTURE_MPLANE
13768.926889,v4l2_dqbuf,5,VIDEO_CAPTURE_MPLANE
13768.927045,v4l2_dqbuf,0,VIDEO_OUTPUT_MPLANE
13768.940532,v4l2_qbuf,0,VIDEO_OUTPUT_MPLANE
13768.940559,v4l2_qbuf,2,VIDEO_CAPTURE_MPLANE
13768.943789,v4l2_dqbuf,2,VIDEO_CAPTURE_MPLANE
13768.943910,v4l2_dqbuf,0,VIDEO_OUTPUT_MPLANE
13768.957287,v4l2_qbuf,0,VIDEO_OUTPUT_MPLANE
13768.957315,v4l2_qbuf,3,VIDEO_CAPTURE_MPLANE
13768.959629,v4l2_dqbuf,3,VIDEO_CAPTURE_MPLANE
13768.959642,v4l2_dqbuf,0,VIDEO_OUTPUT_MPLANE
13768.973893,v4l2_qbuf,0,VIDEO_OUTPUT_MPLANE
13768.973914,v4l2_qbuf,4,VIDEO_CAPTURE_MPLANE
13768.977190,v4l2_dqbuf,4,VIDEO_CAPTURE_MPLANE
13768.977265,v4l2_dqbuf,0,VIDEO_OUTPUT_MPLANE
13768.992221,v4l2_qbuf,0,VIDEO_OUTPUT_MPLANE
13768.992240,v4l2_qbuf,0,VIDEO_CAPTURE_MPLANE
13768.995512,v4l2_dqbuf,0,VIDEO_CAPTURE_MPLANE
13768.995615,v4l2_dqbuf,0,VIDEO_OUTPUT_MPLANE
13769.008892,v4l2_qbuf,0,VIDEO_OUTPUT_MPLANE
13769.008915,v4l2_qbuf,5,VIDEO_CAPTURE_MPLANE
13769.012121,v4l2_dqbuf,5,VIDEO_CAPTURE_MPLANE
13769.012217,v4l2_dqbuf,0,VIDEO_OUTPUT_MPLANE
13769.027566,v4l2_qbuf,0,VIDEO_OUTPUT_MPLANE
13769.027596,v4l2_qbuf,2,VIDEO_CAPTURE_MPLANE
13769.029949,v4l2_dqbuf,2,VIDEO_CAPTURE_MPLANE
13769.029983,v4l2_dqbuf,0,VIDEO_OUTPUT_MPLANE
13769.042470,v4l2_qbuf,0,VIDEO_OUTPUT_MPLANE
13769.042506,v4l2_qbuf,1,VIDEO_CAPTURE_MPLANE
13769.045729,v4l2_dqbuf,1,VIDEO_CAPTURE_MPLANE
13769.045864,v4l2_dqbuf,0,VIDEO_OUTPUT_MPLANE
13769.062419,v4l2_qbuf,0,VIDEO_OUTPUT_MPLANE
13769.062441,v4l2_qbuf,4,VIDEO_CAPTURE_MPLANE
13769.065864,v4l2_dqbuf,4,VIDEO_CAPTURE_MPLANE
13769.065972,v4l2_dqbuf,0,VIDEO_OUTPUT_MPLANE
13769.075605,v4l2_qbuf,0,VIDEO_OUTPUT_MPLANE
13769.075627,v4l2_qbuf,0,VIDEO_CAPTURE_MPLANE
13769.078919,v4l2_dqbuf,0,VIDEO_CAPTURE_MPLANE
13769.079119,v4l2_dqbuf,0,VIDEO_OUTPUT_MPLANE
13769.092120,v4l2_qbuf,0,VIDEO_OUTPUT_MPLANE
13769.092141,v4l2_qbuf,5,VIDEO_CAPTURE_MPLANE
13769.094406,v4l2_dqbuf,5,VIDEO_CAPTURE_MPLANE
13769.094421,v4l2_dqbuf,0,VIDEO_OUTPUT_MPLANE
13769.109031,v4l2_qbuf,0,VIDEO_OUTPUT_MPLANE
13769.109085,v4l2_qbuf,3,VIDEO_CAPTURE_MPLANE
13769.112463,v4l2_dqbuf,3,VIDEO_CAPTURE_MPLANE
13769.112615,v4l2_dqbuf,0,VIDEO_OUTPUT_MPLANE
13769.125269,v4l2_qbuf,0,VIDEO_OUTPUT_MPLANE
13769.125292,v4l2_qbuf,1,VIDEO_CAPTURE_MPLANE
13769.128524,v4l2_dqbuf,1,VIDEO_CAPTURE_MPLANE
13769.128622,v4l2_dqbuf,0,VIDEO_OUTPUT_MPLANE
13769.142568,v4l2_qbuf,0,VIDEO_OUTPUT_MPLANE
13769.142609,v4l2_qbuf,4,VIDEO_CAPTURE_MPLANE
13769.145993,v4l2_dqbuf,4,VIDEO_CAPTURE_MPLANE
13769.146148,v4l2_dqbuf,0,VIDEO_OUTPUT_MPLANE
13769.159557,v4l2_qbuf,0,VIDEO_OUTPUT_MPLANE
13769.159601,v4l2_qbuf,0,VIDEO_CAPTURE_MPLANE
13769.162068,v4l2_dqbuf,0,VIDEO_CAPTURE_MPLANE
13769.162242,v4l2_dqbuf,0,VIDEO_OUTPUT_MPLANE
